ts,rss_kb,cg_mem_bytes,Innodb_buffer_pool_wait_free,Innodb_log_waits,Innodb_os_log_pending_fsyncs,Innodb_data_pending_reads,Innodb_data_pending_writes,Innodb_row_lock_waits,Innodb_row_lock_time,Innodb_buffer_pool_pages_dirty,Innodb_buffer_pool_read_requests,Innodb_buffer_pool_reads,Innodb_data_reads,Innodb_data_writes,Innodb_dblwr_writes
1790928928,1471376,1547931648,0,0,,0,0,0,0,0,278,147,158,0,0
1790928929,1494292,1577738240,0,0,,0,0,0,0,128,3282,935,1021,0,0
1790928930,1673916,1763270656,0,0,,3,0,0,0,2926,58050,10823,10909,0,0
1790928931,2036032,2134818816,0,0,,4,0,0,0,5280,191672,31494,31577,4029,29
1790928932,2579996,2693394432,0,0,,5,0,0,0,10238,410502,63794,63875,8057,57
1790928933,3320600,3454627840,0,0,,5,0,0,0,17504,720638,107899,107978,12086,86
1790928934,4208960,4365668352,0,0,,11,0,0,0,29048,1103472,161305,161382,16115,115
1790928935,5272948,5458030592,0,0,,12,0,0,0,41128,1592988,225204,225289,20144,144
1790928936,6491408,6708142080,0,0,,13,0,0,0,59269,2199046,298414,298492,24173,173
1790928937,7846100,8098762752,0,0,,11,0,0,0,80058,2901288,380411,380491,28202,202
1790928938,9352680,9643548672,0,0,,11,0,0,0,101577,3684538,471383,471457,32231,231
1790928939,10943564,11274407936,0,0,,17,0,0,0,130958,4591283,567920,567992,36260,260
1790928940,12631436,13005262848,0,0,,19,0,0,0,157330,5566013,670866,670939,40717,292
1790928941,14403048,14822195200,0,0,,20,0,0,0,187359,6626712,778362,778438,46307,332
1790928942,16228964,16697606144,0,0,,18,0,0,0,215837,7745118,887637,887704,52376,376
1790928943,18085068,18600902656,0,0,,17,0,0,0,249885,8973173,1001028,1001096,56405,405
1790928944,19979428,20543954944,0,0,,21,0,0,0,285240,10213283,1114657,1114725,60434,434
1790928945,21881160,22494625792,0,0,,22,0,0,0,321522,11532285,1229797,1229867,64463,463
1790928946,23762492,24422973440,0,0,,19,0,0,0,358474,12874667,1345618,1345696,68492,492
1790928948,25570944,26278600704,0,0,,18,0,0,0,392378,14276524,1455556,1455626,72521,521
1790928949,27280796,28031942656,0,0,,18,0,0,0,429355,15733832,1559679,1559748,76550,550
1790928950,28928628,29721341952,0,0,,22,0,0,0,466398,17193834,1659688,1659758,80579,579
1790928951,30452800,31284064256,0,0,,15,0,0,0,488215,18575436,1752728,1752800,96411,692
1790928952,31919520,32788111360,0,0,,23,0,0,0,509514,20009158,1842094,1842163,112899,810
1790928953,33338644,34243563520,0,0,,22,0,0,0,531229,21467383,1928382,1928451,130038,932
1790928954,34723900,35664285696,0,0,,16,0,0,0,562243,22952884,2012897,2012969,147814,1059
1790928955,36055660,37030051840,0,0,,10,0,0,0,591330,24436209,2093942,2094020,166543,1193
1790928956,37393952,38403215360,0,0,,20,0,0,0,593440,25975763,2175080,2175149,186160,1333
1790928957,38671352,39712862208,0,0,,14,0,0,0,614917,27495109,2253094,2253170,205792,1473
1790928958,39914500,40986890240,0,0,,19,0,0,0,634643,29065940,2328737,2328811,225935,1616
1790928959,41126852,42230259712,0,0,,17,0,0,0,655133,30670265,2402379,2402453,246079,1760
1790928960,42292616,43424305152,0,0,,13,0,0,0,675727,32275428,2473422,2473506,266222,1903
1790928961,43472236,44635402240,0,0,,17,0,0,0,695885,33890824,2545247,2545321,286366,2047
1790928962,44613468,45804793856,0,0,,14,0,0,0,716469,35534739,2614645,2614720,306510,2191
1790928963,45755360,46975528960,0,0,,18,0,1,1,737280,37190012,2684480,2684561,326657,2335
1790928964,46841196,48088989696,0,0,,19,0,1,1,758466,38841192,2750743,2750821,348316,2490
1790928965,47907180,49182437376,0,0,,19,0,1,1,779038,40483815,2815703,2815782,371090,2653
1790928966,48929328,50230472704,0,0,,14,0,1,1,799846,42194751,2877912,2877983,393165,2811
1790928967,49964356,51290947584,0,0,,18,0,1,1,820220,43886470,2941373,2941452,415575,2972
1790928968,50991652,52346220544,0,0,,17,0,1,1,840813,45624422,3004148,3004224,437263,3128
1790928969,51992764,53372846080,0,0,,17,0,1,1,861743,47345794,3065804,3065877,459395,3287
1790928971,52970512,54374834176,0,0,,13,0,1,1,883270,49095160,3126035,3126113,481106,3444
1790928972,53932628,55362056192,0,0,,17,0,1,1,904251,50830034,3185272,3185347,503542,3606
1790928973,54876316,56328749056,0,0,,18,0,1,1,924648,52642840,3243083,3243161,524708,3758
1790928974,55800948,57276538880,0,0,,15,0,1,1,945411,54438380,3300080,3300157,547756,3924
1790928975,56706364,58205810688,0,0,,20,0,1,1,967144,56254531,3355926,3356005,567408,4067
1790928976,57635248,59158425600,0,0,,21,0,1,1,967384,58081440,3413066,3413137,588540,4221
1790928977,58550804,60097200128,0,0,,14,0,1,1,986800,59926832,3469725,3469803,608687,4368
1790928978,59430048,60999868416,0,0,,12,0,1,1,1015021,61757911,3523782,3523859,628835,4516
1790928979,60311504,61903302656,0,0,,13,0,1,1,1027966,63584299,3578141,3578205,648982,4663
1790928980,61177188,62791630848,0,0,,18,0,1,1,1047856,65480755,3631737,3631816,669130,4811
1790928981,62038856,63674327040,0,0,,13,0,1,1,1068082,67357856,3685096,3685176,689277,4958
1790928982,62892772,64549416960,0,0,,15,0,1,1,1088416,69275898,3738190,3738272,709425,5106
1790928983,63747428,65426927616,0,0,,16,0,1,1,1108850,71180284,3791158,3791234,729573,5254
1790928984,64585156,66286448640,0,0,,16,0,1,1,1129411,73063200,3842971,3843045,749722,5403
1790928985,65415912,67137327104,0,0,,15,0,2,1,1148688,74978596,3894708,3894787,769870,5551
1790928986,66226564,67966820352,0,0,,15,0,2,1,1168077,76859713,3945288,3945362,790420,5703
1790928987,67048664,68811137024,0,0,,17,0,2,1,1187004,78783066,3996377,3996459,812113,5863
1790928988,67843384,69626220544,0,0,,21,0,2,1,1206401,80707709,4045718,4045802,833694,6020
1790928989,68133868,69920256000,285,0,,14,0,2,1,1226358,82637093,4096070,4096155,850741,6174
1790928990,68135068,69921951744,285,0,,15,0,2,1,1268929,84716023,4149145,4149227,857609,6267
1790928991,68133792,69920116736,285,0,,14,0,2,1,1290487,86750798,4200683,4200759,871067,6398
1790928993,68132692,69919006720,285,0,,14,0,2,1,1309969,88706231,4251056,4251141,892361,6574
1790928994,68134084,69920169984,285,0,,17,0,2,1,1327941,90691540,4299429,4299506,916516,6769
1790928995,68133292,69919592448,285,0,,12,0,2,1,1348174,92732872,4351640,4351720,931671,6910
1790928996,68132160,69917917184,285,0,,15,0,2,1,1390130,94899678,4406151,4406229,931784,6962
1790928997,68133112,69919174656,285,0,,18,0,2,1,1431309,97062666,4461091,4461174,931897,7015
1790928998,68134316,69920923648,285,0,,11,0,2,1,1448372,99099641,4511872,4511946,952097,7186
1790928999,68135224,69921849344,285,0,,15,0,2,1,1489195,101241584,4566890,4566970,952206,7237
1790929000,68136300,69922889728,285,0,,17,0,2,1,1518875,103256947,4618447,4618524,971782,7412
1790929001,68137348,69923258368,9771,0,,11,0,2,1,1505067,104534780,4651207,4651287,1008745,7696
1790929002,68136128,69921992704,16861,0,,10,0,2,1,1492389,106067437,4691563,4691644,1050210,8007
1790929003,68135212,69921832960,16861,0,,12,0,2,1,1502559,108042767,4739446,4739526,1077365,8219
1790929004,68153652,69941026816,16861,0,,10,0,2,1,1509619,110011924,4788942,4789020,1100226,8397
1790929005,68154004,69940596736,16861,0,,13,0,2,1,1522374,111936185,4837178,4837256,1129933,8628
1790929006,68152076,69938880512,16861,0,,14,0,2,1,1530070,113861394,4885941,4886020,1157993,8847
1790929007,68152972,69940088832,16861,0,,17,0,2,1,1536609,115858908,4934995,4935075,1181060,9027
1790929008,68150472,69936984064,16861,0,,13,0,2,1,1547524,117770708,4983951,4984036,1211874,9267
1790929009,68151408,69938290688,16861,0,,13,0,2,1,1553881,119694345,5032386,5032467,1238772,9477
1790929010,68152588,69939417088,16861,0,,14,0,2,1,1560904,121656700,5082175,5082257,1264271,9676
1790929011,68151612,69938434048,16861,0,,12,0,2,1,1572029,123603571,5130132,5130211,1294383,9910
1790929012,68153784,69940674560,16861,0,,17,0,3,1,1574344,125608697,5179340,5179412,1319400,10105
1790929013,68152620,69938941952,16861,0,,21,0,3,1,1584926,127559311,5227735,5227815,1347194,10322
1790929015,68154016,69940899840,16861,0,,14,0,3,1,1593991,129507526,5275632,5275710,1377558,10558
1790929016,68155424,69943119872,16861,0,,11,0,3,1,1596889,131461431,5325603,5325686,1401434,10744
1790929017,68155960,69942128640,16861,0,,16,0,3,1,1607214,133441215,5373122,5373206,1431293,10977
1790929018,68153264,69940203520,16861,0,,10,0,3,1,1610471,135395367,5421359,5421437,1460689,11210
1790929019,68154156,69941305344,16861,0,,19,0,4,1,1616032,137358689,5469511,5469586,1486829,11418
1790929020,68153796,69940690944,16861,0,,15,0,4,1,1623074,139295650,5517318,5517395,1518229,11662
1790929021,68153720,69941108736,16861,0,,16,0,5,6,1625950,141227474,5566047,5566127,1542937,11856
1790929022,68154732,69941895168,16861,0,,17,0,5,6,1633875,143120208,5613809,5613893,1575163,12106
1790929023,68155320,69942276096,16861,0,,17,0,5,6,1636739,145117222,5661762,5661838,1601802,12314
1790929024,68155232,69941620736,16861,0,,14,0,5,6,1643216,147068065,5710306,5710389,1630087,12534
1790929025,68153184,69939793920,16861,0,,11,0,5,6,1651455,148993989,5757871,5757952,1661444,12778
1790929026,68155124,69942538240,20476,0,,0,0,5,6,1651794,150881081,5804662,5804749,1692053,13010
1790929027,68154492,69942169600,22999,0,,10,0,5,6,1637774,152358941,5841922,5842002,1732592,13315
1790929028,68154552,69941452800,28466,0,,15,0,5,6,1623004,153871103,5879288,5879365,1773621,13624
1790929029,68153760,69940862976,33118,0,,12,0,5,6,1609388,155357383,5916055,5916139,1814954,13936
1790929030,68153792,69940166656,42123,0,,12,0,5,6,1596119,156857150,5953209,5953291,1856729,14250
1790929031,68153824,69941485568,50501,0,,10,0,5,6,1582080,158372869,5990473,5990554,1897367,14557
1790929032,68154612,69941788672,58855,0,,17,0,5,6,1569458,159831453,6026553,6026633,1938367,14868
1790929033,68155296,69942771712,59764,0,,10,0,5,6,1556910,161400454,6064896,6064976,1975565,15154
1790929034,68155748,69942939648,59764,0,,16,0,5,6,1574034,163452046,6114651,6114726,1996425,15335
1790929036,68154156,69941055488,59764,0,,16,0,5,6,1586784,165468393,6164731,6164806,2014860,15500
1790929037,68152872,69940002816,59764,0,,14,0,5,6,1603480,167489363,6214324,6214407,2035746,15680
1790929038,68152332,69938909184,59764,0,,12,0,5,6,1623861,169446062,6262981,6263058,2059744,15880
1790929039,68152836,69939437568,59764,0,,9,0,5,6,1637104,171423581,6313169,6313248,2079817,16057
1790929040,68152336,69940244480,59764,0,,15,0,5,6,1651706,173433352,6363097,6363179,2100251,16236
1790929041,68154204,69940350976,59764,0,,13,0,5,6,1667186,175422448,6412423,6412500,2122254,16425
1790929042,68155460,69942648832,59764,0,,14,0,5,6,1678839,177387936,6462704,6462787,2140872,16592
1790929043,68153460,69940121600,59764,0,,16,0,5,6,1692789,179369704,6512455,6512534,2162133,16777
1790929044,68153084,69939712000,59764,0,,17,0,5,6,1705745,181396501,6560741,6560824,2184788,16972
1790929045,68153504,69939875840,60560,0,,0,0,5,6,1718962,183289717,6608587,6608674,2217688,17231
1790929046,68154672,69941374976,61429,0,,14,0,5,6,1715251,185010242,6652260,6652342,2247115,17469
1790929047,68155416,69942378496,61429,0,,8,0,5,6,1732881,186995216,6700626,6700707,2270650,17667
1790929048,68156136,69943656448,61429,0,,15,0,5,6,1740843,188967303,6748886,6748940,2293245,17855
1790929049,68158060,69945368576,62430,0,,12,0,5,6,1730461,190586608,6787735,6787811,2322921,18090
1790929050,68158004,69944770560,62430,0,,14,0,5,6,1743803,192572320,6837427,6837511,2343725,18272
1790929051,68158804,69945782272,62430,0,,10,0,6,6,1764964,194559500,6885398,6885477,2370555,18492
1790929052,68160012,69947580416,62430,0,,16,0,6,6,1774981,196589713,6935120,6935204,2387961,18651
1790929054,68159860,69947432960,62430,0,,17,0,6,6,1789485,198623744,6984572,6984650,2410266,18842
1790929055,68159192,69946503168,62430,0,,9,0,6,6,1797638,200650488,7034841,7034893,2428029,19005
1790929056,68158116,69944844288,62430,0,,16,0,6,6,1811071,202684990,7083521,7083597,2450923,19200
1790929057,68157388,69945090048,62430,0,,17,0,6,6,1829206,204659147,7132478,7132557,2475288,19405
1790929058,68157112,69943857152,62430,0,,15,0,6,6,1837646,206681097,7181309,7181394,2495489,19584
1790929059,68157280,69943492608,62430,0,,18,0,6,6,1856164,208667592,7229278,7229357,2521404,19799
1790929060,68154716,69941067776,65183,0,,14,0,6,6,1839478,210286262,7267607,7267690,2554755,20052
1790929061,68154116,69941272576,65183,0,,13,0,6,6,1852755,212299144,7316114,7316161,2577875,20250
1790929062,68155924,69942611968,65183,0,,16,0,6,6,1865265,214272978,7364425,7364505,2601253,20448
1790929063,68152268,69939687424,65183,0,,15,0,6,6,1873690,216299390,7412786,7412869,2621577,20625
1790929064,68153220,69940105216,65183,0,,13,0,6,6,1884422,218287660,7461726,7461805,2640658,20795
1790929065,68154480,69941133312,65183,0,,6,0,6,6,1895063,220317690,7511167,7511230,2660369,20964
1790929066,68154872,69941739520,67822,0,,13,0,6,6,1893992,221630219,7542718,7542771,2692611,21214
1790929067,68156600,69943291904,67822,0,,15,0,6,6,1909103,223644726,7591439,7591520,2714064,21399
1790929068,68155748,69943181312,70578,0,,16,0,6,6,1908210,224995844,7624872,7624947,2745767,21644
1790929069,68155272,69942476800,70578,0,,15,0,6,6,1904672,227005161,7673175,7673256,2768422,21836
1790929070,68153508,69940670464,70578,0,,17,0,6,6,1915433,229005687,7722928,7723009,2785503,21991
1790929071,68153840,69941002240,70578,0,,17,0,6,6,1932023,230995734,7771811,7771893,2807153,22173
1790929072,68153856,69941202944,70578,0,,17,0,6,6,1950055,232965335,7820462,7820539,2830964,22368
1790929073,68156180,69942890496,70578,0,,15,0,6,6,1961020,234921471,7869199,7869282,2854245,22558
1790929074,68156356,69943369728,70578,0,,16,0,6,6,1971069,236904665,7917257,7917344,2877088,22747
1790929076,68152764,69939367936,70578,0,,14,0,6,6,1973932,238838674,7967026,7967110,2897287,22923
1790929077,68153684,69941108736,70578,0,,12,0,6,6,1980336,240824499,8015223,8015305,2919149,23108
1790929078,68154828,69941288960,70578,0,,14,0,7,8,1989989,242809681,8062852,8062932,2943782,23310
1790929079,68156928,69944328192,70578,0,,19,0,7,8,2000310,244764578,8110489,8110569,2972093,23536
1790929080,68158384,69945643008,70578,0,,12,0,7,8,2008002,246724959,8157471,8157552,2998577,23752
1790929081,68157564,69944848384,70578,0,,11,0,7,8,2010130,248728810,8206417,8206492,3018796,23929
1790929082,68157128,69944135680,70578,0,,15,0,7,8,2018309,250705831,8254402,8254485,3043075,24131
1790929083,68154904,69942132736,72264,0,,23,0,7,8,2021017,252139645,8288160,8288243,3079344,24406
1790929084,68156428,69943914496,72264,0,,15,0,7,8,2010619,254149619,8335803,8335885,3105385,24621
1790929085,68156228,69943193600,72264,0,,15,0,7,8,2019527,256102468,8383612,8383690,3131852,24838
1790929086,68155360,69942849536,72264,0,,10,0,8,12,2027769,258056999,8431204,8431284,3159005,25061
1790929087,68152960,69940359168,74112,0,,12,0,8,12,2011253,259403206,8463607,8463681,3194310,25331
1790929088,68154600,69940948992,75972,0,,12,0,8,12,1996464,260975103,8501877,8501957,3233417,25627
1790929089,68153088,69939200000,75972,0,,11,0,8,12,2005851,262928122,8549708,8549782,3261540,25845
1790929090,68157260,69944774656,75972,0,,14,0,8,12,2011774,264968445,8597020,8597096,3287343,26044
1790929091,68156148,69942603776,75972,0,,13,0,8,12,2015828,266991535,8645614,8645697,3308275,26206
1790929092,68157512,69944262656,75972,0,,18,0,9,12,2024724,268970509,8693095,8693180,3336578,26427
1790929093,68158836,69945913344,75972,0,,14,0,9,12,2035186,270971278,8739820,8739903,3364448,26651
1790929094,68157940,69945225216,75972,0,,10,0,9,12,2039840,272952419,8786906,8786985,3388207,26851
1790929095,68158088,69944881152,75972,0,,18,0,9,12,2043248,274973275,8834393,8834477,3410077,27035
1790929097,68159032,69945352192,77851,0,,14,0,9,12,2047785,276539290,8871535,8871613,3448907,27335
1790929098,68158988,69945769984,78743,0,,0,0,9,12,2033714,278251473,8912736,8912823,3486732,27623
1790929099,68159696,69945974784,79448,0,,11,0,9,12,2021182,279987678,8954137,8954217,3524150,27908
1790929100,68160184,69947523072,80825,0,,13,0,9,12,2008986,281616755,8993355,8993430,3555673,28148
1790929101,68160008,69946564608,81601,0,,0,0,9,12,2014925,283363458,9035381,9035468,3585445,28375
1790929102,68161636,69948764160,82504,0,,14,0,9,12,2002827,284969428,9073440,9073523,3618198,28625
1790929103,68159380,69946978304,82504,0,,19,0,9,12,2012302,286954437,9121979,9122059,3643647,28822
1790929104,68159348,69946683392,82504,0,,11,0,9,12,2022738,288885978,9169473,9169536,3671309,29036
1790929105,68159076,69946146816,82504,0,,12,0,9,12,2031484,290856406,9217227,9217307,3698330,29246
1790929106,68158756,69945540608,82504,0,,15,0,9,12,2035155,292840010,9264925,9265008,3724179,29443
1790929107,68160000,69946834944,84096,0,,16,0,9,12,2023394,294258485,9299851,9299929,3762624,29737
1790929108,68159012,69946105856,85249,0,,16,0,9,12,2011588,295797219,9336139,9336226,3802258,30036
1790929109,68159604,69946683392,85249,0,,13,0,10,20,2014946,297816915,9384227,9384305,3823873,30204
1790929110,68160716,69948313600,85249,0,,14,0,10,20,2023058,299838219,9431809,9431889,3848234,30396
1790929111,68161180,69948284928,85249,0,,18,0,11,25,2031545,301836044,9478732,9478808,3875993,30619
1790929112,68160180,69946716160,85249,0,,8,0,11,25,2039165,303825229,9525705,9525781,3902877,30829
1790929113,68160404,69946986496,85249,0,,11,0,11,25,2040046,305789301,9573743,9573821,3924885,31004
1790929114,68161032,69947400192,85249,0,,16,0,11,25,2049533,307750422,9621135,9621189,3952386,31221
1790929115,68160708,69947576320,85249,0,,10,0,11,25,2057434,309715950,9668558,9668634,3981273,31445
1790929117,68161440,69948727296,85249,0,,12,0,11,25,2060148,311677916,9716176,9716253,4005572,31635
1790929118,68162196,69949329408,86332,0,,0,0,11,25,2064198,313517257,9759939,9760026,4043763,31925
1790929119,68161764,69949067264,88159,0,,13,0,11,25,2049245,315197667,9799923,9800009,4088229,32263
1790929120,68159520,69947113472,88219,0,,16,0,11,25,2036740,317142090,9846987,9847067,4117184,32495
1790929121,68158640,69945704448,88219,0,,13,0,11,25,2045633,319114907,9893609,9893686,4145175,32725
1790929122,68159448,69946523648,88219,0,,17,0,11,25,2049675,321087892,9941032,9941106,4171252,32941
1790929123,68160824,69947498496,88457,0,,0,0,11,25,2053139,322969266,9986698,9986785,4199013,33165
1790929124,68160172,69946748928,90114,0,,13,0,11,25,2040492,324342575,10019798,10019877,4238233,33465
1790929125,68156860,69944418304,91615,0,,17,0,11,25,2026180,325917750,10057251,10057330,4276186,33757
1790929126,68157048,69943812096,91615,0,,14,0,11,25,2029958,327901915,10104033,10104112,4300682,33957
1790929127,68158160,69944864768,93176,0,,14,0,11,25,2018645,329058460,10131223,10131304,4336484,34230
1790929128,68159540,69946617856,94285,0,,14,0,11,25,2004509,330444068,10164884,10164962,4376085,34533
1790929129,68158084,69945405440,95563,0,,17,0,11,25,1988899,331996304,10200871,10200956,4414690,34827
1790929131,68158196,69945487360,96646,0,,16,0,11,25,1973077,333491365,10236599,10236676,4452069,35112
1790929132,68159648,69946712064,98292,0,,18,0,11,25,1976125,334766732,10266499,10266573,4486727,35376
1790929133,68159404,69945933824,99234,0,,15,0,11,25,1962435,336400482,10306149,10306236,4528432,35696
1790929134,68160112,69947703296,100009,0,,6,0,11,25,1950268,338126606,10346955,10347042,4570776,36021
1790929135,68160020,69946765312,100823,0,,13,0,11,25,1938102,339882828,10388138,10388222,4613288,36348
1790929136,68160700,69947793408,101683,0,,0,0,11,25,1926428,341634236,10429712,10429799,4655525,36673
1790929138,68160644,69947461632,102692,0,,8,0,11,25,1913695,343332396,10470617,10470697,4698000,37000
1790929139,68160368,69947445248,102749,0,,15,0,11,25,1905449,345327010,10517874,10517959,4726490,37223
1790929140,68162172,69948792832,102749,0,,16,0,11,25,1917285,347298636,10564750,10564829,4754054,37437
1790929141,68166780,69953994752,102749,0,,18,0,11,25,1924587,349281048,10611436,10611515,4778528,37628
1790929142,68166584,69953298432,103018,0,,11,0,11,25,1928376,351293409,10658234,10658313,4800749,37801
1790929143,68166580,69953003520,103074,0,,19,0,11,25,1937456,353279048,10704940,10705027,4825634,37995
1790929144,68164972,69951385600,103074,0,,14,0,11,25,1947723,355221792,10752146,10752223,4853977,38215
1790929145,68164820,69952012288,104136,0,,18,0,11,25,1947487,356214591,10775619,10775701,4882533,38434
1790929146,68165364,69952294912,104231,0,,0,0,11,25,1934677,357937884,10816072,10816159,4917524,38705
1790929147,68164952,69952417792,105352,0,,18,0,11,25,1923130,359535694,10854270,10854344,4952841,38978
1790929148,68163608,69950545920,105598,0,,13,0,11,25,1911703,360988795,10888344,10888420,4988352,39252
1790929149,68164240,69951369216,105598,0,,15,0,11,25,1914605,362968040,10936692,10936772,5009131,39417
1790929150,68164200,69951373312,105598,0,,12,0,11,25,1924794,364852313,10981800,10981884,5033964,39620
1790929151,68164892,69952360448,105598,0,,16,0,12,25,1934179,366806625,11028160,11028243,5060471,39834
1790929152,68164096,69951795200,105598,0,,14,0,12,25,1943009,368735038,11075176,11075257,5086748,40044
1790929153,68163916,69951148032,105598,0,,11,0,12,25,1945534,370759693,11122591,11122677,5109346,40220
1790929154,68164524,69952024576,105598,0,,16,0,12,25,1955105,372742805,11169098,11169178,5134540,40416
1790929155,68162732,69950410752,105598,0,,15,0,12,25,1963181,374755884,11215654,11215735,5161408,40625
1790929157,68163692,69951119360,106477,0,,24,0,12,25,1962569,375776151,11239016,11239099,5190036,40843
1790929158,68165200,69952409600,106477,0,,21,0,12,25,1952520,377757825,11286288,11286368,5217615,41058
1790929159,68165428,69951987712,106477,0,,18,0,12,25,1960160,379722705,11333051,11333132,5243828,41262
1790929160,68166324,69953024000,108154,0,,19,0,12,25,1941758,380882527,11360564,11360640,5276784,41512
1790929161,68164772,69952245760,108154,0,,12,0,12,25,1950871,382858349,11406234,11406314,5303039,41728
1790929162,68163000,69950734336,108154,0,,16,0,12,25,1957382,384821979,11453705,11453782,5328474,41933
1790929163,68164320,69951455232,111282,0,,16,0,12,25,1938858,385760035,11475521,11475594,5358465,42163
1790929164,68164700,69951901696,112377,0,,18,0,12,25,1944679,387318505,11512896,11512968,5397922,42463
1790929165,68164904,69951836160,112815,0,,0,0,12,25,1932554,389067814,11554126,11554213,5434170,42742
1790929166,68164836,69952040960,113432,0,,10,0,12,25,1920799,390672326,11592357,11592437,5469699,43015
1790929167,68165120,69952057344,114341,0,,18,0,12,25,1910902,392029900,11625860,11625943,5505918,43295
1790929168,68162076,69949231104,115937,0,,17,0,12,25,1896506,393431370,11659491,11659573,5541844,43570
1790929169,68161752,69948641280,116476,0,,13,0,12,25,1879855,394737120,11691907,11691989,5577168,43841
1790929170,68161760,69948366848,116476,0,,16,0,12,25,1889105,396711998,11738704,11738787,5603101,44054
1790929171,68161772,69948866560,116476,0,,17,0,12,25,1898795,398630777,11785518,11785599,5629287,44268
1790929172,68162532,69949390848,116476,0,,14,0,13,26,1900778,400545638,11831937,11832018,5650207,44447
1790929173,68162948,69950119936,116476,0,,14,0,13,26,1912824,402495289,11878642,11878719,5675191,44650
1790929175,68162844,69950271488,116476,0,,19,0,14,26,1921168,404532124,11925338,11925418,5699869,44850
1790929176,68164460,69950771200,116476,0,,11,0,14,26,1930181,406494513,11971753,11971827,5726204,45062
1790929177,68162956,69950119936,116476,0,,1,0,14,26,1935893,408438327,12017848,12017911,5751081,45265
1790929178,68160360,69947232256,116476,0,,16,0,14,26,1941805,410445644,12064732,12064811,5771787,45442
1790929179,68161928,69949243392,116476,0,,18,0,14,26,1950910,412421522,12112044,12112118,5798155,45653
1790929180,68163612,69951823872,116476,0,,12,0,14,26,1958212,414411299,12159079,12159154,5824511,45863
1790929181,68163768,69950373888,116476,0,,14,0,14,26,1966694,416425595,12205398,12205481,5849998,46068
1790929182,68164360,69951029248,116476,0,,14,0,14,26,1968602,418409187,12252917,12252994,5872143,46255
1790929183,68162032,69949427712,116476,0,,14,0,14,26,1977929,420347473,12298999,12299076,5897221,46457
1790929184,68162096,69949022208,116476,0,,12,0,14,26,1985866,422301670,12345407,12345484,5922588,46663
1790929185,68164300,69951463424,116476,0,,11,0,14,26,1992915,424294581,12390247,12390327,5947634,46864
1790929186,68162624,69950038016,116476,0,,13,0,14,26,1998429,426300159,12435880,12435955,5973236,47071
1790929187,68161720,69949378560,116476,0,,18,0,14,26,2001725,428294053,12482217,12482297,5994213,47249
1790929188,68162460,69949353984,116476,0,,19,0,14,26,2010434,430194909,12528952,12529032,6019974,47458
1790929189,68162316,69949984768,116476,0,,9,0,14,26,2018406,432141176,12574800,12574877,6045775,47666
1790929190,68162396,69949030400,116476,0,,14,0,14,26,2025673,434085352,12620814,12620895,6071157,47871
1790929191,68164128,69951586304,121245,0,,17,0,14,26,2005475,435034432,12643849,12643911,6100471,48101
1790929192,68162988,69950910464,123656,0,,17,0,14,26,2008865,436422963,12677305,12677385,6136900,48380
1790929194,68162404,69949452288,124533,0,,12,0,14,26,1994047,438102275,12717553,12717640,6179035,48704
1790929195,68163064,69949960192,125534,0,,20,0,14,26,1980409,439872569,12759480,12759562,6221489,49030
1790929196,68163436,69950836736,126488,0,,18,0,14,26,1966655,441593724,12800927,12800995,6263877,49356
1790929197,68163760,69951193088,126488,0,,14,0,14,26,1955668,443563548,12847109,12847193,6290550,49575
1790929198,68164208,69951156224,126977,0,,15,0,14,26,1958584,444878138,12878855,12878938,6326388,49853
1790929200,68163656,69951102976,127487,0,,6,0,14,26,1945115,446562646,12920086,12920173,6368771,50178
1790929201,68165516,69952016384,127731,0,,0,0,14,26,1931768,448297017,12961986,12962073,6404314,50452
1790929202,68167448,69954469888,128355,0,,15,0,14,26,1920591,449798593,12997908,12997988,6434046,50683
1790929203,68166660,69954166784,129349,0,,16,0,14,26,1903238,450632715,13017750,13017832,6462360,50898
1790929204,68164364,69951574016,130753,0,,15,0,14,26,1907115,451892105,13047697,13047781,6495978,51154
1790929205,68162812,69949968384,131309,0,,3,0,14,26,1895262,453686341,13091046,13091133,6538253,51479
1790929207,68164280,69952004096,132119,0,,20,0,14,26,1885222,455557135,13135887,13135971,6581013,51814
1790929208,68162512,69949665280,132629,0,,24,0,15,29,1874334,457357850,13178714,13178801,6623376,52139
1790929209,68164132,69951414272,133032,0,,3,0,15,29,1862879,459208396,13221398,13221485,6665720,52464
1790929211,68162348,69949497344,134372,0,,15,0,15,29,1852268,461056478,13264636,13264714,6708203,52790
1790929212,68162460,69950136320,134975,0,,0,0,15,29,1840342,462827217,13307046,13307133,6749887,53109
1790929213,68162908,69950857216,135991,0,,0,0,15,29,1829081,464678927,13350131,13350218,6792268,53434
1790929215,68163312,69949968384,137120,0,,0,0,15,29,1818078,466500966,13392752,13392839,6835206,53764
1790929216,68163240,69950398464,137796,0,,9,0,15,29,1810619,468492972,13440605,13440681,6859229,53951
1790929217,68163120,69950541824,142131,0,,13,0,15,29,1819817,470390113,13484975,13485060,6881451,54124
1790929218,68164992,69952954368,147755,0,,13,0,15,29,1829055,472278547,13529335,13529418,6903675,54297
1790929219,68162440,69949325312,160598,0,,14,0,15,29,1838251,474109831,13573481,13573564,6926043,54472
1790929220,68164496,69952188416,163884,0,,16,0,15,29,1847927,475986279,13619655,13619736,6951218,54667
1790929221,68164744,69952020480,164723,0,,17,0,15,29,1832412,476922532,13640924,13641000,6981325,54897
1790929222,68165972,69952929792,165826,0,,20,0,15,29,1839658,478615302,13679397,13679477,7020787,55199
1790929223,68164488,69950881792,166499,0,,1,0,15,29,1829144,480437740,13722752,13722839,7058730,55489
1790929224,68162188,69949607936,166916,0,,16,0,15,29,1820005,482106216,13762560,13762644,7091388,55740
1790929225,68163968,69950644224,168233,0,,16,0,15,29,1811814,483477112,13794632,13794713,7125162,55998
1790929226,68164080,69951508480,169047,0,,18,0,15,29,1796077,484868906,13827586,13827661,7158300,56250
1790929228,68165120,69951987712,170168,0,,20,0,15,29,1800941,486130373,13857777,13857856,7190278,56493
1790929229,68164588,69951250432,170239,0,,0,0,15,29,1792699,488062582,13903015,13903102,7223736,56750
1790929230,68166296,69953794048,171146,0,,16,0,15,29,1788016,489531167,13937159,13937234,7257652,57011
1790929231,68166512,69953273856,171794,0,,19,0,15,29,1778405,490988711,13971702,13971775,7292108,57274
1790929232,68166036,69954326528,177945,0,,14,0,15,29,1762463,492433430,14005603,14005684,7325163,57527
1790929233,68165936,69954183168,180117,0,,5,0,15,29,1767731,493904106,14038826,14038913,7359689,57792
1790929234,68164924,69952364544,181299,0,,4,0,15,29,1759269,495833534,14084332,14084404,7402080,58118
1790929235,68163244,69950398464,181488,0,,0,0,15,29,1751126,497716080,14130139,14130226,7436700,58385
1790929236,68162512,69950095360,182114,0,,16,0,15,29,1745913,499341044,14168168,14168246,7466716,58627
1790929237,68164132,69951557632,185368,0,,16,0,15,29,1729458,500233174,14189600,14189667,7493985,58841
1790929238,68164004,69950988288,186341,0,,0,0,16,29,1737150,501655776,14222638,14222725,7521083,59050
1790929239,68164948,69951406080,190768,0,,13,0,16,29,1731049,503072249,14255838,14255917,7551219,59282
1790929240,68165584,69952704512,192559,0,,15,0,17,32,1716698,504268465,14283749,14283830,7583640,59528
1790929241,68166352,69953564672,194289,0,,16,0,17,32,1701750,505587049,14315035,14315116,7616583,59778
1790929243,68163340,69950763008,195161,0,,4,0,17,32,1713644,507331376,14357097,14357184,7656445,60083
1790929244,68163240,69950382080,195302,0,,13,0,17,32,1708055,509251307,14402350,14402433,7689728,60340
1790929245,68164428,69951848448,196454,0,,11,0,17,32,1703245,510801822,14439952,14440031,7720971,60581
1790929246,68163228,69950377984,199956,0,,17,0,17,32,1683505,511531805,14456434,14456506,7743703,60753
1790929247,68164228,69951455232,201533,0,,17,0,17,32,1695824,513285135,14497977,14498053,7783553,61059
1790929248,68164896,69951553536,201533,0,,18,0,17,32,1688683,515182060,14542843,14542922,7815482,61306
1790929249,68163156,69950844928,202379,0,,15,0,17,32,1685869,516514638,14574430,14574505,7848647,61563
1790929250,68163284,69950451712,203189,0,,15,0,17,32,1673828,517975814,14609796,14609871,7882034,61818
1790929251,68164084,69950939136,203189,0,,9,0,17,32,1685750,519950599,14657739,14657824,7904110,61990
1790929252,68164852,69952827392,203189,0,,15,0,17,32,1698506,521941493,14705729,14705806,7927927,62175
1790929253,68165544,69953273856,203189,0,,6,0,17,32,1708027,523873771,14752596,14752679,7950940,62356
1790929254,68163012,69950238720,203189,0,,15,0,17,32,1717961,525856804,14799944,14800018,7971123,62525
1790929256,68163156,69950791680,204260,0,,9,0,17,32,1728750,527735677,14844353,14844440,8011510,62838
1790929257,68159888,69947133952,204929,0,,21,0,17,32,1719488,529680037,14889279,14889359,8053718,63164
1790929258,68161292,69947510784,205018,0,,9,0,18,36,1710932,531597515,14934496,14934576,8085304,63409
1790929260,68159696,69946400768,205732,0,,13,0,18,36,1705253,532913705,14965186,14965265,8118409,63664
1790929261,68160712,69946957824,206741,0,,18,0,18,36,1693043,534325462,14998446,14998528,8151618,63920
1790929262,68161824,69949341696,206741,0,,12,0,18,36,1703701,536347981,15045573,15045650,8173448,64090
1790929263,68161856,69948882944,209382,0,,16,0,18,36,1685289,537383420,15070334,15070414,8203663,64322
1790929264,68162692,69949497344,210170,0,,12,0,18,36,1696669,539176075,15113344,15113425,8243544,64628
1790929265,68162400,69950181376,210234,0,,19,0,18,36,1705645,541200882,15160966,15161047,8266992,64811
1790929266,68164016,69950812160,210234,0,,10,0,18,36,1719075,543193366,15208243,15208315,8289214,64984
1790929267,68165452,69953056768,211230,0,,23,0,18,36,1710807,544694726,15244641,15244719,8326124,65267
1790929268,68163400,69950394368,211382,0,,9,0,18,36,1703355,546707272,15292355,15292433,8350584,65458
1790929270,68162876,69950177280,211382,0,,14,0,18,36,1716774,548731865,15339478,15339557,8373968,65640
1790929271,68162776,69949534208,211382,0,,20,0,18,36,1728534,550710276,15387362,15387439,8396733,65818
1790929272,68164216,69952327680,212736,0,,2,0,18,36,1733308,552011584,15418201,15418288,8429046,66064
1790929273,68165744,69952331776,212824,0,,15,0,18,36,1724817,553918769,15463968,15464047,8461746,66317
1790929274,68166944,69953503232,213806,0,,16,0,18,36,1721778,555347658,15497436,15497514,8494743,66572
1790929275,68166480,69953085440,216814,0,,17,0,18,36,1707005,556823769,15533531,15533612,8527932,66826
1790929276,68163816,69950877696,216814,0,,15,0,18,36,1718937,558810956,15580424,15580495,8551574,67012
1790929277,68164120,69951176704,218654,0,,16,0,18,36,1701199,559872166,15605379,15605435,8580439,67233
1790929278,68165940,69953552384,221966,0,,11,0,18,36,1710159,561541341,15644979,15645066,8618826,67527
1790929279,68165340,69953503232,222218,0,,12,0,18,36,1703017,563524906,15692500,15692574,8643757,67722
1790929280,68164628,69951438848,222218,0,,18,0,18,36,1716488,565531547,15739621,15739702,8666879,67902
1790929281,68162912,69949689856,222218,0,,18,0,18,36,1729690,567557492,15785711,15785790,8690413,68094
1790929283,68162676,69949730816,222218,0,,18,0,18,36,1740368,569558893,15832382,15832466,8713645,68286
1790929284,68161960,69948956672,222835,0,,0,0,18,36,1741768,570589888,15856008,15856095,8740931,68502
1790929285,68163272,69950308352,223166,0,,23,0,18,36,1732012,572486792,15900345,15900424,8773682,68757
1790929286,68163836,69951676416,224220,0,,14,0,18,36,1728700,573863120,15932791,15932866,8807665,69020
1790929287,68165620,69952724992,224545,0,,14,0,18,36,1710195,575467968,15969952,15970031,8837850,69258
1790929288,68165608,69952266240,224545,0,,10,0,18,36,1721053,577493433,16017358,16017433,8858291,69434
1790929289,68166552,69954039808,224990,0,,0,0,18,36,1732162,579303031,16061635,16061722,8891933,69694
1790929290,68163428,69950464000,226715,0,,16,0,18,36,1726162,580831630,16097969,16098048,8925319,69953
1790929291,68163308,69950881792,227218,0,,17,0,18,36,1718360,582308734,16133182,16133262,8959595,70216
1790929292,68165832,69952823296,227581,0,,18,0,18,36,1702486,583797250,16169475,16169555,8993006,70475
1790929293,68163012,69950312448,227581,0,,13,0,18,36,1714706,585792983,16217193,16217271,9014290,70657
1790929294,68164252,69951590400,227581,0,,16,0,18,36,1722963,587807303,16264563,16264635,9034697,70832
1790929295,68166032,69953675264,227581,0,,15,0,18,36,1735661,589768826,16311570,16311648,9058223,71025
1790929296,68160660,69947441152,227581,0,,17,0,18,36,1745652,591785137,16357085,16357167,9080229,71209
1790929297,68161404,69948399616,227581,0,,15,0,18,36,1755527,593755580,16403751,16403830,9101743,71388
1790929298,68163172,69949898752,227581,0,,14,0,18,36,1767558,595714381,16449913,16449995,9124779,71579
1790929299,68161116,69947854848,227581,0,,20,0,18,36,1778030,597673463,16496132,16496213,9146177,71759
1790929300,68161552,69949067264,227581,0,,12,0,18,36,1788197,599696341,16541987,16542066,9166220,71930
1790929301,68162632,69949415424,227581,0,,15,0,18,36,1800201,601742687,16588679,16588757,9189236,72119
1790929303,68162820,69950128128,229890,0,,20,0,18,36,1807140,603399251,16628311,16628388,9226733,72411
1790929304,68160676,69947641856,230014,0,,16,0,18,36,1799303,605280963,16673458,16673535,9261604,72681
1790929305,68160620,69947383808,230588,0,,9,0,18,36,1792623,606989326,16712595,16712672,9291312,72911
1790929306,68160248,69946716160,230873,0,,15,0,18,36,1800990,609017906,16759551,16759629,9311469,73068
1790929307,68161252,69948301312,231352,0,,16,0,18,36,1807830,611025573,16806486,16806564,9331629,73226
1790929308,68161124,69947359232,231352,0,,11,0,18,36,1819382,613034117,16853449,16853528,9355137,73412
1790929309,68162772,69950881792,231352,0,,15,0,18,36,1830184,615063933,16899936,16900017,9378326,73598
1790929310,68159488,69946753024,231352,0,,15,0,18,36,1840656,617052222,16947170,16947248,9403021,73791
1790929311,68160980,69948030976,231352,0,,18,0,18,36,1850699,619036361,16992607,16992688,9426965,73977
1790929312,68161056,69948338176,231352,0,,15,0,18,36,1862788,621028872,17039134,17039211,9451383,74178
1790929313,68161880,69949075456,233827,0,,19,0,18,36,1843178,622245745,17068609,17068686,9480161,74405
1790929314,68160748,69947187200,233827,0,,15,0,18,36,1854144,624250174,17115786,17115868,9503918,74591
1790929315,68160368,69947883520,233827,0,,14,0,18,36,1865391,626225024,17163368,17163453,9528633,74784
1790929316,68161332,69948641280,233827,0,,18,0,18,36,1872107,628195917,17212022,17212104,9551717,74963
1790929317,68161212,69947981824,233827,0,,14,0,18,36,1880259,630107745,17259010,17259086,9574157,75138
1790929318,68161896,69948702720,233827,0,,18,0,18,36,1892049,632070001,17304886,17304961,9599378,75342
1790929320,68162260,69949345792,233827,0,,10,0,18,36,1899856,634059725,17351797,17351870,9619571,75517
1790929321,68164132,69950971904,233827,0,,13,0,18,36,1906432,636027388,17399157,17399237,9642215,75708
1790929322,68163380,69950459904,233827,0,,15,0,18,36,1915859,638008664,17445372,17445448,9666718,75911
1790929323,68161556,69948735488,235278,0,,20,0,18,36,1917816,639315158,17476094,17476175,9700273,76170
1790929324,68161520,69948272640,236204,0,,2,0,18,36,1906337,641186966,17520847,17520934,9735943,76445
1790929325,68161168,69948190720,238199,0,,14,0,18,36,1896778,642763932,17557962,17558041,9771225,76718
1790929326,68162016,69948788736,238706,0,,9,0,18,36,1887175,644275022,17594375,17594453,9806510,76988
1790929327,68162232,69949538304,239525,0,,16,0,18,36,1871786,645753170,17628209,17628290,9841067,77252
1790929328,68163596,69950943232,240764,0,,13,0,18,36,1857233,647238300,17663508,17663581,9876769,77527
1790929329,68162672,69950042112,241364,0,,18,0,18,36,1864073,648847388,17701685,17701767,9912138,77798
1790929330,68163136,69949710336,241435,0,,16,0,18,36,1853945,650773322,17746371,17746454,9946456,78063
1790929331,68163744,69950607360,242154,0,,18,0,18,36,1847515,652322485,17781205,17781286,9980904,78330
1790929332,68162332,69949931520,244705,0,,14,0,18,36,1839911,653861638,17817608,17817684,10016689,78604
1790929333,68162228,69949575168,245592,0,,14,0,18,36,1823278,655355030,17854539,17854618,10051657,78872
1790929334,68161440,69948239872,246360,0,,10,0,18,36,1809277,656883533,17889270,17889350,10085766,79133
1790929335,68160972,69948547072,247263,0,,23,0,18,36,1818900,658589171,17930094,17930176,10124058,79426
1790929337,68161744,69948514304,249928,0,,2,0,19,36,1810343,660509395,17975814,17975901,10150904,79634
1790929338,68162996,69950615552,251774,0,,9,0,19,36,1804267,661635210,18001862,18001943,10186744,79908
1790929339,68162804,69950124032,253116,0,,15,0,19,36,1791921,663178034,18038657,18038733,10222132,80179
1790929340,68164484,69951393792,254476,0,,6,0,19,36,1778465,664753451,18076325,18076404,10256785,80443
1790929341,68163200,69950341120,255112,0,,19,0,19,36,1785896,666325385,18113817,18113898,10293566,80724
1790929342,68161284,69948080128,255112,0,,14,0,19,36,1778114,668258475,18158732,18158812,10327591,80987
1790929343,68162500,69949587456,256644,0,,11,0,19,36,1771012,669827091,18195441,18195522,10358100,81224
1790929344,68163548,69950664704,260697,0,,12,0,19,36,1759763,670959182,18223010,18223090,10391427,81480
1790929345,68164364,69950996480,260697,0,,14,0,19,36,1774480,672906701,18270648,18270722,10415813,81677
1790929346,68165744,69953458176,260697,0,,12,0,19,36,1787070,674925706,18316679,18316761,10439869,81877
1790929347,68164864,69952020480,263011,0,,18,0,19,36,1767662,676039708,18342792,18342869,10468060,82101
1790929348,68163860,69950230528,263011,0,,6,0,19,36,1780147,678017993,18389758,18389843,10489318,82272
1790929349,68164352,69951234048,265670,0,,17,0,19,36,1771820,679024988,18414024,18414103,10525707,82548
1790929350,68166104,69953810432,267446,0,,16,0,19,36,1757114,680485705,18447543,18447623,10557252,82787
1790929351,68165888,69952753664,267446,0,,8,0,19,36,1772159,682491919,18494835,18494917,10581676,82977
1790929352,68164208,69951844352,268661,0,,7,0,19,36,1778658,684005989,18529719,18529806,10614419,83226
1790929353,68165204,69951844352,268977,0,,17,0,19,36,1782384,685960488,18577615,18577690,10639275,83420
1790929354,68165636,69953585152,268977,0,,20,0,19,36,1795729,687913261,18625062,18625138,10665369,83623
1790929356,68166924,69953540096,268977,0,,13,0,20,36,1807882,689944125,18672144,18672221,10689104,83808
1790929357,68169208,69956714496,268977,0,,14,0,20,36,1822118,691977725,18719172,18719253,10711860,83985
1790929358,68166364,69953687552,268977,0,,16,0,20,36,1833067,693910220,18765666,18765744,10734375,84166
1790929359,68164740,69950357504,268977,0,,12,0,20,36,1841310,695846347,18811177,18811259,10757673,84362
1790929360,68164832,69952180224,272936,0,,13,0,20,36,1816892,696980538,18837609,18837692,10789233,84608
1790929361,68163816,69950418944,278330,0,,17,0,20,36,1801937,698427979,18872195,18872274,10824430,84877
1790929362,68165420,69952319488,278330,0,,11,0,20,36,1814726,700417792,18919540,18919623,10850399,85081
1790929363,68165828,69952913408,278330,0,,16,0,20,36,1825543,702401243,18966887,18966966,10876151,85283
1790929364,68166400,69954322432,278330,0,,18,0,20,36,1837261,704398007,19013167,19013236,10901612,85487
1790929365,68164268,69951676416,278330,0,,10,0,20,36,1841945,706432887,19060275,19060353,10923108,85661
1790929366,68163556,69951455232,278330,0,,18,0,20,36,1851277,708402640,19108639,19108721,10946551,85859
1790929367,68162056,69948628992,278330,0,,12,0,20,36,1861802,710369079,19155371,19155453,10971438,86064
1790929368,68162656,69950050304,278330,0,,13,0,21,40,1871124,712330647,19202199,19202281,10996956,86273
1790929369,68162752,69950640128,278330,0,,13,0,21,40,1880992,714315089,19248540,19248621,11023441,86488
1790929370,68163320,69949947904,278330,0,,15,0,21,40,1885912,716297007,19296005,19296080,11046555,86680
1790929371,68163412,69950521344,280256,0,,14,0,21,40,1876284,717495683,19325966,19326036,11083173,86959
1790929372,68164920,69951795200,281549,0,,18,0,21,40,1859189,719010947,19361876,19361940,11119008,87235
1790929373,68165760,69953187840,282671,0,,17,0,21,40,1843211,720487590,19396573,19396647,11154361,87506
1790929374,68166292,69954252800,283437,0,,25,0,21,40,1848430,721976960,19431429,19431509,11191495,87791
1790929375,68166396,69953282048,283624,0,,13,0,21,40,1839774,723974683,19478038,19478116,11216924,88002
1790929377,68166280,69953200128,283624,0,,15,0,21,40,1851851,725935977,19525047,19525125,11242235,88211
1790929378,68166668,69954121728,284867,0,,9,0,21,40,1855027,727272562,19556116,19556196,11274332,88460
1790929379,68166824,69953212416,284867,0,,14,0,21,40,1845146,729149696,19601006,19601088,11309061,88730
1790929380,68163176,69949755392,285710,0,,16,0,21,40,1836957,730657948,19638034,19638111,11344546,89005
1790929381,68164868,69953007616,286362,0,,20,0,21,40,1828411,732182156,19674121,19674200,11381213,89289
1790929382,68163636,69950492672,286994,0,,15,0,21,40,1815786,733728001,19710883,19710966,11416968,89562
1790929383,68164116,69950951424,287837,0,,18,0,21,40,1806535,735280765,19747964,19748044,11452911,89840
1790929384,68161256,69948829696,288830,0,,17,0,21,40,1786981,736753375,19783102,19783185,11488158,90110
1790929385,68163004,69950386176,291580,0,,9,0,21,40,1798862,738627732,19827280,19827365,11528643,90420
1790929386,68163060,69950111744,292231,0,,0,0,21,40,1789770,740485587,19871352,19871439,11570810,90743
1790929387,68164416,69951254528,292411,0,,10,0,21,40,1780910,742357442,19915670,19915731,11605066,91008
1790929389,68163504,69950509056,293866,0,,13,0,21,40,1773363,743934900,19952719,19952797,11635435,91243
1790929390,68164276,69951111168,293866,0,,11,0,21,40,1781173,745978445,20000710,20000782,11655592,91400
1790929391,68163368,69950717952,293866,0,,16,0,21,40,1794449,747957778,20048147,20048229,11679466,91586
1790929392,68162744,69950566400,293866,0,,18,0,21,40,1806230,749922279,20095726,20095804,11704428,91780
1790929393,68164088,69950902272,293866,0,,14,0,21,40,1816733,751907669,20143046,20143124,11728417,91967
1790929394,68163992,69950582784,293866,0,,13,0,21,40,1828622,753863496,20189768,20189852,11753500,92162
1790929395,68163900,69951512576,293866,0,,13,0,21,40,1837001,755832487,20236983,20237061,11776545,92347
1790929396,68164380,69951459328,296995,0,,18,0,21,40,1824607,756914317,20262794,20262877,11810338,92607
1790929397,68166108,69953748992,298036,0,,15,0,21,40,1809048,758450357,20297890,20297971,11845252,92876
1790929398,68164340,69952233472,300097,0,,21,0,21,40,1815908,760083587,20336072,20336153,11881519,93155
1790929399,68164924,69952548864,300263,0,,14,0,22,40,1808203,762060559,20383046,20383125,11906577,93356
1790929400,68163724,69951328256,300263,0,,15,0,22,40,1821785,764076127,20430097,20430176,11931209,93547
1790929401,68162816,69950119936,300263,0,,17,0,22,40,1833615,766117043,20476983,20477066,11955107,93733
1790929402,68163304,69950881792,300263,0,,12,0,22,40,1845861,768101437,20522448,20522521,11979085,93920
1790929403,68164864,69951991808,300263,0,,16,0,22,40,1856133,770104534,20569572,20569653,12004074,94117
1790929404,68164528,69951881216,305432,0,,14,0,22,40,1839761,771317832,20599079,20599159,12035606,94358
1790929405,68164552,69951373312,305432,0,,12,0,22,40,1850631,773267785,20646065,20646140,12060882,94555
1790929406,68164504,69951852544,305432,0,,16,0,23,43,1860678,775250212,20693398,20693478,12086035,94751
1790929407,68163164,69949956096,305432,0,,1,0,23,43,1863849,777288096,20741877,20741941,12107321,94917
1790929408,68164232,69950513152,305493,0,,0,0,23,43,1869755,779151779,20785899,20785986,12133559,95120
1790929410,68165328,69951643648,306050,0,,14,0,23,43,1861831,780345003,20814755,20814838,12169887,95401
1790929411,68164576,69951909888,306784,0,,14,0,24,48,1849649,781932027,20852006,20852080,12206995,95685
1790929412,68163332,69950672896,307307,0,,15,0,24,48,1828452,783110979,20879546,20879631,12235355,95904
1790929413,68162956,69949722624,309050,0,,0,0,24,48,1837042,784873256,20920103,20920190,12273336,96197
1790929414,68164152,69950951424,310036,0,,17,0,24,48,1826099,786680386,20963990,20964064,12303731,96433
1790929415,68164240,69951856640,310887,0,,14,0,24,48,1817141,787896780,20993835,20993910,12339390,96709
1790929416,68165108,69952757760,315176,0,,17,0,24,48,1803197,789359577,21028839,21028919,12374378,96976
1790929417,68166040,69952892928,316455,0,,9,0,24,48,1783960,790482053,21055597,21055678,12405111,97213
1790929418,68166956,69953839104,316455,0,,14,0,24,48,1797727,792470900,21101972,21102053,12430070,97417
1790929419,68166608,69953167360,316455,0,,11,0,24,48,1809168,794460868,21148849,21148926,12455318,97625
1790929420,68164816,69952163840,316455,0,,16,0,24,48,1819525,796420700,21195123,21195152,12479069,97823
1790929421,68164132,69951434752,316455,0,,16,0,24,48,1829705,798417683,21241853,21241928,12503537,98025
1790929422,68164560,69951909888,318890,0,,10,0,24,48,1810645,799437410,21266648,21266730,12532131,98254
1790929423,68164220,69951574016,319468,0,,24,0,24,48,1817896,801117936,21304611,21304697,12567388,98526
1790929424,68163128,69950341120,319468,0,,19,0,24,48,1810536,803032306,21349203,21349285,12601492,98791
1790929425,68162544,69950357504,320338,0,,18,0,24,48,1804084,804665311,21386636,21386719,12635854,99057
1790929427,68162156,69948960768,320973,0,,14,0,24,48,1791625,806234522,21424121,21424205,12667253,99304
1790929428,68162064,69949358080,321614,0,,18,0,24,48,1795711,807662876,21458380,21458459,12699597,99562
1790929429,68161412,69947908096,321614,0,,16,0,24,48,1787470,809658876,21505583,21505660,12723427,99765
1790929430,68162468,69950304256,321904,0,,17,0,24,48,1795750,811321710,21545855,21545933,12762133,100076
1790929431,68161608,69948362752,322203,0,,14,0,24,48,1787599,813290899,21593605,21593685,12786909,100283
1790929432,68162224,69948727296,322203,0,,16,0,24,48,1799037,815265075,21640932,21641007,12811563,100488
1790929433,68162320,69949632512,322203,0,,13,0,24,48,1809858,817238193,21688362,21688447,12835598,100687
1790929434,68162756,69950070784,322203,0,,16,0,24,48,1821316,819196695,21735503,21735580,12860053,100888
1790929435,68163676,69951217664,323468,0,,18,0,24,48,1802724,820320609,21760997,21761078,12888633,101114
1790929437,68163860,69951438848,324351,0,,1,0,25,50,1812339,822104934,21803382,21803469,12927917,101415
1790929438,68162396,69948612608,325184,0,,0,0,25,50,1801828,824012237,21848257,21848344,12966718,101714
1790929439,68162968,69951078400,326054,0,,19,0,25,50,1793220,825717720,21888404,21888483,13000776,101977
1790929440,68164560,69951361024,327117,0,,13,0,25,50,1784934,827250584,21925157,21925233,13037056,102256
1790929441,68164340,69951172608,328677,0,,15,0,25,50,1768320,828887655,21962656,21962698,13067203,102486
1790929442,68164604,69952196608,328677,0,,15,0,25,50,1779987,830888134,22010155,22010223,13090932,102671
1790929443,68164772,69952638976,328677,0,,12,0,25,50,1791079,832877003,22057594,22057675,13114170,102851
1790929444,68164788,69951885312,328677,0,,15,0,25,50,1803647,834844628,22104475,22104554,13138394,103040
1790929445,68165624,69952204800,328677,0,,15,0,25,50,1814172,836834885,22151212,22151288,13163525,103235
1790929446,68161576,69949362176,328677,0,,13,0,25,50,1823429,838833841,22198414,22198491,13187569,103423
1790929447,68161240,69947727872,328677,0,,10,0,25,50,1829187,840835678,22246452,22246532,13208357,103586
1790929449,68162188,69949448192,330131,0,,17,0,25,50,1836922,842548917,22286426,22286508,13248091,103890
1790929450,68161664,69947887616,330131,0,,19,0,25,50,1837519,844545990,22333260,22333328,13273872,104104
1790929451,68163188,69949644800,331518,0,,0,0,25,50,1832977,845980038,22368696,22368783,13304588,104348
1790929452,68162720,69949440000,332682,0,,14,0,25,50,1824542,847569169,22406218,22406301,13339880,104620
1790929453,68163328,69950480384,334126,0,,20,0,25,50,1815549,849089433,22442236,22442317,13375305,104893
1790929454,68163752,69950554112,335640,0,,11,0,25,50,1803973,850633032,22478231,22478313,13410604,105161
1790929455,68162220,69949190144,335640,0,,17,0,25,50,1815466,852645993,22525165,22525241,13433093,105351
1790929456,68162868,69949861888,335640,0,,14,0,25,50,1825752,854636633,22572467,22572547,13455616,105538
1790929457,68164708,69951991808,335640,0,,17,0,25,50,1834754,856551319,22618199,22618277,13478525,105729
1790929458,68164420,69951565824,335640,0,,11,0,25,50,1840114,858535036,22665457,22665535,13498791,105902
1790929459,68164624,69951430656,335640,0,,14,0,25,50,1850142,860511317,22711371,22711430,13522459,106097
1790929460,68164360,69951389696,336891,0,,0,0,25,50,1855110,862006685,22747363,22747450,13554962,106346
1790929461,68166504,69953851392,337685,0,,15,0,25,50,1847923,863666829,22786356,22786435,13589140,106610
1790929462,68165352,69951946752,338897,0,,19,0,25,50,1838708,865194781,22823167,22823244,13623928,106878
1790929463,68166396,69954273280,341221,0,,17,0,25,50,1825344,866672606,22858632,22858709,13659683,107150
1790929464,68164580,69951578112,342630,0,,13,0,25,50,1812969,868155212,22894463,22894543,13695021,107420
1790929465,68166184,69953785856,346561,0,,18,0,25,50,1818934,869666836,22930618,22930685,13729997,107687
1790929467,68165080,69951860736,347797,0,,0,0,25,50,1810813,871498966,22975419,22975506,13767714,107976
1790929468,68162880,69949874176,349638,0,,15,0,25,50,1804526,873230070,23016183,23016261,13801654,108238
1790929469,68163648,69950693376,350370,0,,15,0,25,50,1799142,874766698,23052745,23052832,13836530,108507
1790929470,68164968,69951598592,351315,0,,15,0,25,50,1788997,876318193,23087654,23087736,13871092,108771
1790929471,68163748,69950795776,351315,0,,13,0,25,50,1799860,878292058,23134627,23134706,13894909,108959
1790929472,68163860,69950914560,351315,0,,18,0,25,50,1807570,880287351,23182340,23182419,13918453,109151
1790929473,68164184,69951234048,351315,0,,16,0,25,50,1815357,882276241,23229673,23229752,13938632,109319
1790929474,68162332,69949034496,351315,0,,16,0,25,50,1826067,884284984,23277173,23277227,13960828,109495
1790929475,68162368,69949353984,351315,0,,16,0,25,50,1838727,886230223,23324669,23324744,13985784,109699
1790929476,68164364,69951418368,351315,0,,12,0,25,50,1850281,888179781,23372839,23372916,14010992,109906
1790929477,68164088,69951377408,351315,0,,17,0,25,50,1861698,890194409,23419817,23419899,14036742,110117
1790929478,68163024,69949710336,351315,0,,15,0,25,50,1867719,892151067,23465969,23466044,14059766,110310
1790929479,68161520,69948510208,351315,0,,14,0,26,52,1873475,894168573,23513118,23513194,14079958,110485
1790929480,68161960,69948674048,352327,0,,0,0,26,52,1881593,896021193,23558579,23558666,14117891,110778
1790929481,68163396,69949624320,352901,0,,14,0,26,52,1869537,897775887,23601041,23601120,14151804,111040
1790929482,68163024,69950287872,356520,0,,14,0,26,52,1858931,899221743,23634094,23634175,14184877,111296
1790929484,68161952,69948960768,358170,0,,16,0,27,52,1860295,900266958,23659146,23659185,14216394,111537
1790929485,68162096,69949382656,358833,0,,11,0,27,52,1829642,901790332,23694894,23694976,14251911,111809
1790929486,68162152,69948895232,358833,0,,18,0,27,52,1842610,903774871,23741938,23742016,14277989,112015
1790929487,68162168,69948387328,358897,0,,9,0,27,52,1849089,905770486,23788934,23789019,14299384,112182
1790929488,68163088,69950357504,358897,0,,15,0,27,52,1859927,907702778,23835116,23835194,14323799,112373
1790929489,68162468,69949747200,358897,0,,16,0,27,52,1868461,909677169,23882116,23882196,14346519,112549
1790929490,68164224,69950967808,358897,0,,9,0,27,52,1876302,911650513,23928328,23928406,14370438,112740
1790929491,68164676,69951725568,358897,0,,15,0,27,52,1884603,913659348,23975842,23975919,14392740,112925
1790929492,68164444,69951246336,358897,0,,16,0,27,52,1894124,915701407,24022255,24022336,14418678,113135
1790929493,68165240,69951991808,358897,0,,17,0,27,52,1903443,917649643,24068371,24068446,14442755,113327
1790929494,68164960,69951778816,359096,0,,20,0,27,52,1910469,919593665,24115596,24115674,14467911,113523
1790929495,68166020,69953871872,359096,0,,9,0,27,52,1914106,921524889,24163790,24163862,14491428,113706
1790929496,68165796,69953429504,359096,0,,18,0,27,52,1924378,923531536,24210369,24210435,14517763,113911
1790929497,68163636,69951184896,359096,0,,14,0,27,52,1931562,925530093,24257226,24257303,14544036,114117
1790929498,68165072,69952368640,359096,0,,16,0,27,52,1938879,927531294,24303767,24303847,14569459,114314
1790929499,68166324,69953941504,360704,0,,11,0,27,52,1928638,928432521,24325044,24325117,14598099,114533
1790929500,68164880,69951672320,362782,0,,18,0,27,52,1922037,929852051,24358667,24358747,14634736,114813
1790929502,68165120,69952458752,364574,0,,11,0,27,52,1908749,931570730,24399729,24399802,14677087,115138
1790929503,68164488,69951758336,365363,0,,0,0,27,52,1897108,933420819,24443392,24443479,14717733,115450
1790929504,68164564,69952135168,365991,0,,15,0,27,52,1886884,935212070,24486123,24486207,14751681,115713
1790929505,68164832,69951762432,367174,0,,14,0,27,52,1880043,936707427,24521519,24521598,14786978,115986
1790929506,68165804,69953396736,368573,0,,25,0,27,52,1865848,938150356,24556819,24556867,14821831,116253
1790929507,68166760,69953871872,372153,0,,10,0,27,52,1851693,939543059,24589084,24589130,14856830,116520
1790929508,68166364,69953994752,372153,0,,4,0,27,52,1863655,941490154,24635810,24635897,14880645,116708
1790929509,68167112,69953708032,372153,0,,20,0,27,52,1873683,943526954,24683239,24683312,14903455,116885
1790929510,68165740,69952274432,372153,0,,15,0,27,52,1883845,945493673,24730578,24730656,14928636,117081
1790929511,68166936,69955301376,372153,0,,10,0,27,52,1887620,947536225,24777741,24777821,14949325,117243
1790929513,68167180,69954027520,373992,0,,2,0,27,52,1895931,949280428,24819528,24819615,14989740,117552
1790929514,68168160,69955354624,374956,0,,15,0,27,52,1883794,951111847,24862063,24862146,15032061,117877
1790929515,68166724,69954088960,374956,0,,19,0,27,52,1875009,953066711,24909231,24909286,15059037,118089
1790929516,68167448,69954392064,374956,0,,14,0,27,52,1885396,955070893,24956007,24956083,15084720,118291
1790929517,68168732,69956071424,374956,0,,17,0,27,52,1892428,957088346,25003234,25003315,15107056,118475
1790929518,68169096,69955993600,374956,0,,18,0,27,52,1899878,959085424,25050108,25050183,15130236,118658
1790929519,68166716,69953699840,374956,0,,16,0,27,52,1907891,961065462,25096715,25096791,15155081,118860
1790929520,68168372,69954932736,374956,0,,14,0,27,52,1917958,963080984,25143027,25143111,15179095,119055
1790929521,68167792,69954068480,375663,0,,0,0,27,52,1921563,964527826,25177383,25177470,15206427,119271
1790929522,68166584,69954121728,376561,0,,15,0,27,52,1910856,965933323,25211493,25211576,15240698,119535
1790929523,68164648,69951668224,378046,0,,12,0,27,52,1898397,967288653,25243117,25243194,15276120,119806
1790929524,68165824,69952929792,378046,0,,15,0,27,52,1904269,969270525,25290438,25290515,15300554,119997
1790929525,68164152,69951623168,379486,0,,15,0,27,52,1889377,970311910,25315289,25315340,15332220,120239
1790929526,68162516,69948899328,380847,0,,18,0,27,52,1892321,971573565,25345713,25345795,15364301,120483
1790929528,68161428,69948350464,382043,0,,25,0,27,52,1879387,973322000,25386497,25386577,15405449,120799
1790929529,68160280,69947187200,382509,0,,0,0,28,55,1868043,975103404,25429750,25429837,15441459,121077
1790929530,68162044,69948985344,383189,0,,21,0,28,55,1856876,976701932,25466795,25466872,15476122,121345
1790929531,68162836,69950066688,384363,0,,19,0,28,55,1849421,978129149,25499359,25499439,15511896,121620
1790929532,68164500,69951295488,387539,0,,19,0,28,55,1833663,979566264,25533218,25533300,15545489,121877
1790929533,68161552,69947961344,388421,0,,16,0,28,55,1817241,980934487,25565902,25565986,15579207,122136
1790929534,68163040,69950529536,388421,0,,14,0,28,55,1830400,982921425,25613601,25613670,15602199,122318
1790929535,68162992,69949956096,388421,0,,14,0,28,55,1841073,984898185,25660854,25660931,15627221,122513
1790929536,68165040,69952020480,388421,0,,18,0,28,55,1851092,986869380,25707961,25708041,15652971,122714
1790929537,68165508,69952794624,388421,0,,9,0,28,55,1860758,988824072,25755248,25755318,15678644,122917
1790929538,68164120,69951152128,388421,0,,18,0,28,55,1864289,990829326,25802718,25802797,15699269,123083
1790929540,68165468,69952237568,389319,0,,14,0,28,55,1872104,992532052,25842435,25842520,15739408,123392
1790929541,68163792,69950251008,389699,0,,0,0,28,55,1860366,994338103,25885390,25885477,15775187,123668
1790929542,68164848,69951873024,390248,0,,16,0,28,55,1849486,995895783,25922604,25922685,15809698,123936
1790929543,68164956,69952237568,391099,0,,18,0,28,55,1842193,997263492,25954188,25954266,15844485,124204
1790929544,68163516,69949714432,391944,0,,17,0,28,55,1828061,998733187,25989668,25989750,15878601,124467
1790929545,68164352,69951369216,391944,0,,13,0,28,55,1839175,1000754981,26036401,26036480,15902875,124655
1790929546,68163320,69950320640,391944,0,,19,0,28,55,1847604,1002719490,26083645,26083730,15926658,124841
1790929547,68164604,69950857216,393542,0,,16,0,28,55,1828730,1003677600,26106130,26106210,15955050,125059
1790929548,68163812,69951582208,394030,0,,8,0,28,55,1834252,1005212786,26142897,26142984,15991525,125339
1790929550,68163536,69950283776,394570,0,,0,0,28,55,1822818,1007074798,26187166,26187253,16033958,125665
1790929551,68163808,69951840256,395886,0,,22,0,28,55,1811599,1008949517,26231054,26231139,16076326,125991
1790929552,68163644,69950283776,395886,0,,14,0,28,55,1803057,1010997409,26278349,26278429,16100448,126180
1790929553,68163596,69950332928,395886,0,,12,0,28,55,1813449,1013002898,26325406,26325490,16125532,126375
1790929554,68164304,69952098304,395886,0,,14,0,28,55,1824346,1014963461,26372372,26372446,16151464,126579
1790929555,68163900,69951365120,395886,0,,15,0,28,55,1833300,1016988445,26418808,26418889,16175633,126771
1790929556,68166028,69953343488,395886,0,,11,0,28,55,1841756,1018987628,26466147,26466229,16199299,126959
1790929557,68166364,69953691648,395886,0,,14,0,28,55,1848432,1020945662,26512592,26512655,16219458,127117
1790929558,68166204,69953249280,395886,0,,17,0,28,55,1858910,1022892092,26558714,26558795,16243503,127310
1790929559,68163664,69950668800,395886,0,,15,0,28,55,1869854,1024877079,26605260,26605337,16269648,127524
1790929560,68164996,69952540672,395886,0,,20,0,28,55,1879108,1026839066,26652587,26652667,16294189,127726
1790929561,68167044,69954899968,395886,0,,10,0,29,56,1887216,1028833408,26699153,26699236,16318769,127928
1790929563,68166196,69953269760,395886,0,,13,0,29,56,1892481,1030755067,26744281,26744358,16340734,128112
1790929564,68167444,69954834432,395886,0,,16,0,29,56,1899448,1032691927,26790974,26791053,16362993,128298
1790929565,68167072,69954174976,395886,0,,16,0,29,56,1908053,1034655985,26837996,26838079,16389492,128513
1790929566,68169024,69956141056,395886,0,,14,0,29,56,1915098,1036645076,26884499,26884582,16415604,128724
1790929567,68167452,69954289664,395886,0,,12,0,29,56,1924740,1038616098,26930956,26931038,16441464,128933
1790929568,68166704,69954023424,395886,0,,15,0,30,56,1927192,1040608496,26977277,26977354,16461884,129108
1790929569,68166308,69954138112,395886,0,,14,0,30,56,1935878,1042593106,27024237,27024320,16486417,129307
1790929570,68166364,69953605632,395886,0,,15,0,30,56,1943516,1044547401,27071019,27071092,16512558,129517
1790929571,68166948,69953626112,395886,0,,17,0,30,56,1952298,1046530208,27117385,27117440,16538410,129726
1790929572,68166908,69954002944,395886,0,,15,0,30,56,1957521,1048475768,27164234,27164315,16562758,129927
1790929573,68165964,69952704512,395886,0,,15,0,30,56,1963558,1050476992,27211701,27211780,16586039,130120
1790929574,68164824,69952081920,395886,0,,21,0,31,63,1970935,1052416803,27258033,27258113,16612112,130331
1790929575,68164296,69951864832,395886,0,,15,0,31,63,1977770,1054358300,27303675,27303751,16638527,130543
1790929576,68164152,69951668224,395886,0,,14,0,31,63,1982170,1056345168,27350523,27350597,16663638,130750
1790929577,68165344,69952344064,395886,0,,13,0,31,63,1987780,1058311989,27396384,27396465,16688158,130949
1790929578,68164044,69950791680,397694,0,,14,0,31,63,1977057,1059455115,27423615,27423699,16723604,131219
1790929579,68163736,69951254528,399241,0,,16,0,31,63,1958393,1060809692,27455164,27455248,16757460,131478
1790929580,68163188,69950406656,400601,0,,19,0,31,63,1941202,1062161075,27486919,27487000,16791970,131743
1790929582,68162560,69949779968,401198,0,,6,0,31,63,1947631,1063737208,27524909,27524996,16831138,132042
1790929583,68162740,69949591552,403991,0,,12,0,31,63,1935149,1065535546,27567908,27567985,16873541,132367
1790929584,68162492,69948923904,404792,0,,2,0,31,63,1924110,1067357670,27611774,27611861,16908477,132635
1790929585,68162060,69949259776,406299,0,,13,0,31,63,1914411,1068875365,27647883,27647961,16941879,132892
1790929586,68163140,69949538304,408264,0,,16,0,31,63,1901679,1070202864,27679172,27679249,16976002,133152
1790929587,68164836,69952118784,409960,0,,10,0,31,63,1885372,1071495448,27709532,27709612,17009220,133406
1790929588,68166128,69953511424,411727,0,,1,0,31,63,1889592,1072740051,27740173,27740260,17043042,133664
1790929589,68163896,69950599168,412101,0,,0,0,31,63,1878091,1074535675,27782516,27782603,17075813,133917
1790929590,68164308,69951434752,416055,0,,14,0,31,63,1869741,1075936454,27816088,27816174,17109584,134177
1790929591,68163596,69950054400,418539,0,,14,0,31,63,1857634,1077260119,27846860,27846940,17143789,134437
1790929592,68162556,69949751296,422927,0,,17,0,31,63,1841479,1078578301,27878101,27878183,17177064,134688
1790929593,68161552,69948469248,425439,0,,0,0,31,63,1848257,1079956311,27911389,27911476,17210534,134944
1790929594,68162820,69948977152,426229,0,,13,0,31,63,1838894,1081768587,27954216,27954292,17242342,135190
1790929595,68163624,69951115264,427994,0,,14,0,31,63,1832592,1083020930,27984807,27984888,17276659,135452
1790929597,68164608,69951856640,429301,0,,19,0,31,63,1818468,1084340602,28016135,28016211,17309790,135706
1790929598,68164748,69951246336,429301,0,,9,0,31,63,1830129,1086343976,28063127,28063208,17333478,135890
1790929599,68163580,69951037440,430485,0,,15,0,31,63,1814251,1087646200,28093153,28093232,17364966,136131
1790929600,68159980,69946789888,431363,0,,5,0,31,63,1823435,1089319889,28132738,28132825,17403962,136430
1790929601,68160516,69947510784,432770,0,,14,0,31,63,1814881,1091200672,28178010,28178088,17446413,136755
1790929602,68159804,69946785792,432770,0,,12,0,32,64,1807919,1093206444,28225415,28225498,17471236,136949
1790929603,68159076,69946224640,432770,0,,10,0,32,64,1823207,1095162477,28272772,28272851,17496818,137148
1790929604,68159604,69946478592,434402,0,,14,0,32,64,1825109,1096461063,28303597,28303679,17529608,137398
1790929606,68160784,69947674624,434841,0,,1,0,32,64,1814501,1098280258,28346678,28346765,17570435,137711
1790929607,68160736,69947637760,435390,0,,15,0,32,64,1806052,1100199385,28392377,28392458,17595309,137908
1790929608,68160336,69948030976,435390,0,,11,0,32,64,1819244,1102242827,28438879,28438958,17620167,138103
1790929609,68161372,69948813312,435390,0,,11,0,32,64,1831322,1104183530,28486349,28486416,17645468,138302
1790929610,68163280,69950447616,436809,0,,9,0,32,64,1833408,1105197995,28511118,28511205,17674357,138524
1790929611,68163636,69951909888,437941,0,,18,0,32,64,1823095,1107055209,28555085,28555163,17716741,138851
1790929612,68164556,69951541248,438007,0,,19,0,32,64,1818713,1109040766,28602476,28602557,17742906,139055
1790929613,68165340,69952589824,438007,0,,19,0,32,64,1831158,1111006616,28648789,28648869,17767511,139252
1790929614,68163940,69951598592,438007,0,,12,0,32,64,1841786,1112999055,28696736,28696816,17792988,139450
1790929615,68162848,69949804544,438007,0,,16,0,32,64,1853449,1114935655,28742485,28742533,17819033,139652
1790929616,68162908,69950271488,438007,0,,11,0,32,64,1857113,1116974346,28790080,28790161,17839930,139833
1790929617,68163308,69950279680,438007,0,,16,0,32,64,1863867,1119001249,28837033,28837109,17861937,140021
1790929619,68162740,69950418944,438820,0,,18,0,32,64,1866902,1120599032,28875757,28875838,17900516,140318
1790929620,68164700,69952421888,441697,0,,18,0,32,64,1855325,1122482876,28919154,28919231,17942901,140644
1790929622,68161064,69947461632,442821,0,,7,0,32,64,1842983,1124251046,28961936,28962023,17985224,140970
1790929623,68162692,69949079552,444479,0,,0,0,33,66,1832039,1126137093,29005574,29005661,18024487,141272
1790929624,68161400,69948280832,446308,0,,13,0,33,66,1821682,1127852967,29046729,29046810,18054522,141506
1790929625,68161140,69947830272,448166,0,,17,0,33,66,1822463,1129040312,29074850,29074931,18088020,141761
1790929626,68161416,69948305408,449862,0,,15,0,33,66,1797649,1130423686,29107636,29107715,18122087,142023
1790929627,68161572,69949755392,451333,0,,18,0,34,66,1801347,1131719517,29139717,29139791,18155934,142282
1790929628,68162704,69950390272,452053,0,,4,0,34,66,1790898,1133503978,29181941,29182028,18197065,142599
1790929630,68161696,69949120512,453030,0,,0,0,34,66,1781234,1135406045,29226120,29226207,18238842,142919
1790929631,68160960,69947846656,453897,0,,14,0,34,66,1771673,1137265716,29270485,29270572,18281843,143249
1790929632,68162816,69950267392,454842,0,,21,0,34,66,1763415,1139188753,29315735,29315815,18324161,143574
1790929633,68162232,69948588032,455089,0,,0,0,34,66,1753113,1141018333,29358799,29358886,18356873,143827
1790929635,68162880,69950050304,455994,0,,18,0,34,66,1749048,1142399025,29391760,29391836,18389597,144080
1790929636,68164512,69951188992,457023,0,,11,0,34,66,1735756,1143839224,29425145,29425216,18423199,144338
1790929637,68163752,69950218240,457023,0,,15,0,35,67,1747838,1145822164,29472278,29472356,18447175,144524
1790929638,68165376,69952110592,457023,0,,13,0,35,67,1758536,1147785766,29518441,29518521,18471501,144724
1790929639,68164064,69952045056,457911,0,,11,0,35,67,1745723,1149027700,29546153,29546235,18502879,144965
1790929640,68162860,69949771776,459360,0,,18,0,35,67,1750220,1150445381,29579738,29579814,18535597,145216
1790929641,68162012,69949165568,459360,0,,13,0,35,67,1742998,1152362344,29624541,29624621,18567276,145460
1790929642,68162788,69950185472,460247,0,,17,0,35,67,1736825,1153855426,29659662,29659734,18598626,145702
1790929643,68162116,69948760064,460508,0,,20,0,35,67,1746329,1155898429,29707236,29707313,18619918,145869
1790929644,68161012,69947883520,460508,0,,14,0,35,67,1754477,1157930178,29755107,29755189,18640784,146034
1790929645,68160836,69947957248,460508,0,,14,0,35,67,1766008,1159907617,29802723,29802802,18664373,146218
1790929646,68162484,69949112320,462386,0,,0,0,35,67,1776548,1161812236,29847150,29847237,18689849,146419
1790929647,68163864,69950820352,464180,0,,15,0,35,67,1769068,1162910874,29873903,29873980,18723487,146678
1790929648,68163016,69949444096,465075,0,,16,0,35,67,1753896,1164233853,29905624,29905706,18755852,146927
1790929649,68163096,69950296064,465075,0,,17,0,35,67,1766795,1166201518,29952797,29952877,18779752,147114
1790929650,68165184,69951897600,467228,0,,19,0,35,67,1770679,1167487679,29982632,29982714,18809651,147343
1790929651,68165804,69952491520,467529,0,,12,0,35,67,1762272,1169425473,30028104,30028189,18841259,147588
1790929652,68164804,69951770624,469168,0,,18,0,35,67,1755560,1170796332,30060732,30060816,18874337,147843
1790929653,68162464,69949128704,470470,0,,12,0,35,67,1741856,1172153188,30093926,30094008,18904952,148078
1790929655,68162912,69949554688,470470,0,,17,0,35,67,1753200,1174097156,30140774,30140856,18927711,148256
1790929656,68162048,69948948480,470470,0,,18,0,35,67,1766319,1176068289,30187457,30187538,18952169,148458
1790929657,68163704,69950140416,470470,0,,18,0,35,67,1777979,1178026545,30233704,30233784,18976275,148659
1790929658,68164344,69951533056,470470,0,,18,0,35,67,1789789,1179988302,30280365,30280443,19000407,148859
1790929659,68164496,69951193088,470470,0,,15,0,35,67,1795584,1181992149,30327227,30327303,19021423,149040
1790929660,68165488,69952995328,471561,0,,14,0,35,67,1782006,1183078789,30353577,30353645,19054096,149291
1790929661,68165484,69952212992,472589,0,,14,0,35,67,1765421,1184376554,30383445,30383526,19086406,149539
1790929662,68163572,69950287872,473638,0,,1,0,35,67,1773816,1186070587,30423526,30423613,19124917,149836
1790929663,68163772,69950705664,474481,0,,16,0,35,67,1764279,1187869169,30467345,30467426,19156777,150084
1790929664,68164772,69952516096,475461,0,,13,0,35,67,1757264,1189198953,30499847,30499928,19190014,150339
1790929665,68167040,69953847296,476328,0,,17,0,35,67,1740871,1190461435,30530201,30530252,19222618,150591
1790929666,68165992,69952487424,477115,0,,14,0,35,67,1725710,1191785485,30562429,30562505,19255544,150845
1790929667,68164532,69951737856,477518,0,,11,0,35,67,1735223,1193532599,30604081,30604168,19295885,151156
1790929669,68164676,69951868928,477601,0,,18,0,35,67,1726893,1195402919,30649315,30649393,19329094,151414
1790929670,68165316,69952249856,478263,0,,13,0,36,67,1721558,1196858512,30683681,30683761,19362300,151672
1790929671,68165600,69952331776,484047,0,,9,0,36,67,1707200,1198232822,30717147,30717223,19394719,151922
1790929672,68165596,69951823872,484798,0,,13,0,36,67,1691201,1199558511,30748265,30748347,19427461,152175
1790929673,68165624,69952585728,486200,0,,0,0,36,67,1701041,1201355856,30790025,30790112,19461222,152435
1790929674,68163612,69950545920,487304,0,,13,0,36,67,1695004,1203013133,30830350,30830434,19493260,152683
1790929675,68163632,69950844928,488344,0,,18,0,36,67,1684589,1204479995,30864868,30864946,19521676,152902
1790929676,68164732,69951438848,492210,0,,20,0,36,67,1692906,1206062283,30903574,30903657,19557577,153178
1790929677,68163136,69950836736,492359,0,,18,0,36,67,1686847,1208020230,30950739,30950820,19579766,153363
1790929678,68164248,69951188992,492359,0,,7,0,36,67,1699245,1210055860,30997952,30998029,19600194,153538
1790929679,68164688,69951647744,492359,0,,13,0,36,67,1711919,1212045919,31046484,31046564,19622088,153725
1790929680,68162556,69949476864,492359,0,,17,0,36,67,1725636,1214049872,31094316,31094399,19644768,153916
1790929681,68164420,69950865408,492359,0,,13,0,36,67,1738007,1216047978,31142199,31142276,19666965,154090
1790929682,68164580,69951266816,492359,0,,4,0,36,67,1748492,1218035503,31189826,31189901,19687131,154249
1790929683,68164556,69951258624,492359,0,,16,0,36,67,1761744,1220075232,31236386,31236463,19710284,154435
1790929684,68166068,69952274432,492359,0,,11,0,36,67,1774189,1222072545,31284357,31284439,19733010,154615
1790929685,68165452,69952425984,492359,0,,20,0,36,67,1785090,1224036286,31331278,31331359,19756537,154798
1790929686,68165296,69953081344,492359,0,,8,0,36,67,1797277,1226026051,31378141,31378216,19781173,154992
1790929688,68163156,69950091264,492359,0,,6,0,36,67,1808814,1228014043,31424982,31425038,19804668,155175
1790929689,68164384,69951893504,492359,0,,17,0,36,67,1820719,1230040699,31471474,31471556,19828323,155360
1790929690,68166384,69953650688,495815,0,,11,0,36,67,1799639,1231042339,31495055,31495132,19852781,155547
1790929691,68166440,69952913408,495815,0,,14,0,36,67,1813202,1232990881,31542940,31543020,19876645,155732
1790929692,68167064,69954338816,496538,0,,18,0,36,67,1818247,1234556589,31579025,31579104,19911011,155996
1790929693,68167056,69953544192,496790,0,,13,0,36,67,1809342,1236585134,31626304,31626388,19934382,156178
1790929694,68164244,69950689280,504023,0,,17,0,36,67,1798129,1237524124,31648412,31648490,19967602,156432
1790929695,68164536,69952266240,505831,0,,20,0,36,67,1800292,1238630154,31674980,31675059,19996645,156653
1790929696,68161532,69948936192,507501,0,,2,0,36,67,1789654,1240454024,31718792,31718879,20038151,156970
1790929697,68162368,69948985344,508107,0,,0,0,36,67,1779245,1242331589,31763239,31763326,20072131,157231
1790929698,68163588,69950251008,509800,0,,15,0,36,67,1773740,1243808715,31797271,31797349,20104873,157484
1790929700,68164904,69951541248,511604,0,,14,0,36,67,1762160,1245221729,31830229,31830312,20138167,157738
1790929701,68164548,69952315392,513986,0,,12,0,36,67,1746827,1246661970,31863412,31863495,20171100,157989
1790929702,68165228,69953515520,516141,0,,6,0,36,67,1753893,1248182734,31899827,31899914,20207631,158267
1790929703,68165344,69952356352,518489,0,,19,0,36,67,1745561,1250126230,31945348,31945431,20249942,158590
1790929704,68164336,69951279104,519906,0,,0,0,36,67,1736568,1252003171,31989292,31989379,20288274,158885
1790929705,68163004,69949890560,520938,0,,10,0,36,67,1728736,1253717318,32030576,32030656,20314592,159088
1790929707,68164944,69952028672,520938,0,,14,0,36,67,1740577,1255748529,32076692,32076773,20335101,159260
1790929708,68165372,69952339968,521944,0,,1,0,36,67,1752145,1257535372,32119328,32119414,20365845,159506
1790929709,68165776,69952208896,523501,0,,14,0,36,67,1746201,1258938695,32152593,32152680,20398105,159756
1790929710,68165792,69952778240,525652,0,,14,0,36,67,1734637,1260247280,32183644,32183722,20431489,160010
1790929711,68164688,69951377408,527318,0,,16,0,36,67,1718827,1261619378,32216096,32216172,20463802,160258
1790929712,68163568,69950468096,527318,0,,7,0,37,67,1733839,1263615921,32263436,32263516,20488942,160454
1790929713,68163372,69951340544,528561,0,,16,0,37,67,1742283,1265259827,32301661,32301747,20522682,160712
1790929714,68163024,69950259200,528561,0,,17,0,37,67,1736797,1267144829,32347602,32347680,20554307,160956
1790929715,68163952,69951967232,529605,0,,15,0,37,67,1732829,1268586518,32381881,32381961,20587186,161210
1790929716,68165436,69952692224,532141,0,,15,0,37,67,1719286,1270029229,32415565,32415649,20619347,161455
1790929717,68163508,69950959616,533407,0,,20,0,37,67,1724614,1271425558,32448862,32448945,20651201,161699
1790929718,68165020,69951713280,533407,0,,18,0,37,67,1717356,1273361842,32494057,32494137,20681546,161935
1790929719,68164420,69950857216,534285,0,,20,0,37,67,1712650,1274691683,32526235,32526313,20713392,162180
1790929720,68163592,69950259200,537810,0,,18,0,37,67,1699897,1276003334,32557224,32557306,20745178,162426
1790929721,68163280,69949952000,538660,0,,16,0,37,67,1689992,1277232821,32586520,32586605,20777032,162669
1790929722,68164920,69952430080,540305,0,,22,0,37,67,1693580,1278191545,32609387,32609469,20802511,162869
1790929724,68160736,69948502016,540424,0,,16,0,37,67,1690637,1280219398,32657737,32657816,20823058,163033
1790929725,68161660,69949587456,540424,0,,16,0,37,67,1708277,1282136532,32704851,32704930,20844606,163203
1790929726,68162052,69948964864,540424,0,,16,0,37,67,1721767,1284122811,32751903,32751963,20866045,163376
1790929727,68162664,69950091264,540424,0,,15,0,37,67,1738127,1286134002,32798280,32798357,20889943,163561
1790929728,68162044,69949255680,540582,0,,15,0,37,67,1749841,1288118349,32846075,32846154,20911333,163728
1790929729,68164132,69951074304,542114,0,,15,0,37,67,1734171,1289390481,32875397,32875476,20940918,163954
1790929730,68165220,69951967232,542114,0,,17,0,37,67,1748251,1291348533,32922791,32922872,20965213,164143
1790929731,68165612,69952552960,542114,0,,16,0,37,67,1761586,1293332031,32970431,32970514,20987252,164315
1790929732,68163252,69950423040,542114,0,,15,0,37,67,1774028,1295353109,33018033,33018108,21010650,164497
1790929733,68164844,69952069632,544660,0,,16,0,37,67,1776340,1296482723,33045229,33045315,21039830,164719
1790929734,68165416,69951602688,544660,0,,14,0,37,67,1767463,1298433028,33090822,33090899,21070945,164960
1790929735,68164168,69950881792,546153,0,,21,0,37,67,1760792,1299779580,33121796,33121877,21103482,165209
1790929736,68162520,69949419520,547725,0,,14,0,37,67,1744508,1301051504,33151437,33151500,21135401,165454
1790929737,68163092,69950533632,548745,0,,16,0,37,67,1749446,1302325694,33182084,33182164,21167945,165704
1790929739,68163040,69949997056,550047,0,,4,0,37,67,1741128,1304180519,33227174,33227261,21209376,166022
1790929740,68164016,69950697472,550215,0,,15,0,37,67,1733988,1306087135,33272151,33272227,21240748,166266
1790929741,68163364,69950517248,551156,0,,19,0,37,67,1729680,1307479817,33305166,33305244,21273507,166518
1790929742,68162036,69948424192,552992,0,,16,0,37,67,1714271,1308834143,33337166,33337246,21305848,166767
1790929743,68162056,69949464576,555160,0,,15,0,37,67,1720905,1310187651,33368446,33368527,21337899,167012
1790929744,68161824,69948702720,555160,0,,15,0,37,67,1714516,1312219046,33416127,33416205,21359817,167183
1790929745,68161740,69948387328,555160,0,,15,0,38,67,1728278,1314221752,33463282,33463359,21383602,167368
1790929746,68161896,69949390848,555160,0,,21,0,38,67,1741073,1316199898,33510010,33510087,21408427,167571
1790929747,68163284,69951025152,556253,0,,17,0,38,67,1743792,1317384602,33538398,33538472,21439315,167810
1790929748,68162836,69950009344,556253,0,,19,0,38,67,1736981,1319304849,33583574,33583654,21469858,168047
1790929749,68163468,69950103552,557538,0,,16,0,38,67,1730258,1320663683,33615244,33615327,21501314,168289
1790929750,68164772,69951193088,557538,0,,10,0,38,67,1738659,1322687764,33663404,33663479,21524071,168467
1790929751,68165788,69953048576,560966,0,,16,0,38,67,1721796,1323617611,33684347,33684426,21551425,168676
1790929752,68163404,69950599168,561502,0,,1,0,38,67,1728205,1325054746,33718941,33719028,21586100,168942
1790929753,68163104,69950038016,561814,0,,14,0,38,67,1719954,1327082595,33765048,33765128,21608821,169119
1790929755,68162244,69950197760,563156,0,,2,0,39,72,1731316,1328874634,33807580,33807667,21649196,169432
1790929756,68163644,69950033920,563388,0,,19,0,39,72,1722502,1330833650,33852603,33852682,21682148,169687
1790929757,68161504,69948153856,564294,0,,12,0,39,72,1719522,1332292811,33887009,33887080,21713730,169931
1790929758,68162368,69949771776,564294,0,,18,0,39,72,1729092,1334261958,33935119,33935195,21733908,170095
1790929759,68161796,69948440576,564294,0,,14,0,40,72,1738463,1336260493,33982945,33983023,21754088,170261
1790929760,68161168,69948833792,564294,0,,16,0,40,72,1751343,1338269270,34030449,34030528,21775044,170428
1790929761,68161920,69949825024,566046,0,,18,0,40,72,1738829,1339101964,34050968,34051049,21805987,170665
1790929762,68162832,69948977152,566679,0,,7,0,40,72,1744911,1340390650,34082133,34082220,21836780,170901
1790929763,68164676,69951635456,567129,0,,14,0,40,72,1737560,1342325874,34128076,34128156,21866125,171129
1790929764,68165468,69952962560,570636,0,,15,0,40,72,1732552,1343591529,34157305,34157388,21896849,171365
1790929765,68164932,69952385024,571156,0,,16,0,40,72,1714917,1344896484,34187028,34187112,21926701,171595
1790929767,68164996,69952688128,572411,0,,20,0,40,72,1723654,1346559676,34226684,34226762,21963903,171880
1790929768,68163132,69950230528,572411,0,,15,0,40,72,1726033,1348544054,34273256,34273337,21991560,172096
1790929769,68161664,69948559360,572411,0,,20,0,40,72,1737866,1350558323,34321256,34321334,22011563,172252
1790929770,68162284,69949423616,573244,0,,18,0,40,72,1718372,1351643456,34347048,34347130,22038158,172456
1790929771,68164632,69951524864,574109,0,,8,0,40,72,1728825,1353365940,34388239,34388319,22076563,172751
1790929772,68165644,69952368640,574109,0,,15,0,40,72,1719705,1355280646,34434180,34434258,22108011,172994
1790929773,68165088,69952356352,575222,0,,12,0,40,72,1715388,1356597746,34465319,34465398,22139860,173240
1790929774,68165244,69952495616,575862,0,,15,0,40,72,1701053,1357900905,34497158,34497241,22171703,173486
1790929775,68165756,69953064960,576954,0,,18,0,40,72,1706742,1359415015,34532037,34532122,22203620,173731
1790929776,68166448,69954265088,576954,0,,12,0,40,72,1702413,1361367383,34577278,34577357,22234432,173971
1790929777,68164268,69951758336,577375,0,,19,0,40,72,1700722,1362847537,34612247,34612323,22266981,174222
1790929778,68165920,69952393216,577375,0,,14,0,40,72,1711883,1364864030,34660154,34660230,22287807,174386
1790929779,68166480,69954027520,577375,0,,12,0,40,72,1718979,1366831661,34707518,34707596,22308514,174558
1790929780,68165776,69952000000,577375,0,,19,0,40,72,1727867,1368877636,34755123,34755197,22328707,174733
1790929781,68161340,69948686336,577375,0,,14,0,40,72,1737912,1370939964,34801880,34801959,22348898,174907
1790929782,68161660,69948055552,577375,0,,16,0,40,72,1750748,1372933830,34849513,34849587,22372106,175100
1790929784,68161388,69948043264,577375,0,,13,0,40,72,1763473,1374859601,34896128,34896211,22397206,175306
1790929785,68161116,69948014592,577375,0,,15,0,40,72,1773020,1376808105,34943249,34943331,22421284,175504
1790929786,68161844,69948747776,577375,0,,15,0,40,72,1783363,1378808803,34989027,34989107,22443516,175689
1790929787,68163144,69949812736,577375,0,,11,0,40,72,1794504,1380764498,35035033,35035114,22466824,175881
1790929788,68163912,69951909888,577375,0,,2,0,40,72,1801888,1382704833,35081345,35081431,22490396,176076
1790929789,68164292,69951565824,577375,0,,16,0,40,72,1810318,1384640416,35126220,35126302,22510596,176247
1790929790,68164168,69951344640,577375,0,,15,0,40,72,1815868,1386616743,35174240,35174321,22531067,176422
1790929791,68164240,69950926848,577375,0,,16,0,40,72,1827444,1388582980,35221438,35221517,22554994,176617
1790929792,68165632,69951832064,577663,0,,0,0,40,72,1834297,1390170971,35258734,35258821,22588156,176882
1790929793,68166572,69953331200,578153,0,,19,0,40,72,1825387,1391897793,35299846,35299927,22618760,177121
1790929794,68165392,69952389120,578558,0,,15,0,40,72,1813115,1393198826,35330148,35330221,22651019,177369
1790929795,68163080,69950033920,579060,0,,13,0,40,72,1797003,1394470079,35359672,35359757,22683072,177617
1790929797,68163700,69950648320,583726,0,,17,0,40,72,1801828,1395934588,35395235,35395321,22718449,177890
1790929798,68164044,69950988288,583857,0,,18,0,40,72,1792410,1397865222,35441026,35441104,22749903,178135
1790929799,68163224,69950439424,584361,0,,16,0,40,72,1787158,1399222550,35472908,35472995,22782674,178388
1790929800,68162448,69949116416,584928,0,,14,0,40,72,1770217,1400586120,35505167,35505244,22815235,178639
1790929801,68164192,69951369216,585961,0,,14,0,40,72,1753091,1401928526,35537157,35537235,22847927,178891
1790929802,68164236,69951094784,587243,0,,0,0,41,72,1764409,1403803959,35581187,35581274,22885217,179178
1790929803,68164176,69951164416,588510,0,,17,0,42,77,1760594,1405563543,35623507,35623589,22914751,179407
1790929804,68165920,69952913408,589617,0,,15,0,42,77,1751273,1406949511,35656169,35656251,22947993,179661
1790929805,68164512,69951717376,589617,0,,22,0,42,77,1762823,1408966401,35703844,35703927,22971195,179842
1790929806,68165208,69952729088,595083,0,,15,0,42,77,1747437,1410019106,35728279,35728362,22998304,180047
1790929807,68165924,69952724992,597113,0,,16,0,42,77,1749363,1411586720,35764849,35764927,23035220,180328
1790929809,68162964,69949636608,599238,0,,17,0,42,77,1740116,1413431039,35809469,35809549,23077678,180654
1790929810,68162452,69948841984,599482,0,,17,0,42,77,1732968,1415393188,35854804,35854881,23108079,180890
1790929811,68162792,69949718528,601295,0,,18,0,42,77,1728243,1416681105,35884968,35885028,23139893,181134
1790929812,68162104,69948473344,608535,0,,18,0,42,77,1713620,1418010175,35916175,35916260,23171418,181374
1790929813,68161548,69948973056,608535,0,,11,0,42,77,1726595,1419977233,35963599,35963680,23192957,181555
1790929814,68162952,69949632512,608535,0,,16,0,42,77,1739951,1421951972,36010109,36010188,23219732,181763
1790929815,68164056,69951533056,610173,0,,10,0,42,77,1749867,1423269434,36041564,36041644,23252150,182011
1790929816,68164028,69951029248,612387,0,,15,0,42,77,1732043,1424597602,36072256,36072336,23282741,182244
1790929817,68164688,69951385600,613065,0,,0,0,42,77,1727600,1426239146,36110002,36110089,23316246,182500
1790929818,68165428,69952446464,613792,0,,11,0,42,77,1721819,1428106517,36154573,36154653,23340235,182687
1790929819,68166556,69953314816,613792,0,,18,0,42,77,1734260,1430148911,36201621,36201699,23362071,182857
1790929820,68166088,69953855488,613792,0,,17,0,42,77,1749069,1432128429,36249289,36249370,23384609,183033
1790929822,68167516,69953847296,614850,0,,0,0,42,77,1757019,1433747397,36286383,36286470,23414151,183259
1790929823,68167600,69954371584,615805,0,,10,0,42,77,1751212,1435254635,36322629,36322708,23445362,183501
1790929824,68165600,69951614976,617535,0,,12,0,42,77,1739199,1436582518,36353543,36353625,23477675,183748
1790929825,68165580,69952565248,619121,0,,13,0,42,77,1723391,1437902744,36384715,36384799,23508897,183987
1790929826,68164384,69951889408,619121,0,,15,0,42,77,1737015,1439911739,36431980,36432061,23531858,184166
1790929827,68165088,69951840256,619121,0,,13,0,42,77,1748565,1441922690,36479346,36479429,23555942,184353
1790929828,68164456,69951221760,619121,0,,17,0,42,77,1761790,1443891501,36526479,36526557,23581147,184550
1790929829,68165444,69952184320,619121,0,,11,0,42,77,1771709,1445878613,36574245,36574323,23603956,184730
1790929830,68164708,69951938560,619121,0,,17,0,42,77,1785162,1447887171,36620384,36620466,23627922,184918
1790929831,68164396,69951115264,619121,0,,11,0,42,77,1791613,1449918601,36667566,36667639,23649155,185093
1790929832,68164668,69951123456,619121,0,,13,0,42,77,1799661,1451897964,36714823,36714903,23670368,185271
1790929833,68164884,69951610880,619121,0,,20,0,42,77,1810866,1453854710,36760927,36761007,23693919,185465
1790929834,68163164,69949562880,619121,0,,15,0,42,77,1821798,1455856791,36808098,36808183,23719138,185671
1790929835,68163468,69950435328,619121,0,,18,0,42,77,1832916,1457822654,36854145,36854226,23743276,185872
1790929836,68164108,69950562304,620670,0,,11,0,42,77,1833164,1458947223,36880432,36880517,23771310,186092
1790929838,68163088,69949210624,621654,0,,0,0,42,77,1821653,1460785924,36924842,36924929,23808873,186381
1790929839,68162020,69949468672,622912,0,,14,0,42,77,1812781,1462352252,36962967,36963043,23838301,186611
1790929840,68163068,69950996480,624053,0,,17,0,42,77,1799480,1463483305,36989586,36989667,23869586,186849
1790929841,68162348,69949415424,625355,0,,16,0,42,77,1803260,1464752779,37019658,37019739,23900088,187083
1790929842,68162784,69949317120,626110,0,,21,0,42,77,1793158,1466557446,37063315,37063396,23940745,187395
1790929843,68162184,69948551168,626418,0,,0,0,42,77,1782532,1468380943,37107025,37107112,23973462,187648
1790929844,68160100,69947211776,627954,0,,15,0,42,77,1774933,1469724100,37139615,37139693,24005159,187892
1790929845,68160532,69946867712,629795,0,,15,0,42,77,1770917,1470895506,37167707,37167791,24036740,188133
1790929846,68162560,69949198336,632067,0,,12,0,42,77,1762406,1472072153,37194767,37194841,24068025,188372
1790929847,68161196,69947543552,632471,0,,0,0,42,77,1753866,1473980074,37239927,37240014,24102619,188638
1790929848,68160708,69946814464,633868,0,,18,0,42,77,1749703,1475426602,37275730,37275805,24134375,188884
1790929850,68160724,69947592704,634923,0,,16,0,42,77,1737258,1476795925,37308294,37308371,24166982,189133
1790929851,68160648,69947252736,640336,0,,16,0,42,77,1722293,1478104393,37340518,37340598,24199414,189382
1790929852,68160624,69947719680,640336,0,,16,0,42,77,1737057,1480082830,37387873,37387951,24224268,189576
1790929853,68160476,69947883520,640336,0,,15,0,42,77,1750010,1482095161,37434857,37434914,24247885,189760
1790929854,68160852,69947518976,640336,0,,19,0,42,77,1764205,1484077810,37481795,37481872,24272728,189953
1790929855,68161380,69949034496,640336,0,,13,0,42,77,1778003,1486074972,37529047,37529124,24296450,190137
1790929856,68162804,69950447616,642327,0,,20,0,42,77,1757529,1487181942,37555396,37555465,24323475,190344
1790929857,68162148,69949571072,646985,0,,10,0,42,77,1764593,1488671065,37591529,37591616,24360431,190626
1790929858,68160780,69948174336,647125,0,,19,0,42,77,1757774,1490656593,37638539,37638620,24383988,190810
1790929859,68162272,69948907520,647125,0,,12,0,42,77,1770905,1492624698,37685127,37685209,24408858,191006
1790929860,68163136,69950836736,648872,0,,22,0,42,77,1775534,1493989842,37718141,37718223,24443225,191273
1790929861,68162680,69949079552,648947,0,,16,0,42,77,1768314,1495947217,37763185,37763264,24473723,191511
1790929862,68163264,69950316544,650435,0,,12,0,42,77,1764798,1497264325,37795295,37795372,24505945,191759
1790929864,68162520,69949427712,651877,0,,10,0,42,77,1748405,1498626156,37827192,37827272,24537150,191998
1790929865,68164132,69952380928,652588,0,,14,0,42,77,1755233,1500120381,37861894,37861981,24570270,192252
1790929866,68164668,69951119360,652735,0,,16,0,42,77,1748226,1502090387,37909672,37909752,24593104,192433
1790929867,68165332,69952835584,652735,0,,21,0,42,77,1761116,1504067782,37956731,37956808,24617266,192623
1790929868,68163312,69950246912,652735,0,,11,0,42,77,1774542,1506025640,38004005,38004083,24641306,192812
1790929869,68161948,69948616704,652735,0,,18,0,42,77,1787172,1508020758,38051440,38051517,24664832,192997
1790929870,68161900,69948817408,652735,0,,14,0,42,77,1800567,1509964439,38098969,38099049,24688568,193184
1790929871,68163096,69950025728,653863,0,,19,0,42,77,1799207,1510831460,38119725,38119802,24713517,193375
1790929872,68161468,69948350464,653898,0,,12,0,42,77,1792019,1512762310,38165432,38165510,24744096,193611
1790929873,68160952,69947572224,655468,0,,11,0,42,77,1785871,1514139961,38197309,38197387,24776346,193859
1790929874,68161008,69947105280,655468,0,,6,0,42,77,1793043,1516102280,38244143,38244225,24798262,194032
1790929875,68161632,69948542976,655468,0,,11,0,42,77,1798280,1518087059,38291317,38291397,24818437,194198
1790929876,68161840,69948211200,655468,0,,13,0,42,77,1809799,1520064149,38338350,38338432,24842310,194395
1790929877,68164116,69951660032,656163,0,,28,0,42,77,1815931,1521597487,38374808,38374894,24878903,194678
1790929878,68164616,69951291392,656521,0,,0,0,42,77,1804951,1523474234,38418511,38418598,24909501,194915
1790929880,68163572,69950513152,657332,0,,12,0,42,77,1795489,1524708429,38447366,38447448,24940934,195157
1790929881,68164672,69951082496,660721,0,,12,0,42,77,1779186,1525870313,38475765,38475842,24972980,195404
1790929882,68166516,69953114112,661712,0,,4,0,42,77,1782405,1527062179,38504761,38504848,25006081,195659
1790929883,68164888,69951574016,664765,0,,0,0,42,77,1771938,1528981677,38548748,38548835,25040712,195927
1790929884,68166252,69953015808,666695,0,,11,0,42,77,1764220,1530494151,38583565,38583643,25072238,196172
1790929885,68165220,69952192512,667877,0,,10,0,42,77,1751438,1531757636,38613410,38613489,25104439,196420
1790929886,68165760,69953540096,669062,0,,13,0,42,77,1734320,1533010889,38643091,38643167,25136939,196670
1790929887,68165676,69952892928,670155,0,,12,0,42,77,1743452,1534698412,38682981,38683064,25175684,196969
1790929888,68164844,69951533056,670155,0,,16,0,42,77,1736241,1536558833,38728113,38728187,25208548,197225
1790929889,68164676,69951393792,670314,0,,16,0,42,77,1732590,1537983381,38762424,38762505,25241170,197479
1790929890,68164992,69951815680,670887,0,,12,0,42,77,1718668,1539492374,38797211,38797291,25273291,197726
1790929891,68165680,69953445888,671132,0,,16,0,42,77,1701891,1540827896,38828583,38828661,25305153,197972
1790929893,68164420,69952131072,671499,0,,1,0,42,77,1714803,1542742364,38874418,38874505,25345150,198287
1790929894,68164048,69950722048,671969,0,,15,0,42,77,1704820,1544673844,38919615,38919700,25376297,198529
1790929895,68165460,69952163840,675039,0,,14,0,42,77,1703249,1545968326,38950083,38950161,25409231,198783
1790929896,68165956,69952446464,675748,0,,17,0,42,77,1687574,1547438853,38984350,38984435,25439615,199017
1790929897,68165004,69951561728,675748,0,,11,0,42,77,1706049,1549437931,39031311,39031393,25463245,199202
1790929898,68163620,69950545920,675748,0,,20,0,42,77,1717364,1551458497,39078853,39078934,25485582,199375
1790929899,68164168,69950840832,675748,0,,19,0,42,77,1729743,1553466937,39126041,39126123,25508601,199555
1790929900,68164104,69950791680,675748,0,,13,0,42,77,1737193,1555422625,39172473,39172548,25529041,199731
1790929901,68165368,69952610304,675748,0,,17,0,42,77,1748590,1557451860,39220076,39220152,25551121,199906
1790929902,68164372,69951324160,675748,0,,12,0,42,77,1756459,1559485734,39267759,39267839,25571282,200064
1790929903,68166372,69952688128,675748,0,,14,0,42,77,1767436,1561494331,39313932,39314000,25596445,200261
1790929904,68164724,69952479232,680197,0,,14,0,42,77,1759813,1562538728,39338648,39338726,25627866,200503
1790929905,68164816,69951741952,681082,0,,13,0,42,77,1741484,1563819188,39368158,39368235,25658619,200741
1790929907,68165224,69951967232,681923,0,,24,0,42,77,1748867,1565527304,39406831,39406915,25696350,201032
1790929908,68166360,69953404928,682213,0,,15,0,42,77,1742374,1567477101,39452196,39452274,25726829,201270
1790929909,68166612,69953605632,684074,0,,12,0,42,77,1752344,1568861898,39485310,39485389,25759104,201518
1790929910,68167320,69954318336,684955,0,,16,0,42,77,1719804,1570160228,39516280,39516361,25791051,201763
1790929911,68168916,69955219456,687533,0,,25,0,42,77,1726230,1571589946,39550976,39551051,25823481,202011
1790929912,68168336,69955383296,687533,0,,16,0,42,77,1720189,1573517692,39595816,39595896,25855093,202256
1790929913,68167380,69954666496,689439,0,,15,0,42,77,1712537,1574962948,39630899,39630980,25888084,202510
1790929914,68167392,69955219456,691168,0,,12,0,42,77,1702056,1576297484,39662220,39662302,25920498,202757
1790929915,68163776,69950672896,691168,0,,22,0,42,77,1715157,1578285105,39710251,39710333,25942856,202932
1790929916,68161384,69948542976,691168,0,,4,0,43,78,1728088,1580243414,39757848,39757917,25966029,203112
1790929917,68163016,69950197760,691168,0,,13,0,43,78,1740678,1582241585,39804933,39805014,25990005,203298
1790929918,68163844,69951578112,693368,0,,17,0,43,78,1721226,1583232024,39827831,39827910,26016298,203499
1790929919,68164556,69951692800,695612,0,,1,0,43,78,1728013,1584742319,39863857,39863944,26053455,203783
1790929920,68164588,69951021056,695805,0,,13,0,44,85,1719652,1586654691,39909449,39909531,26084597,204024
1790929922,68165560,69952782336,698493,0,,17,0,44,85,1713730,1587961597,39940234,39940306,26116790,204272
1790929923,68166304,69953560576,705795,0,,17,0,44,85,1699976,1589194164,39970313,39970398,26148377,204514
1790929924,68165848,69952483328,707072,0,,4,0,44,85,1703105,1590444429,40000465,40000552,26180621,204761
1790929925,68166968,69954506752,707426,0,,17,0,44,85,1700836,1592396800,40046615,40046696,26208561,204979
1790929926,68168008,69954510848,709173,0,,14,0,44,85,1699544,1593713824,40076804,40076890,26239562,205216
1790929927,68169292,69955870720,710059,0,,17,0,44,85,1677908,1595129933,40109229,40109309,26269810,205448
1790929928,68167340,69953851392,710059,0,,12,0,44,85,1693255,1597082807,40156215,40156300,26291206,205630
1790929929,68168476,69956325376,717027,0,,26,0,44,85,1704722,1598920795,40200024,40200107,26329532,205926
1790929930,68167196,69954469888,717027,0,,15,0,44,85,1703240,1600916112,40246668,40246751,26354311,206129
1790929931,68168068,69954596864,718094,0,,20,0,45,86,1695543,1602129934,40274064,40274143,26386778,206379
1790929932,68168828,69957218304,719019,0,,13,0,45,86,1679409,1603647122,40309488,40309564,26417231,206614
1790929933,68166696,69953441792,719019,0,,17,0,45,86,1699856,1605637137,40356388,40356464,26437892,206788
1790929934,68164144,69951094784,719019,0,,13,0,45,86,1716836,1607625733,40403341,40403421,26461904,206985
1790929935,68164192,69951721472,719019,0,,7,0,45,86,1729646,1609561562,40449629,40449708,26483508,207168
1790929936,68164772,69951733760,722163,0,,11,0,45,86,1711811,1610740275,40477525,40477600,26512590,207395
1790929938,68165204,69952188416,722693,0,,10,0,45,86,1720080,1612343190,40516252,40516339,26549036,207675
1790929939,68165360,69951995904,724652,0,,12,0,45,86,1690576,1613212819,40536025,40536110,26580952,207921
1790929940,68163928,69950869504,731230,0,,11,0,45,86,1677644,1614492451,40566699,40566780,26611357,208154
1790929941,68163292,69950214144,732468,0,,1,0,46,93,1689157,1616160185,40605689,40605776,26645686,208417
1790929942,68163104,69950328832,732736,0,,14,0,46,93,1685133,1618163562,40653533,40653614,26667821,208592
1790929943,68164824,69951533056,732736,0,,13,0,46,93,1699338,1620159448,40701390,40701466,26689180,208761
1790929944,68164760,69951946752,732736,0,,16,0,46,93,1712744,1622160010,40748884,40748965,26709351,208923
1790929945,68164920,69951881216,732736,0,,14,0,46,93,1724192,1624205673,40796185,40796263,26731326,209097
1790929946,68165604,69952851968,732736,0,,16,0,46,93,1737293,1626174571,40844164,40844237,26755165,209285
1790929947,68166720,69953470464,732736,0,,14,0,46,93,1748944,1628182344,40890923,40891006,26778683,209468
1790929949,68167080,69954080768,734715,0,,18,0,46,93,1753198,1629496630,40922752,40922832,26810137,209708
1790929950,68168440,69955219456,734939,0,,13,0,46,93,1744187,1631422320,40967318,40967398,26840813,209947
1790929951,68166080,69953859584,736779,0,,8,0,46,93,1739485,1632700980,40998407,40998485,26873547,210198
1790929952,68166936,69953695744,738017,0,,19,0,46,93,1733867,1634098202,41031346,41031424,26904208,210434
1790929953,68167484,69953716224,739309,0,,0,0,46,93,1730853,1635563250,41066062,41066149,26927989,210620
1790929954,68166528,69953544192,740867,0,,12,0,46,93,1726272,1636950970,41098917,41098998,26959843,210866
1790929955,68165420,69951934464,745526,0,,14,0,46,93,1713172,1638253904,41130665,41130744,26990765,211102
1790929956,68166416,69953404928,746695,0,,0,0,46,93,1718055,1639576310,41161646,41161733,27021230,211335
1790929957,68166916,69954191360,747890,0,,23,0,46,93,1711646,1641473625,41205206,41205285,27051665,211571
1790929958,68165812,69952540672,751528,0,,13,0,46,93,1708177,1642788772,41238004,41238083,27083377,211815
1790929959,68164796,69951184896,753099,0,,13,0,46,93,1692560,1644213280,41271319,41271400,27114823,212057
1790929960,68163844,69950230528,755351,0,,0,0,46,93,1701008,1645836512,41309395,41309482,27145877,212295
1790929961,68164368,69950513152,757865,0,,12,0,46,93,1699100,1647656968,41351144,41351206,27171526,212498
1790929962,68164092,69950779392,757865,0,,15,0,46,93,1714428,1649640459,41397397,41397476,27196071,212698
1790929963,68164464,69951930368,759238,0,,12,0,46,93,1706192,1651045341,41430946,41431028,27228073,212944
1790929964,68164700,69952438272,760028,0,,13,0,46,93,1689831,1652560046,41465385,41465465,27258942,213182
1790929965,68163792,69950197760,760028,0,,14,0,46,93,1710925,1654603480,41512448,41512514,27281519,213359
1790929966,68164160,69951098880,760028,0,,13,0,46,93,1723079,1656634555,41560997,41561075,27302206,213520
1790929968,68163180,69950332928,760028,0,,8,0,46,93,1735139,1658633825,41608481,41608543,27324299,213693
1790929969,68164220,69951664128,762319,0,,17,0,46,93,1716986,1659620277,41631352,41631433,27351824,213903
1790929970,68164152,69950283776,762764,0,,0,0,46,93,1726952,1661340165,41671800,41671887,27383814,214150
1790929971,68165716,69952413696,766615,0,,14,0,46,93,1723908,1662936904,41708496,41708579,27412686,214378
1790929972,68166544,69954043904,768111,0,,19,0,46,93,1708893,1664086792,41735107,41735190,27441478,214603
1790929973,68164664,69952647168,770617,0,,7,0,46,93,1715926,1665642530,41771434,41771521,27475225,214863
1790929974,68164732,69951700992,770731,0,,17,0,46,93,1712594,1667575159,41816166,41816244,27504027,215086
1790929975,68164788,69952012288,773614,0,,17,0,46,93,1706346,1668879687,41846834,41846915,27533906,215316
1790929976,68165468,69952937984,774445,0,,14,0,46,93,1689915,1670299530,41879901,41879980,27564032,215549
1790929977,68165332,69952147456,774445,0,,13,0,46,93,1704936,1672224908,41925182,41925254,27594245,215783
1790929978,68163536,69950476288,775169,0,,13,0,46,93,1705424,1673791478,41962455,41962536,27622630,216007
1790929979,68163280,69950480384,777122,0,,12,0,46,93,1689668,1675290543,41997284,41997360,27650397,216223
1790929980,68160568,69947412480,777122,0,,16,0,47,99,1707729,1677305390,42045172,42045249,27670215,216379
1790929981,68161744,69949128704,777122,0,,11,0,48,99,1721944,1679299354,42093213,42093294,27690772,216541
1790929982,68162548,69949583360,777122,0,,17,0,48,99,1736177,1681294728,42140718,42140800,27712531,216718
1790929983,68162300,69948923904,777122,0,,15,0,48,99,1748338,1683281560,42188348,42188427,27733040,216877
1790929984,68163180,69950349312,777122,0,,15,0,48,99,1761509,1685256503,42235447,42235525,27756243,217058
1790929985,68163788,69950717952,777122,0,,14,0,49,101,1772934,1687274060,42282815,42282890,27778776,217233
1790929987,68162968,69949607936,777122,0,,16,0,49,101,1784624,1689250713,42329961,42330030,27803222,217424
1790929988,68164224,69951426560,777122,0,,11,0,49,101,1795227,1691226370,42377088,42377167,27826782,217607
1790929989,68162380,69949759488,777122,0,,16,0,49,101,1802748,1693243850,42423558,42423638,27848184,217781
1790929990,68162400,69950230528,777122,0,,18,0,49,101,1809890,1695267097,42471323,42471392,27869425,217947
1790929991,68162912,69949546496,777122,0,,17,0,49,101,1820341,1697244874,42518350,42518431,27892672,218128
1790929992,68164224,69950636032,778321,0,,1,0,49,101,1826577,1698693937,42552809,42552896,27926113,218384
1790929993,68162308,69949554688,778806,0,,10,0,49,101,1816013,1700502304,42594869,42594949,27955402,218612
1790929994,68163288,69950283776,780464,0,,12,0,49,101,1804428,1701586958,42621594,42621651,27986734,218853
1790929995,68164796,69952278528,781621,0,,16,0,49,101,1786800,1702711306,42648867,42648948,28017429,219089
1790929996,68163288,69950218240,783299,0,,20,0,49,101,1794453,1704378777,42688313,42688392,28055997,219386
1790929998,68163668,69950828544,784250,0,,1,0,49,101,1784122,1706321275,42733078,42733165,28091258,219659
1790929999,68163628,69950103552,788060,0,,12,0,49,101,1777150,1707799848,42769023,42769080,28122110,219899
1790930000,68165256,69952999424,789635,0,,18,0,49,101,1762167,1708994777,42797493,42797569,28153731,220141
1790930001,68165852,69953363968,791294,0,,18,0,49,101,1747732,1710299227,42828907,42828990,28185651,220387
1790930002,68166544,69953810432,791919,0,,7,0,49,101,1759634,1712148989,42872579,42872666,28225438,220693
1790930003,68166908,69953110016,792022,0,,15,0,50,101,1751112,1714086696,42918197,42918278,28256485,220934
1790930004,68165724,69952344064,794246,0,,13,0,50,101,1745325,1715379145,42948429,42948507,28288170,221179
1790930005,68166848,69953585152,794848,0,,15,0,50,101,1727648,1716625844,42977498,42977576,28319406,221420
1790930006,68165596,69952823296,795405,0,,19,0,50,101,1733659,1717991269,43010080,43010159,28352607,221675
1790930007,68164644,69950799872,795405,0,,14,0,50,101,1726639,1720012541,43057757,43057840,28375263,221852
1790930008,68164236,69951152128,795405,0,,17,0,50,101,1741306,1722006282,43104735,43104821,28398904,222036
1790930009,68165128,69952663552,795405,0,,13,0,50,101,1754298,1723957634,43150798,43150878,28422080,222227
1790930011,68167516,69954789376,795405,0,,13,0,50,101,1767537,1725958068,43197921,43197998,28446013,222416
1790930012,68166800,69953806336,796129,0,,1,0,50,101,1769715,1727171499,43226982,43227069,28475759,222649
1790930013,68165016,69952266240,799107,0,,3,0,50,101,1761097,1729159394,43274339,43274426,28517979,222974
1790930014,68164368,69950775296,799232,0,,19,0,50,101,1752510,1731151537,43320190,43320270,28546611,223197
1790930015,68163116,69949771776,799923,0,,17,0,50,101,1745815,1732332209,43347506,43347590,28579676,223452
1790930016,68165316,69952012288,801123,0,,18,0,50,101,1735770,1733757948,43380293,43380361,28611785,223699
1790930018,68164888,69952626688,801793,0,,0,0,50,101,1737698,1735205044,43415278,43415365,28644854,223953
1790930019,68164960,69952675840,802230,0,,17,0,50,101,1732115,1737128718,43459242,43459323,28675820,224194
1790930020,68164472,69951389696,803673,0,,13,0,50,101,1727375,1738589378,43493025,43493106,28707898,224442
1790930021,68164468,69951696896,806119,0,,17,0,50,101,1707983,1739714336,43519173,43519253,28733699,224649
1790930022,68163000,69950181376,806119,0,,15,0,50,101,1722728,1741711362,43566502,43566583,28756995,224829
1790930023,68165416,69952499712,807835,0,,25,0,50,101,1731304,1743337093,43605022,43605106,28792653,225102
1790930024,68163636,69950840832,808005,0,,17,0,50,101,1725956,1745267654,43649752,43649834,28822918,225336
1790930025,68161952,69949321216,809747,0,,13,0,50,101,1721779,1746625425,43681692,43681765,28854731,225581
1790930026,68161688,69948055552,813523,0,,0,0,50,101,1706205,1747918400,43713448,43713535,28886099,225821
1790930027,68161616,69948751872,814694,0,,1,0,50,101,1713078,1749373170,43748446,43748533,28919701,226077
1790930028,68160260,69946863616,814846,0,,18,0,50,101,1715694,1751337651,43795049,43795123,28946307,226289
1790930029,68160476,69946843136,814846,0,,14,0,50,101,1724209,1753393761,43842760,43842839,28966474,226450
1790930030,68162036,69948903424,814846,0,,13,0,50,101,1732905,1755396311,43890868,43890944,28986631,226607
1790930032,68161556,69947891712,814846,0,,19,0,50,101,1746105,1757369750,43938250,43938333,29010408,226793
1790930033,68163336,69949919232,814846,0,,15,0,50,101,1756966,1759380947,43985396,43985473,29034981,226986
1790930034,68163276,69950435328,814846,0,,17,0,50,101,1768890,1761341354,44032772,44032851,29059384,227176
1790930035,68163368,69950259200,814846,0,,12,0,50,101,1778775,1763338789,44079310,44079391,29083559,227369
1790930036,68163656,69950050304,814846,0,,17,0,51,102,1787762,1765322806,44126158,44126236,29107620,227561
1790930037,68165340,69952012288,814846,0,,18,0,51,102,1795553,1767342927,44174047,44174123,29127809,227734
1790930038,68164544,69951197184,814846,0,,16,0,51,102,1805819,1769347644,44221402,44221479,29151343,227927
1790930039,68165496,69952954368,814846,0,,11,0,51,102,1814706,1771347933,44268259,44268339,29176040,228128
1790930040,68165032,69951954944,814846,0,,15,0,51,102,1825115,1773318733,44315709,44315791,29201247,228332
1790930041,68163848,69950656512,814846,0,,16,0,52,102,1835254,1775273843,44361642,44361720,29227548,228545
1790930042,68161668,69948547072,814846,0,,16,0,52,102,1840936,1777206977,44408613,44408690,29248850,228724
1790930043,68161600,69948178432,814846,0,,14,0,52,102,1847260,1779193105,44455918,44455998,29270434,228904
1790930044,68162080,69949075456,817094,0,,17,0,52,102,1832685,1780028487,44474770,44474851,29300548,229133
1790930045,68163316,69950476288,820762,0,,4,0,53,103,1836380,1781135162,44501106,44501193,29331556,229370
1790930046,68162772,69949374464,821493,0,,1,0,53,103,1825538,1783044924,44545541,44545628,29365890,229635
1790930047,68160904,69947961344,824148,0,,15,0,53,103,1818827,1784491903,44580564,44580639,29397012,229877
1790930048,68161428,69948309504,825929,0,,17,0,53,103,1805249,1785754272,44610374,44610455,29428841,230120
1790930049,68161892,69949120512,827250,0,,15,0,53,103,1808028,1787008272,44640603,44640686,29460327,230362
1790930051,68161876,69948555264,828121,0,,2,0,53,103,1797849,1788859753,44683495,44683582,29492820,230612
1790930052,68161652,69948526592,830099,0,,12,0,53,103,1790867,1790313517,44717860,44717939,29524027,230855
1790930053,68162844,69949755392,833193,0,,14,0,53,103,1774859,1791572626,44746363,44746443,29555966,231099
1790930054,68162580,69949173760,834515,0,,15,0,53,103,1778845,1792728706,44773239,44773317,29586837,231337
1790930055,68162920,69949784064,834964,0,,18,0,53,103,1770058,1794658847,44817654,44817734,29628198,231656
1790930056,68162096,69949476864,835279,0,,12,0,53,103,1763148,1796612165,44865252,44865333,29651686,231847
1790930057,68162176,69949083648,835786,0,,3,0,53,103,1773626,1798396204,44908443,44908527,29690790,232149
1790930059,68163256,69949882368,835834,0,,16,0,53,103,1765737,1800325702,44953362,44953441,29721496,232387
1790930060,68164084,69952307200,837324,0,,15,0,53,103,1758523,1801677681,44985437,44985516,29754582,232642
1790930061,68163788,69950152704,840852,0,,19,0,53,103,1741717,1802956507,45016263,45016344,29786989,232890
1790930062,68164972,69951635456,842578,0,,6,0,53,103,1745151,1804154638,45044619,45044697,29818977,233134
1790930063,68162608,69948948480,843247,0,,0,0,53,103,1736173,1805959072,45087985,45088072,29855504,233415
1790930064,68162856,69949730816,844741,0,,15,0,53,103,1731540,1807661695,45127804,45127888,29882466,233624
1790930065,68162028,69948104704,844741,0,,17,0,53,103,1741007,1809677078,45175387,45175466,29902634,233785
1790930066,68162484,69949628416,844741,0,,18,0,53,103,1754578,1811654241,45223200,45223283,29925801,233966
1790930067,68163572,69949665280,845598,0,,0,0,53,103,1763228,1813323991,45261668,45261755,29952019,234169
1790930068,68164232,69951139840,847874,0,,16,0,53,103,1767936,1814596949,45291671,45291749,29983270,234409
1790930069,68161312,69947912192,849578,0,,13,0,53,103,1742015,1815841352,45322208,45322283,30014163,234645
1790930070,68160860,69947490304,850732,0,,1,0,53,103,1748617,1817214726,45356313,45356400,30047894,234904
1790930071,68161900,69948997632,850969,0,,15,0,53,103,1741759,1819170837,45401889,45401972,30078060,235137
1790930072,68162580,69949939712,851959,0,,14,0,53,103,1736042,1820461702,45431723,45431801,30109116,235376
1790930073,68161228,69948006400,853118,0,,16,0,53,103,1720926,1821668372,45462437,45462514,30140762,235619
1790930075,68162368,69949526016,854266,0,,20,0,54,103,1726821,1823129772,45496898,45496981,30175014,235882
1790930076,68163904,69950799872,854266,0,,13,0,54,103,1726316,1825117655,45543413,45543492,30201223,236088
1790930077,68165660,69953114112,856572,0,,14,0,55,103,1711281,1826258723,45569629,45569705,30230898,236314
1790930078,68165376,69952503808,857642,0,,16,0,55,103,1716919,1827601256,45602316,45602399,30263822,236566
1790930079,68165352,69952012288,857642,0,,12,0,55,103,1709634,1829524963,45648441,45648522,30294901,236807
1790930080,68165004,69952978944,858344,0,,18,0,55,103,1705152,1830888828,45679801,45679880,30327259,237056
1790930081,68166604,69953064960,872306,0,,0,0,55,103,1684163,1831821402,45701468,45701555,30370839,237388
1790930082,68167560,69954273280,872706,0,,0,0,55,103,1679789,1833646286,45745288,45745375,30397556,237596
1790930083,68165588,69952311296,873584,0,,11,0,55,103,1680147,1834958675,45777298,45777379,30429553,237843
1790930084,68165604,69952573440,885708,0,,15,0,55,103,1658943,1836063370,45802873,45802954,30453740,238030
1790930085,68164436,69951639552,885708,0,,8,0,55,103,1674459,1838057759,45850971,45851049,30475374,238204
1790930087,68161752,69948833792,887901,0,,25,0,55,103,1687198,1839913929,45895485,45895567,30513591,238499
1790930088,68162208,69948813312,887989,0,,12,0,55,103,1684412,1841876036,45942413,45942493,30539252,238708
1790930089,68162908,69950046208,890120,0,,15,0,55,103,1678299,1843107641,45970210,45970290,30572113,238961
1790930090,68162368,69948932096,890603,0,,11,0,55,103,1663086,1844642621,46006038,46006116,30603617,239205
1790930091,68163532,69950160896,891014,0,,21,0,55,103,1674629,1846409793,46048544,46048626,30640961,239493
1790930092,68164172,69950545920,891014,0,,12,0,55,103,1671435,1848417064,46095720,46095798,30663577,239683
1790930093,68163420,69949550592,891014,0,,16,0,55,103,1685961,1850429876,46143339,46143417,30683775,239858
1790930094,68163556,69951238144,891014,0,,13,0,55,103,1699251,1852493896,46190578,46190655,30703968,240031
1790930095,68164196,69950595072,894117,0,,16,0,55,103,1689033,1853364751,46211505,46211576,30733387,240260
1790930096,68163428,69951066112,895192,0,,5,0,55,103,1698386,1855035140,46252437,46252517,30768370,240530
1790930097,68164028,69951176704,895846,0,,13,0,55,103,1694471,1856907128,46296916,46296994,30798879,240767
1790930098,68163644,69950423040,896908,0,,12,0,55,103,1690810,1858378246,46332295,46332371,30830217,241008
1790930100,68162664,69949022208,897806,0,,15,0,55,103,1676456,1859815403,46367504,46367581,30861628,241250
1790930101,68161884,69948477440,897806,0,,17,0,55,103,1689152,1861804616,46415424,46415507,30882133,241410
1790930102,68163712,69951377408,897806,0,,13,0,55,103,1705102,1863832469,46461861,46461939,30903035,241575
1790930103,68163424,69950496768,897806,0,,12,0,55,103,1721308,1865833954,46509219,46509296,30924129,241742
1790930104,68162872,69950025728,897806,0,,17,0,55,103,1730488,1867868822,46557578,46557659,30944299,241904
1790930105,68163952,69950857216,897806,0,,15,0,55,103,1739159,1869932138,46605645,46605725,30964458,242062
1790930106,68165452,69952368640,898543,0,,0,0,55,103,1748773,1871655438,46648849,46648936,31002389,242354
1790930107,68166144,69952815104,898962,0,,11,0,55,103,1740478,1873429032,46691808,46691872,31032839,242590
1790930108,68163868,69950234624,899492,0,,15,0,55,103,1732199,1874714862,46721470,46721546,31064342,242832
1790930109,68162796,69950398464,899492,0,,15,0,55,103,1742718,1876684632,46769079,46769161,31088787,243025
1790930110,68164172,69950533632,899492,0,,12,0,55,103,1749288,1878666450,46816287,46816363,31112131,243210
1790930111,68164824,69950951424,901250,0,,10,0,55,103,1737037,1879832775,46843968,46844048,31144430,243457
1790930112,68163544,69950402560,902271,0,,17,0,55,103,1720055,1881057798,46873867,46873945,31176032,243702
1790930114,68164284,69952258048,902989,0,,7,0,55,103,1728821,1882775579,46914101,46914188,31214595,243998
1790930115,68164884,69951520768,903521,0,,0,0,55,103,1720103,1884727279,46959795,46959882,31239858,244195
1790930116,68166616,69953376256,906701,0,,20,0,55,103,1714615,1885713953,46982571,46982652,31272600,244448
1790930117,68166320,69953531904,907414,0,,16,0,55,103,1698492,1887207247,47017357,47017438,31304767,244694
1790930118,68165780,69953171456,907414,0,,16,0,55,103,1718301,1889204180,47065034,47065114,31328567,244879
1790930119,68166276,69953466368,907414,0,,14,0,55,103,1732012,1891187231,47112407,47112485,31350933,245054
1790930120,68165756,69952442368,907414,0,,14,0,55,103,1744635,1893183007,47159965,47160048,31372782,245225
1790930121,68164176,69951524864,907414,0,,8,0,55,103,1755570,1895215807,47207106,47207174,31393569,245388
1790930122,68164716,69951856640,908370,0,,15,0,56,106,1738715,1896432314,47235649,47235732,31424431,245624
1790930123,68162872,69949493248,909852,0,,8,0,56,106,1744812,1897955163,47270858,47270945,31459380,245892
1790930124,68164220,69950578688,910415,0,,12,0,56,106,1736883,1899923689,47317453,47317530,31482352,246083
1790930125,68165216,69952647168,910415,0,,19,0,56,106,1750319,1901929512,47364421,47364505,31506394,246281
1790930126,68164184,69950574592,910415,0,,17,0,56,106,1762826,1903900890,47411874,47411954,31530483,246479
1790930127,68163904,69951590400,910415,0,,13,0,56,106,1774766,1905903064,47459468,47459549,31553119,246666
1790930128,68164316,69950676992,913630,0,,0,0,56,106,1778480,1907099453,47488246,47488333,31580523,246880
1790930129,68165216,69952299008,917159,0,,18,0,56,106,1770776,1908865578,47531574,47531652,31610542,247113
1790930131,68165784,69952466944,918622,0,,16,0,56,106,1760842,1910142250,47561849,47561931,31642306,247357
1790930132,68165812,69952229376,920782,0,,13,0,57,112,1748110,1911316514,47590371,47590445,31673430,247596
1790930133,68164268,69950910464,922517,0,,2,0,57,112,1750698,1912768928,47626014,47626101,31709590,247873
1790930134,68163548,69949890560,922953,0,,16,0,57,112,1741589,1914668918,47670773,47670838,31739744,248107
1790930135,68164284,69950930944,925463,0,,11,0,57,112,1734277,1915898554,47700315,47700394,31771543,248352
1790930136,68164708,69951344640,926454,0,,13,0,57,112,1719809,1917141320,47728778,47728852,31803293,248597
1790930137,68164668,69952073728,928835,0,,18,0,57,112,1726270,1918603544,47763894,47763979,31836715,248854
1790930138,68162424,69948989440,928989,0,,9,0,57,112,1722262,1920532136,47808868,47808949,31867441,249092
1790930139,68162204,69948760064,929736,0,,11,0,57,112,1720817,1921983722,47843064,47843138,31899604,249340
1790930140,68162544,69948854272,930689,0,,13,0,57,112,1710808,1923393588,47876036,47876116,31931211,249585
1790930141,68163812,69951430656,931158,0,,9,0,57,112,1709521,1924912277,47910709,47910796,31963915,249837
1790930142,68164588,69951717376,931908,0,,17,0,57,112,1699761,1926034494,47937337,47937414,31995427,250079
1790930143,68164404,69951528960,931908,0,,14,0,57,112,1695776,1928022063,47984877,47984953,32017330,250264
1790930144,68164652,69951762432,931908,0,,15,0,58,116,1709603,1930051926,48032154,48032234,32038099,250440
1790930145,68162124,69948948480,931908,0,,20,0,58,116,1720981,1932059433,48079782,48079865,32059324,250620
1790930146,68162592,69949681664,931908,0,,18,0,58,116,1735054,1934049330,48127329,48127409,32082138,250811
1790930148,68164964,69951860736,932803,0,,2,0,58,116,1742229,1935649412,48165485,48165572,32118806,251102
1790930149,68163668,69949980672,933192,0,,13,0,58,116,1734390,1937566898,48211374,48211457,32149228,251339
1790930150,68162304,69948751872,934474,0,,19,0,58,116,1727262,1938846515,48242696,48242769,32180890,251583
1790930151,68162336,69948788736,936261,0,,20,0,58,116,1711935,1940102551,48273174,48273235,32211998,251823
1790930152,68162036,69949571072,940412,0,,14,0,58,116,1719974,1941669655,48311268,48311352,32246006,252084
1790930153,68163172,69950017536,940412,0,,17,0,58,116,1716095,1943589240,48356769,48356854,32276140,252318
1790930154,68163496,69950324736,941860,0,,17,0,58,116,1709267,1945004343,48391473,48391548,32303061,252532
1790930155,68164480,69951619072,941860,0,,14,0,58,116,1724169,1946987817,48438990,48439072,32324348,252711
1790930156,68164752,69952118784,941860,0,,15,0,58,116,1736733,1949057163,48485909,48485989,32345531,252890
1790930157,68165312,69953179648,942867,0,,14,0,58,116,1720721,1950415667,48516372,48516451,32375512,253120
1790930159,68163940,69951156224,945197,0,,0,0,58,116,1730888,1952139032,48558833,48558920,32413824,253415
1790930160,68165412,69951954944,947383,0,,10,0,58,116,1723678,1953914987,48602128,48602206,32444156,253651
1790930161,68165060,69951553536,949540,0,,18,0,58,116,1719462,1955195391,48632115,48632194,32476060,253897
1790930162,68163944,69951074304,953695,0,,18,0,58,116,1703862,1956659606,48666563,48666642,32506510,254130
1790930163,68164208,69950521344,956098,0,,13,0,58,116,1691524,1957911097,48695585,48695665,32537385,254368
1790930164,68164684,69952077824,956098,0,,12,0,58,116,1710492,1959922444,48743164,48743242,32558429,254546
1790930165,68164836,69951414272,956098,0,,15,0,58,116,1723823,1961942293,48790562,48790642,32580487,254730
1790930166,68164828,69951729664,960381,0,,12,0,59,117,1728771,1963343751,48823384,48823464,32613979,254993
1790930167,68165428,69952008192,960423,0,,13,0,59,117,1720603,1965278043,48868943,48869023,32644537,255230
1790930168,68164864,69951959040,962555,0,,21,0,59,117,1726254,1966559856,48899273,48899356,32676383,255476
1790930169,68165924,69953069056,965090,0,,14,0,59,117,1703437,1967967519,48932860,48932940,32707977,255719
1790930170,68165504,69952602112,966158,0,,0,0,59,117,1710015,1969505330,48968906,48968993,32738476,255953
1790930171,68166272,69953703936,969743,0,,19,0,59,117,1708068,1971316945,49010464,49010539,32768412,256186
1790930172,68166336,69953486848,971044,0,,15,0,59,117,1699323,1972764125,49043489,49043572,32799088,256420
1790930174,68168040,69954752512,972606,0,,13,0,59,117,1684308,1974234358,49077157,49077233,32829468,256654
1790930175,68167364,69953511424,973498,0,,19,0,59,117,1697458,1976091841,49120809,49120890,32868215,256952
1790930176,68166656,69953282048,973498,0,,14,0,59,117,1693760,1978021803,49166204,49166285,32897872,257183
1790930177,68165932,69953826816,978115,0,,17,0,59,117,1689847,1979432840,49199141,49199223,32928949,257423
1790930178,68165552,69952933888,982916,0,,19,0,59,117,1673119,1980900730,49233662,49233749,32957947,257648
1790930179,68167612,69955825664,982916,0,,14,0,59,117,1688868,1982816579,49279573,49279653,32985501,257864
1790930180,68168064,69956022272,984469,0,,14,0,59,117,1687215,1984090380,49309952,49310037,33016069,258099
1790930181,68168932,69956124672,986007,0,,21,0,59,117,1673819,1985469164,49342550,49342629,33046419,258332
1790930182,68167504,69953896448,989407,0,,18,0,59,117,1660845,1986787451,49372747,49372825,33075860,258558
1790930183,68167612,69954772992,989407,0,,16,0,59,117,1676671,1988759286,49421073,49421154,33096182,258732
1790930184,68166020,69952376832,989407,0,,16,0,59,117,1695712,1990768013,49467928,49468008,33117875,258913
1790930185,68166140,69952999424,989407,0,,18,0,59,117,1711805,1992728373,49515319,49515396,33138660,259088
1790930186,68165768,69953142784,989407,0,,13,0,59,117,1724630,1994732992,49563105,49563191,33161363,259276
1790930187,68166892,69953527808,989407,0,,13,0,59,117,1736197,1996703197,49610753,49610837,33184666,259469
1790930188,68167688,69953818624,989407,0,,12,0,59,117,1745841,1998710739,49656512,49656593,33207037,259655
1790930190,68168704,69956177920,989407,0,,13,0,59,117,1755366,2000750199,49704305,49704383,33227226,259827
1790930191,68166792,69953396736,989407,0,,11,0,60,120,1764735,2002773092,49751680,49751763,33247414,259999
1790930192,68166948,69953433600,989407,0,,1,0,60,120,1776135,2004760302,49798281,49798339,33270671,260189
1790930193,68168284,69955747840,989407,0,,14,0,61,123,1786834,2006699645,49845655,49845738,33294551,260384
1790930194,68165020,69951004672,989407,0,,18,0,61,123,1797409,2008632566,49891487,49891567,33319545,260585
1790930195,68166056,69953687552,990729,0,,18,0,61,123,1798952,2009758183,49916808,49916891,33348224,260806
1790930196,68164812,69951897600,991632,0,,0,0,61,123,1788182,2011577922,49961526,49961613,33377853,261036
1790930197,68166384,69953531904,997544,0,,15,0,61,123,1778554,2012738015,49989351,49989432,33408325,261271
1790930198,68165392,69952516096,1000920,0,,15,0,61,123,1762870,2013887991,50017372,50017453,33439429,261509
1790930199,68164816,69951905792,1002086,0,,19,0,61,123,1769005,2015403607,50053165,50053248,33475397,261785
1790930200,68164132,69950623744,1002443,0,,15,0,61,123,1760322,2017282034,50099445,50099528,33505656,262020
1790930201,68165356,69952282624,1003309,0,,18,0,61,123,1752806,2018546271,50128650,50128734,33536782,262260
1790930202,68166560,69953253376,1004745,0,,13,0,62,125,1736752,2019799089,50157675,50157757,33568004,262500
1790930203,68165744,69952638976,1005587,0,,14,0,62,125,1741959,2021188728,50191130,50191217,33602556,262766
1790930205,68165996,69952323584,1006132,0,,0,0,62,125,1732749,2023070081,50235694,50235781,33639379,263051
1790930206,68166172,69953187840,1006746,0,,11,0,62,125,1724867,2024692862,50273466,50273548,33671264,263299
1790930207,68165236,69952872448,1007581,0,,18,0,62,125,1715124,2026041337,50306224,50306296,33704838,263558
1790930208,68163056,69949071360,1007581,0,,17,0,62,125,1729407,2028035890,50353038,50353123,33728406,263746
1790930209,68164716,69951524864,1008765,0,,15,0,62,125,1711242,2029209477,50380084,50380164,33756426,263961
1790930210,68163724,69951070208,1008765,0,,17,0,62,125,1723083,2031160180,50427968,50428048,33779596,264143
1790930211,68164120,69951229952,1008765,0,,17,0,62,125,1736620,2033112972,50474942,50475019,33805304,264344
1790930212,68163284,69949820928,1008765,0,,15,0,62,125,1749302,2035118337,50521856,50521934,33828840,264527
1790930213,68164336,69951713280,1008765,0,,15,0,62,125,1760861,2037113620,50568934,50568990,33851347,264703
1790930214,68165740,69952610304,1008765,0,,15,0,62,125,1770733,2039106787,50616247,50616324,33873713,264880
1790930215,68164952,69951803392,1008765,0,,15,0,62,125,1775751,2041138590,50664060,50664142,33893964,265039
1790930216,68166396,69953331200,1010908,0,,15,0,62,125,1774654,2041926641,50682636,50682701,33924448,265273
1790930217,68167632,69954830336,1012294,0,,17,0,62,125,1768228,2043254158,50714769,50714852,33956633,265520
1790930218,68165476,69952581632,1012294,0,,17,0,62,125,1760443,2045203602,50759724,50759803,33987539,265760
1790930219,68166200,69952557056,1013253,0,,18,0,62,125,1753247,2046586710,50792167,50792244,34017898,265994
1790930220,68164996,69951856640,1014542,0,,18,0,63,128,1741489,2047908683,50823387,50823466,34050628,266247
1790930222,68165396,69953085440,1017705,0,,2,0,63,128,1743345,2049359668,50857241,50857328,34083646,266501
1790930223,68164904,69951733760,1017763,0,,12,0,63,128,1734480,2051264706,50903012,50903091,34112508,266726
1790930224,68166152,69953269760,1019036,0,,14,0,63,128,1727364,2052339705,50929101,50929182,34141625,266949
1790930225,68165904,69953290240,1020260,0,,17,0,63,128,1708105,2053465899,50955160,50955242,34170583,267172
1790930226,68164576,69951647744,1022960,0,,4,0,63,128,1721483,2055392825,51000477,51000564,34207123,267454
1790930227,68162172,69948948480,1024822,0,,14,0,63,128,1726677,2057140236,51042849,51042928,34232987,267655
1790930228,68161680,69948182528,1024822,0,,12,0,63,128,1736112,2059110316,51090601,51090680,34253146,267813
1790930230,68163320,69950623744,1026167,0,,13,0,63,128,1737215,2060988154,51135066,51135153,34293469,268123
1790930231,68163776,69950574592,1026559,0,,8,0,63,128,1729276,2062945361,51180605,51180680,34322767,268351
1790930232,68162868,69949149184,1029397,0,,14,0,63,128,1722389,2064129682,51209003,51209081,34353826,268591
1790930233,68163512,69950324736,1032792,0,,21,0,63,128,1706731,2065419389,51239441,51239519,34384544,268828
1790930234,68163200,69950013440,1034304,0,,5,0,63,128,1715207,2067045929,51278501,51278588,34420627,269104
1790930235,68163524,69950091264,1034568,0,,15,0,63,128,1710585,2068980232,51324202,51324284,34450948,269340
1790930236,68163992,69951094784,1037872,0,,13,0,63,128,1706235,2070404597,51357838,51357914,34482507,269582
1790930237,68164100,69951455232,1039177,0,,13,0,63,128,1691055,2071790218,51390205,51390282,34513059,269817
1790930238,68164304,69951668224,1040203,0,,25,0,63,128,1700684,2073461153,51430067,51430152,34547784,270084
1790930239,68163372,69950930944,1040370,0,,15,0,63,128,1695975,2075404211,51476560,51476641,34577362,270315
1790930240,68164912,69951479808,1043382,0,,6,0,63,128,1691342,2076773551,51509047,51509123,34608018,270550
1790930241,68165396,69952258048,1044789,0,,15,0,63,128,1675907,2078110787,51541302,51541383,34638497,270785
1790930243,68166088,69952770048,1049422,0,,10,0,63,128,1686997,2079822215,51582094,51582178,34674894,271066
1790930244,68166872,69953769472,1049422,0,,11,0,63,128,1684582,2081727394,51626919,51627000,34704799,271299
1790930245,68167100,69954781184,1052240,0,,4,0,63,128,1672634,2083039457,51658114,51658201,34747400,271626
1790930246,68164180,69951782912,1052480,0,,13,0,63,128,1670617,2085076297,51705554,51705634,34769592,271812
1790930248,68166260,69954166784,1052946,0,,0,0,63,128,1683507,2086944644,51750130,51750217,34805488,272094
1790930249,68166344,69953998848,1054262,0,,12,0,63,128,1680697,2088893738,51796242,51796318,34826791,272273
1790930250,68166100,69952974848,1057146,0,,16,0,63,128,1691706,2090448404,51833685,51833771,34860938,272547
1790930251,68165696,69952540672,1058301,0,,0,0,63,128,1686428,2092282239,51876599,51876686,34888009,272769
1790930252,68165612,69952208896,1061470,0,,13,0,63,128,1680599,2093621266,51908767,51908843,34915716,272988
1790930253,68166064,69953732608,1061470,0,,14,0,63,128,1692072,2095664245,51957334,51957417,34933503,273146
1790930254,68167184,69953593344,1063027,0,,15,0,63,128,1682979,2096550256,51977930,51978008,34965010,273388
1790930256,68166928,69953093632,1064336,0,,14,0,63,128,1670065,2097966938,52011338,52011419,34996876,273633
1790930257,68166632,69954072576,1065127,0,,4,0,63,128,1681117,2099745381,52054098,52054185,35033852,273918
1790930258,68168144,69954818048,1065266,0,,17,0,63,128,1678018,2101666211,52099662,52099741,35064698,274158
1790930259,68169380,69956796416,1066041,0,,14,0,63,128,1674580,2103173775,52135501,52135582,35096026,274399
1790930260,68170060,69957005312,1067632,0,,19,0,63,128,1672679,2104091571,52157346,52157427,35118819,274574
1790930261,68167780,69954994176,1067632,0,,16,0,63,128,1668541,2106022738,52204832,52204910,35144793,274778
1790930262,68169220,69956198400,1069514,0,,18,0,63,128,1663607,2107170669,52231362,52231440,35177180,275027
1790930263,68169544,69957300224,1069514,0,,18,0,63,128,1678506,2109199269,52279032,52279111,35198050,275198
1790930264,68171220,69957664768,1069514,0,,13,0,63,128,1692842,2111222611,52326430,52326511,35219142,275378
1790930265,68172176,69958696960,1072044,0,,19,0,63,128,1693498,2112387127,52353897,52353976,35245061,275584
1790930266,68171924,69959208960,1073383,0,,11,0,63,128,1682674,2113523884,52381397,52381473,35276095,275822
1790930267,68165704,69953073152,1073445,0,,14,0,63,128,1678709,2115577896,52428752,52428830,35295741,275991
1790930269,68164400,69951795200,1074716,0,,23,0,63,128,1691082,2117150397,52467650,52467735,35331713,276274
1790930270,68165244,69951275008,1075081,0,,12,0,63,128,1686747,2119055478,52514233,52514312,35361892,276508
1790930271,68165972,69952335872,1076357,0,,12,0,63,128,1684135,2120424005,52546851,52546929,35393629,276753
1790930272,68165064,69951905792,1077416,0,,15,0,63,128,1667558,2121823225,52580460,52580538,35423369,276982
1790930273,68165612,69951975424,1077416,0,,15,0,63,128,1682632,2123877790,52628256,52628337,35445380,277167
1790930274,68165012,69952004096,1077416,0,,15,0,63,128,1695600,2125919509,52675424,52675501,35464864,277335
1790930275,68164956,69951549440,1078795,0,,0,0,63,128,1706050,2127673466,52718341,52718428,35499581,277609
1790930276,68164468,69951356928,1079863,0,,15,0,63,128,1703135,2129514691,52761347,52761426,35528584,277835
1790930277,68163240,69950324736,1085414,0,,15,0,63,128,1703232,2130856702,52793362,52793440,35559564,278073
1790930278,68164000,69951115264,1087922,0,,16,0,63,128,1678508,2132226720,52825456,52825535,35588651,278296
1790930279,68164156,69950754816,1087922,0,,18,0,63,128,1694292,2134160956,52870609,52870687,35617953,278523
1790930280,68163848,69950689280,1090600,0,,18,0,63,128,1691936,2135573360,52904020,52904099,35648742,278760
1790930281,68165744,69951852544,1092800,0,,14,0,63,128,1672007,2136685340,52930267,52930346,35674952,278961
1790930283,68161720,69948473344,1094701,0,,22,0,63,128,1684511,2138524718,52974310,52974397,35713250,279255
1790930284,68162796,69950672896,1095063,0,,13,0,63,128,1683831,2140464575,53019101,53019185,35742773,279485
1790930285,68162448,69949251584,1097849,0,,0,0,63,128,1664913,2141089014,53034675,53034762,35773898,279722
1790930286,68164024,69951156224,1101624,0,,20,0,64,131,1667733,2142764079,53074260,53074341,35801284,279938
1790930287,68165776,69952966656,1101624,0,,12,0,64,131,1678984,2144845115,53122561,53122639,35818310,280072
1790930288,68166960,69953605632,1102326,0,,0,0,64,131,1687756,2146425844,53161279,53161366,35846654,280289
1790930289,68165804,69952442368,1103557,0,,13,0,64,131,1683015,2148185918,53204217,53204296,35868802,280461
1790930290,68166164,69953597440,1103557,0,,17,0,64,131,1698885,2150247601,53252613,53252682,35886805,280605
1790930292,68165384,69952802816,1104884,0,,19,0,65,137,1711292,2151693473,53288227,53288312,35920424,280865
1790930293,68164892,69951500288,1105233,0,,14,0,65,137,1708371,2153722844,53336024,53336104,35942857,281042
1790930294,68165488,69952118784,1105233,0,,6,0,65,137,1723061,2155690132,53381530,53381611,35964778,281223
1790930295,68166316,69953748992,1105233,0,,13,0,65,137,1732076,2157702143,53428287,53428362,35984969,281396
1790930296,68167528,69954445312,1107418,0,,14,0,65,137,1717418,2158533730,53447654,53447736,36011580,281606
1790930297,68167524,69953683456,1107697,0,,0,0,65,137,1730138,2160437523,53493946,53494033,36040330,281834
1790930298,68166580,69952634880,1110758,0,,13,0,65,137,1726499,2161716830,53523821,53523892,36071415,282074
1790930299,68164416,69951016960,1113343,0,,17,0,65,137,1709938,2163079181,53556392,53556468,36101834,282309
1790930300,68165608,69952753664,1113343,0,,17,0,65,137,1726504,2165100696,53602973,53603049,36122554,282484
1790930301,68164232,69951102976,1113343,0,,17,0,65,137,1739879,2167152540,53650155,53650234,36143977,282665
1790930303,68165296,69951942656,1114393,0,,23,0,65,137,1743387,2168456339,53681448,53681530,36174137,282907
1790930304,68166396,69953851392,1114442,0,,14,0,65,137,1736002,2170384828,53726746,53726828,36204923,283146
1790930305,68167908,69954633728,1116656,0,,12,0,65,137,1733185,2171748111,53759134,53759216,36236774,283391
1790930306,68167456,69954400256,1117430,0,,16,0,65,137,1713874,2173201695,53792350,53792427,36264920,283611
1790930307,68166836,69953785856,1117430,0,,9,0,65,137,1727011,2175202676,53839475,53839557,36286611,283793
1790930308,68168736,69956243456,1117430,0,,14,0,65,137,1739839,2177198414,53886199,53886271,36309323,283980
1790930309,68168328,69956063232,1117430,0,,20,0,65,137,1753312,2179146085,53933915,53933994,36332318,284170
1790930310,68168416,69955137536,1117430,0,,16,0,65,137,1764258,2181151900,53981320,53981396,36354617,284356
1790930311,68168384,69955616768,1117430,0,,19,0,65,137,1776722,2183107772,54029088,54029172,36376859,284540
1790930312,68169104,69955842048,1117430,0,,14,0,65,137,1788432,2185084717,54076270,54076351,36399740,284726
1790930313,68169264,69956505600,1117430,0,,16,0,65,137,1798557,2187064693,54123294,54123373,36423927,284922
1790930314,68168948,69955682304,1117430,0,,11,0,65,137,1807605,2188981666,54169534,54169611,36448248,285121
1790930315,68168704,69956763648,1121435,0,,16,0,65,137,1788789,2189926594,54191332,54191410,36474867,285329
1790930316,68168632,69955330048,1121882,0,,0,0,65,137,1796024,2191398778,54225608,54225695,36504121,285555
1790930317,68165868,69953568768,1123254,0,,12,0,65,137,1787694,2192943984,54261744,54261824,36533317,285783
1790930318,68165720,69952360448,1124919,0,,16,0,65,137,1771825,2194108472,54288717,54288769,36564188,286019
1790930319,68166868,69954555904,1126580,0,,20,0,65,137,1776752,2195321234,54318385,54318468,36595588,286260
1790930321,68168032,69955223552,1127377,0,,0,0,65,137,1767098,2197222050,54363191,54363278,36632410,286545
1790930322,68167652,69954375680,1129438,0,,12,0,65,137,1761969,2198787146,54400859,54400938,36663029,286783
1790930323,68168572,69956091904,1130337,0,,15,0,65,137,1749785,2200099735,54433212,54433289,36692912,287015
1790930324,68168332,69956100096,1131160,0,,10,0,65,137,1756956,2201752057,54471260,54471342,36726251,287272
1790930325,68165280,69952163840,1131173,0,,4,0,65,137,1749948,2203679653,54516688,54516754,36756128,287504
1790930326,68166352,69953536000,1132541,0,,13,0,65,137,1745012,2204981824,54548053,54548132,36787703,287747
1790930327,68167992,69954707456,1133192,0,,18,0,65,137,1738639,2206381687,54580524,54580607,36818908,287988
1790930328,68166684,69954428928,1134283,0,,18,0,65,137,1738084,2208042074,54618917,54618995,36853269,288252
1790930329,68167444,69953585152,1134340,0,,11,0,65,137,1729134,2209998320,54665115,54665191,36883719,288489
1790930330,68167560,69954772992,1135251,0,,17,0,65,137,1723868,2211279500,54695029,54695105,36914691,288728
1790930331,68165964,69953425408,1135251,0,,12,0,65,137,1735383,2213286109,54742635,54742715,36938101,288924
1790930332,68165360,69952512000,1135251,0,,13,0,65,137,1746074,2215278072,54790331,54790409,36958293,289098
1790930333,68165288,69952471040,1135251,0,,13,0,65,137,1756250,2217349987,54837588,54837666,36978482,289270
1790930334,68167100,69954813952,1135251,0,,8,0,65,137,1766019,2219346832,54885896,54885981,36999659,289448
1790930335,68169112,69956096000,1135251,0,,14,0,65,137,1779143,2221348543,54933014,54933087,37021924,289633
1790930337,68168956,69955420160,1135251,0,,15,0,65,137,1790961,2223353925,54980115,54980194,37043976,289816
1790930338,68167712,69954441216,1135251,0,,15,0,66,149,1803031,2225337203,55027378,55027456,37067392,290008
1790930339,68168176,69955108864,1135251,0,,16,0,66,149,1813307,2227298307,55074589,55074662,37091059,290202
1790930340,68167044,69953470464,1135251,0,,13,0,66,149,1824342,2229172649,55122098,55122164,37115708,290401
1790930341,68166476,69954174976,1135251,0,,14,0,66,149,1836248,2231148931,55168605,55168683,37139364,290594
1790930342,68166920,69954121728,1135251,0,,11,0,66,149,1841731,2233144975,55215969,55216044,37160208,290771
1790930343,68165720,69952901120,1135251,0,,19,0,66,149,1848991,2235169916,55262982,55263059,37182197,290954
1790930344,68165484,69953183744,1136810,0,,25,0,66,149,1855620,2236844900,55302075,55302159,37220675,291256
1790930346,68167116,69955158016,1137800,0,,27,0,66,149,1844887,2238742463,55347329,55347415,37263144,291583
1790930347,68166400,69953318912,1138182,0,,0,0,66,149,1833576,2240648869,55391189,55391276,37298253,291855
1790930348,68164992,69952323584,1139310,0,,10,0,66,149,1824632,2242100442,55427049,55427132,37329132,292095
1790930349,68166012,69952417792,1141195,0,,14,0,66,149,1808495,2243218338,55454770,55454849,37360360,292334
1790930350,68166180,69954129920,1143220,0,,1,0,66,149,1811296,2244234585,55479066,55479153,37390230,292563
1790930352,68164276,69951438848,1145251,0,,11,0,66,149,1800655,2246070697,55523075,55523162,37432611,292888
1790930353,68163056,69949902848,1147264,0,,21,0,66,149,1789820,2247829993,55565777,55565860,37474988,293215
1790930354,68163752,69951111168,1148911,0,,0,0,66,149,1780991,2249759919,55611481,55611568,37504090,293440
1790930355,68165260,69951893504,1151800,0,,14,0,67,150,1780097,2250939191,55639285,55639363,37536523,293689
1790930356,68164988,69951827968,1153335,0,,16,0,67,150,1758467,2252225169,55669717,55669796,37567461,293927
1790930357,68164764,69951651840,1154112,0,,22,0,67,150,1764769,2253617107,55702892,55702974,37602116,294193
1790930359,68165280,69952176128,1160855,0,,6,0,67,150,1756536,2255510300,55748185,55748263,37644397,294519
1790930360,68166764,69952897024,1161067,0,,13,0,67,150,1748386,2257406351,55793144,55793223,37675175,294759
1790930361,68165212,69952614400,1163082,0,,14,0,67,150,1741442,2258705498,55822767,55822841,37707235,295005
1790930362,68164204,69950578688,1164549,0,,17,0,67,150,1728126,2259921801,55851918,55851982,37738899,295249
1790930363,68165692,69953122304,1166254,0,,2,0,67,150,1729820,2261172050,55881612,55881699,37771694,295501
1790930364,68165668,69952040960,1166827,0,,0,0,67,150,1720955,2263043304,55926221,55926308,37804504,295756
1790930365,68166812,69954002944,1168758,0,,13,0,68,152,1714375,2264441374,55959169,55959172,37836194,296001
1790930366,68167864,69954830336,1170102,0,,18,0,68,152,1701811,2265679325,55989102,55989183,37868005,296245
1790930367,68168184,69954883584,1171600,0,,17,0,68,152,1707307,2266980881,56019458,56019539,37899152,296483
1790930368,68167364,69954256896,1171600,0,,18,0,68,152,1700102,2268884787,56065109,56065190,37929814,296721
1790930369,68164872,69951250432,1176311,0,,16,0,68,152,1693037,2270236527,56097436,56097516,37957122,296931
1790930371,68163752,69950873600,1179269,0,,17,0,68,152,1701019,2271684926,56131180,56131243,37990529,297187
1790930372,68161820,69948379136,1179269,0,,19,0,68,152,1698811,2273683322,56178228,56178310,38015605,297386
1790930373,68162916,69950017536,1182270,0,,16,0,68,152,1688944,2274803184,56203327,56203404,38046209,297620
1790930374,68164024,69951676416,1191412,0,,16,0,68,152,1677147,2275975158,56231944,56232021,38076198,297851
1790930375,68164888,69952573440,1191412,0,,14,0,68,152,1693531,2278013918,56280050,56280126,38096012,298009
1790930376,68165072,69951696896,1191412,0,,17,0,68,152,1706634,2279977295,56326575,56326653,38118509,298187
1790930377,68165880,69952794624,1191412,0,,15,0,68,152,1718995,2281915674,56373659,56373740,38141658,298377
1790930378,68165236,69952372736,1191412,0,,18,0,68,152,1732580,2283897135,56420900,56420975,38164729,298565
1790930379,68163488,69949829120,1191412,0,,18,0,68,152,1745986,2285880113,56468058,56468139,38187840,298754
1790930380,68163904,69950619648,1191412,0,,13,0,68,152,1754398,2287880039,56515097,56515166,38208331,298928
1790930381,68162124,69948923904,1193355,0,,15,0,68,152,1738517,2288846099,56537738,56537817,38237930,299155
1790930382,68162784,69949616128,1194719,0,,17,0,68,152,1744615,2290106375,56568460,56568544,38270945,299407
1790930384,68162624,69949476864,1196807,0,,2,0,68,152,1734792,2292010265,56613238,56613325,38313293,299732
1790930385,68162148,69948669952,1197100,0,,12,0,68,152,1727600,2293946335,56659004,56659086,38342680,299960
1790930386,68163648,69951275008,1199572,0,,12,0,68,152,1718746,2295172713,56687164,56687243,38373400,300195
1790930387,68163592,69951500288,1201115,0,,17,0,68,152,1702997,2296299346,56714971,56715055,38404524,300433
1790930388,68164100,69951176704,1206143,0,,14,0,68,152,1709770,2297772761,56749672,56749754,38440444,300708
1790930389,68164348,69950681088,1207556,0,,0,0,68,152,1700617,2299599444,56794221,56794308,38478451,301001
1790930391,68163296,69950402560,1208444,0,,19,0,68,152,1697231,2301300720,56832804,56832879,38508391,301233
1790930392,68164028,69950881792,1213143,0,,15,0,69,152,1688350,2302713070,56864989,56865069,38539363,301471
1790930393,68164664,69952335872,1214620,0,,15,0,69,152,1672215,2304080108,56897307,56897387,38569798,301706
1790930394,68164240,69950603264,1214620,0,,12,0,69,152,1687501,2305982184,56943454,56943534,38599625,301936
1790930395,68166016,69954502656,1217655,0,,13,0,69,152,1686003,2307366597,56976723,56976800,38630002,302171
1790930396,68167464,69954445312,1221325,0,,11,0,69,152,1671712,2308721066,57008044,57008121,38660272,302405
1790930397,68166488,69954228224,1222066,0,,18,0,69,152,1679233,2310265424,57044682,57044764,38693467,302661
1790930398,68165228,69951885312,1222066,0,,12,0,69,152,1674992,2312200660,57091215,57091299,38722880,302891
1790930399,68166088,69952372736,1222927,0,,13,0,69,152,1668558,2313509916,57122663,57122738,38752949,303123
1790930400,68167600,69954895872,1228661,0,,16,0,69,152,1652927,2314803133,57153433,57153509,38782972,303355
1790930401,68165492,69953212416,1231374,0,,20,0,69,152,1664786,2316588790,57195757,57195838,38820461,303644
1790930402,68166372,69953302528,1231374,0,,10,0,69,152,1661748,2318537932,57241444,57241528,38850136,303875
1790930403,68167016,69953929216,1232096,0,,15,0,69,152,1657283,2319926717,57274678,57274756,38880592,304110
1790930404,68167756,69954764800,1236849,0,,16,0,69,152,1639059,2321091616,57303231,57303309,38907377,304321
1790930406,68167964,69954433024,1236849,0,,16,0,69,152,1653904,2322970126,57348482,57348561,38937246,304553
1790930407,68167624,69954584576,1245130,0,,9,0,69,152,1652055,2324416016,57382286,57382365,38968331,304792
1790930408,68169160,69956440064,1245716,0,,12,0,69,152,1635783,2325741254,57414391,57414473,38997681,305019
1790930409,68166288,69953703936,1246854,0,,18,0,69,152,1625432,2326769305,57438715,57438795,39028759,305258
1790930410,68166884,69954768896,1247510,0,,16,0,69,152,1633611,2328331968,57475803,57475866,39060500,305503
1790930411,68165540,69952442368,1247510,0,,15,0,69,152,1631041,2330223639,57521459,57521539,39090763,305739
1790930412,68165876,69952798720,1248129,0,,20,0,69,152,1627016,2331675551,57556114,57556190,39121607,305977
1790930413,68166944,69953622016,1249189,0,,15,0,69,152,1610052,2333128205,57590584,57590664,39149805,306198
1790930414,68165920,69953155072,1249189,0,,12,0,69,152,1633972,2335061362,57637540,57637614,39174306,306397
1790930415,68167472,69954691072,1249189,0,,13,0,69,152,1643821,2337146498,57685651,57685732,39189962,306541
1790930416,68167216,69953654784,1249189,0,,13,0,69,152,1658514,2339193062,57732415,57732499,39207699,306697
1790930417,68166960,69954420736,1249189,0,,13,0,69,152,1674616,2341187727,57778781,57778859,39228120,306870
1790930418,68166956,69953998848,1250091,0,,0,0,69,152,1683521,2342656328,57814145,57814232,39257051,307104
1790930419,68166536,69953204224,1250494,0,,10,0,69,152,1681056,2344339106,57855368,57855447,39283328,307315
1790930420,68166372,69953314816,1250494,0,,16,0,69,152,1694010,2346338723,57902283,57902364,39303528,307489
1790930422,68166744,69954416640,1250494,0,,11,0,70,152,1707157,2348334683,57950254,57950330,39323722,307662
1790930423,68166668,69953888256,1250494,0,,11,0,70,152,1720753,2350338870,57997505,57997588,39343978,307835
1790930424,68167504,69953937408,1250494,0,,13,0,70,152,1729372,2352342647,58044843,58044919,39364170,308008
1790930425,68167900,69954887680,1250494,0,,19,0,70,152,1740862,2354316899,58091268,58091346,39386543,308193
1790930426,68166532,69953740800,1250494,0,,18,0,70,152,1753669,2356319831,58138010,58138089,39409564,308383
1790930427,68165612,69952507904,1252026,0,,20,0,70,152,1759165,2357844872,58174363,58174435,39444883,308661
1790930428,68167164,69954375680,1252026,0,,18,0,70,152,1750393,2359720409,58220141,58220223,39473830,308886
1790930429,68167348,69954547712,1253558,0,,16,0,71,153,1740388,2360937625,58247737,58247821,39503841,309117
1790930430,68168040,69955026944,1255037,0,,5,0,71,153,1724590,2362101354,58275208,58275292,39534448,309353
1790930432,68168892,69955936256,1256295,0,,4,0,71,153,1732413,2363681009,58314072,58314159,39572022,309642
1790930433,68170508,69957132288,1256626,0,,19,0,71,153,1726207,2365571907,58359615,58359696,39602261,309877
1790930434,68169292,69956284416,1257259,0,,16,0,71,153,1722251,2366910322,58391191,58391272,39633256,310116
1790930435,68167520,69954457600,1257259,0,,12,0,71,153,1733098,2368976066,58437294,58437374,39654308,310295
1790930436,68166888,69954351104,1257259,0,,4,0,72,155,1744217,2370934766,58482940,58483005,39676958,310483
1790930437,68166004,69952917504,1257259,0,,13,0,72,155,1749906,2372952885,58530228,58530302,39697349,310658
1790930438,68165244,69951885312,1257259,0,,19,0,72,155,1758813,2374922885,58577876,58577953,39718196,310835
1790930439,68164212,69951619072,1257259,0,,2,0,72,155,1769871,2376909263,58623794,58623869,39740169,311018
1790930440,68164912,69951569920,1257259,0,,14,0,72,155,1782610,2378850697,58670515,58670593,39764734,311217
1790930441,68165116,69952245760,1257259,0,,16,0,74,158,1793828,2380816158,58717525,58717607,39789475,311418
1790930442,68166656,69953286144,1257259,0,,16,0,74,158,1804445,2382808503,58763951,58764028,39813086,311609
1790930443,68166840,69953798144,1257259,0,,13,0,74,158,1813053,2384751372,58810937,58811019,39836238,311799
1790930444,68168760,69955493888,1257259,0,,16,0,74,158,1822937,2386706291,58857760,58857839,39860489,311996
1790930445,68169204,69956493312,1257259,0,,10,0,74,158,1828440,2388647086,58904502,58904582,39881410,312173
1790930446,68169512,69957271552,1257259,0,,14,0,74,158,1836740,2390614769,58951375,58951458,39902421,312349
1790930447,68170288,69957562368,1257259,0,,17,0,74,158,1849244,2392596505,58997856,58997939,39924659,312533
1790930449,68171312,69958361088,1259782,0,,15,0,74,158,1856516,2394337622,59038028,59038115,39962382,312828
1790930450,68168300,69954752512,1259936,0,,15,0,74,158,1847227,2396297885,59083824,59083899,39990951,313050
1790930451,68168900,69956689920,1261090,0,,13,0,74,158,1839519,2397450967,59110574,59110637,40021325,313284
1790930452,68165076,69952274432,1261919,0,,11,0,74,158,1821072,2398674992,59140127,59140207,40051746,313518
1790930453,68165248,69952425984,1262300,0,,8,0,75,158,1829748,2400399800,59181685,59181764,40089667,313810
1790930454,68166744,69953691648,1262300,0,,17,0,75,158,1823000,2402334242,59225743,59225823,40119774,314044
1790930455,68166920,69953982464,1263362,0,,16,0,75,158,1816043,2403740595,59258735,59258813,40151480,314288
1790930456,68168332,69955600384,1263891,0,,18,0,75,158,1800510,2405130206,59290609,59290686,40182512,314527
1790930457,68164956,69951840256,1265384,0,,0,0,75,158,1804587,2406513917,59324327,59324414,40212572,314759
1790930458,68162868,69949423616,1266120,0,,19,0,75,158,1798888,2408129197,59363437,59363519,40242704,314993
1790930459,68163144,69949739008,1267195,0,,10,0,75,158,1788364,2409450089,59395035,59395109,40273347,315228
1790930460,68164868,69952028672,1267195,0,,15,0,75,158,1800820,2411404631,59441833,59441916,40296648,315421
1790930462,68165996,69953421312,1270373,0,,16,0,75,158,1800647,2412457044,59466312,59466385,40323625,315636
1790930463,68164964,69951594496,1271007,0,,1,0,75,158,1791183,2414374114,59510956,59511043,40357911,315900
1790930464,68165220,69952135168,1273045,0,,14,0,76,164,1784921,2415888510,59547749,59547827,40388598,316139
1790930465,68166464,69953650688,1275425,0,,18,0,76,164,1771217,2417118410,59577165,59577249,40420181,316380
1790930466,68165288,69953236992,1277216,0,,17,0,76,164,1754097,2418274255,59605901,59605981,40451326,316620
1790930467,68166692,69954142208,1278685,0,,24,0,76,164,1764704,2420083927,59649081,59649165,40491589,316929
1790930468,68167080,69953761280,1278889,0,,16,0,76,164,1756389,2421973956,59695024,59695111,40521697,317164
1790930469,68167476,69954969600,1281215,0,,15,0,76,164,1750372,2423149406,59723694,59723766,40553324,317407
1790930470,68167268,69954457600,1283485,0,,16,0,76,164,1736293,2424436492,59754308,59754390,40584523,317646
1790930471,68166988,69954334720,1285243,0,,4,0,76,164,1744331,2425955088,59790502,59790589,40618796,317909
1790930472,68168324,69955264512,1285671,0,,19,0,76,164,1737521,2427829673,59836175,59836260,40649350,318146
1790930474,68169580,69956341760,1288119,0,,16,0,76,164,1733129,2429120882,59866005,59866086,40680525,318386
1790930475,68169816,69957111808,1290004,0,,16,0,76,164,1717455,2430476760,59896287,59896370,40711647,318624
1790930476,68168920,69955923968,1291831,0,,5,0,76,164,1724038,2431837972,59928743,59928830,40745909,318886
1790930477,68169168,69956177920,1292372,0,,17,0,76,164,1717946,2433747876,59973623,59973705,40776097,319121
1790930478,68170216,69957005312,1294101,0,,19,0,76,164,1711546,2435058101,60004733,60004816,40807733,319364
1790930479,68170680,69957988352,1299119,0,,14,0,76,164,1696444,2436322007,60033788,60033863,40837543,319595
1790930480,68169864,69956194304,1299119,0,,18,0,76,164,1708275,2438373780,60081074,60081150,40858857,319769
1790930481,68168712,69956157440,1299119,0,,13,0,76,164,1723100,2440353848,60128425,60128506,40881516,319948
1790930482,68168488,69955477504,1299119,0,,13,0,76,164,1735822,2442300774,60175411,60175492,40904749,320129
1790930483,68169508,69956567040,1301162,0,,9,0,76,164,1743164,2443696932,60208905,60208992,40938374,320387
1790930484,68166908,69953347584,1301391,0,,16,0,76,164,1736354,2445601943,60254888,60254963,40967958,320616
1790930485,68167808,69954940928,1302655,0,,15,0,76,164,1729896,2446826790,60283760,60283839,40998529,320851
1790930486,68164452,69951647744,1304578,0,,16,0,76,164,1712786,2448063881,60312678,60312756,41029057,321086
1790930488,68164300,69950910464,1305652,0,,0,0,76,164,1721775,2449684931,60351173,60351260,41061506,321335
1790930489,68165328,69951778816,1306363,0,,17,0,76,164,1717789,2451331291,60390574,60390640,41091123,321564
1790930490,68165932,69952860160,1311206,0,,11,0,76,164,1710935,2452642505,60421012,60421085,41121783,321798
1790930491,68165572,69952733184,1312571,0,,14,0,76,164,1689457,2453882336,60450679,60450759,41152540,322035
1790930492,68164428,69950783488,1312571,0,,15,0,76,164,1703955,2455799379,60496004,60496084,41182412,322267
1790930493,68165800,69953011712,1315290,0,,15,0,76,164,1702714,2457170846,60528305,60528380,41213234,322503
1790930494,68164856,69951041536,1317510,0,,0,0,76,164,1681547,2458208062,60553599,60553686,41249738,322782
1790930495,68164104,69950992384,1318854,0,,14,0,76,164,1682113,2459681744,60588709,60588786,41280373,323021
1790930496,68164624,69951537152,1319965,0,,11,0,76,164,1675508,2461100014,60622484,60622569,41312160,323264
1790930497,68164456,69952086016,1320848,0,,17,0,76,164,1674319,2462470398,60654862,60654938,41342948,323499
1790930498,68163024,69950599168,1320848,0,,11,0,76,164,1668847,2464454642,60702899,60702969,41364422,323668
1790930499,68163888,69950730240,1320848,0,,4,0,76,164,1684723,2466446199,60750137,60750221,41383882,323821
1790930500,68164968,69951823872,1320848,0,,14,0,76,164,1703037,2468389118,60797169,60797246,41406394,324001
1790930501,68166340,69953232896,1320848,0,,9,0,76,164,1711797,2470412323,60844609,60844664,41426551,324158
1790930503,68167256,69953630208,1322078,0,,0,0,76,164,1723151,2472227085,60888137,60888224,41465922,324461
1790930504,68168312,69955276800,1322614,0,,18,0,76,164,1714686,2474025391,60931412,60931490,41497268,324705
1790930505,68169340,69957058560,1324760,0,,15,0,76,164,1709280,2475321062,60962747,60962824,41528473,324945
1790930506,68170216,69956681728,1325627,0,,23,0,76,164,1694562,2476582803,60992918,60993001,41558914,325180
1790930507,68168912,69956644864,1326201,0,,21,0,76,164,1702643,2478262721,61032162,61032243,41594013,325450
1790930508,68166268,69952610304,1326543,0,,12,0,76,164,1696188,2480250814,61078851,61078929,41616222,325626
1790930509,68166820,69953482752,1326543,0,,11,0,76,164,1709180,2482225986,61125864,61125943,41638155,325802
1790930510,68166640,69953056768,1326543,0,,19,0,76,164,1723536,2484179495,61172551,61172633,41662092,325998
1790930511,68167672,69955366912,1326543,0,,17,0,76,164,1734984,2486163364,61219575,61219655,41685418,326190
1790930513,68167516,69954703360,1328708,0,,13,0,76,164,1739237,2487432314,61249765,61249851,41718060,326448
1790930514,68167584,69954244608,1329064,0,,0,0,76,164,1728924,2489336118,61294609,61294696,41748428,326684
1790930515,68166724,69953634304,1330045,0,,14,0,76,164,1720563,2490520658,61323195,61323244,41779939,326927
1790930516,68168348,69955284992,1331626,0,,19,0,76,164,1705066,2491702159,61350945,61351025,41811148,327167
1790930517,68168936,69956157440,1332578,0,,1,0,76,164,1709999,2493131374,61384162,61384249,41844568,327425
1790930518,68170068,69957955584,1333336,0,,6,0,76,164,1699365,2494263736,61410782,61410869,41876040,327675
1790930519,68169044,69956009984,1333514,0,,16,0,76,164,1695016,2496275969,61458073,61458156,41895702,327838
1790930520,68169564,69957074944,1333514,0,,17,0,76,164,1708731,2498245203,61505472,61505552,41918058,328016
1790930521,68168472,69955944448,1333514,0,,11,0,76,164,1722291,2500190572,61552325,61552400,41942724,328208
1790930522,68167136,69954588672,1333514,0,,16,0,76,164,1732431,2502191135,61598618,61598694,41965493,328388
1790930523,68167324,69954269184,1333514,0,,13,0,77,164,1743892,2504130776,61645393,61645473,41990344,328582
1790930524,68167168,69953835008,1333514,0,,17,0,77,164,1754415,2506069621,61692213,61692296,42014703,328773
1790930525,68165488,69952131072,1333514,0,,15,0,77,164,1761434,2508049603,61739520,61739601,42036947,328950
1790930527,68164580,69951684608,1333514,0,,15,0,77,164,1768143,2510056017,61786258,61786339,42057115,329112
1790930528,68165712,69953380352,1333514,0,,16,0,77,164,1779903,2512020976,61832479,61832555,42080306,329295
1790930529,68166140,69953191936,1333514,0,,9,0,77,164,1791622,2513977998,61878356,61878434,42104296,329490
1790930530,68167016,69953417216,1333514,0,,16,0,77,164,1802946,2515955009,61925442,61925519,42128352,329686
1790930531,68165196,69952229376,1333514,0,,16,0,77,164,1813062,2517876766,61971637,61971719,42150203,329866
1790930532,68165772,69952610304,1334557,0,,9,0,77,164,1813136,2518864679,61994408,61994495,42178144,330082
1790930533,68167124,69954314240,1334700,0,,11,0,77,164,1804798,2520853941,62041657,62041738,42200343,330256
1790930534,68166792,69953966080,1334700,0,,13,0,77,164,1816940,2522848248,62088507,62088591,42222476,330430
1790930535,68165856,69953785856,1334700,0,,9,0,77,164,1829432,2524786592,62135197,62135279,42246252,330616
1790930536,68167088,69954228224,1335594,0,,0,0,77,164,1832480,2526192578,62168986,62169073,42280098,330885
1790930537,68166432,69952831488,1336156,0,,13,0,77,164,1823034,2528009350,62211454,62211531,42309191,331111
1790930538,68165576,69952495616,1336636,0,,19,0,77,164,1812002,2529243633,62240004,62240083,42340009,331348
1790930539,68165244,69952376832,1336636,0,,10,0,77,164,1821390,2531144037,62285992,62286072,42363729,331537
1790930540,68165000,69951610880,1336636,0,,9,0,77,164,1827570,2533100177,62333252,62333332,42386291,331714
1790930542,68165020,69951819776,1336636,0,,9,0,77,164,1834520,2535012018,62379668,62379748,42406459,331875
1790930543,68164860,69951991808,1336636,0,,14,0,77,164,1845545,2537032810,62425692,62425772,42429244,332064
1790930544,68164216,69950787584,1336636,0,,7,0,77,164,1855165,2538954962,62472507,62472587,42453796,332263
1790930545,68164152,69951520768,1337456,0,,0,0,77,164,1858116,2540277748,62503599,62503686,42486777,332525
1790930546,68164772,69951631360,1338712,0,,15,0,77,164,1848041,2542138238,62548009,62548090,42516699,332758
1790930547,68163288,69949833216,1341723,0,,17,0,77,164,1838806,2543361535,62577020,62577100,42548012,332999
1790930548,68164724,69952118784,1345148,0,,11,0,77,164,1822162,2544571418,62606049,62606130,42579783,333243
1790930549,68163944,69951541248,1346100,0,,22,0,77,164,1827188,2545972636,62639613,62639693,42614270,333508
1790930551,68164112,69950443520,1347266,0,,5,0,77,164,1816320,2547853991,62683765,62683852,42656706,333834
1790930552,68165396,69951991808,1347693,0,,0,0,77,164,1805350,2549680179,62726766,62726853,42687451,334073
1790930553,68163680,69950525440,1348746,0,,15,0,77,164,1799785,2550893816,62756849,62756930,42719693,334321
1790930554,68165588,69952131072,1349376,0,,7,0,77,164,1782545,2552249295,62788113,62788189,42749649,334553
1790930555,68165520,69952131072,1349376,0,,19,0,77,164,1795123,2554203114,62835103,62835185,42771269,334735
1790930556,68167384,69955096576,1350733,0,,18,0,77,164,1782626,2555185673,62858359,62858439,42803911,334985
1790930557,68167040,69953687552,1352050,0,,15,0,77,164,1765980,2556570806,62890129,62890196,42835636,335230
1790930558,68166408,69952782336,1352050,0,,14,0,77,164,1778927,2558407341,62934367,62934449,42867599,335477
1790930559,68166748,69954650112,1353038,0,,17,0,77,164,1774672,2559864006,62968465,62968544,42899792,335728
1790930560,68168708,69955297280,1353572,0,,11,0,78,167,1766878,2561292081,63002453,63002537,42931958,335975
1790930561,68166084,69953232896,1354974,0,,16,0,78,167,1742789,2562672933,63034515,63034597,42963057,336215
1790930562,68167348,69953835008,1355476,0,,0,0,78,167,1754153,2564547389,63079106,63079193,42995035,336464
1790930563,68165840,69952684032,1356611,0,,16,0,78,167,1748981,2565981979,63112627,63112706,43026203,336706
1790930564,68166432,69953343488,1357530,0,,16,0,78,167,1733553,2567295643,63143280,63143362,43057739,336948
1790930566,68166928,69953740800,1362484,0,,11,0,78,167,1738687,2568658376,63175204,63175283,43089584,337193
1790930567,68166204,69953097728,1362484,0,,15,0,78,167,1730854,2570529810,63219670,63219752,43120545,337433
1790930568,68164628,69951750144,1363128,0,,0,0,78,167,1726089,2571923587,63252550,63252632,43152402,337679
1790930569,68164512,69951897600,1364097,0,,22,0,78,167,1708707,2573338038,63285658,63285739,43180429,337893
1790930570,68163548,69950382080,1364097,0,,10,0,78,167,1722370,2575272092,63331983,63332063,43202604,338075
1790930571,68165408,69951483904,1364690,0,,0,0,78,167,1732521,2576992768,63372919,63373006,43232510,338307
1790930572,68166972,69953892352,1365953,0,,14,0,78,167,1727749,2578432317,63406690,63406771,43262883,338543
1790930573,68166464,69953773568,1365953,0,,15,0,78,167,1738634,2580392921,63454354,63454431,43283150,338702
1790930574,68165800,69952409600,1365953,0,,13,0,78,167,1748359,2582367804,63502019,63502101,43303355,338861
1790930575,68167092,69952294912,1365953,0,,11,0,78,167,1757834,2584339723,63548219,63548297,43324247,339025
1790930576,68167416,69954088960,1365953,0,,11,0,78,167,1770284,2586237623,63592662,63592738,43351570,339237
1790930577,68166736,69953708032,1368093,0,,15,0,78,167,1762860,2587479151,63622701,63622784,43383021,339478
1790930578,68166600,69953245184,1368344,0,,18,0,78,167,1775027,2589413734,63669481,63669565,43405637,339654
1790930579,68167040,69954478080,1368344,0,,8,0,78,167,1781484,2591420516,63716103,63716180,43427094,339822
1790930580,68166236,69952860160,1368344,0,,12,0,78,167,1789905,2593397787,63762925,63763006,43447260,339983
1790930581,68166992,69954158592,1368344,0,,16,0,78,167,1801400,2595356021,63809544,63809622,43469657,340161
1790930582,68168552,69955776512,1368344,0,,12,0,78,167,1812467,2597285684,63855317,63855391,43492118,340342
1790930583,68169844,69956358144,1371163,0,,1,0,78,167,1817658,2598729582,63889369,63889456,43520553,340561
1790930584,68169356,69956046848,1372425,0,,16,0,78,167,1809251,2600158631,63923903,63923981,43550131,340790
1790930586,68168468,69955596288,1376610,0,,12,0,78,167,1803645,2601264376,63950010,63950088,43580091,341018
1790930587,68167568,69954228224,1381725,0,,19,0,78,167,1797075,2602530364,63979485,63979567,43612658,341268
1790930588,68162776,69949284352,1381725,0,,14,0,78,167,1787842,2604408535,64024232,64024294,43642364,341499
1790930589,68163236,69950070784,1383569,0,,14,0,78,167,1779927,2605552160,64051875,64051953,43673238,341735
1790930590,68164516,69952167936,1384935,0,,13,0,78,167,1783464,2606762076,64080224,64080300,43704285,341974
1790930591,68165204,69951537152,1385558,0,,0,0,78,167,1772500,2608321561,64117341,64117428,43737473,342228
1790930592,68165132,69951754240,1385949,0,,12,0,78,167,1767484,2610016819,64157916,64157994,43767011,342457
1790930593,68165168,69951475712,1386593,0,,8,0,78,167,1756804,2611290324,64188440,64188521,43797886,342694
1790930594,68165440,69952827392,1392045,0,,15,0,78,167,1741062,2612515610,64216390,64216470,43828563,342930
1790930595,68166612,69953519616,1392045,0,,15,0,78,167,1753513,2614478951,64262397,64262474,43851820,343112
1790930596,68166444,69953851392,1392045,0,,15,0,78,167,1765695,2616398678,64308001,64308081,43876144,343304
1790930597,68167640,69955620864,1392045,0,,14,0,78,167,1777102,2618365806,64354304,64354378,43899733,343489
1790930598,68168448,69955399680,1395797,0,,0,0,78,167,1779497,2619412088,64378782,64378869,43927619,343703
1790930600,68165532,69953478656,1397745,0,,17,0,78,167,1769191,2621242532,64422682,64422764,43969845,344027
1790930601,68163932,69950500864,1398601,0,,0,0,78,167,1758973,2623072229,64466117,64466204,44005804,344305
1790930602,68164800,69951156224,1399250,0,,14,0,78,167,1753953,2624583823,64500795,64500871,44036329,344541
1790930603,68164556,69952192512,1401149,0,,11,0,78,167,1740714,2625844901,64530876,64530959,44068544,344787
1790930604,68166336,69952970752,1403439,0,,13,0,79,167,1724312,2627085722,64560430,64560505,44100075,345029
1790930605,68167292,69954457600,1405048,0,,8,0,79,167,1734940,2628845954,64602270,64602356,44139359,345332
1790930606,68165308,69952950272,1405134,0,,17,0,79,167,1728749,2630732120,64646686,64646758,44170172,345570
1790930607,68165396,69952561152,1408515,0,,18,0,79,167,1725951,2632070557,64677621,64677698,44202198,345817
1790930608,68165364,69952409600,1408515,0,,16,0,79,167,1736139,2634017022,64724559,64724638,44223303,345984
1790930610,68165792,69952659456,1408515,0,,6,0,79,167,1744925,2635936254,64771231,64771311,44244278,346152
1790930611,68167776,69954994176,1408515,0,,12,0,79,167,1755206,2637910394,64817766,64817835,44264439,346311
1790930612,68165760,69952638976,1408515,0,,11,0,79,167,1766054,2639876099,64863734,64863813,44285503,346476
1790930613,68163268,69951127552,1408515,0,,11,0,79,167,1778076,2641830753,64910028,64910109,44308665,346657
1790930614,68162696,69949239296,1409177,0,,0,0,79,167,1785289,2643366927,64946208,64946295,44343637,346930
1790930615,68162412,69949194240,1409356,0,,14,0,79,167,1778410,2645093396,64988034,64988112,44373638,347163
1790930616,68162100,69948891136,1410069,0,,11,0,79,167,1770659,2646382663,65018517,65018598,44404826,347402
1790930617,68162444,69948739584,1411827,0,,12,0,79,167,1752410,2647634745,65049050,65049120,44435913,347641
1790930618,68163348,69949939712,1414746,0,,19,0,79,167,1759529,2649125288,65085129,65085207,44472148,347919
1790930620,68163444,69951340544,1416084,0,,2,0,79,167,1749968,2650978503,65130053,65130140,44514584,348246
1790930621,68162608,69949190144,1417568,0,,18,0,79,167,1717387,2651792266,65148935,65149012,44546168,348488
1790930622,68161952,69948788736,1419160,0,,20,0,79,167,1723135,2653121509,65180354,65180435,44579160,348742
1790930623,68163764,69950324736,1419160,0,,16,0,79,167,1715889,2655111961,65225575,65225657,44604600,348941
1790930624,68163552,69950652416,1429660,0,,14,0,79,167,1714929,2656078959,65248342,65248422,44636605,349187
1790930625,68165576,69952761856,1434729,0,,18,0,79,167,1690247,2657364720,65278250,65278331,44668316,349431
1790930626,68166428,69953810432,1435690,0,,20,0,79,167,1699406,2658996415,65317613,65317691,44706321,349723
1790930627,68165656,69951983616,1435690,0,,9,0,80,167,1691080,2660831811,65362298,65362382,44737739,349967
1790930628,68165316,69952385024,1436705,0,,10,0,80,167,1687959,2662119364,65392920,65393004,44769073,350209
1790930630,68165496,69952593920,1436705,0,,13,0,80,167,1700723,2664036948,65439372,65439454,44790879,350383
1790930631,68166404,69953019904,1437755,0,,14,0,80,167,1683135,2665196331,65465593,65465671,44818421,350600
1790930632,68167652,69954678784,1438473,0,,0,0,80,167,1690721,2666821728,65502916,65503003,44852805,350876
1790930633,68163344,69949911040,1438873,0,,16,0,81,167,1685130,2668724252,65548048,65548134,44876102,351071
1790930634,68166332,69953695744,1438873,0,,13,0,81,167,1696289,2670677133,65594407,65594487,44896308,351244
1790930635,68167604,69954248704,1438873,0,,14,0,82,178,1708300,2672638741,65639788,65639867,44917432,351423
1790930636,68164928,69951688704,1438873,0,,19,0,82,178,1720634,2674622047,65685270,65685351,44939422,351608
1790930638,68166884,69953310720,1439676,0,,12,0,82,178,1729345,2676347566,65725249,65725330,44977168,351909
1790930639,68167440,69954076672,1439676,0,,12,0,82,178,1720669,2678218112,65769462,65769542,45007415,352145
1790930640,68167080,69953167360,1442798,0,,11,0,82,178,1713221,2679431938,65798890,65798970,45038770,352387
1790930641,68167824,69954465792,1444293,0,,13,0,82,178,1697650,2680725092,65829086,65829168,45070440,352631
1790930642,68167028,69954433024,1444795,0,,14,0,82,178,1702769,2682171235,65863596,65863678,45104395,352893
1790930643,68166876,69954297856,1444829,0,,18,0,82,178,1699279,2684022787,65907133,65907211,45135294,353134
1790930644,68167256,69954273280,1445286,0,,13,0,83,179,1692036,2685573727,65943283,65943364,45164491,353362
1790930645,68164040,69950570496,1445286,0,,17,0,83,179,1705726,2687551430,65989399,65989476,45184321,353535
1790930646,68164620,69951983616,1445286,0,,14,0,83,179,1713880,2689492193,66036227,66036302,45202064,353691
1790930647,68166360,69954236416,1445286,0,,10,0,83,179,1725136,2691457985,66082390,66082466,45223543,353872
1790930648,68165988,69952606208,1445286,0,,15,0,83,179,1735985,2693437004,66128988,66129073,45246344,354061
1790930649,68166748,69953355776,1445286,0,,11,0,83,179,1747625,2695380760,66174881,66174960,45268713,354247
1790930650,68166152,69953019904,1445286,0,,10,0,83,179,1759339,2697296475,66220312,66220389,45291147,354432
1790930651,68166872,69954273280,1445286,0,,15,0,83,179,1770575,2699225557,66265202,66265281,45312237,354610
1790930653,68168456,69955940352,1446274,0,,5,0,83,179,1772293,2700305213,66291085,66291172,45339804,354833
1790930654,68165688,69952569344,1446639,0,,12,0,83,179,1763915,2702224122,66334811,66334890,45369375,355063
1790930655,68166308,69953454080,1446874,0,,11,0,83,179,1756257,2703522831,66365277,66365355,45401856,355314
1790930656,68166164,69952548864,1447463,0,,16,0,83,179,1740586,2704824060,66396693,66396771,45434071,355562
1790930657,68166008,69953409024,1448367,0,,18,0,83,179,1744723,2706266078,66430884,66430964,45466918,355815
1790930658,68164972,69951598592,1448367,0,,12,0,83,179,1737278,2708115353,66475064,66475141,45496940,356050
1790930659,68166652,69953294336,1450067,0,,9,0,83,179,1729419,2709416420,66504854,66504933,45527888,356287
1790930660,68166460,69953622016,1452100,0,,16,0,83,179,1710196,2710623974,66533848,66533927,45558389,356522
1790930661,68166552,69952901120,1456582,0,,4,0,83,179,1717926,2712157721,66570725,66570812,45591175,356775
1790930662,68167192,69954379776,1457861,0,,13,0,83,179,1709942,2713901243,66612897,66612976,45616275,356970
1790930663,68164896,69952004096,1457861,0,,15,0,83,179,1719878,2715794534,66657594,66657669,45636437,357129
1790930664,68164484,69950955520,1457861,0,,16,0,83,179,1730680,2717753722,66703493,66703573,45657384,357296
1790930665,68166912,69953515520,1457861,0,,16,0,83,179,1743311,2719718381,66749113,66749196,45678194,357459
1790930666,68167228,69953880064,1457861,0,,12,0,83,179,1754857,2721667973,66795224,66795303,45701218,357640
1790930667,68165980,69952008192,1457861,0,,19,0,83,179,1765003,2723603643,66841883,66841964,45722299,357804
1790930668,68164500,69951340544,1457861,0,,10,0,83,179,1778082,2725464564,66886977,66887058,45744654,357979
1790930669,68165476,69952593920,1457861,0,,12,0,84,179,1789081,2727402174,66933225,66933305,45765906,358155
1790930670,68166728,69954064384,1457861,0,,14,0,84,179,1797837,2729360917,66979185,66979266,45786676,358321
1790930671,68166596,69953482752,1457861,0,,16,0,84,179,1808175,2731287424,67025007,67025087,45808693,358505
1790930673,68167972,69954686976,1457861,0,,18,0,84,179,1818909,2733198706,67070618,67070699,45831219,358690
1790930674,68165456,69952323584,1457861,0,,17,0,84,179,1828027,2735120237,67115903,67115984,45856214,358888
1790930675,68166512,69953908736,1457861,0,,17,0,84,179,1836019,2737039354,67161594,67161675,45879517,359073
1790930676,68167224,69954650112,1457861,0,,11,0,84,179,1844921,2738936067,67207931,67208012,45904021,359266
1790930677,68167668,69954846720,1457861,0,,13,0,84,179,1849796,2740887374,67253362,67253440,45924844,359430
1790930678,68167552,69953671168,1457861,0,,12,0,84,179,1857782,2742801740,67300194,67300249,45945175,359604
1790930679,68166920,69954330624,1457861,0,,16,0,84,179,1869181,2744709498,67346152,67346228,45969312,359801
1790930680,68166860,69953527808,1458208,0,,8,0,84,179,1873826,2746179042,67382636,67382723,46005661,360083
1790930681,68166112,69953249280,1458278,0,,18,0,84,179,1863831,2748022437,67426991,67427066,46034972,360312
1790930682,68166888,69954043904,1459371,0,,16,0,84,179,1854128,2749234435,67455007,67455085,46065751,360548
1790930683,68168008,69954674688,1460419,0,,18,0,84,179,1841463,2750413544,67482427,67482507,46096891,360788
1790930685,68167184,69954351104,1461362,0,,0,0,84,179,1841814,2751931029,67519023,67519110,46132092,361059
1790930686,68166044,69952409600,1462081,0,,12,0,84,179,1834139,2753720435,67561224,67561310,46162530,361296
1790930687,68167596,69954768896,1463063,0,,12,0,84,179,1825875,2755046931,67593026,67593105,46194436,361541
1790930688,68166056,69952655360,1464126,0,,12,0,84,179,1809668,2756383631,67624280,67624357,46225764,361783
1790930689,68166304,69953642496,1464126,0,,14,0,84,179,1820862,2758287144,67670389,67670466,46249432,361979
1790930690,68166300,69953253376,1465604,0,,14,0,84,179,1822331,2759540265,67699850,67699931,46280286,362222
1790930691,68166176,69952520192,1465604,0,,12,0,84,179,1812367,2761415320,67744322,67744403,46311138,362461
1790930692,68165144,69952212992,1466021,0,,19,0,84,179,1805519,2762679702,67773297,67773378,46342902,362706
1790930693,68165768,69952364544,1468600,0,,9,0,84,179,1789384,2763980968,67803281,67803365,46374502,362949
1790930694,68165836,69952606208,1470899,0,,9,0,84,179,1793811,2765367140,67835193,67835277,46407544,363203
1790930695,68165060,69951131648,1470899,0,,11,0,84,179,1784157,2767212455,67878722,67878803,46438010,363441
1790930696,68164396,69950988288,1472316,0,,18,0,84,179,1776954,2768430209,67908213,67908292,46470105,363688
1790930697,68165624,69952503808,1473711,0,,18,0,84,179,1761847,2769718795,67938219,67938301,46501647,363931
1790930698,68165832,69952999424,1475533,0,,6,0,84,179,1766121,2771131282,67972160,67972247,46534598,364184
1790930699,68165432,69952294912,1476319,0,,15,0,84,179,1759884,2772955282,68015357,68015404,46564774,364418
1790930700,68167288,69954387968,1477718,0,,16,0,84,179,1753866,2774253913,68047394,68047477,46596235,364660
1790930701,68169140,69956825088,1479492,0,,14,0,84,179,1737528,2775576521,68079014,68079094,46626117,364890
1790930703,68166424,69953310720,1479492,0,,9,0,84,179,1750806,2777531595,68124930,68125012,46647324,365070
1790930704,68167220,69954150400,1479492,0,,12,0,84,179,1764377,2779474107,68170789,68170868,46668948,365253
1790930705,68167720,69955936256,1479492,0,,14,0,84,179,1777215,2781398080,68216158,68216238,46691307,365440
1790930706,68167532,69954195456,1479492,0,,12,0,84,179,1789363,2783345141,68261808,68261889,46712621,365621
1790930707,68166380,69953531904,1479492,0,,8,0,84,179,1799320,2785271131,68306664,68306745,46734026,365801
1790930708,68166380,69953548288,1481688,0,,16,0,84,179,1801556,2786432194,68333833,68333913,46763974,366032
1790930709,68167456,69954105344,1481688,0,,14,0,84,179,1792252,2788310438,68377575,68377650,46792759,366256
1790930710,68166300,69953871872,1486038,0,,13,0,84,179,1783600,2789442286,68404395,68404475,46823373,366491
1790930711,68165048,69952475136,1487787,0,,17,0,84,179,1767416,2790630220,68432682,68432764,46854056,366726
1790930712,68164620,69952004096,1489892,0,,13,0,84,179,1774469,2792208033,68469544,68469624,46891031,367010
1790930713,68166788,69953679360,1489892,0,,14,0,84,179,1766565,2794054569,68513027,68513110,46921628,367247
1790930714,68167432,69954605056,1491279,0,,16,0,84,179,1759826,2795291498,68543077,68543158,46952240,367482
1790930715,68168536,69955457024,1493828,0,,14,0,84,179,1742243,2796499519,68570517,68570600,46982681,367716
1790930716,68168308,69955481600,1495133,0,,19,0,84,179,1751028,2798090153,68607732,68607812,47018158,367988
1790930718,68167036,69953417216,1495247,0,,15,0,84,179,1745838,2799959733,68651117,68651199,47048218,368221
1790930719,68165988,69952602112,1496526,0,,13,0,84,179,1740368,2801272128,68681667,68681748,47079456,368461
1790930720,68166340,69953216512,1498057,0,,8,0,84,179,1724386,2802512249,68711366,68711444,47109734,368693
1790930721,68164816,69951397888,1498460,0,,1,0,84,179,1731521,2804017918,68747139,68747226,47142916,368949
1790930722,68165472,69951504384,1498871,0,,19,0,84,179,1726048,2805748903,68787749,68787828,47172921,369182
1790930723,68165676,69953032192,1500158,0,,15,0,84,179,1715816,2806983492,68816824,68816905,47203655,369418
1790930724,68164544,69951393792,1502130,0,,18,0,84,179,1699126,2808166164,68845075,68845157,47234655,369656
1790930725,68164524,69951623168,1503797,0,,19,0,84,179,1707965,2809837828,68883916,68883997,47272375,369946
1790930726,68165796,69952716800,1504008,0,,10,0,84,179,1700133,2811738163,68929623,68929700,47294821,370123
1790930727,68165260,69952028672,1504008,0,,16,0,84,179,1714288,2813658793,68975224,68975308,47317593,370302
1790930728,68164276,69951123456,1504008,0,,14,0,84,179,1727844,2815564861,69020830,69020912,47339659,370475
1790930729,68161540,69947764736,1504327,0,,0,0,84,179,1735211,2817128595,69057878,69057965,47366438,370681
1790930731,68158672,69945081856,1507544,0,,0,0,84,179,1730463,2818196589,69082836,69082911,47397531,370920
1790930732,68157184,69944586240,1507544,0,,6,0,84,179,1707903,2819289522,69108697,69108784,47421452,371104
1790930733,68157724,69944565760,1507544,0,,0,0,84,179,1709211,2819570282,69115172,69115259,47424535,371129
1790930734,68158560,69944635392,1507544,0,,0,0,84,179,1688535,2819571619,69115172,69115259,47445091,371285
1790930735,68159732,69946208256,1507544,0,,0,0,84,179,1668527,2819571747,69115172,69115259,47465244,371438
1790930736,68160904,69947342848,1507544,0,,0,0,84,179,1648065,2819571875,69115172,69115259,47485398,371592
1790930737,68161080,69946994688,1507544,0,,0,0,84,179,1627833,2819572003,69115172,69115259,47505552,371746
1790930738,68162260,69948469248,1507544,0,,0,0,84,179,1607821,2819572131,69115172,69115259,47525706,371900
1790930739,68163432,69949669376,1507544,0,,0,0,84,179,1587781,2819572259,69115172,69115259,47545860,372054
1790930740,68164616,69950877696,1507544,0,,0,0,84,179,1567720,2819572515,69115172,69115259,47566014,372208
1790930741,68165784,69951815680,1507544,0,,0,0,84,179,1547748,2819572643,69115172,69115259,47586167,372361
1790930742,68166992,69953052672,1507544,0,,0,0,84,179,1527625,2819572771,69115172,69115259,47606321,372515
1790930743,68168208,69954822144,1507544,0,,0,0,84,179,1507618,2819572899,69115172,69115259,47626475,372669
1790930744,68169364,69955477504,1507544,0,,0,0,84,179,1487525,2819573027,69115172,69115259,47646898,372825
1790930745,68170564,69956784128,1507544,0,,0,0,84,179,1467300,2819573155,69115172,69115259,47668103,372987
1790930746,68171752,69958184960,1507544,0,,0,0,84,179,1447214,2819573283,69115172,69115259,47689424,373150
1790930747,68172916,69959098368,1507544,0,,0,0,84,179,1427188,2819573411,69115172,69115259,47710639,373312
1790930748,68174084,69960552448,1507544,0,,0,0,84,179,1407165,2819573539,69115172,69115259,47731840,373474
1790930749,68175288,69961793536,1507544,0,,0,0,84,179,1387135,2819573667,69115172,69115259,47753048,373636
1790930750,68175288,69962051584,1507544,0,,0,0,84,179,1367061,2819573795,69115172,69115259,47774263,373798
1790930751,68176444,69962973184,1507544,0,,0,0,84,179,1347007,2819573923,69115172,69115259,47795606,373961
1790930752,68177628,69964447744,1507544,0,,0,0,84,179,1326959,2819574051,69115172,69115259,47816793,374123
1790930753,68178768,69965094912,1507544,0,,0,0,84,179,1306652,2819574179,69115172,69115259,47838011,374285
1790930754,68178952,69965537280,1507544,0,,0,0,84,179,1286306,2819574307,69115172,69115259,47859179,374447
