ts,rss_kb,cg_mem_bytes,Tidesdb_write_stall_ceiling_hits,Tidesdb_writes_throttled,Tidesdb_writes_blocked,Tidesdb_write_stall_us,Tidesdb_stall_admission,Tidesdb_stall_rotate_lock,Tidesdb_stall_rotate_work,Tidesdb_stall_wal_append,Tidesdb_stall_manifest_commit,Tidesdb_open_sstables,Tidesdb_flush_pending,Tidesdb_compaction_queue,Tidesdb_immutable_memtables,Tidesdb_flush_count,Tidesdb_compaction_count,Tidesdb_flush_bytes_written,Tidesdb_compaction_bytes_written,Tidesdb_compaction_bytes_read
1790896968,783756,840712192,0,0,0,0,0,0,0,0,1,1,0,0,0,1,0,290,0,0
1790896969,831300,906207232,0,0,0,0,0,0,0,0,1,1,0,0,0,1,0,290,0,0
1790896970,1038672,1355984896,0,0,0,0,0,0,0,236,1,1233,0,0,0,1,0,290,0,0
1790896971,1404132,2093568000,0,0,0,0,0,0,0,236,1,1233,0,0,0,1,0,290,0,0
1790896972,1906684,3072827392,0,0,0,0,0,0,0,2255,1,1233,0,0,0,1,0,290,0,0
1790896973,2550004,4310261760,0,0,0,0,0,0,0,2255,1,1233,0,0,0,1,0,290,0,0
1790896974,3299040,5743652864,0,0,0,0,0,0,0,6790,1,1233,0,0,0,1,0,290,0,0
1790896975,4158912,7406104576,0,0,0,0,0,0,0,6790,1,1233,0,0,0,1,0,290,0,0
1790896976,5100820,9216561152,0,0,0,0,0,0,0,13471,1,1233,0,0,0,1,0,290,0,0
1790896977,6099228,11146792960,0,0,0,0,0,0,0,13471,1,1233,0,0,0,1,0,290,0,0
1790896978,7062856,13010092032,0,0,0,0,0,0,0,21843,1,1233,0,0,0,1,0,290,0,0
1790896979,8015520,14871146496,0,0,0,0,0,0,0,21843,1,1233,0,0,0,1,0,290,0,0
1790896980,9005768,16812998656,0,0,0,0,0,0,0,30431,1,1233,0,0,0,1,0,290,0,0
1790896982,9992092,18745417728,0,0,0,0,0,0,0,30431,1,1233,0,0,0,1,0,290,0,0
1790896983,11001176,20716961792,0,0,0,0,0,0,0,40192,1,1233,0,0,0,1,0,290,0,0
1790896984,12044704,22770933760,0,0,0,0,0,0,0,40192,1,1233,0,0,0,1,0,290,0,0
1790896985,13081496,24807948288,0,0,0,0,0,0,0,50245,1,1233,0,0,0,1,0,290,0,0
1790896986,14097128,26798923776,0,0,0,0,0,0,0,50245,1,1233,0,0,0,1,0,290,0,0
1790896987,15049312,28699029504,0,0,0,0,0,0,0,61275,1,1233,0,0,0,1,0,290,0,0
1790896988,15937884,30483685376,0,0,0,0,0,0,0,61275,1,1233,0,0,0,1,0,290,0,0
1790896989,16781748,32197005312,0,0,0,0,0,0,0,72464,1,1233,0,0,0,1,0,290,0,0
1790896990,17608884,33887096832,0,0,0,0,0,0,0,72464,1,1233,0,0,0,1,0,290,0,0
1790896991,18416024,35545358336,0,0,0,0,0,0,0,83883,1,1233,0,0,0,1,0,290,0,0
1790896992,19207972,37197361152,0,0,0,0,0,0,0,83883,1,1233,0,0,0,1,0,290,0,0
1790896993,19915996,38671618048,0,0,0,0,0,0,0,95436,1,1233,0,0,0,1,0,290,0,0
1790896994,20637144,40186011648,0,0,0,0,0,0,0,95436,1,1233,0,0,0,1,0,290,0,0
1790896995,21347664,41691160576,0,0,0,0,0,0,0,107273,1,1233,0,0,0,1,0,290,0,0
1790896996,22034428,43151716352,0,0,0,0,0,0,0,107273,1,1233,0,0,0,1,0,290,0,0
1790896997,22716232,44604092416,0,0,0,0,0,0,0,119187,1,1233,0,0,0,1,0,290,0,0
1790896998,23394028,46057136128,0,0,0,0,0,0,0,119187,1,1233,0,0,0,1,0,290,0,0
1790896999,24055616,47481618432,0,0,0,0,0,0,0,131288,1,1233,0,0,0,1,0,290,0,0
1790897000,24703696,48873213952,0,0,0,0,0,0,0,131288,1,1233,0,0,0,1,0,290,0,0
1790897001,25354024,50270785536,0,0,0,0,0,0,0,143350,1,1233,0,0,0,1,0,290,0,0
1790897003,25993212,51648487424,0,0,0,0,0,0,0,143350,1,1233,0,0,0,1,0,290,0,0
1790897004,26620072,53013872640,0,0,0,0,0,0,0,155680,1,1233,0,0,0,1,0,290,0,0
1790897005,27253112,54382972928,0,0,0,0,0,0,0,167899,1,1233,0,0,0,1,0,290,0,0
1790897006,27865216,55705665536,0,0,0,0,0,0,0,167899,1,1233,0,0,0,1,0,290,0,0
1790897007,28467600,57017249792,0,0,0,0,0,0,0,180290,1,1233,0,0,0,1,0,290,0,0
1790897008,29074184,58332884992,0,0,0,0,0,0,0,180290,1,1233,0,0,0,1,0,290,0,0
1790897009,29672900,59635314688,0,0,0,0,0,0,0,192767,1,1233,0,0,0,1,0,290,0,0
1790897010,30273192,60946542592,0,0,0,0,0,0,0,192767,1,1233,0,0,0,1,0,290,0,0
1790897011,30875716,62258720768,0,0,0,0,0,0,0,205145,1,1233,0,0,0,1,0,290,0,0
1790897012,31463496,63540744192,0,0,0,0,0,0,0,205145,1,1233,0,0,0,1,0,290,0,0
1790897013,32052144,64820781056,0,0,0,0,0,0,0,217776,1,1233,0,0,0,1,0,290,0,0
1790897014,32640216,66107789312,0,0,0,0,0,0,0,217776,1,1233,0,0,0,1,0,290,0,0
1790897015,33231680,67400208384,0,0,0,0,0,0,0,230280,1,1233,0,0,0,1,0,290,0,0
1790897016,33807448,68658036736,0,0,0,0,0,0,0,230280,1,1233,0,0,0,1,0,290,0,0
1790897017,34418796,69996544000,0,0,0,0,0,0,0,242967,1,1233,0,0,0,1,0,290,0,0
1790897018,35001820,71270518784,0,0,0,0,0,0,0,242967,1,1233,0,0,0,1,0,290,0,0
1790897019,35582068,72540135424,0,0,0,0,0,0,0,255595,1,1233,0,0,0,1,0,290,0,0
1790897020,36158300,73804693504,0,0,0,0,0,0,0,255595,1,1233,0,0,0,1,0,290,0,0
1790897021,36737540,75072512000,0,0,0,0,0,0,0,268228,1,1233,0,0,0,1,0,290,0,0
1790897022,37308592,76328882176,0,0,0,0,0,0,0,268228,1,1233,0,0,0,1,0,290,0,0
1790897024,37685468,77389238272,0,0,0,0,0,0,0,280931,1,1233,0,0,0,1,0,290,0,0
1790897025,37829188,78193049600,0,0,0,0,0,0,0,280931,1,1233,0,0,0,1,0,290,0,0
1790897026,37940284,78975434752,0,0,0,0,0,0,0,293657,1,1233,0,0,0,1,0,290,0,0
1790897027,38022780,79739441152,0,0,0,0,0,0,0,306515,1,1233,0,0,0,1,0,290,0,0
1790897028,38099896,80474628096,0,0,0,0,0,0,0,306515,1,1233,0,0,0,1,0,290,0,0
1790897029,38177700,81231446016,0,0,0,0,0,0,0,319428,1,1233,0,0,0,1,0,290,0,0
1790897030,38263252,81987596288,0,0,0,0,0,0,0,319428,1,1233,0,0,0,1,0,290,0,0
1790897031,38348404,82731483136,0,0,0,0,0,0,0,332392,1,1233,0,0,0,1,0,290,0,0
1790897032,38431064,83481976832,0,0,0,0,0,0,0,332392,1,1233,0,0,0,1,0,290,0,0
1790897033,38530696,84246708224,0,0,0,0,0,0,0,345311,1,1233,0,0,0,1,0,290,0,0
1790897034,38607916,84980441088,0,0,0,0,0,0,0,345311,1,1233,0,0,0,1,0,290,0,0
1790897035,38681560,85718302720,0,0,0,0,0,0,0,358278,1,1233,0,0,0,1,0,290,0,0
1790897036,38757168,86450151424,0,0,0,0,0,0,0,358278,1,1233,0,0,0,1,0,290,0,0
1790897037,38843580,87196790784,0,0,0,0,0,0,0,371418,1,1233,0,0,0,1,0,290,0,0
1790897038,38945500,87954341888,0,0,0,0,0,0,0,371418,1,1233,0,0,0,1,0,290,0,0
1790897039,39056368,88713404416,0,0,0,0,0,0,0,384628,1,1233,0,0,0,1,0,290,0,0
1790897040,39160604,89479827456,0,0,0,0,0,0,0,384628,1,1233,0,0,0,1,0,290,0,0
1790897041,39273308,90249109504,0,0,0,0,0,0,0,397820,1,1233,0,0,0,1,0,290,0,0
1790897042,39369756,90988335104,0,0,0,0,0,0,0,397820,1,1233,0,0,0,1,0,290,0,0
1790897043,39458832,91716370432,0,0,0,0,0,0,0,411072,1,1233,0,0,0,1,0,290,0,0
1790897045,39548892,92458684416,0,0,0,0,0,0,0,411072,1,1233,0,0,0,1,0,290,0,0
1790897046,39616924,93172752384,0,0,0,0,0,0,0,424334,1,1233,0,0,0,1,0,290,0,0
1790897047,39700180,93900767232,0,0,0,0,0,0,0,424334,1,1233,0,0,0,1,0,290,0,0
1790897048,39792232,94639050752,0,0,0,0,0,0,0,437563,1,1233,0,0,0,1,0,290,0,0
1790897049,39888184,95390552064,0,0,0,0,0,0,0,450870,1,1233,0,0,0,1,0,290,0,0
1790897050,39985768,96122011648,0,0,0,0,0,0,0,450870,1,1233,0,0,0,1,0,290,0,0
1790897051,40065640,96836173824,0,0,0,0,0,0,0,463983,1,1233,0,0,0,1,0,290,0,0
1790897052,40154452,97568575488,0,0,0,0,0,0,0,463983,1,1233,0,0,0,1,0,290,0,0
1790897053,40239676,98288730112,0,0,0,0,0,0,0,477245,1,1233,0,0,0,1,0,290,0,0
1790897054,40322080,99011305472,0,0,0,0,0,0,0,477245,1,1233,0,0,0,1,0,290,0,0
1790897055,40403176,99705409536,0,0,0,0,0,0,0,490621,1,1233,0,0,0,1,0,290,0,0
1790897056,40494968,100433502208,0,0,0,0,0,0,0,490621,1,1233,0,0,0,1,0,290,0,0
1790897057,40604536,101165211648,0,0,0,0,0,0,0,503801,1,1233,0,0,0,1,0,290,0,0
1790897058,40715592,101912121344,0,0,0,0,0,0,0,503801,1,1233,0,0,0,1,0,290,0,0
1790897059,40812376,102642794496,0,0,0,0,0,0,0,517282,1,1233,0,0,0,1,0,290,0,0
1790897060,40904836,103056138240,0,0,0,0,0,0,0,517282,1,1233,0,0,0,1,0,290,0,0
1790897061,40995764,103065497600,0,0,0,0,0,0,0,530620,1,1233,0,0,0,1,0,290,0,0
1790897062,41092840,103062814720,0,0,0,0,0,0,0,530620,1,1233,0,0,0,1,0,290,0,0
1790897063,41196932,103071170560,0,0,0,0,0,0,0,543870,1,1233,0,0,0,1,0,290,0,0
1790897065,41281868,103079096320,0,0,0,0,0,0,0,543870,1,1233,0,0,0,1,0,290,0,0
1790897066,41351696,103074361344,0,0,0,0,0,0,0,557095,1,1233,0,0,0,1,0,290,0,0
1790897067,41434380,103078883328,0,0,0,0,0,0,0,557095,1,1233,0,0,0,1,0,290,0,0
1790897068,41511120,103068684288,0,0,0,0,0,0,0,570332,1,1233,0,0,0,1,0,290,0,0
1790897069,41575692,103069196288,0,0,0,0,0,0,0,570332,1,1233,0,0,0,1,0,290,0,0
1790897070,41634296,103057489920,0,0,0,0,0,0,0,583679,1,1233,0,0,0,1,0,290,0,0
1790897071,41713720,103069360128,0,0,0,0,0,0,0,596949,1,1233,0,0,0,1,0,290,0,0
1790897072,41789004,103027044352,0,0,0,0,0,0,0,596949,1,1233,0,0,0,1,0,290,0,0
1790897073,41855168,103033745408,0,0,0,0,0,0,0,610155,1,1233,0,0,0,1,0,290,0,0
1790897074,41911544,103075950592,0,0,0,0,0,0,0,610155,1,1233,0,0,0,1,0,290,0,0
1790897075,41952684,103065673728,0,0,0,0,0,0,0,623353,1,1233,0,0,0,1,0,290,0,0
1790897076,41985308,103058223104,0,0,0,0,0,0,0,623353,1,1233,0,0,0,1,0,290,0,0
1790897077,42037328,103065616384,0,0,0,0,0,0,0,636574,1,1233,0,0,0,1,0,290,0,0
1790897078,42076092,103043379200,0,0,0,0,0,0,0,636574,1,1233,0,0,0,1,0,290,0,0
1790897079,42130996,103069503488,0,0,0,0,0,0,0,649730,1,1233,0,0,0,1,0,290,0,0
1790897080,42177976,103055556608,0,0,0,0,0,0,0,649730,1,1233,0,0,0,1,0,290,0,0
1790897081,42234196,103072763904,0,0,0,0,0,0,0,662788,1,1233,0,0,0,1,0,290,0,0
1790897082,42308968,103063740416,0,0,0,0,0,0,0,662788,1,1233,0,0,0,1,0,290,0,0
1790897083,42369144,103016919040,0,0,0,0,0,0,0,675895,1,1233,0,0,0,1,0,290,0,0
1790897084,42437108,103070044160,0,0,0,0,0,0,0,675895,1,1233,0,0,0,1,0,290,0,0
1790897086,42500044,103018315776,0,0,0,0,0,0,0,689145,1,1233,0,0,0,1,0,290,0,0
1790897087,42566736,103077838848,0,0,0,0,0,0,0,689145,1,1233,0,0,0,1,0,290,0,0
1790897088,42621636,103050711040,0,0,0,0,0,0,0,701965,1,1233,0,0,0,1,0,290,0,0
1790897089,42661936,103064625152,0,0,0,0,0,0,0,701965,1,1233,0,0,0,1,0,290,0,0
1790897090,42687788,103049691136,0,0,0,0,0,0,0,715093,1,1233,0,0,0,1,0,290,0,0
1790897091,42730244,103027195904,0,0,0,0,0,0,0,715093,1,1233,0,0,0,1,0,290,0,0
1790897092,42763740,103078375424,0,0,0,0,0,0,0,728256,1,1233,0,0,0,1,0,290,0,0
1790897093,42820012,103042183168,0,0,0,0,0,0,0,741509,1,1233,0,0,0,1,0,290,0,0
1790897094,42877664,103068082176,0,0,0,0,0,0,0,741509,1,1233,0,0,0,1,0,290,0,0
1790897095,42929320,103040729088,0,0,0,0,0,0,0,754667,1,1233,0,0,0,1,0,290,0,0
1790897096,42986968,103065784320,0,0,0,0,0,0,0,754667,1,1233,0,0,0,1,0,290,0,0
1790897097,43043888,103070105600,0,0,0,0,0,0,0,767722,1,1233,0,0,0,1,0,290,0,0
1790897098,43097784,103075196928,0,0,0,0,0,0,0,767722,1,1233,0,0,0,1,0,290,0,0
1790897099,43153212,103054143488,0,0,0,0,0,0,0,781017,1,1233,0,0,0,1,0,290,0,0
1790897100,43205300,103054692352,0,0,0,0,0,0,0,781017,1,1233,0,0,0,1,0,290,0,0
1790897101,43248632,103066587136,0,0,0,0,0,0,0,794241,1,1233,0,0,0,1,0,290,0,0
1790897102,43294204,103077249024,0,0,0,0,0,0,0,794241,1,1233,0,0,0,1,0,290,0,0
1790897103,43349028,103067910144,0,0,0,0,0,0,0,807487,1,1233,0,0,0,1,0,290,0,0
1790897104,43393740,103052853248,0,0,0,0,0,0,0,807487,1,1233,0,0,0,1,0,290,0,0
1790897105,43458584,103028084736,0,0,0,0,0,0,0,820637,1,1233,0,0,0,1,0,290,0,0
1790897107,43505904,103073832960,0,0,0,0,0,0,0,820637,1,1233,0,0,0,1,0,290,0,0
1790897108,43563204,103070425088,0,0,0,0,0,0,0,833875,1,1233,0,0,0,1,0,290,0,0
1790897109,43624468,103076548608,0,0,0,0,0,0,0,833875,1,1233,0,0,0,1,0,290,0,0
1790897110,43680440,103063879680,0,0,0,0,0,0,0,847033,1,1233,0,0,0,1,0,290,0,0
1790897111,43734116,103051780096,0,0,0,0,0,0,0,847033,1,1233,0,0,0,1,0,290,0,0
1790897112,43781348,103061233664,0,0,0,0,0,0,0,860244,1,1233,0,0,0,1,0,290,0,0
1790897113,43829012,103074983936,0,0,0,0,0,0,0,860244,1,1233,0,0,0,1,0,290,0,0
1790897114,43894828,103077285888,0,0,0,0,0,0,0,873399,1,1233,0,0,0,1,0,290,0,0
1790897115,43933504,103062151168,0,0,0,0,0,0,0,886480,1,1233,0,0,0,1,0,290,0,0
1790897116,43988200,103063199744,0,0,0,0,0,0,0,886480,1,1233,0,0,0,1,0,290,0,0
1790897117,44057020,103068590080,0,0,0,0,0,0,0,899643,1,1233,0,0,0,1,0,290,0,0
1790897118,44111528,103072350208,0,0,0,0,0,0,0,899643,1,1233,0,0,0,1,0,290,0,0
1790897119,44176580,103050231808,0,0,0,0,0,0,0,912529,1,1233,0,0,0,1,0,290,0,0
1790897120,44233212,103061925888,0,0,0,0,0,0,0,912529,1,1233,0,0,0,1,0,290,0,0
1790897121,44297548,103071518720,0,0,0,0,0,0,0,925577,1,1233,0,0,0,1,0,290,0,0
1790897122,44378052,103078912000,0,0,0,0,0,0,0,925577,1,1233,0,0,0,1,0,290,0,0
1790897123,44461304,103013134336,0,0,0,0,0,0,0,938394,1,1233,0,0,0,1,0,290,0,0
1790897124,44565592,103055077376,0,0,0,0,0,0,0,938394,1,1233,0,0,0,1,0,290,0,0
1790897125,44670412,103074160640,0,0,0,0,0,0,0,951383,1,1233,0,0,0,1,0,290,0,0
1790897126,44770380,103056973824,0,0,0,0,0,0,0,951383,1,1233,0,0,0,1,0,290,0,0
1790897128,44878848,103077060608,0,0,0,0,0,0,0,964299,1,1233,0,0,0,1,0,290,0,0
1790897129,44967160,103046328320,0,0,0,0,0,0,0,964299,1,1233,0,0,0,1,0,290,0,0
1790897130,45059352,103028920320,0,0,0,0,0,0,0,977374,1,1233,0,0,0,1,0,290,0,0
1790897131,45140104,103072870400,0,0,0,0,0,0,0,977374,1,1233,0,0,0,1,0,290,0,0
1790897132,45225568,103063076864,0,0,0,0,0,0,0,990394,1,1233,0,0,0,1,0,290,0,0
1790897133,45303584,103073898496,0,0,0,0,0,0,0,990394,1,1233,0,0,0,1,0,290,0,0
1790897134,45384712,103072448512,0,0,0,0,0,0,0,1003486,1,1233,0,0,0,1,0,290,0,0
1790897135,45459228,103056060416,0,0,0,0,0,0,0,1003486,1,1233,0,0,0,1,0,290,0,0
1790897136,45536636,103075573760,0,0,0,0,0,0,0,1016531,1,1233,0,0,0,1,0,290,0,0
1790897137,45608384,103059103744,0,0,0,0,0,0,0,1029660,1,1233,0,0,0,1,0,290,0,0
1790897138,45675316,103046041600,0,0,0,0,0,0,0,1029660,1,1233,0,0,0,1,0,290,0,0
1790897139,45715136,103071604736,0,0,0,0,0,0,0,1042715,1,1233,0,0,0,1,0,290,0,0
1790897140,45765980,103065149440,0,0,0,0,0,0,0,1042715,1,1233,0,0,0,1,0,290,0,0
1790897141,45818808,103077957632,0,0,0,0,0,0,0,1055927,1,1233,0,0,0,1,0,290,0,0
1790897142,45864144,103074422784,0,0,0,0,0,0,0,1055927,1,1233,0,0,0,1,0,290,0,0
1790897143,45918988,103079186432,0,0,0,0,0,0,0,1069071,1,1233,0,0,0,1,0,290,0,0
1790897144,45968908,103076257792,0,0,0,0,0,0,0,1069071,1,1233,0,0,0,1,0,290,0,0
1790897145,46023088,103052480512,0,0,0,0,0,0,0,1082105,1,1233,0,0,0,1,0,290,0,0
1790897146,46089188,103057248256,0,0,0,0,0,0,0,1082105,1,1233,0,0,0,1,0,290,0,0
1790897147,46154800,103030009856,0,0,0,0,0,0,0,1095144,1,1233,0,0,0,1,0,290,0,0
1790897149,46217496,103075672064,0,0,0,0,0,0,0,1095144,1,1233,0,0,0,1,0,290,0,0
1790897150,46276424,103075667968,0,0,0,0,0,0,0,1108143,1,1233,0,0,0,1,0,290,0,0
1790897151,46336416,103047540736,0,0,0,0,0,0,0,1108143,1,1233,0,0,0,1,0,290,0,0
1790897152,46393864,103077421056,0,0,0,0,0,0,0,1121096,1,1233,0,0,0,1,0,290,0,0
1790897153,46453020,103071588352,0,0,0,0,0,0,0,1121096,1,1233,0,0,0,1,0,290,0,0
1790897154,46507864,103065100288,0,0,0,0,0,0,0,1134252,1,1233,0,0,0,1,0,290,0,0
1790897155,46564332,103077031936,0,0,0,0,0,0,0,1134252,1,1233,0,0,0,1,0,290,0,0
1790897156,46624372,103065481216,0,0,0,0,0,0,0,1147206,1,1233,0,0,0,1,0,290,0,0
1790897157,46677096,103072141312,0,0,0,0,0,0,0,1147206,1,1233,0,0,0,1,0,290,0,0
1790897158,46747828,103078137856,0,0,0,0,0,0,0,1160293,1,1233,0,0,0,1,0,290,0,0
1790897159,46815308,103076962304,0,0,0,0,0,0,0,1160293,1,1233,0,0,0,1,0,290,0,0
1790897160,46888920,103068553216,0,0,0,0,0,0,0,1173339,1,1233,0,0,0,1,0,290,0,0
1790897161,46945980,103072989184,0,0,0,0,0,0,0,1186375,1,1233,0,0,0,1,0,290,0,0
1790897162,47013024,103045656576,0,0,0,0,0,0,0,1186375,1,1233,0,0,0,1,0,290,0,0
1790897163,47062644,103063568384,0,0,0,0,0,0,0,1199361,1,1233,0,0,0,1,0,290,0,0
1790897164,47109292,103067672576,0,0,0,0,0,0,0,1199361,1,1233,0,0,0,1,0,290,0,0
1790897165,47167264,103041273856,0,0,0,0,0,0,0,1212423,1,1233,0,0,0,1,0,290,0,0
1790897166,47210568,103074197504,0,0,0,0,0,0,0,1212423,1,1233,0,0,0,1,0,290,0,0
1790897167,47256828,103075540992,0,0,0,0,0,0,0,1225535,1,1233,0,0,0,1,0,290,0,0
1790897168,47302296,103054901248,0,0,0,0,0,0,0,1225535,1,1233,0,0,0,1,0,290,0,0
1790897170,47333232,103060393984,0,0,0,0,0,0,0,1238599,1,1233,0,0,0,1,0,290,0,0
1790897171,47366724,103050399744,0,0,0,0,0,0,0,1238599,1,1233,0,0,0,1,0,290,0,0
1790897172,47403904,103063166976,0,0,0,0,0,0,0,1251663,1,1233,0,0,0,1,0,290,0,0
1790897173,47451580,103059017728,0,0,0,0,0,0,0,1251663,1,1233,0,0,0,1,0,290,0,0
1790897174,47495284,103077629952,0,0,0,0,0,0,0,1264792,1,1233,0,0,0,1,0,290,0,0
1790897175,47535860,103064752128,0,0,0,0,0,0,0,1264792,1,1233,0,0,0,1,0,290,0,0
1790897176,47596704,103078756352,0,0,0,0,0,0,0,1277812,1,1233,0,0,0,1,0,290,0,0
1790897177,47654184,103070707712,0,0,0,0,0,0,0,1277812,1,1233,0,0,0,1,0,290,0,0
1790897178,47695744,103073292288,0,0,0,0,0,0,0,1290856,1,1233,0,0,0,1,0,290,0,0
1790897179,47744348,103065186304,0,0,0,0,0,0,0,1290856,1,1233,0,0,0,1,0,290,0,0
1790897180,47795352,103014961152,0,0,0,0,0,0,0,1303926,1,1233,0,0,0,1,0,290,0,0
1790897181,47845184,103060303872,0,0,0,0,0,0,0,1303926,1,1233,0,0,0,1,0,290,0,0
1790897182,47889144,103075975168,0,0,0,0,0,0,0,1317002,1,1233,0,0,0,1,0,290,0,0
1790897183,47929436,103073841152,0,0,0,0,0,0,0,1330085,1,1233,0,0,0,1,0,290,0,0
1790897184,47978552,103075311616,0,0,0,0,0,0,0,1330085,1,1233,0,0,0,1,0,290,0,0
1790897185,48032400,103055966208,0,0,0,0,0,0,0,1343199,1,1233,0,0,0,1,0,290,0,0
1790897186,48102368,103051059200,0,0,0,0,0,0,0,1343199,1,1233,0,0,0,1,0,290,0,0
1790897187,48159824,103077740544,0,0,0,0,0,0,0,1356384,1,1233,0,0,0,1,0,290,0,0
1790897188,48212308,103075176448,0,0,0,0,0,0,0,1356384,1,1233,0,0,0,1,0,290,0,0
1790897189,48271304,103079116800,0,0,0,0,0,0,0,1369354,1,1233,0,0,0,1,0,290,0,0
1790897191,48322248,103070232576,0,0,0,0,0,0,0,1369354,1,1233,0,0,0,1,0,290,0,0
1790897192,48381332,103075848192,0,0,0,0,0,0,0,1382241,1,1233,0,0,0,1,0,290,0,0
1790897193,48440104,103049863168,0,0,0,0,0,0,0,1382241,1,1233,0,0,0,1,0,290,0,0
1790897194,48501528,103060926464,0,0,0,0,0,0,0,1395245,1,1233,0,0,0,1,0,290,0,0
1790897195,48559484,103067553792,0,0,0,0,0,0,0,1395245,1,1233,0,0,0,1,0,290,0,0
1790897196,48612928,103070703616,0,0,0,0,0,0,0,1408014,1,1233,0,0,0,1,0,290,0,0
1790897197,48659892,103077851136,0,0,0,0,0,0,0,1408014,1,1233,0,0,0,1,0,290,0,0
1790897198,48708552,103079161856,0,0,0,0,0,0,0,1421143,1,1233,0,0,0,1,0,290,0,0
1790897199,48755716,103072735232,0,0,0,0,0,0,0,1421143,1,1233,0,0,0,1,0,290,0,0
1790897200,48804972,103055175680,0,0,0,0,0,0,0,1434111,1,1233,0,0,0,1,0,290,0,0
1790897201,48852832,103071805440,0,0,0,0,0,0,0,1434111,1,1233,0,0,0,1,0,290,0,0
1790897202,48899368,103076925440,0,0,0,0,0,0,0,1447147,1,1233,0,0,0,1,0,290,0,0
1790897203,48955004,103072026624,0,0,0,0,0,0,0,1447147,1,1233,0,0,0,1,0,290,0,0
1790897204,49005680,103079100416,0,0,0,0,0,0,0,1460245,1,1233,0,0,0,1,0,290,0,0
1790897205,49062092,103076745216,0,0,0,0,0,0,0,1460245,1,1233,0,0,0,1,0,290,0,0
1790897206,49114784,103031422976,0,0,0,0,0,0,0,1473305,1,1233,0,0,0,1,0,290,0,0
1790897207,49176704,103070281728,0,0,0,0,0,0,0,1486408,1,1233,0,0,0,1,0,290,0,0
1790897208,49245452,103070126080,0,0,0,0,0,0,0,1486408,1,1233,0,0,0,1,0,290,0,0
1790897209,49292916,103039557632,0,0,0,0,0,0,0,1499468,1,1233,0,0,0,1,0,290,0,0
1790897210,49356804,103061229568,0,0,0,0,0,0,0,1499468,1,1233,0,0,0,1,0,290,0,0
1790897211,49429412,103062970368,0,0,0,0,0,0,0,1512481,1,1233,0,0,0,1,0,290,0,0
1790897213,49498632,103079206912,0,0,0,0,0,0,0,1512481,1,1233,0,0,0,1,0,290,0,0
1790897214,49565340,103058493440,0,0,0,0,0,0,0,1525414,1,1233,0,0,0,1,0,290,0,0
1790897215,49632568,103054614528,0,0,0,0,0,0,0,1525414,1,1233,0,0,0,1,0,290,0,0
1790897216,49681984,103053111296,0,0,0,0,0,0,0,1538411,1,1233,0,0,0,1,0,290,0,0
1790897217,49744936,103037763584,0,0,0,0,0,0,0,1538411,1,1233,0,0,0,1,0,290,0,0
1790897218,49813596,103053197312,0,0,0,0,0,0,0,1551355,1,1233,0,0,0,1,0,290,0,0
1790897219,49885860,103075147776,0,0,0,0,0,0,0,1551355,1,1233,0,0,0,1,0,290,0,0
1790897220,49934716,103070281728,0,0,0,0,0,0,0,1564340,1,1233,0,0,0,1,0,290,0,0
1790897221,49987464,103060373504,0,0,0,0,0,0,0,1564340,1,1233,0,0,0,1,0,290,0,0
1790897222,50060964,103061929984,0,0,0,0,0,0,0,1577194,1,1233,0,0,0,1,0,290,0,0
1790897223,50116072,103074779136,0,0,0,0,0,0,0,1577194,1,1233,0,0,0,1,0,290,0,0
1790897224,50168604,103065837568,0,0,0,0,0,0,0,1590186,1,1233,0,0,0,1,0,290,0,0
1790897225,50237520,103066468352,0,0,0,0,0,0,0,1590186,1,1233,0,0,0,1,0,290,0,0
1790897226,50300980,103070658560,0,0,0,0,0,0,0,1603214,1,1233,0,0,0,1,0,290,0,0
1790897227,50376056,103062175744,0,0,0,0,0,0,0,1603214,1,1233,0,0,0,1,0,290,0,0
1790897228,50423948,103046746112,0,0,0,0,0,0,0,1616266,1,1233,0,0,0,1,0,290,0,0
1790897229,50484016,103078273024,0,0,0,0,0,0,0,1629321,1,1233,0,0,0,1,0,290,0,0
1790897230,50527228,103061348352,0,0,0,0,0,0,0,1629321,1,1233,0,0,0,1,0,290,0,0
1790897231,50579100,103070392320,0,0,0,0,0,0,0,1642213,1,1233,0,0,0,1,0,290,0,0
1790897232,50605416,103061889024,0,0,0,0,0,0,0,1642213,1,1233,0,0,0,1,0,290,0,0
1790897234,50640320,103061180416,0,0,0,0,0,0,0,1655158,1,1233,0,0,0,1,0,290,0,0
1790897235,50679388,103061905408,0,0,0,0,0,0,0,1655158,1,1233,0,0,0,1,0,290,0,0
1790897236,50709296,103072022528,0,0,0,0,0,0,0,1668024,1,1233,0,0,0,1,0,290,0,0
1790897237,50742044,103079194624,0,0,0,0,0,0,0,1668024,1,1233,0,0,0,1,0,290,0,0
1790897238,50773548,103041708032,0,0,0,0,0,0,0,1680982,1,1233,0,0,0,1,0,290,0,0
1790897239,50807572,103078912000,0,0,0,0,0,0,0,1680982,1,1233,0,0,0,1,0,290,0,0
1790897240,50836156,103072247808,0,0,0,0,0,0,0,1694058,1,1233,0,0,0,1,0,290,0,0
1790897241,50884960,103054102528,0,0,0,0,0,0,0,1694058,1,1233,0,0,0,1,0,290,0,0
1790897242,50934224,103055708160,0,0,0,0,0,1,1,1706710,1,1233,1,0,1,1,0,290,0,0
1790897243,50967756,103074033664,0,0,0,0,0,1,1,1706710,1,1233,1,0,1,1,0,290,0,0
1790897244,50993888,103065141248,0,0,0,0,0,1,1,1718476,1,1236,1,0,1,1,0,290,0,0
1790897245,51034160,103068434432,0,0,0,0,0,1,1,1718476,1,1236,1,0,1,1,0,290,0,0
1790897246,51065064,103075405824,0,0,0,0,0,1,1,1730222,1,1241,1,0,1,1,0,290,0,0
1790897247,51106080,103065649152,0,0,0,0,0,1,1,1730222,1,1241,1,0,1,1,0,290,0,0
1790897248,51154312,103068143616,0,0,0,0,0,1,1,1741937,1,1250,1,0,1,1,0,290,0,0
1790897249,51199824,103048896512,0,0,0,0,0,1,1,1741937,1,1250,1,0,1,1,0,290,0,0
1790897250,51258352,103068098560,0,0,0,0,0,1,1,1753572,1,1259,1,0,1,1,0,290,0,0
1790897251,51304120,103051857920,0,0,0,0,0,1,1,1765303,1,1267,1,0,1,1,0,290,0,0
1790897252,51364548,103050215424,0,0,0,0,0,1,1,1765303,1,1267,1,0,1,1,0,290,0,0
1790897254,51426508,103073189888,0,0,0,0,0,1,1,1776997,1,1269,1,0,1,1,0,290,0,0
1790897255,51495104,103074930688,0,0,0,0,0,1,1,1776997,1,1269,1,0,1,1,0,290,0,0
1790897256,51564304,103068585984,0,0,0,0,0,1,1,1788632,1,1269,1,0,1,1,0,290,0,0
1790897257,51627156,103074570240,0,0,0,0,0,1,1,1788632,1,1269,1,0,1,1,0,290,0,0
1790897258,51697832,103063961600,0,0,0,0,0,1,1,1800198,1,1269,1,0,1,1,0,290,0,0
1790897259,51764628,103074189312,0,0,0,0,0,1,1,1800198,1,1269,1,0,1,1,0,290,0,0
1790897260,51833904,103070830592,0,0,0,0,0,1,1,1811809,1,1269,1,0,1,1,0,290,0,0
1790897261,51901076,103076679680,0,0,0,0,0,1,1,1811809,1,1269,1,0,1,1,0,290,0,0
1790897262,50525188,101813071872,0,0,0,0,0,1,1,1822334,3,1274,0,2,0,39,1,4828543545,3376886,6735710
1790897263,49337584,102012268544,0,0,0,0,0,1,1,1822334,3,1274,0,2,0,39,1,4828543545,3376886,6735710
1790897264,49218508,103046619136,0,0,0,0,0,1,1,1827605,3,1283,0,2,0,39,1,4828543545,3376886,6735710
1790897265,48869996,103071289344,0,0,0,0,0,1,1,1827605,3,1283,0,2,0,39,1,4828543545,3376886,6735710
1790897266,48246436,103075442688,0,0,0,0,0,1,1,1833439,3,1295,0,2,0,39,1,4828543545,3376886,6735710
1790897267,47431100,103052472320,0,0,0,0,0,1,1,1833439,3,1295,0,2,0,39,1,4828543545,3376886,6735710
1790897268,46448508,103065473024,0,0,0,0,0,1,1,1839088,3,1312,0,2,0,39,1,4828543545,3376886,6735710
1790897269,45635756,103063060480,0,0,0,0,0,1,1,1839088,3,1312,0,2,0,39,1,4828543545,3376886,6735710
1790897270,45021300,103059406848,0,0,0,0,0,1,1,1843489,3,1323,0,2,0,39,1,4828543545,3376886,6735710
1790897272,44496696,103066341376,0,0,0,0,0,1,1,1848282,3,1338,0,2,0,39,1,4828543545,3376886,6735710
1790897273,44376244,103077163008,0,0,0,0,0,1,1,1848282,3,1338,0,2,0,39,1,4828543545,3376886,6735710
1790897274,44281576,103048577024,0,0,0,0,0,1,1,1854197,3,1354,0,2,0,39,1,4828543545,3376886,6735710
1790897275,44298676,103072215040,0,0,0,0,0,1,1,1854197,3,1354,0,2,0,39,1,4828543545,3376886,6735710
1790897276,44332448,103064043520,0,0,0,0,0,1,1,1860149,3,1371,0,2,0,39,1,4828543545,3376886,6735710
1790897277,44375164,103079092224,0,0,0,0,0,1,1,1860149,3,1371,0,2,0,39,1,4828543545,3376886,6735710
1790897278,44381948,103075414016,0,0,0,0,0,1,1,1866019,3,1385,0,2,0,39,1,4828543545,3376886,6735710
1790897279,44420428,103063666688,0,0,0,0,0,1,1,1866019,3,1385,0,2,0,39,1,4828543545,3376886,6735710
1790897280,44474436,103077445632,0,0,0,0,0,1,1,1874255,3,1395,0,2,0,39,1,4828543545,3376886,6735710
1790897281,44514672,103066988544,0,0,0,0,0,1,1,1874255,3,1395,0,2,0,39,1,4828543545,3376886,6735710
1790897282,44549192,99875463168,0,0,0,0,0,1,1,1883529,4,1367,0,1,0,39,2,4828543545,2443360294,2474527872
1790897283,44589100,98942382080,0,0,0,0,0,1,1,1883529,4,1367,0,1,0,39,2,4828543545,2443360294,2474527872
1790897284,44637236,100279001088,0,0,0,0,0,1,1,1891966,7,1310,0,0,0,39,5,4828543545,7325180306,7413627033
1790897285,44690292,95610146816,0,0,0,0,0,1,1,1891966,7,1310,0,0,0,39,5,4828543545,7325180306,7413627033
1790897286,44748624,96226811904,0,0,0,0,0,1,1,1902038,9,1271,0,0,0,39,7,4828543545,12556055040,12672211256
1790897287,44828808,96915476480,0,0,0,0,0,1,1,1902038,9,1271,0,0,0,39,7,4828543545,12556055040,12672211256
1790897288,44896892,97594634240,0,0,0,0,0,1,1,1914563,9,1271,0,0,0,39,7,4828543545,12556055040,12672211256
1790897289,44961680,98257371136,0,0,0,0,0,1,1,1914563,9,1271,0,0,0,39,7,4828543545,12556055040,12672211256
1790897290,45006412,98913558528,0,0,0,0,0,1,1,1927344,9,1271,0,0,0,39,7,4828543545,12556055040,12672211256
1790897292,45053756,99574616064,0,0,0,0,0,1,1,1927344,9,1271,0,0,0,39,7,4828543545,12556055040,12672211256
1790897293,45076516,100208041984,0,0,0,0,0,1,1,1940086,9,1271,0,0,0,39,7,4828543545,12556055040,12672211256
1790897294,45115712,100854362112,0,0,0,0,0,1,1,1952922,9,1271,0,0,0,39,7,4828543545,12556055040,12672211256
1790897295,45148308,101503578112,0,0,0,0,0,1,1,1952922,9,1271,0,0,0,39,7,4828543545,12556055040,12672211256
1790897296,45166728,102139162624,0,0,0,0,0,1,1,1965899,9,1271,0,0,0,39,7,4828543545,12556055040,12672211256
1790897297,45178980,102772084736,0,0,0,0,0,1,1,1965899,9,1271,0,0,0,39,7,4828543545,12556055040,12672211256
1790897298,45193452,103070928896,0,0,0,0,0,1,1,1978775,9,1271,0,0,0,39,7,4828543545,12556055040,12672211256
1790897299,45240316,103076421632,0,0,0,0,0,1,1,1978775,9,1271,0,0,0,39,7,4828543545,12556055040,12672211256
1790897300,45291672,103072268288,0,0,0,0,0,1,1,1991637,9,1271,0,0,0,39,7,4828543545,12556055040,12672211256
1790897301,45346576,103031324672,0,0,0,0,0,1,1,1991637,9,1271,0,0,0,39,7,4828543545,12556055040,12672211256
1790897302,45405324,103072370688,0,0,0,0,0,1,1,2004442,9,1271,0,0,0,39,7,4828543545,12556055040,12672211256
1790897303,45454652,103074234368,0,0,0,0,0,1,1,2004442,9,1271,0,0,0,39,7,4828543545,12556055040,12672211256
1790897304,45512464,103029559296,0,0,0,0,0,1,1,2017169,9,1271,0,0,0,39,7,4828543545,12556055040,12672211256
1790897305,45560400,103056601088,0,0,0,0,0,1,1,2017169,9,1271,0,0,0,39,7,4828543545,12556055040,12672211256
1790897306,45601832,103057002496,0,0,0,0,0,1,1,2029978,9,1271,0,0,0,39,7,4828543545,12556055040,12672211256
1790897307,45634816,103060156416,0,0,0,0,0,1,1,2029978,9,1271,0,0,0,39,7,4828543545,12556055040,12672211256
1790897308,45674580,103049314304,0,0,0,0,0,1,1,2042813,9,1271,0,0,0,39,7,4828543545,12556055040,12672211256
1790897309,45694296,103079161856,0,0,0,0,0,1,1,2042813,9,1271,0,0,0,39,7,4828543545,12556055040,12672211256
1790897310,45722180,103060422656,0,0,0,0,0,1,1,2055742,9,1271,0,0,0,39,7,4828543545,12556055040,12672211256
1790897311,45772120,103036391424,0,0,0,0,0,1,1,2055742,9,1271,0,0,0,39,7,4828543545,12556055040,12672211256
1790897313,45790316,103079141376,0,0,0,0,0,1,1,2068576,9,1271,0,0,0,39,7,4828543545,12556055040,12672211256
1790897314,45813568,103070748672,0,0,0,0,0,1,1,2068576,9,1271,0,0,0,39,7,4828543545,12556055040,12672211256
1790897315,45856268,103065165824,0,0,0,0,0,1,1,2079807,9,1271,0,0,0,39,7,4828543545,12556055040,12672211256
1790897316,45901104,103068172288,0,0,0,0,0,1,1,2092035,9,1271,0,0,0,39,7,4828543545,12556055040,12672211256
1790897317,45933788,103060725760,0,0,0,0,0,1,1,2092035,9,1271,0,0,0,39,7,4828543545,12556055040,12672211256
1790897318,45986788,103061172224,0,0,0,0,0,1,1,2104907,9,1271,0,0,0,39,7,4828543545,12556055040,12672211256
1790897319,46027248,103078961152,0,0,0,0,0,1,1,2104907,9,1271,0,0,0,39,7,4828543545,12556055040,12672211256
1790897320,46069028,103055622144,0,0,0,0,0,1,1,2117838,9,1271,0,0,0,39,7,4828543545,12556055040,12672211256
1790897321,46099720,103063715840,0,0,0,0,0,1,1,2117838,9,1271,0,0,0,39,7,4828543545,12556055040,12672211256
1790897322,46132232,103067254784,0,0,0,0,0,1,1,2130757,9,1271,0,0,0,39,7,4828543545,12556055040,12672211256
1790897323,46152652,103053414400,0,0,0,0,0,1,1,2130757,9,1271,0,0,0,39,7,4828543545,12556055040,12672211256
1790897324,46174492,103071211520,0,0,0,0,0,1,1,2143716,9,1271,0,0,0,39,7,4828543545,12556055040,12672211256
1790897325,46181236,103076777984,0,0,0,0,0,1,1,2143716,9,1271,0,0,0,39,7,4828543545,12556055040,12672211256
1790897326,46188452,103073824768,0,0,0,0,0,1,1,2156664,9,1271,0,0,0,39,7,4828543545,12556055040,12672211256
1790897327,46212132,103063834624,0,0,0,0,0,1,1,2156664,9,1271,0,0,0,39,7,4828543545,12556055040,12672211256
1790897328,46212504,103056769024,0,0,0,0,0,1,1,2169510,9,1271,0,0,0,39,7,4828543545,12556055040,12672211256
1790897329,46222440,103070089216,0,0,0,0,0,1,1,2169510,9,1271,0,0,0,39,7,4828543545,12556055040,12672211256
1790897330,46240424,103078236160,0,0,0,0,0,1,1,2182472,9,1271,0,0,0,39,7,4828543545,12556055040,12672211256
1790897331,46261588,103069954048,0,0,0,0,0,1,1,2182472,9,1271,0,0,0,39,7,4828543545,12556055040,12672211256
1790897332,46268524,103067136000,0,0,0,0,0,1,1,2195457,9,1271,0,0,0,39,7,4828543545,12556055040,12672211256
1790897334,46287516,103064215552,0,0,0,0,0,1,1,2195457,9,1271,0,0,0,39,7,4828543545,12556055040,12672211256
1790897335,46306436,103076892672,0,0,0,0,0,1,1,2208401,9,1271,0,0,0,39,7,4828543545,12556055040,12672211256
1790897336,46313680,103043383296,0,0,0,0,0,1,1,2208401,9,1271,0,0,0,39,7,4828543545,12556055040,12672211256
1790897337,46333920,103076425728,0,0,0,0,0,1,1,2221335,9,1271,0,0,0,39,7,4828543545,12556055040,12672211256
1790897338,46355120,103075463168,0,0,0,0,0,1,1,2221335,9,1271,0,0,0,39,7,4828543545,12556055040,12672211256
1790897339,46366716,103072612352,0,0,0,0,0,1,1,2234433,9,1271,0,0,0,39,7,4828543545,12556055040,12672211256
1790897340,46390588,103069429760,0,0,0,0,0,1,1,2247480,9,1271,0,0,0,39,7,4828543545,12556055040,12672211256
1790897341,46415700,103069929472,0,0,0,0,0,1,1,2247480,9,1271,0,0,0,39,7,4828543545,12556055040,12672211256
1790897342,46432520,103066578944,0,0,0,0,0,1,1,2260436,9,1271,0,0,0,39,7,4828543545,12556055040,12672211256
1790897343,46461120,103076675584,0,0,0,0,0,1,1,2260436,9,1271,0,0,0,39,7,4828543545,12556055040,12672211256
1790897344,46490440,103051374592,0,0,0,0,0,1,1,2273325,9,1271,0,0,0,39,7,4828543545,12556055040,12672211256
1790897345,46518304,103061311488,0,0,0,0,0,1,1,2273325,9,1271,0,0,0,39,7,4828543545,12556055040,12672211256
1790897346,46534420,103078993920,0,0,0,0,0,1,1,2285973,9,1271,0,0,0,39,7,4828543545,12556055040,12672211256
1790897347,46540348,103068872704,0,0,0,0,0,1,1,2285973,9,1271,0,0,0,39,7,4828543545,12556055040,12672211256
1790897348,46570612,103076294656,0,0,0,0,0,1,1,2298915,9,1271,0,0,0,39,7,4828543545,12556055040,12672211256
1790897349,46597052,103074201600,0,0,0,0,0,1,1,2298915,9,1271,0,0,0,39,7,4828543545,12556055040,12672211256
1790897350,46632292,103065812992,0,0,0,0,0,1,1,2311824,9,1271,0,0,0,39,7,4828543545,12556055040,12672211256
1790897351,46664888,103047692288,0,0,0,0,0,1,1,2311824,9,1271,0,0,0,39,7,4828543545,12556055040,12672211256
1790897352,46697960,103076753408,0,0,0,0,0,1,1,2324805,9,1271,0,0,0,39,7,4828543545,12556055040,12672211256
1790897353,46733812,103065759744,0,0,0,0,0,1,1,2324805,9,1271,0,0,0,39,7,4828543545,12556055040,12672211256
1790897354,46772896,103071084544,0,0,0,0,0,1,1,2337721,9,1271,0,0,0,39,7,4828543545,12556055040,12672211256
1790897356,46804152,103035592704,0,0,0,0,0,1,1,2337721,9,1271,0,0,0,39,7,4828543545,12556055040,12672211256
1790897357,46835708,103075237888,0,0,0,0,0,1,1,2350598,9,1271,0,0,0,39,7,4828543545,12556055040,12672211256
1790897358,46877644,103069671424,0,0,0,0,0,1,1,2350598,9,1271,0,0,0,39,7,4828543545,12556055040,12672211256
1790897359,46909016,103074627584,0,0,0,0,0,1,1,2363479,9,1271,0,0,0,39,7,4828543545,12556055040,12672211256
1790897360,46948236,103060090880,0,0,0,0,0,1,1,2363479,9,1271,0,0,0,39,7,4828543545,12556055040,12672211256
1790897361,47007204,103072342016,0,0,0,0,0,1,1,2376415,9,1271,0,0,0,39,7,4828543545,12556055040,12672211256
1790897362,47039416,102997995520,0,0,0,0,0,1,1,2389293,9,1271,0,0,0,39,7,4828543545,12556055040,12672211256
1790897363,47086784,103079075840,0,0,0,0,0,1,1,2389293,9,1271,0,0,0,39,7,4828543545,12556055040,12672211256
1790897364,47133220,103064875008,0,0,0,0,0,1,1,2402244,9,1271,0,0,0,39,7,4828543545,12556055040,12672211256
1790897365,47174572,103070830592,0,0,0,0,0,1,1,2402244,9,1271,0,0,0,39,7,4828543545,12556055040,12672211256
1790897366,47222148,103044702208,0,0,0,0,0,1,1,2415244,9,1271,0,0,0,39,7,4828543545,12556055040,12672211256
1790897367,47258372,103062536192,0,0,0,0,0,1,1,2415244,9,1271,0,0,0,39,7,4828543545,12556055040,12672211256
1790897368,47289152,103060877312,0,0,0,0,0,1,1,2428194,9,1271,0,0,0,39,7,4828543545,12556055040,12672211256
1790897369,47311752,103068880896,0,0,0,0,0,1,1,2428194,9,1271,0,0,0,39,7,4828543545,12556055040,12672211256
1790897370,47324980,103039025152,0,0,0,0,0,1,1,2441189,9,1271,0,0,0,39,7,4828543545,12556055040,12672211256
1790897371,47338336,103076454400,0,0,0,0,0,1,1,2441189,9,1271,0,0,0,39,7,4828543545,12556055040,12672211256
1790897372,47331812,103072743424,0,0,0,0,0,1,1,2454148,9,1271,0,0,0,39,7,4828543545,12556055040,12672211256
1790897373,47338244,103058194432,0,0,0,0,0,1,1,2454148,9,1271,0,0,0,39,7,4828543545,12556055040,12672211256
1790897374,47351328,103072169984,0,0,0,0,0,1,1,2467053,9,1271,0,0,0,39,7,4828543545,12556055040,12672211256
1790897375,47362388,103066873856,0,0,0,0,0,1,1,2467053,9,1271,0,0,0,39,7,4828543545,12556055040,12672211256
1790897377,47373952,103053070336,0,0,0,0,0,1,1,2480032,9,1271,0,0,0,39,7,4828543545,12556055040,12672211256
1790897378,47388628,103035002880,0,0,0,0,0,1,1,2480032,9,1271,0,0,0,39,7,4828543545,12556055040,12672211256
1790897379,47410624,103070150656,0,0,0,0,0,1,1,2492991,9,1271,0,0,0,39,7,4828543545,12556055040,12672211256
1790897380,47447948,103067316224,0,0,0,0,0,1,1,2492991,9,1271,0,0,0,39,7,4828543545,12556055040,12672211256
1790897381,47476360,103057383424,0,0,0,0,0,1,1,2505781,9,1271,0,0,0,39,7,4828543545,12556055040,12672211256
1790897382,47507768,103061749760,0,0,0,0,0,1,1,2505781,9,1271,0,0,0,39,7,4828543545,12556055040,12672211256
1790897383,47554792,103048994816,0,0,0,0,0,1,1,2518513,9,1271,0,0,0,39,7,4828543545,12556055040,12672211256
1790897384,47623336,103075909632,0,0,0,0,0,1,1,2518513,9,1271,0,0,0,39,7,4828543545,12556055040,12672211256
1790897385,47667580,103076167680,0,0,0,0,0,1,1,2531258,9,1271,0,0,0,39,7,4828543545,12556055040,12672211256
1790897386,47728716,103070961664,0,0,0,0,0,1,1,2544149,9,1271,0,0,0,39,7,4828543545,12556055040,12672211256
1790897387,47767120,103036170240,0,0,0,0,0,1,1,2544149,9,1271,0,0,0,39,7,4828543545,12556055040,12672211256
1790897388,47816444,103061782528,0,0,0,0,0,1,1,2556868,9,1271,0,0,0,39,7,4828543545,12556055040,12672211256
1790897389,47858316,103070834688,0,0,0,0,0,1,1,2556868,9,1271,0,0,0,39,7,4828543545,12556055040,12672211256
1790897390,47898312,103064973312,0,0,0,0,0,1,1,2569645,9,1271,0,0,0,39,7,4828543545,12556055040,12672211256
1790897391,47945544,103071997952,0,0,0,0,0,1,1,2569645,9,1271,0,0,0,39,7,4828543545,12556055040,12672211256
1790897392,47990316,103064518656,0,0,0,0,0,1,1,2582446,9,1271,0,0,0,39,7,4828543545,12556055040,12672211256
1790897393,48031336,103079051264,0,0,0,0,0,1,1,2582446,9,1271,0,0,0,39,7,4828543545,12556055040,12672211256
1790897394,48061688,103078526976,0,0,0,0,0,1,1,2595272,9,1271,0,0,0,39,7,4828543545,12556055040,12672211256
1790897395,48099396,103017701376,0,0,0,0,0,1,1,2595272,9,1271,0,0,0,39,7,4828543545,12556055040,12672211256
1790897396,48147152,103049256960,0,0,0,0,0,1,1,2608189,9,1271,0,0,0,39,7,4828543545,12556055040,12672211256
1790897398,48211248,103070945280,0,0,0,0,0,1,1,2608189,9,1271,0,0,0,39,7,4828543545,12556055040,12672211256
1790897399,48274312,103061716992,0,0,0,0,0,1,1,2621088,9,1271,0,0,0,39,7,4828543545,12556055040,12672211256
1790897400,48340300,103076171776,0,0,0,0,0,1,1,2621088,9,1271,0,0,0,39,7,4828543545,12556055040,12672211256
1790897401,48414440,103035604992,0,0,0,0,0,1,1,2633795,9,1271,0,0,0,39,7,4828543545,12556055040,12672211256
1790897402,48484848,103045074944,0,0,0,0,0,1,1,2633795,9,1271,0,0,0,39,7,4828543545,12556055040,12672211256
1790897403,48534596,103048179712,0,0,0,0,0,1,1,2646760,9,1271,0,0,0,39,7,4828543545,12556055040,12672211256
1790897404,48595020,103050924032,0,0,0,0,0,1,1,2646760,9,1271,0,0,0,39,7,4828543545,12556055040,12672211256
1790897405,48659076,103074672640,0,0,0,0,0,1,1,2659522,9,1271,0,0,0,39,7,4828543545,12556055040,12672211256
1790897406,48722980,103076294656,0,0,0,0,0,1,1,2659522,9,1271,0,0,0,39,7,4828543545,12556055040,12672211256
1790897407,48795048,103052726272,0,0,0,0,0,1,1,2672358,9,1271,0,0,0,39,7,4828543545,12556055040,12672211256
1790897408,48849560,103077957632,0,0,0,0,0,1,1,2685401,9,1271,0,0,0,39,7,4828543545,12556055040,12672211256
1790897409,48912248,103061221376,0,0,0,0,0,1,1,2685401,9,1271,0,0,0,39,7,4828543545,12556055040,12672211256
1790897410,48992128,103066193920,0,0,0,0,0,1,1,2698285,9,1271,0,0,0,39,7,4828543545,12556055040,12672211256
1790897411,49048288,103067459584,0,0,0,0,0,1,1,2698285,9,1271,0,0,0,39,7,4828543545,12556055040,12672211256
1790897412,49091024,103077429248,0,0,0,0,0,1,1,2711152,9,1271,0,0,0,39,7,4828543545,12556055040,12672211256
1790897413,49115948,103070265344,0,0,0,0,0,1,1,2711152,9,1271,0,0,0,39,7,4828543545,12556055040,12672211256
1790897414,49151824,103075958784,0,0,0,0,0,1,1,2723841,9,1271,0,0,0,39,7,4828543545,12556055040,12672211256
1790897415,49192604,103078887424,0,0,0,0,0,1,1,2723841,9,1271,0,0,0,39,7,4828543545,12556055040,12672211256
1790897416,49235672,103058550784,0,0,0,0,0,1,1,2736710,9,1271,0,0,0,39,7,4828543545,12556055040,12672211256
1790897417,49274748,103074738176,0,0,0,0,0,1,1,2736710,9,1271,0,0,0,39,7,4828543545,12556055040,12672211256
1790897419,49300840,103058083840,0,0,0,0,0,1,1,2749674,9,1271,0,0,0,39,7,4828543545,12556055040,12672211256
1790897420,49324752,103075831808,0,0,0,0,0,1,1,2749674,9,1271,0,0,0,39,7,4828543545,12556055040,12672211256
1790897421,49348016,103063154688,0,0,0,0,0,1,1,2762604,9,1271,0,0,0,39,7,4828543545,12556055040,12672211256
1790897422,49376464,103076196352,0,0,0,0,0,1,1,2762604,9,1271,0,0,0,39,7,4828543545,12556055040,12672211256
1790897423,49400528,103072829440,0,0,0,0,0,1,1,2775555,9,1271,0,0,0,39,7,4828543545,12556055040,12672211256
1790897424,49433940,103062323200,0,0,0,0,0,1,1,2775555,9,1271,0,0,0,39,7,4828543545,12556055040,12672211256
1790897425,49461216,103079018496,0,0,0,0,0,1,1,2788404,9,1271,0,0,0,39,7,4828543545,12556055040,12672211256
1790897426,49490180,103069655040,0,0,0,0,0,1,1,2788404,9,1271,0,0,0,39,7,4828543545,12556055040,12672211256
1790897427,49525592,103056703488,0,0,0,0,0,1,1,2801360,9,1271,0,0,0,39,7,4828543545,12556055040,12672211256
1790897428,49550264,103048925184,0,0,0,0,0,1,1,2801360,9,1271,0,0,0,39,7,4828543545,12556055040,12672211256
1790897429,49579924,103062364160,0,0,0,0,0,1,1,2814172,9,1271,0,0,0,39,7,4828543545,12556055040,12672211256
1790897430,49618024,103039430656,0,0,0,0,0,1,1,2827046,9,1271,0,0,0,39,7,4828543545,12556055040,12672211256
1790897431,49658744,103057989632,0,0,0,0,0,1,1,2827046,9,1271,0,0,0,39,7,4828543545,12556055040,12672211256
1790897432,49693396,103079153664,0,0,0,0,0,1,1,2839909,9,1271,0,0,0,39,7,4828543545,12556055040,12672211256
1790897433,49744620,103079051264,0,0,0,0,0,1,1,2839909,9,1271,0,0,0,39,7,4828543545,12556055040,12672211256
1790897434,49792568,103069810688,0,0,0,0,0,1,1,2852831,9,1271,0,0,0,39,7,4828543545,12556055040,12672211256
1790897435,49843080,103068524544,0,0,0,0,0,1,1,2852831,9,1271,0,0,0,39,7,4828543545,12556055040,12672211256
1790897436,49888012,103070695424,0,0,0,0,0,1,1,2865631,9,1271,0,0,0,39,7,4828543545,12556055040,12672211256
1790897437,49929044,103078072320,0,0,0,0,0,1,1,2865631,9,1271,0,0,0,39,7,4828543545,12556055040,12672211256
1790897439,49979216,103074459648,0,0,0,0,0,1,1,2878388,9,1271,0,0,0,39,7,4828543545,12556055040,12672211256
1790897440,50023536,103054340096,0,0,0,0,0,1,1,2878388,9,1271,0,0,0,39,7,4828543545,12556055040,12672211256
1790897441,50072792,103073599488,0,0,0,0,0,1,1,2891270,9,1271,0,0,0,39,7,4828543545,12556055040,12672211256
1790897442,50089760,103068749824,0,0,0,0,0,1,1,2891270,9,1271,0,0,0,39,7,4828543545,12556055040,12672211256
1790897443,50135076,103062155264,0,0,0,0,0,1,1,2904077,9,1271,0,0,0,39,7,4828543545,12556055040,12672211256
1790897444,50181668,103045283840,0,0,0,0,0,1,1,2904077,9,1271,0,0,0,39,7,4828543545,12556055040,12672211256
1790897445,50216812,103072071680,0,0,0,0,0,1,1,2916676,9,1271,0,0,0,39,7,4828543545,12556055040,12672211256
1790897446,50253512,103062401024,0,0,0,0,0,1,1,2916676,9,1271,0,0,0,39,7,4828543545,12556055040,12672211256
1790897447,50286780,103077199872,0,0,0,0,0,1,1,2929463,9,1271,0,0,0,39,7,4828543545,12556055040,12672211256
1790897448,50322868,103062065152,0,0,0,0,0,1,1,2929463,9,1271,0,0,0,39,7,4828543545,12556055040,12672211256
1790897449,50356180,103048245248,0,0,0,0,0,1,1,2942327,9,1271,0,0,0,39,7,4828543545,12556055040,12672211256
1790897450,50390988,103057588224,0,0,0,0,0,1,1,2942327,9,1271,0,0,0,39,7,4828543545,12556055040,12672211256
1790897451,50415504,103078014976,0,0,0,0,0,1,1,2955217,9,1271,0,0,0,39,7,4828543545,12556055040,12672211256
1790897452,50432984,103070515200,0,0,0,0,0,1,1,2968115,9,1271,0,0,0,39,7,4828543545,12556055040,12672211256
1790897453,50447204,103076552704,0,0,0,0,0,1,1,2968115,9,1271,0,0,0,39,7,4828543545,12556055040,12672211256
1790897454,50468264,103078735872,0,0,0,0,0,1,1,2980944,9,1271,0,0,0,39,7,4828543545,12556055040,12672211256
1790897455,50493084,103062958080,0,0,0,0,0,1,1,2980944,9,1271,0,0,0,39,7,4828543545,12556055040,12672211256
1790897456,50525536,103071903744,0,0,0,0,0,1,1,2993806,9,1271,0,0,0,39,7,4828543545,12556055040,12672211256
1790897457,50544428,103069634560,0,0,0,0,0,1,1,2993806,9,1271,0,0,0,39,7,4828543545,12556055040,12672211256
1790897458,50584104,103061143552,0,0,0,0,0,1,1,3006727,9,1271,0,0,0,39,7,4828543545,12556055040,12672211256
1790897459,50632172,103058132992,0,0,0,0,0,1,1,3006727,9,1271,0,0,0,39,7,4828543545,12556055040,12672211256
1790897461,50708972,103065927680,0,0,0,0,0,1,1,3019602,9,1271,0,0,0,39,7,4828543545,12556055040,12672211256
1790897462,50758376,103072272384,0,0,0,0,0,1,1,3019602,9,1271,0,0,0,39,7,4828543545,12556055040,12672211256
1790897463,50835060,103059603456,0,0,0,0,0,1,1,3032359,9,1271,0,0,0,39,7,4828543545,12556055040,12672211256
1790897464,50901092,103050571776,0,0,0,0,0,1,1,3032359,9,1271,0,0,0,39,7,4828543545,12556055040,12672211256
1790897465,50978860,103066247168,0,0,0,0,0,1,1,3045229,9,1271,0,0,0,39,7,4828543545,12556055040,12672211256
1790897466,51049708,103062290432,0,0,0,0,0,1,1,3045229,9,1271,0,0,0,39,7,4828543545,12556055040,12672211256
1790897467,51122400,103065657344,0,0,0,0,0,1,1,3057934,9,1271,0,0,0,39,7,4828543545,12556055040,12672211256
1790897468,51182156,103078178816,0,0,0,0,0,1,1,3057934,9,1271,0,0,0,39,7,4828543545,12556055040,12672211256
1790897469,51237836,103050133504,0,0,0,0,0,1,1,3070762,9,1271,0,0,0,39,7,4828543545,12556055040,12672211256
1790897470,51284696,103053533184,0,0,0,0,0,1,1,3070762,9,1271,0,0,0,39,7,4828543545,12556055040,12672211256
1790897471,51333956,103079215104,0,0,0,0,0,1,1,3083769,9,1271,0,0,0,39,7,4828543545,12556055040,12672211256
1790897472,51386632,103069413376,0,0,0,0,0,1,1,3083769,9,1271,0,0,0,39,7,4828543545,12556055040,12672211256
1790897473,51421748,103072096256,0,0,0,0,0,1,1,3096700,9,1271,0,0,0,39,7,4828543545,12556055040,12672211256
1790897474,51463764,103057600512,0,0,0,0,0,1,1,3096700,9,1271,0,0,0,39,7,4828543545,12556055040,12672211256
1790897475,51497020,103049637888,0,0,0,0,0,1,1,3109431,9,1271,0,0,0,39,7,4828543545,12556055040,12672211256
1790897476,51530248,103067541504,0,0,0,0,0,1,1,3121907,9,1271,0,0,0,39,7,4828543545,12556055040,12672211256
1790897477,51564332,103068704768,0,0,0,0,0,1,1,3121907,9,1271,0,0,0,39,7,4828543545,12556055040,12672211256
1790897478,51591952,103053733888,0,0,0,0,0,1,1,3134658,9,1271,0,0,0,39,7,4828543545,12556055040,12672211256
1790897479,51631584,103076687872,0,0,0,0,0,1,1,3134658,9,1271,0,0,0,39,7,4828543545,12556055040,12672211256
1790897480,51666532,103079124992,0,0,0,0,0,1,1,3147532,9,1271,0,0,0,39,7,4828543545,12556055040,12672211256
1790897482,51713212,103070097408,0,0,0,0,0,1,1,3147532,9,1271,0,0,0,39,7,4828543545,12556055040,12672211256
1790897483,51760588,103056429056,0,0,0,0,0,1,1,3160373,9,1271,0,0,0,39,7,4828543545,12556055040,12672211256
1790897484,51807996,103078834176,0,0,0,0,0,1,1,3160373,9,1271,0,0,0,39,7,4828543545,12556055040,12672211256
1790897485,51829368,103072931840,0,0,0,0,0,1,1,3173254,9,1271,0,0,0,39,7,4828543545,12556055040,12672211256
1790897486,51881956,103075663872,0,0,0,0,0,1,1,3173254,9,1271,0,0,0,39,7,4828543545,12556055040,12672211256
1790897487,51927308,103061708800,0,0,0,0,0,1,1,3186118,9,1271,0,0,0,39,7,4828543545,12556055040,12672211256
1790897488,51970352,103066718208,0,0,0,0,0,1,1,3186118,9,1271,0,0,0,39,7,4828543545,12556055040,12672211256
1790897489,52016552,103073140736,0,0,0,0,0,1,1,3198877,9,1271,0,0,0,39,7,4828543545,12556055040,12672211256
1790897490,52065572,103079047168,0,0,0,0,0,1,1,3198877,9,1271,0,0,0,39,7,4828543545,12556055040,12672211256
1790897491,52091076,103076663296,0,0,0,0,0,1,1,3211724,9,1271,0,0,0,39,7,4828543545,12556055040,12672211256
1790897492,52114248,103079206912,0,0,0,0,0,1,1,3211724,9,1271,0,0,0,39,7,4828543545,12556055040,12672211256
1790897493,52154280,103070969856,0,0,0,0,0,1,1,3224537,9,1271,0,0,0,39,7,4828543545,12556055040,12672211256
1790897494,52194124,103066107904,0,0,0,0,0,1,1,3224537,9,1271,0,0,0,39,7,4828543545,12556055040,12672211256
1790897495,52224652,103067086848,0,0,0,0,0,1,1,3237421,9,1271,0,0,0,39,7,4828543545,12556055040,12672211256
1790897496,52258732,103068372992,0,0,0,0,0,1,1,3237421,9,1271,0,0,0,39,7,4828543545,12556055040,12672211256
1790897497,52278812,103062032384,0,0,0,0,0,1,1,3250288,9,1271,0,0,0,39,7,4828543545,12556055040,12672211256
1790897498,52292704,103077064704,0,0,0,0,0,1,1,3263140,9,1271,0,0,0,39,7,4828543545,12556055040,12672211256
1790897499,52310692,103076753408,0,0,0,0,0,1,1,3263140,9,1271,0,0,0,39,7,4828543545,12556055040,12672211256
1790897500,52327952,103066640384,0,0,0,0,0,1,1,3276106,9,1271,0,0,0,39,7,4828543545,12556055040,12672211256
1790897502,52338488,103035195392,0,0,0,0,0,1,1,3276106,9,1271,0,0,0,39,7,4828543545,12556055040,12672211256
1790897503,52346084,103062597632,0,0,0,0,0,1,1,3288934,9,1271,0,0,0,39,7,4828543545,12556055040,12672211256
1790897504,52384444,103077163008,0,0,0,0,0,1,1,3288934,9,1271,0,0,0,39,7,4828543545,12556055040,12672211256
1790897505,52414700,103066951680,0,0,0,0,0,1,1,3301761,9,1271,0,0,0,39,7,4828543545,12556055040,12672211256
1790897506,52451520,103071518720,0,0,0,0,0,1,1,3301761,9,1271,0,0,0,39,7,4828543545,12556055040,12672211256
1790897507,52497496,103076896768,0,0,0,0,0,1,1,3314547,9,1271,0,0,0,39,7,4828543545,12556055040,12672211256
1790897508,52527652,103062441984,0,0,0,0,0,1,1,3314547,9,1271,0,0,0,39,7,4828543545,12556055040,12672211256
1790897509,52563424,103060881408,0,0,0,0,0,1,1,3327179,9,1271,0,0,0,39,7,4828543545,12556055040,12672211256
1790897510,52576804,103038607360,0,0,0,0,0,1,1,3327179,9,1271,0,0,0,39,7,4828543545,12556055040,12672211256
1790897511,52640604,103070339072,0,0,0,0,0,1,1,3339862,9,1271,0,0,0,39,7,4828543545,12556055040,12672211256
1790897512,52694700,103073918976,0,0,0,0,0,1,1,3339862,9,1271,0,0,0,39,7,4828543545,12556055040,12672211256
1790897513,52752508,103070380032,0,0,0,0,0,1,1,3352747,9,1271,0,0,0,39,7,4828543545,12556055040,12672211256
1790897514,52801332,103066767360,0,0,0,0,0,1,1,3352747,9,1271,0,0,0,39,7,4828543545,12556055040,12672211256
1790897515,52839288,103061467136,0,0,0,0,0,1,1,3365624,9,1271,0,0,0,39,7,4828543545,12556055040,12672211256
1790897516,52884368,103069503488,0,0,0,0,0,1,1,3365624,9,1271,0,0,0,39,7,4828543545,12556055040,12672211256
1790897517,52917408,103073128448,0,0,0,0,0,1,1,3378489,9,1271,0,0,0,39,7,4828543545,12556055040,12672211256
1790897518,52951380,103065796608,0,0,0,0,0,1,1,3378489,9,1271,0,0,0,39,7,4828543545,12556055040,12672211256
1790897519,52982720,103072325632,0,0,0,0,0,1,1,3391304,9,1271,0,0,0,39,7,4828543545,12556055040,12672211256
1790897520,53032604,103075061760,0,0,0,0,0,2,2,3403789,9,1271,1,0,1,39,7,4828543545,12556055040,12672211256
1790897521,53065784,103076200448,0,0,0,0,0,2,2,3403789,9,1271,1,0,1,39,7,4828543545,12556055040,12672211256
1790897523,53093520,103065047040,0,0,0,0,0,2,2,3415455,9,1274,1,0,1,39,7,4828543545,12556055040,12672211256
1790897524,53128744,103074992128,0,0,0,0,0,2,2,3415455,9,1274,1,0,1,39,7,4828543545,12556055040,12672211256
1790897525,53155916,103078244352,0,0,0,0,0,2,2,3427210,9,1279,1,0,1,39,7,4828543545,12556055040,12672211256
1790897526,53192988,103079120896,0,0,0,0,0,2,2,3427210,9,1279,1,0,1,39,7,4828543545,12556055040,12672211256
1790897527,53225736,103054852096,0,0,0,0,0,2,2,3438704,9,1288,1,0,1,39,7,4828543545,12556055040,12672211256
1790897528,53269388,103051358208,0,0,0,0,0,2,2,3438704,9,1288,1,0,1,39,7,4828543545,12556055040,12672211256
1790897529,53316556,103043842048,0,0,0,0,0,2,2,3450385,9,1296,1,0,1,39,7,4828543545,12556055040,12672211256
1790897530,53343524,103051739136,0,0,0,0,0,2,2,3450385,9,1296,1,0,1,39,7,4828543545,12556055040,12672211256
1790897531,53368032,103054086144,0,0,0,0,0,2,2,3462000,9,1305,1,0,1,39,7,4828543545,12556055040,12672211256
1790897532,53401616,103058927616,0,0,0,0,0,2,2,3462000,9,1305,1,0,1,39,7,4828543545,12556055040,12672211256
1790897533,53449372,103068807168,0,0,0,0,0,2,2,3473553,9,1307,1,0,1,39,7,4828543545,12556055040,12672211256
1790897534,53469932,103061893120,0,0,0,0,0,2,2,3473553,9,1307,1,0,1,39,7,4828543545,12556055040,12672211256
1790897535,53503036,103038529536,0,0,0,0,0,2,2,3484982,9,1307,1,0,1,39,7,4828543545,12556055040,12672211256
1790897536,53526440,103076380672,0,0,0,0,0,2,2,3484982,9,1307,1,0,1,39,7,4828543545,12556055040,12672211256
1790897537,53569400,103072784384,0,0,0,0,0,2,2,3496476,9,1307,1,0,1,39,7,4828543545,12556055040,12672211256
1790897538,53584556,103079043072,0,0,0,0,0,2,2,3496476,9,1307,1,0,1,39,7,4828543545,12556055040,12672211256
1790897539,53610196,103078653952,0,0,0,0,0,2,2,3507834,9,1307,1,0,1,39,7,4828543545,12556055040,12672211256
1790897540,51687604,101344411648,0,0,0,0,0,2,2,3507834,9,1307,1,0,1,39,7,4828543545,12556055040,12672211256
1790897541,49656952,100441415680,0,0,0,0,0,2,2,3518434,11,1309,0,5,0,39,8,4828543545,12559431926,12678969156
1790897543,49551204,101476904960,0,0,0,0,0,2,2,3523911,11,1316,0,5,0,77,8,9654961766,12559431926,12678969156
1790897544,49287772,102356156416,0,0,0,0,0,2,2,3523911,11,1316,0,5,0,77,8,9654961766,12559431926,12678969156
1790897545,48796484,102994534400,0,0,0,0,0,2,2,3528884,11,1330,0,5,0,77,8,9654961766,12559431926,12678969156
1790897546,48225188,103073652736,0,0,0,0,0,2,2,3528884,11,1330,0,5,0,77,8,9654961766,12559431926,12678969156
1790897547,47584328,103073292288,0,0,0,0,0,2,2,3533389,11,1347,0,5,0,77,8,9654961766,12559431926,12678969156
1790897548,46842368,102974992384,0,0,0,0,0,2,2,3533389,11,1347,0,5,0,77,8,9654961766,12559431926,12678969156
1790897549,46362068,103057149952,0,0,0,0,0,2,2,3539040,11,1359,0,5,0,77,8,9654961766,12559431926,12678969156
1790897550,46119704,103025709056,0,0,0,0,0,2,2,3539040,11,1359,0,5,0,77,8,9654961766,12559431926,12678969156
1790897551,46013368,103043596288,0,0,0,0,0,2,2,3544750,11,1378,0,5,0,77,8,9654961766,12559431926,12678969156
1790897552,45837836,103058550784,0,0,0,0,0,2,2,3544750,11,1378,0,5,0,77,8,9654961766,12559431926,12678969156
1790897553,45664436,103069708288,0,0,0,0,0,2,2,3550373,11,1396,0,5,0,77,8,9654961766,12559431926,12678969156
1790897554,45592980,103079096320,0,0,0,0,0,2,2,3550373,11,1396,0,5,0,77,8,9654961766,12559431926,12678969156
1790897555,45605860,103055536128,0,0,0,0,0,2,2,3556065,11,1406,0,5,0,77,8,9654961766,12559431926,12678969156
1790897556,45624788,103068160000,0,0,0,0,0,2,2,3556065,11,1406,0,5,0,77,8,9654961766,12559431926,12678969156
1790897557,45496220,103056130048,0,0,0,0,0,2,2,3561793,11,1427,0,5,0,77,8,9654961766,12559431926,12678969156
1790897558,45520636,103077187584,0,0,0,0,0,2,2,3561793,11,1427,0,5,0,77,8,9654961766,12559431926,12678969156
1790897560,45548852,101007802368,0,0,0,0,0,2,2,3568839,11,1437,0,5,0,77,8,9654961766,12559431926,12678969156
1790897561,45478100,99200487424,0,0,0,0,0,2,2,3576676,14,1362,0,3,0,77,11,9654961766,18295566508,18576469910
1790897562,45517372,98092740608,0,0,0,0,0,2,2,3576676,14,1362,0,3,0,77,11,9654961766,18295566508,18576469910
1790897563,45559824,99829923840,0,0,0,0,0,2,2,3582116,15,1313,0,1,0,77,12,9654961766,20734798881,21043317175
1790897564,45585512,101591162880,0,0,0,0,0,2,2,3582116,15,1313,0,1,0,77,12,9654961766,20734798881,21043317175
1790897565,45599876,103059808256,0,0,0,0,0,2,2,3586232,15,1320,0,1,0,77,12,9654961766,20734798881,21043317175
1790897566,45607284,103049670656,0,0,0,0,0,2,2,3586232,15,1320,0,1,0,77,12,9654961766,20734798881,21043317175
1790897567,45657488,103054422016,0,0,0,0,0,2,2,3591333,15,1342,0,1,0,77,12,9654961766,20734798881,21043317175
1790897568,45698332,103049019392,0,0,0,0,0,2,2,3591333,15,1342,0,1,0,77,12,9654961766,20734798881,21043317175
1790897569,45742436,103073939456,0,0,0,0,0,2,2,3596789,15,1357,0,1,0,77,12,9654961766,20734798881,21043317175
1790897570,45778484,103077670912,0,0,0,0,0,2,2,3596789,15,1357,0,1,0,77,12,9654961766,20734798881,21043317175
1790897571,45810860,103067549696,0,0,0,0,0,2,2,3602039,15,1366,0,1,0,77,12,9654961766,20734798881,21043317175
1790897572,45846572,103077081088,0,0,0,0,0,2,2,3602039,15,1366,0,1,0,77,12,9654961766,20734798881,21043317175
1790897573,45888948,103063138304,0,0,0,0,0,2,2,3606266,15,1383,0,1,0,77,12,9654961766,20734798881,21043317175
1790897574,45927048,103077982208,0,0,0,0,0,2,2,3606266,15,1383,0,1,0,77,12,9654961766,20734798881,21043317175
1790897575,45949552,103078309888,0,0,0,0,0,2,2,3612093,15,1391,0,1,0,77,12,9654961766,20734798881,21043317175
1790897577,45997392,103071182848,0,0,0,0,0,2,2,3612093,15,1391,0,1,0,77,12,9654961766,20734798881,21043317175
1790897578,46029404,101980106752,0,0,0,0,0,2,2,3618890,15,1399,0,1,0,77,12,9654961766,20734798881,21043317175
1790897579,46065896,103060758528,0,0,0,0,0,2,2,3627560,17,1375,0,0,0,77,14,9654961766,23206454327,23573258250
1790897580,46110476,99006365696,0,0,0,0,0,2,2,3627560,17,1375,0,0,0,77,14,9654961766,23206454327,23573258250
1790897581,46150928,99714904064,0,0,0,0,0,2,2,3636887,18,1365,0,0,0,77,15,9654961766,28698750472,29149580414
1790897582,46204556,96826646528,0,0,0,0,0,2,2,3636887,18,1365,0,0,0,77,15,9654961766,28698750472,29149580414
1790897583,46261988,97494908928,0,0,0,0,0,2,2,3648760,20,1289,0,0,0,77,17,9654961766,33609633042,34145731680
1790897584,46331692,98166718464,0,0,0,0,0,2,2,3648760,20,1289,0,0,0,77,17,9654961766,33609633042,34145731680
1790897585,46373716,98805108736,0,0,0,0,0,2,2,3661290,20,1289,0,0,0,77,17,9654961766,33609633042,34145731680
1790897586,46422028,99448082432,0,0,0,0,0,2,2,3661290,20,1289,0,0,0,77,17,9654961766,33609633042,34145731680
1790897587,46488544,100109717504,0,0,0,0,0,2,2,3673897,20,1289,0,0,0,77,17,9654961766,33609633042,34145731680
1790897588,46539448,100748943360,0,0,0,0,0,2,2,3673897,20,1289,0,0,0,77,17,9654961766,33609633042,34145731680
1790897589,46584712,101371101184,0,0,0,0,0,2,2,3686559,20,1289,0,0,0,77,17,9654961766,33609633042,34145731680
1790897590,46630308,101999824896,0,0,0,0,0,2,2,3686559,20,1289,0,0,0,77,17,9654961766,33609633042,34145731680
1790897591,46657456,102601723904,0,0,0,0,0,2,2,3699259,20,1289,0,0,0,77,17,9654961766,33609633042,34145731680
1790897592,46709220,103059619840,0,0,0,0,0,2,2,3699259,20,1289,0,0,0,77,17,9654961766,33609633042,34145731680
1790897593,46764364,103069007872,0,0,0,0,0,2,2,3712073,20,1289,0,0,0,77,17,9654961766,33609633042,34145731680
1790897594,46809904,103051517952,0,0,0,0,0,2,2,3712073,20,1289,0,0,0,77,17,9654961766,33609633042,34145731680
1790897595,46857252,103075053568,0,0,0,0,0,2,2,3724776,20,1289,0,0,0,77,17,9654961766,33609633042,34145731680
1790897596,46900324,103074295808,0,0,0,0,0,2,2,3724776,20,1289,0,0,0,77,17,9654961766,33609633042,34145731680
1790897598,46965672,103065509888,0,0,0,0,0,2,2,3737519,20,1289,0,0,0,77,17,9654961766,33609633042,34145731680
1790897599,47036108,103044001792,0,0,0,0,0,2,2,3737519,20,1289,0,0,0,77,17,9654961766,33609633042,34145731680
1790897600,47100852,103076790272,0,0,0,0,0,2,2,3750257,20,1289,0,0,0,77,17,9654961766,33609633042,34145731680
1790897601,47170380,103032930304,0,0,0,0,0,2,2,3750257,20,1289,0,0,0,77,17,9654961766,33609633042,34145731680
1790897602,47225168,103079047168,0,0,0,0,0,2,2,3763018,20,1289,0,0,0,77,17,9654961766,33609633042,34145731680
1790897603,47287868,103076454400,0,0,0,0,0,2,2,3775437,20,1289,0,0,0,77,17,9654961766,33609633042,34145731680
1790897604,47323680,103029075968,0,0,0,0,0,2,2,3775437,20,1289,0,0,0,77,17,9654961766,33609633042,34145731680
1790897605,47368964,103046860800,0,0,0,0,0,2,2,3788420,20,1289,0,0,0,77,17,9654961766,33609633042,34145731680
1790897606,47409732,103057788928,0,0,0,0,0,2,2,3788420,20,1289,0,0,0,77,17,9654961766,33609633042,34145731680
1790897607,47444372,103059968000,0,0,0,0,0,2,2,3801220,20,1289,0,0,0,77,17,9654961766,33609633042,34145731680
1790897608,47477320,103035330560,0,0,0,0,0,2,2,3801220,20,1289,0,0,0,77,17,9654961766,33609633042,34145731680
1790897609,47515432,103056203776,0,0,0,0,0,2,2,3813262,20,1289,0,0,0,77,17,9654961766,33609633042,34145731680
1790897610,47567124,103070154752,0,0,0,0,0,2,2,3813262,20,1289,0,0,0,77,17,9654961766,33609633042,34145731680
1790897611,47595192,103054200832,0,0,0,0,0,2,2,3825740,20,1289,0,0,0,77,17,9654961766,33609633042,34145731680
1790897612,47641520,103073660928,0,0,0,0,0,2,2,3825740,20,1289,0,0,0,77,17,9654961766,33609633042,34145731680
1790897613,47679312,103076179968,0,0,0,0,0,2,2,3838627,20,1289,0,0,0,77,17,9654961766,33609633042,34145731680
1790897614,47731012,103037390848,0,0,0,0,0,2,2,3838627,20,1289,0,0,0,77,17,9654961766,33609633042,34145731680
1790897615,47774628,103019028480,0,0,0,0,0,2,2,3851372,20,1289,0,0,0,77,17,9654961766,33609633042,34145731680
1790897616,47828672,103056846848,0,0,0,0,0,2,2,3851372,20,1289,0,0,0,77,17,9654961766,33609633042,34145731680
1790897617,47871796,103069954048,0,0,0,0,0,2,2,3864201,20,1289,0,0,0,77,17,9654961766,33609633042,34145731680
1790897619,47906824,103078371328,0,0,0,0,0,2,2,3864201,20,1289,0,0,0,77,17,9654961766,33609633042,34145731680
1790897620,47972752,103073693696,0,0,0,0,0,2,2,3877067,20,1289,0,0,0,77,17,9654961766,33609633042,34145731680
1790897621,48039184,103045967872,0,0,0,0,0,2,2,3877067,20,1289,0,0,0,77,17,9654961766,33609633042,34145731680
1790897622,48089700,103074381824,0,0,0,0,0,2,2,3889866,20,1289,0,0,0,77,17,9654961766,33609633042,34145731680
1790897623,48149944,103050235904,0,0,0,0,0,2,2,3889866,20,1289,0,0,0,77,17,9654961766,33609633042,34145731680
1790897624,48196964,103069085696,0,0,0,0,0,2,2,3902700,20,1289,0,0,0,77,17,9654961766,33609633042,34145731680
1790897625,48224264,103033802752,0,0,0,0,0,2,2,3915505,20,1289,0,0,0,77,17,9654961766,33609633042,34145731680
1790897626,48248692,103018463232,0,0,0,0,0,2,2,3915505,20,1289,0,0,0,77,17,9654961766,33609633042,34145731680
1790897627,48271436,103056179200,0,0,0,0,0,2,2,3928212,20,1289,0,0,0,77,17,9654961766,33609633042,34145731680
1790897628,48292572,103025958912,0,0,0,0,0,2,2,3928212,20,1289,0,0,0,77,17,9654961766,33609633042,34145731680
1790897629,48319260,103049879552,0,0,0,0,0,2,2,3940959,20,1289,0,0,0,77,17,9654961766,33609633042,34145731680
1790897630,48338556,103068200960,0,0,0,0,0,2,2,3940959,20,1289,0,0,0,77,17,9654961766,33609633042,34145731680
1790897631,48357176,103079186432,0,0,0,0,0,2,2,3953662,20,1289,0,0,0,77,17,9654961766,33609633042,34145731680
1790897632,48373888,103079124992,0,0,0,0,0,2,2,3953662,20,1289,0,0,0,77,17,9654961766,33609633042,34145731680
1790897633,48394596,103074394112,0,0,0,0,0,2,2,3966460,20,1289,0,0,0,77,17,9654961766,33609633042,34145731680
1790897634,48378576,103067234304,0,0,0,0,0,2,2,3966460,20,1289,0,0,0,77,17,9654961766,33609633042,34145731680
1790897635,48377860,103075041280,0,0,0,0,0,2,2,3979095,20,1289,0,0,0,77,17,9654961766,33609633042,34145731680
1790897636,48380724,103068884992,0,0,0,0,0,2,2,3979095,20,1289,0,0,0,77,17,9654961766,33609633042,34145731680
1790897637,48375364,103036190720,0,0,0,0,0,2,2,3991535,20,1289,0,0,0,77,17,9654961766,33609633042,34145731680
1790897638,48375776,103069859840,0,0,0,0,0,2,2,3991535,20,1289,0,0,0,77,17,9654961766,33609633042,34145731680
1790897640,48377404,103076859904,0,0,0,0,0,2,2,4004271,20,1289,0,0,0,77,17,9654961766,33609633042,34145731680
1790897641,48399684,103070707712,0,0,0,0,0,2,2,4004271,20,1289,0,0,0,77,17,9654961766,33609633042,34145731680
1790897642,48453136,103077904384,0,0,0,0,0,2,2,4016923,20,1289,0,0,0,77,17,9654961766,33609633042,34145731680
1790897643,48500168,103042039808,0,0,0,0,0,2,2,4016923,20,1289,0,0,0,77,17,9654961766,33609633042,34145731680
1790897644,48550992,103067725824,0,0,0,0,0,2,2,4029581,20,1289,0,0,0,77,17,9654961766,33609633042,34145731680
1790897645,48603328,103077896192,0,0,0,0,0,2,2,4029581,20,1289,0,0,0,77,17,9654961766,33609633042,34145731680
1790897646,48652076,103073718272,0,0,0,0,0,2,2,4042184,20,1289,0,0,0,77,17,9654961766,33609633042,34145731680
1790897647,48697696,103069134848,0,0,0,0,0,2,2,4042184,20,1289,0,0,0,77,17,9654961766,33609633042,34145731680
1790897648,48752820,103077490688,0,0,0,0,0,2,2,4054731,20,1289,0,0,0,77,17,9654961766,33609633042,34145731680
1790897649,48803644,103078518784,0,0,0,0,0,2,2,4067430,20,1289,0,0,0,77,17,9654961766,33609633042,34145731680
1790897650,48853820,103044407296,0,0,0,0,0,2,2,4067430,20,1289,0,0,0,77,17,9654961766,33609633042,34145731680
1790897651,48895296,103052959744,0,0,0,0,0,2,2,4080195,20,1289,0,0,0,77,17,9654961766,33609633042,34145731680
1790897652,48931900,103068487680,0,0,0,0,0,2,2,4080195,20,1289,0,0,0,77,17,9654961766,33609633042,34145731680
1790897653,48966040,103043313664,0,0,0,0,0,2,2,4092888,20,1289,0,0,0,77,17,9654961766,33609633042,34145731680
1790897654,49000992,103073185792,0,0,0,0,0,2,2,4092888,20,1289,0,0,0,77,17,9654961766,33609633042,34145731680
1790897655,49047056,103065001984,0,0,0,0,0,2,2,4105656,20,1289,0,0,0,77,17,9654961766,33609633042,34145731680
1790897656,49091856,103071940608,0,0,0,0,0,2,2,4105656,20,1289,0,0,0,77,17,9654961766,33609633042,34145731680
1790897657,49142700,103054159872,0,0,0,0,0,2,2,4118377,20,1289,0,0,0,77,17,9654961766,33609633042,34145731680
1790897658,49193276,103057244160,0,0,0,0,0,2,2,4118377,20,1289,0,0,0,77,17,9654961766,33609633042,34145731680
1790897659,49235524,103048695808,0,0,0,0,0,2,2,4131169,20,1289,0,0,0,77,17,9654961766,33609633042,34145731680
1790897661,49273472,103063842816,0,0,0,0,0,2,2,4131169,20,1289,0,0,0,77,17,9654961766,33609633042,34145731680
1790897662,49308032,103076900864,0,0,0,0,0,2,2,4143891,20,1289,0,0,0,77,17,9654961766,33609633042,34145731680
1790897663,49350624,103051350016,0,0,0,0,0,2,2,4143891,20,1289,0,0,0,77,17,9654961766,33609633042,34145731680
1790897664,49384052,103041855488,0,0,0,0,0,2,2,4156706,20,1289,0,0,0,77,17,9654961766,33609633042,34145731680
1790897665,49424704,103071174656,0,0,0,0,0,2,2,4156706,20,1289,0,0,0,77,17,9654961766,33609633042,34145731680
1790897666,49469576,103076876288,0,0,0,0,0,2,2,4169464,20,1289,0,0,0,77,17,9654961766,33609633042,34145731680
1790897667,49488376,103057813504,0,0,0,0,0,2,2,4169464,20,1289,0,0,0,77,17,9654961766,33609633042,34145731680
1790897668,49537716,103067258880,0,0,0,0,0,2,2,4181962,20,1289,0,0,0,77,17,9654961766,33609633042,34145731680
1790897669,49582920,103058780160,0,0,0,0,0,2,2,4181962,20,1289,0,0,0,77,17,9654961766,33609633042,34145731680
1790897670,49635032,103077617664,0,0,0,0,0,2,2,4194760,20,1289,0,0,0,77,17,9654961766,33609633042,34145731680
1790897671,49679948,103077732352,0,0,0,0,0,2,2,4207638,20,1289,0,0,0,77,17,9654961766,33609633042,34145731680
1790897672,49731668,103068139520,0,0,0,0,0,2,2,4207638,20,1289,0,0,0,77,17,9654961766,33609633042,34145731680
1790897673,49773468,103057522688,0,0,0,0,0,2,2,4220463,20,1289,0,0,0,77,17,9654961766,33609633042,34145731680
1790897674,49826024,103047049216,0,0,0,0,0,2,2,4220463,20,1289,0,0,0,77,17,9654961766,33609633042,34145731680
1790897675,49881184,103072473088,0,0,0,0,0,2,2,4233108,20,1289,0,0,0,77,17,9654961766,33609633042,34145731680
1790897676,49917504,103059021824,0,0,0,0,0,2,2,4233108,20,1289,0,0,0,77,17,9654961766,33609633042,34145731680
1790897677,49929092,103076175872,0,0,0,0,0,2,2,4245776,20,1289,0,0,0,77,17,9654961766,33609633042,34145731680
1790897678,49955152,103041961984,0,0,0,0,0,2,2,4245776,20,1289,0,0,0,77,17,9654961766,33609633042,34145731680
1790897679,49982376,103077560320,0,0,0,0,0,2,2,4258465,20,1289,0,0,0,77,17,9654961766,33609633042,34145731680
1790897680,50004712,103061520384,0,0,0,0,0,2,2,4258465,20,1289,0,0,0,77,17,9654961766,33609633042,34145731680
1790897682,50025152,103072595968,0,0,0,0,0,2,2,4271195,20,1289,0,0,0,77,17,9654961766,33609633042,34145731680
1790897683,50044372,103078912000,0,0,0,0,0,2,2,4271195,20,1289,0,0,0,77,17,9654961766,33609633042,34145731680
1790897684,50062000,103067742208,0,0,0,0,0,2,2,4283989,20,1289,0,0,0,77,17,9654961766,33609633042,34145731680
1790897685,50089276,103045652480,0,0,0,0,0,2,2,4283989,20,1289,0,0,0,77,17,9654961766,33609633042,34145731680
1790897686,50112300,103075086336,0,0,0,0,0,2,2,4296776,20,1289,0,0,0,77,17,9654961766,33609633042,34145731680
1790897687,50142816,103073423360,0,0,0,0,0,2,2,4296776,20,1289,0,0,0,77,17,9654961766,33609633042,34145731680
1790897688,50164952,103041220608,0,0,0,0,0,2,2,4309484,20,1289,0,0,0,77,17,9654961766,33609633042,34145731680
1790897689,50190584,103077220352,0,0,0,0,0,2,2,4309484,20,1289,0,0,0,77,17,9654961766,33609633042,34145731680
1790897690,50211004,103072727040,0,0,0,0,0,2,2,4322271,20,1289,0,0,0,77,17,9654961766,33609633042,34145731680
1790897691,50251648,103075176448,0,0,0,0,0,2,2,4322271,20,1289,0,0,0,77,17,9654961766,33609633042,34145731680
1790897692,50295568,103072681984,0,0,0,0,0,2,2,4335054,20,1289,0,0,0,77,17,9654961766,33609633042,34145731680
1790897693,50340380,103028903936,0,0,0,0,0,2,2,4347820,20,1289,0,0,0,77,17,9654961766,33609633042,34145731680
1790897694,50371740,103053230080,0,0,0,0,0,2,2,4347820,20,1289,0,0,0,77,17,9654961766,33609633042,34145731680
1790897695,50427544,103051288576,0,0,0,0,0,2,2,4360493,20,1289,0,0,0,77,17,9654961766,33609633042,34145731680
1790897696,50474480,103071744000,0,0,0,0,0,2,2,4360493,20,1289,0,0,0,77,17,9654961766,33609633042,34145731680
1790897697,50514644,103078936576,0,0,0,0,0,2,2,4373207,20,1289,0,0,0,77,17,9654961766,33609633042,34145731680
1790897698,50550752,103078871040,0,0,0,0,0,2,2,4373207,20,1289,0,0,0,77,17,9654961766,33609633042,34145731680
1790897699,50600528,103031848960,0,0,0,0,0,2,2,4385673,20,1289,0,0,0,77,17,9654961766,33609633042,34145731680
1790897700,50638532,103050653696,0,0,0,0,0,2,2,4385673,20,1289,0,0,0,77,17,9654961766,33609633042,34145731680
1790897701,50679188,103073611776,0,0,0,0,0,2,2,4398342,20,1289,0,0,0,77,17,9654961766,33609633042,34145731680
1790897703,50714096,103062908928,0,0,0,0,0,2,2,4398342,20,1289,0,0,0,77,17,9654961766,33609633042,34145731680
1790897704,50743052,103078891520,0,0,0,0,0,2,2,4411032,20,1289,0,0,0,77,17,9654961766,33609633042,34145731680
1790897705,50762604,103049105408,0,0,0,0,0,2,2,4411032,20,1289,0,0,0,77,17,9654961766,33609633042,34145731680
1790897706,50789916,103078952960,0,0,0,0,0,2,2,4423915,20,1289,0,0,0,77,17,9654961766,33609633042,34145731680
1790897707,50824292,103058812928,0,0,0,0,0,2,2,4423915,20,1289,0,0,0,77,17,9654961766,33609633042,34145731680
1790897708,50860044,103057448960,0,0,0,0,0,2,2,4436655,20,1289,0,0,0,77,17,9654961766,33609633042,34145731680
1790897709,50877756,103073050624,0,0,0,0,0,2,2,4436655,20,1289,0,0,0,77,17,9654961766,33609633042,34145731680
1790897710,50909160,103079104512,0,0,0,0,0,2,2,4449324,20,1289,0,0,0,77,17,9654961766,33609633042,34145731680
1790897711,50933032,103078223872,0,0,0,0,0,2,2,4449324,20,1289,0,0,0,77,17,9654961766,33609633042,34145731680
1790897712,50944884,103065690112,0,0,0,0,0,2,2,4462013,20,1289,0,0,0,77,17,9654961766,33609633042,34145731680
1790897713,50956312,103078846464,0,0,0,0,0,2,2,4462013,20,1289,0,0,0,77,17,9654961766,33609633042,34145731680
1790897714,50968832,103064367104,0,0,0,0,0,2,2,4474723,20,1289,0,0,0,77,17,9654961766,33609633042,34145731680
1790897715,50995828,103074476032,0,0,0,0,0,2,2,4487437,20,1289,0,0,0,77,17,9654961766,33609633042,34145731680
1790897716,51008912,103061192704,0,0,0,0,0,2,2,4487437,20,1289,0,0,0,77,17,9654961766,33609633042,34145731680
1790897717,51030152,103074156544,0,0,0,0,0,2,2,4500274,20,1289,0,0,0,77,17,9654961766,33609633042,34145731680
1790897718,51031492,103077593088,0,0,0,0,0,2,2,4500274,20,1289,0,0,0,77,17,9654961766,33609633042,34145731680
1790897719,51035936,103049879552,0,0,0,0,0,2,2,4513008,20,1289,0,0,0,77,17,9654961766,33609633042,34145731680
1790897720,51053052,103079067648,0,0,0,0,0,2,2,4513008,20,1289,0,0,0,77,17,9654961766,33609633042,34145731680
1790897721,51057872,103076376576,0,0,0,0,0,2,2,4525673,20,1289,0,0,0,77,17,9654961766,33609633042,34145731680
1790897722,51084192,103064150016,0,0,0,0,0,2,2,4525673,20,1289,0,0,0,77,17,9654961766,33609633042,34145731680
1790897724,51102148,103077277696,0,0,0,0,0,2,2,4538362,20,1289,0,0,0,77,17,9654961766,33609633042,34145731680
1790897725,51124808,103073140736,0,0,0,0,0,2,2,4538362,20,1289,0,0,0,77,17,9654961766,33609633042,34145731680
1790897726,51144712,103041253376,0,0,0,0,0,2,2,4551172,20,1289,0,0,0,77,17,9654961766,33609633042,34145731680
1790897727,51126608,103029800960,0,0,0,0,0,2,2,4551172,20,1289,0,0,0,77,17,9654961766,33609633042,34145731680
1790897728,51137356,103075123200,0,0,0,0,0,2,2,4563902,20,1289,0,0,0,77,17,9654961766,33609633042,34145731680
1790897729,51151560,103053778944,0,0,0,0,0,2,2,4563902,20,1289,0,0,0,77,17,9654961766,33609633042,34145731680
1790897730,51168192,103073337344,0,0,0,0,0,2,2,4576652,20,1289,0,0,0,77,17,9654961766,33609633042,34145731680
1790897731,51192976,103059488768,0,0,0,0,0,2,2,4576652,20,1289,0,0,0,77,17,9654961766,33609633042,34145731680
1790897732,51219976,103070896128,0,0,0,0,0,2,2,4589367,20,1289,0,0,0,77,17,9654961766,33609633042,34145731680
1790897733,51243568,103054872576,0,0,0,0,0,2,2,4589367,20,1289,0,0,0,77,17,9654961766,33609633042,34145731680
1790897734,51273376,103074926592,0,0,0,0,0,2,2,4602151,20,1289,0,0,0,77,17,9654961766,33609633042,34145731680
1790897735,51317944,103078191104,0,0,0,0,0,2,2,4602151,20,1289,0,0,0,77,17,9654961766,33609633042,34145731680
1790897736,51352096,103079092224,0,0,0,0,0,2,2,4614738,20,1289,0,0,0,77,17,9654961766,33609633042,34145731680
1790897737,51389840,103043993600,0,0,0,0,0,2,2,4627457,20,1289,0,0,0,77,17,9654961766,33609633042,34145731680
1790897738,51435768,103071076352,0,0,0,0,0,2,2,4627457,20,1289,0,0,0,77,17,9654961766,33609633042,34145731680
1790897739,51488520,103019864064,0,0,0,0,0,2,2,4640187,20,1289,0,0,0,77,17,9654961766,33609633042,34145731680
1790897740,51535432,103073161216,0,0,0,0,0,2,2,4640187,20,1289,0,0,0,77,17,9654961766,33609633042,34145731680
1790897741,51591584,103068160000,0,0,0,0,0,2,2,4652936,20,1289,0,0,0,77,17,9654961766,33609633042,34145731680
1790897742,51643080,103065325568,0,0,0,0,0,2,2,4652936,20,1289,0,0,0,77,17,9654961766,33609633042,34145731680
1790897743,51699548,103073800192,0,0,0,0,0,2,2,4665661,20,1289,0,0,0,77,17,9654961766,33609633042,34145731680
1790897745,51740788,103054196736,0,0,0,0,0,2,2,4665661,20,1289,0,0,0,77,17,9654961766,33609633042,34145731680
1790897746,51777252,103065534464,0,0,0,0,0,2,2,4678500,20,1289,0,0,0,77,17,9654961766,33609633042,34145731680
1790897747,51817736,103078776832,0,0,0,0,0,2,2,4678500,20,1289,0,0,0,77,17,9654961766,33609633042,34145731680
1790897748,51854192,103075233792,0,0,0,0,0,2,2,4691124,20,1289,0,0,0,77,17,9654961766,33609633042,34145731680
1790897749,51880040,103078678528,0,0,0,0,0,2,2,4691124,20,1289,0,0,0,77,17,9654961766,33609633042,34145731680
1790897750,51907144,103065374720,0,0,0,0,0,2,2,4703880,20,1289,0,0,0,77,17,9654961766,33609633042,34145731680
1790897751,51939312,103057444864,0,0,0,0,0,2,2,4703880,20,1289,0,0,0,77,17,9654961766,33609633042,34145731680
1790897752,51987324,103076106240,0,0,0,0,0,2,2,4716605,20,1289,0,0,0,77,17,9654961766,33609633042,34145731680
1790897753,52032728,103066521600,0,0,0,0,0,2,2,4716605,20,1289,0,0,0,77,17,9654961766,33609633042,34145731680
1790897754,52076536,103078494208,0,0,0,0,0,2,2,4729317,20,1289,0,0,0,77,17,9654961766,33609633042,34145731680
1790897755,52118012,103031074816,0,0,0,0,0,2,2,4729317,20,1289,0,0,0,77,17,9654961766,33609633042,34145731680
1790897756,52160996,103069687808,0,0,0,0,0,2,2,4741983,20,1289,0,0,0,77,17,9654961766,33609633042,34145731680
1790897757,52191224,103075377152,0,0,0,0,0,2,2,4741983,20,1289,0,0,0,77,17,9654961766,33609633042,34145731680
1790897758,52221244,103066550272,0,0,0,0,0,2,2,4754714,20,1289,0,0,0,77,17,9654961766,33609633042,34145731680
1790897759,52240712,103073710080,0,0,0,0,0,2,2,4754714,20,1289,0,0,0,77,17,9654961766,33609633042,34145731680
1790897760,52256584,103053967360,0,0,0,0,0,2,2,4767410,20,1289,0,0,0,77,17,9654961766,33609633042,34145731680
1790897761,52268372,103065681920,0,0,0,0,0,2,2,4780299,20,1289,0,0,0,77,17,9654961766,33609633042,34145731680
1790897762,52263680,103074050048,0,0,0,0,0,2,2,4780299,20,1289,0,0,0,77,17,9654961766,33609633042,34145731680
1790897763,52261564,103071883264,0,0,0,0,0,2,2,4793158,20,1289,0,0,0,77,17,9654961766,33609633042,34145731680
1790897764,52250728,103052058624,0,0,0,0,0,2,2,4793158,20,1289,0,0,0,77,17,9654961766,33609633042,34145731680
1790897766,52255144,103078486016,0,0,0,0,0,2,2,4805926,20,1289,0,0,0,77,17,9654961766,33609633042,34145731680
1790897767,52273952,103058173952,0,0,0,0,0,2,2,4805926,20,1289,0,0,0,77,17,9654961766,33609633042,34145731680
1790897768,52286576,103065464832,0,0,0,0,0,2,2,4818457,20,1289,0,0,0,77,17,9654961766,33609633042,34145731680
1790897769,52305604,103061241856,0,0,0,0,0,2,2,4818457,20,1289,0,0,0,77,17,9654961766,33609633042,34145731680
1790897770,52347180,103063494656,0,0,0,0,0,2,2,4831237,20,1289,0,0,0,77,17,9654961766,33609633042,34145731680
1790897771,52383592,103076888576,0,0,0,0,0,2,2,4831237,20,1289,0,0,0,77,17,9654961766,33609633042,34145731680
1790897772,52423892,103079129088,0,0,0,0,0,2,2,4844005,20,1289,0,0,0,77,17,9654961766,33609633042,34145731680
1790897773,52465568,103068954624,0,0,0,0,0,2,2,4844005,20,1289,0,0,0,77,17,9654961766,33609633042,34145731680
1790897774,52511824,103078768640,0,0,0,0,0,2,2,4856708,20,1289,0,0,0,77,17,9654961766,33609633042,34145731680
1790897775,52546200,103071645696,0,0,0,0,0,2,2,4856708,20,1289,0,0,0,77,17,9654961766,33609633042,34145731680
1790897776,52584108,103071768576,0,0,0,0,0,2,2,4869456,20,1289,0,0,0,77,17,9654961766,33609633042,34145731680
1790897777,52620304,103040835584,0,0,0,0,0,2,2,4869456,20,1289,0,0,0,77,17,9654961766,33609633042,34145731680
1790897778,52656964,103067090944,0,0,0,0,0,2,2,4882215,20,1289,0,0,0,77,17,9654961766,33609633042,34145731680
1790897779,52699188,103058563072,0,0,0,0,0,2,2,4882215,20,1289,0,0,0,77,17,9654961766,33609633042,34145731680
1790897780,52736420,103075590144,0,0,0,0,0,2,2,4894950,20,1289,0,0,0,77,17,9654961766,33609633042,34145731680
1790897781,52760756,103072034816,0,0,0,0,0,2,2,4894950,20,1289,0,0,0,77,17,9654961766,33609633042,34145731680
1790897782,52793444,103065853952,0,0,0,0,0,2,2,4907691,20,1289,0,0,0,77,17,9654961766,33609633042,34145731680
1790897783,52823096,103071350784,0,0,0,0,0,2,2,4920505,20,1289,0,0,0,77,17,9654961766,33609633042,34145731680
1790897784,52836992,103069712384,0,0,0,0,0,2,2,4920505,20,1289,0,0,0,77,17,9654961766,33609633042,34145731680
1790897785,52858108,103078850560,0,0,0,0,0,2,2,4933308,20,1289,0,0,0,77,17,9654961766,33609633042,34145731680
1790897787,52866100,103075962880,0,0,0,0,0,2,2,4933308,20,1289,0,0,0,77,17,9654961766,33609633042,34145731680
1790897788,52885992,103062913024,0,0,0,0,0,2,2,4945832,20,1289,0,0,0,77,17,9654961766,33609633042,34145731680
1790897789,52905152,103074942976,0,0,0,0,0,2,2,4945832,20,1289,0,0,0,77,17,9654961766,33609633042,34145731680
1790897790,52915128,103074017280,0,0,0,0,0,2,2,4958528,20,1289,0,0,0,77,17,9654961766,33609633042,34145731680
1790897791,52937916,103048888320,0,0,0,0,0,2,2,4958528,20,1289,0,0,0,77,17,9654961766,33609633042,34145731680
1790897792,52968560,103059374080,0,0,0,0,0,2,2,4971387,20,1289,0,0,0,77,17,9654961766,33609633042,34145731680
1790897793,52984168,103065280512,0,0,0,0,0,2,2,4971387,20,1289,0,0,0,77,17,9654961766,33609633042,34145731680
1790897794,53001724,103069011968,0,0,0,0,0,2,2,4984077,20,1289,0,0,0,77,17,9654961766,33609633042,34145731680
1790897795,53042252,103078682624,0,0,0,0,0,2,2,4984077,20,1289,0,0,0,77,17,9654961766,33609633042,34145731680
1790897796,53072084,103031984128,0,0,0,0,0,2,2,4996677,20,1289,0,0,0,77,17,9654961766,33609633042,34145731680
1790897797,53083912,103075115008,0,0,0,0,0,2,2,4996677,20,1289,0,0,0,77,17,9654961766,33609633042,34145731680
1790897798,53132408,103079161856,0,0,0,0,0,2,2,5009262,20,1289,0,0,0,77,17,9654961766,33609633042,34145731680
1790897799,53186204,103075364864,0,0,0,0,0,2,2,5009262,20,1289,0,0,0,77,17,9654961766,33609633042,34145731680
1790897800,53236968,103063957504,0,0,0,0,0,2,2,5022030,20,1289,0,0,0,77,17,9654961766,33609633042,34145731680
1790897801,53265124,103074439168,0,0,0,0,0,2,2,5022030,20,1289,0,0,0,77,17,9654961766,33609633042,34145731680
1790897802,53307332,103075479552,0,0,0,0,0,2,2,5034728,20,1289,0,0,0,77,17,9654961766,33609633042,34145731680
1790897803,53344152,103055495168,0,0,0,0,0,2,2,5034728,20,1289,0,0,0,77,17,9654961766,33609633042,34145731680
1790897804,53382588,103078416384,0,0,0,0,0,2,2,5047366,20,1289,0,0,0,77,17,9654961766,33609633042,34145731680
1790897805,53422268,103066259456,0,0,0,0,0,2,2,5060067,20,1289,0,0,0,77,17,9654961766,33609633042,34145731680
1790897806,53460060,103077363712,0,0,0,0,0,2,2,5060067,20,1289,0,0,0,77,17,9654961766,33609633042,34145731680
1790897808,53503696,103058432000,0,0,0,0,0,2,2,5072791,20,1289,0,0,0,77,17,9654961766,33609633042,34145731680
1790897809,53546672,103072096256,0,0,0,0,0,2,2,5072791,20,1289,0,0,0,77,17,9654961766,33609633042,34145731680
1790897810,53577984,103072407552,0,0,0,0,0,2,2,5085530,20,1289,0,0,0,77,17,9654961766,33609633042,34145731680
1790897811,53621684,103078084608,0,0,0,0,0,2,2,5085530,20,1289,0,0,0,77,17,9654961766,33609633042,34145731680
1790897812,53645496,103049695232,0,0,0,0,0,2,2,5098231,20,1289,0,0,0,77,17,9654961766,33609633042,34145731680
1790897813,53685204,103057924096,0,0,0,0,0,2,2,5098231,20,1289,0,0,0,77,17,9654961766,33609633042,34145731680
1790897814,53695044,103075454976,0,0,0,0,0,3,3,5109921,20,1290,1,0,1,77,17,9654961766,33609633042,34145731680
1790897815,53730576,103073599488,0,0,0,0,0,3,3,5109921,20,1290,1,0,1,77,17,9654961766,33609633042,34145731680
1790897816,53755100,103060357120,0,0,0,0,0,3,3,5121538,20,1294,1,0,1,77,17,9654961766,33609633042,34145731680
1790897817,53786152,103071920128,0,0,0,0,0,3,3,5121538,20,1294,1,0,1,77,17,9654961766,33609633042,34145731680
1790897818,53821304,103038238720,0,0,0,0,0,3,3,5133034,20,1301,1,0,1,77,17,9654961766,33609633042,34145731680
1790897819,53836636,103066759168,0,0,0,0,0,3,3,5133034,20,1301,1,0,1,77,17,9654961766,33609633042,34145731680
1790897820,53880940,103058771968,0,0,0,0,0,3,3,5144713,20,1310,1,0,1,77,17,9654961766,33609633042,34145731680
1790897821,53916732,103051644928,0,0,0,0,0,3,3,5144713,20,1310,1,0,1,77,17,9654961766,33609633042,34145731680
1790897822,53953752,103072075776,0,0,0,0,0,3,3,5156336,20,1318,1,0,1,77,17,9654961766,33609633042,34145731680
1790897823,53986732,103054827520,0,0,0,0,0,3,3,5156336,20,1318,1,0,1,77,17,9654961766,33609633042,34145731680
1790897824,54038592,103053254656,0,0,0,0,0,3,3,5167840,20,1325,1,0,1,77,17,9654961766,33609633042,34145731680
1790897825,54097620,103063605248,0,0,0,0,0,3,3,5167840,20,1325,1,0,1,77,17,9654961766,33609633042,34145731680
1790897826,54120572,103061848064,0,0,0,0,0,3,3,5179376,20,1325,1,0,1,77,17,9654961766,33609633042,34145731680
1790897828,54151404,103060140032,0,0,0,0,0,3,3,5190888,20,1325,1,0,1,77,17,9654961766,33609633042,34145731680
1790897829,54192420,103046660096,0,0,0,0,0,3,3,5190888,20,1325,1,0,1,77,17,9654961766,33609633042,34145731680
1790897830,54197028,103077683200,0,0,0,0,0,3,3,5202556,20,1325,1,0,1,77,17,9654961766,33609633042,34145731680
1790897831,54231700,103043543040,0,0,0,0,0,3,3,5202556,20,1325,1,0,1,77,17,9654961766,33609633042,34145731680
1790897832,54268356,103079120896,0,0,0,0,0,3,3,5214053,20,1325,1,0,1,77,17,9654961766,33609633042,34145731680
1790897833,50574664,99178786816,0,0,0,0,0,3,3,5214053,20,1325,1,0,1,77,17,9654961766,33609633042,34145731680
1790897834,50532748,100884140032,0,0,0,0,0,3,3,5222956,22,1333,0,1,0,115,18,14482052839,33613009913,34152489811
1790897835,50391260,102418604032,0,0,0,0,0,3,3,5222956,22,1333,0,1,0,115,18,14482052839,33613009913,34152489811
1790897836,50029736,103036944384,0,0,0,0,0,3,3,5228789,22,1343,0,1,0,115,18,14482052839,33613009913,34152489811
1790897837,49544028,103070547968,0,0,0,0,0,3,3,5228789,22,1343,0,1,0,115,18,14482052839,33613009913,34152489811
1790897838,48730588,103075737600,0,0,0,0,0,3,3,5234569,22,1349,0,1,0,115,18,14482052839,33613009913,34152489811
1790897839,48225020,103076753408,0,0,0,0,0,3,3,5234569,22,1349,0,1,0,115,18,14482052839,33613009913,34152489811
1790897840,47366664,103048626176,0,0,0,0,0,3,3,5238652,22,1365,0,1,0,115,18,14482052839,33613009913,34152489811
1790897841,46839372,103071268864,0,0,0,0,0,3,3,5238652,22,1365,0,1,0,115,18,14482052839,33613009913,34152489811
1790897842,46392816,103072223232,0,0,0,0,0,3,3,5242619,22,1381,0,1,0,115,18,14482052839,33613009913,34152489811
1790897843,46298656,103073050624,0,0,0,0,0,3,3,5242619,22,1381,0,1,0,115,18,14482052839,33613009913,34152489811
1790897845,46301060,103057494016,0,0,0,0,0,3,3,5248036,22,1389,0,1,0,115,18,14482052839,33613009913,34152489811
1790897846,46315760,103076032512,0,0,0,0,0,3,3,5248036,22,1389,0,1,0,115,18,14482052839,33613009913,34152489811
1790897847,46285420,102990131200,0,0,0,0,0,3,3,5253741,22,1399,0,1,0,115,18,14482052839,33613009913,34152489811
1790897848,46255604,103055077376,0,0,0,0,0,3,3,5258347,22,1413,0,1,0,115,18,14482052839,33613009913,34152489811
1790897849,46258468,103075622912,0,0,0,0,0,3,3,5258347,22,1413,0,1,0,115,18,14482052839,33613009913,34152489811
1790897850,46244164,103054729216,0,0,0,0,0,3,3,5264322,22,1423,0,1,0,115,18,14482052839,33613009913,34152489811
1790897851,46239412,103063134208,0,0,0,0,0,3,3,5264322,22,1423,0,1,0,115,18,14482052839,33613009913,34152489811
1790897852,46257328,103071858688,0,0,0,0,0,3,3,5272179,22,1427,0,1,0,115,18,14482052839,33613009913,34152489811
1790897853,46266780,103067934720,0,0,0,0,0,3,3,5272179,22,1427,0,1,0,115,18,14482052839,33613009913,34152489811
1790897854,46282456,99252084736,0,0,0,0,0,3,3,5280509,25,1358,0,0,0,115,21,14482052839,38571942203,39239012942
1790897855,46276048,99983872000,0,0,0,0,0,3,3,5280509,25,1358,0,0,0,115,21,14482052839,38571942203,39239012942
1790897856,46302412,92961488896,0,0,0,0,0,3,3,5289811,26,1356,0,0,0,115,22,14482052839,46682831035,47518189595
1790897857,46288908,93568000000,0,0,0,0,0,3,3,5289811,26,1356,0,0,0,115,22,14482052839,46682831035,47518189595
1790897858,46317224,91664281600,0,0,0,0,0,3,3,5301358,26,1351,0,0,0,115,22,14482052839,46682831035,47518189595
1790897859,46370336,92287471616,0,0,0,0,0,3,3,5301358,26,1351,0,0,0,115,22,14482052839,46682831035,47518189595
1790897860,46390924,92876292096,0,0,0,0,0,3,3,5313875,27,1311,0,0,0,115,23,14482052839,49187278886,50110083253
1790897861,46411368,93470371840,0,0,0,0,0,3,3,5313875,27,1311,0,0,0,115,23,14482052839,49187278886,50110083253
1790897862,46445952,94076235776,0,0,0,0,0,3,3,5326463,27,1311,0,0,0,115,23,14482052839,49187278886,50110083253
1790897863,46504512,94708572160,0,0,0,0,0,3,3,5326463,27,1311,0,0,0,115,23,14482052839,49187278886,50110083253
1790897865,46529808,95295942656,0,0,0,0,0,3,3,5339010,27,1311,0,0,0,115,23,14482052839,49187278886,50110083253
1790897866,46581412,95921082368,0,0,0,0,0,3,3,5339010,27,1311,0,0,0,115,23,14482052839,49187278886,50110083253
1790897867,46627408,96537563136,0,0,0,0,0,3,3,5351595,27,1311,0,0,0,115,23,14482052839,49187278886,50110083253
1790897868,46656924,97130831872,0,0,0,0,0,3,3,5351595,27,1311,0,0,0,115,23,14482052839,49187278886,50110083253
1790897869,46675916,97719410688,0,0,0,0,0,3,3,5364255,27,1311,0,0,0,115,23,14482052839,49187278886,50110083253
1790897870,46713988,98318995456,0,0,0,0,0,3,3,5377172,27,1311,0,0,0,115,23,14482052839,49187278886,50110083253
1790897871,46741284,98914353152,0,0,0,0,0,3,3,5377172,27,1311,0,0,0,115,23,14482052839,49187278886,50110083253
1790897872,46749816,99498258432,0,0,0,0,0,3,3,5389854,27,1311,0,0,0,115,23,14482052839,49187278886,50110083253
1790897873,46787704,100100993024,0,0,0,0,0,3,3,5389854,27,1311,0,0,0,115,23,14482052839,49187278886,50110083253
1790897874,46794340,100662304768,0,0,0,0,0,3,3,5402683,27,1311,0,0,0,115,23,14482052839,49187278886,50110083253
1790897875,46815688,101251883008,0,0,0,0,0,3,3,5402683,27,1311,0,0,0,115,23,14482052839,49187278886,50110083253
1790897876,46833588,101830352896,0,0,0,0,0,3,3,5415500,27,1311,0,0,0,115,23,14482052839,49187278886,50110083253
1790897877,46859724,102417014784,0,0,0,0,0,3,3,5415500,27,1311,0,0,0,115,23,14482052839,49187278886,50110083253
1790897878,46896472,103015718912,0,0,0,0,0,3,3,5428470,27,1311,0,0,0,115,23,14482052839,49187278886,50110083253
1790897879,46933796,103061782528,0,0,0,0,0,3,3,5428470,27,1311,0,0,0,115,23,14482052839,49187278886,50110083253
1790897880,46978596,103077781504,0,0,0,0,0,3,3,5441296,27,1311,0,0,0,115,23,14482052839,49187278886,50110083253
1790897881,47002100,103056752640,0,0,0,0,0,3,3,5441296,27,1311,0,0,0,115,23,14482052839,49187278886,50110083253
1790897882,47006520,103053197312,0,0,0,0,0,3,3,5453791,27,1311,0,0,0,115,23,14482052839,49187278886,50110083253
1790897883,47039672,103026085888,0,0,0,0,0,3,3,5453791,27,1311,0,0,0,115,23,14482052839,49187278886,50110083253
1790897885,47066124,103047507968,0,0,0,0,0,3,3,5465065,27,1311,0,0,0,115,23,14482052839,49187278886,50110083253
1790897886,47108188,103071031296,0,0,0,0,0,3,3,5465065,27,1311,0,0,0,115,23,14482052839,49187278886,50110083253
1790897887,47151332,103063781376,0,0,0,0,0,3,3,5477690,27,1311,0,0,0,115,23,14482052839,49187278886,50110083253
1790897888,47184004,103052005376,0,0,0,0,0,3,3,5477690,27,1311,0,0,0,115,23,14482052839,49187278886,50110083253
1790897889,47243740,103071711232,0,0,0,0,0,3,3,5490553,27,1311,0,0,0,115,23,14482052839,49187278886,50110083253
1790897890,47276264,103076151296,0,0,0,0,0,3,3,5490553,27,1311,0,0,0,115,23,14482052839,49187278886,50110083253
1790897891,47334420,103074836480,0,0,0,0,0,3,3,5503203,27,1311,0,0,0,115,23,14482052839,49187278886,50110083253
1790897892,47379740,103074701312,0,0,0,0,0,3,3,5515977,27,1311,0,0,0,115,23,14482052839,49187278886,50110083253
1790897893,47440516,103074418688,0,0,0,0,0,3,3,5515977,27,1311,0,0,0,115,23,14482052839,49187278886,50110083253
1790897894,47481776,103063171072,0,0,0,0,0,3,3,5528703,27,1311,0,0,0,115,23,14482052839,49187278886,50110083253
1790897895,47517188,103078830080,0,0,0,0,0,3,3,5528703,27,1311,0,0,0,115,23,14482052839,49187278886,50110083253
1790897896,47566860,103061643264,0,0,0,0,0,3,3,5541552,27,1311,0,0,0,115,23,14482052839,49187278886,50110083253
1790897897,47586812,103064420352,0,0,0,0,0,3,3,5541552,27,1311,0,0,0,115,23,14482052839,49187278886,50110083253
1790897898,47612656,103064940544,0,0,0,0,0,3,3,5554394,27,1311,0,0,0,115,23,14482052839,49187278886,50110083253
1790897899,47621028,103068831744,0,0,0,0,0,3,3,5554394,27,1311,0,0,0,115,23,14482052839,49187278886,50110083253
1790897900,47641664,103074164736,0,0,0,0,0,3,3,5567179,27,1311,0,0,0,115,23,14482052839,49187278886,50110083253
1790897901,47669876,103077523456,0,0,0,0,0,3,3,5567179,27,1311,0,0,0,115,23,14482052839,49187278886,50110083253
1790897902,47676184,103036923904,0,0,0,0,0,3,3,5579931,27,1311,0,0,0,115,23,14482052839,49187278886,50110083253
1790897903,47696140,103065636864,0,0,0,0,0,3,3,5579931,27,1311,0,0,0,115,23,14482052839,49187278886,50110083253
1790897904,47716700,103050842112,0,0,0,0,0,3,3,5592703,27,1311,0,0,0,115,23,14482052839,49187278886,50110083253
1790897906,47743592,103062335488,0,0,0,0,0,3,3,5592703,27,1311,0,0,0,115,23,14482052839,49187278886,50110083253
1790897907,47783628,103056244736,0,0,0,0,0,3,3,5605410,27,1311,0,0,0,115,23,14482052839,49187278886,50110083253
1790897908,47794996,103076839424,0,0,0,0,0,3,3,5605410,27,1311,0,0,0,115,23,14482052839,49187278886,50110083253
1790897909,47812528,103065706496,0,0,0,0,0,3,3,5618287,27,1311,0,0,0,115,23,14482052839,49187278886,50110083253
1790897910,47838496,103077027840,0,0,0,0,0,3,3,5618287,27,1311,0,0,0,115,23,14482052839,49187278886,50110083253
1790897911,47869672,103071375360,0,0,0,0,0,3,3,5631099,27,1311,0,0,0,115,23,14482052839,49187278886,50110083253
1790897912,47897176,103065501696,0,0,0,0,0,3,3,5631099,27,1311,0,0,0,115,23,14482052839,49187278886,50110083253
1790897913,47925716,103048605696,0,0,0,0,0,3,3,5643838,27,1311,0,0,0,115,23,14482052839,49187278886,50110083253
1790897914,47941264,103073685504,0,0,0,0,0,3,3,5656601,27,1311,0,0,0,115,23,14482052839,49187278886,50110083253
1790897915,47964840,103075254272,0,0,0,0,0,3,3,5656601,27,1311,0,0,0,115,23,14482052839,49187278886,50110083253
1790897916,47989520,103077347328,0,0,0,0,0,3,3,5669009,27,1311,0,0,0,115,23,14482052839,49187278886,50110083253
1790897917,48014128,103048044544,0,0,0,0,0,3,3,5669009,27,1311,0,0,0,115,23,14482052839,49187278886,50110083253
1790897918,48036544,103072215040,0,0,0,0,0,3,3,5681698,27,1311,0,0,0,115,23,14482052839,49187278886,50110083253
1790897919,48079100,103058452480,0,0,0,0,0,3,3,5681698,27,1311,0,0,0,115,23,14482052839,49187278886,50110083253
1790897920,48131880,103044988928,0,0,0,0,0,3,3,5694430,27,1311,0,0,0,115,23,14482052839,49187278886,50110083253
1790897921,48180480,103041900544,0,0,0,0,0,3,3,5694430,27,1311,0,0,0,115,23,14482052839,49187278886,50110083253
1790897922,48225592,103069917184,0,0,0,0,0,3,3,5707216,27,1311,0,0,0,115,23,14482052839,49187278886,50110083253
1790897923,48264052,103076794368,0,0,0,0,0,3,3,5707216,27,1311,0,0,0,115,23,14482052839,49187278886,50110083253
1790897924,48316180,103050006528,0,0,0,0,0,3,3,5719987,27,1311,0,0,0,115,23,14482052839,49187278886,50110083253
1790897925,48354052,103065145344,0,0,0,0,0,3,3,5719987,27,1311,0,0,0,115,23,14482052839,49187278886,50110083253
1790897927,48381992,103065370624,0,0,0,0,0,3,3,5732873,27,1311,0,0,0,115,23,14482052839,49187278886,50110083253
1790897928,48423008,103063080960,0,0,0,0,0,3,3,5732873,27,1311,0,0,0,115,23,14482052839,49187278886,50110083253
1790897929,48466688,103052075008,0,0,0,0,0,3,3,5745550,27,1311,0,0,0,115,23,14482052839,49187278886,50110083253
1790897930,48509564,103075958784,0,0,0,0,0,3,3,5745550,27,1311,0,0,0,115,23,14482052839,49187278886,50110083253
1790897931,48550148,103025324032,0,0,0,0,0,3,3,5758333,27,1311,0,0,0,115,23,14482052839,49187278886,50110083253
1790897932,48598628,103073816576,0,0,0,0,0,3,3,5758333,27,1311,0,0,0,115,23,14482052839,49187278886,50110083253
1790897933,48656984,103066697728,0,0,0,0,0,3,3,5771032,27,1311,0,0,0,115,23,14482052839,49187278886,50110083253
1790897934,48705652,103078670336,0,0,0,0,0,3,3,5771032,27,1311,0,0,0,115,23,14482052839,49187278886,50110083253
1790897935,48745864,103078912000,0,0,0,0,0,3,3,5783744,27,1311,0,0,0,115,23,14482052839,49187278886,50110083253
1790897936,48797152,103069032448,0,0,0,0,0,3,3,5783744,27,1311,0,0,0,115,23,14482052839,49187278886,50110083253
1790897937,48832748,103022170112,0,0,0,0,0,3,3,5796426,27,1311,0,0,0,115,23,14482052839,49187278886,50110083253
1790897938,48876556,103072862208,0,0,0,0,0,3,3,5809059,27,1311,0,0,0,115,23,14482052839,49187278886,50110083253
1790897939,48919388,103077003264,0,0,0,0,0,3,3,5809059,27,1311,0,0,0,115,23,14482052839,49187278886,50110083253
1790897940,48949052,103066300416,0,0,0,0,0,3,3,5821906,27,1311,0,0,0,115,23,14482052839,49187278886,50110083253
1790897941,48993216,103073976320,0,0,0,0,0,3,3,5821906,27,1311,0,0,0,115,23,14482052839,49187278886,50110083253
1790897942,49042408,103064272896,0,0,0,0,0,3,3,5834531,27,1311,0,0,0,115,23,14482052839,49187278886,50110083253
1790897943,49080236,103076962304,0,0,0,0,0,3,3,5834531,27,1311,0,0,0,115,23,14482052839,49187278886,50110083253
1790897944,49116364,103075467264,0,0,0,0,0,3,3,5847141,27,1311,0,0,0,115,23,14482052839,49187278886,50110083253
1790897945,49163860,103072825344,0,0,0,0,0,3,3,5847141,27,1311,0,0,0,115,23,14482052839,49187278886,50110083253
1790897946,49194192,103076642816,0,0,0,0,0,3,3,5859881,27,1311,0,0,0,115,23,14482052839,49187278886,50110083253
1790897948,49239724,103076233216,0,0,0,0,0,3,3,5859881,27,1311,0,0,0,115,23,14482052839,49187278886,50110083253
1790897949,49281108,103069478912,0,0,0,0,0,3,3,5872479,27,1311,0,0,0,115,23,14482052839,49187278886,50110083253
1790897950,49316276,103048687616,0,0,0,0,0,3,3,5872479,27,1311,0,0,0,115,23,14482052839,49187278886,50110083253
1790897951,49335896,103078699008,0,0,0,0,0,3,3,5885182,27,1311,0,0,0,115,23,14482052839,49187278886,50110083253
1790897952,49377380,103077126144,0,0,0,0,0,3,3,5885182,27,1311,0,0,0,115,23,14482052839,49187278886,50110083253
1790897953,49413496,103068303360,0,0,0,0,0,3,3,5897947,27,1311,0,0,0,115,23,14482052839,49187278886,50110083253
1790897954,49478008,103028101120,0,0,0,0,0,3,3,5897947,27,1311,0,0,0,115,23,14482052839,49187278886,50110083253
1790897955,49527044,103039492096,0,0,0,0,0,3,3,5910582,27,1311,0,0,0,115,23,14482052839,49187278886,50110083253
1790897956,49586888,103048699904,0,0,0,0,0,3,3,5910582,27,1311,0,0,0,115,23,14482052839,49187278886,50110083253
1790897957,49627160,103050854400,0,0,0,0,0,3,3,5923118,27,1311,0,0,0,115,23,14482052839,49187278886,50110083253
1790897958,49667556,103067447296,0,0,0,0,0,3,3,5923118,27,1311,0,0,0,115,23,14482052839,49187278886,50110083253
1790897959,49693400,103066234880,0,0,0,0,0,3,3,5935811,27,1311,0,0,0,115,23,14482052839,49187278886,50110083253
1790897960,49723500,103074320384,0,0,0,0,0,3,3,5948505,27,1311,0,0,0,115,23,14482052839,49187278886,50110083253
1790897961,49742300,103070973952,0,0,0,0,0,3,3,5948505,27,1311,0,0,0,115,23,14482052839,49187278886,50110083253
1790897962,49776920,103077838848,0,0,0,0,0,3,3,5961224,27,1311,0,0,0,115,23,14482052839,49187278886,50110083253
1790897963,49805324,103055446016,0,0,0,0,0,3,3,5961224,27,1311,0,0,0,115,23,14482052839,49187278886,50110083253
1790897964,49823368,103062315008,0,0,0,0,0,3,3,5973963,27,1311,0,0,0,115,23,14482052839,49187278886,50110083253
1790897965,49837448,103075471360,0,0,0,0,0,3,3,5973963,27,1311,0,0,0,115,23,14482052839,49187278886,50110083253
1790897966,49863584,103052787712,0,0,0,0,0,3,3,5986633,27,1311,0,0,0,115,23,14482052839,49187278886,50110083253
1790897967,49878900,103054069760,0,0,0,0,0,3,3,5986633,27,1311,0,0,0,115,23,14482052839,49187278886,50110083253
1790897969,49905660,103067103232,0,0,0,0,0,3,3,5999417,27,1311,0,0,0,115,23,14482052839,49187278886,50110083253
1790897970,49941668,103067897856,0,0,0,0,0,3,3,5999417,27,1311,0,0,0,115,23,14482052839,49187278886,50110083253
1790897971,49992604,103068401664,0,0,0,0,0,3,3,6012152,27,1311,0,0,0,115,23,14482052839,49187278886,50110083253
1790897972,50043516,103078973440,0,0,0,0,0,3,3,6012152,27,1311,0,0,0,115,23,14482052839,49187278886,50110083253
1790897973,50095724,103051759616,0,0,0,0,0,3,3,6024814,27,1311,0,0,0,115,23,14482052839,49187278886,50110083253
1790897974,50138436,103077457920,0,0,0,0,0,3,3,6024814,27,1311,0,0,0,115,23,14482052839,49187278886,50110083253
1790897975,50193116,103057125376,0,0,0,0,0,3,3,6037580,27,1311,0,0,0,115,23,14482052839,49187278886,50110083253
1790897976,50233724,103078928384,0,0,0,0,0,3,3,6037580,27,1311,0,0,0,115,23,14482052839,49187278886,50110083253
1790897977,50285048,103078957056,0,0,0,0,0,3,3,6050328,27,1311,0,0,0,115,23,14482052839,49187278886,50110083253
1790897978,50332384,103073255424,0,0,0,0,0,3,3,6050328,27,1311,0,0,0,115,23,14482052839,49187278886,50110083253
1790897979,50383700,103071330304,0,0,0,0,0,3,3,6062714,27,1311,0,0,0,115,23,14482052839,49187278886,50110083253
1790897980,50415728,103078801408,0,0,0,0,0,3,3,6062714,27,1311,0,0,0,115,23,14482052839,49187278886,50110083253
1790897981,50452780,103075373056,0,0,0,0,0,3,3,6075531,27,1311,0,0,0,115,23,14482052839,49187278886,50110083253
1790897982,50495356,103076233216,0,0,0,0,0,3,3,6088206,27,1311,0,0,0,115,23,14482052839,49187278886,50110083253
1790897983,50532164,103077912576,0,0,0,0,0,3,3,6088206,27,1311,0,0,0,115,23,14482052839,49187278886,50110083253
1790897984,50597300,103064055808,0,0,0,0,0,3,3,6100929,27,1311,0,0,0,115,23,14482052839,49187278886,50110083253
1790897985,50647808,103042863104,0,0,0,0,0,3,3,6100929,27,1311,0,0,0,115,23,14482052839,49187278886,50110083253
1790897986,50706624,103058345984,0,0,0,0,0,3,3,6113677,27,1311,0,0,0,115,23,14482052839,49187278886,50110083253
1790897987,50772660,103060819968,0,0,0,0,0,3,3,6113677,27,1311,0,0,0,115,23,14482052839,49187278886,50110083253
1790897988,50832304,103072210944,0,0,0,0,0,3,3,6126442,27,1311,0,0,0,115,23,14482052839,49187278886,50110083253
1790897990,50897464,103058894848,0,0,0,0,0,3,3,6126442,27,1311,0,0,0,115,23,14482052839,49187278886,50110083253
1790897991,50951884,103074570240,0,0,0,0,0,3,3,6139074,27,1311,0,0,0,115,23,14482052839,49187278886,50110083253
1790897992,50995680,103046979584,0,0,0,0,0,3,3,6139074,27,1311,0,0,0,115,23,14482052839,49187278886,50110083253
1790897993,51032188,103072010240,0,0,0,0,0,3,3,6151765,27,1311,0,0,0,115,23,14482052839,49187278886,50110083253
1790897994,51078740,103050612736,0,0,0,0,0,3,3,6151765,27,1311,0,0,0,115,23,14482052839,49187278886,50110083253
1790897995,51139800,103065624576,0,0,0,0,0,3,3,6164420,27,1311,0,0,0,115,23,14482052839,49187278886,50110083253
1790897996,51196896,103075975168,0,0,0,0,0,3,3,6164420,27,1311,0,0,0,115,23,14482052839,49187278886,50110083253
1790897997,51259792,103067971584,0,0,0,0,0,3,3,6177051,27,1311,0,0,0,115,23,14482052839,49187278886,50110083253
1790897998,51315608,103074848768,0,0,0,0,0,3,3,6177051,27,1311,0,0,0,115,23,14482052839,49187278886,50110083253
1790897999,51354740,103069593600,0,0,0,0,0,3,3,6189838,27,1311,0,0,0,115,23,14482052839,49187278886,50110083253
1790898000,51391812,103041806336,0,0,0,0,0,3,3,6189838,27,1311,0,0,0,115,23,14482052839,49187278886,50110083253
1790898001,51428872,103077588992,0,0,0,0,0,3,3,6202438,27,1311,0,0,0,115,23,14482052839,49187278886,50110083253
1790898002,51463020,103066947584,0,0,0,0,0,3,3,6202438,27,1311,0,0,0,115,23,14482052839,49187278886,50110083253
1790898003,51486520,103076384768,0,0,0,0,0,3,3,6215150,27,1311,0,0,0,115,23,14482052839,49187278886,50110083253
1790898004,51516508,103049949184,0,0,0,0,0,3,3,6215150,27,1311,0,0,0,115,23,14482052839,49187278886,50110083253
1790898005,51527456,103062429696,0,0,0,0,0,3,3,6227952,27,1311,0,0,0,115,23,14482052839,49187278886,50110083253
1790898006,51546664,103064408064,0,0,0,0,0,3,3,6240624,27,1311,0,0,0,115,23,14482052839,49187278886,50110083253
1790898007,51568296,103072329728,0,0,0,0,0,3,3,6240624,27,1311,0,0,0,115,23,14482052839,49187278886,50110083253
1790898008,51589336,103052308480,0,0,0,0,0,3,3,6253362,27,1311,0,0,0,115,23,14482052839,49187278886,50110083253
1790898009,51606240,103042871296,0,0,0,0,0,3,3,6253362,27,1311,0,0,0,115,23,14482052839,49187278886,50110083253
1790898011,51628720,103046582272,0,0,0,0,0,3,3,6265708,27,1311,0,0,0,115,23,14482052839,49187278886,50110083253
1790898012,51648704,103056187392,0,0,0,0,0,3,3,6265708,27,1311,0,0,0,115,23,14482052839,49187278886,50110083253
1790898013,51664632,103070248960,0,0,0,0,0,3,3,6278512,27,1311,0,0,0,115,23,14482052839,49187278886,50110083253
1790898014,51686984,103079161856,0,0,0,0,0,3,3,6278512,27,1311,0,0,0,115,23,14482052839,49187278886,50110083253
1790898015,51707400,103073013760,0,0,0,0,0,3,3,6291348,27,1311,0,0,0,115,23,14482052839,49187278886,50110083253
1790898016,51738344,103071367168,0,0,0,0,0,3,3,6291348,27,1311,0,0,0,115,23,14482052839,49187278886,50110083253
1790898017,51774988,103052595200,0,0,0,0,0,3,3,6304080,27,1311,0,0,0,115,23,14482052839,49187278886,50110083253
1790898018,51817904,103053443072,0,0,0,0,0,3,3,6304080,27,1311,0,0,0,115,23,14482052839,49187278886,50110083253
1790898019,51859404,103069974528,0,0,0,0,0,3,3,6316880,27,1311,0,0,0,115,23,14482052839,49187278886,50110083253
1790898020,51898916,103079198720,0,0,0,0,0,3,3,6316880,27,1311,0,0,0,115,23,14482052839,49187278886,50110083253
1790898021,51941644,103067430912,0,0,0,0,0,3,3,6329642,27,1311,0,0,0,115,23,14482052839,49187278886,50110083253
1790898022,51983932,103077224448,0,0,0,0,0,3,3,6329642,27,1311,0,0,0,115,23,14482052839,49187278886,50110083253
1790898023,52026828,103078993920,0,0,0,0,0,3,3,6342298,27,1311,0,0,0,115,23,14482052839,49187278886,50110083253
1790898024,52074852,103078305792,0,0,0,0,0,3,3,6342298,27,1311,0,0,0,115,23,14482052839,49187278886,50110083253
1790898025,52116816,103069585408,0,0,0,0,0,3,3,6354982,27,1311,0,0,0,115,23,14482052839,49187278886,50110083253
1790898026,52157704,103059927040,0,0,0,0,0,3,3,6354982,27,1311,0,0,0,115,23,14482052839,49187278886,50110083253
1790898027,52199932,103077380096,0,0,0,0,0,3,3,6367631,27,1311,0,0,0,115,23,14482052839,49187278886,50110083253
1790898028,52240020,103050006528,0,0,0,0,0,3,3,6380336,27,1311,0,0,0,115,23,14482052839,49187278886,50110083253
1790898029,52238040,103047364608,0,0,0,0,0,3,3,6380336,27,1311,0,0,0,115,23,14482052839,49187278886,50110083253
1790898030,52277372,103073136640,0,0,0,0,0,3,3,6393145,27,1311,0,0,0,115,23,14482052839,49187278886,50110083253
1790898032,52327152,103040499712,0,0,0,0,0,3,3,6393145,27,1311,0,0,0,115,23,14482052839,49187278886,50110083253
1790898033,52371456,103078219776,0,0,0,0,0,3,3,6405898,27,1311,0,0,0,115,23,14482052839,49187278886,50110083253
1790898034,52405028,103075479552,0,0,0,0,0,3,3,6405898,27,1311,0,0,0,115,23,14482052839,49187278886,50110083253
1790898035,52427276,103061274624,0,0,0,0,0,3,3,6418631,27,1311,0,0,0,115,23,14482052839,49187278886,50110083253
1790898036,52460736,103060652032,0,0,0,0,0,3,3,6418631,27,1311,0,0,0,115,23,14482052839,49187278886,50110083253
1790898037,52501992,103052251136,0,0,0,0,0,3,3,6431324,27,1311,0,0,0,115,23,14482052839,49187278886,50110083253
1790898038,52539476,103039344640,0,0,0,0,0,3,3,6431324,27,1311,0,0,0,115,23,14482052839,49187278886,50110083253
1790898039,52586592,103060733952,0,0,0,0,0,3,3,6444048,27,1311,0,0,0,115,23,14482052839,49187278886,50110083253
1790898040,52624136,103071256576,0,0,0,0,0,3,3,6444048,27,1311,0,0,0,115,23,14482052839,49187278886,50110083253
1790898041,52640816,103076700160,0,0,0,0,0,3,3,6456788,27,1311,0,0,0,115,23,14482052839,49187278886,50110083253
1790898042,52653452,103069618176,0,0,0,0,0,3,3,6456788,27,1311,0,0,0,115,23,14482052839,49187278886,50110083253
1790898043,52671776,103061516288,0,0,0,0,0,3,3,6469470,27,1311,0,0,0,115,23,14482052839,49187278886,50110083253
1790898044,52688304,103079088128,0,0,0,0,0,3,3,6469470,27,1311,0,0,0,115,23,14482052839,49187278886,50110083253
1790898045,52706136,103071543296,0,0,0,0,0,3,3,6482204,27,1311,0,0,0,115,23,14482052839,49187278886,50110083253
1790898046,52738004,103048159232,0,0,0,0,0,3,3,6482204,27,1311,0,0,0,115,23,14482052839,49187278886,50110083253
1790898047,52789252,103069937664,0,0,0,0,0,3,3,6494920,27,1311,0,0,0,115,23,14482052839,49187278886,50110083253
1790898048,52844404,103041978368,0,0,0,0,0,3,3,6494920,27,1311,0,0,0,115,23,14482052839,49187278886,50110083253
1790898049,52891708,103078014976,0,0,0,0,0,3,3,6507658,27,1311,0,0,0,115,23,14482052839,49187278886,50110083253
1790898050,52944656,103066996736,0,0,0,0,0,3,3,6520409,27,1311,0,0,0,115,23,14482052839,49187278886,50110083253
1790898051,52989564,103073275904,0,0,0,0,0,3,3,6520409,27,1311,0,0,0,115,23,14482052839,49187278886,50110083253
1790898053,53036584,103046471680,0,0,0,0,0,3,3,6533204,27,1311,0,0,0,115,23,14482052839,49187278886,50110083253
1790898054,53075676,103047897088,0,0,0,0,0,3,3,6533204,27,1311,0,0,0,115,23,14482052839,49187278886,50110083253
1790898055,53111376,103078817792,0,0,0,0,0,3,3,6545867,27,1311,0,0,0,115,23,14482052839,49187278886,50110083253
1790898056,53140140,103069724672,0,0,0,0,0,3,3,6545867,27,1311,0,0,0,115,23,14482052839,49187278886,50110083253
1790898057,53179132,103051964416,0,0,0,0,0,3,3,6558676,27,1311,0,0,0,115,23,14482052839,49187278886,50110083253
1790898058,53217592,103052861440,0,0,0,0,0,3,3,6558676,27,1311,0,0,0,115,23,14482052839,49187278886,50110083253
1790898059,53243476,103066218496,0,0,0,0,0,3,3,6571368,27,1311,0,0,0,115,23,14482052839,49187278886,50110083253
1790898060,53272304,103066972160,0,0,0,0,0,3,3,6571368,27,1311,0,0,0,115,23,14482052839,49187278886,50110083253
1790898061,53303620,103072088064,0,0,0,0,0,3,3,6584144,27,1311,0,0,0,115,23,14482052839,49187278886,50110083253
1790898062,53316416,103078391808,0,0,0,0,0,3,3,6584144,27,1311,0,0,0,115,23,14482052839,49187278886,50110083253
1790898063,53351420,103065333760,0,0,0,0,0,3,3,6596921,27,1311,0,0,0,115,23,14482052839,49187278886,50110083253
1790898064,53385856,103060164608,0,0,0,0,0,3,3,6596921,27,1311,0,0,0,115,23,14482052839,49187278886,50110083253
1790898065,53419552,103054032896,0,0,0,0,0,3,3,6609630,27,1311,0,0,0,115,23,14482052839,49187278886,50110083253
1790898066,53450284,103073525760,0,0,0,0,0,3,3,6609630,27,1311,0,0,0,115,23,14482052839,49187278886,50110083253
1790898067,53484364,103055257600,0,0,0,0,0,3,3,6622453,27,1311,0,0,0,115,23,14482052839,49187278886,50110083253
1790898068,53522964,103078457344,0,0,0,0,0,3,3,6622453,27,1311,0,0,0,115,23,14482052839,49187278886,50110083253
1790898069,53563100,103077232640,0,0,0,0,0,3,3,6635193,27,1311,0,0,0,115,23,14482052839,49187278886,50110083253
1790898070,53599316,103066497024,0,0,0,0,0,3,3,6635193,27,1311,0,0,0,115,23,14482052839,49187278886,50110083253
1790898071,53642208,103076728832,0,0,0,0,0,3,3,6647880,27,1311,0,0,0,115,23,14482052839,49187278886,50110083253
1790898072,53680380,103078653952,0,0,0,0,0,3,3,6647880,27,1311,0,0,0,115,23,14482052839,49187278886,50110083253
1790898074,53699196,103067201536,0,0,0,0,0,3,3,6660392,27,1311,0,0,0,115,23,14482052839,49187278886,50110083253
1790898075,53751452,103051526144,0,0,0,0,0,3,3,6673147,27,1311,0,0,0,115,23,14482052839,49187278886,50110083253
1790898076,53781364,103068348416,0,0,0,0,0,3,3,6673147,27,1311,0,0,0,115,23,14482052839,49187278886,50110083253
1790898077,53821928,103059341312,0,0,0,0,0,3,3,6685944,27,1311,0,0,0,115,23,14482052839,49187278886,50110083253
1790898078,53852140,103035473920,0,0,0,0,0,3,3,6685944,27,1311,0,0,0,115,23,14482052839,49187278886,50110083253
1790898079,53905804,103077134336,0,0,0,0,0,3,3,6698570,27,1311,0,0,0,115,23,14482052839,49187278886,50110083253
1790898080,53936264,103077834752,0,0,0,0,0,3,3,6698570,27,1311,0,0,0,115,23,14482052839,49187278886,50110083253
1790898081,53974420,103071068160,0,0,0,0,0,3,3,6711187,27,1311,0,0,0,115,23,14482052839,49187278886,50110083253
1790898082,54022532,103079141376,0,0,0,0,0,3,3,6711187,27,1311,0,0,0,115,23,14482052839,49187278886,50110083253
1790898083,54066600,103075733504,0,0,0,0,0,3,3,6723767,27,1311,0,0,0,115,23,14482052839,49187278886,50110083253
1790898084,54092572,103075717120,0,0,0,0,0,3,3,6723767,27,1311,0,0,0,115,23,14482052839,49187278886,50110083253
1790898085,54131648,103066214400,0,0,0,0,0,3,3,6736579,27,1311,0,0,0,115,23,14482052839,49187278886,50110083253
1790898086,54189564,103074136064,0,0,0,0,0,3,3,6736579,27,1311,0,0,0,115,23,14482052839,49187278886,50110083253
1790898087,54227776,103050579968,0,0,0,0,0,3,3,6749439,27,1311,0,0,0,115,23,14482052839,49187278886,50110083253
1790898088,54268500,103066419200,0,0,0,0,0,3,3,6749439,27,1311,0,0,0,115,23,14482052839,49187278886,50110083253
1790898089,54313760,103056601088,0,0,0,0,0,3,3,6762175,27,1311,0,0,0,115,23,14482052839,49187278886,50110083253
1790898090,54366792,103076020224,0,0,0,0,0,3,3,6762175,27,1311,0,0,0,115,23,14482052839,49187278886,50110083253
1790898091,54418528,103067320320,0,0,0,0,0,3,3,6774866,27,1311,0,0,0,115,23,14482052839,49187278886,50110083253
1790898092,54475020,103078424576,0,0,0,0,0,3,3,6774866,27,1311,0,0,0,115,23,14482052839,49187278886,50110083253
1790898093,54539940,103059410944,0,0,0,0,0,3,3,6787550,27,1311,0,0,0,115,23,14482052839,49187278886,50110083253
1790898095,54604512,103061237760,0,0,0,0,0,3,3,6787550,27,1311,0,0,0,115,23,14482052839,49187278886,50110083253
1790898096,54658092,103063072768,0,0,0,0,0,3,3,6800196,27,1311,0,0,0,115,23,14482052839,49187278886,50110083253
1790898097,54709760,103058165760,0,0,0,0,0,4,4,6811815,27,1313,1,0,1,115,23,14482052839,49187278886,50110083253
1790898098,54763096,103073148928,0,0,0,0,0,4,4,6811815,27,1313,1,0,1,115,23,14482052839,49187278886,50110083253
1790898099,54819656,103055949824,0,0,0,0,0,4,4,6823471,27,1316,1,0,1,115,23,14482052839,49187278886,50110083253
1790898100,54855296,103078432768,0,0,0,0,0,4,4,6823471,27,1316,1,0,1,115,23,14482052839,49187278886,50110083253
1790898101,54917324,103075479552,0,0,0,0,0,4,4,6834981,27,1325,1,0,1,115,23,14482052839,49187278886,50110083253
1790898102,54946756,103061786624,0,0,0,0,0,4,4,6834981,27,1325,1,0,1,115,23,14482052839,49187278886,50110083253
1790898103,54990372,103078035456,0,0,0,0,0,4,4,6846450,27,1333,1,0,1,115,23,14482052839,49187278886,50110083253
1790898104,55015676,103048884224,0,0,0,0,0,4,4,6846450,27,1333,1,0,1,115,23,14482052839,49187278886,50110083253
1790898105,55032852,103057960960,0,0,0,0,0,4,4,6857971,27,1341,1,0,1,115,23,14482052839,49187278886,50110083253
1790898106,55056776,103044829184,0,0,0,0,0,4,4,6857971,27,1341,1,0,1,115,23,14482052839,49187278886,50110083253
1790898107,55079392,103058448384,0,0,0,0,0,4,4,6869403,27,1347,1,0,1,115,23,14482052839,49187278886,50110083253
1790898108,55077672,103073071104,0,0,0,0,0,4,4,6869403,27,1347,1,0,1,115,23,14482052839,49187278886,50110083253
1790898109,55103528,103067553792,0,0,0,0,0,4,4,6880835,27,1347,1,0,1,115,23,14482052839,49187278886,50110083253
1790898110,55119908,103067955200,0,0,0,0,0,4,4,6880835,27,1347,1,0,1,115,23,14482052839,49187278886,50110083253
1790898111,55121068,103075147776,0,0,0,0,0,4,4,6892246,27,1347,1,0,1,115,23,14482052839,49187278886,50110083253
1790898112,55114080,103061872640,0,0,0,0,0,4,4,6892246,27,1347,1,0,1,115,23,14482052839,49187278886,50110083253
1790898113,55127580,103062081536,0,0,0,0,0,4,4,6903625,27,1347,1,0,1,115,23,14482052839,49187278886,50110083253
1790898115,55139220,103068397568,0,0,0,0,0,4,4,6903625,27,1347,1,0,1,115,23,14482052839,49187278886,50110083253
1790898116,53246332,101134565376,0,0,0,0,0,4,4,6914849,27,1347,1,0,1,115,23,14482052839,49187278886,50110083253
1790898117,51208120,100120518656,0,0,0,0,0,4,4,6914849,27,1347,1,0,1,115,23,14482052839,49187278886,50110083253
1790898118,51078252,101122457600,0,0,0,0,0,4,4,6923728,29,1356,0,8,0,153,24,19310868968,49190655790,50116840671
1790898119,50783512,101929512960,0,0,0,0,0,4,4,6929427,29,1362,0,8,0,153,24,19310868968,49190655790,50116840671
1790898120,50281464,102564065280,0,0,0,0,0,4,4,6929427,29,1362,0,8,0,153,24,19310868968,49190655790,50116840671
1790898121,49588088,102974910464,0,0,0,0,0,4,4,6933635,29,1371,0,8,0,153,24,19310868968,49190655790,50116840671
1790898122,48791380,103065776128,0,0,0,0,0,4,4,6933635,29,1371,0,8,0,153,24,19310868968,49190655790,50116840671
1790898123,48224668,103049900032,0,0,0,0,0,4,4,6938928,29,1382,0,8,0,153,24,19310868968,49190655790,50116840671
1790898124,47563132,103035277312,0,0,0,0,0,4,4,6938928,29,1382,0,8,0,153,24,19310868968,49190655790,50116840671
1790898125,47322452,103061401600,0,0,0,0,0,4,4,6944826,29,1387,0,8,0,153,24,19310868968,49190655790,50116840671
1790898126,47144220,103059197952,0,0,0,0,0,4,4,6944826,29,1387,0,8,0,153,24,19310868968,49190655790,50116840671
1790898127,47117244,103044415488,0,0,0,0,0,4,4,6950351,29,1399,0,8,0,153,24,19310868968,49190655790,50116840671
1790898128,47113512,103057960960,0,0,0,0,0,4,4,6950351,29,1399,0,8,0,153,24,19310868968,49190655790,50116840671
1790898129,47033648,103051583488,0,0,0,0,0,4,4,6955853,29,1409,0,8,0,153,24,19310868968,49190655790,50116840671
1790898130,47024872,103079034880,0,0,0,0,0,4,4,6955853,29,1409,0,8,0,153,24,19310868968,49190655790,50116840671
1790898132,46950180,103066808320,0,0,0,0,0,4,4,6961444,29,1416,0,8,0,153,24,19310868968,49190655790,50116840671
1790898133,46950956,103077228544,0,0,0,0,0,4,4,6961444,29,1416,0,8,0,153,24,19310868968,49190655790,50116840671
1790898134,46903984,103072604160,0,0,0,0,0,4,4,6966003,29,1431,0,8,0,153,24,19310868968,49190655790,50116840671
1790898135,46907104,101552001024,0,0,0,0,0,4,4,6966003,29,1431,0,8,0,153,24,19310868968,49190655790,50116840671
1790898136,46925572,102755901440,0,0,0,0,0,4,4,6972087,30,1406,0,7,0,153,25,19310868968,51659530000,52640613941
1790898137,46928896,103068602368,0,0,0,0,0,4,4,6972087,30,1406,0,7,0,153,25,19310868968,51659530000,52640613941
1790898138,46932236,103076016128,0,0,0,0,0,4,4,6978097,30,1413,0,7,0,153,25,19310868968,51659530000,52640613941
1790898139,46937964,103023906816,0,0,0,0,0,4,4,6983513,30,1426,0,7,0,153,25,19310868968,51659530000,52640613941
1790898140,46950720,103070035968,0,0,0,0,0,4,4,6983513,30,1426,0,7,0,153,25,19310868968,51659530000,52640613941
1790898141,46959892,101576388608,0,0,0,0,0,4,4,6988705,31,1404,0,6,0,153,26,19310868968,54196214960,55294521787
1790898142,46920900,102684217344,0,0,0,0,0,4,4,6988705,31,1404,0,6,0,153,26,19310868968,54196214960,55294521787
1790898143,46933056,103055822848,0,0,0,0,0,4,4,6994755,31,1414,0,6,0,153,26,19310868968,54196214960,55294521787
1790898144,46956864,100862955520,0,0,0,0,0,4,4,6994755,31,1414,0,6,0,153,26,19310868968,54196214960,55294521787
1790898145,46978800,102088773632,0,0,0,0,0,4,4,7000640,32,1385,0,5,0,153,27,19310868968,56732863135,57947175420
1790898146,47011500,103061127168,0,0,0,0,0,4,4,7000640,32,1385,0,5,0,153,27,19310868968,56732863135,57947175420
1790898147,47040296,103078965248,0,0,0,0,0,4,4,7006415,32,1398,0,5,0,153,27,19310868968,56732863135,57947175420
1790898148,47059472,103071604736,0,0,0,0,0,4,4,7006415,32,1398,0,5,0,153,27,19310868968,56732863135,57947175420
1790898150,47071776,103078924288,0,0,0,0,0,4,4,7012115,32,1406,0,5,0,153,27,19310868968,56732863135,57947175420
1790898151,47096016,103079206912,0,0,0,0,0,4,4,7012115,32,1406,0,5,0,153,27,19310868968,56732863135,57947175420
1790898152,47114168,103076757504,0,0,0,0,0,4,4,7017919,32,1413,0,5,0,153,27,19310868968,56732863135,57947175420
1790898153,47136464,103067783168,0,0,0,0,0,4,4,7017919,32,1413,0,5,0,153,27,19310868968,56732863135,57947175420
1790898154,47166620,103075553280,0,0,0,0,0,4,4,7022850,32,1425,0,5,0,153,27,19310868968,56732863135,57947175420
1790898155,47184020,101250183168,0,0,0,0,0,4,4,7022850,32,1425,0,5,0,153,27,19310868968,56732863135,57947175420
1790898156,47218540,102478475264,0,0,0,0,0,4,4,7028805,33,1404,0,4,0,153,28,19310868968,59268425287,60597901423
1790898157,47259368,103070830592,0,0,0,0,0,4,4,7028805,33,1404,0,4,0,153,28,19310868968,59268425287,60597901423
1790898158,47287488,103076081664,0,0,0,0,0,4,4,7034620,33,1413,0,4,0,153,28,19310868968,59268425287,60597901423
1790898159,47307792,103077912576,0,0,0,0,0,4,4,7039710,33,1424,0,4,0,153,28,19310868968,59268425287,60597901423
1790898160,47327360,103055224832,0,0,0,0,0,4,4,7039710,33,1424,0,4,0,153,28,19310868968,59268425287,60597901423
1790898161,47338944,101388812288,0,0,0,0,0,4,4,7045405,33,1435,0,4,0,153,28,19310868968,59268425287,60597901423
1790898162,47364216,100937875456,0,0,0,0,0,4,4,7045405,33,1435,0,4,0,153,28,19310868968,59268425287,60597901423
1790898163,47398984,102216622080,0,0,0,0,0,4,4,7051608,35,1378,0,2,0,153,30,19310868968,64272146109,65771772162
1790898164,47445492,103071997952,0,0,0,0,0,4,4,7051608,35,1378,0,2,0,153,30,19310868968,64272146109,65771772162
1790898165,47460164,103074066432,0,0,0,0,0,4,4,7057397,35,1386,0,2,0,153,30,19310868968,64272146109,65771772162
1790898167,47474240,103063359488,0,0,0,0,0,4,4,7057397,35,1386,0,2,0,153,30,19310868968,64272146109,65771772162
1790898168,47491948,103074004992,0,0,0,0,0,4,4,7062703,35,1400,0,2,0,153,30,19310868968,64272146109,65771772162
1790898169,47533180,103077359616,0,0,0,0,0,4,4,7062703,35,1400,0,2,0,153,30,19310868968,64272146109,65771772162
1790898170,47552056,103078785024,0,0,0,0,0,4,4,7068754,35,1415,0,2,0,153,30,19310868968,64272146109,65771772162
1790898171,47584416,103048372224,0,0,0,0,0,4,4,7068754,35,1415,0,2,0,153,30,19310868968,64272146109,65771772162
1790898172,47587260,103077937152,0,0,0,0,0,4,4,7074523,35,1420,0,2,0,153,30,19310868968,64272146109,65771772162
1790898173,47600604,103050747904,0,0,0,0,0,4,4,7074523,35,1420,0,2,0,153,30,19310868968,64272146109,65771772162
1790898174,47607468,103057584128,0,0,0,0,0,4,4,7079259,35,1432,0,2,0,153,30,19310868968,64272146109,65771772162
1790898175,47622696,103065436160,0,0,0,0,0,4,4,7079259,35,1432,0,2,0,153,30,19310868968,64272146109,65771772162
1790898176,47651196,103072972800,0,0,0,0,0,4,4,7084907,35,1440,0,2,0,153,30,19310868968,64272146109,65771772162
1790898177,47676192,100514807808,0,0,0,0,0,4,4,7092408,36,1437,0,2,0,153,31,19310868968,66807632860,68422865874
1790898178,47717704,102266421248,0,0,0,0,0,4,4,7092408,36,1437,0,2,0,153,31,19310868968,66807632860,68422865874
1790898179,47762188,103072256000,0,0,0,0,0,4,4,7099983,36,1416,0,1,0,153,31,19310868968,66807632860,68422865874
1790898180,47804052,103062843392,0,0,0,0,0,4,4,7099983,36,1416,0,1,0,153,31,19310868968,66807632860,68422865874
1790898181,47839920,99638935552,0,0,0,0,0,4,4,7107320,39,1363,0,0,0,153,34,19310868968,71812093957,73597467815
1790898182,47881772,101485690880,0,0,0,0,0,4,4,7107320,39,1363,0,0,0,153,34,19310868968,71812093957,73597467815
1790898184,47918480,103032061952,0,0,0,0,0,4,4,7115914,39,1353,0,0,0,153,34,19310868968,71812093957,73597467815
1790898185,47952016,103072509952,0,0,0,0,0,4,4,7115914,39,1353,0,0,0,153,34,19310868968,71812093957,73597467815
1790898186,47979396,103067451392,0,0,0,0,0,4,4,7124428,39,1354,0,0,0,153,34,19310868968,71812093957,73597467815
1790898187,48006496,103071186944,0,0,0,0,0,4,4,7124428,39,1354,0,0,0,153,34,19310868968,71812093957,73597467815
1790898188,48019252,103065665536,0,0,0,0,0,4,4,7131839,39,1355,0,0,0,153,34,19310868968,71812093957,73597467815
1790898189,48040020,103076446208,0,0,0,0,0,4,4,7131839,39,1355,0,0,0,153,34,19310868968,71812093957,73597467815
1790898190,48055252,103079116800,0,0,0,0,0,4,4,7139205,39,1356,0,0,0,153,34,19310868968,71812093957,73597467815
1790898191,48081352,103077957632,0,0,0,0,0,4,4,7139205,39,1356,0,0,0,153,34,19310868968,71812093957,73597467815
1790898192,48098764,103051186176,0,0,0,0,0,4,4,7146967,39,1357,0,0,0,153,34,19310868968,71812093957,73597467815
1790898193,48132168,103066275840,0,0,0,0,0,4,4,7146967,39,1357,0,0,0,153,34,19310868968,71812093957,73597467815
1790898194,48165384,103075536896,0,0,0,0,0,4,4,7155537,39,1357,0,0,0,153,34,19310868968,71812093957,73597467815
1790898195,48184500,103050424320,0,0,0,0,0,4,4,7155537,39,1357,0,0,0,153,34,19310868968,71812093957,73597467815
1790898196,48215952,103074963456,0,0,0,0,0,4,4,7163959,39,1357,0,0,0,153,34,19310868968,71812093957,73597467815
1790898197,48244268,103077953536,0,0,0,0,0,4,4,7163959,39,1357,0,0,0,153,34,19310868968,71812093957,73597467815
1790898198,48268996,103074463744,0,0,0,0,0,4,4,7171221,39,1358,0,0,0,153,34,19310868968,71812093957,73597467815
1790898199,48302096,103071809536,0,0,0,0,0,4,4,7178867,39,1358,0,0,0,153,34,19310868968,71812093957,73597467815
1790898200,48331404,103074689024,0,0,0,0,0,4,4,7178867,39,1358,0,0,0,153,34,19310868968,71812093957,73597467815
1790898201,48349792,103079198720,0,0,0,0,0,4,4,7187656,39,1360,0,0,0,153,34,19310868968,71812093957,73597467815
1790898202,48381772,103070552064,0,0,0,0,0,4,4,7187656,39,1360,0,0,0,153,34,19310868968,71812093957,73597467815
1790898204,48418076,103055630336,0,0,0,0,0,4,4,7196722,39,1361,0,0,0,153,34,19310868968,71812093957,73597467815
1790898205,48443848,103067754496,0,0,0,0,0,4,4,7196722,39,1361,0,0,0,153,34,19310868968,71812093957,73597467815
1790898206,48456476,103078559744,0,0,0,0,0,4,4,7205077,39,1361,0,0,0,153,34,19310868968,71812093957,73597467815
1790898207,48469040,103075422208,0,0,0,0,0,4,4,7205077,39,1361,0,0,0,153,34,19310868968,71812093957,73597467815
1790898208,48486380,103061221376,0,0,0,0,0,4,4,7213241,39,1361,0,0,0,153,34,19310868968,71812093957,73597467815
1790898209,48497284,103070404608,0,0,0,0,0,4,4,7213241,39,1361,0,0,0,153,34,19310868968,71812093957,73597467815
1790898210,48515332,103049338880,0,0,0,0,0,4,4,7222366,39,1361,0,0,0,153,34,19310868968,71812093957,73597467815
1790898211,48522416,103079215104,0,0,0,0,0,4,4,7222366,39,1361,0,0,0,153,34,19310868968,71812093957,73597467815
1790898212,48540240,103074033664,0,0,0,0,0,4,4,7231470,39,1361,0,0,0,153,34,19310868968,71812093957,73597467815
1790898213,48552508,103071195136,0,0,0,0,0,4,4,7231470,39,1361,0,0,0,153,34,19310868968,71812093957,73597467815
1790898214,48561400,103076528128,0,0,0,0,0,4,4,7240253,39,1361,0,0,0,153,34,19310868968,71812093957,73597467815
1790898215,48658968,102405402624,0,0,0,0,0,4,4,7240253,39,1361,0,0,0,153,34,19310868968,71812093957,73597467815
1790898216,48682336,103058149376,0,0,0,0,0,4,4,7249562,40,1302,0,0,0,153,35,19310868968,76547301322,78490872586
1790898217,48695804,103063269376,0,0,0,0,0,4,4,7249562,40,1302,0,0,0,153,35,19310868968,76547301322,78490872586
1790898218,48717508,103065759744,0,0,0,0,0,4,4,7258886,40,1302,0,0,0,153,35,19310868968,76547301322,78490872586
1790898219,48736560,103074594816,0,0,0,0,0,4,4,7267117,40,1302,0,0,0,153,35,19310868968,76547301322,78490872586
1790898220,48738328,103053418496,0,0,0,0,0,4,4,7267117,40,1302,0,0,0,153,35,19310868968,76547301322,78490872586
1790898221,48765108,103052742656,0,0,0,0,0,4,4,7275450,40,1302,0,0,0,153,35,19310868968,76547301322,78490872586
1790898223,48786256,103072804864,0,0,0,0,0,4,4,7275450,40,1302,0,0,0,153,35,19310868968,76547301322,78490872586
1790898224,48801988,103054106624,0,0,0,0,0,4,4,7284699,40,1302,0,0,0,153,35,19310868968,76547301322,78490872586
1790898225,48831852,103075733504,0,0,0,0,0,4,4,7284699,40,1302,0,0,0,153,35,19310868968,76547301322,78490872586
1790898226,48879120,103077838848,0,0,0,0,0,4,4,7294391,40,1302,0,0,0,153,35,19310868968,76547301322,78490872586
1790898227,48907928,103045156864,0,0,0,0,0,4,4,7294391,40,1302,0,0,0,153,35,19310868968,76547301322,78490872586
1790898228,48936616,103072403456,0,0,0,0,0,4,4,7303940,40,1302,0,0,0,153,35,19310868968,76547301322,78490872586
1790898229,48965436,103050661888,0,0,0,0,0,4,4,7303940,40,1302,0,0,0,153,35,19310868968,76547301322,78490872586
1790898230,48985192,103073435648,0,0,0,0,0,4,4,7312235,40,1302,0,0,0,153,35,19310868968,76547301322,78490872586
1790898231,49008288,103067832320,0,0,0,0,0,4,4,7312235,40,1302,0,0,0,153,35,19310868968,76547301322,78490872586
1790898232,49037496,103039541248,0,0,0,0,0,4,4,7320699,40,1302,0,0,0,153,35,19310868968,76547301322,78490872586
1790898233,49077768,103055921152,0,0,0,0,0,4,4,7320699,40,1302,0,0,0,153,35,19310868968,76547301322,78490872586
1790898234,49123100,103066587136,0,0,0,0,0,4,4,7330372,40,1302,0,0,0,153,35,19310868968,76547301322,78490872586
1790898235,49166000,103070646272,0,0,0,0,0,4,4,7330372,40,1302,0,0,0,153,35,19310868968,76547301322,78490872586
1790898236,49213536,103068647424,0,0,0,0,0,4,4,7339966,40,1302,0,0,0,153,35,19310868968,76547301322,78490872586
1790898237,49247392,103072354304,0,0,0,0,0,4,4,7339966,40,1302,0,0,0,153,35,19310868968,76547301322,78490872586
1790898238,49312764,103063117824,0,0,0,0,0,4,4,7348917,40,1302,0,0,0,153,35,19310868968,76547301322,78490872586
1790898239,49323580,103066349568,0,0,0,0,0,4,4,7348917,40,1302,0,0,0,153,35,19310868968,76547301322,78490872586
1790898240,49371280,103070429184,0,0,0,0,0,4,4,7357111,40,1302,0,0,0,153,35,19310868968,76547301322,78490872586
1790898242,49424304,103078330368,0,0,0,0,0,4,4,7366885,40,1302,0,0,0,153,35,19310868968,76547301322,78490872586
1790898243,49474648,103074910208,0,0,0,0,0,4,4,7366885,40,1302,0,0,0,153,35,19310868968,76547301322,78490872586
1790898244,49530200,103075237888,0,0,0,0,0,4,4,7377209,40,1302,0,0,0,153,35,19310868968,76547301322,78490872586
1790898245,49586172,103076974592,0,0,0,0,0,4,4,7377209,40,1302,0,0,0,153,35,19310868968,76547301322,78490872586
1790898246,49619360,103064686592,0,0,0,0,0,4,4,7386801,40,1302,0,0,0,153,35,19310868968,76547301322,78490872586
1790898247,49653028,103072837632,0,0,0,0,0,4,4,7386801,40,1302,0,0,0,153,35,19310868968,76547301322,78490872586
1790898248,49675532,103078035456,0,0,0,0,0,4,4,7394356,40,1302,0,0,0,153,35,19310868968,76547301322,78490872586
1790898249,49709524,103076790272,0,0,0,0,0,4,4,7394356,40,1302,0,0,0,153,35,19310868968,76547301322,78490872586
1790898250,49750360,103071215616,0,0,0,0,0,4,4,7403311,40,1302,0,0,0,153,35,19310868968,76547301322,78490872586
1790898251,49775556,103073083392,0,0,0,0,0,4,4,7403311,40,1302,0,0,0,153,35,19310868968,76547301322,78490872586
1790898252,49790744,103075651584,0,0,0,0,0,4,4,7412489,40,1302,0,0,0,153,35,19310868968,76547301322,78490872586
1790898253,49793136,103074623488,0,0,0,0,0,4,4,7412489,40,1302,0,0,0,153,35,19310868968,76547301322,78490872586
1790898254,49795244,103072657408,0,0,0,0,0,4,4,7419459,40,1302,0,0,0,153,35,19310868968,76547301322,78490872586
1790898255,49810840,103067893760,0,0,0,0,0,4,4,7419459,40,1302,0,0,0,153,35,19310868968,76547301322,78490872586
1790898256,49837184,103078588416,0,0,0,0,0,4,4,7426743,40,1302,0,0,0,153,35,19310868968,76547301322,78490872586
1790898257,49851152,103072743424,0,0,0,0,0,4,4,7426743,40,1302,0,0,0,153,35,19310868968,76547301322,78490872586
1790898258,49866844,103078899712,0,0,0,0,0,4,4,7437186,40,1302,0,0,0,153,35,19310868968,76547301322,78490872586
1790898259,49878900,103072329728,0,0,0,0,0,4,4,7437186,40,1302,0,0,0,153,35,19310868968,76547301322,78490872586
1790898260,49890156,103069470720,0,0,0,0,0,4,4,7444750,40,1302,0,0,0,153,35,19310868968,76547301322,78490872586
1790898262,49895764,103073095680,0,0,0,0,0,4,4,7444750,40,1302,0,0,0,153,35,19310868968,76547301322,78490872586
1790898263,49897912,103070965760,0,0,0,0,0,4,4,7451719,40,1302,0,0,0,153,35,19310868968,76547301322,78490872586
1790898264,49915496,103078408192,0,0,0,0,0,4,4,7461669,40,1302,0,0,0,153,35,19310868968,76547301322,78490872586
1790898265,49912136,103062061056,0,0,0,0,0,4,4,7461669,40,1302,0,0,0,153,35,19310868968,76547301322,78490872586
1790898266,49913292,103075332096,0,0,0,0,0,4,4,7469615,40,1302,0,0,0,153,35,19310868968,76547301322,78490872586
1790898267,49908932,103068680192,0,0,0,0,0,4,4,7469615,40,1302,0,0,0,153,35,19310868968,76547301322,78490872586
1790898268,49912844,103077597184,0,0,0,0,0,4,4,7475992,40,1302,0,0,0,153,35,19310868968,76547301322,78490872586
1790898269,49903260,103074799616,0,0,0,0,0,4,4,7475992,40,1302,0,0,0,153,35,19310868968,76547301322,78490872586
1790898270,49920168,103078834176,0,0,0,0,0,4,4,7484312,40,1302,0,0,0,153,35,19310868968,76547301322,78490872586
1790898271,49940060,103077040128,0,0,0,0,0,4,4,7484312,40,1302,0,0,0,153,35,19310868968,76547301322,78490872586
1790898272,49955784,103077498880,0,0,0,0,0,4,4,7494197,40,1302,0,0,0,153,35,19310868968,76547301322,78490872586
1790898273,49883688,103072821248,0,0,0,0,0,4,4,7494197,40,1302,0,0,0,153,35,19310868968,76547301322,78490872586
1790898274,49900696,103070650368,0,0,0,0,0,4,4,7501221,40,1303,0,0,0,153,35,19310868968,76547301322,78490872586
1790898275,49926160,103070724096,0,0,0,0,0,4,4,7501221,40,1303,0,0,0,153,35,19310868968,76547301322,78490872586
1790898276,49909936,103076290560,0,0,0,0,0,4,4,7507910,40,1303,0,0,0,153,35,19310868968,76547301322,78490872586
1790898277,49820728,103072264192,0,0,0,0,0,4,4,7507910,40,1303,0,0,0,153,35,19310868968,76547301322,78490872586
1790898278,49837296,103079104512,0,0,0,0,0,4,4,7517174,40,1304,0,0,0,153,35,19310868968,76547301322,78490872586
1790898279,49750596,103074172928,0,0,0,0,0,4,4,7517174,40,1304,0,0,0,153,35,19310868968,76547301322,78490872586
1790898280,49765832,103077855232,0,0,0,0,0,4,4,7527161,40,1305,0,0,0,153,35,19310868968,76547301322,78490872586
1790898282,49735540,103066415104,0,0,0,0,0,4,4,7527161,40,1305,0,0,0,153,35,19310868968,76547301322,78490872586
1790898283,49728132,103010316288,0,0,0,0,0,4,4,7535102,40,1305,0,0,0,153,35,19310868968,76547301322,78490872586
1790898284,49720000,103057969152,0,0,0,0,0,4,4,7535102,40,1305,0,0,0,153,35,19310868968,76547301322,78490872586
1790898285,49659360,103054979072,0,0,0,0,0,4,4,7543082,40,1305,0,0,0,153,35,19310868968,76547301322,78490872586
1790898286,49631832,103079022592,0,0,0,0,0,4,4,7552764,40,1306,0,0,0,153,35,19310868968,76547301322,78490872586
1790898287,49643300,103076003840,0,0,0,0,0,4,4,7552764,40,1306,0,0,0,153,35,19310868968,76547301322,78490872586
1790898288,49650312,103071911936,0,0,0,0,0,4,4,7562472,40,1306,0,0,0,153,35,19310868968,76547301322,78490872586
1790898289,49661072,103078629376,0,0,0,0,0,4,4,7562472,40,1306,0,0,0,153,35,19310868968,76547301322,78490872586
1790898290,49666196,103071920128,0,0,0,0,0,4,4,7571774,40,1306,0,0,0,153,35,19310868968,76547301322,78490872586
1790898291,49686184,103065079808,0,0,0,0,0,4,4,7571774,40,1306,0,0,0,153,35,19310868968,76547301322,78490872586
1790898292,49700940,103079206912,0,0,0,0,0,4,4,7580018,40,1306,0,0,0,153,35,19310868968,76547301322,78490872586
1790898293,49722856,103050833920,0,0,0,0,0,4,4,7580018,40,1306,0,0,0,153,35,19310868968,76547301322,78490872586
1790898294,49757332,103074930688,0,0,0,0,0,4,4,7589667,40,1306,0,0,0,153,35,19310868968,76547301322,78490872586
1790898295,49781596,103072911360,0,0,0,0,0,4,4,7589667,40,1306,0,0,0,153,35,19310868968,76547301322,78490872586
1790898296,49812328,103071625216,0,0,0,0,0,4,4,7599386,40,1306,0,0,0,153,35,19310868968,76547301322,78490872586
1790898297,49836776,103074123776,0,0,0,0,0,4,4,7599386,40,1306,0,0,0,153,35,19310868968,76547301322,78490872586
1790898298,49870048,103069446144,0,0,0,0,0,4,4,7607711,40,1306,0,0,0,153,35,19310868968,76547301322,78490872586
1790898299,49898856,103048982528,0,0,0,0,0,4,4,7607711,40,1306,0,0,0,153,35,19310868968,76547301322,78490872586
1790898300,49931444,103075160064,0,0,0,0,0,4,4,7615891,40,1306,0,0,0,153,35,19310868968,76547301322,78490872586
1790898302,49955492,103070154752,0,0,0,0,0,4,4,7615891,40,1306,0,0,0,153,35,19310868968,76547301322,78490872586
1790898303,49985008,103062138880,0,0,0,0,0,4,4,7624662,40,1306,0,0,0,153,35,19310868968,76547301322,78490872586
1790898304,50026844,103072530432,0,0,0,0,0,4,4,7624662,40,1306,0,0,0,153,35,19310868968,76547301322,78490872586
1790898305,50072320,103060574208,0,0,0,0,0,4,4,7634376,40,1306,0,0,0,153,35,19310868968,76547301322,78490872586
1790898306,50123188,103075856384,0,0,0,0,0,4,4,7634376,40,1306,0,0,0,153,35,19310868968,76547301322,78490872586
1790898307,50151784,103074521088,0,0,0,0,0,4,4,7644038,40,1306,0,0,0,153,35,19310868968,76547301322,78490872586
1790898308,50189824,103070187520,0,0,0,0,0,4,4,7652114,40,1306,0,0,0,153,35,19310868968,76547301322,78490872586
1790898309,50230316,103072874496,0,0,0,0,0,4,4,7652114,40,1306,0,0,0,153,35,19310868968,76547301322,78490872586
1790898310,50274708,103077744640,0,0,0,0,0,4,4,7660098,40,1306,0,0,0,153,35,19310868968,76547301322,78490872586
1790898311,50334452,103066996736,0,0,0,0,0,4,4,7660098,40,1306,0,0,0,153,35,19310868968,76547301322,78490872586
1790898312,50376884,103077298176,0,0,0,0,0,4,4,7669979,40,1306,0,0,0,153,35,19310868968,76547301322,78490872586
1790898313,50419584,103071817728,0,0,0,0,0,4,4,7669979,40,1306,0,0,0,153,35,19310868968,76547301322,78490872586
1790898314,50491728,103073693696,0,0,0,0,0,4,4,7679808,40,1306,0,0,0,153,35,19310868968,76547301322,78490872586
1790898315,50571164,103063179264,0,0,0,0,0,4,4,7679808,40,1306,0,0,0,153,35,19310868968,76547301322,78490872586
1790898316,50624764,103078584320,0,0,0,0,0,4,4,7689229,40,1306,0,0,0,153,35,19310868968,76547301322,78490872586
1790898317,50677720,103063760896,0,0,0,0,0,4,4,7689229,40,1306,0,0,0,153,35,19310868968,76547301322,78490872586
1790898318,50720332,103055626240,0,0,0,0,0,4,4,7697324,40,1306,0,0,0,153,35,19310868968,76547301322,78490872586
1790898319,50767020,103049310208,0,0,0,0,0,4,4,7697324,40,1306,0,0,0,153,35,19310868968,76547301322,78490872586
1790898321,50832500,103065489408,0,0,0,0,0,4,4,7706921,40,1306,0,0,0,153,35,19310868968,76547301322,78490872586
1790898322,50892116,103070674944,0,0,0,0,0,4,4,7706921,40,1306,0,0,0,153,35,19310868968,76547301322,78490872586
1790898323,50931472,103053950976,0,0,0,0,0,4,4,7716764,40,1306,0,0,0,153,35,19310868968,76547301322,78490872586
1790898324,50981988,103077355520,0,0,0,0,0,4,4,7716764,40,1306,0,0,0,153,35,19310868968,76547301322,78490872586
1790898325,51015036,103049912320,0,0,0,0,0,4,4,7725420,40,1306,0,0,0,153,35,19310868968,76547301322,78490872586
1790898326,51002548,103078879232,0,0,0,0,0,4,4,7725420,40,1306,0,0,0,153,35,19310868968,76547301322,78490872586
1790898327,51030876,103061323776,0,0,0,0,0,4,4,7734268,40,1307,0,0,0,153,35,19310868968,76547301322,78490872586
1790898328,51067968,103072284672,0,0,0,0,0,4,4,7734268,40,1307,0,0,0,153,35,19310868968,76547301322,78490872586
1790898329,51103676,103079129088,0,0,0,0,0,4,4,7744177,40,1307,0,0,0,153,35,19310868968,76547301322,78490872586
1790898330,51141984,103050674176,0,0,0,0,0,4,4,7754509,40,1307,0,0,0,153,35,19310868968,76547301322,78490872586
1790898331,51172216,103067680768,0,0,0,0,0,4,4,7754509,40,1307,0,0,0,153,35,19310868968,76547301322,78490872586
1790898332,51197036,103069921280,0,0,0,0,0,4,4,7764793,40,1307,0,0,0,153,35,19310868968,76547301322,78490872586
1790898333,51214588,103071895552,0,0,0,0,0,4,4,7764793,40,1307,0,0,0,153,35,19310868968,76547301322,78490872586
1790898334,51229424,103059304448,0,0,0,0,0,4,4,7774161,40,1307,0,0,0,153,35,19310868968,76547301322,78490872586
1790898335,51248276,103073366016,0,0,0,0,0,4,4,7774161,40,1307,0,0,0,153,35,19310868968,76547301322,78490872586
1790898336,51259996,103078674432,0,0,0,0,0,4,4,7784248,40,1307,0,0,0,153,35,19310868968,76547301322,78490872586
1790898337,51280104,103064199168,0,0,0,0,0,4,4,7784248,40,1307,0,0,0,153,35,19310868968,76547301322,78490872586
1790898338,51298680,103039086592,0,0,0,0,0,4,4,7794731,40,1307,0,0,0,153,35,19310868968,76547301322,78490872586
1790898339,51322380,103073619968,0,0,0,0,0,4,4,7794731,40,1307,0,0,0,153,35,19310868968,76547301322,78490872586
1790898341,51352668,103063162880,0,0,0,0,0,4,4,7805203,40,1307,0,0,0,153,35,19310868968,76547301322,78490872586
1790898342,51364692,103070314496,0,0,0,0,0,4,4,7805203,40,1307,0,0,0,153,35,19310868968,76547301322,78490872586
1790898343,51374080,103065026560,0,0,0,0,0,4,4,7813810,40,1307,0,0,0,153,35,19310868968,76547301322,78490872586
1790898344,51394936,103072104448,0,0,0,0,0,4,4,7813810,40,1307,0,0,0,153,35,19310868968,76547301322,78490872586
1790898345,51426428,103073902592,0,0,0,0,0,4,4,7824070,40,1307,0,0,0,153,35,19310868968,76547301322,78490872586
1790898346,51454580,103078629376,0,0,0,0,0,4,4,7824070,40,1307,0,0,0,153,35,19310868968,76547301322,78490872586
1790898347,51456896,103078965248,0,0,0,0,0,4,4,7834335,40,1307,0,0,0,153,35,19310868968,76547301322,78490872586
1790898348,51473376,103073189888,0,0,0,0,0,4,4,7834335,40,1307,0,0,0,153,35,19310868968,76547301322,78490872586
1790898349,51487112,103079038976,0,0,0,0,0,4,4,7842590,40,1307,0,0,0,153,35,19310868968,76547301322,78490872586
1790898350,51497328,103077621760,0,0,0,0,0,4,4,7850459,40,1307,0,0,0,153,35,19310868968,76547301322,78490872586
1790898351,51508652,103071838208,0,0,0,0,0,4,4,7850459,40,1307,0,0,0,153,35,19310868968,76547301322,78490872586
1790898352,51519692,103074676736,0,0,0,0,0,4,4,7860600,40,1307,0,0,0,153,35,19310868968,76547301322,78490872586
1790898353,51536260,103075229696,0,0,0,0,0,4,4,7860600,40,1307,0,0,0,153,35,19310868968,76547301322,78490872586
1790898354,51559816,103074533376,0,0,0,0,0,4,4,7870997,40,1307,0,0,0,153,35,19310868968,76547301322,78490872586
1790898355,51567088,103077814272,0,0,0,0,0,4,4,7870997,40,1307,0,0,0,153,35,19310868968,76547301322,78490872586
1790898356,51577208,103066501120,0,0,0,0,0,4,4,7879249,40,1307,0,0,0,153,35,19310868968,76547301322,78490872586
1790898357,51596020,103079137280,0,0,0,0,0,4,4,7879249,40,1307,0,0,0,153,35,19310868968,76547301322,78490872586
1790898358,51634836,103073202176,0,0,0,0,0,4,4,7887696,40,1307,0,0,0,153,35,19310868968,76547301322,78490872586
1790898359,51691340,103079075840,0,0,0,0,0,4,4,7887696,40,1307,0,0,0,153,35,19310868968,76547301322,78490872586
1790898360,51732888,103079161856,0,0,0,0,0,4,4,7898254,40,1307,0,0,0,153,35,19310868968,76547301322,78490872586
1790898362,51765272,103073673216,0,0,0,0,0,4,4,7898254,40,1307,0,0,0,153,35,19310868968,76547301322,78490872586
1790898363,51789012,103072669696,0,0,0,0,0,4,4,7906705,40,1307,0,0,0,153,35,19310868968,76547301322,78490872586
1790898364,51824248,103070744576,0,0,0,0,0,4,4,7906705,40,1307,0,0,0,153,35,19310868968,76547301322,78490872586
1790898365,51757856,103062298624,0,0,0,0,0,4,4,7914624,40,1308,0,0,0,153,35,19310868968,76547301322,78490872586
1790898366,51784316,103060504576,0,0,0,0,0,4,4,7914624,40,1308,0,0,0,153,35,19310868968,76547301322,78490872586
1790898367,51809320,103072534528,0,0,0,0,0,4,4,7923441,40,1308,0,0,0,153,35,19310868968,76547301322,78490872586
1790898368,51829900,103078977536,0,0,0,0,0,4,4,7923441,40,1308,0,0,0,153,35,19310868968,76547301322,78490872586
1790898369,51846572,103072681984,0,0,0,0,0,4,4,7933865,40,1308,0,0,0,153,35,19310868968,76547301322,78490872586
1790898370,51847112,103068786688,0,0,0,0,0,4,4,7933865,40,1308,0,0,0,153,35,19310868968,76547301322,78490872586
1790898371,51755928,103067791360,0,0,0,0,0,4,4,7943633,40,1308,0,0,0,153,35,19310868968,76547301322,78490872586
1790898372,51756008,103072157696,0,0,0,0,0,4,4,7943633,40,1308,0,0,0,153,35,19310868968,76547301322,78490872586
1790898373,51764192,103057797120,0,0,0,0,0,4,4,7952730,40,1309,0,0,0,153,35,19310868968,76547301322,78490872586
1790898374,51786468,103078244352,0,0,0,0,0,4,4,7961337,40,1309,0,0,0,153,35,19310868968,76547301322,78490872586
1790898375,51811524,103078723584,0,0,0,0,0,4,4,7961337,40,1309,0,0,0,153,35,19310868968,76547301322,78490872586
1790898376,51837684,103057633280,0,0,0,0,0,4,4,7971219,40,1309,0,0,0,153,35,19310868968,76547301322,78490872586
1790898377,51879332,103059435520,0,0,0,0,0,4,4,7971219,40,1309,0,0,0,153,35,19310868968,76547301322,78490872586
1790898378,51873028,103078174720,0,0,0,0,0,4,4,7981401,40,1309,0,0,0,153,35,19310868968,76547301322,78490872586
1790898379,51802636,103037034496,0,0,0,0,0,4,4,7981401,40,1309,0,0,0,153,35,19310868968,76547301322,78490872586
1790898380,51818000,103074418688,0,0,0,0,0,4,4,7991303,40,1310,0,0,0,153,35,19310868968,76547301322,78490872586
1790898382,51854984,103066828800,0,0,0,0,0,4,4,7991303,40,1310,0,0,0,153,35,19310868968,76547301322,78490872586
1790898383,51855716,103070539776,0,0,0,0,0,4,4,8000476,40,1310,0,0,0,153,35,19310868968,76547301322,78490872586
1790898384,51890580,103065862144,0,0,0,0,0,4,4,8000476,40,1310,0,0,0,153,35,19310868968,76547301322,78490872586
1790898385,51842960,103071895552,0,0,0,0,0,4,4,8010419,40,1310,0,0,0,153,35,19310868968,76547301322,78490872586
1790898386,51874428,103070535680,0,0,0,0,0,4,4,8010419,40,1310,0,0,0,153,35,19310868968,76547301322,78490872586
1790898387,51902312,103063896064,0,0,0,0,0,4,4,8020434,40,1310,0,0,0,153,35,19310868968,76547301322,78490872586
1790898388,51921056,103075745792,0,0,0,0,0,4,4,8020434,40,1310,0,0,0,153,35,19310868968,76547301322,78490872586
1790898389,51955924,103057928192,0,0,0,0,0,4,4,8030521,40,1310,0,0,0,153,35,19310868968,76547301322,78490872586
1790898390,52004444,103056171008,0,0,0,0,0,4,4,8030521,40,1310,0,0,0,153,35,19310868968,76547301322,78490872586
1790898391,52039116,103079067648,0,0,0,0,0,4,4,8039775,40,1310,0,0,0,153,35,19310868968,76547301322,78490872586
1790898392,52071752,103062437888,0,0,0,0,0,4,4,8039775,40,1310,0,0,0,153,35,19310868968,76547301322,78490872586
1790898393,52106212,103060541440,0,0,0,0,0,4,4,8048575,40,1310,0,0,0,153,35,19310868968,76547301322,78490872586
1790898394,52144444,103076061184,0,0,0,0,0,4,4,8048575,40,1310,0,0,0,153,35,19310868968,76547301322,78490872586
1790898395,52185092,103075909632,0,0,0,0,0,4,4,8058015,40,1310,0,0,0,153,35,19310868968,76547301322,78490872586
1790898396,52224932,103050469376,0,0,0,0,0,4,4,8068141,40,1310,0,0,0,153,35,19310868968,76547301322,78490872586
1790898397,52263324,103070961664,0,0,0,0,0,4,4,8068141,40,1310,0,0,0,153,35,19310868968,76547301322,78490872586
1790898398,52302556,103066738688,0,0,0,0,0,4,4,8078412,40,1310,0,0,0,153,35,19310868968,76547301322,78490872586
1790898399,52329936,103079014400,0,0,0,0,0,4,4,8078412,40,1310,0,0,0,153,35,19310868968,76547301322,78490872586
1790898400,52364132,103060590592,0,0,0,0,0,4,4,8087969,40,1310,0,0,0,153,35,19310868968,76547301322,78490872586
1790898402,52404564,103053750272,0,0,0,0,0,4,4,8087969,40,1310,0,0,0,153,35,19310868968,76547301322,78490872586
1790898403,52442176,103073513472,0,0,0,0,0,4,4,8098203,40,1310,0,0,0,153,35,19310868968,76547301322,78490872586
1790898404,52477636,103072337920,0,0,0,0,0,4,4,8098203,40,1310,0,0,0,153,35,19310868968,76547301322,78490872586
1790898405,52502156,103051460608,0,0,0,0,0,4,4,8108387,40,1310,0,0,0,153,35,19310868968,76547301322,78490872586
1790898406,52528244,103056003072,0,0,0,0,0,4,4,8108387,40,1310,0,0,0,153,35,19310868968,76547301322,78490872586
1790898407,52562408,103070208000,0,0,0,0,0,4,4,8118145,40,1310,0,0,0,153,35,19310868968,76547301322,78490872586
1790898408,52600260,103038431232,0,0,0,0,0,4,4,8118145,40,1310,0,0,0,153,35,19310868968,76547301322,78490872586
1790898409,52645360,103073951744,0,0,0,0,0,4,4,8127490,40,1310,0,0,0,153,35,19310868968,76547301322,78490872586
1790898410,52695704,103071141888,0,0,0,0,0,4,4,8127490,40,1310,0,0,0,153,35,19310868968,76547301322,78490872586
1790898411,52748776,103057797120,0,0,0,0,0,4,4,8137752,40,1310,0,0,0,153,35,19310868968,76547301322,78490872586
1790898412,52780116,103066828800,0,0,0,0,0,4,4,8137752,40,1310,0,0,0,153,35,19310868968,76547301322,78490872586
1790898413,52816824,103044661248,0,0,0,0,0,4,4,8148005,40,1310,0,0,0,153,35,19310868968,76547301322,78490872586
1790898414,52853452,103072239616,0,0,0,0,0,4,4,8148005,40,1310,0,0,0,153,35,19310868968,76547301322,78490872586
1790898415,52891692,103072575488,0,0,0,0,0,4,4,8157853,40,1310,0,0,0,153,35,19310868968,76547301322,78490872586
1790898416,52926928,103055462400,0,0,0,0,0,4,4,8167223,40,1310,0,0,0,153,35,19310868968,76547301322,78490872586
1790898417,52964432,103069958144,0,0,0,0,0,4,4,8167223,40,1310,0,0,0,153,35,19310868968,76547301322,78490872586
1790898418,53003164,103076564992,0,0,0,0,0,4,4,8176206,40,1310,0,0,0,153,35,19310868968,76547301322,78490872586
1790898419,53026380,103060017152,0,0,0,0,0,4,4,8176206,40,1310,0,0,0,153,35,19310868968,76547301322,78490872586
1790898421,53058648,103065808896,0,0,0,0,0,4,4,8186257,40,1310,0,0,0,153,35,19310868968,76547301322,78490872586
1790898422,53092460,103057956864,0,0,0,0,0,4,4,8186257,40,1310,0,0,0,153,35,19310868968,76547301322,78490872586
1790898423,53127628,103054532608,0,0,0,0,0,4,4,8196621,40,1310,0,0,0,153,35,19310868968,76547301322,78490872586
1790898424,53148456,103064268800,0,0,0,0,0,4,4,8196621,40,1310,0,0,0,153,35,19310868968,76547301322,78490872586
1790898425,53177108,103073513472,0,0,0,0,0,4,4,8206477,40,1310,0,0,0,153,35,19310868968,76547301322,78490872586
1790898426,53203616,103077052416,0,0,0,0,0,4,4,8206477,40,1310,0,0,0,153,35,19310868968,76547301322,78490872586
1790898427,53233792,103066689536,0,0,0,0,0,4,4,8215161,40,1310,0,0,0,153,35,19310868968,76547301322,78490872586
1790898428,53274572,103077195776,0,0,0,0,0,4,4,8215161,40,1310,0,0,0,153,35,19310868968,76547301322,78490872586
1790898429,53302044,103077949440,0,0,0,0,0,4,4,8225214,40,1310,0,0,0,153,35,19310868968,76547301322,78490872586
1790898430,53349844,103076909056,0,0,0,0,0,4,4,8225214,40,1310,0,0,0,153,35,19310868968,76547301322,78490872586
1790898431,53389536,103075897344,0,0,0,0,0,4,4,8235527,40,1310,0,0,0,153,35,19310868968,76547301322,78490872586
1790898432,53430896,103069442048,0,0,0,0,0,4,4,8235527,40,1310,0,0,0,153,35,19310868968,76547301322,78490872586
1790898433,53442704,103078645760,0,0,0,0,0,4,4,8245460,40,1310,0,0,0,153,35,19310868968,76547301322,78490872586
1790898434,53457672,103071817728,0,0,0,0,0,4,4,8245460,40,1310,0,0,0,153,35,19310868968,76547301322,78490872586
1790898435,53483940,103079211008,0,0,0,0,0,4,4,8253897,40,1310,0,0,0,153,35,19310868968,76547301322,78490872586
1790898436,53503416,103077818368,0,0,0,0,0,4,4,8253897,40,1310,0,0,0,153,35,19310868968,76547301322,78490872586
1790898437,53527784,103079178240,0,0,0,0,0,4,4,8264358,40,1310,0,0,0,153,35,19310868968,76547301322,78490872586
1790898438,53538856,103074951168,0,0,0,0,0,4,4,8273506,40,1310,0,0,0,153,35,19310868968,76547301322,78490872586
1790898439,53551300,103073849344,0,0,0,0,0,4,4,8273506,40,1310,0,0,0,153,35,19310868968,76547301322,78490872586
1790898441,53571372,103070982144,0,0,0,0,0,4,4,8281749,40,1310,0,0,0,153,35,19310868968,76547301322,78490872586
1790898442,53590604,103065227264,0,0,0,0,0,4,4,8281749,40,1310,0,0,0,153,35,19310868968,76547301322,78490872586
1790898443,53600624,103072043008,0,0,0,0,0,4,4,8290095,40,1310,0,0,0,153,35,19310868968,76547301322,78490872586
1790898444,53625592,103070822400,0,0,0,0,0,4,4,8290095,40,1310,0,0,0,153,35,19310868968,76547301322,78490872586
1790898445,53653932,103045726208,0,0,0,0,0,4,4,8300850,40,1310,0,0,0,153,35,19310868968,76547301322,78490872586
1790898446,53680768,103077507072,0,0,0,0,0,4,4,8300850,40,1310,0,0,0,153,35,19310868968,76547301322,78490872586
1790898447,53699612,103076507648,0,0,0,0,0,4,4,8310640,40,1310,0,0,0,153,35,19310868968,76547301322,78490872586
1790898448,53718328,103063015424,0,0,0,0,0,4,4,8310640,40,1310,0,0,0,153,35,19310868968,76547301322,78490872586
1790898449,53739352,103077842944,0,0,0,0,0,4,4,8318397,40,1310,0,0,0,153,35,19310868968,76547301322,78490872586
1790898450,53764716,103063908352,0,0,0,0,0,4,4,8318397,40,1310,0,0,0,153,35,19310868968,76547301322,78490872586
1790898451,53635960,103059058688,0,0,0,0,0,4,4,8328067,40,1311,0,0,0,153,35,19310868968,76547301322,78490872586
1790898452,53657952,103063871488,0,0,0,0,0,4,4,8328067,40,1311,0,0,0,153,35,19310868968,76547301322,78490872586
1790898453,53675392,103072141312,0,0,0,0,0,4,4,8338912,40,1311,0,0,0,153,35,19310868968,76547301322,78490872586
1790898454,53695752,103076704256,0,0,0,0,0,4,4,8338912,40,1311,0,0,0,153,35,19310868968,76547301322,78490872586
1790898455,53703340,103040696320,0,0,0,0,0,4,4,8348312,40,1311,0,0,0,153,35,19310868968,76547301322,78490872586
1790898456,53714392,103075381248,0,0,0,0,0,4,4,8348312,40,1311,0,0,0,153,35,19310868968,76547301322,78490872586
1790898457,53719340,103067435008,0,0,0,0,0,4,4,8357648,40,1311,0,0,0,153,35,19310868968,76547301322,78490872586
1790898458,53749684,103063076864,0,0,0,0,0,4,4,8357648,40,1311,0,0,0,153,35,19310868968,76547301322,78490872586
1790898459,53754868,103057219584,0,0,0,0,0,4,4,8368430,40,1311,0,0,0,153,35,19310868968,76547301322,78490872586
1790898461,53632264,103073427456,0,0,0,0,0,4,4,8379632,40,1312,0,0,0,153,35,19310868968,76547301322,78490872586
1790898462,53669844,103074107392,0,0,0,0,0,4,4,8379632,40,1312,0,0,0,153,35,19310868968,76547301322,78490872586
1790898463,53679788,103069032448,0,0,0,0,0,4,4,8391043,40,1312,0,0,0,153,35,19310868968,76547301322,78490872586
1790898464,53701364,103072202752,0,0,0,0,0,4,4,8391043,40,1312,0,0,0,153,35,19310868968,76547301322,78490872586
1790898465,53735712,103070138368,0,0,0,0,0,4,4,8401206,40,1312,0,0,0,153,35,19310868968,76547301322,78490872586
1790898466,53772568,103069995008,0,0,0,0,0,4,4,8401206,40,1312,0,0,0,153,35,19310868968,76547301322,78490872586
1790898467,53801724,103078154240,0,0,0,0,0,4,4,8412895,40,1312,0,0,0,153,35,19310868968,76547301322,78490872586
1790898468,53835380,103064195072,0,0,0,0,0,4,4,8412895,40,1312,0,0,0,153,35,19310868968,76547301322,78490872586
1790898469,53901508,100048912384,0,0,0,0,0,4,4,8424416,41,1308,0,0,0,153,36,19310868968,178976539624,191729146156
1790898470,54054696,93098053632,0,0,0,0,0,4,4,8424416,41,1308,0,0,0,153,36,19310868968,178976539624,191729146156
1790898471,54146876,85468315648,0,0,0,0,0,4,4,8434662,41,1294,0,0,0,153,36,19310868968,178976539624,191729146156
1790898472,54209792,82609041408,0,0,0,0,0,4,4,8434662,41,1294,0,0,0,153,36,19310868968,178976539624,191729146156
1790898473,54259556,83275489280,0,0,0,0,0,4,4,8446194,41,1290,0,0,0,153,36,19310868968,178976539624,191729146156
1790898474,54302820,83945160704,0,0,0,0,0,4,4,8446194,41,1290,0,0,0,153,36,19310868968,178976539624,191729146156
1790898475,54317232,84573450240,0,0,0,0,0,4,4,8458196,41,1290,0,0,0,153,36,19310868968,178976539624,191729146156
1790898476,54348304,85184413696,0,0,0,0,0,4,4,8458196,41,1290,0,0,0,153,36,19310868968,178976539624,191729146156
1790898477,54372696,85757931520,0,0,0,0,0,4,4,8469902,41,1290,0,0,0,153,36,19310868968,178976539624,191729146156
1790898478,54391636,86313172992,0,0,0,0,0,4,4,8469902,41,1290,0,0,0,153,36,19310868968,178976539624,191729146156
1790898479,54399364,86936821760,0,0,0,0,0,4,4,8480617,41,1290,0,0,0,153,36,19310868968,178976539624,191729146156
1790898480,54441352,87603519488,0,0,0,0,0,4,4,8480617,41,1290,0,0,0,153,36,19310868968,178976539624,191729146156
1790898482,54482240,88264368128,0,0,0,0,0,4,4,8492661,41,1290,0,0,0,153,36,19310868968,178976539624,191729146156
1790898483,54531336,88934744064,0,0,0,0,0,4,4,8492661,41,1290,0,0,0,153,36,19310868968,178976539624,191729146156
1790898484,54586504,89692897280,0,0,0,0,0,4,4,8504844,41,1290,0,0,0,153,36,19310868968,178976539624,191729146156
1790898485,54616632,90674700288,0,0,0,0,0,5,5,8516317,41,1290,1,0,1,153,36,19310868968,178976539624,191729146156
1790898486,54656960,91346448384,0,0,0,0,0,5,5,8516317,41,1290,1,0,1,153,36,19310868968,178976539624,191729146156
1790898487,54696412,92055400448,0,0,0,0,0,5,5,8527529,41,1294,1,0,1,153,36,19310868968,178976539624,191729146156
1790898488,54725540,92798189568,0,0,0,0,0,5,5,8527529,41,1294,1,0,1,153,36,19310868968,178976539624,191729146156
1790898489,54758780,93589676032,0,0,0,0,0,5,5,8538782,41,1300,1,0,1,153,36,19310868968,178976539624,191729146156
1790898490,54781416,94384033792,0,0,0,0,0,5,5,8538782,41,1300,1,0,1,153,36,19310868968,178976539624,191729146156
1790898491,54796084,95145226240,0,0,0,0,0,5,5,8549981,41,1309,1,0,1,153,36,19310868968,178976539624,191729146156
1790898492,54828404,95948156928,0,0,0,0,0,5,5,8549981,41,1309,1,0,1,153,36,19310868968,178976539624,191729146156
1790898493,54860108,96753664000,0,0,0,0,0,5,5,8561231,41,1318,1,0,1,153,36,19310868968,178976539624,191729146156
1790898494,54896840,97581166592,0,0,0,0,0,5,5,8561231,41,1318,1,0,1,153,36,19310868968,178976539624,191729146156
1790898495,54926040,98581577728,0,0,0,0,0,5,5,8572307,41,1326,1,0,1,153,36,19310868968,178976539624,191729146156
1790898496,54945604,99624370176,0,0,0,0,0,5,5,8572307,41,1326,1,0,1,153,36,19310868968,178976539624,191729146156
1790898497,54978376,100690030592,0,0,0,0,0,5,5,8583435,41,1326,1,0,1,153,36,19310868968,178976539624,191729146156
1790898498,54998496,101738500096,0,0,0,0,0,5,5,8583435,41,1326,1,0,1,153,36,19310868968,178976539624,191729146156
1790898499,55006092,102765629440,0,0,0,0,0,5,5,8594770,41,1326,1,0,1,153,36,19310868968,178976539624,191729146156
1790898500,55020332,103077269504,0,0,0,0,0,5,5,8594770,41,1326,1,0,1,153,36,19310868968,178976539624,191729146156
1790898502,55019696,103071477760,0,0,0,0,0,5,5,8606074,41,1326,1,0,1,153,36,19310868968,178976539624,191729146156
1790898503,55021360,103076704256,0,0,0,0,0,5,5,8606074,41,1326,1,0,1,153,36,19310868968,178976539624,191729146156
1790898504,54991208,102761730048,0,0,0,0,0,5,5,8617219,41,1326,1,0,1,153,36,19310868968,178976539624,191729146156
1790898505,52309000,100703985664,0,0,0,0,0,5,5,8625064,43,1332,0,1,0,191,37,24139824840,178979916499,191735906537
1790898506,51620924,101768515584,0,0,0,0,0,5,5,8625064,43,1332,0,1,0,191,37,24139824840,178979916499,191735906537
1790898507,51467568,103036411904,0,0,0,0,0,5,5,8629060,43,1349,0,1,0,191,37,24139824840,178979916499,191735906537
1790898508,50949704,103058276352,0,0,0,0,0,5,5,8629060,43,1349,0,1,0,191,37,24139824840,178979916499,191735906537
1790898509,50418124,100612136960,0,0,0,0,0,5,5,8634618,45,1359,0,0,0,191,39,24139824840,181769541015,194525842606
1790898510,49603540,100807458816,0,0,0,0,0,5,5,8634618,45,1359,0,0,0,191,39,24139824840,181769541015,194525842606
1790898511,48876556,101167939584,0,0,0,0,0,5,5,8640678,45,1373,0,0,0,191,39,24139824840,181769541015,194525842606
1790898512,48240272,101627727872,0,0,0,0,0,5,5,8640678,45,1373,0,0,0,191,39,24139824840,181769541015,194525842606
1790898513,47711252,102173208576,0,0,0,0,0,5,5,8646106,45,1386,0,0,0,191,39,24139824840,181769541015,194525842606
1790898514,47123056,102591844352,0,0,0,0,0,5,5,8646106,45,1386,0,0,0,191,39,24139824840,181769541015,194525842606
1790898515,46827940,103075491840,0,0,0,0,0,5,5,8651542,45,1403,0,0,0,191,39,24139824840,181769541015,194525842606
1790898516,46754980,103078449152,0,0,0,0,0,5,5,8651542,45,1403,0,0,0,191,39,24139824840,181769541015,194525842606
1790898517,46695392,103069437952,0,0,0,0,0,5,5,8658350,45,1418,0,0,0,191,39,24139824840,181769541015,194525842606
1790898519,46711976,103073968128,0,0,0,0,0,5,5,8658350,45,1418,0,0,0,191,39,24139824840,181769541015,194525842606
1790898520,46715640,103069368320,0,0,0,0,0,5,5,8665909,45,1424,0,0,0,191,39,24139824840,181769541015,194525842606
1790898521,46741072,102643822592,0,0,0,0,0,5,5,8665909,45,1424,0,0,0,191,39,24139824840,181769541015,194525842606
1790898522,46719936,103058268160,0,0,0,0,0,5,5,8675723,46,1386,0,0,0,191,40,24139824840,182600156430,195468169150
1790898523,46720752,103072288768,0,0,0,0,0,5,5,8675723,46,1386,0,0,0,191,40,24139824840,182600156430,195468169150
1790898524,46716120,100538109952,0,0,0,0,0,5,5,8686785,46,1388,0,0,0,191,40,24139824840,182600156430,195468169150
1790898525,46803880,101332557824,0,0,0,0,0,5,5,8698276,47,1359,0,0,0,191,41,24139824840,185169011439,198153998457
1790898526,46897852,99565281280,0,0,0,0,0,5,5,8698276,47,1359,0,0,0,191,41,24139824840,185169011439,198153998457
1790898527,46973936,100273909760,0,0,0,0,0,5,5,8710612,48,1324,0,0,0,191,42,24139824840,187652148064,200705886455
1790898528,47032932,100954726400,0,0,0,0,0,5,5,8710612,48,1324,0,0,0,191,42,24139824840,187652148064,200705886455
1790898529,47105148,101654188032,0,0,0,0,0,5,5,8723256,48,1324,0,0,0,191,42,24139824840,187652148064,200705886455
1790898530,47174728,102347579392,0,0,0,0,0,5,5,8723256,48,1324,0,0,0,191,42,24139824840,187652148064,200705886455
1790898531,47236408,103027605504,0,0,0,0,0,5,5,8735974,48,1324,0,0,0,191,42,24139824840,187652148064,200705886455
1790898532,47285964,103063060480,0,0,0,0,0,5,5,8735974,48,1324,0,0,0,191,42,24139824840,187652148064,200705886455
1790898533,47327824,103071162368,0,0,0,0,0,5,5,8748519,48,1324,0,0,0,191,42,24139824840,187652148064,200705886455
1790898534,47373648,103079129088,0,0,0,0,0,5,5,8748519,48,1324,0,0,0,191,42,24139824840,187652148064,200705886455
1790898535,47415680,103051980800,0,0,0,0,0,5,5,8761027,48,1324,0,0,0,191,42,24139824840,187652148064,200705886455
1790898536,47464024,103076802560,0,0,0,0,0,5,5,8761027,48,1324,0,0,0,191,42,24139824840,187652148064,200705886455
1790898537,47476796,103069548544,0,0,0,0,0,5,5,8773527,48,1324,0,0,0,191,42,24139824840,187652148064,200705886455
1790898539,47513904,103066771456,0,0,0,0,0,5,5,8773527,48,1324,0,0,0,191,42,24139824840,187652148064,200705886455
1790898540,47560500,103070863360,0,0,0,0,0,5,5,8786084,48,1324,0,0,0,191,42,24139824840,187652148064,200705886455
1790898541,47575852,103071961088,0,0,0,0,0,5,5,8786084,48,1324,0,0,0,191,42,24139824840,187652148064,200705886455
1790898542,47574604,103079170048,0,0,0,0,0,5,5,8797835,48,1324,0,0,0,191,42,24139824840,187652148064,200705886455
1790898543,47571888,103079161856,0,0,0,0,0,5,5,8797835,48,1324,0,0,0,191,42,24139824840,187652148064,200705886455
1790898544,47590732,103060840448,0,0,0,0,0,5,5,8810486,48,1324,0,0,0,191,42,24139824840,187652148064,200705886455
1790898545,47610068,103076823040,0,0,0,0,0,5,5,8810486,48,1324,0,0,0,191,42,24139824840,187652148064,200705886455
1790898546,47642468,103070113792,0,0,0,0,0,5,5,8822980,48,1324,0,0,0,191,42,24139824840,187652148064,200705886455
1790898547,47633384,103070392320,0,0,0,0,0,5,5,8834599,48,1324,0,0,0,191,42,24139824840,187652148064,200705886455
1790898548,47644612,103046131712,0,0,0,0,0,5,5,8834599,48,1324,0,0,0,191,42,24139824840,187652148064,200705886455
1790898549,47680648,103078920192,0,0,0,0,0,5,5,8846888,48,1324,0,0,0,191,42,24139824840,187652148064,200705886455
1790898550,47723872,103070318592,0,0,0,0,0,5,5,8846888,48,1324,0,0,0,191,42,24139824840,187652148064,200705886455
1790898551,47773236,103036190720,0,0,0,0,0,5,5,8859400,48,1324,0,0,0,191,42,24139824840,187652148064,200705886455
1790898552,47800336,103076331520,0,0,0,0,0,5,5,8859400,48,1324,0,0,0,191,42,24139824840,187652148064,200705886455
1790898553,47844188,103064899584,0,0,0,0,0,5,5,8871710,48,1324,0,0,0,191,42,24139824840,187652148064,200705886455
1790898554,47881892,103060074496,0,0,0,0,0,5,5,8871710,48,1324,0,0,0,191,42,24139824840,187652148064,200705886455
1790898555,47922868,103050711040,0,0,0,0,0,5,5,8883976,48,1324,0,0,0,191,42,24139824840,187652148064,200705886455
1790898556,47960900,103055368192,0,0,0,0,0,5,5,8883976,48,1324,0,0,0,191,42,24139824840,187652148064,200705886455
1790898557,47973412,103078715392,0,0,0,0,0,5,5,8896528,48,1324,0,0,0,191,42,24139824840,187652148064,200705886455
1790898558,48004724,103037050880,0,0,0,0,0,5,5,8896528,48,1324,0,0,0,191,42,24139824840,187652148064,200705886455
1790898560,48042956,103071260672,0,0,0,0,0,5,5,8909000,48,1324,0,0,0,191,42,24139824840,187652148064,200705886455
1790898561,48066376,103067095040,0,0,0,0,0,5,5,8909000,48,1324,0,0,0,191,42,24139824840,187652148064,200705886455
1790898562,48076716,103073054720,0,0,0,0,0,5,5,8921456,48,1324,0,0,0,191,42,24139824840,187652148064,200705886455
1790898563,48097740,103064604672,0,0,0,0,0,5,5,8921456,48,1324,0,0,0,191,42,24139824840,187652148064,200705886455
1790898564,48112612,103075164160,0,0,0,0,0,5,5,8933984,48,1324,0,0,0,191,42,24139824840,187652148064,200705886455
1790898565,48132692,103058575360,0,0,0,0,0,5,5,8933984,48,1324,0,0,0,191,42,24139824840,187652148064,200705886455
1790898566,48128808,103062605824,0,0,0,0,0,5,5,8946596,48,1324,0,0,0,191,42,24139824840,187652148064,200705886455
1790898567,48138008,103066951680,0,0,0,0,0,5,5,8946596,48,1324,0,0,0,191,42,24139824840,187652148064,200705886455
1790898568,48154832,103073411072,0,0,0,0,0,5,5,8959150,48,1324,0,0,0,191,42,24139824840,187652148064,200705886455
1790898569,48176048,103069769728,0,0,0,0,0,5,5,8971666,48,1324,0,0,0,191,42,24139824840,187652148064,200705886455
1790898570,48196504,103070003200,0,0,0,0,0,5,5,8971666,48,1324,0,0,0,191,42,24139824840,187652148064,200705886455
1790898571,48226792,103059554304,0,0,0,0,0,5,5,8984102,48,1324,0,0,0,191,42,24139824840,187652148064,200705886455
1790898572,48279232,103059968000,0,0,0,0,0,5,5,8984102,48,1324,0,0,0,191,42,24139824840,187652148064,200705886455
1790898573,48323816,103063998464,0,0,0,0,0,5,5,8996461,48,1324,0,0,0,191,42,24139824840,187652148064,200705886455
1790898574,48370892,103072509952,0,0,0,0,0,5,5,8996461,48,1324,0,0,0,191,42,24139824840,187652148064,200705886455
1790898575,48429000,103068848128,0,0,0,0,0,5,5,9008926,48,1324,0,0,0,191,42,24139824840,187652148064,200705886455
1790898576,48483472,103055478784,0,0,0,0,0,5,5,9008926,48,1324,0,0,0,191,42,24139824840,187652148064,200705886455
1790898577,48533844,103069446144,0,0,0,0,0,5,5,9021318,48,1324,0,0,0,191,42,24139824840,187652148064,200705886455
1790898578,48584848,103077158912,0,0,0,0,0,5,5,9021318,48,1324,0,0,0,191,42,24139824840,187652148064,200705886455
1790898579,48639928,103052009472,0,0,0,0,0,5,5,9033675,48,1324,0,0,0,191,42,24139824840,187652148064,200705886455
1790898581,48708708,103041191936,0,0,0,0,0,5,5,9033675,48,1324,0,0,0,191,42,24139824840,187652148064,200705886455
1790898582,48778352,103052816384,0,0,0,0,0,5,5,9045793,48,1324,0,0,0,191,42,24139824840,187652148064,200705886455
1790898583,48850724,103072776192,0,0,0,0,0,5,5,9045793,48,1324,0,0,0,191,42,24139824840,187652148064,200705886455
1790898584,48919424,103077294080,0,0,0,0,0,5,5,9058201,48,1324,0,0,0,191,42,24139824840,187652148064,200705886455
1790898585,48996508,103071629312,0,0,0,0,0,5,5,9058201,48,1324,0,0,0,191,42,24139824840,187652148064,200705886455
1790898586,49050004,103043276800,0,0,0,0,0,5,5,9070701,48,1324,0,0,0,191,42,24139824840,187652148064,200705886455
1790898587,49099156,103050510336,0,0,0,0,0,5,5,9070701,48,1324,0,0,0,191,42,24139824840,187652148064,200705886455
1790898588,49153580,103077875712,0,0,0,0,0,5,5,9083122,48,1324,0,0,0,191,42,24139824840,187652148064,200705886455
1790898589,49209804,103072411648,0,0,0,0,0,5,5,9083122,48,1324,0,0,0,191,42,24139824840,187652148064,200705886455
1790898590,49264828,103057752064,0,0,0,0,0,5,5,9095614,48,1324,0,0,0,191,42,24139824840,187652148064,200705886455
1790898591,49339860,103079157760,0,0,0,0,0,5,5,9108108,48,1324,0,0,0,191,42,24139824840,187652148064,200705886455
1790898592,49398208,103060275200,0,0,0,0,0,5,5,9108108,48,1324,0,0,0,191,42,24139824840,187652148064,200705886455
1790898593,49460016,103078379520,0,0,0,0,0,5,5,9120652,48,1324,0,0,0,191,42,24139824840,187652148064,200705886455
1790898594,49511108,103074066432,0,0,0,0,0,5,5,9120652,48,1324,0,0,0,191,42,24139824840,187652148064,200705886455
1790898595,49564872,103059304448,0,0,0,0,0,5,5,9133173,48,1324,0,0,0,191,42,24139824840,187652148064,200705886455
1790898596,49614328,103076691968,0,0,0,0,0,5,5,9133173,48,1324,0,0,0,191,42,24139824840,187652148064,200705886455
1790898597,49697036,103058485248,0,0,0,0,0,5,5,9145731,48,1324,0,0,0,191,42,24139824840,187652148064,200705886455
1790898598,49758176,103066013696,0,0,0,0,0,5,5,9145731,48,1324,0,0,0,191,42,24139824840,187652148064,200705886455
1790898599,49836392,103073800192,0,0,0,0,0,5,5,9158147,48,1324,0,0,0,191,42,24139824840,187652148064,200705886455
1790898601,49896032,103068430336,0,0,0,0,0,5,5,9158147,48,1324,0,0,0,191,42,24139824840,187652148064,200705886455
1790898602,49938156,103061344256,0,0,0,0,0,5,5,9170537,48,1324,0,0,0,191,42,24139824840,187652148064,200705886455
1790898603,49992416,103036567552,0,0,0,0,0,5,5,9170537,48,1324,0,0,0,191,42,24139824840,187652148064,200705886455
1790898604,50029432,103077691392,0,0,0,0,0,5,5,9183033,48,1324,0,0,0,191,42,24139824840,187652148064,200705886455
1790898605,50057740,103075606528,0,0,0,0,0,5,5,9183033,48,1324,0,0,0,191,42,24139824840,187652148064,200705886455
1790898606,50088760,103078952960,0,0,0,0,0,5,5,9195495,48,1324,0,0,0,191,42,24139824840,187652148064,200705886455
1790898607,50103264,103062491136,0,0,0,0,0,5,5,9195495,48,1324,0,0,0,191,42,24139824840,187652148064,200705886455
1790898608,50117332,103065210880,0,0,0,0,0,5,5,9208049,48,1324,0,0,0,191,42,24139824840,187652148064,200705886455
1790898609,50148148,103042949120,0,0,0,0,0,5,5,9208049,48,1324,0,0,0,191,42,24139824840,187652148064,200705886455
1790898610,50174124,103073878016,0,0,0,0,0,5,5,9220548,48,1324,0,0,0,191,42,24139824840,187652148064,200705886455
1790898611,50206076,103045926912,0,0,0,0,0,5,5,9220548,48,1324,0,0,0,191,42,24139824840,187652148064,200705886455
1790898612,50247408,103073529856,0,0,0,0,0,5,5,9232750,48,1324,0,0,0,191,42,24139824840,187652148064,200705886455
1790898613,50281924,103028199424,0,0,0,0,0,5,5,9232750,48,1324,0,0,0,191,42,24139824840,187652148064,200705886455
1790898614,50323076,103055237120,0,0,0,0,0,5,5,9245249,48,1324,0,0,0,191,42,24139824840,187652148064,200705886455
1790898615,50367544,103050063872,0,0,0,0,0,5,5,9257669,48,1324,0,0,0,191,42,24139824840,187652148064,200705886455
1790898616,50417460,103078281216,0,0,0,0,0,5,5,9257669,48,1324,0,0,0,191,42,24139824840,187652148064,200705886455
1790898617,50469028,103075229696,0,0,0,0,0,5,5,9270056,48,1324,0,0,0,191,42,24139824840,187652148064,200705886455
1790898618,50526120,103051001856,0,0,0,0,0,5,5,9270056,48,1324,0,0,0,191,42,24139824840,187652148064,200705886455
1790898619,50580976,103055249408,0,0,0,0,0,5,5,9282467,48,1324,0,0,0,191,42,24139824840,187652148064,200705886455
1790898620,50634176,103079202816,0,0,0,0,0,5,5,9282467,48,1324,0,0,0,191,42,24139824840,187652148064,200705886455
1790898621,50685020,103053475840,0,0,0,0,0,5,5,9294841,48,1324,0,0,0,191,42,24139824840,187652148064,200705886455
1790898623,50737796,103057321984,0,0,0,0,0,5,5,9294841,48,1324,0,0,0,191,42,24139824840,187652148064,200705886455
1790898624,50790456,103051575296,0,0,0,0,0,5,5,9307220,48,1324,0,0,0,191,42,24139824840,187652148064,200705886455
1790898625,50828412,103075725312,0,0,0,0,0,5,5,9307220,48,1324,0,0,0,191,42,24139824840,187652148064,200705886455
1790898626,50862680,103077949440,0,0,0,0,0,5,5,9319608,48,1324,0,0,0,191,42,24139824840,187652148064,200705886455
1790898627,50934524,103079059456,0,0,0,0,0,5,5,9319608,48,1324,0,0,0,191,42,24139824840,187652148064,200705886455
1790898628,51000056,103066587136,0,0,0,0,0,5,5,9331989,48,1324,0,0,0,191,42,24139824840,187652148064,200705886455
1790898629,51067884,103066853376,0,0,0,0,0,5,5,9331989,48,1324,0,0,0,191,42,24139824840,187652148064,200705886455
1790898630,51114556,103054942208,0,0,0,0,0,5,5,9344356,48,1324,0,0,0,191,42,24139824840,187652148064,200705886455
1790898631,51187348,103043768320,0,0,0,0,0,5,5,9344356,48,1324,0,0,0,191,42,24139824840,187652148064,200705886455
1790898632,51255880,103048237056,0,0,0,0,0,5,5,9356848,48,1324,0,0,0,191,42,24139824840,187652148064,200705886455
1790898633,51316664,103067934720,0,0,0,0,0,5,5,9356848,48,1324,0,0,0,191,42,24139824840,187652148064,200705886455
1790898634,51367784,103061835776,0,0,0,0,0,5,5,9369308,48,1324,0,0,0,191,42,24139824840,187652148064,200705886455
1790898635,51406020,103075848192,0,0,0,0,0,5,5,9369308,48,1324,0,0,0,191,42,24139824840,187652148064,200705886455
1790898636,51430280,103057375232,0,0,0,0,0,5,5,9381692,48,1324,0,0,0,191,42,24139824840,187652148064,200705886455
1790898637,51454768,103073656832,0,0,0,0,0,5,5,9394152,48,1324,0,0,0,191,42,24139824840,187652148064,200705886455
1790898638,51491916,103053234176,0,0,0,0,0,5,5,9394152,48,1324,0,0,0,191,42,24139824840,187652148064,200705886455
1790898639,51520116,103078518784,0,0,0,0,0,5,5,9406671,48,1324,0,0,0,191,42,24139824840,187652148064,200705886455
1790898640,51535212,103073525760,0,0,0,0,0,5,5,9406671,48,1324,0,0,0,191,42,24139824840,187652148064,200705886455
1790898641,51569608,103078723584,0,0,0,0,0,5,5,9419011,48,1324,0,0,0,191,42,24139824840,187652148064,200705886455
1790898642,51589940,103074766848,0,0,0,0,0,5,5,9419011,48,1324,0,0,0,191,42,24139824840,187652148064,200705886455
1790898644,51604212,103059906560,0,0,0,0,0,5,5,9431387,48,1324,0,0,0,191,42,24139824840,187652148064,200705886455
1790898645,51626964,103073808384,0,0,0,0,0,5,5,9431387,48,1324,0,0,0,191,42,24139824840,187652148064,200705886455
1790898646,51640408,103071293440,0,0,0,0,0,5,5,9443903,48,1324,0,0,0,191,42,24139824840,187652148064,200705886455
1790898647,51650316,103074361344,0,0,0,0,0,5,5,9443903,48,1324,0,0,0,191,42,24139824840,187652148064,200705886455
1790898648,51662676,103076872192,0,0,0,0,0,5,5,9456181,48,1324,0,0,0,191,42,24139824840,187652148064,200705886455
1790898649,51655068,103075610624,0,0,0,0,0,5,5,9456181,48,1324,0,0,0,191,42,24139824840,187652148064,200705886455
1790898650,51677632,103052517376,0,0,0,0,0,5,5,9468615,48,1324,0,0,0,191,42,24139824840,187652148064,200705886455
1790898651,51693516,103073681408,0,0,0,0,0,5,5,9468615,48,1324,0,0,0,191,42,24139824840,187652148064,200705886455
1790898652,51688548,103078047744,0,0,0,0,0,5,5,9481295,48,1324,0,0,0,191,42,24139824840,187652148064,200705886455
1790898653,51698232,103077289984,0,0,0,0,0,5,5,9481295,48,1324,0,0,0,191,42,24139824840,187652148064,200705886455
1790898654,51715528,103076872192,0,0,0,0,0,5,5,9493705,48,1324,0,0,0,191,42,24139824840,187652148064,200705886455
1790898655,51740176,103069986816,0,0,0,0,0,5,5,9493705,48,1324,0,0,0,191,42,24139824840,187652148064,200705886455
1790898656,51751512,103061086208,0,0,0,0,0,5,5,9506271,48,1324,0,0,0,191,42,24139824840,187652148064,200705886455
1790898657,51771320,103078522880,0,0,0,0,0,5,5,9506271,48,1324,0,0,0,191,42,24139824840,187652148064,200705886455
1790898658,51793912,103074369536,0,0,0,0,0,5,5,9518866,48,1324,0,0,0,191,42,24139824840,187652148064,200705886455
1790898659,51818808,103054069760,0,0,0,0,0,5,5,9531366,48,1324,0,0,0,191,42,24139824840,187652148064,200705886455
1790898660,51847636,103071490048,0,0,0,0,0,5,5,9531366,48,1324,0,0,0,191,42,24139824840,187652148064,200705886455
1790898661,51861916,103061667840,0,0,0,0,0,5,5,9543856,48,1324,0,0,0,191,42,24139824840,187652148064,200705886455
1790898662,51887340,103052746752,0,0,0,0,0,5,5,9543856,48,1324,0,0,0,191,42,24139824840,187652148064,200705886455
1790898663,51916020,103073136640,0,0,0,0,0,5,5,9556378,48,1324,0,0,0,191,42,24139824840,187652148064,200705886455
1790898665,51940100,103076876288,0,0,0,0,0,5,5,9556378,48,1324,0,0,0,191,42,24139824840,187652148064,200705886455
1790898666,51970428,103071309824,0,0,0,0,0,5,5,9568912,48,1324,0,0,0,191,42,24139824840,187652148064,200705886455
1790898667,51991920,103072411648,0,0,0,0,0,5,5,9568912,48,1324,0,0,0,191,42,24139824840,187652148064,200705886455
1790898668,52008548,103073767424,0,0,0,0,0,5,5,9581446,48,1324,0,0,0,191,42,24139824840,187652148064,200705886455
1790898669,52031148,103056785408,0,0,0,0,0,5,5,9581446,48,1324,0,0,0,191,42,24139824840,187652148064,200705886455
1790898670,52053180,103065161728,0,0,0,0,0,5,5,9593918,48,1324,0,0,0,191,42,24139824840,187652148064,200705886455
1790898671,52085460,103075495936,0,0,0,0,0,5,5,9593918,48,1324,0,0,0,191,42,24139824840,187652148064,200705886455
1790898672,52117164,103079153664,0,0,0,0,0,5,5,9606420,48,1324,0,0,0,191,42,24139824840,187652148064,200705886455
1790898673,52130896,103058735104,0,0,0,0,0,5,5,9606420,48,1324,0,0,0,191,42,24139824840,187652148064,200705886455
1790898674,52150004,103066570752,0,0,0,0,0,5,5,9618993,48,1324,0,0,0,191,42,24139824840,187652148064,200705886455
1790898675,52172476,103073513472,0,0,0,0,0,5,5,9618993,48,1324,0,0,0,191,42,24139824840,187652148064,200705886455
1790898676,52200548,103060369408,0,0,0,0,0,5,5,9631425,48,1324,0,0,0,191,42,24139824840,187652148064,200705886455
1790898677,52222328,103064248320,0,0,0,0,0,5,5,9631425,48,1324,0,0,0,191,42,24139824840,187652148064,200705886455
1790898678,52252652,103079206912,0,0,0,0,0,5,5,9643923,48,1324,0,0,0,191,42,24139824840,187652148064,200705886455
1790898679,52280256,103069528064,0,0,0,0,0,5,5,9643923,48,1324,0,0,0,191,42,24139824840,187652148064,200705886455
1790898680,52303036,103067439104,0,0,0,0,0,5,5,9656074,48,1324,0,0,0,191,42,24139824840,187652148064,200705886455
1790898681,52336240,103057362944,0,0,0,0,0,5,5,9668553,48,1324,0,0,0,191,42,24139824840,187652148064,200705886455
1790898682,52376808,103069200384,0,0,0,0,0,5,5,9668553,48,1324,0,0,0,191,42,24139824840,187652148064,200705886455
1790898683,52403360,103075606528,0,0,0,0,0,5,5,9681046,48,1324,0,0,0,191,42,24139824840,187652148064,200705886455
1790898684,52426312,103071989760,0,0,0,0,0,5,5,9681046,48,1324,0,0,0,191,42,24139824840,187652148064,200705886455
1790898686,52467684,103073353728,0,0,0,0,0,5,5,9693461,48,1324,0,0,0,191,42,24139824840,187652148064,200705886455
1790898687,52515284,103060402176,0,0,0,0,0,5,5,9693461,48,1324,0,0,0,191,42,24139824840,187652148064,200705886455
1790898688,52564096,103078248448,0,0,0,0,0,5,5,9705975,48,1324,0,0,0,191,42,24139824840,187652148064,200705886455
1790898689,52602836,103011897344,0,0,0,0,0,5,5,9705975,48,1324,0,0,0,191,42,24139824840,187652148064,200705886455
1790898690,52662540,103067590656,0,0,0,0,0,5,5,9718375,48,1324,0,0,0,191,42,24139824840,187652148064,200705886455
1790898691,52708020,103072583680,0,0,0,0,0,5,5,9718375,48,1324,0,0,0,191,42,24139824840,187652148064,200705886455
1790898692,52751892,103078498304,0,0,0,0,0,5,5,9730814,48,1324,0,0,0,191,42,24139824840,187652148064,200705886455
1790898693,52815248,103065575424,0,0,0,0,0,5,5,9730814,48,1324,0,0,0,191,42,24139824840,187652148064,200705886455
1790898694,52865000,103063388160,0,0,0,0,0,5,5,9743285,48,1324,0,0,0,191,42,24139824840,187652148064,200705886455
1790898695,52923444,103054012416,0,0,0,0,0,5,5,9743285,48,1324,0,0,0,191,42,24139824840,187652148064,200705886455
1790898696,52969348,103068786688,0,0,0,0,0,5,5,9755769,48,1324,0,0,0,191,42,24139824840,187652148064,200705886455
1790898697,53006244,103078842368,0,0,0,0,0,5,5,9755769,48,1324,0,0,0,191,42,24139824840,187652148064,200705886455
1790898698,53060008,103071305728,0,0,0,0,0,5,5,9768335,48,1324,0,0,0,191,42,24139824840,187652148064,200705886455
1790898699,53121496,103059804160,0,0,0,0,0,5,5,9768335,48,1324,0,0,0,191,42,24139824840,187652148064,200705886455
1790898700,53160040,103052849152,0,0,0,0,0,5,5,9780780,48,1324,0,0,0,191,42,24139824840,187652148064,200705886455
1790898701,53203768,103045230592,0,0,0,0,0,5,5,9780780,48,1324,0,0,0,191,42,24139824840,187652148064,200705886455
1790898702,53247708,103079075840,0,0,0,0,0,5,5,9793185,48,1324,0,0,0,191,42,24139824840,187652148064,200705886455
1790898703,53294148,103077072896,0,0,0,0,0,5,5,9793185,48,1324,0,0,0,191,42,24139824840,187652148064,200705886455
1790898704,53359208,103073595392,0,0,0,0,0,5,5,9805609,48,1324,0,0,0,191,42,24139824840,187652148064,200705886455
1790898705,53412204,103049097216,0,0,0,0,0,5,5,9817977,48,1324,0,0,0,191,42,24139824840,187652148064,200705886455
1790898707,53471216,103072022528,0,0,0,0,0,5,5,9817977,48,1324,0,0,0,191,42,24139824840,187652148064,200705886455
1790898708,53522932,103075901440,0,0,0,0,0,5,5,9830466,48,1324,0,0,0,191,42,24139824840,187652148064,200705886455
1790898709,53571768,103077167104,0,0,0,0,0,5,5,9830466,48,1324,0,0,0,191,42,24139824840,187652148064,200705886455
1790898710,53603628,103060930560,0,0,0,0,0,5,5,9842611,48,1324,0,0,0,191,42,24139824840,187652148064,200705886455
1790898711,53652396,103073132544,0,0,0,0,0,5,5,9842611,48,1324,0,0,0,191,42,24139824840,187652148064,200705886455
1790898712,53710396,103063379968,0,0,0,0,0,5,5,9855163,48,1324,0,0,0,191,42,24139824840,187652148064,200705886455
1790898713,53753804,103061225472,0,0,0,0,0,5,5,9855163,48,1324,0,0,0,191,42,24139824840,187652148064,200705886455
1790898714,53800264,103044104192,0,0,0,0,0,5,5,9867662,48,1324,0,0,0,191,42,24139824840,187652148064,200705886455
1790898715,53847316,103065989120,0,0,0,0,0,5,5,9867662,48,1324,0,0,0,191,42,24139824840,187652148064,200705886455
1790898716,53891136,103077302272,0,0,0,0,0,5,5,9880116,48,1324,0,0,0,191,42,24139824840,187652148064,200705886455
1790898717,53941548,103060525056,0,0,0,0,0,5,5,9880116,48,1324,0,0,0,191,42,24139824840,187652148064,200705886455
1790898718,53990988,103057260544,0,0,0,0,0,5,5,9892519,48,1324,0,0,0,191,42,24139824840,187652148064,200705886455
1790898719,54050192,103056842752,0,0,0,0,0,5,5,9892519,48,1324,0,0,0,191,42,24139824840,187652148064,200705886455
1790898720,54098352,103076990976,0,0,0,0,0,5,5,9905091,48,1324,0,0,0,191,42,24139824840,187652148064,200705886455
1790898721,54156224,103061278720,0,0,0,0,0,5,5,9905091,48,1324,0,0,0,191,42,24139824840,187652148064,200705886455
1790898722,54204056,103076212736,0,0,0,0,0,5,5,9917593,48,1324,0,0,0,191,42,24139824840,187652148064,200705886455
1790898723,54258340,103076036608,0,0,0,0,0,5,5,9917593,48,1324,0,0,0,191,42,24139824840,187652148064,200705886455
1790898724,54315264,103066243072,0,0,0,0,0,5,5,9930053,48,1324,0,0,0,191,42,24139824840,187652148064,200705886455
1790898725,54371804,103071858688,0,0,0,0,0,5,5,9930053,48,1324,0,0,0,191,42,24139824840,187652148064,200705886455
1790898727,54436548,103056650240,0,0,0,0,0,5,5,9942444,48,1324,0,0,0,191,42,24139824840,187652148064,200705886455
1790898728,54501096,103072772096,0,0,0,0,0,5,5,9954943,48,1324,0,0,0,191,42,24139824840,187652148064,200705886455
1790898729,54522648,103033380864,0,0,0,0,0,5,5,9954943,48,1324,0,0,0,191,42,24139824840,187652148064,200705886455
1790898730,54571724,103053713408,0,0,0,0,0,5,5,9967439,48,1324,0,0,0,191,42,24139824840,187652148064,200705886455
1790898731,54625272,103028563968,0,0,0,0,0,5,5,9967439,48,1324,0,0,0,191,42,24139824840,187652148064,200705886455
1790898732,54676432,103076229120,0,0,0,0,0,5,5,9979881,48,1324,0,0,0,191,42,24139824840,187652148064,200705886455
1790898733,54739992,103071891456,0,0,0,0,0,5,5,9979881,48,1324,0,0,0,191,42,24139824840,187652148064,200705886455
1790898734,54776660,103077036032,0,0,0,0,0,5,5,9992378,48,1324,0,0,0,191,42,24139824840,187652148064,200705886455
1790898735,54817232,103045480448,0,0,0,0,0,5,5,9992378,48,1324,0,0,0,191,42,24139824840,187652148064,200705886455
1790898736,54853244,103078944768,0,0,0,0,0,5,5,10004826,48,1324,0,0,0,191,42,24139824840,187652148064,200705886455
1790898737,54901200,103062827008,0,0,0,0,0,5,5,10004826,48,1324,0,0,0,191,42,24139824840,187652148064,200705886455
1790898738,54955032,103078858752,0,0,0,0,0,5,5,10017244,48,1324,0,0,0,191,42,24139824840,187652148064,200705886455
1790898739,55001980,103061512192,0,0,0,0,0,5,5,10017244,48,1324,0,0,0,191,42,24139824840,187652148064,200705886455
1790898740,55039360,103077511168,0,0,0,0,0,5,5,10029808,48,1324,0,0,0,191,42,24139824840,187652148064,200705886455
1790898741,55054792,103072772096,0,0,0,0,0,5,5,10029808,48,1324,0,0,0,191,42,24139824840,187652148064,200705886455
1790898742,55080756,103073366016,0,0,0,0,0,5,5,10041949,48,1324,0,0,0,191,42,24139824840,187652148064,200705886455
1790898743,55121672,103065206784,0,0,0,0,0,5,5,10041949,48,1324,0,0,0,191,42,24139824840,187652148064,200705886455
1790898744,55156796,103062753280,0,0,0,0,0,5,5,10054436,48,1324,0,0,0,191,42,24139824840,187652148064,200705886455
1790898745,55197556,103075086336,0,0,0,0,0,5,5,10054436,48,1324,0,0,0,191,42,24139824840,187652148064,200705886455
1790898746,55234028,103075819520,0,0,0,0,0,5,5,10066969,48,1324,0,0,0,191,42,24139824840,187652148064,200705886455
1790898748,55271480,103060975616,0,0,0,0,0,5,5,10066969,48,1324,0,0,0,191,42,24139824840,187652148064,200705886455
1790898749,55316496,103062282240,0,0,0,0,0,5,5,10079511,48,1324,0,0,0,191,42,24139824840,187652148064,200705886455
1790898750,55364736,103075213312,0,0,0,0,0,5,5,10092054,48,1324,0,0,0,191,42,24139824840,187652148064,200705886455
1790898751,55413052,103073603584,0,0,0,0,0,5,5,10092054,48,1324,0,0,0,191,42,24139824840,187652148064,200705886455
1790898752,55451040,103071588352,0,0,0,0,0,5,5,10104525,48,1324,0,0,0,191,42,24139824840,187652148064,200705886455
1790898753,55480368,103070633984,0,0,0,0,0,5,5,10104525,48,1324,0,0,0,191,42,24139824840,187652148064,200705886455
1790898754,55506676,103077994496,0,0,0,0,0,5,5,10117047,48,1324,0,0,0,191,42,24139824840,187652148064,200705886455
1790898755,55542920,103073951744,0,0,0,0,0,5,5,10117047,48,1324,0,0,0,191,42,24139824840,187652148064,200705886455
1790898756,55580012,103065890816,0,0,0,0,0,5,5,10129638,48,1324,0,0,0,191,42,24139824840,187652148064,200705886455
1790898757,55635224,103078952960,0,0,0,0,0,5,5,10129638,48,1324,0,0,0,191,42,24139824840,187652148064,200705886455
1790898758,55674484,103052546048,0,0,0,0,0,5,5,10142087,48,1324,0,0,0,191,42,24139824840,187652148064,200705886455
1790898759,55719176,103053176832,0,0,0,0,0,5,5,10142087,48,1324,0,0,0,191,42,24139824840,187652148064,200705886455
1790898760,55735980,103076794368,0,0,0,0,0,5,5,10154527,48,1324,0,0,0,191,42,24139824840,187652148064,200705886455
1790898761,55750060,103064195072,0,0,0,0,0,5,5,10154527,48,1324,0,0,0,191,42,24139824840,187652148064,200705886455
1790898762,55735608,103067504640,0,0,0,0,0,5,5,10166960,48,1324,0,0,0,191,42,24139824840,187652148064,200705886455
1790898763,55741916,103070167040,0,0,0,0,0,5,5,10166960,48,1324,0,0,0,191,42,24139824840,187652148064,200705886455
1790898764,55745356,103073619968,0,0,0,0,0,5,5,10179517,48,1324,0,0,0,191,42,24139824840,187652148064,200705886455
1790898765,55768684,103069212672,0,0,0,0,0,5,5,10179517,48,1324,0,0,0,191,42,24139824840,187652148064,200705886455
1790898766,55783180,103071150080,0,0,0,0,0,5,5,10192137,48,1324,0,0,0,191,42,24139824840,187652148064,200705886455
1790898767,55802164,103040483328,0,0,0,0,0,5,5,10192137,48,1324,0,0,0,191,42,24139824840,187652148064,200705886455
1790898769,55816708,103065403392,0,0,0,0,0,5,5,10204603,48,1324,0,0,0,191,42,24139824840,187652148064,200705886455
1790898770,55835000,103075979264,0,0,0,0,0,5,5,10204603,48,1324,0,0,0,191,42,24139824840,187652148064,200705886455
1790898771,55843628,103076642816,0,0,0,0,0,6,6,10216391,48,1324,1,0,1,191,42,24139824840,187652148064,200705886455
1790898772,55853008,103075794944,0,0,0,0,0,6,6,10216391,48,1324,1,0,1,191,42,24139824840,187652148064,200705886455
1790898773,55855956,103065047040,0,0,0,0,0,6,6,10223480,48,1327,1,0,1,191,42,24139824840,187652148064,200705886455
1790898774,55852444,103078305792,0,0,0,0,0,6,6,10225199,48,1334,1,0,1,191,42,24139824840,187652148064,200705886455
1790898775,55851468,103072358400,0,0,0,0,0,6,6,10225199,48,1334,1,0,1,191,42,24139824840,187652148064,200705886455
1790898776,55848096,103072587776,0,0,0,0,0,6,6,10225260,48,1344,1,0,1,191,42,24139824840,187652148064,200705886455
1790898777,55846388,103071838208,0,0,0,0,0,6,6,10225260,48,1344,1,0,1,191,42,24139824840,187652148064,200705886455
1790898778,55840688,103077715968,0,0,0,0,0,6,6,10225260,48,1354,1,0,1,191,42,24139824840,187652148064,200705886455
1790898779,55839660,103077646336,0,0,0,0,0,6,6,10225260,48,1354,1,0,1,191,42,24139824840,187652148064,200705886455
1790898780,55851168,103072055296,0,0,0,0,0,6,6,10225260,48,1360,1,0,1,191,42,24139824840,187652148064,200705886455
1790898781,55858228,103074705408,0,0,0,0,0,6,6,10225260,48,1360,1,0,1,191,42,24139824840,187652148064,200705886455
1790898782,55865872,103073951744,0,0,0,0,0,6,6,10225260,48,1360,1,0,1,191,42,24139824840,187652148064,200705886455
1790898783,55877796,103074484224,0,0,0,0,0,6,6,10225260,48,1360,1,0,1,191,42,24139824840,187652148064,200705886455
1790898784,55883800,103075213312,0,0,0,0,0,6,6,10225260,48,1360,1,0,1,191,42,24139824840,187652148064,200705886455
1790898785,55885376,103069696000,0,0,0,0,0,6,6,10225260,48,1360,1,0,1,191,42,24139824840,187652148064,200705886455
1790898786,55886096,103070433280,0,0,0,0,0,6,6,10225260,48,1360,1,0,1,191,42,24139824840,187652148064,200705886455
1790898787,52520168,100364279808,0,0,0,0,0,6,6,10225260,48,1360,1,0,1,191,42,24139824840,187652148064,200705886455
1790898788,52539408,101797003264,0,0,0,0,0,6,6,10225260,50,1368,0,3,0,229,43,28969112421,187655524963,200712641907
1790898789,52551924,103064145920,0,0,0,0,0,6,6,10225260,50,1368,0,3,0,229,43,28969112421,187655524963,200712641907
1790898790,52555884,103029022720,0,0,0,0,0,6,6,10225260,50,1386,0,3,0,229,43,28969112421,187655524963,200712641907
1790898791,52554400,103071027200,0,0,0,0,0,6,6,10225260,50,1386,0,3,0,229,43,28969112421,187655524963,200712641907
1790898793,52554752,103078432768,0,0,0,0,0,6,6,10225260,50,1403,0,3,0,229,43,28969112421,187655524963,200712641907
1790898794,52553688,103072251904,0,0,0,0,0,6,6,10225260,50,1403,0,3,0,229,43,28969112421,187655524963,200712641907
1790898795,52554800,103067832320,0,0,0,0,0,6,6,10225260,50,1420,0,3,0,229,43,28969112421,187655524963,200712641907
1790898796,52558048,103076671488,0,0,0,0,0,6,6,10225260,50,1443,0,3,0,229,43,28969112421,187655524963,200712641907
1790898797,52554692,103050407936,0,0,0,0,0,6,6,10225260,50,1443,0,3,0,229,43,28969112421,187655524963,200712641907
1790898798,52557088,103071600640,0,0,0,0,0,6,6,10225260,50,1467,0,3,0,229,43,28969112421,187655524963,200712641907
