ts,rss_kb,cg_mem_bytes,Innodb_buffer_pool_wait_free,Innodb_log_waits,Innodb_os_log_pending_fsyncs,Innodb_data_pending_reads,Innodb_data_pending_writes,Innodb_row_lock_waits,Innodb_row_lock_time,Innodb_buffer_pool_pages_dirty,Innodb_buffer_pool_read_requests,Innodb_buffer_pool_reads,Innodb_data_reads,Innodb_data_writes,Innodb_dblwr_writes
1790916730,1471380,1548152832,0,0,,0,0,0,0,0,278,147,158,0,0
1790916731,1505752,1589194752,0,0,,1,0,0,0,246,6134,1583,1670,0,0
1790916732,1708916,1798496256,0,0,,2,0,0,0,3087,66820,12923,13008,0,0
1790916733,2103884,2205130752,0,0,,3,0,0,0,8221,200366,36089,36171,0,0
1790916734,2694744,2811510784,0,0,,4,0,0,0,12543,404416,70955,71037,4029,29
1790916735,3413612,3549224960,0,0,,7,0,0,0,20251,681528,114087,114170,8058,58
1790916736,4124668,4277952512,0,0,,6,0,0,0,27790,961679,157638,157719,12087,87
1790916738,4828280,5000044544,0,0,,5,0,0,0,34630,1234256,200788,200871,17802,128
1790916739,5533172,5723189248,0,0,,8,0,0,0,37709,1525074,243545,243629,24046,173
1790916740,6232720,6440181760,0,0,,8,0,0,0,45909,1825351,285908,285989,28203,203
1790916741,6935320,7161143296,0,0,,7,0,0,0,53626,2134474,328683,328762,32232,232
1790916742,7641692,7885164544,0,0,,7,0,0,0,60660,2439987,371915,371996,36261,261
1790916743,8340104,8601501696,0,0,,5,0,0,0,67789,2750712,414637,414721,40290,290
1790916744,9024044,9303539712,0,0,,6,0,0,0,75928,3082817,456349,456432,44319,319
1790916745,9705536,10001899520,0,0,,5,0,0,0,84537,3415377,497918,498004,48348,348
1790916746,10378648,10692161536,0,0,,6,0,0,0,92716,3755135,538821,538901,52377,377
1790916747,11059084,11389992960,0,0,,5,0,0,0,100463,4089859,580506,580587,56406,406
1790916748,11741184,12089614336,0,0,,6,0,0,0,108696,4438927,621897,621978,60435,435
1790916749,12417696,12783644672,0,0,,6,0,0,0,116829,4783937,663343,663429,64464,464
1790916750,13077720,13460447232,0,0,,4,0,0,0,125460,5159420,703743,703824,68493,493
1790916751,13758824,14158712832,0,0,,7,0,0,0,133085,5518072,745272,745352,72522,522
1790916752,14419528,14835970048,0,0,,6,0,0,0,142198,5888254,785740,785823,76551,551
1790916753,15081036,15514759168,0,0,,7,0,0,0,150896,6263771,826097,826178,80580,580
1790916754,15747208,16197537792,0,0,,4,0,0,0,159213,6645909,866843,866925,84609,609
1790916755,16397364,16864784384,0,0,,3,0,0,0,171781,7036063,906647,906732,88638,638
1790916756,17052668,17536741376,0,0,,6,0,0,0,177717,7429485,946587,946666,92667,667
1790916757,17699664,18200686592,0,0,,5,0,0,0,186998,7834044,986179,986262,96696,696
1790916758,18357484,18874376192,0,0,,5,0,0,0,194739,8229551,1026546,1026631,100725,725
1790916759,18992532,19525959680,0,0,,5,0,0,0,204473,8649768,1065245,1065324,104754,754
1790916760,19622912,20172886016,0,0,,7,0,0,0,214455,9061488,1103857,1103943,108783,783
1790916761,20246088,20811825152,0,0,,7,0,0,0,225123,9502124,1141645,1141730,112812,812
1790916762,20878464,21460279296,0,0,,5,0,0,0,234790,9936173,1180329,1180415,116841,841
1790916763,21514288,22112722944,0,0,,5,0,0,0,244003,10368294,1219266,1219351,120870,870
1790916764,22129692,22743531520,0,0,,5,0,0,0,254140,10825334,1256943,1257028,124899,899
1790916766,22735476,23365160960,0,0,,7,0,0,0,264728,11295197,1293882,1293969,130340,938
1790916767,23346528,23991037952,0,0,,6,0,0,0,275507,11755833,1330814,1330899,136753,984
1790916768,23955264,24614998016,0,0,,6,0,0,0,282220,12224532,1367827,1367913,141015,1015
1790916769,24568724,25244880896,0,0,,7,0,0,0,292570,12692970,1405189,1405274,145044,1044
1790916770,25177820,25868767232,0,0,,7,0,0,0,302910,13149896,1442509,1442593,149073,1073
1790916771,25784716,26491310080,0,0,,5,0,0,0,313405,13628978,1479381,1479467,153102,1102
1790916772,26378080,27099848704,0,0,,5,0,0,0,324233,14127193,1515549,1515634,157132,1132
1790916773,26970668,27707891712,0,0,,5,0,0,0,335416,14634514,1551549,1551632,161161,1161
1790916774,27546616,28298690560,0,0,,5,0,0,0,346633,15158896,1586766,1586849,165190,1190
1790916775,28147876,28914982912,0,0,,6,0,0,0,356916,15651669,1623439,1623520,169219,1219
1790916776,28736200,29518204928,0,0,,4,0,0,0,367729,16163932,1659208,1659289,173248,1248
1790916777,29297296,30093996032,0,0,,6,0,0,0,379381,16686322,1693596,1693682,177277,1277
1790916778,29870672,30682144768,0,0,,4,0,0,0,391079,17232063,1728390,1728473,181306,1306
1790916779,30456824,31282688000,0,0,,3,0,0,0,401898,17766423,1764066,1764149,185335,1335
1790916780,31015456,31855800320,0,0,,7,0,0,0,413401,18322764,1798255,1798339,189364,1364
1790916781,31586996,32442281984,0,0,,5,0,0,0,424531,18873581,1833151,1833234,193394,1394
1790916782,32147180,33015853056,0,0,,5,0,0,0,436235,19435749,1867292,1867378,197423,1423
1790916783,32691812,33575026688,0,0,,5,0,0,0,448061,20014853,1900498,1900584,201453,1453
1790916784,33245788,34143150080,0,0,,4,0,0,0,459859,20581432,1934286,1934364,205482,1482
1790916785,33783140,34693550080,0,0,,3,0,0,0,471980,21173900,1967281,1967364,209511,1511
1790916786,34293852,35217977344,0,0,,4,0,0,0,471917,21712651,1998376,1998461,224912,1622
1790916787,34785488,35722346496,0,0,,4,0,0,0,472587,22297769,2028420,2028506,240282,1732
1790916788,35287612,36237619200,0,0,,3,0,0,0,472483,22870277,2059122,2059208,255653,1843
1790916789,35804028,36767207424,0,0,,6,0,0,0,471584,23422672,2090679,2090765,271008,1954
1790916790,36289544,37263663104,0,0,,1,0,0,0,472856,23985082,2120593,2120677,286309,2064
1790916791,36787616,37774581760,0,0,,6,0,0,0,473154,24562327,2150988,2151072,301631,2175
1790916792,37269908,38269607936,0,0,,3,0,0,0,474237,25117453,2180539,2180622,316953,2286
1790916794,37768488,38781124608,0,0,,7,0,0,0,474483,25662073,2211122,2211209,334461,2413
1790916795,38234264,39259373568,0,0,,7,0,0,0,476055,26285823,2239430,2239515,351919,2539
1790916796,38710056,39746719744,0,0,,7,0,0,0,477188,26898926,2268408,2268494,369326,2666
1790916797,39178828,40227090432,0,0,,5,0,0,0,478527,27500211,2297231,2297317,387928,2801
1790916798,39654100,40714825728,0,0,,6,0,0,0,480320,28101208,2326123,2326205,405804,2931
1790916799,40128856,41201598464,0,0,,6,0,0,0,481738,28709007,2355238,2355323,423209,3057
1790916800,40609324,41694334976,0,0,,3,0,0,0,467827,29300696,2384281,2384364,440223,3181
1790916801,41065196,42161709056,0,0,,5,0,0,0,470058,29915272,2412097,2412180,455792,3295
1790916802,41523652,42631884800,0,0,,4,0,0,0,471696,30546223,2440228,2440315,471397,3409
1790916803,41995888,43116351488,0,0,,4,0,0,0,472726,31171071,2469067,2469152,487025,3523
1790916804,42459944,43591692288,0,0,,5,0,0,0,474102,31816092,2497500,2497583,502650,3637
1790916805,42919704,44063666176,0,0,,4,0,0,0,476284,32460193,2525601,2525687,518326,3751
1790916806,43375620,44530720768,0,0,,3,0,0,0,478294,33091146,2553545,2553628,534043,3866
1790916807,43835508,45002743808,0,0,,5,0,0,0,480534,33734904,2581525,2581608,549804,3981
1790916808,44272760,45451161600,0,0,,4,0,0,0,482812,34401291,2608437,2608522,565632,4097
1790916809,44720988,45910466560,0,0,,5,0,0,0,485080,35048196,2635937,2636019,581498,4213
1790916810,45161260,46362177536,0,0,,4,0,0,0,487360,35722380,2662797,2662882,597413,4330
1790916811,45597632,46809440256,0,0,,3,0,0,0,489699,36392633,2689706,2689792,613382,4447
1790916812,46029840,47253106688,0,0,,3,0,0,0,492168,37070238,2716048,2716135,629407,4564
1790916813,46459880,47694286848,0,0,,3,0,0,0,494470,37767793,2742286,2742372,645481,4682
1790916814,46885472,48130588672,0,0,,5,0,0,0,497103,38464141,2768448,2768534,661618,4801
1790916815,47306144,48562245632,0,0,,5,0,0,0,495025,39147752,2794127,2794213,681766,4949
1790916816,47723108,48988827648,0,0,,2,0,0,0,493066,39814522,2819629,2819708,701914,5097
1790916817,48139108,49416200192,0,0,,4,0,0,0,491477,40491059,2845154,2845237,722062,5245
1790916818,48554932,49841979392,0,0,,4,0,0,0,489472,41174933,2870767,2870854,742211,5394
1790916819,48968484,50266841088,0,0,,2,0,0,0,487903,41865514,2896168,2896244,762359,5542
1790916821,49386852,50696548352,0,0,,1,0,0,0,485893,42545142,2921815,2921901,784826,5708
1790916822,49790260,51109277696,0,0,,6,0,0,0,484468,43230488,2946601,2946687,806847,5871
1790916823,50185256,51514241024,0,0,,5,0,0,0,482866,43913213,2970712,2970795,829225,6036
1790916824,50589580,51929260032,0,0,,5,0,0,0,481251,44606081,2995675,2995761,851331,6200
1790916825,50983504,52333297664,0,0,,3,0,0,0,479568,45281160,3019857,3019939,872410,6356
1790916826,51378480,52738916352,0,0,,4,0,0,0,477764,45986941,3044116,3044201,896180,6532
1790916827,51773000,53142360064,0,0,,6,0,0,0,477079,46690418,3068495,3068581,919903,6708
1790916828,52163100,53541769216,0,0,,5,0,0,0,475747,47408961,3092626,3092711,942579,6876
1790916829,52551704,53941391360,0,0,,4,0,0,0,455139,48115512,3116394,3116479,963357,7031
1790916830,52983668,54384242688,0,0,,4,0,0,0,471694,48852881,3143000,3143085,967439,7062
1790916831,53368444,54778953728,0,0,,4,0,0,0,470940,49579979,3166821,3166901,987588,7211
1790916832,53757644,55177736192,0,0,,4,0,0,0,470102,50310892,3190577,3190660,1007739,7362
1790916833,54144836,55574654976,0,0,,6,0,0,0,469292,51036848,3214509,3214596,1027889,7512
1790916834,54530496,55969980416,0,0,,2,0,0,0,468364,51784894,3238174,3238256,1048039,7662
1790916835,54917828,56367906816,0,0,,2,0,0,0,467933,52533387,3262136,3262221,1068190,7813
1790916836,55295400,56755015680,0,0,,4,0,0,0,466688,53282004,3285384,3285470,1088341,7964
1790916837,55713116,57182822400,0,0,,7,0,0,0,483987,54088682,3311125,3311212,1092372,7995
1790916838,56087608,57567076352,0,0,,4,0,0,0,483464,54847507,3334170,3334256,1112523,8146
1790916839,56467944,57957437440,0,0,,5,0,0,0,483023,55601778,3357648,3357733,1132673,8296
1790916840,56840400,58339622912,0,0,,2,0,0,0,482576,56371584,3380573,3380659,1152824,8447
1790916841,57213628,58722017280,0,0,,2,0,0,0,482883,57135545,3403608,3403692,1172975,8598
1790916842,57587952,59105959936,0,0,,4,0,0,0,482941,57908216,3426542,3426627,1193126,8749
1790916843,57955116,59482804224,0,0,,5,0,0,0,482588,58654936,3449293,3449380,1213278,8901
1790916844,58318544,59855106048,0,0,,5,0,0,0,482697,59436261,3471912,3471998,1233430,9053
1790916845,58688932,60234551296,0,0,,2,0,0,0,482998,60196861,3494825,3494912,1253581,9204
1790916847,59054868,60610387968,0,0,,4,0,0,0,482914,60955833,3517511,3517598,1274271,9359
1790916848,59456408,61022031872,0,0,,6,0,0,0,500427,61749453,3542190,3542275,1280051,9403
1790916849,59821684,61396725760,0,0,,2,0,0,0,500544,62519539,3564707,3564793,1301926,9567
1790916850,60190208,61774635008,0,0,,6,0,0,0,500294,63291012,3587296,3587380,1323670,9731
1790916851,60552664,62146424832,0,0,,5,0,0,0,500074,64036159,3609774,3609858,1345247,9894
1790916852,60901684,62504476672,0,0,,5,0,0,0,499372,64796710,3631388,3631474,1367572,10063
1790916853,61253028,62865022976,0,0,,5,0,0,0,499946,65567725,3652855,3652940,1390359,10234
1790916854,61606044,63227064320,0,0,,6,0,0,0,500353,66363149,3674661,3674745,1411942,10397
1790916855,61988880,63619342336,0,0,,1,0,0,0,497107,67197953,3698278,3698363,1422857,10480
1790916856,62348752,63988428800,0,0,,4,0,0,0,517956,68010006,3720578,3720664,1439065,10603
1790916857,62700752,64349163520,0,0,,6,0,0,0,517723,68798461,3742436,3742522,1460409,10763
1790916858,63053224,64710737920,0,0,,3,0,0,0,517424,69586333,3764368,3764454,1481354,10921
1790916859,63397596,65063612416,0,0,,3,0,0,0,517878,70396158,3785602,3785684,1502124,11078
1790916860,63739800,65414123520,0,0,,2,0,0,0,518588,71225538,3806783,3806869,1522745,11233
1790916861,64083344,65766871040,0,0,,6,0,0,0,499090,72041264,3827953,3828040,1543665,11391
1790916862,64432848,66125598720,0,0,,2,0,0,0,499288,72846697,3849649,3849734,1563922,11545
1790916863,64776532,66477432832,0,0,,5,0,0,0,499817,73655879,3870920,3871006,1584074,11697
1790916864,65115608,66825486336,0,0,,1,0,0,0,499861,74454964,3891947,3892032,1604227,11850
1790916865,65459744,67178233856,0,0,,3,0,0,0,499451,75257580,3913352,3913437,1624380,12003
1790916866,65803200,67531116544,0,0,,6,0,0,0,500029,76079505,3934499,3934584,1644533,12156
1790916867,66144256,67880415232,0,0,,3,0,0,0,500392,76894661,3955675,3955758,1664686,12309
1790916868,66488632,68233883648,0,0,,4,0,0,0,500724,77696164,3977161,3977246,1684839,12462
1790916869,66856132,68610265088,0,0,,4,0,0,0,518881,78573456,3999806,3999889,1688870,12493
1790916870,67192400,68955238400,0,0,,3,0,0,0,519716,79369316,4020754,4020841,1709023,12646
1790916871,67527700,69298962432,0,0,,2,0,0,0,520329,80171531,4041468,4041553,1729176,12799
1790916872,67865560,69645631488,0,0,,6,0,0,0,520603,80967848,4062532,4062618,1749329,12952
1790916874,68027908,69810548736,13,0,,5,0,0,0,518447,81642749,4080503,4080588,1778198,13170
1790916875,68029544,69813026816,13,0,,2,0,0,0,520628,82513280,4102655,4102738,1789823,13272
1790916876,68030412,69813641216,13,0,,5,0,0,0,543514,83462429,4125940,4126022,1789868,13294
1790916877,68030196,69812891648,13,0,,4,0,0,0,566170,84380694,4149509,4149596,1789915,13317
1790916878,68030704,69813669888,13,0,,5,0,0,0,565611,85189927,4170040,4170123,1810083,13477
1790916879,68030916,69813633024,13,0,,3,0,0,0,588299,86117817,4193602,4193686,1810085,13478
1790916880,68033700,69816684544,13,0,,1,0,0,0,610508,87080099,4216631,4216716,1810087,13479
1790916881,68041168,69824147456,13,0,,5,0,0,0,632278,88023157,4239847,4239932,1810087,13479
1790916882,68042104,69825896448,13,0,,5,0,0,0,630365,88797934,4259072,4259155,1842023,13721
1790916883,68040716,69823950848,13,0,,1,0,0,0,631503,89673630,4282119,4282205,1850393,13785
1790916884,68041592,69824851968,13,0,,3,0,0,0,630673,90477926,4303549,4303631,1870548,13939
1790916885,68040060,69822996480,13,0,,3,0,0,0,652002,91407981,4327469,4327554,1870550,13940
1790916886,68040260,69823483904,13,0,,3,0,0,0,651306,92236103,4348719,4348805,1890703,14093
1790916887,68039268,69822468096,13,0,,4,0,0,0,671078,93077560,4370800,4370886,1906677,14214
1790916888,68039056,69823025152,13,0,,2,0,0,0,672525,93949888,4394112,4394197,1910856,14246
1790916889,68039404,69822349312,13,0,,5,0,0,0,694165,94887724,4417256,4417342,1910858,14247
1790916890,68040044,69823528960,13,0,,3,0,0,0,715524,95832266,4440814,4440900,1910858,14247
1790916891,68040972,69824491520,13,0,,4,0,0,0,736168,96723846,4463156,4463241,1917078,14294
1790916892,68041736,69825306624,13,0,,3,0,0,0,735540,97597280,4485170,4485253,1931015,14402
1790916893,68041396,69824651264,13,0,,4,0,0,0,756729,98520733,4508619,4508706,1931015,14402
1790916894,68041704,69826027520,13,0,,1,0,0,0,777290,99467678,4532022,4532107,1931015,14402
1790916895,68041528,69824757760,13,0,,6,0,0,0,797378,100432820,4555364,4555451,1931015,14402
1790916896,68040760,69824114688,13,0,,3,0,0,0,817913,101364186,4578920,4579004,1931015,14402
1790916897,68042080,69824663552,13,0,,3,0,0,0,838171,102312591,4602223,4602306,1931015,14402
1790916898,68040944,69824258048,13,0,,1,0,0,0,858417,103245647,4625123,4625209,1931015,14402
1790916900,68042016,69825150976,13,0,,6,0,0,0,877188,104167414,4648168,4648252,1934577,14429
1790916901,68041920,69824499712,13,0,,4,0,0,0,875528,105036969,4669561,4669644,1951168,14555
1790916902,68040756,69823848448,13,0,,5,0,0,0,894586,105952804,4692124,4692209,1956438,14595
1790916903,68041068,69824196608,13,0,,5,0,0,0,892440,106792412,4713561,4713643,1971321,14708
1790916904,68042580,69825777664,13,0,,3,0,0,0,912481,107715203,4736891,4736975,1971321,14708
1790916905,68042500,69826678784,13,0,,4,0,0,0,932061,108634662,4760418,4760504,1971321,14708
1790916906,68041776,69824892928,13,0,,6,0,0,0,949970,109508697,4781748,4781829,1987301,14829
1790916907,68042880,69826760704,13,0,,6,0,0,0,949081,110383812,4804734,4804817,1991474,14861
1790916908,68041468,69825110016,13,0,,5,0,0,0,967432,111297681,4826412,4826498,2001281,14936
1790916909,68041840,69825744896,13,0,,3,0,0,0,965071,112120710,4847984,4848070,2018084,15064
1790916910,68038860,69822095360,13,0,,2,0,0,0,963242,112990589,4869650,4869736,2031783,15168
1790916911,68038628,69821378560,13,0,,4,0,0,0,982763,113914345,4893183,4893269,2031783,15168
1790916912,68036516,69820153856,13,0,,3,0,0,0,980295,114750879,4914305,4914391,2051936,15321
1790916913,68036452,69819539456,13,0,,3,0,0,0,999700,115679835,4937971,4938057,2051936,15321
1790916914,68036572,69819432960,13,0,,3,0,0,0,1018300,116565952,4960265,4960350,2060371,15385
1790916915,68036392,69819469824,13,0,,1,0,0,0,1016960,117453553,4982359,4982446,2072091,15475
1790916916,68037648,69820792832,13,0,,3,0,0,0,1035377,118316399,5004203,5004286,2083816,15564
1790916917,68039040,69822181376,13,0,,5,0,0,0,1031973,119126571,5024369,5024453,2109523,15759
1790916918,68038296,69821689856,13,0,,6,0,0,0,1029576,119951713,5045288,5045374,2130505,15918
1790916919,68039788,69822959616,13,0,,4,0,0,0,1006993,120709707,5065112,5065197,2155866,16111
1790916920,68038508,69821652992,13,0,,5,0,0,0,1005197,121544011,5086076,5086161,2172857,16240
1790916921,68038300,69820907520,13,0,,4,0,0,0,1023250,122420536,5107270,5107355,2189500,16366
1790916922,68039828,69822980096,13,0,,3,0,0,0,1023108,123337727,5129929,5130012,2193010,16393
1790916923,68038400,69821579264,13,0,,2,0,0,0,1041599,124193265,5151791,5151876,2206226,16493
1790916924,68038908,69820895232,13,0,,3,0,0,0,1040630,125047374,5173618,5173703,2218434,16586
1790916925,68039116,69822730240,13,0,,4,0,0,0,1039355,125916147,5194799,5194882,2233316,16699
1790916927,68039116,69822160896,13,0,,3,0,0,0,1059511,126858731,5217771,5217858,2233316,16699
1790916928,68040412,69823795200,13,0,,4,0,0,0,1056947,127706176,5238861,5238946,2253469,16852
1790916929,68038956,69822009344,13,0,,2,0,0,0,1075109,128588080,5260736,5260821,2265350,16942
1790916930,68038320,69821460480,13,0,,4,0,0,0,1073757,129470552,5283649,5283733,2273623,17006
1790916931,68038316,69821640704,13,0,,6,0,0,0,1092478,130394814,5305659,5305745,2280712,17060
1790916932,68038572,69821673472,13,0,,6,0,0,0,1091194,131253274,5327546,5327630,2293777,17160
1790916933,68037440,69820526592,13,0,,2,0,0,0,1109335,132113706,5348973,5349059,2308670,17273
1790916934,68038540,69821616128,13,0,,2,0,0,0,1108332,133021728,5371577,5371662,2313931,17314
1790916935,68037760,69821091840,13,0,,4,0,0,0,1127868,133964931,5394683,5394768,2313931,17314
1790916936,68037728,69820502016,13,0,,4,0,0,0,1147599,134883470,5417640,5417725,2313978,17328
1790916937,68037008,69819772928,13,0,,6,0,0,0,1162361,135776186,5440327,5440414,2318626,17380
1790916938,68037504,69819801600,13,0,,4,0,0,0,1170530,136646103,5461837,5461923,2327448,17457
1790916939,68037392,69820473344,13,0,,4,0,0,0,1178601,137487096,5482790,5482876,2337213,17543
1790916940,68037648,69821063168,13,0,,4,0,0,0,1186618,138334572,5503746,5503831,2345833,17620
1790916941,68038616,69822070784,13,0,,3,0,0,0,1195075,139180269,5524723,5524807,2354944,17700
1790916942,68040280,69823811584,13,0,,2,0,0,0,1203194,140023676,5545782,5545865,2363828,17780
1790916943,68040848,69824110592,13,0,,3,0,0,0,1210771,140904432,5567452,5567536,2373808,17867
1790916944,68042248,69825159168,539,0,,5,0,0,0,1217383,141545434,5582965,5583049,2400842,18078
1790916945,68043040,69826215936,841,0,,3,0,0,0,1183439,142207964,5599781,5599868,2427566,18288
1790916946,68041788,69825224704,1956,0,,4,0,0,0,1170458,142849683,5616072,5616157,2455221,18503
1790916947,68043184,69826371584,2328,0,,3,0,0,0,1157435,143534196,5632225,5632309,2481698,18711
1790916948,68041580,69824712704,2328,0,,5,0,0,0,1166970,144410566,5654327,5654414,2491419,18795
1790916949,68042796,69826273280,2696,0,,2,0,0,0,1152720,145021553,5669743,5669830,2518061,19005
1790916950,68042760,69826715648,3529,0,,3,0,0,0,1140675,145664869,5685992,5686077,2545055,19216
1790916951,68043352,69827362816,3730,0,,4,0,0,0,1132817,146385435,5704421,5704505,2568476,19402
1790916952,68042744,69825437696,3730,0,,3,0,0,0,1142497,147221986,5726614,5726695,2580141,19500
1790916954,68043812,69827571712,4016,0,,2,0,0,0,1133603,147935847,5744607,5744689,2602357,19676
1790916955,68043060,69827055616,4016,0,,2,0,0,0,1142991,148811479,5766813,5766896,2611893,19756
1790916956,68044468,69826797568,4232,0,,0,0,0,0,1150665,149498323,5784193,5784280,2635064,19937
1790916957,68044268,69828018176,4333,0,,5,0,0,0,1139252,150325590,5804111,5804194,2648809,20048
1790916958,68042064,69824712704,4333,0,,4,0,0,0,1148823,151203329,5825230,5825316,2664259,20173
1790916959,68042516,69826256896,4572,0,,5,0,0,0,1135000,151852787,5842005,5842089,2685703,20343
1790916960,68042300,69825257472,4634,0,,0,0,0,0,1145400,152682940,5862463,5862550,2699292,20454
1790916961,68042300,69825769472,4917,0,,3,0,0,0,1132679,153302132,5877403,5877490,2733000,20714
1790916962,68041400,69825634304,4917,0,,5,0,0,0,1111480,154136702,5897306,5897392,2758959,20915
1790916963,68042104,69826060288,4917,0,,4,0,0,0,1128154,155083213,5919860,5919946,2762408,20944
1790916964,68042480,69824917504,4932,0,,0,0,0,0,1137119,155892134,5940480,5940567,2776752,21062
1790916965,68042492,69825982464,5134,0,,5,0,0,0,1129134,156614830,5958189,5958276,2799129,21239
1790916966,68043884,69827362816,5134,0,,2,0,0,0,1125347,157414029,5977757,5977840,2831459,21486
1790916967,68044840,69829140480,5134,0,,6,0,0,0,1123990,158307739,5999085,5999172,2845549,21596
1790916968,68045932,69829492736,5134,0,,3,0,0,0,1100842,159127436,6018742,6018825,2874698,21820
1790916969,68045928,69830230016,5134,0,,3,0,0,0,1098594,159985587,6039723,6039810,2894853,21975
1790916970,68046348,69829599232,5134,0,,2,0,0,0,1096287,160833035,6060633,6060719,2915008,22130
1790916971,68044992,69828788224,5134,0,,4,0,0,0,1114698,161703460,6082106,6082193,2930205,22246
1790916972,68046176,69829459968,5134,0,,2,0,0,0,1113889,162616951,6104950,6105035,2935163,22285
1790916973,68045876,69829193728,5134,0,,4,0,0,0,1129270,163519321,6125921,6126008,2951148,22410
1790916974,68046880,69831204864,5134,0,,1,0,0,0,1108421,164319174,6146160,6146245,2976415,22605
1790916975,68046144,69829742592,5134,0,,5,0,0,0,1126016,165220372,6167858,6167943,2988813,22700
1790916976,68045916,69829464064,5134,0,,2,0,0,0,1125766,166131526,6189733,6189819,2997295,22770
1790916977,68046392,69829677056,5134,0,,2,0,0,0,1136860,167035098,6211902,6211985,3004744,22838
1790916978,68046276,69830078464,5134,0,,3,0,0,0,1146159,167947453,6234074,6234161,3013341,22911
1790916979,68045412,69828943872,5134,0,,3,0,0,0,1156445,168859763,6255908,6255994,3021108,22983
1790916981,68046640,69830197248,5134,0,,4,0,0,0,1166797,169767559,6277733,6277816,3029024,23053
1790916982,68048368,69832511488,5472,0,,6,0,0,0,1153033,170356279,6291699,6291784,3054485,23251
1790916983,68045848,69829402624,5472,0,,3,0,0,0,1163374,171246088,6314331,6314418,3062795,23323
1790916984,68047104,69830176768,5472,0,,4,0,0,0,1172195,172127075,6336892,6336975,3072304,23407
1790916985,68045872,69829459968,6039,0,,6,0,0,0,1158573,172740745,6352068,6352155,3097651,23605
1790916986,68044504,69828263936,6039,0,,2,0,0,0,1167499,173623197,6373658,6373745,3106827,23684
1790916987,68044712,69828501504,6701,0,,4,0,0,0,1153102,174188262,6387653,6387739,3132817,23885
1790916988,68045288,69829341184,7484,0,,2,0,0,0,1139686,174775771,6401824,6401911,3158630,24086
1790916989,68045260,69827784704,7484,0,,4,0,0,0,1150051,175642185,6423357,6423443,3169541,24176
1790916990,68045536,69828063232,8449,0,,5,0,0,0,1133151,175959325,6430749,6430835,3206726,24458
1790916991,68046912,69830250496,8449,0,,3,0,0,0,1126134,176841555,6452562,6452641,3214874,24528
1790916992,68048116,69831749632,8449,0,,4,0,0,0,1135998,177739991,6474616,6474700,3223439,24602
1790916993,68047004,69829242880,8743,0,,0,0,0,0,1145567,178463830,6492552,6492639,3244760,24771
1790916994,68047284,69830623232,8845,0,,6,0,0,0,1135397,179267708,6512627,6512714,3258088,24880
1790916995,68047500,69831106560,8845,0,,5,0,0,0,1146047,180142469,6534935,6535020,3265886,24948
1790916996,68045976,69830053888,9119,0,,5,0,0,0,1132494,180736052,6549467,6549553,3292463,25154
1790916997,68047484,69831102464,9434,0,,2,0,0,0,1120519,181362751,6565091,6565172,3317167,25347
1790916998,68046532,69830123520,9565,0,,2,0,0,0,1116649,182160095,6584324,6584409,3344598,25557
1790916999,68047560,69830856704,9565,0,,3,0,0,0,1093162,182913887,6603653,6603739,3378377,25818
1790917000,68047420,69831282688,9565,0,,5,0,0,0,1112896,183880916,6626684,6626767,3378377,25818
1790917001,68046524,69830103040,9565,0,,2,0,0,0,1109928,184701307,6647604,6647691,3399006,25979
1790917002,68047736,69831577600,9565,0,,4,0,0,0,1124287,185599057,6669706,6669791,3405409,26035
1790917003,68048460,69832048640,9565,0,,3,0,0,0,1134595,186517610,6691640,6691726,3412610,26100
1790917004,68048064,69832192000,9565,0,,4,0,0,0,1145791,187425871,6713749,6713835,3420004,26164
1790917005,68048328,69832220672,9565,0,,4,0,0,0,1156106,188329153,6735651,6735736,3427972,26235
1790917006,68048368,69832773632,10033,0,,2,0,0,0,1145925,188873390,6749176,6749262,3452902,26428
1790917007,68047244,69831118848,10033,0,,0,0,0,0,1156494,189776066,6770941,6771026,3460392,26494
1790917009,68046368,69829414912,10612,0,,4,0,0,0,1160591,190370185,6785548,6785633,3484919,26687
1790917010,68045416,69828988928,10943,0,,2,0,0,0,1127785,190968844,6800279,6800366,3511334,26894
1790917011,68045232,69828784128,10943,0,,3,0,0,0,1137581,191881223,6822117,6822203,3518709,26959
1790917012,68044936,69828214784,10943,0,,5,0,0,0,1148527,192748512,6843857,6843943,3529281,27050
1790917013,68045240,69827719168,11430,0,,0,0,0,0,1134149,193223522,6855964,6856051,3560069,27289
1790917014,68045012,69828579328,11513,0,,3,0,0,0,1127219,194043912,6875688,6875774,3574712,27410
1790917015,68045248,69828820992,11513,0,,5,0,0,0,1137473,194957917,6897805,6897892,3582639,27481
1790917016,68046604,69830443008,11513,0,,3,0,0,0,1147942,195823704,6920056,6920141,3590676,27552
1790917017,68046028,69829349376,11513,0,,4,0,0,0,1158599,196689948,6942345,6942429,3598639,27622
1790917018,68046284,69828579328,11833,0,,0,0,0,0,1166670,197354428,6958482,6958569,3619770,27789
1790917019,68046800,69830664192,11943,0,,5,0,0,0,1156265,198179192,6978615,6978699,3631238,27886
1790917020,68045760,69828042752,12073,0,,0,0,0,0,1166012,198955663,6997704,6997791,3645156,28000
1790917021,68046036,69830139904,12648,0,,2,0,0,0,1153150,199625692,7013789,7013876,3664181,28150
1790917022,68047316,69830893568,12648,0,,4,0,0,0,1163626,200530801,7035693,7035778,3671832,28214
1790917023,68047660,69831753728,13689,0,,2,0,0,0,1154452,201126200,7049940,7050024,3696561,28407
1790917024,68048484,69831815168,13689,0,,1,0,0,0,1164792,202011835,7071861,7071943,3704337,28476
1790917025,68048744,69832122368,13689,0,,5,0,0,0,1175556,202914365,7093714,7093797,3711856,28545
1790917026,68047660,69831553024,13689,0,,3,0,0,0,1185472,203809064,7115430,7115515,3720016,28616
1790917027,68048468,69831852032,13689,0,,2,0,0,0,1195721,204703285,7137481,7137561,3727689,28685
1790917028,68048904,69832056832,13689,0,,3,0,0,0,1205645,205577933,7159164,7159248,3735269,28753
1790917029,68047236,69830594560,13689,0,,5,0,0,0,1215136,206480278,7181414,7181499,3743579,28827
1790917030,68048492,69831839744,13689,0,,6,0,0,0,1224538,207373606,7203451,7203535,3752162,28904
1790917031,68049260,69832138752,14303,0,,2,0,0,0,1207323,208065786,7219000,7219085,3778047,29107
1790917032,68049900,69833039872,14303,0,,2,0,0,0,1217397,208960656,7241225,7241311,3785501,29174
1790917034,68050248,69832888320,15187,0,,0,0,0,0,1204001,209497964,7254493,7254580,3825838,29482
1790917035,68048552,69831143424,16281,0,,0,0,0,0,1170275,210005469,7267442,7267529,3857917,29730
1790917036,68048368,69832531968,16848,0,,1,0,0,0,1157081,210605640,7282295,7282381,3880228,29905
1790917037,68047228,69829783552,18184,0,,0,0,0,0,1142361,211068199,7292587,7292674,3918712,30201
1790917038,68047228,69830848512,18301,0,,3,0,0,0,1132229,211874479,7311907,7311993,3931432,30307
1790917039,68046916,69829738496,18301,0,,4,0,0,0,1143152,212750422,7333017,7333103,3944451,30415
1790917040,68047412,69830725632,19308,0,,0,0,0,0,1108593,213167925,7342666,7342752,3982009,30704
1790917041,68048156,69831028736,19308,0,,6,0,0,0,1122200,214078701,7364664,7364747,3988189,30766
1790917042,68046976,69830569984,20312,0,,1,0,0,0,1113323,214754786,7381024,7381111,4011283,30949
1790917043,68046892,69830197248,20312,0,,2,0,0,0,1126567,215659621,7403342,7403427,4018114,31014
1790917044,68048516,69832138752,20312,0,,3,0,0,0,1137279,216565161,7425582,7425666,4026101,31085
1790917045,68048668,69831557120,20312,0,,5,0,0,0,1149093,217496909,7447278,7447364,4033354,31150
1790917046,68049012,69833166848,20586,0,,2,0,0,0,1136080,218082599,7461885,7461971,4059630,31358
1790917047,68049620,69833023488,21153,0,,4,0,0,0,1123019,218688853,7476463,7476548,4084812,31556
1790917048,68048772,69832683520,21153,0,,4,0,0,0,1134972,219565739,7498315,7498402,4093160,31630
1790917049,68050040,69833728000,21153,0,,2,0,0,0,1145505,220496364,7520266,7520348,4100681,31697
1790917050,68049996,69834153984,21153,0,,5,0,0,0,1157478,221377721,7542333,7542413,4108103,31765
1790917051,68049416,69832544256,21169,0,,0,0,0,0,1168029,222207229,7562924,7563011,4121504,31876
1790917052,68049780,69833682944,21460,0,,5,0,0,0,1156134,222881743,7578891,7578977,4140808,32030
1790917053,68049984,69833920512,21460,0,,1,0,0,0,1167437,223791783,7600963,7601044,4148027,32096
1790917054,68050028,69833961472,21460,0,,1,0,0,0,1178060,224703675,7622742,7622828,4155870,32166
1790917055,68051192,69835665408,22237,0,,4,0,0,0,1165255,225298593,7636838,7636922,4180733,32360
1790917056,68050072,69832527872,22295,0,,0,0,0,0,1176374,226155063,7657957,7658044,4193041,32462
1790917057,68048852,69832499200,22574,0,,5,0,0,0,1164310,226802565,7673820,7673907,4212918,32623
1790917058,68050196,69833879552,22891,0,,2,0,0,0,1152054,227416869,7688389,7688471,4238211,32822
1790917059,68049876,69833805824,22891,0,,2,0,0,0,1162848,228279320,7710218,7710304,4246304,32896
1790917061,68048860,69832507392,22891,0,,4,0,0,0,1174218,229177592,7731862,7731947,4253976,32966
1790917062,68047588,69831176192,22891,0,,4,0,0,0,1184603,230049213,7754263,7754348,4261897,33038
1790917063,68048092,69831327744,22891,0,,2,0,0,0,1194749,230947044,7776153,7776240,4269105,33104
1790917064,68047776,69831376896,23866,0,,0,0,0,0,1179289,231296152,7784081,7784168,4310508,33421
1790917065,68047172,69831282688,24375,0,,1,0,0,0,1145630,231871329,7797518,7797604,4337115,33631
1790917066,68048832,69831688192,24375,0,,3,0,0,0,1156881,232784368,7819290,7819374,4344131,33695
1790917067,68049864,69834059776,25451,0,,1,0,0,0,1144425,233354701,7833545,7833628,4370021,33896
1790917068,68048944,69833084928,25997,0,,6,0,0,0,1131496,233981816,7848848,7848933,4394939,34092
1790917069,68049496,69832892416,25997,0,,1,0,0,0,1143262,234868535,7870734,7870820,4403639,34171
1790917070,68049408,69832781824,26363,0,,4,0,0,0,1131287,235461022,7885272,7885359,4426588,34352
1790917071,68049532,69833695232,26363,0,,3,0,0,0,1142056,236346564,7907402,7907488,4434772,34425
1790917072,68050012,69833883648,26363,0,,1,0,0,0,1152110,237271150,7929135,7929220,4443764,34502
1790917073,68050400,69833019392,26602,0,,0,0,0,0,1160900,238001319,7946115,7946202,4462558,34652
1790917074,68051608,69835780096,26770,0,,6,0,0,0,1161696,238834808,7965085,7965172,4475407,34760
1790917075,68052812,69836775424,26770,0,,4,0,0,0,1172836,239739521,7986808,7986890,4483634,34833
1790917076,68051932,69835378688,27619,0,,3,0,0,0,1148842,240313551,8001389,8001475,4509036,35032
1790917077,68051408,69835104256,27619,0,,5,0,0,0,1159518,241186422,8023658,8023742,4516352,35099
1790917078,68050572,69834481664,27993,0,,4,0,0,0,1146795,241794316,8038213,8038297,4541519,35297
1790917079,68048044,69831913472,27993,0,,3,0,0,0,1157655,242685824,8060348,8060434,4549203,35365
1790917080,68048968,69832085504,28298,0,,4,0,0,0,1143961,243265591,8074800,8074884,4574393,35563
1790917081,68050020,69834190848,28298,0,,3,0,0,0,1154768,244176174,8096685,8096768,4582255,35633
1790917082,68048928,69833080832,28298,0,,3,0,0,0,1165650,245072945,8118811,8118898,4590068,35704
1790917083,68050028,69833428992,28832,0,,5,0,0,0,1161309,245654534,8132995,8133078,4615064,35900
1790917084,68047836,69831704576,28832,0,,3,0,0,0,1171463,246539607,8154865,8154951,4622993,35972
1790917085,68048152,69831749632,29185,0,,5,0,0,0,1150416,247090139,8168618,8168705,4648613,36171
1790917086,68047796,69831884800,29185,0,,1,0,0,0,1160228,248024247,8190381,8190467,4656078,36237
1790917087,68047476,69830520832,29185,0,,4,0,0,0,1170745,248928423,8212512,8212598,4663524,36303
1790917089,68047636,69830418432,29444,0,,0,0,0,0,1178422,249587256,8228375,8228462,4685091,36473
1790917090,68047936,69831561216,29854,0,,6,0,0,0,1144214,250105787,8241004,8241091,4714034,36697
1790917091,68049008,69832900608,29854,0,,5,0,0,0,1155402,251021004,8262964,8263049,4721468,36763
1790917092,68049024,69831892992,29854,0,,2,0,0,0,1166519,251903181,8284863,8284946,4730173,36838
1790917093,68048936,69831532544,30753,0,,0,0,0,0,1149996,252194813,8291730,8291817,4769779,37142
1790917094,68048200,69831774208,30790,0,,4,0,0,0,1140491,253072859,8312853,8312938,4779523,37224
1790917095,68048480,69832101888,31590,0,,4,0,0,0,1127197,253687647,8327584,8327668,4805072,37425
1790917096,68048568,69831651328,31805,0,,3,0,0,0,1120897,254431924,8344788,8344873,4826075,37588
1790917097,68049904,69833568256,31934,0,,4,0,0,0,1130578,255240189,8363572,8363655,4844849,37740
1790917098,68048664,69833023488,31934,0,,5,0,0,0,1127298,256141882,8385196,8385283,4854793,37823
1790917099,68049948,69833891840,32215,0,,4,0,0,0,1122314,256964419,8405187,8405269,4875705,37985
1790917100,68050732,69834149888,32215,0,,3,0,0,0,1134210,257853896,8427485,8427567,4883128,38055
1790917101,68050820,69833977856,32215,0,,0,0,0,0,1144856,258753721,8449448,8449534,4890639,38122
1790917102,68052056,69835505664,32444,0,,4,0,0,0,1131680,259349483,8463339,8463422,4915871,38320
1790917103,68051708,69835411456,32444,0,,1,0,0,0,1142172,260232288,8484948,8485031,4923686,38389
1790917104,68049728,69833383936,32444,0,,4,0,0,0,1152496,261119322,8506643,8506729,4931429,38456
1790917105,68049896,69834047488,32444,0,,2,0,0,0,1163414,262029141,8528345,8528427,4939003,38524
1790917106,68050796,69834457088,32444,0,,3,0,0,0,1173774,262927536,8550255,8550339,4946261,38589
1790917107,68047572,69830623232,32852,0,,2,0,0,0,1159098,263417449,8561966,8562052,4970705,38781
1790917108,68048832,69831135232,33362,0,,1,0,0,0,1167982,264173861,8579706,8579793,4994492,38969
1790917109,68049036,69831086080,33593,0,,1,0,0,0,1156208,264884431,8596428,8596515,5015538,39136
1790917110,68048212,69831553024,34444,0,,4,0,0,0,1123689,265420266,8609225,8609311,5047859,39386
1790917111,68048236,69831049216,34444,0,,4,0,0,0,1121419,266264739,8630087,8630172,5066335,39541
1790917112,68046988,69831061504,34961,0,,3,0,0,0,1133868,267073472,8650281,8650366,5085601,39694
1790917113,68047216,69830418432,34961,0,,3,0,0,0,1130896,267970099,8672296,8672381,5092775,39764
1790917115,68047648,69829664768,35316,0,,0,0,0,0,1140339,268702787,8690602,8690689,5109456,39897
1790917116,68048700,69832101888,36366,0,,3,0,0,0,1131768,269486371,8710003,8710088,5123909,40016
1790917117,68049368,69832753152,36366,0,,5,0,0,0,1142602,270387393,8731609,8731692,5131150,40079
1790917118,68049824,69833428992,36366,0,,3,0,0,0,1154176,271318882,8753235,8753321,5138832,40148
1790917119,68049932,69833814016,36366,0,,6,0,0,0,1164329,272211053,8775083,8775169,5146078,40215
1790917120,68049300,69832904704,36874,0,,6,0,0,0,1151316,272735054,8787833,8787920,5171399,40411
1790917121,68049464,69833609216,36874,0,,5,0,0,0,1161217,273616793,8809686,8809772,5179089,40482
1790917122,68050612,69834522624,36874,0,,3,0,0,0,1171716,274559370,8831283,8831366,5186551,40550
1790917123,68050412,69834063872,37768,0,,5,0,0,0,1158836,275146227,8845583,8845668,5211703,40748
1790917124,68051904,69835321344,38208,0,,3,0,0,0,1146174,275701245,8859526,8859608,5236556,40942
1790917125,68049428,69832241152,38208,0,,6,0,0,0,1157163,276603731,8881256,8881340,5244382,41011
1790917126,68048656,69832757248,38208,0,,4,0,0,0,1167177,277505987,8903414,8903501,5252262,41082
1790917127,68050036,69833408512,38208,0,,2,0,0,0,1177866,278405977,8925240,8925325,5259854,41150
1790917128,68049628,69832835072,38208,0,,3,0,0,0,1187948,279295686,8947366,8947449,5267797,41223
1790917129,68048584,69832556544,38208,0,,3,0,0,0,1198697,280190001,8969339,8969425,5275282,41292
1790917130,68050136,69834170368,38208,0,,4,0,0,0,1208868,281131845,8991102,8991185,5282987,41361
1790917131,68048820,69832282112,38208,0,,4,0,0,0,1218606,282050481,9012731,9012815,5290908,41431
1790917132,68047852,69829992448,39028,0,,0,0,0,0,1226561,282726399,9028468,9028555,5310322,41585
1790917133,68048868,69832511488,39410,0,,4,0,0,0,1213405,283342588,9043461,9043546,5341210,41825
1790917134,68047532,69830438912,39848,0,,4,0,0,0,1179437,283925101,9057010,9057096,5367097,42027
1790917135,68047120,69829730304,40052,0,,0,0,0,0,1188207,284668246,9074852,9074939,5383957,42162
1790917136,68047276,69830991872,40208,0,,4,0,0,0,1176850,285399641,9092218,9092304,5402399,42308
1790917138,68047364,69830545408,40754,0,,3,0,0,0,1163438,285985175,9107239,9107324,5424923,42486
1790917139,68047396,69831884800,40754,0,,4,0,0,0,1173921,286912596,9129050,9129137,5432552,42554
1790917140,68047716,69830672384,41209,0,,0,0,0,0,1159951,287424922,9141055,9141142,5463225,42791
1790917141,68048344,69832077312,42129,0,,7,0,0,0,1147778,288075377,9157062,9157148,5482411,42945
1790917142,68049916,69833424896,42129,0,,5,0,0,0,1158847,288991647,9178830,9178915,5490466,43018
1790917143,68049828,69832830976,42490,0,,3,0,0,0,1146218,289539999,9192609,9192696,5514851,43208
1790917144,68049740,69832990720,42815,0,,3,0,0,0,1134171,290153321,9207108,9207193,5540142,43404
1790917145,68049880,69833646080,43749,0,,4,0,0,0,1123207,290749785,9221858,9221944,5564340,43594
1790917146,68048820,69831778304,43749,0,,3,0,0,0,1134329,291666284,9243733,9243818,5571848,43662
1790917147,68049200,69832183808,44183,0,,5,0,0,0,1122060,292235025,9257448,9257530,5595972,43851
1790917148,68048840,69832822784,44183,0,,5,0,0,0,1118696,293103876,9277617,9277703,5616504,44010
1790917149,68050712,69834489856,44183,0,,4,0,0,0,1130272,294029015,9299570,9299656,5624001,44077
1790917150,68050836,69833854976,44610,0,,4,0,0,0,1121224,294713333,9315925,9316008,5647287,44260
1790917151,68050604,69833601024,44610,0,,4,0,0,0,1096206,295455844,9333741,9333828,5687597,44570
1790917152,68051420,69835493376,44610,0,,4,0,0,0,1093780,296270509,9354360,9354443,5707752,44725
1790917153,68050820,69834854400,44610,0,,5,0,0,0,1113699,297240912,9377280,9377365,5707752,44725
1790917154,68049464,69832966144,44610,0,,2,0,0,0,1128466,298147886,9399740,9399827,5712794,44772
1790917155,68049868,69833502720,44610,0,,7,0,0,0,1139992,299057543,9421378,9421460,5720287,44837
1790917156,68050608,69832806400,44905,0,,0,0,0,0,1148579,299759241,9438375,9438462,5740701,44999
1790917157,68049420,69832912896,45580,0,,3,0,0,0,1118634,300307819,9451484,9451570,5774282,45256
1790917158,68049872,69833601024,45580,0,,3,0,0,0,1117390,301187551,9472913,9472997,5787398,45367
1790917159,68049932,69833125888,45580,0,,2,0,0,0,1131627,302110353,9495219,9495304,5792605,45420
1790917160,68048648,69831598080,45580,0,,3,0,0,0,1142483,302998920,9517212,9517299,5800325,45489
1790917161,68049112,69833134080,45935,0,,4,0,0,0,1129558,303567808,9530813,9530900,5825198,45683
1790917162,68049080,69832581120,45935,0,,4,0,0,0,1140775,304490593,9552992,9553077,5832528,45750
1790917164,68049152,69832417280,46223,0,,2,0,0,0,1129436,305105634,9567852,9567939,5856040,45937
1790917165,68048596,69832404992,46223,0,,7,0,0,0,1140632,306022502,9589413,9589499,5863789,46005
1790917166,68049536,69833052160,46482,0,,2,0,0,0,1128444,306610256,9603612,9603697,5887750,46193
1790917167,68051080,69834682368,47302,0,,4,0,0,0,1119511,307370845,9621667,9621752,5911969,46383
1790917168,68050172,69834035200,47302,0,,2,0,0,0,1132914,308215566,9642560,9642646,5930538,46537
1790917169,68051688,69834788864,47302,0,,1,0,0,0,1111069,309045212,9662192,9662276,5955513,46736
1790917170,68051716,69835350016,47302,0,,3,0,0,0,1108497,309907165,9682322,9682409,5975041,46897
1790917171,68050476,69834080256,47302,0,,3,0,0,0,1127587,310830688,9705440,9705526,5975813,46925
1790917172,68050876,69834452992,47552,0,,3,0,0,0,1119718,311547903,9723294,9723379,5998561,47104
1790917173,68050136,69833474048,47552,0,,2,0,0,0,1116442,312406733,9742521,9742605,6018737,47268
1790917174,68051292,69834133504,47552,0,,3,0,0,0,1132034,313342918,9764721,9764807,6022714,47314
1790917175,68051680,69835321344,47552,0,,5,0,0,0,1142837,314230236,9786393,9786475,6030265,47382
1790917176,68051548,69833904128,47835,0,,0,0,0,0,1151327,314868656,9801241,9801328,6049058,47530
1790917177,68052508,69836144640,47968,0,,4,0,0,0,1139973,315640976,9820229,9820313,6062065,47637
1790917178,68054196,69837635584,47968,0,,2,0,0,0,1150669,316540488,9842062,9842148,6069506,47705
1790917179,68053940,69837656064,48303,0,,3,0,0,0,1137698,317112761,9855465,9855551,6094698,47903
1790917180,68053600,69837295616,48303,0,,1,0,0,0,1147860,318020622,9877599,9877684,6102390,47970
1790917181,68052092,69835976704,48625,0,,4,0,0,0,1134476,318576981,9891035,9891119,6127474,48167
1790917182,68051624,69834997760,48625,0,,5,0,0,0,1144488,319481413,9912810,9912897,6135398,48237
1790917183,68051976,69835628544,48625,0,,3,0,0,0,1155642,320373797,9933987,9934070,6143153,48307
1790917184,68051104,69834743808,48625,0,,6,0,0,0,1165184,321263360,9955894,9955981,6151543,48381
1790917185,68050020,69833592832,49036,0,,4,0,0,0,1151347,321814402,9969115,9969201,6175957,48572
1790917186,68050052,69832826880,49155,0,,0,0,0,0,1159364,322510356,9985751,9985838,6196536,48735
1790917187,68050324,69833940992,49701,0,,5,0,0,0,1154158,323340965,10004999,10005085,6208770,48836
1790917188,68050300,69833928704,51021,0,,6,0,0,0,1134355,323799017,10015906,10015992,6248223,49139
1790917189,68050024,69833912320,51021,0,,1,0,0,0,1131569,324726029,10037910,10037994,6254536,49203
1790917191,68051700,69835530240,51021,0,,2,0,0,0,1141977,325634832,10059795,10059877,6262035,49270
1790917192,68052444,69835603968,52143,0,,3,0,0,0,1129625,326229812,10073452,10073537,6286075,49457
1790917193,68052320,69836013568,52143,0,,3,0,0,0,1140684,327118363,10094920,10095004,6293897,49525
1790917194,68052596,69836537856,52951,0,,6,0,0,0,1130775,327743661,10109692,10109777,6320745,49734
1790917195,68053052,69836713984,52951,0,,4,0,0,0,1128557,328590485,10130359,10130445,6337089,49872
1790917196,68052796,69836521472,52951,0,,5,0,0,0,1139326,329524303,10151970,10152053,6344759,49942
1790917197,68054000,69837447168,52951,0,,4,0,0,0,1149684,330447114,10173720,10173804,6352856,50014
1790917198,68053764,69837479936,53966,0,,1,0,0,0,1135540,330973629,10186623,10186708,6377197,50206
1790917199,68055376,69838143488,54075,0,,1,0,0,0,1145624,331798007,10206653,10206740,6392663,50333
1790917200,68055992,69839765504,54309,0,,3,0,0,0,1134394,332493186,10222680,10222765,6409517,50471
1790917201,68053988,69837692928,54309,0,,3,0,0,0,1144967,333405704,10244442,10244529,6417371,50542
1790917202,68055552,69839040512,55357,0,,3,0,0,0,1131821,333942245,10257611,10257694,6442173,50736
1790917203,68053728,69837426688,55783,0,,3,0,0,0,1125635,334741801,10277465,10277546,6463468,50909
1790917204,68053724,69836910592,55783,0,,2,0,0,0,1121312,335583564,10297639,10297724,6484967,51082
1790917205,68053812,69837234176,55783,0,,5,0,0,0,1118696,336402062,10318132,10318214,6505145,51248
1790917206,68053844,69837791232,55783,0,,6,0,0,0,1133834,337352578,10340108,10340194,6509292,51294
1790917207,68052424,69835575296,55783,0,,4,0,0,0,1144286,338283274,10361494,10361581,6516666,51361
1790917208,68054204,69837664256,55783,0,,3,0,0,0,1154448,339212108,10382885,10382968,6524481,51431
1790917209,68053172,69837115392,56274,0,,3,0,0,0,1140835,339731058,10395732,10395817,6549508,51627
1790917210,68052660,69836066816,56274,0,,2,0,0,0,1151813,340624668,10417672,10417759,6556502,51690
1790917211,68052596,69836050432,56274,0,,4,0,0,0,1162490,341534237,10439477,10439564,6563862,51759
1790917212,68052688,69837414400,56274,0,,3,0,0,0,1172805,342457417,10461133,10461219,6571748,51829
1790917213,68053156,69837623296,56990,0,,4,0,0,0,1158747,342977391,10474042,10474128,6596645,52023
1790917214,68052572,69836759040,56990,0,,5,0,0,0,1169625,343891500,10495600,10495687,6604340,52093
1790917215,68053520,69836980224,56990,0,,6,0,0,0,1179615,344809680,10517152,10517237,6611855,52161
1790917216,68053548,69837008896,56990,0,,3,0,0,0,1189383,345717739,10538706,10538792,6619763,52232
1790917218,68054760,69837725696,56990,0,,3,0,0,0,1200675,346623958,10560358,10560441,6627161,52299
1790917219,68054848,69838016512,57498,0,,2,0,0,0,1186163,347185401,10573319,10573405,6651543,52489
1790917220,68054800,69838024704,57498,0,,2,0,0,0,1195846,348071082,10595320,10595407,6659990,52563
1790917221,68053672,69837119488,57498,0,,5,0,0,0,1206245,348974502,10616830,10616916,6667318,52627
1790917222,68054836,69838426112,57498,0,,3,0,0,0,1215675,349853004,10638552,10638635,6675081,52697
1790917223,68053676,69837144064,57498,0,,2,0,0,0,1223736,350753768,10660056,10660143,6684365,52779
1790917224,68053888,69836054528,57498,0,,3,0,0,0,1233197,351625439,10681486,10681569,6695382,52874
1790917225,68055388,69838106624,57927,0,,2,0,0,0,1219699,352208298,10694918,10695001,6716792,53042
1790917226,68054500,69837963264,57927,0,,4,0,0,0,1229700,353115871,10716785,10716872,6724397,53109
1790917227,68053968,69837369344,57927,0,,2,0,0,0,1239465,354023992,10738671,10738756,6731393,53172
1790917228,68055584,69839515648,58458,0,,4,0,0,0,1226049,354574351,10752065,10752148,6756046,53367
1790917229,68054088,69837725696,59980,0,,3,0,0,0,1211903,355187657,10765448,10765528,6781053,53563
1790917230,68053552,69836398592,60350,0,,0,0,0,0,1219369,355884002,10782666,10782753,6805207,53753
1790917231,68053308,69837164544,60419,0,,1,0,0,0,1209327,356767944,10803682,10803765,6815595,53843
1790917232,68049608,69833416704,61033,0,,4,0,0,0,1174762,357222551,10814244,10814329,6859691,54180
1790917233,68051228,69835304960,61033,0,,4,0,0,0,1184972,358140170,10836046,10836130,6867484,54250
1790917234,68049436,69833244672,61033,0,,5,0,0,0,1195478,359036351,10858140,10858227,6874612,54315
1790917235,68049712,69833539584,61033,0,,4,0,0,0,1206192,359946925,10880266,10880351,6882097,54380
1790917236,68049508,69833052160,61033,0,,2,0,0,0,1216698,360829155,10902070,10902156,6889818,54449
1790917237,68049572,69831835648,61123,0,,0,0,0,0,1225606,361608785,10921172,10921259,6903642,54563
1790917238,68049800,69834162176,61566,0,,1,0,0,0,1211918,362242757,10935444,10935530,6921555,54706
1790917239,68049024,69832577024,61566,0,,4,0,0,0,1222481,363138384,10956877,10956963,6929184,54773
1790917240,68049176,69832728576,61566,0,,5,0,0,0,1231601,364020273,10979140,10979224,6937512,54847
1790917241,68050652,69833973760,61566,0,,2,0,0,0,1240381,364901107,11000459,11000541,6946070,54921
1790917242,68052096,69834665984,61751,0,,0,0,0,0,1247783,365569801,11016401,11016488,6965261,55072
1790917244,68053560,69836967936,61859,0,,4,0,0,0,1236953,366376596,11035191,11035275,6977842,55178
1790917245,68053700,69837590528,63141,0,,6,0,0,0,1222367,366975751,11048897,11048982,7003616,55378
1790917246,68053440,69837357056,63141,0,,1,0,0,0,1231842,367872483,11070838,11070924,7011574,55449
1790917247,68054792,69837959168,63141,0,,6,0,0,0,1242156,368763026,11092679,11092763,7019530,55520
1790917248,68054972,69838917632,63141,0,,2,0,0,0,1252772,369645137,11114169,11114254,7027086,55588
1790917249,68055952,69838589952,63502,0,,0,0,0,0,1260242,370295815,11129544,11129631,7049864,55768
1790917250,68056120,69838536704,63834,0,,0,0,0,0,1249526,371111446,11148626,11148713,7066071,55899
1790917251,68056112,69839822848,64766,0,,4,0,0,0,1236698,371777195,11164547,11164634,7084743,56049
1790917252,68054984,69837373440,64955,0,,0,0,0,0,1245163,372546407,11182139,11182226,7102315,56188
1790917253,68054972,69838401536,65440,0,,3,0,0,0,1233383,373282412,11200140,11200227,7117562,56315
1790917254,68053540,69835898880,65631,0,,0,0,0,0,1241914,374051211,11218509,11218596,7134126,56449
1790917255,68054872,69838565376,65803,0,,2,0,0,0,1230052,374788263,11235643,11235728,7150123,56580
1790917256,68052632,69836902400,65803,0,,5,0,0,0,1240116,375693337,11256997,11257083,7157966,56650
1790917257,68052564,69834907648,66749,0,,0,0,0,0,1224684,376074297,11265701,11265788,7194414,56929
1790917258,68051924,69835276288,66940,0,,1,0,0,0,1213756,376893898,11284315,11284397,7207887,57042
1790917259,68051360,69834448896,66940,0,,3,0,0,0,1225077,377805363,11306027,11306113,7215443,57110
1790917260,68051400,69835001856,66940,0,,5,0,0,0,1235299,378724196,11327716,11327802,7222593,57174
1790917261,68050484,69834244096,66940,0,,3,0,0,0,1245421,379644194,11349043,11349129,7230830,57246
1790917262,68050356,69833924608,66940,0,,4,0,0,0,1255911,380522321,11371027,11371114,7238334,57312
1790917263,68050472,69834579968,67525,0,,2,0,0,0,1241995,381091162,11384194,11384280,7263127,57506
1790917264,68050864,69833940992,67525,0,,2,0,0,0,1252390,382020242,11405754,11405840,7270602,57574
1790917265,68051752,69835382784,67525,0,,4,0,0,0,1263038,382914078,11426709,11426793,7280642,57660
1790917266,68052920,69836853248,67831,0,,2,0,0,0,1247946,383495072,11441214,11441296,7304260,57846
1790917267,68053064,69835411456,67854,0,,0,0,0,0,1258692,384385183,11461737,11461824,7316116,57946
1790917268,68051684,69835038720,68606,0,,3,0,0,0,1245209,385008917,11476617,11476703,7336478,58108
1790917270,68051920,69835538432,69161,0,,5,0,0,0,1231693,385608615,11491198,11491283,7362171,58308
1790917271,68051888,69835513856,69161,0,,3,0,0,0,1242120,386539082,11513080,11513167,7369366,58374
1790917272,68053492,69837418496,69484,0,,4,0,0,0,1228511,387141038,11526921,11527004,7394616,58571
1790917273,68052368,69834952704,69893,0,,0,0,0,0,1214595,387632232,11538054,11538141,7427054,58820
1790917274,68053532,69837328384,70138,0,,2,0,0,0,1202360,388314132,11555281,11555367,7444675,58962
1790917275,68055012,69837881344,70449,0,,0,0,0,0,1211457,389040743,11573187,11573274,7460910,59092
1790917276,68053448,69837615104,71471,0,,2,0,0,0,1205773,389802489,11590561,11590645,7476825,59222
1790917277,68055068,69838774272,71934,0,,6,0,0,0,1187338,390375558,11604834,11604919,7506192,59450
1790917278,68055088,69838217216,72713,0,,6,0,0,0,1171693,390782838,11614835,11614922,7545375,59750
1790917279,68053768,69836136448,74242,0,,0,0,0,0,1136996,391217250,11624883,11624970,7581935,60031
1790917280,68053808,69837737984,74529,0,,5,0,0,0,1125643,391980453,11643501,11643585,7597403,60159
1790917281,68053184,69836304384,74686,0,,1,0,0,0,1137253,392803484,11662880,11662967,7615809,60305
1790917282,68053160,69837094912,75960,0,,3,0,0,0,1104301,393365409,11676931,11677018,7649311,60564
1790917283,68054260,69837406208,76501,0,,4,0,0,0,1097624,394102584,11694989,11695072,7671648,60737
1790917284,68052212,69835599872,76501,0,,3,0,0,0,1092815,394822145,11712905,11712992,7709404,61027
1790917285,68052688,69836574720,76501,0,,4,0,0,0,1070266,395637115,11732162,11732248,7732113,61202
1790917286,68051960,69836091392,76501,0,,5,0,0,0,1088479,396499081,11752558,11752645,7751945,61354
1790917287,68051836,69835468800,76501,0,,5,0,0,0,1089274,397457348,11775146,11775233,7752582,61361
1790917288,68051916,69835755520,76501,0,,1,0,0,0,1087222,398315798,11795577,11795663,7772425,61513
1790917289,68051916,69835804672,76501,0,,1,0,0,0,1107041,399297082,11818304,11818389,7772425,61513
1790917290,68052056,69835952128,76501,0,,4,0,0,0,1104884,400132011,11838531,11838615,7792580,61668
1790917291,68053092,69836488704,76501,0,,5,0,0,0,1118670,401043646,11860607,11860694,7798431,61723
1790917292,68051560,69835358208,76501,0,,2,0,0,0,1129292,401939806,11882391,11882472,7806406,61790
1790917293,68049984,69832957952,76501,0,,8,0,0,0,1139606,402821869,11904308,11904395,7814397,61860
1790917295,68050176,69834170368,77158,0,,5,0,0,0,1125347,403284134,11915239,11915326,7838146,62044
1790917296,68050212,69833195520,77560,0,,2,0,0,0,1115473,403908195,11930177,11930263,7861442,62226
1790917297,68051336,69835124736,77560,0,,2,0,0,0,1126384,404828427,11952091,11952172,7869159,62296
1790917298,68051440,69834612736,77830,0,,3,0,0,0,1114359,405372849,11964563,11964649,7892281,62477
1790917299,68052604,69836681216,77830,0,,1,0,0,0,1125686,406278139,11986415,11986499,7899966,62544
1790917300,68053600,69836943360,77830,0,,4,0,0,0,1136873,407188804,12008372,12008457,7907601,62612
1790917301,68052328,69835894784,78054,0,,4,0,0,0,1123337,407739006,12021233,12021318,7932198,62804
1790917302,68053432,69836795904,79215,0,,4,0,0,0,1112795,408381747,12037245,12037331,7957285,63001
1790917303,68053756,69836873728,79215,0,,3,0,0,0,1110261,409260800,12057714,12057799,7976010,63145
1790917304,68053108,69836718080,79215,0,,3,0,0,0,1107771,410129354,12077695,12077782,7996172,63302
1790917305,68051780,69834608640,79215,0,,2,0,0,0,1105778,410977646,12098234,12098317,8016337,63461
1790917306,68053260,69836857344,79215,0,,4,0,0,0,1123705,411943761,12120627,12120712,8017769,63478
1790917307,68052448,69835784192,79215,0,,1,0,0,0,1134067,412835473,12142514,12142599,8025863,63549
1790917308,68052692,69836296192,79215,0,,3,0,0,0,1144825,413747382,12164227,12164308,8033022,63614
1790917309,68052428,69834985472,79959,0,,0,0,0,0,1153005,414375729,12179462,12179549,8050061,63749
1790917310,68050704,69833195520,80529,0,,0,0,0,0,1138128,414791260,12189644,12189731,8073704,63931
1790917311,68050736,69834272768,80931,0,,5,0,0,0,1129182,415556642,12207223,12207309,8085213,64027
1790917312,68050644,69833932800,80931,0,,3,0,0,0,1140085,416454051,12229020,12229106,8093027,64096
1790917313,68050788,69834031104,81200,0,,2,0,0,0,1127252,417015253,12242066,12242153,8117316,64285
1790917314,68050340,69833113600,81200,0,,4,0,0,0,1137950,417898480,12263585,12263671,8127582,64371
1790917315,68050320,69833842688,81617,0,,1,0,0,0,1109769,418511262,12278081,12278166,8164333,64655
1790917316,68051700,69835280384,81617,0,,5,0,0,0,1127405,419491623,12300188,12300272,8165573,64671
1790917317,68051700,69834301440,81617,0,,1,0,0,0,1139223,420402922,12321789,12321875,8172682,64734
1790917318,68051828,69835952128,82305,0,,0,0,0,0,1146383,420969227,12335277,12335364,8194646,64906
1790917319,68050992,69834579968,82731,0,,4,0,0,0,1137976,421885977,12356403,12356489,8203514,64982
1790917320,68051312,69835661312,83002,0,,4,0,0,0,1130753,422588559,12373356,12373443,8225003,65149
1790917321,68052592,69836963840,83002,0,,1,0,0,0,1142126,423483972,12395387,12395470,8232405,65215
1790917323,68049888,69833969664,83002,0,,4,0,0,0,1152256,424405413,12416949,12417035,8240093,65283
1790917324,68051160,69835001856,83002,0,,4,0,0,0,1162972,425313244,12438681,12438764,8247671,65351
1790917325,68051184,69834518528,83115,0,,1,0,0,0,1171598,426105857,12457686,12457773,8264946,65490
1790917326,68051508,69835599872,83870,0,,1,0,0,0,1159084,426844656,12474764,12474851,8280918,65620
1790917327,68051600,69835173888,83870,0,,3,0,0,0,1169004,427746536,12496554,12496637,8288723,65688
1790917328,68052788,69836640256,83870,0,,3,0,0,0,1178749,428694732,12517942,12518027,8295992,65754
1790917329,68051188,69834756096,83870,0,,5,0,0,0,1189113,429603257,12539810,12539896,8303560,65821
1790917330,68052332,69835673600,83870,0,,5,0,0,0,1199250,430525331,12561262,12561348,8311311,65888
1790917331,68052440,69835747328,84544,0,,5,0,0,0,1184932,431081207,12574575,12574657,8335798,66081
1790917332,68050072,69833875456,84544,0,,2,0,0,0,1194879,431980841,12596163,12596249,8343596,66151
1790917333,68051416,69834764288,84544,0,,4,0,0,0,1204796,432915894,12617858,12617941,8350958,66219
1790917334,68051104,69834993664,84866,0,,2,0,0,0,1191330,433436162,12630635,12630721,8378728,66435
1790917335,68050008,69832577024,85625,0,,0,0,0,0,1174725,433804454,12639511,12639598,8414221,66707
1790917336,68050284,69832785920,86150,0,,0,0,0,0,1161352,434405561,12653329,12653416,8437268,66888
1790917337,68050808,69834121216,86635,0,,4,0,0,0,1150290,435201082,12672784,12672871,8450324,66996
1790917338,68050544,69833367552,87302,0,,5,0,0,0,1136333,435730324,12685375,12685460,8479095,67218
1790917339,68050736,69834076160,88019,0,,5,0,0,0,1131185,436544180,12704391,12704478,8496602,67357
1790917340,68050868,69834448896,88019,0,,3,0,0,0,1127423,437424945,12724593,12724679,8517164,67517
1790917341,68052156,69835296768,88019,0,,5,0,0,0,1139093,438331122,12746276,12746361,8524529,67583
1790917342,68050836,69834207232,88813,0,,4,0,0,0,1128327,438941714,12761095,12761181,8547687,67766
1790917343,68052468,69836111872,88813,0,,2,0,0,0,1124879,439780122,12781325,12781409,8567844,67922
1790917344,68051636,69836300288,88813,0,,3,0,0,0,1138244,440728388,12803142,12803227,8573692,67972
1790917345,68051312,69834428416,89235,0,,2,0,0,0,1127348,441335350,12816944,12817030,8596174,68147
1790917346,68052200,69835862016,89235,0,,4,0,0,0,1139896,442247990,12838833,12838917,8602522,68207
1790917347,68052336,69836001280,89235,0,,2,0,0,0,1150538,443129576,12860433,12860520,8610083,68276
1790917349,68053792,69836189696,89377,0,,0,0,0,0,1159891,443940230,12879644,12879731,8627088,68414
1790917350,68052212,69835878400,89861,0,,4,0,0,0,1148141,444652119,12896685,12896771,8642497,68538
1790917351,68052188,69836345344,90868,0,,1,0,0,0,1135270,445224486,12909854,12909939,8667784,68734
1790917352,68052368,69836267520,91016,0,,6,0,0,0,1127718,445984860,12927894,12927981,8699537,68980
1790917353,68053632,69837074432,91016,0,,5,0,0,0,1125138,446819857,12948623,12948707,8718146,69134
1790917354,68053156,69836861440,91016,0,,4,0,0,0,1123696,447710556,12969966,12970050,8729553,69236
1790917355,68053112,69836541952,91348,0,,2,0,0,0,1137264,448573817,12990199,12990283,8743179,69352
1790917356,68053592,69837815808,91348,0,,3,0,0,0,1133903,449498233,13011148,13011232,8755239,69455
1790917357,68052820,69835751424,91348,0,,5,0,0,0,1143216,450416078,13032613,13032700,8763719,69530
1790917358,68052860,69837074432,91948,0,,4,0,0,0,1135420,450962861,13046162,13046245,8787849,69719
1790917359,68051996,69834883072,91994,0,,0,0,0,0,1140476,451795348,13066421,13066508,8800282,69820
1790917360,68051572,69835460608,92520,0,,3,0,0,0,1130407,452484346,13082791,13082876,8819333,69973
1790917361,68051508,69834113024,92630,0,,0,0,0,0,1140257,453253943,13100723,13100810,8832839,70083
1790917362,68051752,69835149312,92983,0,,3,0,0,0,1130191,453974850,13117837,13117922,8849940,70221
1790917363,68051620,69834760192,92983,0,,3,0,0,0,1141236,454870802,13139160,13139246,8857396,70287
1790917364,68050060,69833687040,92983,0,,2,0,0,0,1150790,455784757,13160118,13160203,8865622,70359
1790917365,68051268,69835149312,92983,0,,2,0,0,0,1161881,456722953,13182191,13182274,8872830,70425
1790917366,68050696,69834285056,93310,0,,6,0,0,0,1148957,457310750,13196608,13196694,8897874,70620
1790917367,68051100,69834985472,94295,0,,2,0,0,0,1136169,457925373,13210483,13210570,8923099,70819
1790917368,68050816,69834170368,94295,0,,5,0,0,0,1147430,458832484,13232037,13232124,8931607,70895
1790917369,68050604,69833932800,94800,0,,5,0,0,0,1134127,459416486,13246068,13246153,8955871,71086
1790917370,68050492,69834633216,94800,0,,4,0,0,0,1144827,460342437,13267675,13267762,8963540,71154
1790917371,68051964,69835841536,94800,0,,2,0,0,0,1155506,461224940,13289609,13289693,8971267,71222
1790917372,68050600,69834502144,94800,0,,1,0,0,0,1166284,462097483,13311470,13311557,8979184,71291
1790917374,68051620,69834719232,94832,0,,0,0,0,0,1176564,462975314,13332635,13332722,8990223,71382
1790917375,68052344,69835968512,95982,0,,6,0,0,0,1159343,463212405,13338235,13338322,9027738,71669
1790917376,68051116,69834973184,95982,0,,4,0,0,0,1149998,464143841,13359397,13359482,9036071,71743
1790917377,68051288,69835362304,95982,0,,1,0,0,0,1159464,465088442,13380995,13381078,9044708,71822
1790917378,68052552,69836419072,96299,0,,4,0,0,0,1146552,465643020,13394603,13394687,9069284,72014
1790917379,68051468,69835071488,96299,0,,3,0,0,0,1156886,466544310,13416272,13416358,9077443,72089
1790917380,68052432,69835804672,96299,0,,3,0,0,0,1166996,467453609,13437611,13437695,9085611,72161
1790917381,68052352,69835653120,96299,0,,4,0,0,0,1177411,468393908,13459181,13459265,9092798,72227
1790917382,68052700,69836378112,96660,0,,4,0,0,0,1164054,468941316,13471808,13471894,9117309,72419
1790917383,68052696,69835825152,97287,0,,3,0,0,0,1151043,469474274,13484795,13484880,9141605,72609
1790917384,68051172,69834784768,97287,0,,4,0,0,0,1161867,470362501,13506728,13506815,9149396,72677
1790917385,68051580,69834944512,97547,0,,5,0,0,0,1148180,470922940,13519649,13519733,9176251,72885
1790917386,68051684,69835517952,98556,0,,4,0,0,0,1135093,471498287,13533429,13533516,9199499,73069
1790917387,68051456,69834829824,99049,0,,1,0,0,0,1122212,472070280,13546942,13547027,9224409,73262
1790917388,68051196,69834829824,99299,0,,2,0,0,0,1118472,472882580,13566497,13566584,9244706,73429
1790917389,68051264,69835145216,99299,0,,5,0,0,0,1115554,473695831,13585902,13585987,9268792,73622
1790917390,68051588,69835726848,99299,0,,1,0,0,0,1113421,474561931,13606772,13606858,9285085,73760
1790917391,68052936,69836865536,99299,0,,3,0,0,0,1127616,475482301,13628882,13628965,9290076,73812
1790917392,68051764,69834121216,99299,0,,2,0,0,0,1138060,476392100,13650578,13650661,9297588,73881
1790917393,68051960,69835333632,99299,0,,4,0,0,0,1148315,477299486,13672010,13672092,9305617,73953
1790917394,68053232,69836627968,99299,0,,5,0,0,0,1158897,478167204,13693702,13693788,9313671,74023
1790917395,68053352,69837025280,99711,0,,5,0,0,0,1146761,478675295,13706582,13706669,9338978,74220
1790917396,68054076,69837545472,99970,0,,0,0,0,0,1153783,479401127,13723493,13723580,9357744,74369
1790917397,68054156,69838090240,100538,0,,1,0,0,0,1121726,479938623,13736218,13736304,9387044,74598
1790917398,68055536,69839269888,100718,0,,4,0,0,0,1131056,480676408,13754115,13754198,9409016,74771
1790917400,68055860,69839347712,100718,0,,4,0,0,0,1108008,481422521,13772706,13772791,9442728,75034
1790917401,68052192,69835497472,100718,0,,4,0,0,0,1105955,482275607,13793928,13794013,9457348,75160
1790917402,68052456,69836021760,100718,0,,2,0,0,0,1103714,483175279,13814659,13814743,9472095,75287
1790917403,68053388,69836972032,100718,0,,1,0,0,0,1123519,484155006,13837311,13837396,9472422,75311
1790917404,68051696,69834731520,100718,0,,4,0,0,0,1134451,485055064,13858819,13858904,9479959,75378
1790917405,68050992,69833744384,101220,0,,4,0,0,0,1144561,485828461,13877510,13877597,9503937,75571
1790917406,68051032,69834821632,101220,0,,5,0,0,0,1135417,486715581,13899282,13899367,9512724,75648
1790917407,68050596,69832794112,101485,0,,0,0,0,0,1144030,487427409,13916180,13916267,9530441,75791
1790917408,68052500,69836840960,101610,0,,0,0,0,0,1134863,488202728,13934345,13934431,9543107,75896
1790917409,68050648,69834174464,101610,0,,2,0,0,0,1145449,489106738,13955842,13955928,9550749,75965
1790917410,68050600,69833592832,101610,0,,5,0,0,0,1155845,490007956,13977221,13977308,9558464,76034
1790917411,68050676,69834211328,101610,0,,4,0,0,0,1166232,490893634,13998816,13998901,9566177,76103
1790917412,68050056,69834035200,101806,0,,4,0,0,0,1152517,491407437,14011437,14011523,9590908,76297
1790917413,68050548,69833547776,101806,0,,3,0,0,0,1162330,492298893,14033469,14033556,9598655,76366
1790917414,68050380,69833633792,101806,0,,3,0,0,0,1172117,493204356,14055095,14055180,9606572,76436
1790917415,68051764,69835046912,101806,0,,3,0,0,0,1182090,494119033,14076882,14076965,9614679,76509
1790917416,68051936,69835202560,101806,0,,3,0,0,0,1192029,495024838,14098435,14098521,9622699,76580
1790917417,68050912,69833940992,101806,0,,4,0,0,0,1202056,495969998,14120028,14120114,9629707,76643
1790917418,68052420,69834948608,101830,0,,0,0,0,0,1212209,496858545,14140256,14140343,9641170,76740
1790917419,68051788,69836128256,102345,0,,2,0,0,0,1197931,497448869,14154593,14154678,9661836,76905
1790917421,68050552,69833809920,102345,0,,4,0,0,0,1208079,498376440,14175935,14176022,9669428,76974
1790917422,68052064,69835886592,102345,0,,3,0,0,0,1217218,499290459,14197359,14197441,9676726,77039
1790917423,68051164,69834399744,102607,0,,0,0,0,0,1225338,500016533,14213981,14214068,9693994,77179
1790917424,68052500,69836075008,102821,0,,6,0,0,0,1212294,500752089,14231561,14231647,9709226,77304
1790917425,68052232,69835804672,102970,0,,0,0,0,0,1220718,501584946,14251438,14251525,9728495,77457
1790917426,68052148,69835411456,103629,0,,2,0,0,0,1183632,501985406,14260960,14261046,9761356,77711
1790917427,68051860,69835935744,104014,0,,2,0,0,0,1192025,502653768,14277107,14277194,9786109,77905
1790917428,68050372,69834387456,104028,0,,2,0,0,0,1181426,503588122,14298488,14298571,9794745,77982
1790917429,68050616,69834244096,104028,0,,4,0,0,0,1191172,504489650,14320154,14320239,9803105,78057
1790917430,68050180,69833310208,104028,0,,2,0,0,0,1201841,505409764,14341889,14341972,9810590,78126
1790917431,68050940,69833826304,104444,0,,3,0,0,0,1188957,506033332,14355654,14355737,9835353,78319
1790917432,68050852,69835038720,104444,0,,4,0,0,0,1198532,506953903,14377247,14377332,9843304,78391
1790917433,68049932,69833306112,104444,0,,5,0,0,0,1208483,507872820,14398885,14398969,9850754,78456
1790917434,68049740,69832085504,104541,0,,0,0,0,0,1217141,508597384,14416629,14416716,9865561,78574
1790917435,68048676,69831512064,104943,0,,2,0,0,0,1203475,509278957,14432483,14432568,9882916,78715
1790917436,68049024,69832896512,104943,0,,4,0,0,0,1212701,510208562,14454212,14454297,9890630,78783
1790917437,68049068,69831131136,105306,0,,0,0,0,0,1221784,510998933,14472521,14472608,9906173,78909
1790917438,68048824,69832187904,105608,0,,2,0,0,0,1208533,511682268,14488922,14489009,9923094,79046
1790917439,68048444,69832028160,106680,0,,4,0,0,0,1195392,512201491,14501326,14501412,9948255,79243
1790917440,68049808,69832646656,106680,0,,3,0,0,0,1204635,513135936,14522853,14522937,9955219,79306
1790917441,68049400,69833019392,107505,0,,5,0,0,0,1190605,513682460,14536347,14536432,9980364,79504
1790917443,68049652,69833269248,107505,0,,4,0,0,0,1201233,514604554,14558001,14558087,9987898,79573
1790917444,68051000,69834915840,107951,0,,2,0,0,0,1187875,515154119,14570540,14570624,10012856,79768
1790917445,68049680,69832527872,107951,0,,2,0,0,0,1198143,516066543,14592223,14592309,10019382,79826
1790917446,68050196,69833568256,108490,0,,4,0,0,0,1184425,516625461,14605491,14605578,10044464,80022
1790917447,68051924,69835345920,108490,0,,1,0,0,0,1194616,517545259,14627104,14627185,10051750,80088
1790917448,68051688,69835341824,109314,0,,3,0,0,0,1182095,518094814,14640558,14640643,10076497,80280
1790917449,68052820,69836550144,110146,0,,2,0,0,0,1168357,518693296,14654270,14654353,10101304,80475
1790917450,68051512,69834690560,110146,0,,3,0,0,0,1179154,519593775,14676104,14676188,10108924,80542
1790917451,68050672,69833801728,111519,0,,5,0,0,0,1166024,520138451,14689537,14689624,10133516,80733
1790917452,68051968,69835116544,111519,0,,3,0,0,0,1176922,521039635,14711297,14711383,10141122,80801
1790917453,68052192,69835345920,111519,0,,2,0,0,0,1187346,521922307,14733306,14733388,10148661,80869
1790917454,68051532,69834641408,112850,0,,2,0,0,0,1173537,522499539,14746663,14746750,10173753,81067
1790917455,68050660,69833801728,112850,0,,5,0,0,0,1183986,523409714,14768164,14768248,10181290,81135
1790917456,68050408,69834317824,112850,0,,4,0,0,0,1195143,524312404,14789780,14789864,10188944,81204
1790917457,68050044,69832134656,112850,0,,5,0,0,0,1205677,525234061,14811199,14811286,10198112,81284
1790917458,68051256,69834858496,113385,0,,1,0,0,0,1191638,525760928,14823998,14824082,10220987,81464
1790917459,68049776,69833437184,113385,0,,1,0,0,0,1202603,526708773,14845489,14845575,10228466,81530
1790917460,68049868,69832720384,113385,0,,3,0,0,0,1212309,527617561,14867207,14867292,10236441,81603
1790917461,68048600,69832433664,113385,0,,4,0,0,0,1221445,528517818,14889000,14889086,10244808,81678
1790917462,68048832,69831143424,113385,0,,5,0,0,0,1230820,529385022,14910187,14910274,10256106,81771
1790917463,68048968,69831270400,114061,0,,0,0,0,0,1214212,529751177,14919312,14919399,10288281,82018
1790917464,68049016,69832380416,114330,0,,3,0,0,0,1202671,530522877,14937496,14937582,10302860,82137
1790917465,68050212,69833834496,114330,0,,3,0,0,0,1213327,531443922,14958609,14958691,10310130,82201
1790917466,68050068,69833191424,114933,0,,5,0,0,0,1199262,532001916,14971803,14971886,10334559,82392
1790917467,68048636,69831966720,115288,0,,7,0,0,0,1188412,532584065,14985681,14985768,10360102,82592
1790917468,68050112,69834256384,115288,0,,5,0,0,0,1198105,533496664,15007578,15007660,10367316,82657
1790917469,68050384,69833248768,115288,0,,5,0,0,0,1208211,534404010,15029680,15029767,10374807,82725
1790917471,68050248,69833928704,116125,0,,0,0,0,0,1192654,534927561,15042583,15042669,10399812,82919
1790917472,68051260,69834395648,116125,0,,3,0,0,0,1203444,535815860,15064508,15064594,10407558,82987
1790917473,68051156,69833007104,116557,0,,0,0,0,0,1211081,536462226,15078946,15079033,10429027,83155
1790917474,68051380,69835345920,116608,0,,5,0,0,0,1199971,537313985,15098592,15098677,10441923,83261
1790917475,68051896,69835042816,117084,0,,5,0,0,0,1185896,537867446,15111884,15111969,10465850,83448
1790917476,68051724,69835382784,117084,0,,3,0,0,0,1196502,538750269,15133703,15133788,10473775,83519
1790917477,68053088,69836029952,117350,0,,0,0,0,0,1206017,539553997,15153255,15153342,10495039,83689
1790917478,68053916,69837922304,117485,0,,4,0,0,0,1195029,540322451,15172702,15172785,10507394,83791
1790917479,68052436,69835870208,117485,0,,3,0,0,0,1205403,541237158,15194459,15194543,10514802,83857
1790917480,68051436,69835120640,117485,0,,4,0,0,0,1215834,542155885,15215966,15216050,10522513,83925
1790917481,68052604,69836038144,118184,0,,4,0,0,0,1201957,542718460,15229371,15229456,10547219,84118
1790917482,68050612,69834264576,118501,0,,2,0,0,0,1188930,543298514,15243151,15243236,10571953,84311
1790917483,68051660,69834596352,118501,0,,3,0,0,0,1199393,544207753,15265079,15265162,10579429,84378
1790917484,68051608,69835083776,118501,0,,6,0,0,0,1209947,545086019,15286801,15286888,10587210,84447
1790917485,68051496,69834420224,119346,0,,5,0,0,0,1196523,545659317,15300143,15300230,10612147,84641
1790917486,68050124,69833281536,119346,0,,4,0,0,0,1207246,546612615,15321442,15321528,10619633,84710
1790917487,68049716,69832097792,119972,0,,0,0,0,0,1214706,547263978,15336744,15336831,10640890,84876
1790917488,68049592,69833265152,120156,0,,3,0,0,0,1203684,548087959,15357156,15357242,10652214,84971
1790917489,68049732,69833687040,120156,0,,2,0,0,0,1214033,548981360,15379111,15379197,10660086,85041
1790917490,68051308,69834735616,120156,0,,7,0,0,0,1223733,549889931,15401291,15401376,10667384,85106
1790917491,68051108,69834313728,120156,0,,3,0,0,0,1234372,550780986,15423230,15423315,10675179,85175
1790917492,68051612,69834641408,120783,0,,3,0,0,0,1240122,551293515,15435259,15435345,10698846,85358
1790917494,68051588,69833777152,120812,0,,0,0,0,0,1229626,552148512,15456585,15456672,10710584,85458
1790917495,68049976,69833682944,121250,0,,2,0,0,0,1215659,552733821,15470669,15470754,10731957,85625
1790917496,68050308,69833244672,121250,0,,7,0,0,0,1226461,553676395,15492156,15492241,10739324,85691
1790917497,68051368,69834833920,121250,0,,5,0,0,0,1236416,554581816,15514204,15514286,10746785,85756
1790917498,68051032,69833977856,121250,0,,4,0,0,0,1246089,555505541,15536026,15536111,10754180,85822
1790917499,68051336,69835079680,121250,0,,2,0,0,0,1256364,556429585,15557522,15557606,10762209,85892
1790917500,68052840,69836349440,121250,0,,2,0,0,0,1266057,557317219,15579535,15579621,10769893,85960
1790917501,68051872,69835673600,121250,0,,2,0,0,0,1276551,558275851,15600960,15601047,10776931,86026
1790917502,68053196,69836500992,121250,0,,3,0,0,0,1286744,559205024,15622719,15622802,10784110,86091
1790917503,68054288,69838127104,121571,0,,2,0,0,0,1271698,559738372,15635329,15635409,10809133,86287
1790917504,68054792,69838131200,121571,0,,4,0,0,0,1281634,560651818,15657037,15657123,10816408,86352
1790917505,68056592,69839200256,122023,0,,0,0,0,0,1289110,561333339,15672968,15673055,10837817,86521
1790917506,68055940,69839851520,122463,0,,3,0,0,0,1253621,561773470,15684496,15684578,10866289,86742
1790917507,68054828,69838708736,122765,0,,2,0,0,0,1240013,562340504,15698378,15698464,10891080,86937
1790917508,68055140,69838225408,122765,0,,5,0,0,0,1250591,563268749,15720088,15720171,10899053,87009
1790917509,68052512,69835800576,123103,0,,5,0,0,0,1236078,563829199,15733626,15733712,10923753,87202
1790917510,68051800,69834813440,123585,0,,5,0,0,0,1222269,564384816,15746791,15746878,10948510,87395
1790917511,68051492,69833957376,123633,0,,0,0,0,0,1230677,565161922,15764116,15764203,10964640,87524
1790917512,68051776,69834829824,123985,0,,5,0,0,0,1219103,565877574,15781627,15781712,10980284,87651
1790917513,68051744,69836042240,123985,0,,2,0,0,0,1229709,566800613,15803421,15803507,10988195,87720
1790917514,68052072,69834579968,124876,0,,0,0,0,0,1213408,567146662,15811847,15811934,11020615,87970
1790917515,68053020,69835632640,125407,0,,0,0,0,0,1199843,567757011,15826265,15826352,11043063,88147
1790917516,68054120,69837979648,126351,0,,5,0,0,0,1186694,568404400,15841837,15841924,11061804,88297
1790917517,68053652,69837029376,126351,0,,7,0,0,0,1198032,569335534,15863055,15863142,11069478,88363
1790917518,68053940,69837520896,126647,0,,4,0,0,0,1185266,569915867,15876979,15877063,11094574,88559
1790917520,68053656,69837516800,126933,0,,5,0,0,0,1171654,570493530,15891358,15891445,11119717,88757
1790917521,68053600,69836652544,126933,0,,3,0,0,0,1183040,571397958,15912910,15912997,11127846,88827
1790917522,68055008,69838356480,127218,0,,3,0,0,0,1169690,571964502,15926551,15926634,11151876,89018
1790917523,68054820,69839208448,128055,0,,2,0,0,0,1156647,572500452,15940358,15940445,11176741,89214
1790917524,68056348,69839486976,128055,0,,2,0,0,0,1167884,573378837,15962242,15962324,11185049,89288
1790917525,68056528,69840683008,128055,0,,3,0,0,0,1178383,574243306,15984285,15984370,11192639,89355
1790917526,68055240,69839130624,128055,0,,6,0,0,0,1189111,575128916,16005921,16006007,11199887,89422
1790917527,68055828,69839450112,128055,0,,2,0,0,0,1199743,576059660,16027223,16027305,11207938,89493
1790917528,68057208,69840371712,128282,0,,0,0,0,0,1208819,576865119,16046801,16046888,11221683,89605
1790917529,68053740,69837316096,128657,0,,2,0,0,0,1195939,577490315,16062166,16062250,11240033,89750
1790917530,68054992,69838098432,128657,0,,3,0,0,0,1206774,578423544,16083689,16083772,11247506,89817
1790917531,68056124,69838999552,129026,0,,0,0,0,0,1214384,579075130,16099517,16099604,11266778,89971
1790917532,68055332,69839695872,129188,0,,5,0,0,0,1203200,579850755,16118440,16118526,11279872,90080
1790917533,68055632,69839187968,129188,0,,3,0,0,0,1213829,580724451,16140394,16140477,11286896,90145
1790917534,68054328,69838454784,129716,0,,6,0,0,0,1199649,581272547,16152905,16152991,11311410,90336
1790917535,68054548,69836898304,129921,0,,0,0,0,0,1208138,581981269,16169868,16169955,11329912,90482
1790917536,68053748,69837656064,130407,0,,2,0,0,0,1196164,582749682,16188380,16188465,11344234,90600
1790917537,68053400,69837266944,130974,0,,2,0,0,0,1182805,583289573,16201397,16201483,11369136,90794
1790917538,68053488,69836042240,130982,0,,0,0,0,0,1192729,584150952,16223267,16223354,11379732,90883
1790917539,68053844,69836689408,132456,0,,1,0,0,0,1176190,584465200,16230351,16230438,11416175,91161
1790917540,68053660,69837279232,132676,0,,3,0,0,0,1165941,585345939,16251132,16251216,11426259,91246
1790917541,68054916,69837348864,132751,0,,2,0,0,0,1175345,586139153,16269687,16269774,11441271,91367
1790917542,68054680,69837516800,133103,0,,0,0,0,0,1163152,586793268,16285119,16285206,11461829,91530
1790917543,68054532,69836877824,134464,0,,0,0,0,0,1146325,587087344,16291922,16292009,11498542,91812
1790917544,68053420,69837295616,134499,0,,4,0,0,0,1136605,587946397,16312724,16312809,11508752,91901
1790917545,68053568,69837926400,134499,0,,5,0,0,0,1147392,588876421,16334404,16334491,11516295,91970
1790917546,68054296,69838155776,135176,0,,4,0,0,0,1134495,589415237,16347176,16347261,11540658,92160
1790917548,68054480,69837078528,135592,0,,0,0,0,0,1143161,590086887,16363823,16363910,11559299,92307
1790917549,68054848,69838229504,135785,0,,5,0,0,0,1132252,590854270,16382427,16382511,11572983,92422
1790917550,68053400,69837783040,136721,0,,4,0,0,0,1119410,591448691,16396268,16396352,11597909,92617
1790917551,68053524,69837901824,136721,0,,3,0,0,0,1130139,592341613,16418145,16418232,11605768,92688
1790917552,68054364,69838282752,136721,0,,3,0,0,0,1141106,593233841,16439684,16439768,11613600,92758
1790917553,68054284,69837922304,136721,0,,4,0,0,0,1152814,594177077,16461100,16461187,11620841,92824
1790917554,68053512,69836083200,136873,0,,0,0,0,0,1161377,594862698,16478399,16478486,11637202,92956
1790917555,68053660,69837271040,137545,0,,6,0,0,0,1149378,595604636,16495176,16495260,11652974,93084
1790917556,68052316,69836144640,138044,0,,5,0,0,0,1135997,596138981,16508332,16508417,11677837,93279
1790917557,68052556,69835886592,138044,0,,1,0,0,0,1146677,597032668,16530314,16530395,11685175,93344
1790917558,68052540,69835354112,138760,0,,0,0,0,0,1155927,597762491,16547880,16547967,11702779,93487
1790917559,68052340,69836468224,139017,0,,3,0,0,0,1144611,598507575,16565274,16565360,11717769,93610
1790917560,68051568,69835128832,139475,0,,5,0,0,0,1131412,599076167,16578685,16578772,11742485,93804
1790917561,68051404,69835509760,139475,0,,4,0,0,0,1141849,599984622,16600319,16600406,11750050,93870
1790917562,68051492,69834022912,140286,0,,0,0,0,0,1149545,600566499,16614432,16614519,11772452,94045
1790917563,68051628,69834149888,140514,0,,0,0,0,0,1138307,601296540,16632226,16632313,11790337,94188
1790917564,68050808,69834649600,141184,0,,5,0,0,0,1126828,601954067,16649192,16649278,11807466,94328
1790917565,68052644,69836496896,142413,0,,2,0,0,0,1113793,602514934,16662691,16662775,11831700,94518
1790917566,68052604,69836173312,142413,0,,3,0,0,0,1124561,603379249,16684540,16684625,11839523,94589
1790917567,68052744,69836009472,142413,0,,4,0,0,0,1135746,604288854,16706090,16706176,11847019,94656
1790917568,68054104,69837361152,142763,0,,4,0,0,0,1122330,604847695,16719181,16719265,11871681,94848
1790917569,68054076,69837967360,142763,0,,1,0,0,0,1133640,605758394,16741042,16741127,11879308,94914
1790917570,68054012,69837885440,142763,0,,4,0,0,0,1144184,606674757,16762774,16762860,11886623,94981
1790917571,68055252,69838327808,142763,0,,3,0,0,0,1155545,607583119,16784434,16784517,11893882,95046
1790917572,68054860,69837488128,142976,0,,0,0,0,0,1163320,608203870,16799617,16799704,11914080,95205
1790917573,68055092,69838737408,143071,0,,4,0,0,0,1157157,609005187,16819091,16819177,11926108,95306
1790917575,68056316,69839724544,143071,0,,4,0,0,0,1167806,609905343,16840860,16840940,11933791,95374
1790917576,68056324,69839958016,143071,0,,6,0,0,0,1178478,610791994,16862847,16862933,11941121,95440
1790917577,68057756,69841489920,143071,0,,6,0,0,0,1189216,611676413,16884863,16884949,11948673,95509
1790917578,68057048,69840498688,143071,0,,7,0,0,0,1199359,612593248,16906530,16906615,11956415,95578
1790917579,68055776,69838667776,143961,0,,0,0,0,0,1181235,613108926,16918562,16918649,11985465,95803
1790917580,68056068,69839216640,144196,0,,2,0,0,0,1167467,613707367,16933586,16933669,12006261,95970
1790917581,68055700,69839622144,144196,0,,0,0,0,0,1177504,614628287,16955164,16955249,12013820,96038
1790917582,68055200,69839122432,144196,0,,5,0,0,0,1188406,615525784,16976676,16976762,12021157,96105
1790917583,68056160,69839843328,144196,0,,2,0,0,0,1199022,616450306,16998195,16998278,12028273,96171
1790917584,68055720,69838852096,144196,0,,4,0,0,0,1208761,617351590,17020032,17020118,12036469,96243
1790917585,68055636,69839011840,144196,0,,3,0,0,0,1219120,618260710,17041869,17041953,12044258,96314
1790917586,68055368,69838004224,144212,0,,0,0,0,0,1228181,619085932,17062131,17062218,12056574,96417
1790917587,68055324,69838733312,144783,0,,2,0,0,0,1214676,619730760,17077009,17077093,12076377,96573
1790917588,68054648,69838290944,145387,0,,4,0,0,0,1200351,620335250,17091035,17091121,12101478,96770
1790917589,68054732,69837021184,145600,0,,0,0,0,0,1207836,620981103,17106185,17106272,12123301,96944
1790917590,68055932,69839347712,145858,0,,5,0,0,0,1197338,621835554,17126555,17126637,12134012,97033
1790917591,68055728,69839663104,145858,0,,6,0,0,0,1208197,622723607,17148323,17148410,12142436,97108
1790917592,68055700,69839364096,146260,0,,4,0,0,0,1194998,623292246,17162009,17162094,12167604,97304
1790917593,68055104,69838733312,147412,0,,4,0,0,0,1181129,623887091,17176469,17176555,12191543,97491
1790917594,68054700,69838090240,147412,0,,2,0,0,0,1191014,624814055,17198214,17198299,12198861,97560
1790917595,68054692,69838061568,147412,0,,4,0,0,0,1200925,625698975,17220283,17220370,12207156,97633
1790917596,68056208,69839360000,147412,0,,5,0,0,0,1211425,626632155,17241595,17241681,12214491,97698
1790917597,68055060,69837664256,147625,0,,0,0,0,0,1218637,627326291,17258264,17258351,12232228,97839
1790917598,68056020,69839687680,147830,0,,2,0,0,0,1216214,628099356,17276082,17276164,12246908,97958
1790917599,68057424,69840871424,147830,0,,2,0,0,0,1226362,629025253,17297746,17297833,12254489,98025
1790917600,68057340,69841022976,147830,0,,6,0,0,0,1236232,629924087,17319653,17319739,12261953,98095
1790917602,68057620,69841035264,148012,0,,1,0,0,0,1236114,630756650,17338712,17338799,12276310,98212
1790917603,68058672,69842669568,148846,0,,1,0,0,0,1223659,631430022,17355062,17355145,12294385,98356
1790917604,68056200,69839380480,149193,0,,5,0,0,0,1209700,631992292,17368868,17368955,12322009,98570
1790917605,68057416,69840576512,150375,0,,0,0,0,0,1194731,632431592,17379424,17379511,12357321,98842
1790917606,68056460,69839925248,151273,0,,3,0,0,0,1183527,633249494,17398725,17398806,12370281,98949
1790917607,68056068,69839740928,151668,0,,1,0,0,0,1170602,633843956,17412390,17412474,12395246,99146
1790917608,68057172,69840859136,151982,0,,4,0,0,0,1157357,634408530,17426260,17426345,12420260,99341
1790917609,68054664,69838794752,151982,0,,4,0,0,0,1168543,635340413,17447918,17448004,12427712,99408
1790917610,68055164,69838774272,152321,0,,6,0,0,0,1155209,635930453,17461355,17461442,12452618,99605
1790917611,68053044,69835874304,152321,0,,4,0,0,0,1166412,636837092,17483090,17483177,12460141,99673
1790917612,68053056,69837221888,152321,0,,4,0,0,0,1177408,637766795,17504480,17504564,12467579,99740
1790917613,68053376,69836967936,152650,0,,3,0,0,0,1164321,638344171,17518242,17518328,12492356,99934
1790917614,68053532,69837664256,152650,0,,2,0,0,0,1175590,639272317,17539989,17540074,12499598,99999
1790917615,68054672,69838573568,152650,0,,6,0,0,0,1186392,640204328,17561625,17561709,12506864,100064
1790917616,68055632,69839327232,152994,0,,5,0,0,0,1172895,640734574,17574388,17574472,12531356,100256
1790917617,68055788,69839216640,152994,0,,4,0,0,0,1183647,641687558,17595878,17595965,12538767,100324
1790917618,68054188,69837578240,152994,0,,2,0,0,0,1193257,642612106,17617564,17617647,12546557,100393
1790917619,68052848,69835149312,153642,0,,0,0,0,0,1201445,643291589,17633478,17633565,12565895,100549
1790917620,68050108,69833785344,153844,0,,2,0,0,0,1190663,644080093,17652481,17652568,12578739,100654
1790917621,68051528,69834964992,154248,0,,4,0,0,0,1176789,644643379,17666329,17666412,12603812,100851
1790917622,68050720,69834162176,154716,0,,1,0,0,0,1184264,645250793,17680691,17680778,12628233,101041
1790917623,68050992,69834452992,155633,0,,3,0,0,0,1150988,645836389,17694949,17695034,12654348,101247
1790917624,68050772,69834485760,155633,0,,2,0,0,0,1161830,646785077,17716775,17716859,12661753,101314
1790917625,68051004,69834473472,156723,0,,2,0,0,0,1149055,647343821,17730632,17730719,12687284,101511
1790917626,68051204,69835448320,157424,0,,3,0,0,0,1136475,647974058,17745156,17745239,12711727,101704
1790917628,68052484,69835182080,158438,0,,0,0,0,0,1124153,648519673,17758786,17758873,12744079,101953
1790917629,68050472,69833646080,158673,0,,4,0,0,0,1116624,649315303,17777267,17777353,12760659,102088
1790917630,68051120,69834313728,158673,0,,2,0,0,0,1127664,650259686,17799001,17799085,12768202,102157
1790917631,68052772,69836562432,158673,0,,4,0,0,0,1138673,651190481,17820686,17820769,12775939,102226
1790917632,68052604,69836132352,158673,0,,5,0,0,0,1149865,652096788,17842715,17842802,12783561,102292
1790917633,68053620,69837176832,158673,0,,4,0,0,0,1160846,653016822,17864465,17864545,12791182,102360
1790917634,68050140,69833875456,159378,0,,3,0,0,0,1147310,653557692,17878109,17878196,12816093,102554
1790917635,68050412,69833609216,159823,0,,3,0,0,0,1133640,654136579,17891949,17892036,12841031,102749
1790917636,68050256,69834461184,159823,0,,5,0,0,0,1144960,655007575,17913981,17914065,12848753,102818
1790917637,68050752,69834240000,159823,0,,5,0,0,0,1155865,655968247,17935252,17935337,12856132,102883
1790917638,68050724,69834756096,159823,0,,4,0,0,0,1166782,656901773,17956557,17956643,12863624,102948
1790917639,68050920,69834661888,159823,0,,1,0,0,0,1177162,657790212,17978371,17978457,12871378,103018
1790917640,68051980,69834969088,159823,0,,2,0,0,0,1187348,658696399,18000313,18000397,12879307,103089
1790917641,68052052,69835567104,160770,0,,2,0,0,0,1174415,659254229,18013393,18013475,12904474,103286
1790917642,68051548,69835096064,160770,0,,5,0,0,0,1184536,660170359,18035416,18035503,12911465,103349
1790917643,68052952,69836513280,160770,0,,4,0,0,0,1195428,661064422,18057440,18057522,12919313,103417
1790917644,68052944,69835739136,160848,0,,0,0,0,0,1205220,661877420,18077121,18077208,12934156,103536
1790917645,68053144,69837217792,161120,0,,3,0,0,0,1192578,662568327,18093735,18093821,12951822,103678
1790917646,68054296,69837647872,161120,0,,3,0,0,0,1202825,663490346,18115590,18115673,12959376,103745
1790917647,68053244,69836599296,161120,0,,6,0,0,0,1213707,664398870,18137185,18137272,12966644,103811
1790917648,68053184,69836673024,161120,0,,7,0,0,0,1223366,665329864,18158788,18158875,12974384,103882
1790917649,68054676,69838487552,161120,0,,3,0,0,0,1233534,666243603,18180497,18180579,12981981,103949
1790917650,68053984,69837586432,161120,0,,3,0,0,0,1243096,667158029,18202603,18202689,12989729,104019
1790917652,68054228,69836779520,161226,0,,0,0,0,0,1252384,667999933,18223152,18223239,13005087,104145
1790917653,68054212,69838020608,161651,0,,4,0,0,0,1248643,668692326,18239817,18239898,13023159,104288
1790917654,68054848,69838888960,161651,0,,2,0,0,0,1259217,669600343,18261624,18261709,13030787,104355
1790917655,68054828,69837635584,162417,0,,2,0,0,0,1237763,670178277,18275887,18275969,13055812,104549
1790917656,68053976,69837045760,162417,0,,5,0,0,0,1247197,671074809,18297953,18298038,13063701,104618
1790917657,68053972,69837279232,162417,0,,5,0,0,0,1256958,671984505,18319889,18319974,13071571,104691
1790917658,68054008,69838114816,162417,0,,3,0,0,0,1267038,672876359,18341981,18342061,13078811,104756
1790917659,68053932,69836750848,162417,0,,0,0,0,0,1276538,673805261,18363546,18363628,13086720,104826
1790917660,68053812,69837168640,162417,0,,1,0,0,0,1286514,674699618,18385517,18385602,13094187,104892
1790917661,68053652,69836500992,162743,0,,0,0,0,0,1293036,675451637,18403408,18403495,13111158,105027
1790917662,68052804,69835337728,162981,0,,0,0,0,0,1280754,676149190,18419581,18419668,13130789,105182
1790917663,68052908,69836984320,163575,0,,2,0,0,0,1266824,676774496,18434786,18434872,13151671,105348
1790917664,68052456,69836292096,163575,0,,2,0,0,0,1277132,677692583,18456378,18456465,13159336,105417
1790917665,68052720,69836558336,163864,0,,2,0,0,0,1263259,678306249,18471205,18471286,13184942,105618
1790917666,68054304,69838155776,163864,0,,3,0,0,0,1273185,679220243,18492740,18492824,13192595,105687
1790917667,68054412,69837258752,164282,0,,0,0,0,0,1281554,679934698,18508882,18508969,13213464,105853
1790917668,68054388,69837529088,164361,0,,1,0,0,0,1282132,680760610,18528505,18528591,13224811,105949
1790917669,68052772,69835055104,164471,0,,0,0,0,0,1279556,681558797,18547298,18547385,13239541,106068
1790917670,68053032,69836881920,164664,0,,4,0,0,0,1267439,682260885,18563549,18563634,13260046,106231
1790917671,68054228,69838131200,164883,0,,3,0,0,0,1254134,682866446,18578672,18578758,13282326,106408
1790917672,68054272,69836845056,165024,0,,0,0,0,0,1263027,683650540,18597353,18597440,13298806,106543
1790917673,68055232,69838123008,166171,0,,0,0,0,0,1249348,684168288,18609678,18609765,13328726,106776
1790917674,68056632,69840297984,166366,0,,2,0,0,0,1239044,684986338,18629971,18630055,13339837,106870
1790917675,68055196,69838712832,166366,0,,4,0,0,0,1248576,685884487,18651559,18651644,13347908,106943
1790917676,68055516,69839458304,166841,0,,4,0,0,0,1235333,686478259,18665604,18665689,13372567,107138
1790917677,68055516,69839200256,166841,0,,4,0,0,0,1245962,687375366,18687489,18687573,13380268,107206
1790917678,68056000,69839413248,167147,0,,3,0,0,0,1232895,687960536,18701627,18701712,13405952,107409
1790917680,68055288,69838434304,168139,0,,3,0,0,0,1239997,688579738,18716142,18716229,13431454,107610
1790917681,68055048,69837664256,168245,0,,2,0,0,0,1229064,689433554,18736545,18736632,13445999,107733
1790917682,68054996,69838336000,168447,0,,1,0,0,0,1216330,690128889,18752824,18752911,13464474,107882
1790917683,68056088,69839495168,168447,0,,5,0,0,0,1227236,691015533,18774644,18774725,13471839,107949
1790917684,68055008,69838385152,168447,0,,5,0,0,0,1237052,691902116,18796508,18796594,13479550,108019
1790917685,68053492,69836845056,168447,0,,3,0,0,0,1247126,692804389,18818346,18818433,13487152,108086
1790917686,68053792,69837131776,168854,0,,5,0,0,0,1233441,693370027,18831880,18831965,13512067,108281
1790917687,68054004,69837357056,168854,0,,4,0,0,0,1243884,694275874,18853739,18853826,13519683,108350
1790917688,68054160,69837008896,169149,0,,0,0,0,0,1251170,694914159,18868582,18868669,13542558,108531
1790917689,68054040,69837918208,169191,0,,2,0,0,0,1240033,695793357,18889459,18889544,13552197,108617
1790917690,68055408,69837819904,169191,0,,4,0,0,0,1250204,696742158,18910907,18910991,13559846,108687
1790917691,68055216,69838393344,169380,0,,2,0,0,0,1260349,697588090,18930903,18930990,13574216,108805
1790917692,68055120,69839265792,169989,0,,6,0,0,0,1247283,698262554,18946939,18947025,13592363,108952
1790917693,68055580,69839220736,169989,0,,6,0,0,0,1257237,699149612,18968725,18968812,13600034,109021
1790917694,68055228,69839138816,170173,0,,5,0,0,0,1264330,699770847,18982892,18982978,13624749,109215
1790917695,68055380,69838544896,170459,0,,0,0,0,0,1253045,700572896,19002313,19002400,13639586,109337
1790917696,68056060,69839978496,170689,0,,3,0,0,0,1240239,701255884,19018807,19018890,13658042,109486
1790917697,68055736,69839126528,171063,0,,3,0,0,0,1227296,701831678,19033262,19033347,13683287,109683
1790917698,68056844,69840801792,171063,0,,3,0,0,0,1237765,702726833,19055180,19055265,13691176,109756
1790917699,68054840,69838716928,171063,0,,3,0,0,0,1247763,703628992,19077039,19077121,13698580,109822
1790917700,68054688,69838036992,172101,0,,5,0,0,0,1234029,704187304,19091320,19091406,13723976,110022
1790917701,68055732,69838868480,172101,0,,4,0,0,0,1244239,705104439,19113036,19113119,13731280,110087
1790917702,68056324,69840510976,172101,0,,6,0,0,0,1254575,706027876,19134547,19134631,13738653,110156
1790917703,68056168,69839032320,172503,0,,0,0,0,0,1241043,706537228,19147202,19147289,13769188,110391
1790917704,68055400,69839286272,173269,0,,2,0,0,0,1228065,707206212,19163034,19163115,13788531,110546
1790917705,68055056,69838430208,173269,0,,4,0,0,0,1237954,708123678,19184734,19184815,13796289,110619
1790917707,68055276,69839441920,173269,0,,2,0,0,0,1249099,709020694,19206793,19206876,13803935,110687
1790917708,68056572,69839990784,173587,0,,6,0,0,0,1256495,709661736,19221503,19221589,13828478,110880
1790917709,68054812,69838974976,174524,0,,5,0,0,0,1222746,710254334,19235740,19235826,13853923,111080
1790917710,68054312,69837950976,175255,0,,5,0,0,0,1216970,710868250,19250062,19250147,13878959,111277
1790917711,68054292,69837852672,175949,0,,4,0,0,0,1197326,711495507,19264877,19264962,13903783,111472
1790917712,68054336,69837697024,175949,0,,6,0,0,0,1207590,712407287,19286700,19286786,13911889,111545
1790917713,68054328,69837172736,177136,0,,0,0,0,0,1193014,712857118,19297097,19297184,13947624,111820
1790917714,68054708,69838573568,177356,0,,4,0,0,0,1182343,713623535,19315724,19315810,13962192,111940
1790917715,68055340,69839282176,177356,0,,2,0,0,0,1193944,714539314,19337443,19337527,13969695,112006
1790917716,68055168,69839327232,177356,0,,5,0,0,0,1204907,715440229,19359540,19359624,13977548,112077
1790917717,68055492,69839392768,178106,0,,3,0,0,0,1192914,716132367,19375283,19375369,14003147,112278
1790917718,68055792,69839446016,178440,0,,1,0,0,0,1180884,716798330,19390790,19390875,14028280,112477
1790917719,68055820,69840027648,179523,0,,1,0,0,0,1167999,717422691,19405723,19405810,14054090,112680
1790917720,68056036,69838688256,179523,0,,2,0,0,0,1180079,718315551,19427465,19427549,14061211,112743
1790917721,68057620,69840850944,179523,0,,4,0,0,0,1190823,719206363,19449289,19449374,14068745,112809
1790917722,68056124,69839319040,179523,0,,5,0,0,0,1201977,720101362,19471162,19471247,14076710,112880
1790917723,68057364,69841076224,179523,0,,5,0,0,0,1213126,720996543,19492886,19492973,14084171,112947
1790917724,68058776,69843050496,179523,0,,2,0,0,0,1223664,721917586,19514267,19514351,14091673,113014
1790917725,68055700,69839114240,180251,0,,2,0,0,0,1210474,722485625,19527660,19527747,14116545,113208
1790917726,68056760,69840486400,180251,0,,6,0,0,0,1221452,723410737,19549237,19549319,14123941,113273
1790917727,68058148,69841629184,180251,0,,3,0,0,0,1231677,724316887,19570981,19571064,14131237,113338
1790917728,68057132,69841346560,180251,0,,3,0,0,0,1241938,725215150,19592759,19592844,14139143,113406
1790917729,68057724,69841645568,180251,0,,3,0,0,0,1252149,726123228,19614441,19614527,14146704,113474
1790917730,68056324,69839736832,180251,0,,5,0,0,0,1262705,727040718,19636206,19636289,14153518,113534
1790917731,68056408,69840363520,180611,0,,4,0,0,0,1248614,727618547,19650261,19650346,14178573,113729
1790917732,68057892,69841051648,180611,0,,4,0,0,0,1259419,728548189,19671826,19671911,14186308,113798
1790917733,68056496,69840429056,180611,0,,3,0,0,0,1268972,729467325,19693497,19693584,14193937,113867
1790917735,68055400,69839085568,180611,0,,2,0,0,0,1279345,730381353,19714646,19714731,14203169,113947
1790917736,68055348,69838991360,181017,0,,5,0,0,0,1265316,730950863,19728357,19728444,14227581,114138
1790917737,68055952,69840138240,181415,0,,3,0,0,0,1251948,731566638,19742964,19743051,14251040,114325
1790917738,68056364,69840019456,181415,0,,4,0,0,0,1262004,732471871,19764740,19764827,14259026,114395
1790917739,68055476,69838622720,181415,0,,5,0,0,0,1272359,733361981,19786770,19786857,14266549,114462
1790917740,68056172,69840121856,181415,0,,3,0,0,0,1282516,734268249,19808426,19808511,14274151,114531
1790917741,68057096,69840523264,181878,0,,5,0,0,0,1268722,734877405,19822562,19822644,14299289,114727
1790917742,68057632,69841358848,181878,0,,3,0,0,0,1278893,735781610,19844229,19844313,14306874,114794
1790917743,68056068,69840007168,182255,0,,3,0,0,0,1265027,736385127,19858389,19858475,14332082,114993
1790917744,68055896,69839020032,182255,0,,3,0,0,0,1275257,737303321,19879946,19880032,14339877,115060
1790917745,68055968,69839388672,182255,0,,4,0,0,0,1285459,738218788,19901560,19901645,14347358,115127
1790917746,68057060,69840277504,182255,0,,4,0,0,0,1295533,739086368,19923130,19923213,14354448,115189
1790917747,68056924,69839605760,182488,0,,0,0,0,0,1302849,739763039,19938550,19938637,14375853,115359
1790917748,68056740,69840162816,182552,0,,5,0,0,0,1291471,740606591,19958749,19958832,14387489,115457
1790917749,68057144,69840859136,182552,0,,3,0,0,0,1301096,741520011,19980538,19980623,14394986,115523
1790917750,68055992,69839663104,182552,0,,3,0,0,0,1311009,742419471,20002281,20002366,14402486,115588
1790917751,68057216,69840883712,183018,0,,2,0,0,0,1275349,742774468,20010553,20010637,14446085,115921
1790917752,68056848,69840551936,183018,0,,5,0,0,0,1284882,743680773,20032340,20032424,14454494,115994
1790917753,68056340,69840269312,183451,0,,3,0,0,0,1270741,744289057,20047084,20047171,14478877,116186
1790917754,68057676,69841874944,183451,0,,3,0,0,0,1280521,745228600,20068950,20069034,14486162,116252
1790917755,68058708,69842178048,183451,0,,5,0,0,0,1290642,746111851,20090817,20090903,14493589,116317
1790917756,68058168,69841645568,183451,0,,4,0,0,0,1300593,747030213,20112061,20112148,14503869,116404
1790917757,68059308,69842808832,183763,0,,4,0,0,0,1286873,747658179,20126872,20126958,14526823,116585
1790917758,68057908,69841604608,184085,0,,2,0,0,0,1273194,748267240,20141861,20141947,14552109,116784
1790917759,68056948,69840113664,184211,0,,0,0,0,0,1281081,748982768,20159183,20159270,14570331,116929
1790917760,68056888,69840322560,184579,0,,4,0,0,0,1269503,749776340,20177919,20178005,14584937,117049
1790917762,68056644,69840330752,184579,0,,5,0,0,0,1279062,750690248,20199864,20199950,14592636,117118
1790917763,68056812,69840003072,184579,0,,3,0,0,0,1288756,751605562,20221660,20221747,14599925,117183
1790917764,68056612,69840297984,184847,0,,4,0,0,0,1275007,752196021,20235862,20235948,14625106,117379
1790917765,68058124,69841850368,184847,0,,4,0,0,0,1284236,753069324,20258169,20258254,14633367,117453
1790917766,68058348,69841416192,184847,0,,3,0,0,0,1294713,754006142,20279859,20279943,14640872,117521
1790917767,68057976,69841993728,184847,0,,7,0,0,0,1304116,754920424,20301510,20301597,14648267,117586
1790917768,68059172,69842665472,184847,0,,4,0,0,0,1313748,755843064,20323242,20323327,14656161,117656
1790917769,68056900,69840359424,184847,0,,5,0,0,0,1322560,756747126,20345355,20345440,14663811,117726
1790917770,68057476,69841182720,184847,0,,2,0,0,0,1331662,757639338,20367535,20367622,14671373,117794
1790917771,68058208,69842382848,185149,0,,4,0,0,0,1317890,758211534,20381217,20381303,14696267,117988
1790917772,68058304,69842317312,185149,0,,5,0,0,0,1327271,759143952,20402693,20402779,14703903,118056
1790917773,68059952,69844045824,185705,0,,4,0,0,0,1313884,759739817,20416924,20417010,14729171,118253
1790917774,68060824,69844688896,186084,0,,4,0,0,0,1299964,760358615,20431890,20431974,14754462,118453
1790917775,68060104,69843427328,186617,0,,0,0,0,0,1306881,760968259,20446410,20446497,14777964,118637
1790917776,68061604,69845467136,187473,0,,4,0,0,0,1272963,761582664,20461125,20461210,14804669,118846
1790917777,68059884,69843451904,187473,0,,4,0,0,0,1282952,762518135,20482770,20482854,14812223,118913
1790917778,68057952,69842014208,187473,0,,5,0,0,0,1293316,763405677,20504503,20504589,14820090,118984
1790917779,68059012,69842300928,188458,0,,1,0,0,0,1300622,764046816,20519506,20519593,14843660,119168
1790917780,68057848,69840322560,189217,0,,1,0,0,0,1266733,764606592,20533067,20533154,14883734,119476
1790917781,68056660,69840441344,189325,0,,3,0,0,0,1255245,765425576,20552259,20552345,14896972,119587
1790917782,68057900,69841690624,190108,0,,3,0,0,0,1242499,766024453,20566285,20566368,14922377,119786
1790917784,68058016,69841547264,190108,0,,3,0,0,0,1252870,766947554,20588040,20588127,14929785,119853
1790917785,68058244,69841977344,190108,0,,4,0,0,0,1263572,767878957,20609709,20609796,14937040,119919
1790917786,68056528,69839478784,190108,0,,2,0,0,0,1274268,768777617,20631715,20631800,14944905,119989
1790917787,68056540,69840277504,190108,0,,4,0,0,0,1284163,769715068,20653346,20653432,14952354,120060
1790917788,68056332,69840060416,190108,0,,2,0,0,0,1293818,770634635,20675157,20675243,14959802,120127
1790917789,68056244,69839925248,190434,0,,4,0,0,0,1280108,771183904,20689209,20689296,14984604,120321
1790917790,68057664,69841420288,190434,0,,3,0,0,0,1288921,772080936,20711508,20711592,14992939,120394
1790917791,68058588,69842661376,190434,0,,4,0,0,0,1299021,772984172,20733439,20733521,15000596,120463
1790917792,68057912,69841694720,190434,0,,4,0,0,0,1308335,773893325,20755485,20755570,15008003,120529
1790917793,68057320,69840777216,190434,0,,3,0,0,0,1317934,774803916,20777245,20777332,15015518,120597
1790917794,68056940,69841477632,190790,0,,4,0,0,0,1303403,775350288,20790745,20790831,15040637,120793
1790917795,68056940,69841735680,190790,0,,5,0,0,0,1313394,776289246,20812461,20812547,15048177,120861
1790917796,68058176,69841731584,190790,0,,4,0,0,0,1322046,777202662,20834304,20834389,15056476,120935
1790917797,68057212,69841522688,190790,0,,3,0,0,0,1331689,778049284,20856730,20856816,15064287,121004
1790917798,68058036,69841842176,190790,0,,5,0,0,0,1340874,778958876,20878604,20878687,15071734,121072
1790917799,68057892,69840646144,190928,0,,0,0,0,0,1350514,779780508,20898658,20898745,15089037,121211
1790917800,68057548,69840031744,191237,0,,0,0,0,0,1337747,780432444,20914047,20914134,15111475,121387
1790917801,68059092,69843161088,191917,0,,4,0,0,0,1324690,781124266,20930672,20930755,15130386,121540
1790917802,68060004,69843861504,192522,0,,0,0,0,0,1331158,781712449,20945054,20945141,15153833,121724
1790917803,68057248,69840482304,192615,0,,3,0,0,0,1320731,782612993,20965944,20966030,15162966,121803
1790917804,68058356,69841633280,192912,0,,5,0,0,0,1327848,783225130,20980820,20980905,15187245,121994
1790917805,68059704,69843243008,192912,0,,2,0,0,0,1317880,784107645,21002651,21002733,15195727,122070
1790917806,68057696,69841965056,193673,0,,2,0,0,0,1303990,784734997,21017464,21017549,15220827,122266
1790917807,68059212,69843308544,194312,0,,3,0,0,0,1290450,785315319,21032228,21032314,15246048,122465
1790917808,68057784,69841584128,194312,0,,2,0,0,0,1301130,786256922,21053949,21054035,15253163,122529
1790917810,68056712,69840732160,195542,0,,4,0,0,0,1264816,786537905,21060596,21060682,15296333,122857
1790917811,68056704,69840453632,196289,0,,2,0,0,0,1252453,787203602,21076636,21076722,15321665,123054
1790917812,68056804,69840560128,196289,0,,5,0,0,0,1263782,788075878,21098334,21098420,15331373,123138
1790917813,68056624,69839847424,196986,0,,3,0,0,0,1250654,788706450,21113308,21113393,15354387,123319
1790917814,68056600,69840355328,196986,0,,4,0,0,0,1261786,789588850,21135396,21135480,15361928,123387
1790917815,68057604,69840588800,198363,0,,4,0,0,0,1248378,790154085,21148529,21148613,15386686,123579
1790917816,68058396,69841956864,198363,0,,3,0,0,0,1258867,791063203,21170262,21170347,15394658,123650
1790917817,68059432,69842747392,198363,0,,2,0,0,0,1269787,791976962,21192192,21192274,15401959,123717
1790917818,68059416,69843222528,198825,0,,4,0,0,0,1256220,792547334,21205986,21206073,15427010,123912
1790917819,68057208,69841203200,198825,0,,4,0,0,0,1266644,793459795,21227852,21227936,15434676,123982
1790917820,68057328,69841354752,199147,0,,2,0,0,0,1254238,794063831,21241619,21241704,15459683,124176
1790917821,68058236,69841739776,199147,0,,3,0,0,0,1264043,794989640,21263376,21263461,15467581,124247
1790917822,68056212,69839687680,200151,0,,1,0,0,0,1250440,795558613,21277176,21277261,15492484,124440
1790917823,68057420,69840670720,200151,0,,5,0,0,0,1261299,796480166,21298666,21298750,15499960,124507
1790917824,68058364,69842403328,200896,0,,2,0,0,0,1248229,797082153,21312780,21312862,15525104,124703
1790917825,68057048,69841326080,201132,0,,2,0,0,0,1235173,797672304,21326972,21327058,15550114,124897
1790917826,68058224,69842792448,201132,0,,2,0,0,0,1245551,798574578,21348733,21348817,15557854,124964
1790917827,68057380,69841391616,201132,0,,5,0,0,0,1256516,799473898,21370514,21370595,15565777,125035
1790917828,68057524,69841031168,201132,0,,5,0,0,0,1267352,800360896,21392612,21392699,15572388,125094
1790917829,68058744,69842579456,201132,0,,4,0,0,0,1277980,801260247,21414182,21414266,15579815,125162
1790917830,68059576,69842886656,201451,0,,0,0,0,0,1287006,802050599,21433375,21433462,15595607,125290
1790917831,68058288,69842792448,202101,0,,5,0,0,0,1274606,802767106,21449773,21449860,15612892,125431
1790917832,68057024,69840785408,202101,0,,4,0,0,0,1284926,803673253,21471238,21471325,15620278,125496
1790917833,68057168,69840924672,202101,0,,1,0,0,0,1295214,804555311,21493325,21493412,15627518,125562
1790917834,68055884,69839818752,202101,0,,4,0,0,0,1305275,805461173,21515099,21515183,15635108,125633
1790917835,68056224,69839978496,202101,0,,3,0,0,0,1315487,806406067,21536517,21536602,15642412,125699
1790917837,68056756,69839990784,202210,0,,0,0,0,0,1324067,807202782,21555212,21555299,15657046,125820
1790917838,68056404,69839679488,202568,0,,6,0,0,0,1310654,807902511,21571647,21571733,15675043,125967
1790917839,68056008,69839216640,202568,0,,2,0,0,0,1320901,808822725,21593491,21593576,15682340,126034
1790917840,68057176,69840412672,202568,0,,4,0,0,0,1330542,809732842,21615283,21615366,15690118,126106
1790917841,68058112,69841887232,202568,0,,2,0,0,0,1340115,810628264,21637481,21637567,15697602,126174
1790917842,68058612,69841383424,202620,0,,0,0,0,0,1348807,811400297,21656147,21656234,15711804,126290
1790917843,68057476,69840719872,203077,0,,4,0,0,0,1335750,812103045,21672793,21672878,15729360,126432
1790917844,68057252,69841043456,203077,0,,5,0,0,0,1345825,813012503,21694402,21694488,15736627,126497
1790917845,68057080,69841125376,203077,0,,3,0,0,0,1355378,813908798,21715902,21715988,15744175,126564
1790917846,68058300,69842628608,203077,0,,4,0,0,0,1364610,814815736,21737836,21737922,15751470,126629
1790917847,68057712,69841268736,203403,0,,5,0,0,0,1349872,815392986,21751473,21751560,15776934,126830
1790917848,68059096,69841870848,204539,0,,0,0,0,0,1357736,816060653,21766922,21767009,15799443,127008
1790917849,68058228,69842014208,204611,0,,3,0,0,0,1346729,816923081,21788098,21788183,15809226,127092
1790917850,68057060,69840846848,205235,0,,3,0,0,0,1333666,817528388,21802802,21802888,15834139,127288
1790917851,68058136,69841399808,205473,0,,5,0,0,0,1341440,818212468,21818604,21818691,15859460,127488
1790917852,68058844,69842612224,205473,0,,2,0,0,0,1330310,819127327,21840187,21840272,15867706,127562
1790917853,68057524,69841039360,205473,0,,4,0,0,0,1339647,820048375,21861909,21861996,15875860,127634
1790917854,68058764,69842284544,205473,0,,4,0,0,0,1349261,820945761,21884023,21884106,15882815,127698
1790917855,68059876,69843701760,205473,0,,2,0,0,0,1357966,821846561,21905917,21906001,15891104,127773
1790917856,68058956,69843251200,205473,0,,6,0,0,0,1367488,822753906,21927657,21927742,15898636,127840
1790917857,68059916,69843742720,205875,0,,5,0,0,0,1353504,823346164,21941659,21941743,15923754,128039
1790917858,68058640,69842182144,205875,0,,1,0,0,0,1362680,824266583,21963500,21963583,15930994,128105
1790917859,68057752,69841797120,207342,0,,3,0,0,0,1349058,824902296,21978382,21978468,15956488,128305
1790917860,68057640,69840121856,207448,0,,0,0,0,0,1357786,825707858,21997941,21998028,15971175,128425
1790917861,68055736,69838794752,208304,0,,5,0,0,0,1344472,826416098,22014665,22014751,15989387,128570
1790917863,68055880,69839527936,208304,0,,5,0,0,0,1354458,827331749,22036065,22036152,15996200,128630
1790917864,68056328,69839753216,208304,0,,2,0,0,0,1363794,828233928,22057727,22057814,16003817,128699
1790917865,68057464,69841145856,208304,0,,3,0,0,0,1373553,829128006,22079746,22079831,16011329,128766
1790917866,68058404,69842628608,209057,0,,1,0,0,0,1360292,829756726,22093748,22093819,16036657,128965
1790917867,68059480,69842710528,209057,0,,2,0,0,0,1369484,830703751,22115343,22115430,16043503,129027
1790917868,68058908,69842370560,209057,0,,2,0,0,0,1379582,831623178,22136906,22136991,16050827,129091
1790917869,68058396,69841592320,209057,0,,3,0,0,0,1388490,832491594,22159004,22159091,16058685,129161
1790917870,68058064,69842034688,209057,0,,5,0,0,0,1397326,833406772,22180861,22180948,16066179,129227
1790917871,68059736,69843677184,209057,0,,3,0,0,0,1406736,834310961,22202653,22202738,16073679,129294
1790917872,68059616,69842579456,209922,0,,0,0,0,0,1391522,834749626,22213410,22213497,16106864,129549
1790917873,68059520,69843259392,210170,0,,4,0,0,0,1378627,835433835,22230587,22230669,16123696,129686
1790917874,68059908,69843664896,210423,0,,4,0,0,0,1364223,836023421,22244900,22244985,16149306,129887
1790917875,68059508,69842460672,210423,0,,4,0,0,0,1374171,836974067,22266330,22266417,16156620,129951
1790917876,68061056,69844602880,211105,0,,3,0,0,0,1360719,837581763,22280480,22280567,16181776,130147
1790917877,68060820,69844107264,211105,0,,3,0,0,0,1369966,838473021,22302567,22302650,16189691,130217
1790917878,68060120,69842857984,212206,0,,0,0,0,0,1353952,838890674,22312323,22312410,16229572,130522
1790917879,68059304,69843054592,212255,0,,6,0,0,0,1343291,839722189,22332593,22332679,16240722,130617
1790917880,68059644,69842378752,212992,0,,0,0,0,0,1329009,840231656,22345174,22345261,16277177,130898
1790917881,68059764,69843202048,213142,0,,3,0,0,0,1316602,841005431,22363611,22363698,16291991,131020
1790917882,68060592,69845147648,213142,0,,2,0,0,0,1326918,841924704,22385181,22385266,16299497,131084
1790917883,68059532,69843050496,213142,0,,5,0,0,0,1336116,842828280,22407113,22407200,16307633,131154
1790917884,68058468,69842477056,213142,0,,5,0,0,0,1346238,843717007,22428972,22429058,16315155,131221
1790917885,68059000,69842456576,213142,0,,4,0,0,0,1356664,844639833,22450326,22450413,16323674,131297
1790917886,68059084,69843066880,213546,0,,3,0,0,0,1342192,845249790,22464872,22464957,16348128,131490
1790917887,68059336,69842767872,213546,0,,2,0,0,0,1351530,846171479,22486716,22486803,16355737,131556
1790917888,68059280,69843771392,213546,0,,6,0,0,0,1361356,847074912,22508470,22508556,16363388,131623
1790917890,68061028,69844779008,213942,0,,5,0,0,0,1368338,847700597,22522066,22522151,16388235,131816
1790917891,68059552,69843775488,213942,0,,6,0,0,0,1357708,848605020,22543751,22543837,16395889,131883
1790917892,68059808,69843292160,214494,0,,0,0,0,0,1364584,849190181,22557779,22557866,16419045,132064
1790917893,68059892,69843374080,214527,0,,4,0,0,0,1353823,850083437,22579145,22579230,16428065,132143
1790917894,68059652,69842890752,214527,0,,4,0,0,0,1363581,850990522,22600782,22600868,16436287,132216
1790917895,68059696,69843451904,215096,0,,5,0,0,0,1349275,851587822,22614733,22614820,16460950,132409
1790917896,68060048,69843542016,215096,0,,1,0,0,0,1359033,852477482,22636672,22636756,16468580,132479
1790917897,68060256,69844283392,215096,0,,2,0,0,0,1369261,853375691,22658608,22658694,16476009,132546
1790917898,68061592,69844537344,215240,0,,2,0,0,0,1378486,854247290,22679272,22679359,16491299,132670
1790917899,68061416,69845188608,215531,0,,5,0,0,0,1365395,854934066,22696029,22696114,16508668,132809
1790917900,68061900,69844389888,216205,0,,0,0,0,0,1350576,855345321,22705687,22705774,16544881,133088
1790917901,68060444,69843992576,216352,0,,3,0,0,0,1338868,856155690,22724111,22724197,16558752,133202
1790917902,68061844,69845929984,216352,0,,1,0,0,0,1348245,857048425,22746220,22746303,16566654,133273
1790917903,68061428,69845499904,216741,0,,3,0,0,0,1334945,857649097,22760306,22760390,16591571,133469
1790917904,68062548,69846618112,216741,0,,4,0,0,0,1345004,858543172,22782259,22782343,16599423,133536
1790917905,68061656,69844951040,216741,0,,4,0,0,0,1354256,859460992,22804046,22804129,16606919,133605
1790917906,68058956,69843472384,216741,0,,4,0,0,0,1364377,860379186,22825781,22825867,16614428,133672
1790917907,68058704,69842419712,217100,0,,3,0,0,0,1350164,860980963,22839677,22839760,16639375,133869
1790917908,68058796,69841502208,217753,0,,0,0,0,0,1334431,861302679,22847384,22847471,16679366,134175
1790917909,68058792,69841956864,217817,0,,6,0,0,0,1323681,862155610,22868366,22868452,16689441,134263
1790917910,68057656,69841354752,217817,0,,1,0,0,0,1333407,863063051,22890303,22890389,16697081,134329
1790917911,68057548,69841260544,217817,0,,3,0,0,0,1343181,863976238,22912051,22912138,16705259,134403
1790917912,68057268,69839933440,217846,0,,2,0,0,0,1352849,864837141,22932232,22932319,16717131,134503
1790917913,68057184,69841088512,219571,0,,4,0,0,0,1316249,865178246,22939854,22939939,16754994,134793
1790917914,68058492,69841969152,219571,0,,4,0,0,0,1326997,866068655,22961858,22961943,16762246,134859
1790917916,68058500,69842239488,219571,0,,1,0,0,0,1336157,866954331,22983993,22984078,16770270,134934
1790917917,68058628,69842116608,221491,0,,7,0,0,0,1322319,867552387,22998194,22998280,16795078,135129
1790917918,68058636,69842288640,221983,0,,4,0,0,0,1309223,868141367,23011947,23012031,16819787,135322
1790917919,68058700,69842448384,222650,0,,2,0,0,0,1295696,868741314,23026394,23026478,16844901,135517
1790917920,68057952,69841420288,222650,0,,2,0,0,0,1305998,869650917,23048362,23048447,16852572,135587
1790917921,68059168,69843394560,222650,0,,2,0,0,0,1316469,870552969,23070284,23070369,16860507,135656
1790917922,68058476,69842141184,222989,0,,3,0,0,0,1303595,871127239,23083673,23083759,16885512,135853
1790917923,68059156,69843161088,222989,0,,4,0,0,0,1312814,872040247,23105601,23105683,16892725,135919
1790917924,68060392,69844455424,222989,0,,4,0,0,0,1322216,872962174,23127475,23127556,16900964,135995
1790917925,68060144,69842620416,223021,0,,0,0,0,0,1331772,873837612,23148117,23148204,16912419,136090
1790917926,68059296,69842018304,223647,0,,0,0,0,0,1317452,874366742,23160552,23160639,16942258,136321
1790917927,68058688,69842677760,223911,0,,3,0,0,0,1305381,875058391,23177901,23177987,16958854,136453
1790917928,68058800,69842550784,224571,0,,4,0,0,0,1292360,875634951,23192295,23192380,16983737,136648
1790917929,68060560,69844078592,224571,0,,3,0,0,0,1302961,876569295,23214046,23214130,16991091,136712
1790917930,68060648,69844688896,224571,0,,4,0,0,0,1313920,877472719,23235871,23235956,16998365,136778
1790917931,68059348,69843107840,225603,0,,1,0,0,0,1299932,878050945,23249348,23249434,17023075,136971
1790917932,68059556,69844090880,225603,0,,3,0,0,0,1309413,878976172,23270985,23271069,17031134,137042
1790917933,68059348,69842874368,225603,0,,5,0,0,0,1320396,879875900,23293104,23293190,17038406,137108
1790917934,68059460,69843316736,226488,0,,0,0,0,0,1327054,880444565,23307039,23307126,17061769,137291
1790917935,68058516,69842272256,226558,0,,4,0,0,0,1316931,881379776,23328315,23328402,17070752,137369
1790917936,68058720,69842206720,226558,0,,1,0,0,0,1326868,882289045,23350084,23350167,17078236,137435
1790917937,68058420,69842190336,226558,0,,3,0,0,0,1336927,883181950,23372284,23372369,17085896,137505
1790917938,68058840,69842608128,226558,0,,5,0,0,0,1347024,884107415,23394141,23394227,17093889,137576
1790917939,68060036,69844340736,226558,0,,2,0,0,0,1356830,885029940,23416470,23416554,17101554,137646
1790917940,68059956,69843767296,227517,0,,0,0,0,0,1364048,885704409,23432725,23432812,17126449,137840
1790917942,68059404,69842415616,227644,0,,0,0,0,0,1352968,886515171,23451985,23452072,17141424,137963
1790917943,68059356,69842653184,227865,0,,3,0,0,0,1340310,887199698,23468418,23468501,17159694,138110
1790917944,68059548,69842538496,228549,0,,0,0,0,0,1347029,887795123,23483146,23483233,17182866,138291
1790917945,68059740,69842739200,228772,0,,0,0,0,0,1334804,888487876,23499693,23499780,17201699,138439
1790917946,68060468,69844258816,229372,0,,2,0,0,0,1299343,888945724,23510816,23510901,17234847,138694
1790917947,68059972,69843513344,229638,0,,5,0,0,0,1285993,889548232,23525105,23525190,17259887,138889
1790917948,68060012,69844119552,229638,0,,4,0,0,0,1295870,890443574,23547154,23547238,17267597,138958
1790917949,68061628,69845442560,229638,0,,3,0,0,0,1306378,891326810,23568956,23569041,17275411,139028
1790917950,68060464,69844275200,229884,0,,4,0,0,0,1293242,891903084,23582726,23582812,17300000,139220
1790917951,68060712,69844267008,229884,0,,3,0,0,0,1303774,892836957,23604311,23604394,17308226,139292
1790917952,68060860,69843890176,229884,0,,2,0,0,0,1313946,893751321,23626186,23626271,17315129,139356
1790917953,68060436,69843992576,229884,0,,3,0,0,0,1323736,894662746,23647915,23648001,17323312,139427
1790917954,68060896,69845229568,229884,0,,1,0,0,0,1333128,895580161,23669460,23669542,17331431,139498
1790917955,68062232,69845049344,229900,0,,0,0,0,0,1342621,896421745,23690196,23690283,17343769,139601
1790917956,68059252,69841989632,230778,0,,3,0,0,0,1329193,897045652,23705102,23705189,17365916,139777
1790917957,68060336,69843111936,231889,0,,0,0,0,0,1313562,897447242,23714731,23714818,17399497,140036
1790917958,68059992,69843550208,232010,0,,2,0,0,0,1302073,898218569,23733204,23733290,17413533,140153
1790917959,68058732,69842780160,232426,0,,3,0,0,0,1288249,898810909,23746738,23746822,17438477,140349
1790917960,68058520,69842288640,232756,0,,3,0,0,0,1274577,899374216,23760821,23760905,17463387,140544
1790917961,68058776,69843079168,232756,0,,5,0,0,0,1284532,900275584,23782834,23782920,17471489,140614
1790917962,68059044,69843345408,233428,0,,3,0,0,0,1271656,900900797,23796443,23796530,17496020,140805
1790917963,68059208,69843238912,233428,0,,2,0,0,0,1282021,901794519,23818194,23818281,17503621,140874
1790917964,68060516,69844074496,233635,0,,4,0,0,0,1268443,902377475,23832438,23832520,17528595,141071
1790917965,68059312,69842571264,233635,0,,4,0,0,0,1278540,903270834,23854363,23854448,17536539,141142
1790917966,68059176,69842952192,233888,0,,4,0,0,0,1265234,903868728,23868492,23868578,17561880,141342
1790917967,68058328,69842350080,233888,0,,2,0,0,0,1275174,904803212,23890336,23890421,17569359,141408
1790917969,68058596,69842608128,233888,0,,5,0,0,0,1285698,905686877,23912275,23912362,17577210,141482
1790917970,68058900,69841375232,234099,0,,1,0,0,0,1293567,906351373,23928413,23928500,17597343,141641
1790917971,68059676,69843206144,234512,0,,3,0,0,0,1258687,906840954,23940328,23940412,17627314,141875
1790917972,68058680,69842444288,234917,0,,3,0,0,0,1245019,907456524,23954664,23954748,17652658,142076
1790917973,68059504,69843550208,235816,0,,4,0,0,0,1252176,908046211,23968582,23968666,17677800,142273
1790917974,68060576,69844074496,236177,0,,3,0,0,0,1218490,908649314,23982617,23982700,17702971,142472
1790917975,68059656,69841887232,236248,0,,0,0,0,0,1228375,909475675,24003128,24003215,17716508,142585
1790917976,68059484,69843521536,237534,0,,5,0,0,0,1191547,909819576,24011524,24011608,17753071,142868
1790917977,68060672,69844475904,237534,0,,2,0,0,0,1202194,910736715,24033110,24033194,17760706,142936
1790917978,68058140,69842665472,237534,0,,7,0,0,0,1213526,911658433,24054375,24054460,17767820,143001
1790917979,68059752,69842239488,237627,0,,0,0,0,0,1223871,912499239,24074640,24074727,17781147,143111
1790917980,68059636,69843144704,237926,0,,3,0,0,0,1210497,913147062,24089714,24089799,17800328,143265
1790917981,68058400,69842661376,237926,0,,3,0,0,0,1221537,914065740,24111221,24111308,17808153,143336
1790917982,68059736,69843509248,238848,0,,2,0,0,0,1207714,914643352,24124979,24125064,17833063,143532
1790917983,68059648,69843197952,238848,0,,5,0,0,0,1218381,915533924,24146789,24146875,17840908,143603
1790917984,68059240,69842522112,238848,0,,3,0,0,0,1228410,916456439,24168482,24168569,17848537,143671
1790917985,68059472,69842763776,238848,0,,4,0,0,0,1239144,917348993,24190243,24190330,17856009,143737
1790917986,68059416,69842919424,239592,0,,6,0,0,0,1225189,917892643,24203520,24203607,17880507,143928
1790917987,68057748,69841739776,239592,0,,3,0,0,0,1235941,918787713,24224970,24225055,17888072,143994
1790917988,68057192,69841145856,240366,0,,5,0,0,0,1221712,919348038,24238828,24238914,17913380,144192
1790917989,68058864,69842092032,240366,0,,1,0,0,0,1232256,920234854,24260626,24260710,17921441,144263
1790917990,68059112,69842874368,240366,0,,4,0,0,0,1242230,921146391,24282327,24282411,17928941,144330
1790917991,68059096,69842571264,240691,0,,3,0,0,0,1228125,921682669,24295186,24295272,17959405,144566
1790917992,68059028,69841989632,241176,0,,0,0,0,0,1213656,922149809,24306662,24306749,17990514,144807
1790917993,68058932,69842939904,241341,0,,2,0,0,0,1202154,922940196,24325522,24325608,18004213,144922
1790917994,68058356,69841567744,241341,0,,6,0,0,0,1212406,923841096,24347418,24347505,18011773,144990
1790917995,68058996,69843263488,241341,0,,1,0,0,0,1222947,924741068,24368872,24368956,18019493,145059
1790917997,68057908,69841383424,241341,0,,6,0,0,0,1232645,925636922,24390677,24390761,18027465,145131
1790917998,68059164,69843181568,242368,0,,3,0,0,0,1219392,926244475,24403609,24403690,18051859,145322
1790917999,68059084,69843353600,243174,0,,3,0,0,0,1205603,926854627,24417256,24417340,18076865,145518
1790918000,68059036,69842763776,243174,0,,3,0,0,0,1216573,927781202,24438797,24438882,18084153,145583
1790918001,68058484,69842558976,243692,0,,6,0,0,0,1223777,928323725,24452319,24452404,18108688,145775
1790918002,68059652,69843955712,244026,0,,6,0,0,0,1190143,928931868,24466504,24466590,18133601,145970
1790918003,68059780,69842800640,244118,0,,0,0,0,0,1199783,929735568,24486196,24486283,18147898,146087
1790918004,68060340,69844140032,244518,0,,5,0,0,0,1186420,930386056,24502452,24502536,18166640,146238
1790918005,68061700,69846065152,244518,0,,2,0,0,0,1197172,931277207,24524248,24524333,18174410,146309
1790918006,68061768,69845245952,244518,0,,1,0,0,0,1208354,932155158,24546308,24546395,18181881,146377
1790918007,68062000,69845577728,245030,0,,5,0,0,0,1194743,932736431,24560397,24560481,18207028,146576
1790918008,68059852,69843378176,245030,0,,4,0,0,0,1205926,933656752,24581838,24581924,18214407,146640
1790918009,68059604,69843169280,245030,0,,5,0,0,0,1215427,934588021,24603600,24603685,18221687,146707
1790918010,68058636,69841092608,245301,0,,1,0,0,0,1224298,935281547,24620868,24620955,18240258,146855
1790918011,68058620,69842120704,245510,0,,3,0,0,0,1212518,936066162,24639342,24639428,18254155,146970
1790918012,68058552,69841014784,246437,0,,0,0,0,0,1197877,936464214,24648885,24648972,18292405,147263
1790918013,68058556,69842579456,247019,0,,6,0,0,0,1163883,937005661,24661077,24661164,18322019,147495
1790918014,68060260,69843931136,247019,0,,1,0,0,0,1174951,937936123,24682734,24682815,18329346,147560
1790918015,68060656,69844463616,248393,0,,4,0,0,0,1162985,938521658,24696679,24696765,18355065,147759
1790918016,68056552,69839564800,249235,0,,5,0,0,0,1146565,938858054,24704531,24704618,18396437,148075
1790918017,68056420,69839945728,249748,0,,4,0,0,0,1114167,939464017,24718962,24719048,18422470,148279
1790918018,68056092,69838344192,250002,0,,0,0,0,0,1123023,940141266,24735541,24735628,18442210,148437
1790918019,68056680,69840736256,250614,0,,4,0,0,0,1113884,940951725,24754780,24754866,18454616,148541
1790918020,68058228,69841805312,250614,0,,4,0,0,0,1124935,941847667,24776432,24776512,18462285,148607
1790918021,68057364,69841465344,251369,0,,1,0,0,0,1111874,942397764,24789725,24789808,18487796,148808
1790918022,68058568,69842169856,251369,0,,4,0,0,0,1122906,943286602,24811582,24811667,18495464,148878
1790918023,68059956,69843865600,251369,0,,4,0,0,0,1133195,944191991,24833352,24833435,18503020,148945
1790918025,68059444,69843333120,251369,0,,6,0,0,0,1144565,945104796,24855170,24855256,18510504,149012
1790918026,68058776,69842391040,251867,0,,5,0,0,0,1131499,945664044,24868436,24868519,18535093,149204
1790918027,68058908,69841764352,251867,0,,0,0,0,0,1141917,946580432,24890250,24890334,18542498,149268
1790918028,68058724,69842341888,251867,0,,4,0,0,0,1152703,947532521,24911556,24911642,18550352,149338
1790918029,68059868,69842993152,252596,0,,0,0,0,0,1159791,948120051,24925593,24925680,18573414,149518
1790918030,68058728,69842333696,252870,0,,4,0,0,0,1150220,949001118,24946580,24946664,18582887,149601
1790918031,68057404,69841235968,252870,0,,3,0,0,0,1161400,949951771,24967879,24967964,18590167,149665
1790918032,68059144,69843529728,252870,0,,4,0,0,0,1172095,950873823,24989294,24989378,18597500,149729
1790918033,68058904,69842522112,252870,0,,5,0,0,0,1182497,951783416,25011020,25011107,18605003,149796
1790918034,68057636,69841448960,252870,0,,3,0,0,0,1193621,952668245,25032700,25032786,18612559,149863
1790918035,68057776,69841358848,253542,0,,3,0,0,0,1179481,953239063,25045825,25045911,18637076,150057
1790918036,68057852,69840945152,253542,0,,4,0,0,0,1190158,954124634,25067417,25067502,18645735,150133
1790918037,68058096,69841432576,254873,0,,5,0,0,0,1176509,954745089,25081502,25081588,18669635,150319
1790918038,68057988,69841608704,254873,0,,3,0,0,0,1186590,955658785,25103131,25103216,18677397,150387
1790918039,68059564,69842677760,254873,0,,2,0,0,0,1196883,956574850,25124704,25124788,18685124,150456
1790918040,68057784,69841113088,254873,0,,4,0,0,0,1207023,957502485,25146171,25146257,18692436,150522
1790918041,68057768,69841625088,254873,0,,4,0,0,0,1217474,958402309,25167977,25168064,18700070,150591
1790918042,68057856,69840445440,255098,0,,0,0,0,0,1224174,959006843,25182246,25182333,18721348,150760
1790918043,68057852,69841485824,255661,0,,4,0,0,0,1189638,959549342,25194918,25195004,18749587,150980
1790918044,68058116,69841911808,255661,0,,4,0,0,0,1200234,960458140,25216845,25216931,18757244,151048
1790918045,68059276,69842915328,255661,0,,4,0,0,0,1210397,961390338,25238490,25238574,18764733,151115
1790918046,68058956,69842853888,255661,0,,3,0,0,0,1220147,962285133,25260124,25260211,18772142,151182
1790918047,68059060,69842190336,255661,0,,3,0,0,0,1230337,963189645,25281722,25281805,18779563,151248
1790918048,68060424,69844058112,256180,0,,3,0,0,0,1236751,963741658,25294806,25294889,18804386,151442
1790918049,68060256,69844213760,256180,0,,0,0,0,0,1225629,964678303,25316391,25316473,18812285,151513
1790918050,68060492,69843140608,256275,0,,0,0,0,0,1235659,965453415,25335366,25335453,18827836,151640
1790918051,68062032,69845766144,256917,0,,2,0,0,0,1225989,966149221,25351935,25352016,18844560,151776
1790918053,68060384,69843808256,256917,0,,3,0,0,0,1236205,967060375,25373639,25373726,18852050,151844
1790918054,68059036,69842681856,256917,0,,3,0,0,0,1243192,967974541,25394778,25394862,18863272,151940
1790918055,68058196,69840801792,257562,0,,0,0,0,0,1228939,968518513,25408039,25408126,18896792,152200
1790918056,68056324,69840121856,257772,0,,3,0,0,0,1216682,969274837,25426523,25426610,18911247,152320
1790918057,68057732,69841354752,258652,0,,3,0,0,0,1203643,969842080,25440596,25440682,18935878,152514
1790918058,68057872,69842296832,259652,0,,5,0,0,0,1189935,970426802,25454701,25454788,18960998,152711
1790918059,68057352,69840707584,259652,0,,5,0,0,0,1200862,971336010,25476407,25476494,18969141,152784
1790918060,68056448,69840027648,260556,0,,1,0,0,0,1188267,971950682,25490848,25490934,18993889,152980
1790918061,68056448,69839781888,260556,0,,3,0,0,0,1198478,972826486,25513000,25513085,19001628,153050
1790918062,68056768,69840605184,260556,0,,2,0,0,0,1209219,973755103,25534588,25534672,19009248,153119
1790918063,68056800,69839368192,260963,0,,0,0,0,0,1215838,974350505,25549328,25549415,19031871,153296
1790918064,68057720,69841301504,260998,0,,3,0,0,0,1204688,975198323,25570428,25570512,19042042,153387
1790918065,68059308,69841797120,261143,0,,0,0,0,0,1214370,975985335,25589153,25589240,19058152,153518
1790918066,68059496,69843701760,261460,0,,1,0,0,0,1202641,976689110,25606207,25606292,19074427,153652
1790918067,68059452,69843173376,262202,0,,3,0,0,0,1189151,977260226,25620150,25620236,19099670,153849
1790918068,68059528,69843206144,262202,0,,7,0,0,0,1199606,978175062,25642037,25642123,19107284,153917
1790918069,68058592,69841715200,263125,0,,3,0,0,0,1187041,978799388,25655717,25655802,19132681,154115
1790918070,68059540,69842964480,263125,0,,3,0,0,0,1196845,979715240,25677760,25677843,19139910,154182
1790918071,68058172,69842046976,263125,0,,3,0,0,0,1207227,980622213,25699673,25699758,19147190,154248
1790918072,68059504,69842911232,263489,0,,0,0,0,0,1214940,981246754,25714778,25714865,19171551,154437
1790918073,68059680,69844127744,263529,0,,4,0,0,0,1204959,982145219,25736443,25736526,19180385,154514
1790918074,68059396,69842825216,263529,0,,4,0,0,0,1215673,983071573,25758045,25758129,19188171,154583
1790918076,68061192,69844856832,263529,0,,5,0,0,0,1225905,983990685,25779939,25780023,19195542,154649
1790918077,68062068,69845811200,263915,0,,6,0,0,0,1232714,984571686,25794553,25794638,19220235,154842
1790918078,68062172,69845409792,265262,0,,4,0,0,0,1198895,985152265,25808446,25808531,19245271,155040
1790918079,68062268,69845753856,265984,0,,3,0,0,0,1195123,985778855,25822659,25822743,19270780,155239
1790918080,68061348,69843476480,265984,0,,5,0,0,0,1204653,986679831,25844712,25844798,19278088,155304
1790918081,68058744,69842657280,265984,0,,5,0,0,0,1214990,987611137,25866172,25866259,19285593,155370
1790918082,68059948,69843861504,266799,0,,5,0,0,0,1212468,988199595,25879774,25879859,19310296,155562
1790918083,68058320,69841969152,266799,0,,2,0,0,0,1202652,989073724,25901685,25901771,19318251,155632
1790918084,68057808,69841940480,266799,0,,4,0,0,0,1212948,990002884,25922985,25923070,19325453,155700
1790918085,68058000,69841633280,266799,0,,2,0,0,0,1223573,990890709,25944916,25945001,19333225,155770
1790918086,68057876,69841248256,266799,0,,4,0,0,0,1233769,991829777,25966604,25966689,19340521,155838
1790918087,68058092,69841727488,266799,0,,3,0,0,0,1243351,992733193,25988324,25988408,19349169,155913
1790918088,68057724,69840809984,267374,0,,5,0,0,0,1229691,993260117,26001038,26001124,19373354,156101
1790918089,68057832,69841457152,267374,0,,5,0,0,0,1239504,994172640,26022743,26022830,19380888,156170
1790918090,68059340,69843505152,268271,0,,4,0,0,0,1225500,994770272,26035725,26035811,19405962,156365
1790918091,68059200,69842808832,268271,0,,7,0,0,0,1234597,995671564,26057626,26057711,19413900,156438
1790918092,68059612,69843005440,268746,0,,4,0,0,0,1241440,996244501,26071492,26071578,19438517,156630
1790918093,68058260,69842161664,268746,0,,5,0,0,0,1231591,997119766,26093350,26093436,19446535,156702
1790918094,68058128,69841244160,268746,0,,1,0,0,0,1241817,998057737,26115028,26115114,19453949,156767
1790918095,68059020,69842329600,268746,0,,4,0,0,0,1251767,998947642,26136978,26137063,19461640,156836
1790918096,68057576,69840859136,268746,0,,5,0,0,0,1261273,999867461,26158797,26158884,19469345,156906
1790918097,68058008,69841780736,268746,0,,2,0,0,0,1271350,1000762768,26180565,26180648,19476765,156972
1790918098,68057220,69839941632,268746,0,,4,0,0,0,1281081,1001681881,26202401,26202485,19484174,157038
1790918099,68056228,69838680064,269458,0,,0,0,0,0,1289710,1002456343,26220450,26220537,19499778,157165
1790918100,68057272,69841297408,270263,0,,3,0,0,0,1276884,1003204262,26237312,26237396,19516211,157298
1790918102,68057280,69841342464,270263,0,,2,0,0,0,1286962,1004112583,26259271,26259354,19523839,157368
1790918103,68057468,69840961536,270263,0,,5,0,0,0,1296768,1005005656,26281193,26281280,19531566,157437
1790918104,68058216,69840687104,270403,0,,0,0,0,0,1305159,1005783027,26300287,26300374,19549624,157581
1790918105,68059424,69842206720,270911,0,,0,0,0,0,1292103,1006422942,26316023,26316110,19572470,157762
1790918106,68054892,69838872576,271137,0,,3,0,0,0,1279334,1007114395,26332710,26332794,19589925,157903
1790918107,68055616,69839089664,272177,0,,5,0,0,0,1265968,1007694264,26346860,26346944,19614642,158097
1790918108,68055372,69839101952,272177,0,,4,0,0,0,1275630,1008598329,26368531,26368618,19622899,158172
1790918109,68055024,69838725120,273319,0,,3,0,0,0,1261747,1009185979,26382271,26382356,19647740,158365
1790918110,68054820,69838839808,273319,0,,5,0,0,0,1271920,1010086744,26404034,26404121,19655622,158435
1790918111,68054460,69837963264,274298,0,,4,0,0,0,1258352,1010637679,26417569,26417655,19680719,158630
1790918112,68054040,69837709312,274905,0,,3,0,0,0,1244561,1011223947,26432007,26432092,19705308,158822
1790918113,68054124,69837611008,274905,0,,3,0,0,0,1255795,1012135851,26453799,26453884,19712690,158888
1790918114,68055344,69839634432,274905,0,,2,0,0,0,1266148,1013045055,26475413,26475496,19720515,158956
1790918115,68056904,69839699968,275436,0,,3,0,0,0,1252256,1013624709,26489106,26489190,19745167,159148
1790918116,68056756,69840576512,275436,0,,3,0,0,0,1262901,1014525222,26511013,26511100,19752604,159214
1790918117,68056412,69839937536,275436,0,,3,0,0,0,1273017,1015432732,26532753,26532839,19760531,159284
1790918118,68056156,69839683584,276123,0,,2,0,0,0,1259123,1015980409,26546116,26546202,19785423,159480
1790918119,68056244,69840314368,276123,0,,2,0,0,0,1269698,1016865664,26567634,26567719,19792959,159549
1790918120,68057812,69841158144,276123,0,,3,0,0,0,1279328,1017790153,26589330,26589412,19800359,159614
1790918121,68057444,69840506880,276123,0,,3,0,0,0,1289471,1018692005,26611147,26611233,19808007,159683
1790918122,68058324,69841932288,276123,0,,1,0,0,0,1299086,1019604519,26632868,26632951,19816035,159753
1790918123,68059204,69843337216,276123,0,,5,0,0,0,1308596,1020506898,26654711,26654796,19823592,159819
1790918124,68058900,69842526208,276123,0,,3,0,0,0,1317992,1021444085,26676305,26676391,19831019,159885
1790918125,68058928,69842784256,276765,0,,3,0,0,0,1304403,1022016491,26689674,26689757,19855929,160080
1790918127,68058892,69843337216,276765,0,,6,0,0,0,1314100,1022958211,26711134,26711218,19863252,160146
1790918128,68056168,69839970304,276765,0,,6,0,0,0,1323634,1023866659,26732934,26733020,19871365,160217
1790918129,68057224,69840515072,277209,0,,2,0,0,0,1309556,1024421093,26746153,26746238,19895945,160409
1790918130,68056416,69839745024,277209,0,,5,0,0,0,1319565,1025326325,26767897,26767981,19903373,160474
1790918131,68055744,69838225408,277288,0,,0,0,0,0,1328913,1026135059,26787479,26787566,19917359,160590
1790918132,68056896,69838901248,277575,0,,0,0,0,0,1315810,1026760387,26802718,26802805,19939039,160759
1790918133,68056076,69839355904,278047,0,,1,0,0,0,1301915,1027361210,26816838,26816923,19961017,160933
1790918134,68056000,69839499264,278439,0,,2,0,0,0,1288875,1027965712,26831133,26831219,19986099,161128
1790918135,68054532,69837254656,278593,0,,0,0,0,0,1298161,1028712465,26849867,26849954,20001041,161249
1790918136,68055140,69838393344,279187,0,,3,0,0,0,1262764,1029095789,26859012,26859099,20036213,161520
1790918137,68054032,69837770752,279187,0,,5,0,0,0,1271984,1029978652,26880923,26881009,20043602,161585
1790918138,68054268,69837258752,279311,0,,3,0,0,0,1259264,1030567815,26895239,26895326,20068229,161778
1790918139,68052984,69835935744,279311,0,,3,0,0,0,1269560,1031458673,26916912,26916997,20076491,161851
1790918140,68054384,69837627392,280136,0,,1,0,0,0,1255879,1032062661,26930914,26930999,20101218,162044
1790918141,68053236,69835624448,280255,0,,0,0,0,0,1264743,1032803664,26948680,26948767,20118202,162181
1790918142,68054696,69837172736,280597,0,,0,0,0,0,1251565,1033389686,26962211,26962298,20143526,162380
1790918143,68053688,69837185024,280788,0,,5,0,0,0,1240144,1034089107,26980606,26980693,20158448,162503
1790918144,68053768,69837266944,280788,0,,3,0,0,0,1250882,1034978153,27002330,27002416,20166222,162574
1790918145,68055272,69839310848,280788,0,,6,0,0,0,1260906,1035900041,27023929,27024012,20173558,162642
1790918146,68054992,69838704640,280788,0,,5,0,0,0,1271502,1036778283,27045511,27045597,20181191,162712
1790918147,68055052,69838770176,280788,0,,6,0,0,0,1281197,1037693334,27067265,27067350,20188931,162780
1790918148,68055992,69839273984,280788,0,,3,0,0,0,1291207,1038610381,27089009,27089093,20196584,162852
1790918149,68054852,69838397440,281166,0,,1,0,0,0,1297474,1039155700,27102273,27102360,20219914,163034
1790918150,68053672,69837176832,281256,0,,2,0,0,0,1287394,1040031534,27123757,27123838,20228495,163112
1790918151,68053608,69837856768,281256,0,,1,0,0,0,1297636,1040927543,27144989,27145072,20235802,163178
1790918152,68053968,69838258176,281256,0,,3,0,0,0,1307041,1041780380,27167134,27167219,20243183,163245
1790918153,68055068,69838348288,281671,0,,3,0,0,0,1313845,1042374558,27181296,27181380,20268388,163443
1790918154,68054252,69838020608,281671,0,,4,0,0,0,1303289,1043300396,27203534,27203617,20275845,163511
1790918156,68054124,69837111296,281671,0,,3,0,0,0,1313278,1044209373,27225580,27225665,20283717,163583
1790918157,68055284,69837586432,282283,0,,0,0,0,0,1299021,1044728262,27238717,27238804,20314288,163821
1790918158,68053572,69836857344,283475,0,,3,0,0,0,1285642,1045385688,27254444,27254531,20334802,163985
1790918159,68053260,69837082624,283820,0,,6,0,0,0,1271644,1045953347,27268165,27268251,20358663,164172
1790918160,68052844,69835845632,283820,0,,3,0,0,0,1281701,1046829148,27290002,27290088,20366719,164244
1790918161,68052944,69836197888,283820,0,,4,0,0,0,1291103,1047720043,27311880,27311965,20374511,164311
1790918162,68053468,69837524992,283820,0,,4,0,0,0,1300319,1048605809,27333413,27333500,20382275,164380
1790918163,68053312,69836599296,285127,0,,3,0,0,0,1306592,1049121554,27346659,27346745,20406440,164568
1790918164,68054308,69838131200,285127,0,,1,0,0,0,1295417,1050031368,27368500,27368583,20414261,164636
1790918165,68055572,69839163392,285127,0,,5,0,0,0,1304884,1050937861,27390108,27390190,20421717,164705
1790918166,68054284,69838610432,285127,0,,6,0,0,0,1314479,1051830644,27411814,27411901,20429580,164775
1790918167,68055972,69839306752,285127,0,,3,0,0,0,1324153,1052746439,27433072,27433156,20436949,164841
1790918168,68055756,69839073280,285563,0,,2,0,0,0,1309523,1053296786,27445613,27445699,20461502,165034
1790918169,68056020,69839372288,285563,0,,2,0,0,0,1320043,1054224395,27466968,27467052,20469184,165101
1790918170,68057320,69840715776,286703,0,,5,0,0,0,1302632,1054448292,27472843,27472929,20510272,165414
1790918171,68056348,69840207872,286703,0,,3,0,0,0,1292429,1055357290,27494664,27494750,20518615,165487
1790918172,68056392,69840252928,286703,0,,7,0,0,0,1302648,1056278466,27516546,27516631,20526165,165555
1790918173,68055992,69840134144,286703,0,,4,0,0,0,1312354,1057191635,27538353,27538438,20533677,165624
1790918174,68055428,69839003648,286703,0,,1,0,0,0,1321977,1058073597,27560007,27560094,20541764,165695
1790918175,68056800,69840650240,286703,0,,2,0,0,0,1332283,1058980217,27581642,27581727,20549248,165763
1790918176,68057648,69840949248,287008,0,,0,0,0,0,1338364,1059577971,27594950,27595037,20572136,165943
1790918177,68055252,69838589952,287097,0,,5,0,0,0,1327677,1060450160,27616311,27616398,20581198,166020
1790918178,68055396,69838987264,287097,0,,3,0,0,0,1337593,1061397034,27637681,27637762,20588784,166088
1790918179,68055780,69839872000,287097,0,,6,0,0,0,1346916,1062270695,27659658,27659741,20596888,166162
1790918180,68054384,69837950976,287751,0,,3,0,0,0,1332600,1062850371,27672905,27672991,20621219,166351
1790918181,68055644,69839458304,288074,0,,4,0,0,0,1319174,1063423729,27686699,27686786,20646215,166549
1790918183,68054216,69838016512,288707,0,,1,0,0,0,1326770,1064053944,27701924,27702011,20667572,166718
1790918184,68053992,69837430784,289025,0,,3,0,0,0,1315812,1064866111,27722242,27722329,20679030,166816
1790918185,68053896,69837201408,289025,0,,3,0,0,0,1325314,1065775319,27744131,27744217,20686855,166887
1790918186,68053724,69837463552,289025,0,,3,0,0,0,1334839,1066702929,27765694,27765780,20694181,166953
1790918187,68052924,69836693504,289025,0,,4,0,0,0,1344483,1067566673,27787799,27787886,20702491,167026
1790918188,68052972,69836505088,289025,0,,3,0,0,0,1354259,1068470897,27809529,27809612,20709906,167090
1790918189,68054172,69836947456,289358,0,,0,0,0,0,1361856,1069144026,27825145,27825232,20729027,167240
1790918190,68055392,69837950976,289571,0,,0,0,0,0,1348458,1069770789,27840219,27840306,20751689,167420
1790918191,68055448,69838008320,289834,0,,0,0,0,0,1334904,1070383552,27854882,27854969,20775173,167604
1790918192,68055164,69838213120,290464,0,,2,0,0,0,1322056,1071098898,27871938,27872024,20791664,167736
1790918193,68055452,69837758464,291492,0,,0,0,0,0,1306143,1071460814,27880415,27880502,20828810,168020
1790918194,68055180,69838266368,291622,0,,4,0,0,0,1295340,1072262178,27899611,27899698,20841295,168124
1790918195,68056332,69838413824,291775,0,,0,0,0,0,1304473,1073044993,27918043,27918130,20857990,168258
1790918196,68056248,69838594048,292275,0,,0,0,0,0,1289125,1073440648,27927555,27927642,20888831,168495
1790918197,68056580,69840465920,292305,0,,6,0,0,0,1278702,1074316153,27948396,27948479,20898734,168580
1790918198,68057440,69840601088,292585,0,,4,0,0,0,1265028,1074881825,27961747,27961832,20923620,168774
1790918199,68055360,69839495168,292873,0,,4,0,0,0,1252574,1075412225,27974751,27974838,20948488,168969
1790918200,68056856,69840523264,293612,0,,3,0,0,0,1238552,1076011561,27988319,27988405,20972726,169158
1790918201,68057760,69841928192,293612,0,,4,0,0,0,1249561,1076942270,28009828,28009912,20980825,169230
1790918202,68055552,69838942208,293612,0,,0,0,0,0,1260420,1077870650,28031374,28031459,20987866,169294
1790918203,68056900,69840371712,294171,0,,1,0,0,0,1246638,1078449142,28044607,28044689,21012940,169490
1790918204,68057000,69840961536,294171,0,,3,0,0,0,1257437,1079359020,28066214,28066300,21020116,169554
1790918205,68057096,69839708160,295199,0,,1,0,0,0,1265027,1079978951,28081718,28081805,21040607,169718
1790918206,68057052,69840183296,295649,0,,6,0,0,0,1230154,1080466812,28093210,28093295,21070252,169946
1790918207,68055644,69839278080,295649,0,,5,0,0,0,1240223,1081406365,28114803,28114888,21078204,170019
1790918208,68056196,69839589376,295649,0,,0,0,0,0,1250459,1082290154,28136903,28136989,21085672,170087
1790918209,68055616,69838725120,295649,0,,4,0,0,0,1260758,1083177508,28158540,28158626,21093388,170156
1790918211,68055952,69839069184,296416,0,,0,0,0,0,1268047,1083799008,28172771,28172858,21114893,170324
1790918212,68055780,69839421440,296521,0,,3,0,0,0,1257699,1084611426,28193028,28193113,21125667,170417
1790918213,68055496,69838864384,296521,0,,3,0,0,0,1268516,1085529937,28214656,28214743,21133111,170487
1790918214,68056300,69840420864,296521,0,,2,0,0,0,1278486,1086477011,28236033,28236118,21140880,170554
1790918215,68057332,69840728064,296521,0,,2,0,0,0,1288742,1087398229,28257478,28257558,21148080,170619
1790918216,68056280,69839929344,296986,0,,3,0,0,0,1275138,1087907823,28269633,28269719,21172465,170808
1790918217,68056880,69840285696,297540,0,,5,0,0,0,1261719,1088529888,28283992,28284078,21197017,171000
1790918218,68056996,69840916480,297540,0,,5,0,0,0,1271939,1089411326,28305871,28305958,21205079,171071
1790918219,68057336,69841006592,297540,0,,5,0,0,0,1282011,1090324940,28327576,28327661,21212350,171136
1790918220,68058600,69842571264,297540,0,,4,0,0,0,1292031,1091261407,28349215,28349299,21219866,171204
1790918221,68057076,69840740352,297540,0,,3,0,0,0,1301929,1092161484,28370959,28371046,21227872,171275
1790918222,68058388,69842358272,297979,0,,6,0,0,0,1287966,1092706836,28384288,28384371,21252038,171464
1790918223,68059732,69843148800,298348,0,,2,0,0,0,1273902,1093279994,28397460,28397544,21276649,171656
1790918224,68057908,69841842176,298348,0,,3,0,0,0,1284608,1094196672,28419102,28419188,21284205,171724
1790918225,68059216,69842944000,298348,0,,3,0,0,0,1294310,1095069692,28441206,28441290,21292161,171793
1790918226,68059448,69843197952,298636,0,,5,0,0,0,1280088,1095617082,28454303,28454387,21317107,171987
1790918227,68057136,69840560128,298636,0,,3,0,0,0,1290034,1096504216,28476381,28476466,21324825,172055
1790918228,68058720,69841563648,299223,0,,3,0,0,0,1276976,1097037585,28489600,28489686,21350088,172252
1790918229,68059524,69843267584,299223,0,,3,0,0,0,1287119,1097946788,28511708,28511794,21356864,172315
1790918230,68058472,69842419712,300109,0,,4,0,0,0,1273057,1098485208,28524727,28524812,21381815,172510
1790918231,68058560,69842526208,300595,0,,2,0,0,0,1259696,1099023093,28537883,28537967,21406619,172706
1790918232,68058496,69842665472,300595,0,,3,0,0,0,1269309,1099953507,28559580,28559666,21414135,172773
1790918233,68058016,69841436672,300595,0,,6,0,0,0,1280015,1100883757,28581295,28581382,21421180,172834
1790918234,68057912,69842116608,300997,0,,5,0,0,0,1286241,1101447894,28594142,28594229,21445975,173029
1790918235,68058280,69841731584,300997,0,,6,0,0,0,1275470,1102349521,28615664,28615750,21453612,173097
1790918236,68057876,69841543168,302053,0,,3,0,0,0,1261634,1102895425,28628587,28628673,21477904,173287
1790918237,68057592,69841526784,303684,0,,3,0,0,0,1248623,1103494490,28642167,28642252,21502405,173479
1790918239,68057624,69841817600,303684,0,,5,0,0,0,1259003,1104401393,28664071,28664157,21509679,173545
1790918240,68056708,69840617472,303684,0,,3,0,0,0,1269646,1105311335,28685914,28685997,21517540,173615
1790918241,68056036,69839671296,303684,0,,3,0,0,0,1279649,1106244642,28707689,28707775,21525099,173684
1790918242,68057544,69841211392,303684,0,,3,0,0,0,1288996,1107153021,28729772,28729856,21532499,173753
1790918243,68057528,69841461248,304544,0,,1,0,0,0,1275187,1107678843,28742417,28742504,21556761,173942
1790918244,68057332,69841776640,304544,0,,3,0,0,0,1284957,1108569189,28764431,28764517,21564718,174015
1790918245,68058844,69841510400,304857,0,,1,0,0,0,1293905,1109355746,28782324,28782411,21586967,174190
1790918246,68058868,69842833408,305298,0,,1,0,0,0,1258091,1109859890,28794229,28794314,21615621,174416
1790918247,68060304,69843517440,305535,0,,0,0,0,0,1268346,1110685824,28814783,28814870,21635820,174578
1790918248,68059304,69842755584,305674,0,,4,0,0,0,1256619,1111472467,28833322,28833406,21649529,174692
1790918249,68059496,69843267584,305674,0,,2,0,0,0,1266948,1112376438,28855091,28855178,21657639,174764
1790918250,68060520,69844324352,306187,0,,3,0,0,0,1253031,1112913266,28867956,28868040,21681870,174956
1790918251,68061672,69845450752,307037,0,,2,0,0,0,1252507,1113495772,28881518,28881604,21706630,175149
1790918252,68058684,69842378752,307037,0,,6,0,0,0,1262522,1114392648,28903289,28903374,21714214,175218
1790918253,68059016,69842223104,307474,0,,5,0,0,0,1257568,1115053953,28919060,28919145,21739357,175416
1790918255,68058592,69841997824,307474,0,,8,0,0,0,1247567,1115958760,28940716,28940801,21747571,175492
1790918256,68057428,69841051648,308259,0,,5,0,0,0,1234597,1116518229,28954550,28954637,21772500,175686
1790918257,68058440,69841821696,308259,0,,1,0,0,0,1244978,1117415281,28976236,28976322,21780189,175757
1790918258,68054868,69838434304,308259,0,,2,0,0,0,1255594,1118307365,28997193,28997278,21789461,175837
1790918259,68055068,69838368768,308750,0,,4,0,0,0,1241132,1118885217,29010505,29010590,21812644,176021
1790918260,68053904,69837664256,308750,0,,5,0,0,0,1251688,1119792366,29032010,29032095,21820375,176090
1790918261,68054360,69838151680,308750,0,,5,0,0,0,1261904,1120709192,29053738,29053823,21827629,176154
1790918262,68054552,69837582336,308750,0,,1,0,0,0,1272268,1121617576,29075297,29075382,21835257,176222
1790918263,68054492,69838049280,309493,0,,3,0,0,0,1257563,1122154718,29087731,29087816,21860272,176418
1790918264,68055752,69838086144,310109,0,,0,0,0,0,1241422,1122514447,29096389,29096476,21894475,176682
1790918265,68057192,69840789504,310289,0,,3,0,0,0,1229966,1123280791,29114081,29114164,21908971,176799
1790918266,68055212,69837471744,311804,0,,1,0,0,0,1215088,1123702887,29123557,29123644,21946891,177089
1790918267,68054352,69837402112,311935,0,,6,0,0,0,1204016,1124508420,29142892,29142977,21959527,177194
1790918268,68054960,69837725696,312453,0,,0,0,0,0,1212420,1125240546,29160755,29160842,21976044,177326
1790918269,68055284,69837549568,313279,0,,0,0,0,0,1197891,1125704166,29172291,29172378,22003605,177540
1790918270,68056940,69840027648,313396,0,,2,0,0,0,1187379,1126492923,29191114,29191200,22016575,177648
1790918271,68057088,69841494016,313396,0,,2,0,0,0,1198678,1127379573,29212694,29212779,22025821,177728
1790918272,68058036,69841649664,313671,0,,2,0,0,0,1184783,1127947697,29226259,29226344,22048713,177909
1790918273,68056908,69840744448,313671,0,,3,0,0,0,1195156,1128843286,29248066,29248150,22056453,177977
1790918274,68056244,69840076800,314232,0,,5,0,0,0,1182037,1129354369,29260345,29260432,22080716,178166
1790918275,68057568,69841199104,314513,0,,0,0,0,0,1190227,1130056663,29277495,29277582,22105948,178364
1790918276,68058600,69842214912,314944,0,,4,0,0,0,1156507,1130632904,29290606,29290686,22131674,178565
1790918278,68058508,69842141184,314944,0,,1,0,0,0,1166871,1131542683,29312378,29312463,22139695,178639
1790918279,68058540,69841182720,315185,0,,0,0,0,0,1176900,1132308519,29331486,29331573,22155033,178765
1790918280,68059708,69844140032,315788,0,,1,0,0,0,1164785,1132985336,29347872,29347955,22172389,178905
1790918281,68057504,69840879616,315788,0,,3,0,0,0,1174525,1133901032,29369422,29369509,22180093,178973
1790918282,68058144,69841244160,315788,0,,2,0,0,0,1185438,1134821014,29391114,29391197,22187838,179043
1790918283,68057892,69841272832,315788,0,,4,0,0,0,1195617,1135711811,29412861,29412947,22195485,179112
1790918284,68058116,69842247680,316946,0,,3,0,0,0,1181431,1136267687,29426271,29426356,22220160,179304
1790918285,68057136,69841240064,316946,0,,4,0,0,0,1191964,1137174236,29447728,29447814,22227545,179370
1790918286,68057084,69840429056,316946,0,,6,0,0,0,1202646,1138076414,29469258,29469344,22235126,179437
1790918287,68056880,69840478208,316946,0,,1,0,0,0,1213601,1138970394,29490701,29490787,22242617,179504
1790918288,68056364,69839712256,316946,0,,3,0,0,0,1222793,1139877505,29512506,29512592,22250191,179573
1790918289,68058296,69841489920,316946,0,,3,0,0,0,1232972,1140777408,29533898,29533982,22257989,179643
1790918290,68058452,69841784832,317588,0,,3,0,0,0,1218878,1141303846,29546668,29546752,22282540,179835
1790918291,68058452,69841747968,317588,0,,4,0,0,0,1229147,1142218390,29568369,29568455,22289808,179900
1790918292,68058116,69841924096,318517,0,,3,0,0,0,1215043,1142760984,29581055,29581142,22314664,180095
1790918293,68058236,69840502784,318776,0,,0,0,0,0,1223053,1143454535,29598015,29598102,22332172,180235
1790918294,68057092,69839319040,319335,0,,0,0,0,0,1210196,1144030893,29612236,29612323,22357127,180431
1790918295,68058220,69842014208,319557,0,,4,0,0,0,1197988,1144767439,29630115,29630199,22372444,180555
1790918296,68057356,69841166336,319557,0,,4,0,0,0,1208161,1145679880,29651811,29651897,22379926,180624
1790918297,68057544,69841338368,319557,0,,4,0,0,0,1219062,1146562460,29673472,29673557,22388521,180701
1790918298,68057648,69841473536,320438,0,,3,0,0,0,1205007,1147127398,29686462,29686548,22412011,180886
1790918299,68056640,69839851520,321276,0,,4,0,0,0,1192442,1147679430,29700029,29700115,22436716,181079
1790918300,68057652,69840445440,322421,0,,7,0,0,0,1178486,1148217270,29713488,29713573,22463216,181285
1790918301,68058252,69842522112,322995,0,,2,0,0,0,1164909,1148800726,29727676,29727762,22486418,181468
1790918302,68057420,69840408576,322995,0,,4,0,0,0,1175586,1149714082,29749268,29749353,22493979,181536
1790918303,68057948,69841780736,322995,0,,1,0,0,0,1186686,1150619945,29770620,29770706,22502378,181608
1790918305,68058872,69842178048,323353,0,,4,0,0,0,1172535,1151176104,29783884,29783968,22526446,181798
1790918306,68058144,69841174528,323353,0,,2,0,0,0,1183703,1152101493,29805235,29805321,22533824,181865
1790918307,68058288,69841334272,323353,0,,3,0,0,0,1194512,1153000929,29826960,29827045,22541872,181938
1790918308,68056960,69840482304,323353,0,,6,0,0,0,1204568,1153871921,29849016,29849102,22549209,182004
1790918309,68056760,69838974976,323497,0,,0,0,0,0,1213048,1154564542,29865939,29866026,22566400,182141
1790918310,68056900,69839757312,324031,0,,3,0,0,0,1201476,1155283684,29882915,29883001,22581396,182264
1790918311,68056800,69841063936,325041,0,,5,0,0,0,1187254,1155858955,29896382,29896469,22605991,182456
1790918312,68056964,69840736256,325041,0,,3,0,0,0,1198436,1156801499,29917759,29917845,22613625,182525
1790918313,68057172,69840445440,325162,0,,0,0,0,0,1206898,1157540849,29935032,29935119,22631458,182668
1790918314,68058508,69841035264,326128,0,,0,0,0,0,1191841,1157992519,29945236,29945323,22661133,182898
1790918315,68059900,69843480576,326183,0,,3,0,0,0,1181607,1158852819,29966120,29966202,22671060,182984
1790918316,68059284,69842862080,326670,0,,3,0,0,0,1168382,1159414355,29979603,29979689,22695409,183175
1790918317,68058940,69842989056,326670,0,,5,0,0,0,1179096,1160325443,30001007,30001094,22702796,183243
1790918318,68057784,69840027648,327080,0,,0,0,0,0,1186115,1160903367,30014953,30015040,22725577,183420
1790918319,68057900,69841944576,327139,0,,1,0,0,0,1176401,1161788253,30035734,30035820,22735227,183505
1790918320,68059064,69842903040,327139,0,,5,0,0,0,1186564,1162690709,30057697,30057780,22742850,183575
1790918321,68058000,69841039360,327139,0,,2,0,0,0,1197242,1163620766,30079085,30079171,22749940,183640
1790918322,68057044,69840801792,327139,0,,5,0,0,0,1207452,1164491357,30100996,30101080,22757615,183707
1790918323,68057204,69840986112,327139,0,,3,0,0,0,1217416,1165379790,30122785,30122869,22765237,183776
1790918324,68057004,69839482880,327897,0,,0,0,0,0,1224876,1166007575,30138013,30138100,22784432,183928
1790918325,68058228,69841244160,328264,0,,0,0,0,0,1212383,1166677548,30154116,30154203,22806060,184099
1790918326,68058796,69842382848,329588,0,,5,0,0,0,1176471,1167036249,30162943,30163025,22840345,184363
1790918327,68057804,69841616896,330341,0,,4,0,0,0,1162646,1167583321,30176094,30176180,22864672,184554
1790918328,68057836,69841666048,330740,0,,4,0,0,0,1149799,1168165497,30190081,30190166,22889254,184746
1790918329,68056004,69839785984,330740,0,,3,0,0,0,1160450,1169055677,30212018,30212100,22897106,184816
1790918331,68055204,69838983168,330740,0,,4,0,0,0,1171269,1169999476,30233372,30233458,22904601,184882
1790918332,68056264,69839527936,330740,0,,4,0,0,0,1181750,1170901746,30254939,30255024,22912293,184950
1790918333,68056144,69839654912,330740,0,,5,0,0,0,1191626,1171840339,30276292,30276379,22920156,185020
1790918334,68056220,69840809984,330740,0,,3,0,0,0,1201017,1172739967,30298025,30298110,22927832,185088
1790918335,68054612,69838360576,330740,0,,3,0,0,0,1211144,1173649387,30319689,30319775,22935333,185155
1790918336,68055200,69838925824,330740,0,,6,0,0,0,1221514,1174549574,30341329,30341415,22942817,185223
1790918337,68055020,69837746176,330945,0,,0,0,0,0,1229534,1175219831,30357628,30357715,22960836,185366
1790918338,68054944,69838446592,331175,0,,4,0,0,0,1217030,1175974688,30375746,30375831,22974781,185481
1790918339,68056152,69838614528,331347,0,,0,0,0,0,1225167,1176697397,30393435,30393522,22991420,185613
1790918340,68057216,69841551360,332521,0,,4,0,0,0,1189153,1177054349,30401887,30401969,23024383,185868
1790918341,68057496,69840756736,332521,0,,3,0,0,0,1200448,1177937784,30423436,30423522,23031954,185938
1790918342,68058312,69841870848,332521,0,,6,0,0,0,1210694,1178850427,30444981,30445067,23039704,186007
1790918343,68057308,69840625664,332521,0,,5,0,0,0,1220091,1179759163,30466675,30466761,23047666,186080
1790918344,68057444,69841571840,332521,0,,3,0,0,0,1230186,1180686621,30488227,30488314,23055025,186148
1790918345,68058976,69842833408,333619,0,,7,0,0,0,1236698,1181247532,30501020,30501106,23078831,186334
1790918346,68057804,69840601088,334122,0,,0,0,0,0,1224215,1181934690,30517502,30517589,23097326,186483
1790918347,68058520,69842321408,334391,0,,3,0,0,0,1213045,1182704794,30535492,30535576,23111441,186598
1790918348,68059972,69842550784,335330,0,,0,0,0,0,1198240,1183182330,30546731,30546818,23146835,186870
1790918349,68057328,69841133568,335965,0,,1,0,0,0,1186439,1183930375,30564711,30564797,23161918,186993
1790918350,68058692,69841502208,335965,0,,4,0,0,0,1197152,1184855287,30586259,30586343,23169411,187059
1790918351,68059000,69842616320,336764,0,,2,0,0,0,1182339,1185399988,30599565,30599647,23194404,187255
1790918352,68057844,69842165760,336764,0,,3,0,0,0,1192549,1186332866,30621021,30621108,23202358,187325
1790918354,68057696,69839745024,337138,0,,0,0,0,0,1201504,1187105058,30639239,30639326,23222658,187486
1790918355,68058004,69841784832,338306,0,,4,0,0,0,1166594,1187562245,30650716,30650801,23252466,187718
1790918356,68055996,69839249408,338306,0,,1,0,0,0,1177358,1188475999,30672081,30672167,23260144,187788
1790918357,68057064,69841387520,338892,0,,5,0,0,0,1164827,1189032226,30685307,30685391,23285020,187981
1790918358,68056792,69839540224,339693,0,,7,0,0,0,1151995,1189599080,30698930,30699017,23313160,188200
1790918359,68057496,69840773120,340056,0,,6,0,0,0,1139333,1190157263,30712703,30712788,23336305,188382
1790918360,68057276,69840838656,340941,0,,4,0,0,0,1125559,1190722344,30726328,30726414,23359248,188563
1790918361,68056088,69839339520,340941,0,,1,0,0,0,1137366,1191641745,30748034,30748119,23366431,188626
1790918362,68055528,69839564800,340941,0,,4,0,0,0,1148533,1192531995,30769640,30769725,23374324,188697
1790918363,68055436,69838692352,340941,0,,6,0,0,0,1159283,1193395730,30791536,30791623,23381948,188765
1790918364,68055864,69838069760,340972,0,,0,0,0,0,1170152,1194243934,30811843,30811930,23393560,188862
1790918365,68055588,69839347712,341349,0,,1,0,0,0,1156362,1194832425,30825277,30825361,23414148,189025
1790918366,68055516,69839527936,341349,0,,3,0,0,0,1167344,1195767088,30846670,30846757,23421684,189092
1790918367,68056872,69839892480,341835,0,,0,0,0,0,1174055,1196311902,30859338,30859425,23444535,189271
1790918368,68055752,69839532032,341875,0,,2,0,0,0,1164068,1197195904,30880393,30880479,23453966,189356
1790918369,68055448,69839564800,342337,0,,2,0,0,0,1150545,1197749523,30893305,30893392,23478118,189545
1790918370,68055408,69838925824,342337,0,,3,0,0,0,1160769,1198643147,30915241,30915325,23486805,189620
1790918371,68055484,69838950400,343339,0,,4,0,0,0,1124089,1198893978,30921566,30921653,23529018,189942
1790918372,68057016,69840556032,343339,0,,4,0,0,0,1134356,1199779635,30943642,30943723,23536450,190011
1790918373,68057440,69841256448,343339,0,,4,0,0,0,1145594,1200700966,30965207,30965292,23544127,190079
1790918374,68058036,69840556032,344040,0,,0,0,0,0,1153096,1201304351,30979529,30979616,23566561,190256
1790918375,68057192,69840220160,344073,0,,3,0,0,0,1145785,1202167631,31000223,31000306,23576302,190339
1790918376,68057796,69841338368,344073,0,,4,0,0,0,1154552,1203033595,31021721,31021807,23585587,190419
1790918377,68057576,69840089088,345176,0,,0,0,0,0,1137433,1203316050,31027746,31027833,23621925,190698
1790918378,68057704,69841240064,345280,0,,5,0,0,0,1126942,1204122504,31047786,31047870,23633701,190797
1790918379,68059192,69842972672,345280,0,,3,0,0,0,1137746,1205037713,31069526,31069610,23641299,190863
1790918380,68059136,69841436672,345916,0,,0,0,0,0,1145334,1205647963,31082963,31083050,23663356,191036
1790918382,68058456,69842284544,345988,0,,4,0,0,0,1135196,1206515229,31103545,31103629,23673408,191123
1790918383,68057060,69840351232,345988,0,,3,0,0,0,1146148,1207454978,31125241,31125326,23680863,191192
1790918384,68057136,69840678912,345988,0,,4,0,0,0,1156391,1208383545,31146664,31146751,23688556,191262
1790918385,68055776,69838757888,347107,0,,5,0,0,0,1142647,1208913915,31159550,31159637,23713429,191457
1790918386,68055672,69839667200,347107,0,,5,0,0,0,1153266,1209798180,31182059,31182145,23721164,191529
1790918387,68055592,69838581760,347107,0,,4,0,0,0,1163692,1210699917,31204295,31204382,23728980,191601
1790918388,68055968,69839982592,347107,0,,3,0,0,0,1174441,1211645789,31225808,31225893,23736596,191668
1790918389,68056924,69840470016,347107,0,,4,0,0,0,1184848,1212533462,31247838,31247924,23744253,191736
1790918390,68058048,69841096704,347107,0,,4,0,0,0,1194860,1213415137,31269555,31269635,23752232,191808
1790918391,68057980,69841530880,347726,0,,6,0,0,0,1187920,1213986909,31282950,31283037,23777046,192002
1790918392,68055476,69837963264,347726,0,,3,0,0,0,1197678,1214891667,31304610,31304695,23784705,192070
1790918393,68055108,69837824000,347805,0,,0,0,0,0,1200478,1215667601,31323451,31323538,23798433,192185
1790918394,68055368,69839118336,348089,0,,4,0,0,0,1187429,1216307379,31338079,31338163,23816210,192328
1790918395,68056644,69839654912,348089,0,,2,0,0,0,1197577,1217195368,31359894,31359975,23823806,192394
1790918396,68056776,69840830464,348089,0,,1,0,0,0,1207878,1218071913,31381751,31381838,23831332,192462
1790918397,68057740,69841264640,348089,0,,3,0,0,0,1217827,1219006977,31402906,31402989,23838646,192526
1790918398,68056656,69840179200,348089,0,,1,0,0,0,1227642,1219918110,31424570,31424652,23846498,192596
1790918399,68055300,69838020608,348089,0,,5,0,0,0,1237610,1220822666,31445920,31446006,23856022,192680
1790918400,68055984,69839499264,348554,0,,3,0,0,0,1223208,1221364601,31459275,31459361,23878433,192856
1790918401,68057320,69840838656,348554,0,,5,0,0,0,1232800,1222263557,31481259,31481345,23886482,192929
1790918402,68056176,69839429632,349176,0,,4,0,0,0,1238449,1222815175,31494145,31494231,23910383,193116
1790918403,68055944,69839712256,349176,0,,2,0,0,0,1228194,1223735781,31515369,31515454,23918828,193191
1790918404,68056288,69839810560,349457,0,,3,0,0,0,1214427,1224275962,31528749,31528833,23943690,193386
1790918405,68055108,69838073856,350369,0,,4,0,0,0,1201404,1224873224,31542637,31542724,23968582,193580
1790918406,68055952,69839470592,350369,0,,3,0,0,0,1212008,1225761569,31564512,31564594,23976369,193649
1790918407,68055968,69839699968,350369,0,,4,0,0,0,1221379,1226667678,31586459,31586543,23984243,193721
1790918408,68054848,69837811712,350369,0,,2,0,0,0,1231911,1227573226,31608164,31608250,23991759,193791
1790918410,68055448,69839216640,350369,0,,5,0,0,0,1241740,1228470508,31629891,31629975,23999327,193859
1790918411,68055392,69838630912,350369,0,,4,0,0,0,1251516,1229397940,31651645,31651731,24006646,193924
1790918412,68055232,69838213120,350369,0,,4,0,0,0,1261511,1230289173,31673542,31673628,24014293,193994
1790918413,68055492,69838483456,350935,0,,1,0,0,0,1269401,1231041673,31691649,31691736,24029985,194121
1790918414,68056600,69840363520,351331,0,,5,0,0,0,1257120,1231724651,31708599,31708683,24046437,194255
1790918415,68058044,69842595840,351725,0,,3,0,0,0,1242776,1232299869,31722409,31722494,24071666,194453
1790918416,68058344,69841694720,351725,0,,2,0,0,0,1252783,1233202740,31744395,31744480,24079026,194519
1790918417,68057912,69841702912,351725,0,,5,0,0,0,1261919,1234103572,31766240,31766327,24086603,194588
1790918418,68056956,69841010688,351725,0,,7,0,0,0,1270909,1234986760,31788109,31788195,24094829,194658
1790918419,68055800,69839065088,351725,0,,3,0,0,0,1280598,1235881542,31810218,31810304,24101881,194723
1790918420,68056628,69839638528,351725,0,,3,0,0,0,1290365,1236778135,31831903,31831988,24109866,194793
1790918421,68055056,69839319040,351725,0,,6,0,0,0,1299675,1237697856,31853675,31853762,24117606,194861
1790918422,68056260,69839269888,351825,0,,0,0,0,0,1308515,1238534885,31873946,31874033,24132638,194985
1790918423,68057652,69841731584,352233,0,,4,0,0,0,1295064,1239226585,31890043,31890129,24150248,195127
1790918424,68056536,69840056320,352233,0,,2,0,0,0,1304785,1240150887,31911388,31911474,24157686,195194
1790918425,68057796,69841096704,352233,0,,5,0,0,0,1314035,1241033883,31933178,31933263,24165524,195263
1790918426,68057884,69841432576,352233,0,,3,0,0,0,1323543,1241924069,31954935,31955018,24173003,195331
1790918427,68057636,69840920576,352233,0,,2,0,0,0,1332723,1242857052,31976316,31976401,24180855,195402
1790918428,68057588,69841133568,352233,0,,6,0,0,0,1341985,1243748603,31997920,31998003,24188510,195470
1790918429,68057776,69841313792,352233,0,,5,0,0,0,1349962,1244664548,32019530,32019616,24196557,195542
1790918430,68056720,69840678912,352233,0,,5,0,0,0,1358946,1245546207,32041276,32041362,24204162,195609
1790918431,68056556,69839564800,352728,0,,2,0,0,0,1344611,1246100586,32054499,32054583,24228916,195804
1790918432,68055480,69837955072,354277,0,,0,0,0,0,1350974,1246691816,32068937,32069024,24251265,195978
1790918433,68055396,69838876672,355130,0,,4,0,0,0,1316379,1247265768,32082297,32082381,24278846,196193
1790918434,68055316,69838823424,355130,0,,5,0,0,0,1325503,1248158601,32104075,32104162,24286760,196264
1790918436,68054932,69838422016,355130,0,,3,0,0,0,1334689,1249075468,32125622,32125709,24293876,196330
1790918437,68055304,69838053376,355130,0,,4,0,0,0,1344251,1249996564,32147210,32147297,24301474,196397
1790918438,68055488,69839278080,355539,0,,3,0,0,0,1329770,1250544269,32160025,32160109,24326216,196591
1790918439,68056852,69840150528,355539,0,,2,0,0,0,1338671,1251440273,32181599,32181680,24334352,196664
1790918440,68057924,69841518592,355539,0,,4,0,0,0,1347426,1252351512,32203156,32203241,24341993,196733
1790918441,68058032,69841604608,355539,0,,2,0,0,0,1357255,1253255942,32225034,32225120,24349325,196798
1790918442,68058076,69841383424,355539,0,,2,0,0,0,1366861,1254150530,32246661,32246746,24357200,196866
1790918443,68057856,69841956864,355539,0,,4,0,0,0,1375263,1255046848,32268566,32268653,24364642,196932
1790918444,68057100,69839884288,356342,0,,0,0,0,0,1382402,1255717767,32284246,32284333,24384261,197088
1790918445,68058544,69841887232,357617,0,,4,0,0,0,1347170,1256196768,32295537,32295621,24414427,197322
1790918446,68057508,69840850944,357617,0,,2,0,0,0,1356335,1257090681,32317466,32317550,24422097,197391
1790918447,68058912,69842747392,357617,0,,7,0,0,0,1364714,1257990735,32339283,32339367,24430033,197460
1790918448,68059232,69841813504,358424,0,,0,0,0,0,1371501,1258675627,32355766,32355853,24449447,197614
1790918449,68059280,69843410944,359305,0,,4,0,0,0,1336346,1259126470,32366395,32366481,24480846,197858
1790918450,68059720,69843034112,359305,0,,4,0,0,0,1345159,1260067888,32388256,32388340,24487633,197919
1790918451,68060492,69844598784,359305,0,,2,0,0,0,1354453,1260980992,32410331,32410417,24495143,197989
1790918452,68058316,69842157568,359305,0,,2,0,0,0,1363914,1261913681,32432032,32432117,24502880,198058
1790918453,68059620,69842784256,359305,0,,3,0,0,0,1373255,1262798281,32454050,32454134,24510450,198126
1790918454,68058136,69841473536,359305,0,,3,0,0,0,1382466,1263675811,32475629,32475714,24518041,198193
1790918455,68057004,69840830464,359305,0,,2,0,0,0,1392373,1264573177,32497253,32497338,24525291,198260
1790918456,68058040,69840334848,359443,0,,0,0,0,0,1400799,1265381544,32517206,32517293,24542850,198402
1790918457,68056228,69840285696,359788,0,,3,0,0,0,1387380,1266096973,32534764,32534850,24558330,198529
1790918458,68056140,69838909440,360512,0,,3,0,0,0,1373165,1266667446,32548286,32548372,24583012,198723
1790918459,68056360,69840187392,360512,0,,6,0,0,0,1383029,1267571007,32570256,32570342,24590227,198787
1790918461,68056128,69839855616,360512,0,,5,0,0,0,1392416,1268478678,32591787,32591874,24597900,198854
1790918462,68055944,69839716352,361398,0,,1,0,0,0,1378077,1269041800,32604685,32604771,24622168,199045
1790918463,68056200,69840547840,361398,0,,6,0,0,0,1387794,1269967532,32626214,32626301,24629752,199113
1790918464,68056472,69840252928,361937,0,,5,0,0,0,1372904,1270549971,32639861,32639948,24654825,199310
1790918465,68058128,69842227200,362972,0,,2,0,0,0,1359065,1271129588,32653649,32653733,24679587,199504
1790918466,68057812,69840879616,362972,0,,3,0,0,0,1368807,1272046249,32675287,32675371,24687560,199577
1790918467,68059308,69843234816,362972,0,,1,0,0,0,1377805,1272984211,32696897,32696980,24694804,199645
1790918468,68058364,69842464768,363441,0,,4,0,0,0,1363748,1273549956,32710261,32710347,24719487,199838
1790918469,68058516,69842137088,363441,0,,2,0,0,0,1373791,1274472251,32731965,32732052,24726733,199900
1790918470,68059068,69841899520,364363,0,,0,0,0,0,1381276,1275149644,32747885,32747972,24747672,200065
1790918471,68059468,69843091456,365284,0,,4,0,0,0,1345842,1275651022,32759422,32759509,24776496,200288
1790918472,68060596,69844213760,365666,0,,5,0,0,0,1332272,1276227959,32773760,32773845,24801395,200481
1790918473,68060416,69844332544,366164,0,,1,0,0,0,1319129,1276778946,32787683,32787765,24826790,200679
1790918474,68058580,69840883712,366164,0,,4,0,0,0,1329348,1277675402,32808863,32808949,24836408,200759
1790918475,68058936,69842010112,366683,0,,5,0,0,0,1315841,1278234591,32822623,32822709,24860110,200945
1790918476,68058560,69841842176,367890,0,,2,0,0,0,1301906,1278809700,32836147,32836233,24883614,201128
1790918477,68058636,69842059264,367890,0,,1,0,0,0,1312090,1279708197,32858038,32858125,24891530,201198
1790918478,68058496,69841055744,368465,0,,1,0,0,0,1319420,1280320699,32873174,32873261,24913726,201371
1790918479,68059588,69843165184,368584,0,,4,0,0,0,1309049,1281178833,32893604,32893689,24924000,201457
1790918480,68057524,69841838080,368584,0,,4,0,0,0,1320193,1282082488,32915449,32915536,24931536,201527
1790918481,68057796,69840289792,368763,0,,1,0,0,0,1330513,1282929240,32935407,32935494,24948245,201660
1790918482,68056720,69840543744,368976,0,,5,0,0,0,1318579,1283643362,32952170,32952257,24964195,201788
1790918484,68056608,69840166912,370546,0,,0,0,0,0,1325211,1284189501,32965068,32965155,24987238,201968
1790918485,68056224,69840027648,370598,0,,4,0,0,0,1315940,1285087866,32986421,32986508,24995867,202044
1790918486,68056080,69839114240,370598,0,,5,0,0,0,1326331,1286001684,33008130,33008215,25003314,202111
1790918487,68056424,69839454208,370598,0,,7,0,0,0,1336471,1286888420,33030125,33030212,25010851,202178
1790918488,68056272,69840269312,370598,0,,1,0,0,0,1346774,1287843785,33051649,33051735,25018235,202244
1790918489,68057568,69840121856,371368,0,,0,0,0,0,1353828,1288433351,33065482,33065569,25039994,202415
1790918490,68058568,69841920000,372092,0,,4,0,0,0,1319016,1288960121,33077613,33077696,25067018,202624
1790918491,68058416,69841780736,372092,0,,5,0,0,0,1328959,1289893769,33099401,33099488,25074466,202690
1790918492,68060572,69844242432,372092,0,,4,0,0,0,1339944,1290805584,33120643,33120726,25081798,202755
1790918493,68060432,69844615168,373088,0,,4,0,0,0,1325819,1291376833,33133583,33133670,25106413,202948
1790918494,68058580,69841747968,374011,0,,3,0,0,0,1312261,1291928977,33147068,33147155,25131303,203142
1790918495,68059672,69843607552,374011,0,,1,0,0,0,1322597,1292844627,33168902,33168987,25138711,203207
1790918496,68060296,69843972096,374011,0,,2,0,0,0,1332670,1293777437,33190563,33190649,25146363,203277
1790918497,68061580,69845819392,374324,0,,2,0,0,0,1318563,1294354305,33203714,33203797,25170661,203466
1790918498,68062228,69846179840,374324,0,,5,0,0,0,1328710,1295249932,33225530,33225615,25178652,203539
1790918499,68060072,69843214336,374324,0,,3,0,0,0,1338581,1296143272,33247391,33247476,25186809,203612
1790918500,68061264,69844140032,374676,0,,1,0,0,0,1346707,1296893851,33264629,33264716,25207155,203773
1790918501,68062064,69845766144,374844,0,,4,0,0,0,1335221,1297684932,33283869,33283953,25219278,203874
1790918502,68061976,69844615168,374844,0,,4,0,0,0,1345131,1298565287,33305074,33305160,25229626,203961
1790918503,68061768,69845151744,375837,0,,3,0,0,0,1331334,1299104520,33318837,33318922,25252200,204141
1790918504,68060672,69844570112,375837,0,,5,0,0,0,1341740,1300009955,33340560,33340640,25259835,204208
1790918505,68058904,69842747392,375837,0,,5,0,0,0,1351618,1300902266,33362435,33362521,25267257,204273
1790918506,68060328,69843947520,375837,0,,4,0,0,0,1362180,1301836821,33383715,33383799,25274741,204340
1790918507,68060452,69843304448,376646,0,,0,0,0,0,1368263,1302407195,33397375,33397462,25297137,204514
1790918509,68059972,69842288640,376736,0,,0,0,0,0,1356202,1303196931,33416236,33416323,25312573,204639
1790918510,68059600,69842927616,376963,0,,4,0,0,0,1343087,1303848091,33431600,33431686,25331666,204793
1790918511,68059436,69842534400,377374,0,,0,0,0,0,1329171,1304363272,33443801,33443888,25361888,205027
1790918512,68059284,69842849792,377662,0,,2,0,0,0,1315947,1304996960,33459299,33459385,25381519,205185
1790918513,68058716,69842046976,377662,0,,4,0,0,0,1326572,1305901944,33481280,33481367,25388963,205253
1790918514,68059668,69842497536,377699,0,,0,0,0,0,1336532,1306787782,33502020,33502107,25399995,205346
1790918515,68060404,69843517440,378327,0,,5,0,0,0,1322576,1307367424,33515886,33515968,25421209,205513
1790918516,68060364,69844242432,378327,0,,5,0,0,0,1331796,1308308466,33537499,33537584,25429301,205585
1790918517,68060164,69843439616,378327,0,,2,0,0,0,1341595,1309228509,33559441,33559528,25436675,205652
1790918518,68059872,69843517440,378327,0,,7,0,0,0,1351486,1310151374,33581077,33581161,25444512,205722
1790918519,68060200,69843066880,378367,0,,0,0,0,0,1360901,1310992086,33601574,33601661,25456530,205822
1790918520,68061648,69845307392,378687,0,,3,0,0,0,1346923,1311629382,33616493,33616578,25477593,205988
1790918521,68061492,69843587072,378698,0,,0,0,0,0,1356637,1312555964,33637271,33637358,25488364,206079
1790918522,68059288,69843431424,378970,0,,3,0,0,0,1342627,1313149756,33651038,33651123,25509103,206242
1790918523,68060756,69844652032,378970,0,,4,0,0,0,1352633,1314060197,33672901,33672987,25516706,206308
1790918524,68060640,69844230144,378970,0,,5,0,0,0,1361664,1314957950,33694684,33694771,25524490,206378
1790918525,68061136,69844258816,379260,0,,4,0,0,0,1348210,1315525729,33708355,33708440,25549150,206571
1790918526,68060716,69844353024,379497,0,,4,0,0,0,1355882,1316123113,33723588,33723673,25573633,206764
1790918527,68059800,69842894848,379497,0,,2,0,0,0,1345222,1317042575,33745155,33745242,25581773,206836
1790918528,68060116,69843726336,379497,0,,2,0,0,0,1354894,1317925929,33766839,33766921,25589442,206905
1790918529,68058720,69841522688,379848,0,,1,0,0,0,1362740,1318592694,33783142,33783229,25611574,207082
1790918530,68057468,69840756736,379935,0,,4,0,0,0,1350877,1319437793,33803774,33803860,25622583,207175
1790918532,68056100,69838581760,380102,0,,1,0,0,0,1358577,1320152235,33820985,33821072,25644909,207354
1790918533,68055812,69838516224,380169,0,,0,0,0,0,1342222,1320542306,33830372,33830459,25651806,207412
1790918534,68055872,69839052800,380169,0,,0,0,0,0,1322834,1320583153,33831439,33831526,25672548,207571
1790918535,68055872,69838536704,380169,0,,0,0,0,0,1302826,1320583281,33831439,33831526,25692702,207725
1790918536,68055876,69838286848,380169,0,,0,0,0,0,1282739,1320583409,33831439,33831526,25712856,207879
1790918537,68055880,69838348288,380169,0,,0,0,0,0,1262650,1320583537,33831439,33831526,25733010,208033
1790918538,68055892,69837836288,380169,0,,0,0,0,0,1242521,1320583665,33831439,33831526,25753164,208187
1790918539,68057132,69839106048,380169,0,,0,0,0,0,1222347,1320583793,33831439,33831526,25773978,208346
1790918540,68058380,69840637952,380169,0,,0,0,0,0,1202306,1320583921,33831439,33831526,25795711,208512
1790918541,68058428,69840433152,380169,0,,0,0,0,0,1182255,1320584049,33831439,33831526,25817151,208676
1790918542,68059660,69841694720,380169,0,,0,0,0,0,1162221,1320584177,33831439,33831526,25838771,208842
