ts,rss_kb,cg_mem_bytes,Innodb_buffer_pool_wait_free,Innodb_log_waits,Innodb_os_log_pending_fsyncs,Innodb_data_pending_reads,Innodb_data_pending_writes,Innodb_row_lock_waits,Innodb_row_lock_time,Innodb_buffer_pool_pages_dirty,Innodb_buffer_pool_read_requests,Innodb_buffer_pool_reads,Innodb_data_reads,Innodb_data_writes,Innodb_dblwr_writes
1790914725,1471376,1547931648,0,0,,0,0,0,0,0,278,147,158,0,0
1790914726,1506504,1589624832,0,0,,0,0,0,0,394,6182,1610,1696,0,0
1790914727,1709320,1799176192,0,0,,3,0,0,0,3293,68634,12943,13028,0,0
1790914728,2057624,2156302336,0,0,,4,0,0,0,4294,183150,33204,33288,4029,29
1790914729,2407872,2516361216,0,0,,3,0,0,0,5320,306361,54527,54611,8058,58
1790914730,2757300,2874884096,0,0,,4,0,0,0,6643,434946,75818,75901,12087,87
1790914731,3102500,3228741632,0,0,,4,0,0,0,8302,565835,96840,96925,16116,116
1790914732,3453528,3588165632,0,0,,1,0,0,0,9257,695276,118235,118320,20145,145
1790914733,3799324,3943530496,0,0,,3,0,0,0,11000,828576,139223,139307,24174,174
1790914734,4143708,4296417280,0,0,,4,0,0,0,12811,967469,160199,160284,28203,203
1790914735,4485928,4647161856,0,0,,4,0,0,0,14681,1106048,180933,181018,32232,232
1790914736,4829348,4999618560,0,0,,3,0,0,0,16192,1245322,201797,201880,36261,261
1790914737,5172108,5351448576,0,0,,3,0,0,0,17466,1386064,222697,222780,40290,290
1790914738,5512804,5701177344,0,0,,3,0,0,0,19374,1530303,243406,243489,44319,319
1790914739,5847484,6044659712,0,0,,2,0,0,0,21930,1685329,263700,263782,48348,348
1790914740,6189292,6395072512,0,0,,4,0,0,0,23185,1825458,284557,284641,52377,377
1790914741,6528324,6742208512,0,0,,4,0,0,0,24988,1971820,305244,305331,56406,406
1790914742,6866940,7090233344,0,0,,4,0,0,0,27084,2119160,325752,325836,60435,435
1790914743,7204840,7436451840,0,0,,4,0,0,0,29013,2267407,346333,346418,64464,464
1790914744,7538368,7777964032,0,0,,3,0,0,0,31609,2417638,366481,366565,68493,493
1790914745,7869208,8117440512,0,0,,3,0,0,0,34323,2572743,386470,386554,72522,522
1790914746,8205516,8462200832,0,0,,3,0,0,0,35999,2726645,406945,407028,76551,551
1790914748,8542228,8807522304,0,0,,2,0,0,0,37388,2875339,427595,427681,80580,580
1790914749,8871860,9145868288,0,0,,3,0,0,0,39573,3031245,447668,447752,84609,609
1790914750,9205676,9487872000,0,0,,4,0,0,0,41372,3186784,468034,468119,88638,638
1790914751,9538192,9829527552,0,0,,2,0,0,0,43065,3342136,488433,488517,92667,667
1790914752,9865552,10165207040,0,0,,4,0,0,0,44858,3499305,508489,508575,98658,710
1790914753,10190012,10497495040,0,0,,3,0,0,0,43124,3661902,528338,528424,104754,754
1790914754,10511520,10827169792,0,0,,3,0,0,0,45219,3823285,547924,548009,108783,783
1790914755,10837712,11161751552,0,0,,3,0,0,0,47496,3994679,567754,567840,112813,813
1790914756,11164840,11497586688,0,0,,2,0,0,0,49599,4160822,587844,587930,116842,842
1790914757,11489972,11830345728,0,0,,2,0,0,0,52070,4329684,607704,607789,120872,872
1790914758,11814812,12163825664,0,0,,4,0,0,0,54442,4504522,627571,627656,124901,901
1790914759,12139212,12496306176,0,0,,3,0,0,0,56903,4678738,647397,647483,128930,930
1790914760,12460440,12825767936,0,0,,4,0,0,0,59443,4856507,667004,667090,132959,959
1790914761,12785112,13158506496,0,0,,3,0,0,0,61679,5023424,686902,686988,136988,988
1790914762,13110480,13492310016,0,0,,3,0,0,0,63881,5192987,706788,706873,141017,1017
1790914763,13434504,13824823296,0,0,,2,0,0,0,65918,5366886,726595,726681,145046,1046
1790914764,13756740,14154891264,0,0,,2,0,0,0,68225,5540317,746233,746320,149076,1076
1790914765,14076284,14483369984,0,0,,3,0,0,0,70938,5721030,765677,765762,153105,1105
1790914766,14397832,14812979200,0,0,,2,0,0,0,73228,5900312,785391,785477,157134,1134
1790914767,14721440,15144108032,0,0,,2,0,0,0,74851,6077615,805285,805372,161164,1164
1790914768,15049176,15480614912,0,0,,4,0,0,0,76373,6246804,825403,825489,165193,1193
1790914769,15366220,15805874176,0,0,,3,0,0,0,79185,6433800,844760,844845,169222,1222
1790914770,15688968,16137236480,0,0,,4,0,0,0,81061,6618008,864551,864638,173252,1252
1790914771,16008932,16464932864,0,0,,2,0,0,0,83360,6802663,884062,884145,177282,1282
1790914772,16329492,16794095616,0,0,,4,0,0,0,85430,6987662,903630,903716,181312,1312
1790914773,16646528,17118838784,0,0,,3,0,0,0,87608,7178114,923179,923264,185342,1342
1790914774,16961860,17442230272,0,0,,3,0,0,0,90576,7371565,942364,942447,189372,1372
1790914775,17274748,17763835904,0,0,,4,0,0,0,94006,7562428,961465,961551,193401,1401
1790914776,17589300,18085511168,0,0,,3,0,0,0,96649,7760446,980566,980649,197430,1430
1790914778,17899776,18403680256,0,0,,3,0,0,0,99576,7962138,999602,999688,201460,1460
1790914779,18207888,18719850496,0,0,,3,0,0,0,102439,8166031,1018539,1018625,205490,1490
1790914780,18514836,19034570752,0,0,,4,0,0,0,105724,8368625,1037253,1037339,209520,1520
1790914781,18826444,19354550272,0,0,,4,0,0,0,108062,8571685,1056493,1056578,213550,1550
1790914782,19129084,19664670720,0,0,,4,0,0,0,111500,8771020,1074979,1075066,219675,1594
1790914783,19436216,19979448320,0,0,,1,0,0,0,110357,8978856,1093640,1093727,225639,1639
1790914784,19742056,20293201920,0,0,,1,0,0,0,113780,9185979,1112342,1112429,229668,1668
1790914785,20044524,20603904000,0,0,,1,0,0,0,117277,9400341,1130691,1130777,233698,1698
1790914786,20351972,20918714368,0,0,,3,0,0,0,120511,9599672,1149366,1149451,237728,1728
1790914787,20665804,21240401920,0,0,,4,0,0,0,122944,9807725,1168527,1168614,241758,1758
1790914788,20970640,21553147904,0,0,,3,0,0,0,126025,10021417,1187235,1187319,245788,1788
1790914789,21274324,21864337408,0,0,,3,0,0,0,129589,10235647,1205781,1205867,249818,1818
1790914790,21575588,22173720576,0,0,,3,0,0,0,133246,10457434,1224024,1224111,253848,1848
1790914791,21884508,22490533888,0,0,,4,0,0,0,136119,10660087,1242835,1242921,257878,1878
1790914792,22184092,22797901824,0,0,,4,0,0,0,140030,10876295,1261154,1261241,261908,1908
1790914793,22487836,23109693440,0,0,,3,0,0,0,143148,11095088,1279713,1279799,265937,1937
1790914794,22788156,23417368576,0,0,,3,0,0,0,146538,11317904,1297981,1298067,269967,1967
1790914795,23085128,23721246720,0,0,,2,0,0,0,149935,11547167,1316171,1316257,273997,1997
1790914796,23385588,24029822976,0,0,,1,0,0,0,153086,11771998,1334405,1334489,278027,2027
1790914797,23680984,24332791808,0,0,,3,0,0,0,156541,12004743,1352540,1352627,282057,2057
1790914798,23978120,24637435904,0,0,,1,0,0,0,160313,12236017,1370589,1370676,286087,2087
1790914799,24275572,24942288896,0,0,,3,0,0,0,163683,12472859,1388740,1388822,290117,2117
1790914800,24573100,25247420416,0,0,,1,0,0,0,167175,12701193,1406919,1407003,294147,2147
1790914801,24868860,25550528512,0,0,,2,0,0,0,170790,12937318,1424908,1424991,298177,2177
1790914802,25164188,25853927424,0,0,,2,0,0,0,174409,13163842,1443034,1443121,302207,2207
1790914803,25455244,26152550400,0,0,,3,0,0,0,178700,13402881,1460709,1460795,306237,2237
1790914804,25754652,26459484160,0,0,,2,0,0,0,181992,13632456,1478988,1479073,310267,2267
1790914805,26041344,26753523712,0,0,,1,0,0,0,186499,13875428,1496516,1496600,314297,2297
1790914806,26331156,27050848256,0,0,,3,0,0,0,190369,14128823,1514176,1514261,318327,2327
1790914808,26623684,27350392832,0,0,,3,0,0,0,194072,14374159,1531967,1532052,322357,2357
1790914809,26914012,27648016384,0,0,,3,0,0,0,198095,14623279,1549582,1549669,326387,2387
1790914810,27197372,27938594816,0,0,,3,0,0,0,202655,14865051,1566788,1566875,330417,2417
1790914811,27483884,28232626176,0,0,,2,0,0,0,206210,15113238,1584432,1584517,334447,2447
1790914812,27768780,28524359680,0,0,,2,0,0,0,209922,15360947,1601875,1601962,340687,2493
1790914813,28057908,28820897792,0,0,,4,0,0,0,209407,15605668,1619438,1619524,346537,2537
1790914814,28341212,29111955456,0,0,,2,0,0,0,213642,15862369,1636783,1636869,350567,2567
1790914815,28624736,29403262976,0,0,,2,0,0,0,217768,16109153,1654044,1654131,354597,2597
1790914816,28911568,29696143360,0,0,,2,0,0,0,221570,16352437,1671542,1671628,358627,2627
1790914817,29191548,29983711232,0,0,,4,0,0,0,225784,16616386,1688544,1688629,362657,2657
1790914818,29470592,30269947904,0,0,,3,0,0,0,229970,16873866,1705595,1705680,366687,2687
1790914819,29758300,30564798464,0,0,,3,0,0,0,233835,17124398,1723091,1723177,370717,2717
1790914820,30042928,30856679424,0,0,,3,0,0,0,237369,17375433,1740548,1740634,374747,2747
1790914821,30330412,31151550464,0,0,,3,0,0,0,241426,17625581,1757885,1757969,378777,2777
1790914822,30610472,31439151104,0,0,,1,0,0,0,245397,17879554,1775036,1775123,382807,2807
1790914823,30892112,31728152576,0,0,,3,0,0,0,249734,18136034,1792021,1792105,386837,2837
1790914824,31168128,32010702848,0,0,,1,0,0,0,253968,18412739,1808909,1808995,390867,2867
1790914825,31434752,32283873280,0,0,,2,0,0,0,258950,18709257,1825110,1825196,394897,2897
1790914826,31710444,32566288384,0,0,,3,0,0,0,263346,18980136,1842008,1842094,398927,2927
1790914827,31989664,32852983808,0,0,,4,0,0,0,267446,19247117,1858949,1859036,402957,2957
1790914828,32264016,33134645248,0,0,,3,0,0,0,271811,19510473,1875792,1875877,406987,2987
1790914829,32540852,33418903552,0,0,,2,0,0,0,276327,19775264,1892552,1892637,411017,3017
1790914830,32808780,33693581312,0,0,,1,0,0,0,281074,20064441,1908939,1909025,415047,3047
1790914831,33081652,33973538816,0,0,,1,0,0,0,285265,20340078,1925547,1925633,419077,3077
1790914832,33349756,34247761920,0,0,,3,0,0,0,290181,20633654,1941813,1941896,423107,3107
1790914833,33619136,34524999680,0,0,,2,0,0,0,294555,20922645,1958289,1958376,427137,3137
1790914834,33893500,34805837824,0,0,,2,0,0,0,298711,21198953,1974990,1975075,431167,3167
1790914835,34168816,35088023552,0,0,,2,0,0,0,303059,21463572,1991778,1991865,435197,3197
1790914836,34435120,35361128448,0,0,,4,0,0,0,307814,21748299,2007970,2008057,439227,3227
1790914838,34706704,35639762944,0,0,,2,0,0,0,312258,22034511,2024466,2024553,443257,3257
1790914839,34971796,35911000064,0,0,,4,0,0,0,316995,22333288,2040673,2040759,447287,3287
1790914840,35239048,36185374720,0,0,,4,0,0,0,321750,22638247,2056930,2057017,451317,3317
1790914841,35505740,36459032576,0,0,,2,0,0,0,326184,22931404,2073254,2073340,455347,3347
1790914842,35762416,36723154944,0,0,,3,0,0,0,330919,23240307,2089007,2089093,461251,3391
1790914843,36024708,36991213568,0,0,,1,0,0,0,331661,23535747,2104860,2104944,467437,3437
1790914844,36285080,37257932800,0,0,,1,0,0,0,336851,23840632,2120622,2120709,471467,3467
1790914845,36545996,37525540864,0,0,,3,0,0,0,341225,24163067,2136499,2136585,475497,3497
1790914846,36808544,37795295232,0,0,,4,0,0,0,346232,24480317,2152344,2152430,479527,3527
1790914847,37067360,38060740608,0,0,,2,0,0,0,350560,24791118,2168302,2168387,483557,3557
1790914848,37322208,38321721344,0,0,,2,0,0,0,355104,25098129,2183865,2183950,487587,3587
1790914849,37579760,38585917440,0,0,,1,0,0,0,360071,25409289,2199406,2199491,491617,3617
1790914850,37836208,38849122304,0,0,,4,0,0,0,364775,25726329,2215092,2215179,495647,3647
1790914851,38092008,39111491584,0,0,,3,0,0,0,369764,26038002,2230699,2230785,499677,3677
1790914852,38352916,39378419712,0,0,,2,0,0,0,374060,26344581,2246705,2246792,503707,3707
1790914853,38607800,39639797760,0,0,,3,0,0,0,378762,26671554,2262211,2262298,507737,3737
1790914854,38861964,39901396992,0,0,,4,0,0,0,383337,26993922,2277871,2277957,511767,3767
1790914855,39110456,40155185152,0,0,,2,0,0,0,388360,27326497,2293172,2293258,515797,3797
1790914856,39364836,40417349632,0,0,,1,0,0,0,392765,27662708,2308808,2308894,519827,3827
1790914857,39618740,40676937728,0,0,,1,0,0,0,397733,27985830,2324316,2324402,523857,3857
1790914858,39864748,40929333248,0,0,,2,0,0,0,403308,28319391,2339333,2339419,527887,3887
1790914859,40119224,41190158336,0,0,,1,0,0,0,408033,28644025,2354766,2354852,531917,3917
1790914860,40373848,41451343872,0,0,,3,0,0,0,412978,28953028,2370365,2370451,535947,3947
1790914861,40622956,41706430464,0,0,,3,0,0,0,418121,29261362,2385587,2385673,539977,3977
1790914862,40873332,41963794432,0,0,,4,0,0,0,422792,29599376,2400932,2401019,544007,4007
1790914863,41107128,42203992064,0,0,,1,0,0,0,428526,29962258,2415161,2415247,548037,4037
1790914864,41357836,42460258304,0,0,,3,0,0,0,433343,30289126,2430541,2430628,552067,4067
1790914865,41601396,42709929984,0,0,,3,0,0,0,438768,30623315,2445294,2445381,556097,4097
1790914866,41845600,42960392192,0,0,,1,0,0,0,443644,30968883,2460329,2460416,560127,4127
1790914868,42088588,43210100736,0,0,,2,0,0,0,448898,31302674,2475116,2475203,564157,4157
1790914869,42331696,43458973696,0,0,,3,0,0,0,454293,31632237,2489980,2490067,568187,4187
1790914870,42572288,43705876480,0,0,,1,0,0,0,459476,31980767,2504701,2504788,572217,4217
1790914871,42809416,43948634112,0,0,,3,0,0,0,465140,32326767,2519108,2519191,576247,4247
1790914872,43035440,44180897792,0,0,,2,0,0,0,458928,32655434,2533031,2533117,592919,4369
1790914873,43263036,44414193664,0,0,,2,0,0,0,453195,32990446,2546751,2546837,609843,4493
1790914874,43500776,44658294784,0,0,,2,0,0,0,458526,33325977,2561328,2561413,615489,4535
1790914875,43728288,44891688960,0,0,,2,0,0,0,448557,33653195,2575382,2575467,628996,4635
1790914876,43959196,45128015872,0,0,,2,0,0,0,457659,33967718,2589698,2589783,639054,4708
1790914877,44188508,45363265536,0,0,,3,0,0,0,448657,34318156,2603678,2603763,647790,4773
1790914878,44407764,45588430848,0,0,,1,0,0,0,457865,34668402,2617170,2617257,661742,4875
1790914879,44639860,45826252800,0,0,,4,0,0,0,448741,35020623,2631401,2631487,666582,4912
1790914880,44871172,46062829568,0,0,,2,0,0,0,454565,35365225,2645576,2645661,670612,4942
1790914881,45096308,46294806528,0,0,,1,0,0,0,448768,35699971,2659332,2659418,685525,5052
1790914882,45326628,46530359296,0,0,,4,0,0,0,455283,36059141,2673316,2673403,689555,5082
1790914883,45548580,46758281216,0,0,,2,0,0,0,449325,36406016,2686984,2687071,704460,5192
1790914884,45782416,46997999616,0,0,,2,0,0,0,455144,36756272,2701323,2701409,708490,5222
1790914885,46000860,47221968896,0,0,,0,0,0,0,450205,37099638,2714662,2714749,723382,5331
1790914886,46227428,47454044160,0,0,,1,0,0,0,456399,37476203,2728553,2728640,727412,5361
1790914887,46444260,47676682240,0,0,,1,0,0,0,451297,37819213,2741842,2741928,742331,5471
1790914888,46676700,47914811392,0,0,,1,0,0,0,456865,38177619,2756076,2756162,746361,5501
1790914889,46895256,48139239424,0,0,,3,0,0,0,451379,38527046,2769425,2769512,761264,5611
1790914890,47118940,48368664576,0,0,,1,0,0,0,457163,38908526,2783605,2783691,765294,5641
1790914891,47337544,48592834560,0,0,,3,0,0,0,451653,39251943,2797051,2797136,780190,5751
1790914892,47566624,48826982400,0,0,,2,0,0,0,457547,39614104,2811073,2811159,784220,5781
1790914893,47784560,49051344896,0,0,,3,0,0,0,451965,39958572,2824454,2824541,799107,5891
1790914894,48010604,49282523136,0,0,,3,0,0,0,458159,40323396,2838382,2838467,803137,5921
1790914895,48227536,49505427456,0,0,,3,0,0,0,452972,40652511,2851761,2851846,818020,6031
1790914896,48445692,49729298432,0,0,,2,0,0,0,459522,41036298,2865153,2865240,822050,6061
1790914898,48669816,49958354944,0,0,,2,0,0,0,465787,41416190,2878757,2878842,826080,6091
1790914899,48878804,50172776448,0,0,,1,0,0,0,460403,41796004,2891580,2891665,841183,6203
1790914900,49099524,50400079872,0,0,,3,0,0,0,466905,42184806,2905031,2905116,845213,6233
1790914901,49311216,50617593856,0,0,,3,0,0,0,461646,42545967,2918039,2918125,860323,6345
1790914902,49533624,50844696576,0,0,,3,0,0,0,467680,42922220,2931812,2931898,865698,6385
1790914903,49747056,51063250944,0,0,,4,0,0,0,461845,43259494,2944858,2944945,883125,6515
1790914904,49964656,51287257088,0,0,,3,0,0,0,468190,43636028,2958273,2958360,889222,6560
1790914905,50179732,51507740672,0,0,,0,0,0,0,458843,43996676,2971369,2971455,902649,6660
1790914906,50392988,51725766656,0,0,,2,0,0,0,468462,44377978,2984644,2984731,912513,6733
1790914907,50608372,51946831872,0,0,,4,0,0,0,459690,44756310,2997749,2997836,921794,6802
1790914908,50823012,52167335936,0,0,,4,0,0,0,466090,45163930,3010874,3010960,925824,6832
1790914909,51027740,52377206784,0,0,,3,0,0,0,460346,45532494,3023618,3023704,941143,6946
1790914910,51246220,52601311232,0,0,,3,0,0,0,466902,45916190,3036900,3036987,945173,6976
1790914911,51454612,52815298560,0,0,,1,0,0,0,461311,46294852,3049785,3049871,960489,7090
1790914912,51665292,53030498304,0,0,,1,0,0,0,456153,46650693,3062675,3062762,975627,7203
1790914913,51886692,53257560064,0,0,,3,0,0,0,462463,47020946,3076176,3076263,979657,7233
1790914914,52103740,53480353792,0,0,,2,0,0,0,468723,47411750,3089502,3089588,983687,7263
1790914915,52310512,53692235776,0,0,,2,0,0,0,463493,47779598,3102266,3102353,999029,7377
1790914916,52520656,53908008960,0,0,,3,0,0,0,469449,48169709,3115272,3115359,1003059,7407
1790914917,52723584,54115840000,0,0,,1,0,0,0,464454,48545971,3127649,3127735,1018407,7521
1790914918,52934776,54332665856,0,0,,2,0,0,0,471221,48942798,3140557,3140644,1022437,7551
1790914919,53135088,54537883648,0,0,,2,0,0,0,466023,49314218,3152923,3153010,1037825,7666
1790914920,53343248,54751399936,0,0,,3,0,0,0,472608,49743425,3165668,3165755,1041855,7696
1790914921,53545216,54958477312,0,0,,2,0,0,0,467260,50134200,3178059,3178145,1057259,7811
1790914922,53764540,55183298560,0,0,,2,0,0,0,473796,50523205,3191476,3191560,1061289,7841
1790914923,53964136,55388299264,0,0,,2,0,0,0,468584,50914072,3203648,3203732,1076705,7956
1790914924,54178768,55608025088,0,0,,3,0,0,0,474754,51316931,3216884,3216971,1080735,7986
1790914925,54375216,55809720320,0,0,,1,0,0,0,469561,51704605,3229037,3229122,1096157,8101
1790914926,54588968,56028954624,0,0,,4,0,0,0,475907,52094784,3242177,3242264,1100188,8132
1790914928,54785396,56230490112,0,0,,2,0,0,0,470731,52490704,3254286,3254372,1115628,8247
1790914929,54993188,56443944960,0,0,,1,0,0,0,476853,52902592,3267171,3267256,1119659,8278
1790914930,55186736,56642314240,0,0,,3,0,0,0,472365,53285781,3279036,3279123,1135111,8394
1790914931,55397012,56857694208,0,0,,1,0,0,0,479257,53675428,3292003,3292090,1139141,8424
1790914932,55589824,57055817728,0,0,,2,0,0,0,468678,54056386,3304015,3304101,1160503,8584
1790914933,55795232,57266651136,0,0,,2,0,0,0,475162,54477671,3316672,3316758,1166541,8629
1790914934,55995500,57471590400,0,0,,3,0,0,0,482033,54900786,3329084,3329171,1172579,8675
1790914935,56192892,57673568256,0,0,,3,0,0,0,468143,55262291,3341176,3341262,1191535,8818
1790914936,56392896,57878949888,0,0,,1,0,0,0,478602,55658636,3353551,3353637,1200770,8887
1790914937,56591840,58082672640,0,0,,2,0,0,0,464761,56039833,3365784,3365871,1215717,9000
1790914938,56796192,58292662272,0,0,,4,0,0,0,471763,56451585,3378295,3378381,1219748,9031
1790914939,57000408,58502111232,0,0,,1,0,0,0,478611,56850657,3390952,3391038,1223779,9062
1790914940,57190724,58697551872,0,0,,4,0,0,0,488954,57247312,3402582,3402668,1241723,9196
1790914941,57392184,58903748608,0,0,,1,0,0,0,475426,57672431,3414922,3415007,1247961,9244
1790914942,57596768,59113754624,0,0,,2,0,0,0,481880,58089996,3427573,3427659,1251992,9275
1790914943,57788696,59310485504,0,0,,0,0,0,0,472183,58467932,3439256,3439342,1272143,9426
1790914944,57994188,59520692224,0,0,,2,0,0,0,478460,58863486,3452043,3452129,1276174,9457
1790914945,58186832,59718434816,0,0,,3,0,0,0,468302,59239568,3463903,3463989,1296325,9608
1790914946,58392120,59929518080,0,0,,0,0,0,0,475182,59648589,3476497,3476584,1300356,9639
1790914947,58595676,60137848832,0,0,,1,0,0,0,482085,60072373,3489084,3489170,1304387,9670
1790914948,58783864,60330786816,0,0,,1,0,0,0,472363,60465714,3500658,3500742,1324538,9821
1790914949,58983736,60536557568,0,0,,2,0,0,0,479151,60875890,3513205,3513292,1328569,9852
1790914950,59186712,60744044544,0,0,,3,0,0,0,486428,61283995,3525660,3525745,1332600,9883
1790914951,59374728,60936683520,0,0,,1,0,0,0,476912,61676812,3537308,3537393,1352752,10035
1790914952,59576864,61144424448,0,0,,3,0,0,0,483820,62112875,3549674,3549759,1356783,10066
1790914953,59775516,61348208640,0,0,,1,0,0,0,490609,62551049,3562019,3562105,1360814,10097
1790914954,59957668,61534461952,0,0,,3,0,0,0,481069,62959403,3573319,3573405,1380966,10249
1790914955,60156004,61737873408,0,0,,2,0,0,0,488055,63387841,3585595,3585682,1384997,10280
1790914956,60337368,61923721216,0,0,,1,0,0,0,478251,63793843,3596863,3596948,1405149,10432
1790914958,60533684,62125453312,0,0,,0,0,0,0,485215,64228844,3608977,3609064,1409180,10463
1790914959,60732336,62329221120,0,0,,3,0,0,0,492100,64660178,3621282,3621369,1413211,10494
1790914960,60912340,62514069504,0,0,,2,0,0,0,482215,65074555,3632443,3632530,1433363,10646
1790914961,61106656,62713552896,0,0,,0,0,0,0,489301,65517327,3644430,3644516,1437394,10677
1790914962,61289592,62901370880,0,0,,4,0,0,0,479452,65911165,3655814,3655901,1458753,10838
1790914963,61489028,63105359872,0,0,,3,0,0,0,486456,66320316,3668162,3668249,1464774,10884
1790914964,61686204,63307042816,0,0,,2,0,0,0,493314,66743483,3680321,3680408,1470914,10931
1790914965,61868416,63494418432,0,0,,1,0,0,0,480114,67153373,3691584,3691670,1489791,11074
1790914966,62061576,63692455936,0,0,,2,0,0,0,487234,67586739,3703578,3703665,1493822,11105
1790914967,62247916,63883755520,0,0,,2,0,0,0,498151,68009727,3715156,3715243,1505218,11191
1790914968,62436576,64076808192,0,0,,3,0,0,0,484804,68419650,3726674,3726760,1518006,11289
1790914969,62629860,64275275776,0,0,,2,0,0,0,491837,68862681,3738656,3738743,1522037,11320
1790914970,62813824,64464625664,0,0,,2,0,0,0,502042,69259970,3750100,3750186,1539828,11454
1790914971,63008276,64662761472,0,0,,1,0,0,0,489327,69685830,3762149,3762236,1546220,11503
1790914972,63203460,64863404032,0,0,,1,0,0,0,496449,70115274,3774169,3774255,1550251,11534
1790914973,63379452,65043636224,0,0,,1,0,0,0,487261,70538773,3785140,3785225,1570403,11686
1790914974,63567104,65236389888,0,0,,4,0,0,0,494938,70989798,3796694,3796781,1574434,11717
1790914975,63745528,65419436032,0,0,,3,0,0,0,485183,71412297,3807757,3807840,1594587,11870
1790914976,63940092,65618321408,0,0,,2,0,0,0,492233,71847795,3819880,3819967,1598618,11901
1790914977,64134776,65818161152,0,0,,3,0,0,0,499397,72283709,3831897,3831984,1602649,11932
1790914978,64312208,66000273408,0,0,,2,0,0,0,490112,72706097,3842844,3842931,1622802,12085
1790914979,64502120,66194853888,0,0,,3,0,0,0,497595,73157435,3854554,3854641,1626833,12116
1790914980,64681276,66378911744,0,0,,3,0,0,0,487689,73555597,3865644,3865731,1646986,12269
1790914981,64875012,66577285120,0,0,,1,0,0,0,494605,74014880,3877623,3877710,1651017,12300
1790914982,65067220,66774667264,0,0,,2,0,0,0,501971,74444416,3889493,3889579,1655048,12331
1790914983,65244132,66956185600,0,0,,2,0,0,0,492336,74873109,3900476,3900563,1675201,12484
1790914984,65435264,67151994880,0,0,,2,0,0,0,499964,75316364,3912279,3912365,1679232,12515
1790914985,65610912,67332169728,0,0,,2,0,0,0,490505,75734269,3923229,3923314,1699385,12668
1790914986,65798580,67524599808,0,0,,2,0,0,0,498071,76188757,3934813,3934899,1703416,12699
1790914988,65973720,67704074240,0,0,,1,0,0,0,488647,76610341,3945721,3945808,1723569,12852
1790914989,66164444,67899916288,0,0,,3,0,0,0,496312,77038851,3957439,3957526,1727600,12883
1790914990,66352876,68093108224,0,0,,1,0,0,0,503847,77501198,3968963,3969049,1731631,12914
1790914991,66525196,68269957120,0,0,,2,0,0,0,494689,77922740,3979860,3979946,1751784,13067
1790914992,66710412,68460199936,0,0,,1,0,0,0,502126,78381988,3991322,3991409,1756751,13105
1790914993,66883224,68637274112,0,0,,1,0,0,0,492892,78801582,4002026,4002113,1779136,13275
1790914994,67070996,68829294592,0,0,,3,0,0,0,500288,79244328,4013625,4013712,1785167,13321
1790914995,67250192,69013471232,0,0,,2,0,0,0,486876,79657482,4024619,4024703,1804183,13466
1790914996,67438372,69205856256,0,0,,1,0,0,0,494585,80102729,4036320,4036407,1808214,13497
1790914997,67619816,69392621568,0,0,,3,0,0,0,505780,80549924,4047450,4047536,1819693,13584
1790914998,67802680,69579771904,0,0,,0,0,0,0,493092,80979733,4058612,4058697,1832398,13681
1790914999,67979392,69761069056,0,0,,2,0,0,0,503724,81420180,4069642,4069729,1847337,13794
1790915000,68011828,69793812480,0,0,,0,0,0,0,495293,81872429,4081423,4081507,1852731,13844
1790915001,68026056,69808115712,0,0,,2,0,0,0,506450,82312077,4092891,4092977,1865429,13948
1790915002,68025716,69807824896,0,0,,1,0,0,0,493852,82779210,4104183,4104268,1876967,14044
1790915003,68024176,69805924352,0,0,,2,0,0,0,505688,83236406,4116416,4116503,1876992,14056
1790915004,68024540,69807017984,0,0,,2,0,0,0,517219,83695203,4128517,4128604,1877016,14068
1790915005,68024280,69807140864,0,0,,2,0,0,0,507537,84108949,4139438,4139525,1897184,14228
1790915006,68024452,69806743552,0,0,,2,0,0,0,519142,84589840,4151367,4151454,1897208,14240
1790915007,68021956,69804392448,0,0,,2,0,0,0,530852,85046095,4163485,4163571,1897232,14252
1790915008,68022332,69805146112,0,0,,1,0,0,0,542377,85520201,4175495,4175582,1897256,14264
1790915009,68022332,69804597248,0,0,,0,0,0,0,553985,85988938,4187335,4187420,1897279,14275
1790915010,68022512,69805318144,0,0,,1,0,0,0,544502,86419935,4198059,4198146,1917447,14435
1790915011,68021880,69804675072,0,0,,1,0,0,0,555980,86894291,4209857,4209944,1917472,14447
1790915012,68021852,69804392448,0,0,,2,0,0,0,567718,87364328,4221762,4221848,1917492,14457
1790915013,68023124,69805944832,0,0,,3,0,0,0,578948,87836707,4233714,4233800,1917516,14469
1790915014,68023160,69805412352,0,0,,2,0,0,0,590132,88319050,4245456,4245540,1917540,14481
1790915015,68023064,69805109248,0,0,,0,0,0,0,601312,88811036,4257051,4257138,1917562,14492
1790915017,68023056,69805101056,0,0,,2,0,0,0,612757,89276367,4268965,4269051,1917587,14504
1790915018,68022956,69805223936,0,0,,2,0,0,0,623993,89752245,4280863,4280948,1917611,14516
1790915019,68023384,69805465600,0,0,,1,0,0,0,635036,90225597,4292870,4292957,1917633,14527
1790915020,68024660,69807493120,0,0,,2,0,0,0,645695,90698167,4304629,4304715,1917658,14539
1790915021,68024480,69806563328,0,0,,4,0,0,0,656460,91166261,4316638,4316725,1917682,14551
1790915022,68024408,69806747648,0,0,,1,0,0,0,667378,91635774,4328582,4328667,1917706,14563
1790915023,68025464,69807554560,0,0,,2,0,0,0,678638,92082033,4340709,4340795,1917730,14575
1790915024,68025444,69808115712,0,0,,2,0,0,0,689004,92570110,4352768,4352854,1917752,14586
1790915025,68025904,69808513024,0,0,,2,0,0,0,699903,93031986,4364664,4364749,1917777,14598
1790915026,68023500,69805281280,0,0,,1,0,0,0,710889,93513376,4376353,4376438,1917802,14610
1790915027,68023360,69805400064,0,0,,1,0,0,0,721555,93989682,4388309,4388394,1917824,14621
1790915028,68023192,69805510656,0,0,,1,0,0,0,732002,94469959,4400329,4400416,1917834,14626
1790915029,68023172,69805215744,0,0,,2,0,0,0,742570,94938247,4412261,4412345,1917834,14626
1790915030,68023136,69805690880,0,0,,0,0,1,3,732392,95364472,4423171,4423257,1937987,14779
1790915031,68023160,69805473792,0,0,,1,0,1,3,742471,95839121,4434765,4434852,1943707,14822
1790915032,68022880,69805158400,0,0,,3,0,1,3,732341,96270780,4446179,4446266,1958142,14933
1790915033,68024408,69806989312,0,0,,2,0,1,3,743351,96751926,4457860,4457947,1958142,14933
1790915034,68024656,69806977024,0,0,,1,0,1,3,732987,97201557,4468573,4468659,1978297,15087
1790915035,68024820,69807259648,0,0,,2,0,1,3,743482,97673157,4480583,4480669,1978297,15087
1790915036,68025028,69807820800,0,0,,3,0,1,3,754144,98142089,4492617,4492704,1978299,15088
1790915037,68024920,69807456256,0,0,,2,0,1,3,764759,98622118,4504387,4504473,1978299,15088
1790915038,68026176,69808050176,0,0,,3,0,1,3,774908,99080045,4516600,4516687,1978299,15088
1790915039,68026360,69809184768,0,0,,1,0,1,3,785424,99551158,4528461,4528547,1978299,15088
1790915040,68026168,69808537600,0,0,,3,0,1,3,795429,100015389,4540628,4540715,1978299,15088
1790915041,68026240,69808885760,0,0,,1,0,1,3,805969,100489962,4552466,4552552,1978299,15088
1790915042,68026268,69808340992,0,0,,3,0,1,3,816433,100964242,4564317,4564403,1978299,15088
1790915043,68026304,69808697344,0,0,,3,0,1,3,826362,101441131,4576314,4576399,1978299,15088
1790915044,68027604,69810786304,0,0,,2,0,1,3,836506,101908434,4588326,4588410,1978301,15089
1790915045,68026540,69809111040,0,0,,3,0,1,3,825954,102348886,4599105,4599192,1998454,15242
1790915046,68027596,69809467392,0,0,,1,0,1,3,836149,102819539,4611047,4611132,1998454,15242
1790915048,68028560,69811236864,0,0,,1,0,1,3,846060,103297553,4623083,4623168,1998454,15242
1790915049,68026108,69808402432,0,0,,1,0,1,3,856031,103766589,4634877,4634963,1998454,15242
1790915050,68027652,69810315264,0,0,,2,0,1,3,866122,104246202,4646611,4646695,1998454,15242
1790915051,68026260,69808893952,0,0,,1,0,1,3,876148,104734430,4658519,4658606,1998454,15242
1790915052,68026184,69808836608,0,0,,0,0,1,3,886052,105201029,4670448,4670534,1998454,15242
1790915053,68025048,69807296512,0,0,,2,0,1,3,896352,105694227,4682072,4682159,1998456,15243
1790915054,68025060,69807685632,0,0,,1,0,1,3,905730,106137453,4693368,4693455,2011543,15342
1790915055,68023628,69805834240,0,0,,1,0,1,3,895219,106573135,4703999,4704085,2028508,15471
1790915056,68023612,69806092288,0,0,,1,0,1,3,885129,107010302,4715148,4715235,2042979,15581
1790915057,68023440,69805391872,0,0,,2,0,1,3,874336,107442201,4725738,4725824,2067113,15764
1790915058,68023812,69806751744,0,0,,1,0,1,3,864291,107885461,4737028,4737114,2079069,15855
1790915059,68023572,69806030848,0,0,,2,0,1,3,874379,108348179,4748886,4748973,2079069,15855
1790915060,68023420,69805322240,0,0,,2,0,1,3,884330,108802322,4761085,4761171,2079069,15855
1790915061,68023612,69806284800,0,0,,1,0,1,3,873864,109244530,4771947,4772034,2099224,16009
1790915062,68021704,69803311104,0,0,,2,0,1,3,884140,109706022,4783863,4783950,2099224,16009
1790915063,68023164,69805301760,0,0,,1,0,1,3,894469,110176085,4795693,4795779,2099224,16009
1790915064,68023100,69805539328,0,0,,3,0,1,3,904277,110680122,4807422,4807508,2099226,16010
1790915065,68023312,69805744128,0,0,,3,0,1,3,913305,111120826,4818543,4818630,2118146,16154
1790915066,68020912,69803483136,0,0,,1,0,1,3,882713,111547439,4829287,4829374,2139534,16317
1790915067,68020856,69802942464,0,0,,2,0,1,3,872138,111979463,4839945,4840031,2159687,16470
1790915068,68020888,69803253760,0,0,,1,0,1,3,882224,112428381,4851877,4851963,2159687,16470
1790915069,68021864,69803995136,0,0,,3,0,1,3,892507,112912153,4863672,4863758,2159687,16470
1790915070,68021996,69804662784,0,0,,3,0,1,3,902172,113340431,4874598,4874684,2176823,16600
1790915071,68022000,69803958272,0,0,,4,0,1,3,892581,113807421,4886265,4886350,2179840,16623
1790915072,68021972,69804105728,0,0,,2,0,1,3,903241,114277077,4897833,4897918,2179840,16623
1790915073,68020732,69803266048,0,0,,1,0,1,3,892428,114720036,4908778,4908865,2199993,16776
1790915074,68022124,69804482560,0,0,,3,0,1,3,881926,115160959,4919489,4919574,2220146,16929
1790915075,68021748,69803827200,0,0,,4,0,1,3,892586,115640393,4931236,4931323,2220146,16929
1790915076,68022072,69804187648,0,0,,1,0,1,3,903140,116124824,4942897,4942984,2220146,16929
1790915078,68020952,69802803200,0,0,,3,0,1,3,913441,116585654,4954906,4954993,2220146,16929
1790915079,68020964,69803094016,0,0,,1,0,1,3,923702,117071259,4966677,4966764,2220146,16929
1790915080,68021672,69803773952,0,0,,3,0,1,3,934233,117544943,4978421,4978508,2220146,16929
1790915081,68021916,69803704320,0,0,,1,0,1,3,944515,118014518,4990161,4990248,2220146,16929
1790915082,68021864,69804277760,0,0,,2,0,1,3,954418,118475831,5002101,5002188,2220146,16929
1790915083,68021860,69803999232,0,0,,3,0,1,3,964309,118951860,5013843,5013930,2220146,16929
1790915084,68021728,69804318720,0,0,,1,0,1,3,974329,119419612,5025794,5025881,2220146,16929
1790915085,68022824,69805510656,0,0,,3,0,1,3,984616,119883511,5037637,5037723,2220146,16929
1790915086,68023132,69805383680,0,0,,3,0,1,3,995050,120327641,5049612,5049699,2220148,16930
1790915087,68023212,69805867008,0,0,,2,0,1,3,1005184,120789426,5061593,5061680,2220148,16930
1790915088,68024392,69806600192,0,0,,2,0,1,3,1015079,121249444,5073461,5073546,2220148,16930
1790915089,68025524,69808013312,0,0,,1,0,1,3,1024797,121731722,5085379,5085464,2220148,16930
1790915090,68025720,69807931392,0,0,,4,0,1,3,1013530,122156831,5096381,5096467,2240301,17083
1790915091,68025896,69808074752,0,0,,2,0,1,3,1023533,122620742,5108210,5108296,2240301,17083
1790915092,68024948,69806759936,0,0,,1,0,1,3,1033381,123093324,5120161,5120248,2240301,17083
1790915093,68025072,69806784512,0,0,,3,0,1,3,1043257,123574941,5131709,5131796,2240301,17083
1790915094,68025948,69807513600,0,0,,1,0,1,3,1032335,123999105,5142736,5142821,2260454,17236
1790915095,68025944,69808373760,0,0,,0,0,1,3,1042550,124457087,5154665,5154750,2260454,17236
1790915096,68027224,69809537024,0,0,,2,0,1,3,1031095,124887719,5165438,5165522,2280607,17389
1790915097,68028244,69810311168,0,0,,2,0,1,3,1041004,125355426,5177134,5177221,2280607,17389
1790915098,68027320,69810065408,0,0,,2,0,1,3,1050906,125842073,5188786,5188872,2280607,17389
1790915099,68027500,69809844224,0,0,,3,0,1,3,1040068,126276826,5199436,5199523,2300762,17543
1790915100,68026644,69808967680,0,0,,2,0,1,3,1050194,126730348,5211308,5211394,2300762,17543
1790915101,68026600,69809131520,0,0,,3,0,1,3,1060278,127197555,5223166,5223252,2300762,17543
1790915102,68026660,69809233920,0,0,,3,0,1,3,1070086,127665762,5235047,5235134,2300762,17543
1790915103,68026784,69809377280,0,0,,2,0,1,3,1080005,128155361,5246542,5246629,2300762,17543
1790915104,68026496,69809303552,0,0,,0,0,1,3,1069286,128585432,5257242,5257328,2320915,17696
1790915105,68025488,69807796224,0,0,,1,0,1,3,1078992,129078467,5269078,5269163,2320915,17696
1790915106,68025888,69807927296,0,0,,1,0,1,3,1089035,129553137,5280967,5281053,2320915,17696
1790915108,68025956,69808513024,0,0,,3,0,1,3,1099162,130018354,5292843,5292930,2320915,17696
1790915109,68025828,69808070656,0,0,,0,0,1,3,1109029,130481234,5304724,5304810,2320915,17696
1790915110,68024644,69807071232,0,0,,1,0,1,3,1118673,130952115,5316451,5316538,2320915,17696
1790915111,68024788,69807542272,0,0,,3,0,1,3,1128580,131435757,5328127,5328213,2320915,17696
1790915112,68024760,69807017984,0,0,,4,0,1,3,1138229,131920111,5339774,5339861,2320915,17696
1790915113,68026204,69808754688,0,0,,2,0,1,3,1147935,132382636,5351774,5351860,2320915,17696
1790915114,68025004,69807763456,0,0,,2,0,1,3,1157438,132862815,5363575,5363662,2320915,17696
1790915115,68025020,69807022080,0,0,,2,0,1,3,1166987,133340496,5375433,5375520,2320915,17696
1790915116,68024804,69807230976,0,0,,1,0,1,3,1176638,133791170,5387273,5387360,2322007,17705
1790915117,68024996,69808046080,0,0,,3,0,1,3,1160359,134220338,5397898,5397983,2345599,17886
1790915118,68024784,69806510080,0,0,,2,0,1,3,1148944,134634840,5408725,5408812,2365796,18045
1790915119,68026164,69808033792,0,0,,2,0,1,3,1158970,135120313,5420421,5420508,2365848,18056
1790915120,68025488,69808009216,0,0,,0,0,1,3,1165548,135590543,5432039,5432126,2369634,18093
1790915121,68026672,69809233920,0,0,,0,0,1,3,1150450,136037534,5442421,5442504,2392553,18271
1790915122,68027952,69810524160,0,0,,2,0,1,3,1158765,136512885,5454066,5454151,2394139,18290
1790915123,68026244,69808259072,0,0,,4,0,1,3,1163528,136995288,5465426,5465513,2398516,18328
1790915124,68026360,69808717824,0,0,,3,0,1,3,1168046,137443121,5477163,5477249,2403873,18375
1790915125,68025360,69807136768,0,0,,2,0,1,3,1172710,137900150,5488811,5488897,2408561,18415
1790915126,68024712,69807263744,0,0,,1,0,1,3,1176597,138360456,5500557,5500644,2413545,18460
1790915127,68024960,69807529984,0,0,,3,0,1,3,1181476,138825177,5511922,5512008,2418615,18504
1790915128,68024920,69807468544,0,0,,1,0,1,3,1186237,139291023,5523220,5523306,2423479,18548
1790915129,68024732,69807562752,0,0,,0,0,1,3,1190738,139749642,5534694,5534779,2428545,18593
1790915130,68024368,69806415872,124,0,,2,0,1,3,1174338,140128234,5544162,5544249,2452905,18779
1790915131,68024396,69806940160,124,0,,2,0,1,3,1178752,140577820,5555647,5555733,2457444,18821
1790915132,68024624,69806407680,365,0,,3,0,1,3,1162547,140957098,5564952,5565039,2481670,19006
1790915133,68024832,69807362048,365,0,,2,0,1,3,1167165,141423410,5576591,5576678,2486373,19046
1790915134,68025840,69808668672,365,0,,2,0,1,3,1172388,141894299,5587905,5587992,2491719,19094
1790915135,68025956,69808553984,365,0,,3,0,1,3,1176922,142362907,5599187,5599274,2496501,19137
1790915136,68026328,69808906240,365,0,,1,0,1,3,1182088,142818096,5610758,5610844,2501456,19181
1790915138,68027616,69809721344,365,0,,2,0,1,3,1186557,143268908,5622371,5622457,2506396,19226
1790915139,68028712,69811576832,365,0,,1,0,1,3,1190913,143707911,5634135,5634221,2511735,19272
1790915140,68027488,69809868800,365,0,,2,0,1,3,1195322,144160114,5645357,5645444,2516167,19311
1790915141,68027592,69809971200,365,0,,3,0,1,3,1199861,144616144,5656805,5656892,2521469,19358
1790915142,68027584,69810737152,600,0,,1,0,1,3,1183399,144994862,5666167,5666254,2545910,19547
1790915143,68027584,69810483200,600,0,,2,0,1,3,1188011,145439397,5677776,5677863,2550854,19590
1790915144,68028584,69811130368,600,0,,1,0,1,3,1192351,145908365,5689227,5689313,2555723,19633
1790915145,68027236,69809885184,600,0,,1,0,1,3,1197009,146370086,5700834,5700921,2561324,19681
1790915146,68028736,69811101696,600,0,,1,0,1,3,1201045,146829157,5712453,5712540,2566218,19723
1790915147,68029712,69812400128,600,0,,2,0,1,3,1205333,147276494,5724313,5724397,2571513,19768
1790915148,68028700,69811392512,600,0,,0,0,1,3,1209651,147751454,5735798,5735884,2576539,19811
1790915149,68029068,69811998720,600,0,,2,0,1,3,1213805,148217864,5747359,5747444,2582454,19863
1790915150,68029056,69811695616,600,0,,1,0,1,3,1218059,148670420,5758723,5758810,2587116,19906
1790915151,68028852,69811011584,600,0,,2,0,1,3,1222740,149132744,5770182,5770269,2593572,19960
1790915152,68028220,69811372032,820,0,,3,0,1,3,1206583,149531920,5779929,5780016,2618814,20155
1790915153,68028452,69810831360,1037,0,,3,0,1,3,1190245,149944484,5789457,5789544,2640804,20327
1790915154,68028540,69810917376,1037,0,,2,0,1,3,1194527,150386862,5800982,5801068,2645844,20374
1790915155,68028520,69811187712,1037,0,,1,0,1,3,1198762,150839899,5812703,5812789,2650896,20420
1790915156,68028628,69810012160,1267,0,,0,0,1,3,1202642,151225674,5822278,5822364,2672733,20588
1790915157,68028820,69811933184,1306,0,,1,0,1,3,1186734,151684135,5833318,5833403,2680154,20653
1790915158,68028688,69810827264,1306,0,,1,0,1,3,1191639,152138597,5844853,5844939,2685430,20699
1790915159,68028708,69811396608,1306,0,,2,0,1,3,1196126,152628217,5856231,5856316,2690006,20740
1790915160,68028668,69810556928,1306,0,,3,0,1,3,1201007,153104455,5867839,5867926,2694845,20783
1790915161,68028648,69811838976,1306,0,,0,0,1,3,1205663,153569851,5879242,5879327,2700547,20833
1790915162,68029976,69812166656,1397,0,,0,0,1,3,1189990,153951719,5888780,5888865,2725014,21022
1790915163,68029952,69812396032,1397,0,,3,0,1,3,1194023,154391691,5900655,5900741,2729392,21061
1790915164,68029956,69812699136,1397,0,,0,0,1,3,1198418,154857695,5912163,5912250,2734610,21107
1790915165,68030132,69812596736,1397,0,,3,0,1,3,1203086,155324107,5923519,5923606,2739717,21151
1790915166,68029884,69812314112,1536,0,,1,0,1,3,1186901,155720566,5932799,5932884,2764122,21339
1790915168,68029944,69812629504,1536,0,,1,0,1,3,1191060,156171813,5944310,5944396,2769346,21387
1790915169,68031008,69814198272,1624,0,,1,0,1,3,1175023,156600611,5953922,5954007,2793363,21572
1790915170,68029916,69812334592,1624,0,,2,0,1,3,1180049,157089268,5965179,5965265,2798375,21616
1790915171,68030836,69813284864,1624,0,,2,0,1,3,1184443,157544675,5976915,5977000,2803538,21662
1790915172,68031000,69814288384,1624,0,,2,0,1,3,1189461,158020686,5988227,5988313,2808107,21702
1790915173,68031064,69813678080,1624,0,,3,0,1,3,1193851,158494298,5999779,5999866,2813090,21746
1790915174,68032236,69814710272,1662,0,,2,0,1,3,1177653,158889421,6009308,6009395,2837569,21936
1790915175,68031196,69814677504,1740,0,,1,0,1,3,1161011,159293048,6018942,6019028,2862070,22125
1790915176,68031208,69813673984,1740,0,,1,0,1,3,1165297,159738683,6030701,6030787,2867714,22174
1790915177,68031396,69814644736,1740,0,,2,0,1,3,1169572,160204163,6042179,6042264,2872966,22219
1790915178,68030004,69812690944,1740,0,,2,0,1,3,1174606,160675271,6053583,6053669,2877690,22261
1790915179,68029888,69811777536,1740,0,,3,0,1,3,1180273,161117897,6065170,6065257,2881761,22299
1790915180,68029924,69812625408,1740,0,,1,0,1,3,1185638,161585838,6076513,6076600,2886126,22337
1790915181,68029832,69812740096,1740,0,,0,0,1,3,1191289,162053110,6087913,6087999,2890163,22373
1790915182,68030388,69813063680,1740,0,,2,0,1,3,1196761,162501872,6099512,6099598,2894604,22413
1790915183,68030588,69813501952,1740,0,,0,0,1,3,1202100,162945680,6110610,6110696,2898515,22450
1790915184,68030256,69812953088,1740,0,,3,0,1,3,1207272,163409864,6122283,6122369,2902940,22490
1790915185,68030216,69813018624,1740,0,,2,0,1,3,1212795,163854295,6134005,6134091,2907318,22528
1790915186,68030784,69813481472,1740,0,,1,0,1,3,1217841,164328971,6145447,6145533,2911815,22569
1790915187,68031520,69813985280,1740,0,,1,0,1,3,1222733,164789734,6156980,6157064,2915945,22606
1790915188,68031552,69813915648,1740,0,,1,0,1,3,1227992,165251531,6168454,6168541,2920463,22649
1790915189,68031620,69814091776,1740,0,,2,0,1,3,1233069,165725771,6179872,6179959,2924611,22686
1790915190,68031680,69813899264,1740,0,,2,0,1,3,1237899,166188016,6190964,6191051,2938074,22794
1790915191,68031700,69814435840,1870,0,,3,0,1,3,1221579,166593788,6200666,6200753,2952668,22911
1790915192,68031552,69813239808,1910,0,,0,0,1,3,1226415,166991360,6210728,6210815,2972043,23061
1790915193,68032744,69814984704,1953,0,,1,0,1,3,1210324,167452799,6221642,6221728,2981030,23137
1790915194,68031660,69814042624,1953,0,,1,0,1,3,1215509,167920365,6233263,6233348,2985277,23176
1790915195,68032340,69814554624,1953,0,,2,0,1,3,1220150,168396933,6244716,6244802,2989845,23217
1790915197,68033116,69815848960,1953,0,,2,0,1,3,1224994,168864850,6256372,6256457,2994203,23257
1790915198,68032128,69814865920,1953,0,,3,0,1,3,1230098,169327256,6267986,6268072,2998845,23298
1790915199,68033204,69815697408,1953,0,,1,0,1,3,1235409,169776647,6279694,6279780,3002944,23335
1790915200,68033024,69815562240,1953,0,,1,0,1,3,1240317,170236181,6291190,6291277,3007234,23374
1790915201,68033116,69815889920,1953,0,,0,0,1,3,1245409,170688761,6302660,6302746,3011782,23415
1790915202,68032184,69814902784,1953,0,,1,0,1,3,1250086,171149107,6314436,6314522,3015971,23452
1790915203,68032192,69815099392,2036,0,,1,0,1,3,1234145,171495287,6323218,6323304,3039590,23635
1790915204,68032220,69814657024,2085,0,,2,0,1,3,1218219,171913774,6332717,6332803,3063105,23818
1790915205,68031964,69814644736,2085,0,,1,0,1,3,1223039,172381853,6344235,6344321,3067608,23859
1790915206,68031952,69814976512,2085,0,,2,0,1,3,1228367,172864019,6355478,6355564,3072026,23899
1790915207,68032200,69814931456,2085,0,,1,0,1,3,1233347,173351902,6366959,6367046,3076469,23939
1790915208,68032456,69814685696,2085,0,,3,0,1,3,1238602,173814457,6378450,6378537,3080857,23979
1790915209,68032072,69814288384,2085,0,,0,0,1,3,1243773,174286815,6389824,6389911,3084723,24014
1790915210,68031896,69814382592,2085,0,,2,0,1,3,1249151,174750957,6401396,6401482,3089063,24053
1790915211,68032140,69814624256,2325,0,,3,0,1,3,1233806,175155962,6410520,6410606,3113576,24243
1790915212,68032208,69813886976,2325,0,,1,0,1,3,1238001,175621187,6422012,6422099,3117144,24279
1790915213,68032156,69814108160,2325,0,,2,0,1,3,1243161,176102580,6433524,6433611,3121537,24318
1790915214,68031988,69815255040,2325,0,,3,0,1,3,1248594,176553696,6445160,6445246,3125605,24354
1790915215,68032004,69814927360,2325,0,,3,0,1,3,1253072,177026025,6456594,6456680,3130440,24398
1790915216,68032496,69815238656,2325,0,,0,0,1,3,1258295,177486164,6468187,6468273,3134590,24437
1790915217,68032552,69814722560,2325,0,,2,0,1,3,1263544,177949889,6479623,6479708,3139013,24477
1790915218,68033712,69816729600,2678,0,,0,0,1,3,1248556,178321468,6488871,6488957,3162489,24657
1790915219,68033696,69816479744,2678,0,,1,0,1,3,1252478,178769985,6500045,6500131,3166509,24695
1790915220,68035172,69817974784,2678,0,,2,0,1,3,1257717,179230930,6511539,6511626,3170972,24737
1790915221,68034768,69817839616,2678,0,,2,0,1,3,1262301,179697536,6523185,6523270,3175293,24775
1790915222,68033640,69816659968,2678,0,,3,0,1,3,1267388,180156842,6534729,6534816,3179825,24815
1790915223,68034928,69816709120,2678,0,,1,0,1,3,1273010,180627050,6545816,6545902,3185774,24866
1790915224,68033904,69816647680,2776,0,,2,0,1,3,1256802,181017575,6555115,6555202,3207679,25037
1790915225,68032796,69815554048,2776,0,,3,0,1,3,1261569,181467789,6566642,6566729,3212321,25080
1790915227,68032640,69815623680,2776,0,,0,0,1,3,1266600,181924740,6578254,6578340,3216715,25121
1790915228,68032408,69815386112,2943,0,,3,0,1,3,1250546,182317048,6587642,6587729,3239797,25300
1790915229,68032536,69815808000,2943,0,,1,0,1,3,1255550,182763382,6599374,6599460,3244208,25341
1790915230,68031040,69813424128,2943,0,,1,0,1,3,1260498,183230648,6610971,6611057,3248822,25382
1790915231,68031232,69813436416,2943,0,,2,0,1,3,1265469,183694896,6622642,6622727,3253083,25419
1790915232,68031252,69813710848,3077,0,,1,0,1,3,1249171,184058144,6632143,6632229,3276642,25602
1790915233,68031180,69813895168,3077,0,,2,0,1,3,1254412,184537254,6643488,6643575,3280926,25638
1790915234,68030600,69813010432,3077,0,,3,0,1,3,1259611,184997462,6654982,6655069,3285320,25678
1790915235,68030672,69812563968,3077,0,,2,0,1,3,1264466,185452022,6666570,6666657,3289793,25718
1790915236,68030832,69813014528,3077,0,,2,0,1,3,1269736,185916499,6678163,6678250,3293756,25753
1790915237,68031024,69813526528,3077,0,,3,0,1,3,1274875,186378093,6689359,6689446,3297780,25790
1790915238,68032196,69814956032,3077,0,,3,0,1,3,1279489,186843328,6701185,6701270,3302244,25830
1790915239,68032228,69815152640,3077,0,,2,0,1,3,1284614,187295517,6712856,6712942,3306548,25867
1790915240,68032472,69815549952,3077,0,,2,0,1,3,1288973,187765883,6724365,6724451,3311056,25908
1790915241,68032444,69814931456,3077,0,,3,0,1,3,1294293,188221499,6735764,6735851,3315398,25947
1790915242,68032236,69814710272,3167,0,,1,0,1,3,1278439,188585871,6745236,6745322,3338945,26128
1790915243,68033396,69815541760,3167,0,,2,0,1,3,1283596,189054356,6756834,6756919,3343118,26166
1790915244,68032480,69814530048,3167,0,,0,0,1,3,1288456,189541877,6768127,6768212,3347645,26208
1790915245,68033644,69816434688,3167,0,,3,0,1,3,1293608,190012330,6779645,6779731,3351804,26244
1790915246,68033532,69816279040,3167,0,,2,0,1,3,1298532,190476351,6791170,6791256,3355947,26282
1790915247,68032444,69815668736,3167,0,,2,0,1,3,1303632,190938529,6802682,6802769,3359883,26318
1790915248,68033808,69816848384,3167,0,,3,0,1,3,1309285,191379329,6814172,6814257,3364051,26356
1790915249,68033916,69816700928,3167,0,,3,0,1,3,1314532,191844930,6825735,6825822,3368143,26391
1790915250,68033800,69816836096,3167,0,,0,0,1,3,1319241,192318071,6837243,6837329,3372643,26434
1790915251,68033772,69816279040,3200,0,,0,0,1,3,1323861,192729505,6847607,6847694,3392704,26591
1790915252,68033920,69816971264,3220,0,,3,0,1,3,1308005,193150800,6858044,6858131,3400477,26658
1790915253,68032752,69815808000,3220,0,,2,0,1,3,1313040,193620409,6869070,6869156,3405107,26700
1790915254,68033052,69815545856,3220,0,,3,0,1,3,1317538,194095651,6880567,6880654,3409199,26738
1790915255,68032624,69815078912,3220,0,,2,0,1,3,1322399,194552984,6892261,6892347,3413152,26775
1790915256,68032248,69814472704,3220,0,,2,0,1,3,1327165,195026882,6903714,6903801,3417625,26815
1790915258,68032180,69815160832,3220,0,,1,0,1,3,1332131,195510610,6915008,6915095,3421881,26853
1790915259,68030528,69813436416,3258,0,,3,0,1,3,1315422,195914318,6924789,6924874,3445880,27040
1790915260,68030268,69811920896,3285,0,,0,0,1,3,1320712,196315420,6935297,6935384,3462012,27167
1790915261,68030492,69812891648,3368,0,,3,0,1,3,1304952,196719218,6945704,6945789,3473541,27261
1790915262,68031668,69814620160,3368,0,,3,0,1,3,1310078,197176310,6957291,6957377,3477828,27299
1790915263,68031852,69814317056,3368,0,,0,0,1,3,1315299,197664777,6968551,6968637,3481763,27335
1790915264,68031888,69814554624,3368,0,,2,0,1,3,1320370,198140024,6980042,6980129,3485951,27374
1790915265,68031728,69814439936,3607,0,,1,0,1,3,1303923,198530056,6989559,6989646,3509525,27558
1790915266,68031668,69813862400,3607,0,,3,0,1,3,1309391,198993653,7000969,7001056,3513891,27596
1790915267,68030692,69813403648,3607,0,,1,0,1,3,1314139,199441413,7012276,7012363,3527526,27706
1790915268,68032188,69814644736,3643,0,,1,0,1,3,1298402,199866094,7022375,7022461,3541626,27818
1790915269,68031240,69813174272,3643,0,,0,0,1,3,1303765,200313070,7034086,7034173,3545752,27854
1790915270,68031892,69814829056,3679,0,,0,0,1,3,1287800,200722198,7043520,7043605,3569356,28037
1790915271,68033292,69816049664,3679,0,,3,0,1,3,1293003,201201953,7055047,7055132,3573422,28073
1790915272,68032984,69816250368,3679,0,,3,0,1,3,1298554,201669299,7066290,7066377,3577452,28110
1790915273,68033124,69815111680,3679,0,,0,0,1,3,1303988,202160817,7077504,7077588,3581557,28147
1790915274,68032264,69815201792,3679,0,,2,0,1,3,1309445,202633323,7088828,7088914,3585536,28183
1790915275,68030724,69813452800,3679,0,,2,0,1,3,1314379,203075508,7100071,7100157,3594494,28257
1790915276,68030944,69813649408,3688,0,,1,0,1,3,1298776,203516002,7110727,7110814,3613778,28408
1790915277,68030916,69813915648,3688,0,,2,0,1,3,1303690,203980704,7122271,7122358,3618194,28447
1790915278,68030648,69813608448,3688,0,,1,0,1,3,1308659,204450199,7133848,7133935,3622396,28484
1790915279,68030648,69813342208,3753,0,,0,0,1,3,1293522,204835806,7143519,7143604,3645847,28666
1790915280,68030912,69812842496,3753,0,,3,0,1,3,1298961,205284368,7154727,7154813,3657005,28755
1790915281,68030908,69813317632,4024,0,,1,0,1,3,1282193,205673549,7164024,7164111,3674035,28890
1790915282,68031060,69814247424,4024,0,,3,0,1,3,1286896,206135536,7175754,7175841,3677971,28927
1790915283,68031196,69813370880,4024,0,,2,0,1,3,1292087,206614693,7187223,7187310,3682329,28966
1790915284,68030892,69813522432,4024,0,,3,0,1,3,1297207,207101824,7198714,7198800,3686557,29006
1790915285,68030944,69814153216,4024,0,,1,0,1,3,1302611,207594282,7209982,7210069,3690308,29040
1790915287,68031796,69814272000,4024,0,,2,0,1,3,1307287,208061160,7221048,7221133,3694853,29081
1790915288,68031724,69814366208,4024,0,,2,0,1,3,1312546,208511431,7232692,7232779,3698818,29117
1790915289,68032072,69815349248,4024,0,,3,0,1,3,1317398,209005373,7243998,7244085,3703383,29159
1790915290,68030968,69814161408,4108,0,,1,0,1,3,1301529,209407957,7253710,7253796,3727229,29345
1790915291,68031128,69813841920,4224,0,,1,0,1,3,1285400,209787889,7262925,7263012,3750389,29524
1790915292,68031352,69813526528,4431,0,,1,0,1,3,1269630,210196013,7272219,7272306,3774211,29709
1790915293,68031244,69814149120,4431,0,,3,0,1,3,1275343,210669491,7283509,7283595,3778328,29745
1790915294,68031152,69813829632,4431,0,,4,0,1,3,1280846,211128511,7295096,7295183,3782685,29786
1790915295,68032296,69815541760,4431,0,,2,0,1,3,1285538,211584039,7306939,7307025,3786575,29822
1790915296,68032484,69814947840,4431,0,,3,0,1,3,1291046,212063891,7318274,7318360,3791318,29867
1790915297,68032600,69815644160,4603,0,,3,0,1,3,1275010,212465599,7328359,7328446,3814667,30048
1790915298,68032940,69815443456,4603,0,,3,0,1,3,1280134,212958234,7339641,7339727,3819156,30087
1790915299,68032420,69815427072,4754,0,,1,0,1,3,1264169,213358623,7349070,7349157,3842657,30269
1790915300,68032040,69814034432,4754,0,,3,0,1,3,1269565,213840787,7360580,7360666,3847076,30309
1790915301,68029972,69812932608,4950,0,,1,0,1,3,1253917,214227133,7370503,7370589,3870423,30490
1790915302,68030100,69813039104,5037,0,,2,0,1,3,1238272,214588630,7379273,7379359,3894075,30674
1790915303,68030172,69813121024,5037,0,,2,0,1,3,1243356,215058681,7390802,7390888,3898503,30713
1790915304,68030292,69812711424,5037,0,,0,0,1,3,1248427,215526226,7402244,7402329,3903069,30754
1790915305,68030500,69812908032,5037,0,,1,0,1,3,1253928,215986245,7413692,7413779,3906921,30789
1790915306,68029960,69812629504,5037,0,,2,0,1,3,1259426,216455829,7425124,7425211,3911457,30829
1790915307,68030036,69812457472,5037,0,,2,0,1,3,1264287,216938915,7436501,7436587,3915563,30866
1790915308,68030284,69813231616,5037,0,,2,0,1,3,1269706,217410573,7447500,7447587,3919423,30902
1790915309,68030124,69812301824,5037,0,,1,0,1,3,1275003,217858462,7458377,7458464,3923401,30939
1790915310,68030020,69812985856,5037,0,,2,0,1,3,1279792,218312759,7469279,7469365,3927858,30978
1790915311,68031180,69813907456,5037,0,,2,0,1,3,1285079,218781954,7480092,7480177,3931836,31016
1790915312,68031280,69813682176,5037,0,,1,0,1,3,1290092,219252670,7490879,7490966,3935609,31051
1790915313,68030968,69813665792,5037,0,,2,0,1,3,1294657,219710174,7502168,7502254,3939744,31089
1790915314,68031020,69814255616,5037,0,,1,0,1,3,1300065,220208745,7513474,7513561,3943753,31126
1790915315,68030820,69813534720,5037,0,,1,0,1,3,1304937,220676950,7524929,7525016,3947826,31163
1790915316,68030932,69813129216,5417,0,,0,0,1,3,1288771,221018228,7533058,7533145,3988114,31471
1790915318,68031960,69814820864,5497,0,,4,0,1,3,1272859,221449762,7544422,7544508,3995457,31534
1790915319,68030752,69813411840,5652,0,,1,0,1,3,1257976,221856214,7553994,7554081,4018838,31716
1790915320,68032472,69814951936,5713,0,,1,0,1,3,1241815,222260369,7563543,7563628,4042599,31901
1790915321,68031220,69813161984,5713,0,,3,0,1,3,1247885,222744426,7574909,7574994,4046427,31937
1790915322,68031260,69813981184,5961,0,,1,0,1,3,1232318,223146284,7584574,7584660,4070294,32123
1790915323,68031192,69812588544,5961,0,,3,0,1,3,1237841,223612183,7596170,7596253,4074564,32160
1790915324,68030400,69813071872,5961,0,,3,0,1,3,1243143,224088638,7607772,7607859,4078784,32198
1790915325,68029684,69812592640,5961,0,,3,0,1,3,1248322,224550115,7619393,7619479,4083117,32237
1790915326,68029276,69811671040,5961,0,,4,0,1,3,1254015,225029832,7630798,7630885,4086942,32272
1790915327,68029344,69812252672,6118,0,,0,0,1,3,1238243,225416761,7639711,7639797,4110545,32454
1790915328,68029156,69811822592,6118,0,,2,0,1,3,1243550,225891585,7651255,7651342,4114437,32490
1790915329,68029352,69812060160,6118,0,,2,0,1,3,1249179,226387108,7662343,7662429,4118876,32530
1790915330,68029528,69812736000,6118,0,,2,0,1,3,1254593,226816446,7674135,7674222,4123194,32568
1790915331,68029624,69811916800,6118,0,,1,0,1,3,1260027,227260667,7685368,7685454,4127229,32604
1790915332,68029876,69812514816,6118,0,,3,0,1,3,1265284,227707081,7696431,7696518,4131402,32642
1790915333,68029876,69812490240,6118,0,,1,0,1,3,1270113,228186218,7707865,7707951,4135704,32680
1790915334,68029716,69812899840,6118,0,,1,0,1,3,1275365,228665331,7719315,7719401,4139720,32717
1790915335,68029828,69812752384,6118,0,,3,0,1,3,1280879,229151653,7730392,7730479,4147393,32780
1790915336,68031352,69813497856,6204,0,,1,0,1,3,1264741,229557145,7739952,7740037,4167076,32934
1790915337,68031500,69814165504,6204,0,,1,0,1,3,1269872,230015840,7751085,7751168,4171721,32977
1790915338,68031648,69814108160,6204,0,,1,0,1,3,1275541,230504237,7762348,7762433,4175421,33011
1790915339,68031836,69814784000,6204,0,,4,0,1,3,1280779,230964522,7773651,7773738,4179580,33048
1790915340,68031572,69814263808,6204,0,,2,0,1,3,1285714,231408709,7784632,7784718,4184020,33089
1790915341,68031548,69813985280,6204,0,,1,0,1,3,1290924,231875312,7796172,7796258,4188135,33127
1790915342,68032852,69815132160,6204,0,,2,0,1,3,1296105,232338400,7807688,7807773,4192499,33167
1790915343,68032712,69814935552,6204,0,,1,0,1,3,1300953,232832319,7819137,7819223,4196699,33207
1790915344,68032912,69816184832,6204,0,,3,0,1,3,1306263,233300728,7830601,7830687,4200881,33244
1790915345,68034148,69816659968,6204,0,,2,0,1,3,1311175,233762205,7841937,7842022,4210048,33319
1790915347,68030944,69813620736,6502,0,,3,0,1,3,1294781,234148269,7851303,7851388,4228569,33465
1790915348,68032048,69814546432,6502,0,,2,0,1,3,1300389,234615458,7862815,7862901,4232782,33504
1790915349,68030752,69812916224,6551,0,,1,0,1,3,1284129,235042054,7872819,7872905,4256180,33686
1790915350,68030564,69813735424,6551,0,,1,0,1,3,1289118,235500996,7884410,7884497,4260823,33727
1790915351,68030412,69813354496,6551,0,,1,0,1,3,1294203,235973503,7895858,7895945,4265342,33769
1790915352,68030328,69813194752,6551,0,,3,0,1,3,1299656,236418731,7907462,7907548,4269252,33804
1790915353,68030336,69812756480,6792,0,,2,0,1,3,1283971,236814691,7916714,7916800,4292775,33987
1790915354,68030412,69813104640,6792,0,,3,0,1,3,1289136,237288281,7928244,7928331,4297205,34027
1790915355,68030504,69813157888,6792,0,,2,0,1,3,1294175,237752931,7939789,7939874,4301035,34063
1790915356,68030628,69813293056,6792,0,,1,0,1,3,1299669,238235270,7951296,7951382,4304921,34099
1790915357,68029244,69812404224,6792,0,,3,0,1,3,1304650,238712987,7962409,7962495,4309393,34138
1790915358,68028928,69811032064,7035,0,,3,0,1,3,1288211,239066901,7971325,7971411,4332417,34319
1790915359,68028844,69811208192,7035,0,,2,0,1,3,1293328,239523044,7982265,7982352,4336393,34355
1790915360,68029164,69811269632,7035,0,,3,0,1,3,1298438,239990055,7993731,7993818,4340848,34396
1790915361,68030024,69812174848,7035,0,,0,0,1,3,1303374,240454867,8005312,8005397,4345033,34432
1790915362,68031556,69814280192,7035,0,,3,0,1,3,1308481,240904600,8017088,8017173,4349294,34472
1790915363,68031084,69813972992,7035,0,,3,0,1,3,1313587,241355320,8028806,8028892,4353281,34509
1790915364,68029700,69811769344,7110,0,,3,0,1,3,1297875,241756777,8038161,8038247,4376891,34692
1790915365,68030016,69812891648,7110,0,,0,0,1,3,1303066,242205754,8049860,8049945,4381034,34729
1790915366,68029868,69812486144,7110,0,,1,0,1,3,1308369,242654212,8061586,8061673,4385211,34767
1790915367,68030972,69813211136,7318,0,,2,0,1,3,1291539,243022971,8071231,8071317,4409285,34955
1790915368,68031524,69814353920,7318,0,,0,0,1,3,1296343,243491805,8082754,8082838,4413485,34992
1790915369,68032564,69815496704,7318,0,,3,0,1,3,1301841,243966617,8094344,8094430,4417613,35031
1790915370,68032592,69815214080,7527,0,,4,0,1,3,1285811,244353505,8103645,8103730,4441563,35217
1790915371,68031304,69813673984,7527,0,,2,0,1,3,1291765,244837430,8114927,8115012,4445538,35250
1790915372,68031460,69813633024,7527,0,,1,0,1,3,1296514,245303563,8126582,8126667,4449626,35287
1790915373,68030364,69812764672,7578,0,,0,0,1,3,1280797,245693178,8135929,8136016,4473505,35473
1790915374,68030224,69812363264,7578,0,,1,0,1,3,1285347,246157941,8147433,8147519,4478015,35515
1790915375,68030104,69812449280,7578,0,,3,0,1,3,1290472,246624477,8159017,8159104,4482603,35557
1790915377,68029988,69812903936,7578,0,,3,0,1,3,1295825,247073219,8170565,8170651,4486881,35596
1790915378,68030096,69812498432,7578,0,,1,0,1,3,1301024,247538992,8182098,8182184,4491213,35635
1790915379,68029908,69812256768,7578,0,,3,0,1,3,1305454,247989170,8193092,8193178,4495590,35675
1790915380,68030064,69812707328,7578,0,,2,0,1,3,1310194,248460627,8203894,8203980,4499345,35710
1790915381,68029656,69812789248,7578,0,,2,0,1,3,1315392,248926921,8215027,8215113,4503822,35750
1790915382,68029972,69812633600,7578,0,,1,0,1,3,1320407,249397166,8226492,8226577,4507675,35784
1790915383,68031136,69813563392,7578,0,,2,0,1,3,1325674,249845866,8237187,8237272,4526949,35934
1790915384,68031148,69813518336,7666,0,,1,0,1,3,1309789,250295651,8247615,8247701,4535638,36006
1790915385,68031080,69813968896,7794,0,,3,0,1,3,1293332,250668425,8256560,8256647,4559248,36191
1790915386,68032476,69815119872,7794,0,,0,0,1,3,1298495,251123766,8268172,8268258,4563673,36231
1790915387,68032508,69814718464,7920,0,,3,0,1,3,1283099,251530917,8277939,8278026,4587713,36418
1790915388,68032548,69815377920,7920,0,,2,0,1,3,1287792,252021025,8289286,8289371,4591185,36451
1790915389,68032876,69815316480,7920,0,,2,0,1,3,1292470,252512490,8300668,8300755,4595757,36490
1790915390,68031588,69814018048,7920,0,,2,0,1,3,1297306,252991682,8312071,8312156,4600205,36531
1790915391,68031444,69813596160,8125,0,,2,0,1,3,1281708,253386027,8321304,8321391,4623859,36715
1790915392,68032424,69814591488,8125,0,,2,0,1,3,1287451,253867673,8332672,8332758,4627623,36750
1790915393,68032504,69814960128,8125,0,,2,0,1,3,1292493,254318370,8343827,8343914,4641545,36860
1790915394,68032816,69815738368,8183,0,,0,0,1,3,1276397,254741455,8353845,8353929,4655910,36975
1790915395,68033888,69816389632,8183,0,,1,0,1,3,1280968,255218919,8365114,8365200,4660440,37016
1790915396,68033036,69815767040,8183,0,,1,0,1,3,1286462,255701824,8376454,8376541,4663886,37046
1790915397,68033244,69814902784,8206,0,,0,0,1,3,1292503,256150371,8387171,8387258,4676136,37145
1790915398,68032068,69814759424,8270,0,,2,0,1,3,1276171,256516250,8396462,8396548,4691363,37266
1790915399,68032184,69815185408,8270,0,,1,0,1,3,1281213,257006953,8407772,8407858,4696296,37311
1790915400,68031852,69814063104,8270,0,,3,0,1,3,1285726,257449710,8419430,8419516,4700674,37350
1790915401,68032072,69815025664,8348,0,,0,0,1,3,1270248,257837833,8428392,8428478,4724031,37532
1790915402,68031860,69814280192,8348,0,,1,0,1,3,1275047,258308860,8439787,8439873,4728272,37570
1790915403,68032004,69814181888,8406,0,,0,0,1,3,1279895,258712200,8448698,8448785,4748648,37727
1790915404,68032324,69815312384,8417,0,,3,0,1,3,1264277,259149949,8459713,8459800,4756203,37790
1790915405,68032432,69815427072,8668,0,,1,0,1,3,1249269,259517533,8468922,8469008,4780127,37975
1790915407,68032684,69815689216,8668,0,,2,0,1,3,1253408,259978549,8480341,8480428,4784989,38019
1790915408,68033080,69815816192,8813,0,,2,0,1,3,1237138,260337265,8488456,8488542,4807207,38192
1790915409,68032980,69815689216,8813,0,,3,0,1,3,1242751,260803728,8499948,8500035,4811402,38231
1790915410,68031768,69814231040,8813,0,,1,0,1,3,1248619,261292508,8511128,8511213,4815170,38266
1790915411,68033224,69815476224,8813,0,,1,0,1,3,1253737,261759474,8522769,8522854,4819447,38303
1790915412,68033424,69816414208,8813,0,,1,0,1,3,1258992,262225625,8534327,8534413,4823959,38343
1790915413,68033396,69816397824,9026,0,,2,0,1,3,1242538,262599098,8543373,8543460,4847473,38526
1790915414,68033560,69816078336,9026,0,,1,0,1,3,1248358,263074626,8554834,8554921,4851393,38562
1790915415,68033580,69816868864,9026,0,,0,0,1,3,1254097,263529230,8565924,8566010,4861598,38644
1790915416,68032132,69814841344,9074,0,,0,0,1,3,1237662,263919648,8575177,8575264,4879174,38782
1790915417,68033368,69816406016,9074,0,,2,0,1,3,1243359,264383187,8586533,8586619,4883339,38820
1790915418,68032964,69815980032,9074,0,,2,0,1,3,1248418,264877723,8597958,8598045,4887716,38860
1790915419,68034332,69816827904,9074,0,,3,0,1,3,1253243,265340793,8609469,8609555,4892162,38901
1790915420,68034292,69817372672,9171,0,,2,0,1,3,1236817,265690901,8617674,8617760,4915521,39082
1790915421,68033336,69816070144,9171,0,,3,0,1,3,1241651,266161491,8629093,8629179,4919510,39117
1790915422,68033632,69815615488,9171,0,,0,0,1,3,1247154,266669797,8640314,8640399,4923577,39152
1790915423,68033792,69815967744,9171,0,,3,0,1,3,1251849,267135934,8651823,8651910,4928140,39193
1790915424,68032404,69815377920,9171,0,,1,0,1,3,1257220,267602018,8663198,8663284,4932216,39229
1790915425,68032764,69816016896,9171,0,,0,0,1,3,1261228,268068598,8673961,8674047,4936569,39270
1790915426,68032600,69815029760,9171,0,,2,0,1,3,1266860,268513395,8684864,8684951,4940145,39303
1790915427,68033012,69815758848,9171,0,,1,0,1,3,1272208,268982559,8695930,8696017,4943887,39337
1790915428,68033140,69815324672,9171,0,,1,0,1,3,1277076,269442799,8707109,8707195,4948419,39377
1790915429,68033084,69815754752,9171,0,,1,0,1,3,1281947,269907577,8718151,8718237,4952280,39413
1790915430,68033248,69815468032,9389,0,,2,0,1,3,1272335,270261628,8726772,8726859,4976332,39600
1790915431,68033152,69815824384,9389,0,,2,0,1,3,1276192,270721400,8737688,8737775,4979646,39631
1790915432,68033332,69815816192,9389,0,,0,0,1,3,1281216,271188278,8748825,8748912,4984234,39673
1790915433,68033268,69815762944,9389,0,,3,0,1,3,1280035,271670141,8760017,8760104,4992264,39739
1790915434,68033208,69815934976,9616,0,,1,0,1,3,1263782,272038257,8769391,8769478,5011509,39889
1790915435,68034332,69817372672,9616,0,,2,0,1,3,1269046,272515392,8780924,8781008,5015566,39927
1790915437,68035412,69817954304,9616,0,,0,0,1,3,1273802,273012968,8792214,8792299,5020274,39970
1790915438,68035412,69818753024,9616,0,,1,0,1,3,1278974,273493281,8803609,8803696,5024820,40011
1790915439,68035264,69818576896,9616,0,,2,0,1,3,1283951,273975269,8814797,8814884,5028919,40049
1790915440,68035384,69818159104,9616,0,,0,0,1,3,1288141,274425028,8825948,8826035,5032910,40086
1790915441,68035500,69818560512,9616,0,,3,0,1,3,1293098,274877205,8836945,8837032,5037086,40122
1790915442,68035572,69818580992,9682,0,,0,0,1,3,1277380,275243657,8845434,8845519,5070237,40376
1790915443,68034572,69817339904,9731,0,,2,0,1,3,1261095,275642086,8855125,8855212,5084117,40487
1790915444,68036132,69819211776,9731,0,,3,0,1,3,1266266,276116422,8866478,8866564,5088376,40527
1790915445,68036892,69818945536,9731,0,,1,0,1,3,1271546,276581556,8878038,8878123,5093097,40568
1790915446,68035560,69818118144,9731,0,,2,0,1,3,1276028,277073819,8889423,8889510,5097279,40607
1790915447,68036744,69819604992,9731,0,,0,0,1,3,1281183,277565199,8900805,8900891,5101231,40645
1790915448,68036508,69818294272,9757,0,,0,0,1,3,1286041,278005426,8911224,8911311,5117140,40771
1790915449,68034988,69817716736,9835,0,,0,0,1,3,1269762,278409082,8920878,8920964,5128832,40864
1790915450,68033964,69816475648,9835,0,,0,0,1,3,1274516,278857557,8932287,8932373,5133150,40903
1790915451,68033680,69816156160,9835,0,,0,0,1,3,1279320,279309184,8944067,8944153,5137777,40943
1790915452,68033796,69816840192,9835,0,,2,0,1,3,1284664,279776348,8955334,8955421,5147652,41023
1790915453,68033812,69816823808,9893,0,,1,0,1,3,1268817,280167842,8965013,8965098,5165420,41163
1790915454,68032400,69814910976,9893,0,,2,0,1,3,1274077,280647474,8976240,8976327,5171637,41216
1790915455,68032684,69815185408,10058,0,,2,0,1,3,1258045,281069901,8986049,8986136,5193276,41385
1790915456,68032544,69815255040,10058,0,,1,0,1,3,1262777,281553639,8997590,8997677,5197548,41423
1790915457,68032628,69815640064,10140,0,,1,0,1,3,1246697,281945493,9007251,9007338,5221131,41606
1790915458,68032616,69815074816,10140,0,,2,0,1,3,1252158,282442344,9018782,9018869,5225427,41645
1790915459,68032720,69815459840,10140,0,,2,0,1,3,1257140,282929706,9030247,9030333,5229745,41685
1790915460,68034140,69816225792,10361,0,,2,0,1,3,1241065,283305196,9039513,9039599,5253316,41868
1790915461,68032952,69815435264,10361,0,,0,0,1,3,1246406,283773884,9050980,9051066,5257892,41910
1790915462,68032904,69816156160,10361,0,,2,0,1,3,1251234,284243165,9062482,9062569,5262158,41947
1790915463,68032656,69814919168,10361,0,,3,0,1,3,1256461,284701069,9074015,9074102,5266466,41986
1790915464,68033768,69816795136,10361,0,,2,0,1,3,1261618,285206209,9085348,9085433,5270844,42025
1790915465,68033668,69815672832,10361,0,,3,0,1,3,1266825,285670322,9096460,9096547,5274825,42062
1790915467,68035108,69817376768,10361,0,,1,0,1,3,1271656,286127062,9107590,9107676,5279073,42100
1790915468,68034976,69817999360,10361,0,,2,0,1,3,1276539,286594058,9118577,9118664,5283394,42140
1790915469,68036352,69818609664,10361,0,,0,0,1,3,1281239,287057025,9129905,9129991,5287444,42177
1790915470,68035944,69819080704,10361,0,,2,0,1,3,1286167,287534111,9141459,9141545,5292178,42220
1790915471,68034084,69817114624,10361,0,,0,0,1,3,1290966,287988290,9152506,9152592,5296040,42256
1790915472,68035416,69817683968,10450,0,,1,0,1,3,1274647,288349404,9161292,9161377,5319505,42437
1790915473,68035328,69817561088,10450,0,,2,0,1,3,1279309,288805398,9172345,9172431,5323321,42470
1790915474,68034608,69817888768,10450,0,,3,0,1,3,1284398,289274420,9183801,9183886,5327840,42510
1790915475,68034640,69817405440,10773,0,,1,0,1,3,1268135,289632918,9192844,9192931,5351131,42691
1790915476,68034720,69818036224,10773,0,,0,0,1,3,1272925,290084246,9204406,9204492,5355711,42733
1790915477,68034796,69817602048,10773,0,,4,0,1,3,1278067,290549645,9215842,9215928,5359825,42769
1790915478,68034584,69817102336,10773,0,,2,0,1,3,1283077,291020447,9227398,9227484,5364491,42810
1790915479,68034488,69817520128,10851,0,,3,0,1,3,1266762,291385959,9236118,9236203,5387913,42992
1790915480,68034512,69816774656,10851,0,,4,0,1,3,1271657,291871410,9247612,9247698,5392305,43031
1790915481,68034680,69817958400,10851,0,,0,0,1,3,1277301,292346207,9259058,9259145,5396145,43065
1790915482,68034736,69816991744,10851,0,,2,0,1,3,1282041,292844278,9270476,9270563,5400435,43104
1790915483,68034952,69817761792,10851,0,,1,0,1,3,1286975,293336841,9282063,9282150,5404776,43142
1790915484,68034736,69817765888,10851,0,,2,0,1,3,1291928,293819023,9293551,9293638,5409030,43180
1790915485,68036100,69818667008,10851,0,,2,0,1,3,1296682,294309343,9305176,9305261,5413289,43218
1790915486,68036060,69818638336,10851,0,,2,0,1,3,1301285,294783409,9316166,9316252,5417462,43254
1790915487,68035852,69818621952,10851,0,,0,0,1,3,1306267,295236445,9327334,9327420,5421520,43291
1790915488,68035996,69817786368,10964,0,,0,0,1,3,1289374,295586661,9335386,9335473,5461365,43594
1790915489,68035632,69818695680,11003,0,,2,0,1,3,1273614,296048286,9345611,9345698,5468440,43653
1790915490,68035784,69818781696,11003,0,,2,0,1,3,1278373,296540420,9356926,9357013,5472804,43693
1790915491,68037068,69819949056,11003,0,,1,0,1,3,1283301,297032820,9368380,9368466,5476876,43730
1790915492,68036600,69819166720,11003,0,,1,0,1,3,1288820,297522496,9379729,9379815,5480876,43765
1790915493,68037780,69819686912,11022,0,,0,0,1,3,1293886,297973976,9390273,9390360,5499200,43908
1790915494,68038176,69821296640,11080,0,,3,0,1,3,1278433,298406714,9400797,9400883,5508852,43987
1790915495,68037720,69821083648,11229,0,,1,0,1,3,1262445,298775978,9410260,9410347,5532377,44170
1790915497,68037864,69820383232,11229,0,,3,0,1,3,1267809,299253379,9421748,9421835,5536867,44211
1790915498,68035036,69817819136,11229,0,,3,0,1,3,1253448,299690433,9432043,9432130,5561019,44397
1790915499,68035100,69817352192,11229,0,,1,0,1,3,1258015,300171239,9443493,9443579,5565084,44435
1790915500,68035128,69818171392,11229,0,,3,0,1,3,1262986,300668623,9454840,9454927,5569111,44472
1790915501,68034932,69817991168,11306,0,,1,0,1,3,1247136,301052916,9463675,9463762,5593171,44659
1790915502,68034928,69817200640,11707,0,,3,0,1,3,1230884,301437958,9473179,9473266,5616232,44839
1790915503,68035096,69817839616,11801,0,,1,0,1,3,1235847,301792210,9482101,9482188,5639807,45022
1790915504,68034852,69817634816,11801,0,,1,0,1,3,1220881,302254379,9493682,9493769,5643695,45058
1790915505,68034892,69817950208,11801,0,,2,0,1,3,1226456,302725137,9505175,9505262,5647901,45098
1790915506,68034724,69817241600,11801,0,,3,0,1,3,1231923,303189437,9516710,9516797,5652379,45137
1790915507,68034640,69817147392,11801,0,,2,0,1,3,1236488,303677669,9528245,9528331,5656973,45179
1790915508,68034736,69817815040,11801,0,,1,0,1,3,1242040,304159547,9539561,9539648,5660768,45214
1790915509,68034780,69817290752,11801,0,,2,0,1,3,1247012,304631155,9550816,9550903,5665429,45255
1790915510,68036060,69818101760,11801,0,,3,0,1,3,1252248,305078516,9561762,9561847,5669414,45289
1790915511,68035640,69818449920,11904,0,,3,0,1,3,1235817,305438574,9570641,9570727,5693100,45474
1790915512,68035620,69818052608,11904,0,,2,0,1,3,1241344,305889159,9581629,9581716,5697129,45509
1790915513,68035504,69818826752,12099,0,,1,0,1,3,1225669,306271249,9590922,9591008,5720770,45692
1790915514,68034564,69816836096,12099,0,,2,0,1,3,1230997,306738778,9602450,9602536,5725055,45730
1790915515,68034116,69817122816,12099,0,,0,0,1,3,1236023,307213698,9614085,9614172,5729532,45772
1790915516,68035796,69818871808,12099,0,,2,0,1,3,1241432,307679240,9625663,9625746,5733589,45808
1790915517,68035752,69818015744,12099,0,,3,0,1,3,1246944,308156119,9637142,9637229,5737775,45847
1790915518,68037060,69820104704,12348,0,,2,0,1,3,1230708,308515439,9645796,9645882,5761339,46029
1790915519,68035804,69818093568,12348,0,,3,0,1,3,1236064,309007119,9657213,9657299,5765302,46065
1790915520,68035692,69817995264,12348,0,,0,0,1,3,1241261,309468349,9668557,9668644,5769715,46104
1790915521,68034704,69817479168,12348,0,,0,0,1,3,1246199,309934230,9680236,9680320,5773876,46143
1790915522,68034580,69817896960,12348,0,,0,0,1,3,1251771,310390188,9691692,9691779,5778015,46178
1790915523,68034472,69817253888,12348,0,,3,0,1,3,1256615,310858667,9702560,9702646,5782361,46216
1790915524,68033548,69816029184,12348,0,,2,0,1,3,1261629,311325947,9713407,9713493,5786506,46254
1790915525,68033580,69816086528,12419,0,,1,0,1,3,1245618,311657446,9721822,9721908,5810454,46439
1790915527,68033768,69817053184,12419,0,,3,0,1,3,1250404,312102149,9732912,9732999,5813936,46473
1790915528,68033700,69816135680,12419,0,,3,0,1,3,1255177,312561165,9744167,9744254,5818276,46511
1790915529,68033092,69815328768,12419,0,,2,0,1,3,1259615,313029604,9755752,9755838,5822927,46554
1790915530,68033056,69815504896,12419,0,,3,0,1,3,1264938,313492477,9767183,9767270,5827008,46593
1790915531,68033140,69816393728,12419,0,,1,0,1,3,1269639,313938391,9778143,9778228,5831160,46632
1790915532,68033420,69815930880,12419,0,,2,0,1,3,1274887,314395896,9789095,9789181,5835436,46671
1790915533,68033244,69815463936,12419,0,,3,0,1,3,1278595,314855526,9800226,9800313,5839818,46711
1790915534,68033496,69816025088,12665,0,,2,0,1,3,1262590,315225453,9808667,9808753,5862768,46889
1790915535,68034316,69817331712,12665,0,,2,0,1,3,1266986,315694330,9819644,9819730,5866992,46926
1790915536,68034456,69817245696,12665,0,,3,0,1,3,1273020,316164165,9831060,9831146,5870789,46960
1790915537,68034644,69816643584,12665,0,,0,0,1,3,1278038,316645429,9842595,9842682,5875057,46997
1790915538,68034772,69816516608,12665,0,,3,0,1,3,1282806,317106709,9853508,9853594,5879459,47036
1790915539,68034908,69817692160,12694,0,,1,0,1,3,1268073,317501679,9863248,9863333,5903420,47221
1790915540,68035088,69817614336,12694,0,,1,0,1,3,1272895,317982766,9874417,9874503,5913224,47301
1790915541,68036224,69819269120,12785,0,,2,0,1,3,1256416,318381539,9884415,9884501,5930851,47440
1790915542,68035988,69818564608,12785,0,,1,0,1,3,1261697,318840829,9896129,9896214,5935295,47480
1790915543,68035884,69818679296,12839,0,,1,0,1,3,1246002,319237137,9905251,9905336,5958870,47664
1790915544,68037204,69819547648,12839,0,,2,0,1,3,1251053,319714703,9916742,9916827,5963327,47703
1790915545,68036336,69818904576,13065,0,,3,0,1,3,1255605,320130918,9925912,9925999,5986376,47882
1790915546,68037348,69820461056,13065,0,,2,0,1,3,1240704,320596457,9937424,9937510,5990570,47922
1790915547,68036580,69820178432,13248,0,,0,0,1,3,1245209,321004957,9946783,9946870,6012999,48095
1790915548,68035348,69817634816,13248,0,,1,0,1,3,1230271,321462363,9958140,9958226,6018416,48144
1790915549,68035204,69817741312,13248,0,,1,0,1,3,1235581,321938133,9969530,9969615,6022739,48182
1790915550,68035128,69817573376,13248,0,,2,0,1,3,1240920,322397065,9981061,9981148,6026907,48220
1790915551,68035392,69817905152,13248,0,,2,0,1,3,1246691,322873074,9992244,9992330,6034500,48285
1790915552,68035168,69817425920,13346,0,,3,0,1,3,1230429,323255194,10001088,10001174,6054325,48440
1790915553,68035404,69817946112,13346,0,,3,0,1,3,1235477,323743745,10012452,10012538,6058798,48479
1790915554,68035496,69818540032,13346,0,,0,0,1,3,1240800,324220875,10023870,10023956,6062927,48516
1790915555,68035796,69818875904,13346,0,,1,0,1,3,1246088,324665457,10035563,10035649,6067132,48553
1790915557,68036032,69819109376,13346,0,,0,0,1,3,1251106,325142853,10046858,10046945,6071325,48591
1790915558,68035936,69818793984,13346,0,,2,0,1,3,1255799,325639294,10057768,10057854,6075255,48627
1790915559,68035900,69818191872,13346,0,,1,0,1,3,1260489,326095695,10068856,10068941,6079495,48666
1790915560,68037420,69819846656,13599,0,,3,0,1,3,1244131,326446897,10077226,10077312,6102748,48846
1790915561,68037504,69820059648,13910,0,,2,0,1,3,1227949,326814685,10085692,10085779,6126123,49028
1790915562,68037440,69820547072,13910,0,,1,0,1,3,1232607,327292524,10096859,10096946,6130187,49065
1790915563,68037556,69819813888,13910,0,,2,0,1,3,1237645,327774595,10108252,10108339,6134921,49105
1790915564,68037308,69819895808,14032,0,,0,0,1,3,1242167,328161444,10117389,10117476,6158087,49285
1790915565,68037344,69820715008,14032,0,,1,0,1,3,1226928,328643348,10128568,10128654,6165122,49344
1790915566,68038464,69821313024,14136,0,,1,0,1,3,1210931,329015140,10137432,10137516,6185918,49507
1790915567,68037372,69820481536,14136,0,,0,0,1,3,1216352,329491736,10148905,10148992,6190411,49547
1790915568,68038512,69821358080,14136,0,,3,0,1,3,1222135,329954304,10160406,10160492,6193948,49579
1790915569,68039916,69822541824,14254,0,,1,0,1,3,1206828,330340849,10169511,10169595,6217725,49765
1790915570,68039680,69822062592,14254,0,,3,0,1,3,1212112,330811609,10180951,10181038,6222217,49806
1790915571,68040864,69823512576,14254,0,,2,0,1,3,1217396,331288606,10192545,10192631,6226503,49845
1790915572,68036424,69818945536,14254,0,,2,0,1,3,1222448,331755827,10204166,10204252,6230906,49885
1790915573,68036624,69819199488,14254,0,,3,0,1,3,1228466,332220074,10215357,10215444,6239256,49953
1790915574,68036652,69819756544,14359,0,,3,0,1,3,1212393,332605148,10224534,10224618,6258291,50103
1790915575,68036336,69819195392,14570,0,,2,0,1,3,1196482,332983572,10233593,10233678,6284412,50306
1790915576,68036512,69818822656,14645,0,,1,0,1,3,1180640,333376919,10242792,10242878,6305761,50471
1790915577,68036400,69818970112,14645,0,,1,0,1,3,1186446,333885010,10254081,10254167,6309427,50505
1790915578,68036512,69818687488,14645,0,,2,0,1,3,1191778,334364610,10265461,10265548,6313532,50543
1790915579,68036396,69818998784,14645,0,,3,0,1,3,1197302,334858976,10276859,10276945,6317845,50582
1790915580,68036616,69819715584,14645,0,,3,0,1,3,1202958,335333825,10288376,10288463,6321513,50615
1790915581,68036444,69819797504,14645,0,,2,0,1,3,1208229,335808635,10299862,10299948,6325930,50655
1790915582,68036364,69818662912,14645,0,,1,0,1,3,1213077,336261329,10310868,10310955,6330506,50695
1790915583,68036196,69819011072,14645,0,,3,0,1,3,1218814,336721540,10321931,10322018,6333844,50726
1790915584,68037180,69820014592,14645,0,,1,0,1,3,1223266,337191863,10332819,10332904,6338237,50765
1790915585,68037020,69820006400,14645,0,,1,0,1,3,1229190,337646088,10343963,10344049,6342131,50800
1790915587,68036440,69819551744,14859,0,,2,0,1,3,1233375,338037373,10353090,10353177,6365133,50978
1790915588,68035404,69818208256,14859,0,,1,0,1,3,1218098,338495059,10364021,10364107,6369545,51017
1790915589,68035312,69818585088,14859,0,,0,0,1,3,1223464,338968919,10375115,10375201,6373327,51052
1790915590,68035412,69818138624,14859,0,,2,0,1,3,1228649,339455594,10386618,10386705,6378032,51094
1790915591,68036896,69819756544,14859,0,,1,0,1,3,1233215,339932298,10397588,10397673,6382263,51133
1790915592,68036708,69819322368,14859,0,,3,0,1,3,1238264,340398068,10408514,10408601,6386107,51170
1790915593,68037908,69820510208,14859,0,,3,0,1,3,1243367,340861973,10419568,10419653,6390091,51206
1790915594,68037408,69820260352,15046,0,,1,0,1,3,1227361,341250411,10428593,10428678,6413819,51391
1790915595,68036376,69818683392,15046,0,,2,0,1,3,1232565,341732378,10440157,10440243,6418108,51429
1790915596,68036188,69818494976,15046,0,,0,0,1,3,1237704,342228812,10451493,10451579,6421920,51462
1790915597,68036572,69818916864,15046,0,,2,0,1,3,1243265,342707350,10462909,10462994,6426226,51501
1790915598,68036456,69819559936,15046,0,,2,0,1,3,1248108,343184562,10473886,10473973,6430431,51540
1790915599,68035548,69818650624,15046,0,,2,0,1,3,1252928,343659900,10484845,10484929,6434439,51577
1790915600,68035360,69818163200,15046,0,,2,0,1,3,1257477,344138416,10495828,10495915,6438712,51616
1790915601,68035172,69817700352,15053,0,,0,0,1,3,1262511,344564990,10506637,10506723,6451745,51719
1790915602,68034980,69818114048,15128,0,,1,0,1,3,1246173,344985285,10516104,10516189,6466022,51833
1790915603,68034864,69818335232,15204,0,,4,0,1,3,1230845,345383840,10525696,10525783,6490269,52021
1790915604,68034908,69817700352,15204,0,,1,0,1,3,1235432,345869289,10537022,10537108,6493780,52054
1790915605,68034756,69817274368,15204,0,,1,0,1,3,1240710,346354285,10548447,10548532,6498112,52093
1790915606,68034700,69817860096,15204,0,,1,0,1,3,1245599,346843988,10560026,10560112,6502356,52131
1790915607,68034240,69817495552,15204,0,,1,0,1,3,1250819,347306726,10571604,10571690,6506510,52169
1790915608,68034112,69816123392,15204,0,,1,0,1,3,1256041,347763226,10583359,10583446,6510812,52207
1790915609,68035484,69818019840,15204,0,,2,0,1,3,1261433,348241005,10594897,10594983,6515202,52248
1790915610,68034764,69817806848,15293,0,,3,0,1,3,1245712,348647953,10604353,10604440,6539354,52436
1790915611,68034536,69817044992,15305,0,,1,0,1,3,1229684,349076101,10614266,10614353,6562512,52615
1790915612,68034832,69817360384,15305,0,,1,0,1,3,1234850,349574594,10625132,10625218,6566755,52655
1790915613,68034764,69817278464,15373,0,,2,0,1,3,1219856,349992008,10634622,10634709,6590371,52838
1790915614,68034624,69817217024,15373,0,,1,0,1,3,1224726,350445382,10646341,10646427,6594318,52873
1790915615,68036288,69819043840,15373,0,,1,0,1,3,1229983,350938257,10657746,10657831,6598112,52907
1790915617,68035348,69818355712,15373,0,,0,0,1,3,1234943,351424613,10669060,10669147,6602466,52946
1790915618,68036188,69819285504,15644,0,,3,0,1,3,1218979,351790289,10677563,10677648,6625857,53129
1790915619,68037588,69820698624,15644,0,,3,0,1,3,1224170,352249316,10689195,10689280,6630268,53168
1790915620,68037476,69820047360,15644,0,,2,0,1,3,1229004,352731269,10700654,10700741,6634420,53206
1790915621,68037548,69820145664,15644,0,,1,0,1,3,1234336,353209521,10712138,10712224,6638474,53243
1790915622,68037516,69820125184,15764,0,,2,0,1,3,1218403,353565166,10720765,10720851,6662412,53429
1790915623,68036012,69818515456,15764,0,,0,0,1,3,1223173,354059711,10731935,10732022,6666575,53467
1790915624,68036400,69819232256,15764,0,,1,0,1,3,1228966,354546349,10743270,10743357,6670538,53503
1790915625,68035076,69817880576,15764,0,,2,0,1,3,1234012,355044345,10754635,10754721,6674587,53541
1790915626,68034896,69817679872,15764,0,,1,0,1,3,1239240,355517034,10765871,10765958,6679012,53580
1790915627,68034884,69817335808,15975,0,,2,0,1,3,1222932,355888347,10774570,10774656,6702574,53764
1790915628,68035112,69817606144,15975,0,,0,0,1,3,1227910,356327913,10785703,10785790,6706347,53798
1790915629,68035428,69818490880,15975,0,,3,0,1,3,1233479,356829496,10796726,10796813,6710868,53839
1790915630,68035432,69818474496,16377,0,,1,0,1,3,1216843,357210483,10805652,10805738,6734279,54020
1790915631,68035164,69818105856,16377,0,,2,0,1,3,1222364,357690625,10817137,10817223,6738399,54058
1790915632,68035228,69818281984,16377,0,,0,0,1,3,1227706,358151303,10828571,10828655,6742695,54098
1790915633,68035456,69818740736,16377,0,,1,0,1,3,1232705,358618115,10840088,10840173,6746866,54135
1790915634,68036764,69819850752,16377,0,,3,0,1,3,1238456,359104176,10851551,10851636,6751241,54175
1790915635,68035604,69818675200,16832,0,,1,0,1,3,1242462,359462939,10860376,10860463,6774062,54352
1790915636,68035184,69817708544,16832,0,,3,0,1,3,1227152,359921765,10871215,10871301,6778529,54392
1790915637,68035460,69818269696,16832,0,,2,0,1,3,1232478,360390799,10882316,10882403,6782582,54427
1790915638,68035508,69818314752,16832,0,,3,0,1,3,1237415,360840355,10894110,10894197,6786918,54467
1790915639,68035676,69818486784,17243,0,,3,0,1,3,1241706,361205925,10902996,10903083,6810260,54648
1790915640,68036612,69819195392,17243,0,,1,0,1,3,1226367,361684707,10914292,10914376,6814739,54690
1790915641,68036348,69818650624,17249,0,,0,0,1,3,1231876,362152763,10924943,10925030,6830030,54810
1790915642,68037920,69819961344,17331,0,,1,0,1,3,1216072,362572051,10934532,10934618,6842318,54910
1790915643,68038300,69820919808,17331,0,,1,0,1,3,1221731,363039592,10946314,10946400,6846448,54945
1790915644,68038156,69820768256,17331,0,,1,0,1,3,1226861,363520469,10957674,10957761,6851250,54987
1790915645,68036708,69819817984,17331,0,,1,0,1,3,1231826,364003583,10969161,10969247,6855226,55023
1790915647,68036752,69819289600,17331,0,,2,0,1,3,1236563,364480777,10980501,10980587,6859913,55065
1790915648,68036300,69818888192,17331,0,,2,0,1,3,1241642,364946482,10991387,10991473,6863582,55100
1790915649,68036864,69819985920,17383,0,,1,0,1,3,1226439,365313807,11000299,11000385,6887825,55288
1790915650,68035732,69818486784,17383,0,,3,0,1,3,1230998,365773327,11011243,11011330,6891342,55321
1790915651,68035800,69818564608,17383,0,,2,0,1,3,1236315,366229950,11022518,11022605,6895608,55360
1790915652,68036048,69818585088,17383,0,,2,0,1,3,1240937,366718827,11033828,11033914,6899952,55399
1790915653,68035852,69818683392,17477,0,,2,0,1,3,1225041,367106596,11043472,11043558,6923215,55579
1790915654,68035572,69818773504,17477,0,,3,0,1,3,1230141,367595702,11054880,11054967,6927606,55620
1790915655,68035220,69817999360,17477,0,,1,0,1,3,1235909,368067712,11065944,11066031,6931544,55656
1790915656,68035504,69818036224,17477,0,,2,0,1,3,1240978,368546620,11077331,11077418,6935786,55695
1790915657,68035436,69818990592,17477,0,,2,0,1,3,1246093,369012163,11088576,11088663,6939651,55730
1790915658,68035156,69817450496,17658,0,,3,0,1,3,1229204,369382912,11097051,11097138,6963381,55913
1790915659,68036536,69819117568,17658,0,,1,0,1,3,1234446,369824199,11108088,11108172,6967203,55947
1790915660,68036152,69818961920,17658,0,,2,0,1,3,1239529,370267308,11119690,11119776,6971454,55987
1790915661,68036164,69818978304,17658,0,,1,0,1,3,1244632,370773526,11131050,11131137,6975601,56025
1790915662,68036064,69818900480,17658,0,,0,0,1,3,1249914,371226726,11142394,11142481,6979980,56065
1790915663,68036184,69819273216,17658,0,,3,0,1,3,1254930,371691416,11153268,11153354,6983497,56098
1790915664,68035128,69817430016,17658,0,,1,0,1,3,1259525,372150940,11164329,11164414,6988071,56140
1790915665,68036360,69819691008,17658,0,,1,0,1,3,1264600,372592923,11175454,11175539,6991847,56174
1790915666,68035468,69818015744,17658,0,,2,0,1,3,1268922,373053241,11186479,11186565,6996375,56215
1790915667,68036532,69819633664,17658,0,,3,0,1,3,1273575,373506947,11197355,11197441,7004624,56281
1790915668,68036824,69820211200,18073,0,,0,0,1,3,1236813,373846596,11205638,11205722,7044230,56583
1790915669,68036440,69819015168,18073,0,,2,0,1,3,1242504,374341940,11217034,11217121,7048019,56616
1790915670,68037464,69820047360,18073,0,,3,0,1,3,1247511,374818004,11228523,11228608,7052340,56656
1790915671,68037364,69819211776,18073,0,,2,0,1,3,1252622,375284319,11240062,11240148,7056766,56696
1790915672,68037296,69819351040,18118,0,,0,0,1,3,1257771,375711895,11250374,11250461,7074064,56831
1790915673,68035036,69817315328,18221,0,,1,0,1,3,1241958,376154883,11260622,11260709,7084611,56919
1790915674,68033948,69816455168,18221,0,,1,0,1,3,1247121,376641341,11272014,11272101,7088784,56957
1790915675,68033976,69816725504,18221,0,,1,0,1,3,1252542,377115486,11283455,11283541,7093040,56994
1790915677,68033880,69816643584,18221,0,,3,0,1,3,1257739,377600186,11294872,11294959,7097059,57032
1790915678,68033488,69816004608,18221,0,,3,0,1,3,1262225,378062617,11306091,11306178,7101515,57072
1790915679,68033748,69816504320,18221,0,,2,0,1,3,1266844,378506304,11317262,11317349,7105374,57107
1790915680,68034056,69817081856,18221,0,,1,0,1,3,1271526,378980463,11328189,11328275,7109793,57148
1790915681,68033936,69817204736,18221,0,,2,0,1,3,1276431,379423456,11339444,11339531,7113851,57185
1790915682,68033864,69816614912,18401,0,,3,0,1,3,1260742,379796145,11348041,11348127,7143124,57411
1790915683,68034004,69816442880,18453,0,,1,0,1,3,1244556,380245037,11357987,11358073,7161397,57555
1790915684,68035100,69818109952,18453,0,,4,0,1,3,1249827,380722711,11369618,11369703,7165990,57596
1790915685,68035300,69818294272,18453,0,,2,0,1,3,1254933,381208831,11381091,11381178,7169718,57632
1790915686,68035508,69818273792,18574,0,,2,0,1,3,1239657,381625123,11391300,11391386,7193559,57817
1790915687,68035104,69818400768,18574,0,,0,0,1,3,1244839,382118720,11402564,11402650,7197654,57853
1790915688,68036084,69819265024,18632,0,,1,0,1,3,1228968,382505690,11412328,11412412,7221634,58040
1790915689,68035652,69818703872,18632,0,,1,0,1,3,1233940,382981728,11423743,11423830,7225617,58076
1790915690,68036792,69819125760,18707,0,,3,0,1,3,1218626,383365746,11432986,11433072,7249064,58257
1790915691,68037244,69818986496,18736,0,,0,0,1,3,1223452,383802928,11443448,11443535,7266155,58392
1790915692,68037528,69819846656,18793,0,,3,0,1,3,1208097,384208959,11453587,11453674,7277191,58480
1790915693,68038576,69821370368,18793,0,,3,0,1,3,1213667,384683226,11464934,11465019,7281620,58520
1790915694,68038276,69820841984,19036,0,,2,0,1,3,1198068,385056191,11473476,11473563,7304665,58699
1790915695,68037172,69819686912,19036,0,,1,0,1,3,1203333,385521319,11485013,11485099,7309305,58741
1790915696,68036068,69818523648,19036,0,,0,0,1,3,1208366,385983932,11496292,11496377,7313610,58781
1790915697,68035936,69818474496,19036,0,,3,0,1,3,1213992,386464415,11507770,11507857,7317733,58819
1790915698,68036168,69818707968,19036,0,,0,0,1,3,1219797,386929703,11519108,11519194,7321940,58856
1790915699,68036172,69818204160,19036,0,,1,0,1,3,1225089,387399643,11530155,11530242,7325833,58891
1790915700,68036164,69819219968,19158,0,,1,0,1,3,1209053,387733822,11538411,11538496,7349645,59076
1790915701,68036252,69818789888,19158,0,,0,0,1,3,1213867,388196189,11549432,11549516,7353498,59113
1790915702,68035988,69818978304,19158,0,,1,0,1,3,1219090,388672520,11560906,11560992,7358239,59156
1790915703,68036420,69819953152,19341,0,,3,0,1,3,1203274,389075808,11570499,11570585,7381582,59336
1790915704,68036600,69819174912,19368,0,,0,0,1,3,1208334,389475558,11580319,11580406,7401486,59491
1790915705,68036648,69818949632,19487,0,,2,0,1,3,1171629,389819355,11589072,11589158,7428862,59704
1790915707,68036468,69819498496,19487,0,,2,0,1,3,1177671,390296224,11600596,11600683,7432730,59739
1790915708,68035396,69818183680,19487,0,,2,0,1,3,1183276,390774483,11612041,11612127,7436589,59776
1790915709,68035412,69817688064,19487,0,,0,0,1,3,1189054,391260381,11623320,11623406,7441372,59820
1790915710,68036308,69819355136,19487,0,,2,0,1,3,1194808,391754000,11634743,11634829,7445347,59856
1790915711,68036592,69819719680,19487,0,,3,0,1,3,1199802,392226644,11646195,11646282,7449338,59892
1790915712,68036848,69819113472,19487,0,,1,0,1,3,1204902,392683358,11657456,11657543,7453570,59930
1790915713,68036208,69819219968,19602,0,,2,0,1,3,1189296,393032135,11665819,11665905,7476776,60110
1790915714,68036216,69819281408,19602,0,,2,0,1,3,1194408,393500055,11676869,11676955,7481115,60149
1790915715,68037688,69819744256,19602,0,,1,0,1,3,1200355,393955861,11688348,11688433,7485191,60184
1790915716,68037668,69820481536,19602,0,,1,0,1,3,1205080,394464234,11699576,11699663,7489174,60221
1790915717,68039072,69822251008,19707,0,,0,0,1,3,1189746,394839502,11708404,11708489,7512919,60406
1790915718,68039124,69821743104,19707,0,,0,0,1,3,1194686,395312768,11720015,11720100,7517171,60444
1790915719,68038832,69822177280,19883,0,,1,0,1,3,1179129,395670462,11729268,11729354,7540824,60628
1790915720,68039044,69822197760,19883,0,,4,0,1,3,1184548,396130247,11740821,11740906,7545089,60666
1790915721,68036764,69819875328,19883,0,,1,0,1,3,1190510,396602650,11752316,11752403,7548954,60701
1790915722,68036940,69819248640,19883,0,,2,0,1,3,1195626,397078854,11763752,11763838,7553441,60743
1790915723,68037072,69819932672,20169,0,,1,0,1,3,1179588,397435657,11772670,11772757,7576972,60925
1790915724,68036808,69819613184,20169,0,,1,0,1,3,1185797,397920126,11784047,11784134,7580811,60960
1790915725,68036896,69819195392,20169,0,,0,0,1,3,1191132,398398623,11795364,11795451,7585193,60999
1790915726,68036700,69819478016,20169,0,,1,0,1,3,1196585,398876590,11806631,11806718,7589538,61039
1790915727,68036832,69819478016,20169,0,,2,0,1,3,1201986,399320218,11818176,11818262,7593923,61080
1790915728,68036704,69818744832,20392,0,,1,0,1,3,1206475,399702455,11827403,11827490,7614812,61241
1790915729,68037012,69820096512,20428,0,,1,0,1,3,1191008,400152860,11838125,11838212,7621213,61295
1790915730,68037324,69819629568,20428,0,,1,0,1,3,1196407,400610088,11849524,11849611,7625001,61330
1790915731,68037376,69820674048,20517,0,,2,0,1,3,1181047,401028194,11858610,11858695,7649047,61516
1790915732,68036992,69820047360,20517,0,,2,0,1,3,1186420,401500004,11870149,11870235,7652947,61552
1790915733,68036888,69819211776,20694,0,,0,0,1,3,1191229,401912641,11879963,11880050,7671932,61700
1790915734,68036948,69819289600,20741,0,,1,0,1,3,1176242,402337436,11890641,11890727,7680404,61769
1790915735,68037020,69819834368,20741,0,,3,0,1,3,1181879,402815612,11902108,11902195,7684661,61808
1790915737,68037048,69820076032,20938,0,,1,0,1,3,1165938,403183183,11910485,11910572,7708010,61989
1790915738,68037500,69819297792,20938,0,,2,0,1,3,1171204,403672398,11921812,11921898,7712533,62028
1790915739,68037448,69820039168,20938,0,,2,0,1,3,1176244,404158946,11933281,11933368,7716533,62064
1790915740,68039128,69822230528,20980,0,,1,0,1,3,1160631,404558605,11942820,11942906,7740344,62249
1790915741,68038268,69821390848,20980,0,,2,0,1,3,1165908,405050936,11954086,11954173,7744779,62289
1790915742,68039204,69822074880,21074,0,,1,0,1,3,1168518,405396779,11962831,11962918,7767999,62469
1790915743,68039016,69821784064,21074,0,,2,0,1,3,1173920,405873261,11974194,11974280,7772196,62507
1790915744,68039108,69822021632,21074,0,,1,0,1,3,1179411,406334636,11985777,11985863,7776437,62544
1790915745,68038136,69821243392,21074,0,,3,0,1,3,1185149,406811892,11997319,11997406,7780414,62580
1790915746,68036368,69819211776,21074,0,,2,0,1,3,1190222,407267621,12008980,12009066,7784629,62618
1790915747,68036424,69818712064,21074,0,,3,0,1,3,1195588,407741440,12020179,12020266,7789154,62659
1790915748,68036624,69819183104,21074,0,,0,0,1,3,1200700,408226594,12031041,12031126,7792958,62694
1790915749,68036552,69819604992,21074,0,,1,0,1,3,1205432,408707360,12042041,12042128,7797087,62732
1790915750,68036472,69819842560,21074,0,,4,0,1,3,1193132,409161525,12052788,12052875,7803431,62786
1790915751,68036884,69819682816,21349,0,,2,0,1,3,1177205,409519686,12061494,12061580,7823977,62946
1790915752,68036840,69819920384,21563,0,,3,0,1,3,1160933,409866760,12070025,12070111,7847651,63130
1790915753,68036876,69819920384,21563,0,,2,0,1,3,1166527,410329829,12081391,12081477,7851950,63169
1790915754,68036484,69819297792,21563,0,,2,0,1,3,1172272,410826589,12092752,12092839,7856125,63207
1790915755,68036672,69819211776,21563,0,,1,0,1,3,1177346,411299176,12104346,12104433,7860804,63250
1790915756,68036828,69819645952,21563,0,,1,0,1,3,1182486,411785166,12115756,12115843,7864799,63285
1790915757,68036796,69819858944,21563,0,,1,0,1,3,1187770,412266421,12126687,12126774,7868533,63319
1790915758,68038100,69820674048,21563,0,,1,0,1,3,1192126,412696541,12137932,12138017,7873022,63359
1790915759,68038472,69821566976,21661,0,,1,0,1,3,1176978,413080905,12146989,12147074,7896981,63545
1790915760,68038308,69820928000,21661,0,,1,0,1,3,1181609,413525539,12158037,12158124,7900392,63577
1790915761,68037024,69819854848,21661,0,,0,0,1,3,1186932,413998224,12169032,12169119,7905159,63620
1790915762,68036916,69819219968,21697,0,,0,0,1,3,1192251,414465210,12179863,12179950,7919973,63736
1790915763,68036804,69819109376,21944,0,,0,0,1,3,1175650,414800915,12188037,12188124,7949633,63965
1790915764,68038344,69820919808,22012,0,,2,0,1,3,1160522,415265781,12198968,12199052,7956077,64019
1790915765,68038168,69820760064,22012,0,,1,0,1,3,1166273,415746191,12210471,12210557,7960219,64057
1790915767,68039428,69822521344,22012,0,,1,0,1,3,1171987,416228464,12221748,12221833,7964315,64093
1790915768,68039224,69821521920,22012,0,,2,0,1,3,1177275,416681952,12233419,12233504,7968540,64132
1790915769,68038336,69821210624,22012,0,,0,0,1,3,1182639,417149681,12244893,12244979,7972909,64171
1790915770,68039532,69822836736,22012,0,,1,0,1,3,1187928,417613513,12255884,12255970,7977144,64210
1790915771,68036720,69819015168,22012,0,,1,0,1,3,1192751,418071150,12266829,12266916,7981984,64255
1790915772,68036496,69818933248,22205,0,,1,0,1,3,1177117,418433147,12275542,12275627,8004913,64433
1790915773,68036696,69819817984,22205,0,,1,0,1,3,1182774,418905174,12286325,12286411,8008704,64467
1790915774,68036804,69820067840,22205,0,,3,0,1,3,1187615,419383562,12297730,12297817,8012721,64503
1790915775,68037080,69819650048,22205,0,,0,0,1,3,1193548,419856195,12309153,12309238,8017433,64545
1790915776,68036704,69819453440,22205,0,,3,0,1,3,1198385,420320862,12320278,12320364,8021306,64581
1790915777,68036788,69819301888,22205,0,,3,0,1,3,1203943,420786184,12331469,12331555,8025572,64618
1790915778,68036788,69819338752,22205,0,,2,0,1,3,1208966,421266267,12342880,12342967,8029529,64657
1790915779,68036224,69818507264,22254,0,,1,0,1,3,1193583,421652755,12352590,12352676,8053477,64843
1790915780,68036432,69819457536,22254,0,,0,0,1,3,1199161,422125579,12363958,12364043,8057255,64878
1790915781,68036172,69819506688,22254,0,,2,0,1,3,1204525,422627942,12375389,12375476,8061448,64916
1790915782,68036648,69818949632,22254,0,,2,0,1,3,1209667,423128351,12386813,12386900,8065547,64954
1790915783,68037764,69821087744,22467,0,,2,0,1,3,1193938,423480987,12395455,12395541,8089703,65143
1790915784,68037616,69820465152,22467,0,,1,0,1,3,1198240,423928657,12406507,12406594,8093185,65176
1790915785,68036624,69818912768,22467,0,,2,0,1,3,1203935,424422458,12417416,12417502,8097267,65211
1790915786,68036932,69820039168,22467,0,,1,0,1,3,1208993,424903756,12428941,12429028,8101108,65244
1790915787,68036760,69820329984,22467,0,,0,0,1,3,1214227,425393802,12440066,12440153,8105770,65286
1790915788,68035484,69817753600,22467,0,,1,0,1,3,1218918,425870304,12450814,12450900,8112884,65347
1790915789,68036828,69819129856,22710,0,,2,0,1,3,1202733,426239710,12459829,12459915,8132923,65503
1790915790,68036524,69819506688,22710,0,,3,0,1,3,1207861,426686992,12471129,12471214,8136771,65539
1790915791,68037820,69821108224,22710,0,,2,0,1,3,1213220,427179895,12482361,12482446,8141358,65580
1790915792,68036572,69819133952,22921,0,,0,0,1,3,1218275,427602939,12492270,12492357,8161574,65735
1790915793,68035456,69817991168,23087,0,,2,0,1,3,1202954,428042800,12502800,12502887,8179860,65879
1790915794,68036908,69819723776,23196,0,,2,0,1,3,1187223,428472146,12512736,12512821,8192543,65980
1790915795,68036732,69819830272,23196,0,,0,0,1,3,1192703,428939422,12524488,12524574,8196842,66018
1790915797,68036800,69819326464,23196,0,,4,0,1,3,1197286,429397598,12536052,12536138,8201430,66057
1790915798,68035712,69818507264,23196,0,,1,0,1,3,1202620,429853672,12547754,12547841,8205808,66095
1790915799,68035808,69819097088,23196,0,,3,0,1,3,1207505,430328596,12559216,12559303,8210113,66134
1790915800,68035856,69818642432,23196,0,,1,0,1,3,1212702,430771765,12570771,12570856,8214049,66170
1790915801,68035968,69818507264,23196,0,,2,0,1,3,1217499,431246651,12581754,12581840,8218767,66213
1790915802,68035860,69818138624,23196,0,,3,0,1,3,1222821,431699976,12592679,12592766,8222671,66249
1790915803,68035924,69819207680,23196,0,,1,0,1,3,1227676,432164593,12603739,12603825,8226684,66286
1790915804,68035956,69818429440,23196,0,,1,0,1,3,1232260,432617586,12614719,12614804,8230752,66323
1790915805,68035724,69818781696,23196,0,,4,0,1,3,1237049,433076916,12625690,12625776,8234843,66359
1790915806,68035724,69818527744,23196,0,,2,0,1,3,1241578,433535878,12636759,12636844,8238985,66397
1790915807,68035740,69818699776,23196,0,,2,0,1,3,1246939,434000013,12647767,12647854,8242781,66432
1790915808,68036844,69818867712,23196,0,,1,0,1,3,1251841,434454350,12659460,12659547,8247267,66473
1790915809,68038208,69820502016,23196,0,,4,0,1,3,1256835,434933518,12670879,12670965,8251426,66510
1790915810,68037880,69820723200,23196,0,,1,0,1,3,1261162,435404130,12682495,12682581,8255760,66549
1790915811,68037788,69820616704,23450,0,,1,0,1,3,1245199,435781908,12691715,12691801,8279316,66733
1790915812,68036812,69819613184,23450,0,,2,0,1,3,1250319,436276395,12703135,12703222,8283541,66771
1790915813,68036852,69819346944,23606,0,,2,0,1,3,1234017,436651031,12712652,12712738,8307272,66955
1790915814,68037772,69819318272,23606,0,,0,0,1,3,1238957,437113517,12723433,12723516,8324250,67089
1790915815,68037920,69821116416,23606,0,,0,0,1,3,1223900,437585665,12734559,12734645,8335498,67181
1790915816,68037752,69819842560,23606,0,,3,0,1,3,1228429,438088975,12745880,12745967,8339763,67222
1790915817,68037872,69820735488,23606,0,,3,0,1,3,1233971,438570421,12757335,12757419,8343720,67258
1790915818,68037556,69820104704,23606,0,,3,0,1,3,1238948,439043506,12768979,12769066,8348177,67298
1790915819,68038844,69821960192,23606,0,,2,0,1,3,1243897,439522978,12780580,12780666,8352372,67336
1790915820,68036640,69819437056,23606,0,,2,0,1,3,1247919,439992234,12791783,12791869,8356828,67375
1790915821,68036324,69819125760,23606,0,,2,0,1,3,1252333,440451460,12802830,12802916,8361213,67416
1790915822,68036340,69818593280,23617,0,,0,0,1,3,1257242,440872018,12813314,12813401,8375478,67528
1790915823,68036204,69819248640,23886,0,,1,0,1,3,1240527,441272852,12822699,12822786,8388735,67634
1790915824,68034744,69817225216,23942,0,,2,0,1,3,1224638,441655132,12832207,12832293,8412548,67820
1790915826,68034668,69817610240,23942,0,,1,0,1,3,1229687,442131684,12843710,12843797,8417139,67862
1790915827,68034660,69817114624,23942,0,,2,0,1,3,1234228,442615522,12855173,12855260,8421444,67902
1790915828,68034572,69817290752,23942,0,,1,0,1,3,1239738,443095766,12866714,12866799,8425827,67942
1790915829,68034212,69817503744,23942,0,,3,0,1,3,1245427,443567138,12878109,12878196,8429588,67978
1790915830,68035684,69818699776,23942,0,,2,0,1,3,1250530,444055619,12889632,12889717,8434016,68017
1790915831,68035416,69818191872,24038,0,,3,0,1,3,1233994,444431474,12898629,12898716,8457710,68202
1790915832,68035408,69817892864,24038,0,,1,0,1,3,1239027,444885050,12909604,12909691,8461941,68240
1790915833,68036540,69818802176,24254,0,,1,0,1,3,1242885,445281430,12918925,12919012,8482666,68402
1790915834,68036404,69819154432,24408,0,,3,0,1,3,1227919,445732410,12930085,12930172,8489667,68461
1790915835,68036120,69818626048,24408,0,,2,0,1,3,1232510,446208038,12941624,12941711,8493837,68498
1790915836,68036372,69818646528,24408,0,,2,0,1,3,1237809,446686140,12953077,12953164,8498013,68539
1790915837,68035712,69818486784,24643,0,,2,0,1,3,1221540,447071600,12961927,12962013,8521397,68721
1790915838,68035576,69818765312,24643,0,,2,0,1,3,1226794,447561293,12973235,12973322,8526028,68763
1790915839,68037208,69819912192,24713,0,,0,0,1,3,1210579,447929629,12981926,12982010,8549316,68945
1790915840,68037036,69820059648,24713,0,,0,0,1,3,1216085,448426312,12993196,12993283,8553382,68982
1790915841,68038192,69820276736,24767,0,,0,0,1,3,1221038,448865853,13003393,13003480,8569184,69105
1790915842,68037240,69819817984,24947,0,,2,0,1,3,1205585,449280080,13013072,13013157,8580773,69198
1790915843,68036476,69819543552,24947,0,,2,0,1,3,1210844,449757429,13024510,13024596,8585217,69238
1790915844,68035944,69819002880,24947,0,,3,0,1,3,1215586,450229687,13035841,13035926,8589827,69279
1790915845,68036368,69819179008,25199,0,,2,0,1,3,1200005,450626706,13045385,13045470,8612809,69458
1790915846,68034984,69817925632,25370,0,,2,0,1,3,1183773,450964776,13053753,13053840,8636470,69642
1790915847,68035048,69818077184,25370,0,,0,0,1,3,1188678,451452178,13065085,13065171,8640872,69682
1790915848,68033516,69816524800,25370,0,,2,0,1,3,1194594,451909566,13076455,13076541,8649227,69750
1790915849,68033480,69816033280,25521,0,,2,0,1,3,1178304,452278990,13085348,13085435,8668683,69903
1790915850,68033360,69815828480,25521,0,,1,0,1,3,1183783,452769231,13096672,13096759,8672957,69941
1790915851,68033208,69816193024,25521,0,,2,0,1,3,1189493,453237420,13108277,13108363,8677007,69977
1790915852,68032852,69815566336,25521,0,,2,0,1,3,1194985,453719128,13119661,13119747,8681729,70019
1790915853,68032820,69815996416,25521,0,,0,0,1,3,1199742,454184248,13131118,13131204,8685770,70055
1790915854,68034124,69817061376,25521,0,,2,0,1,3,1204737,454650451,13142328,13142414,8690026,70091
1790915856,68034436,69816373248,25521,0,,1,0,1,3,1209848,455109094,13153304,13153390,8694455,70130
1790915857,68034604,69816922112,25521,0,,3,0,1,3,1214898,455565054,13164293,13164380,8698339,70165
1790915858,68035960,69818474496,25521,0,,1,0,1,3,1220137,456020794,13175345,13175429,8702299,70201
1790915859,68036332,69818806272,25521,0,,4,0,1,3,1224612,456494383,13186010,13186096,8706162,70237
1790915860,68036132,69818388480,25651,0,,1,0,1,3,1209099,456865916,13194801,13194888,8729321,70416
1790915861,68036128,69819174912,25651,0,,0,0,1,3,1214361,457335928,13205615,13205702,8733128,70452
1790915862,68036080,69818572800,25651,0,,3,0,1,3,1219474,457804403,13216918,13217005,8737902,70494
1790915863,68036208,69818953728,25742,0,,2,0,1,3,1203501,458194518,13226239,13226325,8761483,70677
1790915864,68037680,69820755968,25742,0,,2,0,1,3,1208977,458687638,13237551,13237638,8765673,70714
1790915865,68036136,69818621952,25742,0,,3,0,1,3,1214237,459167845,13249070,13249155,8769987,70753
1790915866,68037672,69819990016,25742,0,,4,0,1,3,1219296,459653295,13260654,13260741,8774224,70791
1790915867,68039116,69821722624,25742,0,,2,0,1,3,1224589,460132579,13271930,13272014,8779265,70836
1790915868,68037276,69820129280,25823,0,,1,0,1,3,1208468,460507508,13280314,13280401,8801890,71011
1790915869,68038504,69821370368,25823,0,,2,0,1,3,1213265,460986092,13291148,13291234,8805729,71045
1790915870,68038324,69821108224,25823,0,,1,0,1,3,1218569,461462367,13302487,13302574,8809921,71083
1790915871,68035948,69818748928,25823,0,,3,0,1,3,1223698,461947076,13313830,13313917,8814385,71123
1790915872,68036004,69818580992,25823,0,,2,0,1,3,1228998,462430349,13325038,13325125,8818332,71158
1790915873,68035800,69818261504,26070,0,,2,0,1,3,1212695,462795577,13333850,13333935,8841754,71340
1790915874,68035708,69818019840,26291,0,,0,0,1,3,1217487,463186161,13343053,13343140,8860320,71484
1790915875,68035700,69817982976,26351,0,,2,0,1,3,1202534,463640978,13353617,13353703,8868926,71555
1790915876,68035956,69818167296,26351,0,,0,0,1,3,1207359,464155784,13364939,13365025,8872997,71592
1790915877,68035472,69818245120,26351,0,,1,0,1,3,1213187,464632814,13376340,13376425,8877353,71631
1790915878,68035488,69818175488,26351,0,,3,0,1,3,1218493,465125477,13387732,13387819,8881776,71670
1790915879,68035400,69817913344,26750,0,,1,0,1,3,1202385,465503584,13396639,13396724,8905401,71854
1790915880,68035412,69818679296,26750,0,,1,0,1,3,1207708,465971622,13407947,13408032,8909514,71892
1790915881,68035436,69818613760,26750,0,,0,0,1,3,1212826,466429420,13419651,13419738,8913794,71931
1790915882,68036764,69819568128,26750,0,,2,0,1,3,1218256,466912449,13431075,13431160,8917932,71968
1790915883,68035784,69818310656,27059,0,,1,0,1,3,1202553,467258772,13439697,13439784,8941624,72151
1790915884,68035276,69817511936,27059,0,,2,0,1,3,1207527,467740962,13451143,13451230,8945772,72189
1790915886,68035272,69817798656,27059,0,,1,0,1,3,1213435,468213109,13462363,13462450,8953644,72254
1790915887,68035236,69818286080,27096,0,,3,0,1,3,1197428,468598880,13471878,13471965,8973493,72410
1790915888,68035372,69818163200,27322,0,,0,0,1,3,1201851,468996375,13481114,13481201,8995221,72577
1790915889,68036168,69818998784,27330,0,,2,0,1,3,1200221,469451284,13492202,13492288,9001280,72629
1790915890,68036340,69819379712,27578,0,,1,0,1,3,1171985,469815744,13501039,13501126,9024974,72812
1790915891,68036364,69819162624,27578,0,,3,0,1,3,1176394,470291315,13512617,13512704,9029093,72850
1790915892,68037464,69820833792,27578,0,,3,0,1,3,1181874,470755233,13524312,13524398,9033336,72888
1790915893,68036244,69819035648,27578,0,,1,0,1,3,1187124,471222975,13535821,13535905,9037583,72926
1790915894,68037788,69820870656,27578,0,,1,0,1,3,1193364,471692374,13547263,13547348,9041486,72960
1790915895,68036312,69819342848,27578,0,,2,0,1,3,1198914,472152919,13558746,13558832,9045847,72997
1790915896,68036396,69818904576,27578,0,,2,0,1,3,1204263,472588312,13569738,13569824,9049815,73033
1790915897,68036516,69818802176,27578,0,,2,0,1,3,1209143,473027544,13580825,13580912,9054230,73074
1790915898,68035992,69817974784,27578,0,,0,0,1,3,1214354,473530848,13591502,13591589,9058606,73112
1790915899,68035824,69818273792,27578,0,,2,0,1,3,1219567,473983508,13602537,13602623,9062455,73149
1790915900,68035688,69818474496,27687,0,,2,0,1,3,1202576,474328744,13611004,13611090,9086148,73333
1790915901,68035496,69817757696,27687,0,,2,0,1,3,1207654,474781896,13622044,13622131,9090081,73368
1790915902,68036036,69818994688,27687,0,,1,0,1,3,1212978,475257778,13633610,13633696,9094260,73405
1790915903,68035768,69818552320,27687,0,,2,0,1,3,1218240,475745832,13645019,13645105,9098361,73441
1790915904,68035816,69819125760,27990,0,,2,0,1,3,1202573,476103754,13653624,13653709,9121736,73623
1790915905,68035944,69818753024,27990,0,,2,0,1,3,1208034,476558858,13664619,13664706,9125666,73660
1790915906,68036200,69818744832,27990,0,,2,0,1,3,1213460,477027378,13675970,13676057,9131308,73709
1790915907,68037168,69819731968,28084,0,,3,0,1,3,1197420,477389581,13684550,13684636,9153482,73882
1790915908,68037048,69819875328,28084,0,,4,0,1,3,1202507,477882600,13695848,13695935,9158047,73924
1790915909,68036080,69818892288,28267,0,,2,0,1,3,1186822,478266474,13705008,13705095,9181540,74107
1790915910,68035980,69818224640,28267,0,,1,0,1,3,1192541,478758070,13716443,13716528,9185808,74144
1790915911,68036116,69818613760,28267,0,,1,0,1,3,1197990,479226221,13728047,13728133,9190013,74183
1790915912,68036200,69818908672,28267,0,,2,0,1,3,1203340,479714059,13739468,13739555,9193986,74221
1790915913,68037624,69820698624,28267,0,,2,0,1,3,1208649,480189408,13750732,13750818,9198296,74259
1790915914,68037620,69820190720,28414,0,,1,0,1,3,1192951,480552625,13759995,13760082,9221725,74442
1790915915,68038056,69820612608,28587,0,,1,0,1,3,1177324,480906400,13768490,13768575,9244990,74622
1790915917,68038220,69821050880,28666,0,,2,0,1,3,1182009,481317190,13777891,13777978,9267199,74794
1790915918,68037060,69819363328,28671,0,,1,0,1,3,1167544,481776951,13789234,13789320,9272825,74845
1790915919,68038468,69821583360,28671,0,,2,0,1,3,1172887,482276491,13800523,13800609,9276978,74883
1790915920,68036764,69819572224,28671,0,,1,0,1,3,1179035,482766343,13811783,13811870,9280949,74918
1790915921,68036820,69819633664,28671,0,,1,0,1,3,1184230,483256946,13822997,13823084,9285173,74955
1790915922,68036780,69818802176,28671,0,,2,0,1,3,1189770,483730197,13834447,13834534,9290087,74999
1790915923,68036952,69819785216,28908,0,,0,0,1,3,1173838,484099948,13843150,13843237,9313182,75179
1790915924,68036784,69819580416,29132,0,,0,0,1,3,1158137,484474720,13851879,13851965,9336338,75359
1790915925,68036596,69819609088,29132,0,,2,0,1,3,1163681,484954055,13863131,13863218,9340547,75398
1790915926,68036616,69818916864,29330,0,,0,0,1,3,1169247,485405174,13873162,13873249,9356017,75519
1790915927,68036640,69819686912,29750,0,,1,0,1,3,1132179,485715315,13880400,13880486,9387062,75759
1790915928,68036784,69819858944,29750,0,,1,0,1,3,1137828,486175001,13891944,13892030,9391309,75797
1790915929,68036456,69819441152,29750,0,,3,0,1,3,1143904,486646700,13903336,13903423,9395300,75833
1790915930,68036332,69819138048,29750,0,,1,0,1,3,1149183,487158721,13914560,13914646,9399558,75872
1790915931,68036276,69818818560,30013,0,,1,0,1,3,1133400,487506357,13923142,13923229,9423081,76054
1790915932,68037408,69820493824,30013,0,,2,0,1,3,1138800,487985552,13934497,13934583,9427126,76091
1790915933,68037336,69820178432,30013,0,,1,0,1,3,1144377,488474374,13945840,13945926,9431038,76126
1790915934,68037244,69820325888,30013,0,,0,0,1,3,1150232,488940532,13957411,13957498,9435731,76169
1790915935,68036496,69819555840,30013,0,,1,0,1,3,1155562,489404794,13969105,13969192,9439836,76206
1790915936,68036308,69818851328,30013,0,,1,0,1,3,1161180,489874678,13980154,13980240,9443916,76243
1790915937,68036316,69819129856,30013,0,,2,0,1,3,1166259,490339750,13991070,13991157,9448139,76281
1790915938,68037452,69820727296,30013,0,,1,0,1,3,1171754,490829288,14001845,14001929,9451961,76315
1790915939,68035956,69818499072,30013,0,,3,0,1,3,1176752,491286737,14012924,14013011,9456157,76353
1790915940,68037264,69820219392,30013,0,,2,0,1,3,1181812,491766578,14023866,14023952,9460077,76387
1790915941,68036056,69819101184,30013,0,,2,0,1,3,1187233,492223311,14034908,14034992,9463918,76421
1790915942,68035164,69817929728,30013,0,,2,0,1,3,1192011,492666652,14046050,14046136,9468115,76458
1790915943,68036604,69819105280,30207,0,,1,0,1,3,1176531,493023467,14054894,14054979,9492415,76647
1790915944,68036812,69819617280,30207,0,,2,0,1,3,1180765,493493896,14066006,14066092,9496049,76682
1790915945,68036660,69818929152,30207,0,,2,0,1,3,1186014,493949277,14077518,14077604,9500342,76720
1790915947,68036620,69818908672,30207,0,,2,0,1,3,1191484,494444741,14089005,14089092,9504490,76758
1790915948,68035356,69818380288,30207,0,,2,0,1,3,1196332,494923389,14099620,14099706,9508248,76790
1790915949,68035344,69818097664,30207,0,,2,0,1,3,1201263,495378535,14110741,14110826,9512141,76824
1790915950,68035332,69818109952,30353,0,,0,0,1,3,1185150,495719965,14118854,14118941,9535250,77003
1790915951,68035120,69818314752,30353,0,,3,0,1,3,1190334,496159330,14130039,14130125,9539309,77041
1790915952,68035348,69818089472,30353,0,,1,0,1,3,1195482,496645636,14141461,14141547,9543620,77080
1790915953,68035444,69818466304,30397,0,,1,0,1,3,1179744,496983872,14150525,14150611,9566871,77261
1790915954,68035492,69817737216,30397,0,,3,0,1,3,1185094,497443419,14162102,14162189,9571195,77299
1790915955,68034940,69816913920,30397,0,,2,0,1,3,1190697,497916570,14173461,14173547,9575537,77338
1790915956,68034900,69817405440,30397,0,,2,0,1,3,1196593,498397787,14184833,14184919,9579394,77373
1790915957,68036248,69819019264,30397,0,,3,0,1,3,1201756,498877977,14196222,14196308,9583599,77410
1790915958,68036072,69818798080,30526,0,,1,0,1,3,1184903,499217573,14204648,14204733,9607115,77593
1790915959,68036332,69819142144,30526,0,,1,0,1,3,1190124,499680176,14215618,14215704,9611485,77631
1790915960,68036364,69819301888,30526,0,,1,0,1,3,1195354,500142172,14227154,14227241,9615425,77669
1790915961,68036340,69819179008,30526,0,,2,0,1,3,1200867,500623205,14238481,14238567,9619524,77706
1790915962,68036540,69819293696,30749,0,,3,0,1,3,1184822,501038473,14248123,14248210,9643508,77893
1790915963,68037564,69820088320,30749,0,,0,0,1,3,1190543,501537053,14259291,14259376,9647411,77928
1790915964,68037184,69819977728,30749,0,,2,0,1,3,1195372,502042358,14270586,14270673,9651650,77966
1790915965,68037348,69819383808,30749,0,,2,0,1,3,1201227,502547442,14281811,14281895,9655596,78001
1790915966,68038548,69821284352,30749,0,,1,0,1,3,1206011,503016179,14292986,14293072,9660021,78041
1790915967,68038536,69821386752,30749,0,,2,0,1,3,1211687,503466583,14303965,14304052,9664002,78077
1790915968,68039776,69822386176,31021,0,,1,0,1,3,1195768,503795823,14312266,14312352,9689618,78276
1790915969,68039508,69822001152,31071,0,,2,0,1,3,1179258,504198199,14322077,14322164,9711000,78443
1790915970,68037560,69820653568,31071,0,,3,0,1,3,1184196,504672983,14333443,14333530,9715419,78483
1790915971,68036576,69818851328,31071,0,,3,0,1,3,1189309,505168884,14344657,14344743,9719601,78521
1790915972,68036536,69818806272,31071,0,,0,0,1,3,1194473,505652513,14356209,14356293,9723887,78560
1790915973,68036688,69819760640,31071,0,,1,0,1,3,1199552,506124389,14367743,14367830,9728367,78600
1790915974,68036184,69819244544,31071,0,,4,0,1,3,1204028,506580685,14378794,14378880,9732867,78640
1790915975,68036220,69818499072,31071,0,,1,0,1,3,1209194,507049875,14389638,14389724,9736816,78675
1790915977,68036308,69819105280,31146,0,,1,0,1,3,1193279,507411906,14398486,14398572,9759969,78854
1790915978,68036204,69819011072,31146,0,,2,0,1,3,1198005,507901234,14409273,14409360,9764076,78891
1790915979,68036544,69818617856,31146,0,,1,0,1,3,1203364,508377826,14420646,14420733,9767984,78926
1790915980,68036336,69818851328,31146,0,,1,0,1,3,1208412,508876343,14432080,14432167,9772364,78966
1790915981,68036308,69819088896,31146,0,,1,0,1,3,1213538,509359910,14443524,14443611,9776383,79003
1790915982,68037752,69820801024,31146,0,,0,0,1,3,1218726,509848993,14454986,14455072,9780557,79039
1790915983,68037636,69819867136,31227,0,,2,0,1,3,1202490,510258719,14464594,14464680,9804228,79224
1790915984,68036392,69818920960,31227,0,,1,0,1,3,1207757,510748727,14475968,14476053,9808512,79262
1790915985,68036200,69818994688,31227,0,,2,0,1,3,1212788,511246410,14487293,14487380,9812919,79302
1790915986,68036168,69817663488,31601,0,,3,0,1,3,1196498,511561279,14495068,14495154,9851791,79599
1790915987,68036612,69819891712,31633,0,,2,0,1,3,1180538,512014027,14505899,14505986,9859921,79667
1790915988,68037540,69820391424,31941,0,,3,0,1,3,1165218,512401530,14515284,14515370,9883507,79851
1790915989,68037660,69820682240,32301,0,,3,0,1,3,1149121,512805880,14524562,14524649,9906839,80032
1790915990,68037972,69821042688,32301,0,,2,0,1,3,1154383,513291500,14535897,14535983,9911672,80074
1790915991,68037796,69821063168,32301,0,,1,0,1,3,1159675,513760516,14547506,14547591,9915775,80111
1790915992,68036564,69819088896,32358,0,,2,0,1,3,1143514,514141884,14556710,14556797,9939298,80294
1790915993,68037392,69819727872,32358,0,,2,0,1,3,1149062,514618548,14568196,14568281,9943571,80334
1790915994,68036612,69819408384,32358,0,,1,0,1,3,1154973,515100319,14579761,14579846,9947691,80370
1790915995,68036368,69819064320,32358,0,,2,0,1,3,1160538,515572651,14591287,14591373,9951884,80408
1790915996,68035316,69818486784,32358,0,,0,0,1,3,1165971,516071415,14602601,14602688,9956168,80447
1790915997,68035164,69817937920,32358,0,,0,0,1,3,1171501,516534646,14614057,14614142,9960426,80486
1790915998,68035244,69818003456,32432,0,,1,0,1,3,1155359,516922291,14622881,14622968,9984001,80669
1790915999,68035128,69817577472,32432,0,,1,0,1,3,1160845,517382536,14634027,14634114,9987700,80703
1790916000,68035540,69818802176,32432,0,,1,0,1,3,1166486,517874216,14645448,14645535,9992311,80744
1790916001,68035320,69817573376,32432,0,,2,0,1,3,1171866,518340015,14656540,14656627,10002287,80825
1790916002,68035256,69818531840,32539,0,,2,0,1,3,1156031,518729452,14665420,14665507,10019443,80961
1790916003,68035252,69817495552,32539,0,,2,0,1,3,1161699,519192966,14676902,14676989,10023806,80998
1790916004,68035156,69817663488,32539,0,,1,0,1,3,1166680,519697652,14688140,14688226,10027956,81036
1790916005,68034636,69816066048,32782,0,,0,0,1,3,1171883,520091087,14697790,14697877,10045118,81170
1790916007,68036064,69818564608,32863,0,,4,0,1,3,1156226,520532470,14707707,14707792,10055404,81252
1790916008,68037308,69820350464,32863,0,,2,0,1,3,1162145,521017538,14719070,14719156,10059166,81285
1790916009,68037484,69820506112,32863,0,,2,0,1,3,1167528,521498214,14730519,14730606,10063972,81328
1790916010,68036212,69818785792,32863,0,,3,0,1,3,1172169,521994747,14741847,14741934,10068383,81368
1790916011,68036604,69819486208,32863,0,,1,0,1,3,1177496,522457415,14753036,14753122,10072288,81405
1790916012,68036392,69818638336,32889,0,,0,0,1,3,1182264,522863430,14762568,14762655,10091142,81552
1790916013,68037236,69820530688,32934,0,,1,0,1,3,1166467,523260695,14772784,14772868,10100287,81627
1790916014,68037324,69819572224,32934,0,,3,0,1,3,1171601,523708418,14783477,14783563,10114283,81737
1790916015,68037348,69819826176,33103,0,,2,0,1,3,1134761,524046464,14790935,14791020,10146750,81988
1790916016,68038556,69821378560,33103,0,,2,0,1,3,1140064,524542016,14802300,14802386,10150977,82027
1790916017,68037532,69819555840,33393,0,,3,0,1,3,1144482,524892225,14810583,14810670,10173418,82201
1790916018,68039076,69821652992,33393,0,,0,0,1,3,1129892,525400687,14821722,14821808,10178705,82249
1790916019,68038492,69820715008,33393,0,,2,0,1,3,1134996,525873437,14833170,14833256,10183058,82288
1790916020,68036464,69819195392,33393,0,,1,0,1,3,1141404,526348787,14844671,14844757,10186658,82321
1790916021,68035080,69818064896,33393,0,,2,0,1,3,1146883,526825537,14856353,14856439,10190819,82359
1790916022,68034916,69818138624,33512,0,,1,0,1,3,1131679,527169924,14864592,14864679,10218733,82574
1790916023,68033524,69816176640,33593,0,,1,0,1,3,1119732,527604952,14874419,14874506,10234239,82699
1790916024,68033552,69815955456,33593,0,,3,0,1,3,1125528,528106809,14885627,14885713,10238873,82741
1790916025,68033624,69816524800,33593,0,,1,0,1,3,1130634,528566864,14897247,14897332,10242978,82778
1790916026,68033568,69816184832,33593,0,,1,0,1,3,1136365,529044801,14908667,14908753,10247181,82816
1790916027,68033792,69816201216,33593,0,,4,0,1,3,1141956,529522055,14919913,14920000,10252300,82858
1790916028,68034660,69817282560,33732,0,,2,0,1,3,1125860,529845277,14927994,14928079,10274594,83032
1790916029,68034724,69816885248,33732,0,,1,0,1,3,1131464,530307076,14939392,14939479,10278879,83070
1790916030,68034956,69817376768,33745,0,,0,0,1,3,1136977,530749060,14949264,14949351,10297370,83214
1790916031,68036272,69819310080,33757,0,,2,0,1,3,1124708,531212478,14960322,14960409,10304163,83274
1790916032,68037628,69820649472,33757,0,,2,0,1,3,1130387,531677719,14971918,14972003,10308351,83311
1790916033,68037940,69820968960,33852,0,,2,0,1,3,1117548,532095190,14982236,14982323,10329988,83481
1790916034,68038132,69821177856,33852,0,,3,0,1,3,1105996,532531203,14992705,14992792,10350154,83641
1790916036,68036588,69819068416,33852,0,,2,0,1,3,1115927,533040255,15004306,15004392,10350178,83653
1790916037,68036804,69819084800,33852,0,,0,0,1,3,1124029,533547040,15015778,15015865,10351840,83675
1790916038,68037980,69821054976,33852,0,,2,0,1,3,1129958,534041148,15027136,15027222,10355832,83712
1790916039,68036776,69819248640,33852,0,,1,0,1,3,1135279,534516771,15038459,15038546,10360470,83754
1790916040,68038012,69821276160,33980,0,,2,0,1,3,1139749,534880529,15047717,15047804,10382336,83922
1790916041,68037800,69820116992,33980,0,,1,0,1,3,1107509,535291027,15057823,15057908,10404385,84094
1790916042,68037788,69820321792,33980,0,,2,0,1,3,1096382,535749543,15068184,15068270,10424553,84255
1790916043,68038960,69821485056,33980,0,,2,0,1,3,1085419,536204002,15078642,15078727,10444719,84415
1790916044,68037672,69820370944,33980,0,,2,0,1,3,1074300,536643786,15089243,15089329,10464887,84576
1790916045,68036372,69818798080,33980,0,,3,0,1,3,1084808,537108087,15101298,15101383,10464911,84588
1790916046,68035200,69818380288,33980,0,,2,0,1,3,1073827,537533240,15111643,15111728,10485077,84748
1790916047,68035052,69817475072,33980,0,,2,0,1,3,1084074,538034021,15123353,15123439,10485101,84760
1790916048,68032780,69814349824,33980,0,,2,0,1,3,1094689,538512280,15134920,15135007,10485121,84770
1790916049,68032752,69815316480,33980,0,,2,0,1,3,1104629,538990392,15146485,15146572,10485145,84781
1790916050,68032368,69813911552,33980,0,,2,0,1,3,1114546,539454077,15157758,15157844,10485170,84792
1790916051,68032272,69814808576,33980,0,,2,0,1,3,1103525,539868574,15167998,15168085,10505345,84953
1790916052,68032872,69815218176,33980,0,,2,0,1,3,1092177,540294834,15178338,15178425,10525522,85114
1790916053,68034164,69816508416,33980,0,,1,0,1,3,1102472,540775645,15189895,15189980,10525560,85125
1790916054,68034116,69816745984,33980,0,,4,0,1,3,1111501,541223003,15200609,15200696,10544284,85275
1790916055,68033608,69816233984,33980,0,,1,0,1,3,1080667,541648718,15211003,15211090,10565907,85447
1790916056,68034968,69817118720,33980,0,,3,0,1,3,1089918,542114761,15221678,15221764,10581067,85570
1790916057,68036512,69818351616,33980,0,,1,0,1,3,1079672,542600541,15233147,15233231,10586101,85619
1790916058,68036284,69818630144,33980,0,,2,0,1,3,1089733,543093194,15244846,15244932,10586124,85630
1790916059,68036184,69818380288,33980,0,,3,0,1,3,1099650,543591007,15256489,15256576,10587583,85652
1790916060,68034888,69817274368,33980,0,,1,0,1,3,1088342,544043027,15266959,15267045,10606314,85802
1790916061,68035084,69818228736,33980,0,,1,0,1,3,1098467,544515749,15278820,15278906,10606338,85814
1790916062,68036488,69819342848,33980,0,,1,0,1,3,1107777,544995354,15290233,15290319,10606360,85825
1790916063,68036220,69818138624,33980,0,,3,0,1,3,1117626,545469723,15301277,15301364,10606382,85836
1790916064,68035400,69818011648,33980,0,,2,0,1,3,1125821,545942893,15312332,15312418,10608088,85859
1790916066,68035356,69818007552,33980,0,,1,0,1,3,1131059,546415224,15323201,15323286,10612326,85897
1790916067,68035772,69818974208,33980,0,,3,0,1,3,1136893,546861798,15334297,15334384,10616338,85933
1790916068,68035324,69818220544,34262,0,,2,0,1,3,1141154,547252882,15343363,15343449,10635512,86084
1790916069,68034868,69816995840,34262,0,,1,0,1,3,1127392,547687626,15354497,15354584,10642034,86141
1790916070,68034920,69817839616,34262,0,,2,0,1,3,1133332,548166756,15365362,15365448,10645690,86176
1790916071,68034036,69816901632,34262,0,,2,0,1,3,1138831,548616554,15376344,15376431,10649645,86212
1790916072,68034232,69816864768,34262,0,,2,0,1,3,1143555,549073930,15387453,15387540,10653695,86252
1790916073,68034456,69816832000,34262,0,,1,0,1,3,1149359,549527352,15398320,15398407,10660704,86312
1790916074,68034420,69816807424,34330,0,,1,0,1,3,1133363,549918729,15407170,15407255,10681226,86472
1790916075,68034348,69816725504,34349,0,,2,0,1,3,1120168,550324410,15417082,15417168,10702377,86638
1790916076,68034372,69817200640,34349,0,,1,0,1,3,1109475,550766014,15427781,15427868,10722547,86800
1790916077,68034436,69817556992,34349,0,,2,0,1,3,1098408,551210673,15438383,15438469,10742715,86961
1790916078,68034628,69817094144,34349,0,,2,0,1,3,1108366,551731588,15449954,15450041,10742739,86973
1790916079,68034576,69817303040,34349,0,,1,0,1,3,1097429,552184978,15460638,15460725,10762907,87134
1790916080,68034492,69816950784,34349,0,,2,0,1,3,1107272,552670804,15472367,15472453,10762931,87146
1790916081,68035860,69818605568,34349,0,,2,0,1,3,1117371,553157632,15484286,15484371,10762953,87157
1790916082,68036008,69818445824,34349,0,,2,0,1,3,1106698,553586849,15494843,15494929,10783121,87318
1790916083,68035848,69818335232,34349,0,,2,0,1,3,1116899,554069528,15506662,15506749,10783146,87330
1790916084,68035776,69818789888,34349,0,,2,0,1,3,1126549,554537964,15518105,15518188,10783169,87341
1790916085,68036940,69819977728,34349,0,,2,0,1,3,1132706,555007886,15529080,15529165,10786643,87374
1790916086,68037016,69820080128,34349,0,,0,0,1,3,1137914,555440889,15539560,15539647,10802754,87500
1790916087,68038548,69821255680,34349,0,,2,0,1,3,1127040,555892455,15550614,15550699,10809777,87563
1790916088,68038124,69820694528,34349,0,,3,0,1,3,1133108,556351221,15561781,15561868,10813202,87595
1790916089,68039200,69822291968,34349,0,,0,0,1,3,1138478,556826098,15572638,15572724,10817397,87632
1790916090,68040204,69822775296,34349,0,,2,0,1,3,1143642,557280196,15583651,15583736,10821756,87672
1790916091,68039484,69821550592,34349,0,,1,0,1,3,1149186,557759541,15594913,15595000,10825631,87708
1790916092,68039144,69821689856,34349,0,,2,0,1,3,1154286,558247657,15606570,15606654,10829759,87746
1790916093,68039016,69821849600,34349,0,,2,0,1,3,1159519,558736011,15618170,15618257,10834112,87785
1790916094,68037052,69819760640,34349,0,,2,0,1,3,1164844,559227019,15629520,15629607,10838524,87825
1790916096,68037248,69820047360,34349,0,,1,0,1,3,1170058,559716412,15640946,15641033,10843011,87866
1790916097,68036552,69819318272,34349,0,,2,0,1,3,1175213,560188095,15652578,15652664,10847364,87906
1790916098,68036740,69818699776,34349,0,,3,0,1,3,1179799,560683393,15663989,15664076,10851675,87946
1790916099,68036484,69819248640,34349,0,,3,0,1,3,1184644,561115146,15675161,15675247,10856070,87985
1790916100,68036672,69819191296,34349,0,,1,0,1,3,1190105,561567049,15686129,15686216,10859865,88017
1790916101,68036612,69818859520,34718,0,,1,0,1,3,1173891,561910791,15695017,15695102,10882964,88196
1790916102,68036704,69819068416,34718,0,,3,0,1,3,1178474,562388327,15705931,15706018,10887240,88234
1790916103,68037044,69820084224,34718,0,,2,0,1,3,1183489,562851899,15717175,15717262,10891355,88271
1790916104,68036820,69819346944,34718,0,,1,0,1,3,1188342,563334211,15728676,15728763,10895748,88311
1790916105,68036996,69820313600,34718,0,,3,0,1,3,1193274,563780474,15739766,15739853,10900068,88351
1790916106,68038112,69820968960,34718,0,,2,0,1,3,1198440,564238635,15750702,15750789,10903900,88385
1790916107,68038132,69820694528,34718,0,,1,0,1,3,1203475,564691068,15761720,15761806,10908278,88424
1790916108,68038124,69820923904,34718,0,,3,0,1,3,1208536,565150166,15772703,15772790,10911999,88459
1790916109,68038336,69821411328,35064,0,,0,0,1,3,1192372,565511220,15780805,15780891,10934725,88635
1790916110,68038120,69821169664,35064,0,,4,0,1,3,1197639,565996962,15792079,15792166,10938744,88672
1790916111,68037884,69820948480,35064,0,,1,0,1,3,1202466,566494861,15803530,15803617,10943243,88714
1790916112,68039316,69821378560,35064,0,,3,0,1,3,1207807,566969616,15814994,15815079,10947617,88753
1790916113,68039048,69821857792,35064,0,,1,0,1,3,1212104,567445240,15826521,15826606,10951768,88792
1790916114,68040128,69822443520,35064,0,,2,0,1,3,1217722,567926012,15837948,15838031,10955931,88829
1790916115,68038900,69821431808,35064,0,,1,0,1,3,1223151,568399706,15849400,15849484,10959701,88864
1790916116,68037772,69820055552,35163,0,,2,0,1,3,1208054,568788678,15858770,15858856,10983719,89051
1790916117,68036800,69819076608,35163,0,,2,0,1,3,1212331,569267027,15869637,15869722,10987707,89087
1790916118,68035408,69818552320,35163,0,,1,0,1,3,1217187,569755683,15880972,15881059,10991572,89122
1790916119,68035652,69817372672,35259,0,,1,0,1,3,1200784,570155822,15889503,15889589,11019225,89337
1790916120,68035624,69818630144,35424,0,,0,0,1,3,1163867,570478396,15897572,15897659,11058166,89637
1790916121,68035796,69818761216,35424,0,,1,0,1,3,1169610,570965978,15908831,15908916,11062219,89673
1790916122,68035496,69818011648,35424,0,,2,0,1,3,1174579,571436519,15920516,15920601,11066516,89712
1790916123,68035296,69817749504,35424,0,,1,0,1,3,1179952,571928546,15931845,15931931,11070839,89752
1790916124,68035552,69818523648,35424,0,,3,0,1,3,1185315,572399053,15943345,15943432,11074996,89790
1790916126,68035344,69817049088,35506,0,,0,0,1,3,1189854,572776408,15952750,15952837,11096344,89954
1790916127,68035300,69818556416,35520,0,,2,0,1,3,1190519,573236823,15963893,15963979,11102628,90008
1790916128,68035304,69817720832,35520,0,,1,0,1,3,1195339,573719384,15975230,15975316,11106776,90046
1790916129,68035080,69817569280,35520,0,,1,0,1,3,1200487,574190505,15986812,15986898,11110853,90084
1790916130,68034764,69816979456,35520,0,,0,0,1,3,1190402,574683852,15997656,15997743,11122663,90180
1790916131,68036264,69819019264,35645,0,,1,0,1,3,1173981,575098376,16006894,16006978,11138694,90306
1790916132,68037264,69820547072,35645,0,,2,0,1,3,1179475,575573115,16018393,16018479,11142568,90344
1790916133,68034944,69817434112,35645,0,,1,0,1,3,1185083,576060543,16029705,16029791,11147654,90391
1790916134,68034948,69816852480,35645,0,,2,0,1,3,1189804,576552904,16041157,16041242,11151795,90430
1790916135,68035412,69817892864,35645,0,,2,0,1,3,1194888,577026872,16052302,16052387,11155617,90464
1790916136,68035268,69818040320,35645,0,,4,0,1,3,1199489,577479675,16063416,16063503,11160030,90504
1790916137,68036080,69818552320,35645,0,,1,0,1,3,1204665,577941390,16074262,16074347,11164027,90540
1790916138,68034912,69817393152,35645,0,,2,0,1,3,1209298,578401592,16085110,16085197,11168060,90577
1790916139,68034932,69817929728,35645,0,,0,0,1,3,1214021,578857159,16096073,16096156,11172065,90613
1790916140,68035004,69817475072,35645,0,,1,0,1,3,1219561,579325807,16107572,16107658,11176454,90651
1790916141,68034820,69817552896,35645,0,,1,0,1,3,1224748,579806997,16119077,16119163,11180533,90689
1790916142,68036000,69818478592,35645,0,,1,0,1,3,1229702,580277511,16130589,16130674,11185050,90730
1790916143,68035944,69818953728,35645,0,,2,0,1,3,1234864,580761450,16142077,16142163,11189458,90769
1790916144,68034556,69817503744,35645,0,,2,0,1,3,1239397,581242113,16153544,16153630,11193569,90806
1790916145,68033544,69816270848,35645,0,,2,0,1,3,1244491,581735060,16165104,16165191,11198162,90847
1790916146,68033556,69815754752,35645,0,,4,0,1,3,1249074,582229808,16176544,16176631,11202230,90884
1790916147,68033320,69816303616,35645,0,,1,0,1,3,1254462,582710622,16188002,16188089,11206035,90920
1790916148,68033232,69815644160,35733,0,,2,0,1,3,1238305,583090199,16197202,16197288,11230265,91109
1790916149,68033536,69815975936,35733,0,,2,0,1,3,1242710,583546464,16208129,16208214,11234249,91146
1790916150,68033824,69816287232,35733,0,,1,0,1,3,1247637,584024185,16219207,16219294,11243492,91221
1790916151,68034160,69817405440,35970,0,,3,0,1,3,1211606,584323553,16226314,16226401,11287655,91558
1790916152,68034024,69816741888,35970,0,,2,0,1,3,1195516,584785479,16236923,16237010,11304727,91693
1790916153,68033968,69816643584,35970,0,,1,0,1,3,1200830,585274442,16248167,16248254,11309429,91736
1790916155,68034300,69816766464,35970,0,,1,0,1,3,1206064,585753874,16259572,16259658,11313986,91777
1790916156,68035480,69818232832,35970,0,,2,0,1,3,1211028,586219790,16271048,16271135,11318007,91813
1790916157,68036684,69819424768,35970,0,,3,0,1,3,1215951,586715152,16282352,16282438,11322539,91855
1790916158,68036272,69818478592,35970,0,,1,0,1,3,1221289,587177678,16293934,16294020,11326913,91894
1790916159,68036408,69817880576,36047,0,,0,0,1,3,1226036,587586094,16304510,16304597,11342291,92015
1790916160,68036304,69818822656,36293,0,,1,0,1,3,1209715,587989829,16313866,16313952,11354966,92118
1790916161,68035208,69817430016,36293,0,,0,0,1,3,1214995,588451149,16324953,16325039,11358899,92154
1790916162,68036364,69818871808,36293,0,,1,0,1,3,1219902,588948506,16336317,16336402,11363002,92192
1790916163,68036268,69819002880,36293,0,,3,0,1,3,1224931,589420228,16347908,16347993,11367344,92230
1790916164,68037820,69821145088,36531,0,,1,0,1,3,1209033,589791088,16356153,16356239,11390268,92408
1790916165,68037568,69820604416,36531,0,,0,0,1,3,1213974,590269331,16366975,16367058,11394651,92448
1790916166,68035928,69818388480,36531,0,,2,0,1,3,1219467,590750843,16378141,16378228,11398601,92483
1790916167,68037596,69819961344,36531,0,,1,0,1,3,1223993,591241119,16389519,16389603,11403002,92524
1790916168,68036356,69818343424,36531,0,,1,0,1,3,1229166,591735325,16400915,16401002,11407577,92567
1790916169,68034960,69817663488,36531,0,,2,0,1,3,1233824,592200536,16412004,16412089,11412305,92610
1790916170,68034852,69817073664,36531,0,,1,0,1,3,1238520,592652115,16423135,16423221,11416135,92647
1790916171,68034484,69816692736,36531,0,,1,0,1,3,1243430,593107729,16434255,16434342,11419882,92681
1790916172,68034576,69817028608,36531,0,,1,0,1,3,1248569,593562452,16445259,16445346,11424195,92722
1790916173,68034740,69817167872,36531,0,,3,0,1,3,1252823,594011904,16456497,16456583,11428304,92760
1790916174,68034548,69816995840,36531,0,,0,0,1,3,1257720,594510074,16467759,16467846,11432953,92802
1790916175,68034480,69817495552,36638,0,,2,0,1,3,1242047,594927045,16477707,16477794,11456172,92982
1790916176,68034036,69816442880,36729,0,,1,0,1,3,1225844,595320347,16487139,16487226,11480159,93168
1790916177,68034276,69816983552,36729,0,,1,0,1,3,1231266,595799017,16498471,16498558,11484296,93207
1790916178,68034476,69817413632,36729,0,,0,0,1,3,1236242,596278336,16509908,16509993,11488470,93245
1790916179,68034908,69817606144,36729,0,,2,0,1,3,1241325,596739808,16521549,16521635,11492997,93285
1790916180,68036124,69819113472,36729,0,,3,0,1,3,1245958,597242657,16532886,16532971,11497309,93323
1790916181,68037156,69819961344,36729,0,,1,0,1,3,1251213,597674440,16544392,16544479,11502876,93372
1790916182,68037048,69818793984,36923,0,,0,0,1,3,1234983,598039775,16553102,16553189,11532582,93601
1790916183,68037504,69820272640,37143,0,,1,0,1,3,1219290,598421445,16561546,16561632,11548399,93725
1790916185,68037424,69819977728,37176,0,,0,0,1,3,1224708,598875280,16571912,16571999,11567404,93872
1790916186,68037472,69820547072,37209,0,,1,0,1,3,1209216,599329210,16582617,16582703,11576079,93944
1790916187,68038600,69821411328,37403,0,,1,0,1,3,1193416,599718004,16592429,16592515,11599999,94130
1790916188,68038364,69820923904,37403,0,,1,0,1,3,1199394,600177042,16604137,16604224,11603930,94167
1790916189,68039620,69822210048,37403,0,,1,0,1,3,1205170,600652126,16615316,16615402,11612885,94241
1790916190,68039592,69822173184,37679,0,,0,0,1,3,1189621,601025096,16624462,16624549,11631144,94384
1790916191,68038544,69821095936,37679,0,,2,0,1,3,1194870,601496650,16636073,16636160,11635286,94423
1790916192,68039660,69822205952,37679,0,,4,0,1,3,1200436,601993917,16647449,16647535,11639857,94465
1790916193,68036848,69819330560,38039,0,,2,0,1,3,1184528,602365658,16656167,16656254,11662995,94645
1790916194,68037096,69819887616,38271,0,,2,0,1,3,1168864,602742659,16664790,16664876,11686399,94826
1790916195,68037048,69819588608,38360,0,,2,0,1,3,1152452,603091997,16674046,16674132,11710003,95009
1790916196,68036764,69819527168,38360,0,,2,0,1,3,1158726,603560811,16685700,16685786,11713954,95047
1790916197,68037136,69820174336,38360,0,,1,0,1,3,1164578,604034205,16697259,16697346,11718342,95088
1790916198,68037132,69819400192,38360,0,,2,0,1,3,1170289,604495405,16708944,16709031,11722767,95127
1790916199,68037388,69819895808,38360,0,,2,0,1,3,1175760,604987298,16720441,16720528,11726982,95164
1790916200,68037600,69820616704,38557,0,,1,0,1,3,1160164,605371879,16729650,16729736,11750537,95346
1790916201,68037576,69819576320,38719,0,,3,0,1,3,1145393,605756528,16738872,16738958,11774890,95536
1790916202,68037496,69819510784,38719,0,,2,0,1,3,1150506,606222851,16750381,16750467,11778316,95569
1790916203,68037572,69820596224,38719,0,,1,0,1,3,1155962,606689593,16762029,16762115,11782988,95611
1790916204,68037344,69820157952,38719,0,,0,0,1,3,1161244,607179552,16773449,16773536,11787418,95651
1790916205,68038656,69821685760,38801,0,,1,0,1,3,1145797,607517800,16781456,16781541,11810337,95829
1790916206,68038728,69821276160,38801,0,,1,0,1,3,1151286,607995902,16792825,16792912,11814782,95869
1790916207,68038660,69821460480,38801,0,,2,0,1,3,1157050,608477127,16804374,16804461,11818670,95903
1790916208,68038572,69821112320,38801,0,,1,0,1,3,1163352,608970053,16815590,16815675,11822761,95941
1790916209,68038684,69821452288,38801,0,,0,0,1,3,1168994,609432361,16827105,16827191,11827439,95982
1790916210,68038756,69821566976,38801,0,,3,0,1,3,1174058,609898050,16837905,16837991,11831143,96016
1790916211,68039912,69822464000,38877,0,,3,0,1,3,1158533,610282540,16846978,16847064,11855084,96203
1790916212,68039512,69822197760,38877,0,,1,0,1,3,1164321,610764075,16857814,16857899,11858745,96235
1790916213,68039568,69822631936,38877,0,,0,0,1,3,1170109,611265227,16868968,16869053,11862913,96273
1790916215,68039860,69822140416,38877,0,,3,0,1,3,1176079,611738531,16880380,16880464,11867013,96309
1790916216,68035896,69818621952,38877,0,,1,0,1,3,1181606,612197605,16891498,16891583,11871044,96344
1790916217,68037444,69820477440,38877,0,,1,0,1,3,1186914,612682646,16902277,16902362,11875174,96382
1790916218,68037176,69820211200,38877,0,,3,0,1,3,1191922,613154684,16913136,16913223,11878948,96416
1790916219,68037172,69819936768,38877,0,,2,0,1,3,1197281,613627998,16924019,16924105,11883484,96458
1790916220,68035700,69818355712,38877,0,,4,0,1,3,1202645,614086605,16935049,16935136,11887018,96491
1790916221,68036000,69818744832,38877,0,,2,0,1,3,1207506,614547405,16945987,16946073,11891057,96529
1790916222,68035840,69818851328,38877,0,,1,0,1,3,1213041,614985266,16957200,16957286,11895086,96565
1790916223,68035908,69818634240,38877,0,,0,0,1,3,1217994,615442728,16968401,16968487,11899538,96606
1790916224,68035904,69818658816,38877,0,,1,0,1,3,1223495,615937224,16979732,16979818,11903831,96645
1790916225,68035884,69818085376,38877,0,,1,0,1,3,1229167,616400841,16991241,16991327,11907688,96679
1790916226,68035860,69818339328,38969,0,,3,0,1,3,1213832,616768335,17000498,17000584,11935365,96893
1790916227,68036044,69818261504,39043,0,,3,0,1,3,1198024,617174741,17010272,17010359,11955054,97046
1790916228,68036044,69818527744,39043,0,,1,0,1,3,1204072,617665183,17021658,17021745,11958959,97081
1790916229,68036096,69818810368,39043,0,,3,0,1,3,1209306,618149359,17033219,17033305,11963262,97122
1790916230,68037680,69819949056,39043,0,,2,0,1,3,1214339,618640978,17044624,17044709,11967486,97160
1790916231,68037980,69821034496,39043,0,,0,0,1,3,1219814,619121856,17056245,17056332,11971848,97201
1790916232,68037828,69820624896,39043,0,,1,0,1,3,1224974,619601662,17067890,17067976,11976117,97239
1790916233,68035416,69818118144,39043,0,,2,0,1,3,1229820,620099295,17079164,17079251,11980221,97278
1790916234,68035384,69817864192,39043,0,,3,0,1,3,1235167,620592775,17090502,17090587,11984887,97321
1790916235,68035552,69818798080,39043,0,,3,0,1,3,1239658,621065224,17102075,17102162,11988894,97358
1790916236,68036316,69818757120,39043,0,,2,0,1,3,1244677,621550452,17113089,17113175,11992964,97394
1790916237,68036592,69818761216,39043,0,,3,0,1,3,1249489,622034232,17123890,17123977,11996978,97432
1790916238,68037608,69820502016,39294,0,,0,0,1,3,1233659,622416649,17132806,17132890,12020606,97616
1790916239,68038036,69820559360,39294,0,,1,0,1,3,1238922,622842044,17143898,17143983,12024754,97655
1790916240,68038312,69821341696,39294,0,,1,0,1,3,1244371,623340189,17155170,17155256,12029310,97696
1790916241,68037440,69820526592,39497,0,,1,0,1,3,1229231,623767002,17164585,17164671,12054123,97887
1790916242,68036284,69819019264,39497,0,,0,0,1,3,1212581,624215978,17175111,17175197,12076989,98067
1790916243,68035204,69817929728,39497,0,,1,0,1,3,1218201,624717670,17186594,17186680,12080849,98101
1790916245,68035228,69817651200,39497,0,,0,0,1,3,1223687,625190147,17198098,17198185,12085199,98141
1790916246,68035372,69818351616,39814,0,,2,0,1,3,1207916,625578461,17207598,17207684,12108828,98325
1790916247,68035552,69818535936,39814,0,,2,0,1,3,1213221,626041549,17219212,17219299,12113057,98364
1790916248,68035348,69817745408,39814,0,,1,0,1,3,1218466,626512308,17230771,17230858,12117564,98405
1790916249,68035368,69817618432,39814,0,,2,0,1,3,1223250,626994241,17242051,17242138,12121937,98445
1790916250,68035140,69817872384,40021,0,,3,0,1,3,1207695,627385518,17251328,17251414,12145137,98626
1790916251,68035156,69817888768,40021,0,,3,0,1,3,1213437,627855268,17262863,17262949,12149554,98665
1790916252,68034992,69817466880,40021,0,,3,0,1,3,1218498,628329890,17274485,17274569,12153831,98706
1790916253,68034956,69817110528,40021,0,,2,0,1,3,1223590,628787030,17286103,17286189,12158366,98748
1790916254,68034836,69817802752,40021,0,,0,0,1,3,1228773,629282764,17297124,17297210,12162092,98782
1790916255,68036140,69818593280,40060,0,,2,0,1,3,1212265,629647314,17305625,17305709,12185747,98967
1790916256,68037232,69819940864,40060,0,,2,0,1,3,1217686,630093256,17316573,17316660,12189607,99001
1790916257,68037304,69820006400,40060,0,,1,0,1,3,1222727,630580617,17327774,17327859,12193867,99038
1790916258,68037372,69820633088,40060,0,,2,0,1,3,1227971,631083712,17339048,17339135,12197963,99075
1790916259,68037316,69820026880,40126,0,,1,0,1,3,1211823,631475918,17348339,17348425,12221849,99264
1790916260,68037668,69820907520,40126,0,,0,0,1,3,1217278,631951908,17359795,17359881,12225901,99301
1790916261,68038972,69821423616,40126,0,,3,0,1,3,1222243,632436186,17371385,17371471,12229902,99339
1790916262,68037768,69820485632,40126,0,,1,0,1,3,1227637,632923448,17382690,17382777,12234433,99378
1790916263,68038896,69821591552,40126,0,,3,0,1,3,1232672,633390693,17394230,17394317,12238565,99416
1790916264,68038828,69822099456,40126,0,,0,0,1,3,1237846,633835514,17404689,17404774,12250070,99508
1790916265,68038884,69821898752,40195,0,,1,0,1,3,1222023,634212724,17413674,17413761,12266008,99637
1790916266,68037580,69820055552,40195,0,,1,0,1,3,1226509,634674372,17424773,17424858,12269864,99674
1790916267,68037596,69820813312,40195,0,,4,0,1,3,1231790,635142881,17436362,17436448,12274496,99716
1790916268,68036708,69819392000,40195,0,,1,0,1,3,1236721,635597228,17448038,17448125,12278865,99757
1790916269,68036440,69819387904,40195,0,,2,0,1,3,1241625,636046701,17459202,17459288,12282839,99795
1790916270,68036308,69818761216,40465,0,,2,0,1,3,1226193,636402606,17468449,17468536,12307039,99983
1790916271,68036372,69819072512,40465,0,,2,0,1,3,1230755,636856258,17479370,17479456,12310513,100015
1790916272,68036400,69818593280,40465,0,,1,0,1,3,1235792,637339404,17490875,17490961,12314451,100054
1790916273,68036576,69818793984,40507,0,,1,0,1,3,1220605,637765712,17500821,17500908,12338179,100240
1790916275,68036468,69818654720,40507,0,,2,0,1,3,1225960,638272539,17512221,17512307,12342437,100278
1790916276,68036656,69819375616,40507,0,,2,0,1,3,1230823,638757418,17523669,17523755,12346694,100316
1790916277,68036988,69818679296,40507,0,,1,0,1,3,1236261,639238758,17535233,17535320,12351235,100358
1790916278,68036764,69819469824,40507,0,,2,0,1,3,1241415,639713238,17546717,17546801,12355243,100393
1790916279,68036732,69819723776,40507,0,,0,0,1,3,1246358,640179171,17558304,17558391,12359816,100435
1790916280,68038232,69821243392,40507,0,,4,0,1,3,1251084,640661532,17569780,17569867,12364574,100476
1790916281,68038108,69820657664,40507,0,,2,0,1,3,1256212,641170837,17581093,17581179,12368783,100514
1790916282,68038452,69820952576,40507,0,,1,0,1,3,1260627,641639878,17592120,17592206,12373110,100553
1790916283,68038252,69820993536,40507,0,,1,0,1,3,1265543,642105462,17603069,17603156,12377126,100590
1790916284,68037016,69819502592,40636,0,,3,0,1,3,1254517,642485718,17612075,17612162,12400318,100770
1790916285,68036772,69819772928,40636,0,,2,0,1,3,1258909,642926494,17622995,17623080,12404629,100810
1790916286,68037984,69820219392,40636,0,,4,0,1,3,1264115,643396681,17634236,17634323,12408513,100845
1790916287,68037800,69820252160,40636,0,,2,0,1,3,1269547,643868519,17645817,17645904,12412868,100885
1790916288,68039080,69821313024,40636,0,,4,0,1,3,1273575,644340467,17656723,17656808,12417134,100925
1790916289,68039360,69820829696,40636,0,,2,0,1,3,1278095,644795083,17668009,17668093,12420819,100958
1790916290,68038236,69820993536,40721,0,,1,0,1,3,1257063,645200283,17676917,17677003,12444180,101140
1790916291,68039564,69821820928,40721,0,,1,0,1,3,1262366,645663365,17688214,17688300,12448747,101182
1790916292,68037692,69820395520,40811,0,,1,0,1,3,1246529,646069364,17698080,17698167,12472340,101366
1790916293,68037276,69820231680,40906,0,,3,0,1,3,1230853,646483009,17707232,17707319,12495791,101549
1790916294,68037448,69820178432,40906,0,,1,0,1,3,1235672,646968823,17718679,17718765,12500068,101587
1790916295,68037436,69819920384,40906,0,,2,0,1,3,1241029,647467586,17730072,17730158,12504030,101623
1790916296,68037268,69819727872,40906,0,,2,0,1,3,1246153,647955348,17741485,17741572,12508351,101662
1790916297,68037356,69820350464,40906,0,,0,0,1,3,1251287,648446413,17753026,17753113,12512124,101696
1790916298,68037476,69820473344,40906,0,,2,0,1,3,1256092,648943547,17764281,17764368,12516902,101739
1790916299,68037432,69819887616,40906,0,,1,0,1,3,1260723,649390410,17775131,17775217,12520651,101774
1790916300,68037588,69820067840,40906,0,,0,0,1,3,1265715,649865355,17785820,17785907,12524758,101811
1790916301,68037516,69819748352,41106,0,,0,0,1,3,1249542,650204111,17793532,17793619,12561028,102089
1790916302,68037964,69820211200,41193,0,,1,0,1,3,1213299,650550974,17802296,17802382,12601685,102401
1790916303,68038192,69820678144,41438,0,,1,0,1,3,1177023,650948273,17811100,17811186,12634674,102656
1790916305,68039200,69822509056,41438,0,,3,0,1,3,1182759,651443686,17822395,17822481,12638347,102690
1790916306,68038980,69821751296,41438,0,,1,0,1,3,1188263,651923376,17833939,17834026,12642830,102729
1790916307,68038092,69820841984,41438,0,,2,0,1,3,1193201,652416714,17845424,17845510,12647205,102767
1790916308,68038004,69820706816,41438,0,,3,0,1,3,1198419,652881901,17857002,17857088,12651438,102803
1790916309,68037968,69820207104,41438,0,,3,0,1,3,1203950,653371865,17868196,17868282,12655460,102839
1790916310,68037724,69820874752,41438,0,,2,0,1,3,1209104,653852733,17879703,17879790,12659847,102878
1790916311,68038796,69821870080,41738,0,,2,0,1,3,1192815,654225533,17888453,17888539,12683175,103059
1790916312,68038884,69821583360,41738,0,,2,0,1,3,1198238,654691973,17899957,17900044,12687748,103102
1790916313,68039184,69821440000,42044,0,,2,0,1,3,1183241,655080654,17909250,17909336,12711675,103288
1790916314,68037796,69820522496,42044,0,,3,0,1,3,1188645,655571412,17920534,17920620,12715656,103324
1790916315,68036780,69818961920,42279,0,,1,0,1,3,1173177,655959176,17929814,17929901,12738902,103506
1790916316,68037972,69821009920,42279,0,,3,0,1,3,1178393,656445575,17941282,17941368,12742964,103542
1790916317,68036496,69819174912,42279,0,,0,0,1,3,1183644,656939361,17952571,17952658,12747430,103581
1790916318,68036816,69819760640,42403,0,,1,0,1,3,1167856,657313198,17961786,17961873,12770928,103764
1790916319,68037000,69819944960,42403,0,,2,0,1,3,1173447,657799730,17973210,17973297,12774984,103800
1790916320,68036992,69819699200,42403,0,,1,0,1,3,1178704,658282211,17984710,17984797,12778963,103836
1790916321,68036748,69819985920,42524,0,,2,0,1,3,1163118,658658301,17993313,17993400,12803050,104023
1790916322,68036852,69819056128,42524,0,,2,0,1,3,1167866,659149400,18004722,18004808,12806728,104056
1790916323,68036808,69820006400,42524,0,,1,0,1,3,1173816,659639634,18016174,18016261,12810841,104092
1790916324,68036988,69819195392,42524,0,,3,0,1,3,1179275,660110343,18027700,18027786,12815376,104131
1790916325,68037292,69820010496,42524,0,,2,0,1,3,1184053,660579469,18039311,18039397,12819625,104170
1790916326,68037232,69819596800,42524,0,,2,0,1,3,1189385,661047092,18050442,18050529,12823408,104205
1790916327,68037252,69819740160,42524,0,,1,0,1,3,1194232,661521271,18061371,18061458,12827843,104245
1790916328,68036992,69819228160,42524,0,,3,0,1,3,1199239,661952791,18072070,18072157,12841129,104350
1790916329,68038048,69821046784,42616,0,,3,0,1,3,1182901,662347344,18081237,18081323,12855324,104462
1790916330,68038448,69820915712,42616,0,,1,0,1,3,1188496,662819367,18092696,18092782,12859852,104504
1790916331,68038460,69820710912,42616,0,,1,0,1,3,1193613,663305864,18104188,18104274,12863791,104543
1790916332,68038684,69821681664,42616,0,,2,0,1,3,1199264,663760814,18115880,18115966,12868201,104582
1790916333,68038592,69821607936,42616,0,,0,0,1,3,1204644,664243845,18127450,18127537,12872393,104620
1790916335,68038532,69820723200,42616,0,,1,0,1,3,1209784,664754413,18138780,18138866,12876501,104658
1790916336,68039732,69822091264,42616,0,,3,0,1,3,1214552,665215684,18149650,18149736,12880694,104697
1790916337,68039796,69822332928,42616,0,,2,0,1,3,1219654,665699747,18160377,18160463,12884896,104734
1790916338,68040036,69822582784,42616,0,,2,0,1,3,1224505,666150200,18171473,18171557,12888898,104771
1790916339,68039412,69821939712,42616,0,,1,0,1,3,1229104,666623250,18182316,18182402,12892871,104808
1790916340,68038724,69820964864,42616,0,,0,0,1,3,1234266,667057597,18193393,18193478,12896785,104844
1790916341,68039928,69823266816,42616,0,,1,0,1,3,1238917,667532144,18204305,18204390,12900881,104882
1790916342,68038720,69821206528,42616,0,,2,0,1,3,1243475,667991280,18215185,18215272,12905548,104925
1790916343,68037756,69819727872,42616,0,,1,0,1,3,1248770,668471012,18226628,18226714,12909427,104961
1790916344,68037708,69819895808,42616,0,,2,0,1,3,1253334,668946952,18238221,18238308,12914186,105003
1790916345,68037808,69820780544,42616,0,,2,0,1,3,1258385,669443748,18249555,18249641,12918207,105038
1790916346,68037744,69820211200,42616,0,,0,0,1,3,1263522,669921280,18260871,18260957,12922268,105075
1790916347,68037404,69820346368,42616,0,,1,0,1,3,1268532,670407586,18272280,18272366,12926820,105117
1790916348,68036124,69818580992,42616,0,,2,0,1,3,1272656,670885633,18283893,18283979,12931096,105155
1790916349,68036532,69819797504,42922,0,,1,0,1,3,1236734,671246783,18292001,18292087,12974743,105487
1790916350,68036160,69819142144,42922,0,,3,0,1,3,1241387,671747587,18303261,18303348,12978486,105522
1790916351,68036292,69818793984,42922,0,,1,0,1,3,1246152,672222485,18314858,18314943,12982896,105561
1790916352,68036356,69819072512,42922,0,,1,0,1,3,1251083,672695879,18326369,18326455,12987584,105605
1790916353,68036336,69818294272,43223,0,,1,0,1,3,1234721,673097072,18335911,18335997,13011062,105788
1790916354,68037972,69820989440,43223,0,,2,0,1,3,1240362,673569233,18347338,18347424,13015414,105828
1790916355,68037796,69821345792,43223,0,,2,0,1,3,1245680,674063223,18358522,18358606,13020429,105872
1790916356,68038056,69820833792,43398,0,,0,0,1,3,1230130,674442611,18367819,18367905,13043459,106051
1790916357,68037772,69820534784,43398,0,,2,0,1,3,1236067,674926255,18379201,18379287,13047506,106088
1790916358,68038016,69821030400,43398,0,,2,0,1,3,1240929,675433904,18390614,18390701,13051615,106127
1790916359,68037876,69820116992,43398,0,,2,0,1,3,1246444,675906348,18401995,18402082,13058441,106185
1790916360,68038904,69820903424,43731,0,,0,0,1,3,1230653,676308735,18411731,18411817,13079567,106350
1790916361,68038780,69821542400,43731,0,,1,0,1,3,1235466,676782616,18423264,18423349,13084016,106387
1790916362,68040020,69822517248,43731,0,,4,0,1,3,1241333,677253569,18434725,18434810,13088620,106431
1790916363,68040160,69822713856,43868,0,,2,0,1,3,1226033,677671356,18444681,18444767,13112348,106615
1790916365,68037804,69820289024,43868,0,,1,0,1,3,1231037,678128893,18455733,18455819,13126867,106729
1790916366,68039332,69822095360,44048,0,,2,0,1,3,1215255,678563075,18465752,18465839,13140492,106839
1790916367,68038236,69821231104,44434,0,,1,0,1,3,1198985,678924956,18474250,18474337,13163833,107021
1790916368,68037604,69820055552,44434,0,,1,0,1,3,1204548,679387927,18485697,18485783,13168170,107061
1790916369,68037532,69820571648,44434,0,,2,0,1,3,1209652,679849884,18497363,18497449,13172406,107098
1790916370,68037084,69819559936,44434,0,,2,0,1,3,1215281,680323461,18509033,18509119,13176365,107137
1790916371,68037296,69819252736,44434,0,,3,0,1,3,1220863,680802549,18519942,18520028,13187857,107228
1790916372,68037212,69820219392,44681,0,,2,0,1,3,1204877,681171617,18528707,18528794,13204183,107359
1790916373,68037376,69819846656,44681,0,,1,0,1,3,1210611,681640167,18540271,18540357,13208209,107395
1790916374,68036944,69819691008,44681,0,,1,0,1,3,1216424,682110569,18551860,18551946,13212326,107433
1790916375,68036936,69819686912,44852,0,,2,0,1,3,1200372,682478084,18560814,18560900,13235791,107616
1790916376,68036804,69818920960,44852,0,,3,0,1,3,1205685,682973387,18572166,18572253,13239861,107651
1790916377,68036672,69819662336,44852,0,,2,0,1,3,1211394,683463624,18583490,18583577,13244309,107692
1790916378,68036824,69819551744,44999,0,,2,0,1,3,1195009,683833112,18592207,18592293,13267645,107873
1790916379,68037888,69820653568,44999,0,,1,0,1,3,1200754,684315298,18603605,18603691,13271925,107913
1790916380,68037096,69819527168,45153,0,,1,0,1,3,1185134,684672115,18612337,18612422,13295944,108098
1790916381,68037028,69820567552,45153,0,,3,0,1,3,1190347,685153689,18623801,18623888,13299479,108131
1790916382,68036748,69819981824,45153,0,,1,0,1,3,1195774,685645587,18635199,18635286,13303912,108172
1790916383,68037008,69820198912,45153,0,,1,0,1,3,1200622,686135941,18646782,18646868,13308105,108211
1790916384,68036984,69819654144,45231,0,,1,0,1,3,1184904,686483905,18655498,18655584,13331494,108394
1790916385,68038240,69820690432,45231,0,,0,0,1,3,1190310,686984431,18666619,18666703,13335859,108434
1790916386,68037384,69821206528,45231,0,,4,0,1,3,1195014,687482368,18678093,18678180,13340213,108475
1790916387,68039100,69821632512,45231,0,,0,0,1,3,1201199,687956707,18689607,18689692,13344186,108511
1790916388,68040412,69823447040,45231,0,,1,0,1,3,1206497,688427342,18701101,18701186,13348275,108546
1790916389,68039036,69821300736,45231,0,,0,0,1,3,1211262,688892116,18712195,18712282,13352636,108585
1790916390,68040216,69823029248,45231,0,,2,0,1,3,1216543,689344524,18723184,18723270,13356733,108622
1790916391,68038996,69822025728,45231,0,,3,0,1,3,1221519,689796831,18734233,18734320,13361024,108660
1790916392,68037860,69819858944,45231,0,,2,0,1,3,1226398,690243636,18745206,18745293,13365299,108700
1790916394,68037756,69819998208,45231,0,,3,0,1,3,1231498,690678438,18755872,18755958,13378174,108802
1790916395,68038096,69820583936,45364,0,,1,0,1,3,1215397,691068123,18765061,18765147,13392366,108916
1790916396,68037832,69819809792,45364,0,,1,0,1,3,1220549,691539496,18776110,18776196,13396213,108950
1790916397,68037912,69820137472,45364,0,,3,0,1,3,1225865,692014341,18787587,18787673,13400519,108989
1790916398,68037736,69820489728,45364,0,,1,0,1,3,1231306,692486331,18798811,18798898,13404837,109029
1790916399,68037508,69820551168,45364,0,,0,0,1,3,1236188,692946069,18809811,18809898,13408792,109064
1790916400,68037280,69820018688,45364,0,,2,0,1,3,1240968,693404854,18820863,18820949,13413223,109105
1790916401,68037388,69819891712,45364,0,,1,0,1,3,1245827,693832199,18832208,18832293,13417329,109142
1790916402,68037412,69819863040,45364,0,,1,0,1,3,1250219,694298640,18843182,18843267,13421593,109181
1790916403,68037392,69819351040,45364,0,,1,0,1,3,1255537,694775747,18854556,18854642,13425761,109218
1790916404,68038604,69821636608,45364,0,,2,0,1,3,1260567,695260315,18866131,18866218,13430126,109257
1790916405,68038192,69820919808,45364,0,,3,0,1,3,1265503,695744078,18877527,18877613,13434435,109296
1790916406,68038248,69820776448,45364,0,,1,0,1,3,1270702,696251288,18888784,18888870,13438218,109331
1790916407,68036748,69819711488,45364,0,,2,0,1,3,1275976,696735592,18900204,18900290,13442648,109370
1790916408,68035424,69817876480,45364,0,,2,0,1,3,1280652,697222427,18911583,18911669,13446810,109408
1790916409,68035576,69818777600,45364,0,,1,0,1,3,1285809,697676512,18923139,18923225,13455194,109477
1790916410,68037040,69820018688,45476,0,,3,0,1,3,1269387,698068727,18932707,18932794,13474967,109633
1790916411,68037136,69820080128,45476,0,,2,0,1,3,1274691,698547146,18944165,18944252,13479225,109671
1790916412,68037128,69819416576,45476,0,,2,0,1,3,1279841,699049991,18955560,18955646,13483324,109707
1790916413,68037180,69819899904,45476,0,,1,0,1,3,1284460,699519557,18967157,18967241,13487344,109745
1790916414,68037004,69819723776,45596,0,,1,0,1,3,1267861,699878021,18976043,18976128,13510791,109927
1790916415,68037184,69820186624,45596,0,,2,0,1,3,1272927,700348938,18986860,18986946,13515016,109965
1790916416,68037104,69819846656,45596,0,,2,0,1,3,1277727,700839298,18998223,18998309,13518801,109999
1790916417,68037416,69819383808,45596,0,,1,0,1,3,1283154,701344658,19009480,19009566,13522972,110035
1790916418,68036180,69818761216,45596,0,,0,0,1,3,1287613,701828269,19020546,19020631,13527064,110071
1790916419,68036120,69819072512,45596,0,,2,0,1,3,1292240,702287990,19031531,19031618,13531559,110111
1790916420,68036064,69818396672,45596,0,,2,0,1,3,1297183,702784887,19042902,19042989,13535644,110149
1790916421,68035984,69818957824,45596,0,,2,0,1,3,1302158,703251170,19054561,19054646,13539995,110189
1790916422,68035828,69818544128,45793,0,,1,0,1,3,1286740,703657863,19063746,19063833,13570990,110428
1790916424,68035528,69818171392,45947,0,,3,0,1,3,1270665,704098025,19073861,19073948,13587057,110556
1790916425,68035640,69818077184,45947,0,,4,0,1,3,1275675,704567216,19085552,19085639,13591134,110593
1790916426,68035888,69818580992,45947,0,,3,0,1,3,1280746,705055191,19097007,19097092,13595580,110633
1790916427,68035848,69818572800,45947,0,,3,0,1,3,1285602,705542910,19108584,19108671,13599784,110672
1790916428,68035640,69818077184,45947,0,,4,0,1,3,1290686,706040364,19119952,19120039,13604475,110715
1790916429,68036536,69819682816,45947,0,,2,0,1,3,1294882,706548938,19131172,19131258,13608574,110753
1790916430,68036872,69819838464,45947,0,,0,0,1,3,1300169,707044285,19142433,19142519,13612989,110793
1790916431,68036992,69819723776,45998,0,,1,0,1,3,1284157,707442981,19151589,19151674,13636589,110977
1790916432,68037072,69820018688,46258,0,,4,0,1,3,1267165,707786689,19159967,19160054,13660053,111159
1790916433,68037152,69819645952,46258,0,,1,0,1,3,1271880,708260833,19171487,19171573,13663929,111196
1790916434,68037020,69820018688,46258,0,,1,0,1,3,1277315,708740772,19183070,19183157,13667786,111232
1790916435,68038272,69820792832,46258,0,,3,0,1,3,1282799,709222466,19194389,19194475,13672331,111273
1790916436,68038096,69821038592,46258,0,,2,0,1,3,1287014,709693557,19206122,19206209,13676367,111309
1790916437,68039316,69822095360,46258,0,,1,0,1,3,1291981,710164236,19217343,19217427,13681248,111352
1790916438,68038644,69821091840,46258,0,,1,0,1,3,1296091,710629467,19228319,19228403,13685139,111388
1790916439,68037116,69819576320,46382,0,,1,0,1,3,1289255,711023886,19237451,19237538,13708606,111573
1790916440,68037144,69819887616,46382,0,,1,0,1,3,1293721,711510544,19249065,19249150,13713126,111615
1790916441,68036908,69820121088,46382,0,,2,0,1,3,1298712,712005489,19260315,19260402,13717818,111658
1790916442,68037024,69819715584,46382,0,,0,0,1,3,1303504,712508340,19271692,19271778,13721937,111694
1790916443,68037024,69818990592,46382,0,,3,0,1,3,1308429,712992659,19283262,19283348,13726236,111733
1790916444,68036888,69819084800,46382,0,,2,0,1,3,1304744,713439300,19294298,19294385,13742437,111860
1790916445,68036760,69819179008,46446,0,,2,0,1,3,1288864,713853034,19304519,19304606,13754158,111955
1790916446,68036784,69818982400,46446,0,,0,0,1,3,1293784,714316664,19315980,19316066,13758321,111994
1790916447,68036692,69819150336,46446,0,,2,0,1,3,1298548,714802154,19327393,19327480,13762546,112030
1790916448,68036548,69819260928,46446,0,,1,0,1,3,1303807,715267094,19338611,19338697,13766412,112065
1790916449,68036652,69818859520,46535,0,,4,0,1,3,1307874,715618072,19346958,19347045,13789916,112246
1790916450,68036720,69819441152,46627,0,,2,0,1,3,1270739,715948495,19355303,19355389,13813030,112426
1790916451,68036440,69818568704,46627,0,,0,0,1,3,1275940,716416762,19366580,19366667,13817291,112465
1790916452,68036504,69819232256,46627,0,,0,0,1,3,1281027,716898694,19378090,19378177,13821182,112501
1790916454,68037632,69819588608,46627,0,,1,0,1,3,1286007,717375772,19389455,19389541,13825344,112539
1790916455,68037820,69820575744,46627,0,,0,0,1,3,1290907,717858375,19400772,19400859,13829735,112578
1790916456,68038352,69821104128,46686,0,,1,0,1,3,1274779,718250024,19410008,19410094,13853363,112762
1790916457,68037372,69820121088,46686,0,,3,0,1,3,1280163,718735704,19421343,19421430,13857514,112800
1790916458,68037560,69820555264,46686,0,,1,0,1,3,1285715,719217172,19432717,19432802,13861292,112835
1790916459,68037584,69820342272,46686,0,,2,0,1,3,1290569,719676742,19444390,19444476,13865449,112873
1790916460,68038440,69820907520,46686,0,,3,0,1,3,1295428,720147476,19455871,19455957,13869645,112911
1790916461,68037336,69820309504,46686,0,,2,0,1,3,1300103,720611017,19466889,19466973,13873906,112949
1790916462,68038916,69821681664,46686,0,,2,0,1,3,1304772,721088674,19477853,19477940,13877802,112985
1790916463,68040180,69822738432,46686,0,,0,0,1,3,1309155,721523702,19489036,19489121,13881927,113023
1790916464,68038844,69821386752,46843,0,,2,0,1,3,1293001,721893598,19497379,19497466,13905059,113203
1790916465,68040216,69822607360,46862,0,,0,0,1,3,1298004,722309162,19507783,19507870,13918479,113310
1790916466,68038900,69821591552,46983,0,,1,0,1,3,1281608,722719556,19517444,19517529,13932296,113420
1790916467,68038816,69821509632,47082,0,,2,0,1,3,1265499,723086321,19526479,19526566,13956222,113607
1790916468,68037668,69820350464,47082,0,,0,0,1,3,1270844,723561074,19538102,19538188,13960608,113647
1790916469,68037592,69820350464,47082,0,,1,0,1,3,1276037,724044669,19549543,19549630,13964457,113682
1790916470,68037568,69820174336,47082,0,,3,0,1,3,1280853,724519109,19561046,19561132,13968680,113719
1790916471,68035400,69817868288,47082,0,,2,0,1,3,1285843,724985506,19572593,19572679,13973026,113757
1790916472,68035440,69817860096,47156,0,,3,0,1,3,1269940,725399445,19581953,19582040,13996647,113940
1790916473,68035412,69818109952,47156,0,,1,0,1,3,1274835,725893167,19593322,19593408,14001313,113982
1790916474,68035552,69818294272,47156,0,,4,0,1,3,1280133,726363581,19604699,19604786,14005525,114021
1790916475,68035304,69818224640,47156,0,,2,0,1,3,1285207,726852577,19616037,19616122,14009317,114054
1790916476,68035524,69818228736,47156,0,,3,0,1,3,1290104,727321582,19627472,19627559,14013823,114094
1790916477,68035512,69818470400,47401,0,,3,0,1,3,1273733,727689557,19635897,19635983,14036844,114273
1790916478,68036740,69819715584,47401,0,,2,0,1,3,1278799,728174932,19646592,19646677,14040807,114309
1790916479,68036664,69819641856,47401,0,,0,0,1,3,1283870,728641966,19658119,19658205,14045092,114347
1790916480,68036868,69819334656,47401,0,,3,0,1,3,1288337,729149448,19669534,19669621,14049268,114384
1790916481,68036760,69819228160,47401,0,,3,0,1,3,1293843,729603110,19680398,19680485,14058942,114461
1790916482,68036576,69818998784,47595,0,,2,0,1,3,1276809,729993779,19689168,19689254,14077158,114603
1790916484,68036324,69818761216,47595,0,,2,0,1,3,1281797,730481786,19700621,19700708,14081460,114640
1790916485,68037432,69819953152,47595,0,,3,0,1,3,1286806,730952349,19712220,19712306,14085936,114682
1790916486,68037420,69819662336,47776,0,,2,0,1,3,1270930,731337707,19721986,19722073,14109615,114867
1790916487,68038976,69821480960,47821,0,,1,0,1,3,1255509,731797008,19731622,19731708,14133341,115051
1790916488,68038804,69821566976,47821,0,,2,0,1,3,1260248,732283125,19742893,19742979,14137448,115087
1790916489,68037960,69820379136,47821,0,,0,0,1,3,1265661,732768980,19754216,19754299,14141831,115126
1790916490,68039092,69822140416,47821,0,,1,0,1,3,1270297,733247638,19765958,19766043,14146172,115165
1790916491,68038024,69820780544,47821,0,,1,0,1,3,1275109,733734768,19777340,19777425,14150723,115205
1790916492,68036924,69819600896,47821,0,,2,0,1,3,1280681,734215448,19788599,19788684,14155173,115244
1790916493,68036916,69819629568,47821,0,,4,0,1,3,1285229,734675713,19799770,19799857,14158941,115279
1790916494,68036900,69819363328,47821,0,,1,0,1,3,1290159,735123209,19810825,19810911,14162915,115316
1790916495,68035548,69818695680,47821,0,,2,0,1,3,1294380,735579585,19821854,19821941,14167267,115356
1790916496,68035848,69817987072,47821,0,,2,0,1,3,1299478,736048024,19833542,19833629,14171434,115392
1790916497,68035580,69817933824,48039,0,,1,0,1,3,1283792,736431852,19843209,19843295,14194931,115574
1790916498,68035848,69818425344,48039,0,,2,0,1,3,1289317,736909350,19854724,19854810,14199182,115611
1790916499,68035880,69818023936,48039,0,,1,0,1,3,1294294,737390733,19866112,19866198,14203713,115650
1790916500,68037084,69820039168,48039,0,,0,0,1,3,1299493,737885659,19877552,19877636,14207999,115688
1790916501,68037080,69819535360,48039,0,,4,0,1,3,1304225,738384747,19888920,19889007,14212337,115726
1790916502,68037236,69819420672,48039,0,,1,0,1,3,1309648,738872312,19900185,19900272,14216625,115766
1790916503,68037284,69819727872,48039,0,,1,0,1,3,1314873,739351947,19911672,19911756,14220349,115802
1790916504,68036172,69818572800,48039,0,,3,0,1,3,1319801,739843064,19923084,19923170,14224681,115842
1790916505,68035220,69817475072,48039,0,,3,0,1,3,1324808,740330221,19934602,19934689,14229303,115885
1790916506,68035356,69818261504,48039,0,,2,0,1,3,1329567,740796694,19946105,19946192,14233135,115921
1790916507,68035492,69818646528,48039,0,,1,0,1,3,1334581,741271312,19957741,19957828,14237798,115964
1790916508,68035360,69818302464,48039,0,,1,0,1,3,1339063,741767120,19969086,19969173,14241876,116003
1790916509,68036504,69818884096,48039,0,,2,0,1,3,1344089,742254745,19980519,19980605,14245952,116040
1790916510,68036512,69818888192,48039,0,,1,0,1,3,1348979,742720996,19991941,19992028,14252844,116097
1790916511,68038004,69819666432,48319,0,,0,0,1,3,1332344,743075749,19999969,20000056,14282795,116328
1790916512,68037564,69820514304,48627,0,,0,0,1,3,1316450,743462017,20008592,20008678,14302669,116483
1790916514,68037248,69820493824,48693,0,,2,0,1,3,1299948,743834758,20017984,20018071,14320348,116624
1790916515,68037492,69819899904,48693,0,,2,0,1,3,1304865,744320975,20029343,20029429,14324705,116663
1790916516,68037088,69819490304,48693,0,,3,0,1,3,1310442,744790768,20040849,20040935,14328605,116698
1790916517,68036036,69819195392,48693,0,,2,0,1,3,1315324,745253312,20052348,20052435,14332703,116735
1790916518,68035076,69816950784,48881,0,,0,0,1,3,1319705,745672971,20062169,20062256,14354815,116908
1790916519,68035180,69817802752,48881,0,,3,0,1,3,1304175,746143240,20073336,20073422,14360843,116961
1790916520,68034900,69817225216,48881,0,,3,0,1,3,1309389,746612470,20084762,20084848,14365023,116999
1790916521,68033508,69816291328,48881,0,,4,0,1,3,1314778,747077165,20096309,20096396,14369175,117034
1790916522,68033372,69815996416,48881,0,,2,0,1,3,1319258,747571643,20107578,20107664,14373166,117070
1790916523,68033980,69816315904,48881,0,,0,0,1,3,1324408,748030921,20118502,20118588,14377272,117108
1790916524,68033856,69816238080,48881,0,,1,0,1,3,1328347,748476056,20129564,20129651,14381608,117148
1790916525,68035216,69817872384,48881,0,,1,0,1,3,1333270,748936695,20140354,20140440,14385617,117184
1790916526,68035276,69817667584,49013,0,,0,0,1,3,1315523,749211111,20147294,20147381,14408400,117361
1790916527,68034876,69817225216,49013,0,,1,0,1,3,1317495,749391692,20151497,20151584,14409719,117373
1790916528,68036100,69817679872,49013,0,,0,0,1,3,1318041,749420822,20152136,20152223,14415518,117417
1790916529,68037384,69818994688,49013,0,,0,0,1,3,1297945,749420950,20152136,20152223,14438109,117589
1790916530,68037392,69818798080,49013,0,,0,0,1,3,1277766,749421078,20152136,20152223,14460517,117759
1790916531,68037392,69819060224,49013,0,,0,0,1,3,1257575,749421206,20152136,20152223,14482899,117929
1790916532,68037392,69819060224,49013,0,,0,0,1,3,1237370,749421334,20152136,20152223,14505109,118098
1790916533,68037404,69819056128,49013,0,,0,0,1,3,1217284,749421462,20152136,20152223,14527343,118266
