ts,rss_kb,cg_mem_bytes,Tidesdb_write_stall_ceiling_hits,Tidesdb_writes_throttled,Tidesdb_writes_blocked,Tidesdb_write_stall_us,Tidesdb_stall_admission,Tidesdb_stall_rotate_lock,Tidesdb_stall_rotate_work,Tidesdb_stall_wal_append,Tidesdb_stall_manifest_commit,Tidesdb_open_sstables,Tidesdb_flush_pending,Tidesdb_compaction_queue,Tidesdb_immutable_memtables,Tidesdb_flush_count,Tidesdb_compaction_count,Tidesdb_flush_bytes_written,Tidesdb_compaction_bytes_written,Tidesdb_compaction_bytes_read
1790891043,783800,840810496,0,0,0,0,0,0,0,0,1,1,0,0,0,1,0,290,0,0
1790891044,851580,935653376,0,0,0,0,0,0,0,0,1,1,0,0,0,1,0,290,0,0
1790891045,1088272,1489952768,0,0,0,0,0,0,0,283,1,1233,0,0,0,1,0,290,0,0
1790891046,1488464,2344980480,0,0,0,0,0,0,0,283,1,1233,0,0,0,1,0,290,0,0
1790891047,1868396,3112427520,0,0,0,0,0,0,0,1644,1,1233,0,0,0,1,0,290,0,0
1790891048,2221696,3816497152,0,0,0,0,0,0,0,1644,1,1233,0,0,0,1,0,290,0,0
1790891050,2565028,4482838528,0,0,0,0,0,0,0,3098,1,1233,0,0,0,1,0,290,0,0
1790891051,2901840,5134741504,0,0,0,0,0,0,0,3098,1,1233,0,0,0,1,0,290,0,0
1790891052,3222772,5752274944,0,0,0,0,0,0,0,4623,1,1233,0,0,0,1,0,290,0,0
1790891053,3542304,6361915392,0,0,0,0,0,0,0,4623,1,1233,0,0,0,1,0,290,0,0
1790891054,3849996,6955823104,0,0,0,0,0,0,0,6246,1,1233,0,0,0,1,0,290,0,0
1790891055,4151104,7523397632,0,0,0,0,0,0,0,6246,1,1233,0,0,0,1,0,290,0,0
1790891056,4451456,8085708800,0,0,0,0,0,0,0,7942,1,1233,0,0,0,1,0,290,0,0
1790891057,4741688,8637538304,0,0,0,0,0,0,0,7942,1,1233,0,0,0,1,0,290,0,0
1790891058,5026092,9168969728,0,0,0,0,0,0,0,9510,1,1233,0,0,0,1,0,290,0,0
1790891059,5307156,9693585408,0,0,0,0,0,0,0,9510,1,1233,0,0,0,1,0,290,0,0
1790891060,5583136,10206765056,0,0,0,0,0,0,0,11390,1,1233,0,0,0,1,0,290,0,0
1790891061,5859268,10720215040,0,0,0,0,0,0,0,11390,1,1233,0,0,0,1,0,290,0,0
1790891062,6131956,11229802496,0,0,0,0,0,0,0,13218,1,1233,0,0,0,1,0,290,0,0
1790891063,6397888,11724767232,0,0,0,0,0,0,0,13218,1,1233,0,0,0,1,0,290,0,0
1790891064,6663592,12215754752,0,0,0,0,0,0,0,14937,1,1233,0,0,0,1,0,290,0,0
1790891065,6925656,12703465472,0,0,0,0,0,0,0,14937,1,1233,0,0,0,1,0,290,0,0
1790891066,7185224,13186658304,0,0,0,0,0,0,0,16708,1,1233,0,0,0,1,0,290,0,0
1790891067,7438852,13656879104,0,0,0,0,0,0,0,16708,1,1233,0,0,0,1,0,290,0,0
1790891068,7686140,14120538112,0,0,0,0,0,0,0,18633,1,1233,0,0,0,1,0,290,0,0
1790891069,7931464,14583091200,0,0,0,0,0,0,0,18633,1,1233,0,0,0,1,0,290,0,0
1790891070,8178536,15046287360,0,0,0,0,0,0,0,20611,1,1233,0,0,0,1,0,290,0,0
1790891071,8419984,15501848576,0,0,0,0,0,0,0,20611,1,1233,0,0,0,1,0,290,0,0
1790891072,8654740,15943999488,0,0,0,0,0,0,0,22541,1,1233,0,0,0,1,0,290,0,0
1790891073,8884688,16376709120,0,0,0,0,0,0,0,22541,1,1233,0,0,0,1,0,290,0,0
1790891074,9115436,16812748800,0,0,0,0,0,0,0,24643,1,1233,0,0,0,1,0,290,0,0
1790891075,9346124,17247821824,0,0,0,0,0,0,0,24643,1,1233,0,0,0,1,0,290,0,0
1790891076,9569188,17674752000,0,0,0,0,0,0,0,26642,1,1233,0,0,0,1,0,290,0,0
1790891077,9793812,18102964224,0,0,0,0,0,0,0,26642,1,1233,0,0,0,1,0,290,0,0
1790891079,10018580,18532421632,0,0,0,0,0,0,0,28736,1,1233,0,0,0,1,0,290,0,0
1790891080,10238392,18952769536,0,0,0,0,0,0,0,28736,1,1233,0,0,0,1,0,290,0,0
1790891081,10455620,19373879296,0,0,0,0,0,0,0,30750,1,1233,0,0,0,1,0,290,0,0
1790891082,10667912,19781046272,0,0,0,0,0,0,0,32812,1,1233,0,0,0,1,0,290,0,0
1790891083,10876996,20186460160,0,0,0,0,0,0,0,32812,1,1233,0,0,0,1,0,290,0,0
1790891084,11085400,20591284224,0,0,0,0,0,0,0,34918,1,1233,0,0,0,1,0,290,0,0
1790891085,11292520,20997599232,0,0,0,0,0,0,0,34918,1,1233,0,0,0,1,0,290,0,0
1790891086,11503184,21409185792,0,0,0,0,0,0,0,36941,1,1233,0,0,0,1,0,290,0,0
1790891087,11706800,21801844736,0,0,0,0,0,0,0,36941,1,1233,0,0,0,1,0,290,0,0
1790891088,11911900,22204878848,0,0,0,0,0,0,0,39202,1,1233,0,0,0,1,0,290,0,0
1790891089,12111880,22596067328,0,0,0,0,0,0,0,39202,1,1233,0,0,0,1,0,290,0,0
1790891090,12313860,22993453056,0,0,0,0,0,0,0,41279,1,1233,0,0,0,1,0,290,0,0
1790891091,12508476,23376621568,0,0,0,0,0,0,0,41279,1,1233,0,0,0,1,0,290,0,0
1790891092,12703652,23763505152,0,0,0,0,0,0,0,43553,1,1233,0,0,0,1,0,290,0,0
1790891093,12896380,24143843328,0,0,0,0,0,0,0,43553,1,1233,0,0,0,1,0,290,0,0
1790891094,13089252,24531136512,0,0,0,0,0,0,0,45780,1,1233,0,0,0,1,0,290,0,0
1790891095,13277092,24911745024,0,0,0,0,0,0,0,45780,1,1233,0,0,0,1,0,290,0,0
1790891096,13463056,25285226496,0,0,0,0,0,0,0,47928,1,1233,0,0,0,1,0,290,0,0
1790891097,13649784,25663700992,0,0,0,0,0,0,0,47928,1,1233,0,0,0,1,0,290,0,0
1790891098,13835260,26035515392,0,0,0,0,0,0,0,50183,1,1233,0,0,0,1,0,290,0,0
1790891099,14022780,26418200576,0,0,0,0,0,0,0,50183,1,1233,0,0,0,1,0,290,0,0
1790891100,14202868,26780053504,0,0,0,0,0,0,0,52457,1,1233,0,0,0,1,0,290,0,0
1790891101,14385136,27150086144,0,0,0,0,0,0,0,52457,1,1233,0,0,0,1,0,290,0,0
1790891102,14563412,27513970688,0,0,0,0,0,0,0,54794,1,1233,0,0,0,1,0,290,0,0
1790891103,14743244,27879161856,0,0,0,0,0,0,0,54794,1,1233,0,0,0,1,0,290,0,0
1790891104,14919200,28240289792,0,0,0,0,0,0,0,57124,1,1233,0,0,0,1,0,290,0,0
1790891105,15093468,28597469184,0,0,0,0,0,0,0,57124,1,1233,0,0,0,1,0,290,0,0
1790891106,15264692,28949848064,0,0,0,0,0,0,0,59481,1,1233,0,0,0,1,0,290,0,0
1790891107,15435848,29304471552,0,0,0,0,0,0,0,59481,1,1233,0,0,0,1,0,290,0,0
1790891109,15611400,29666349056,0,0,0,0,0,0,0,61924,1,1233,0,0,0,1,0,290,0,0
1790891110,15785856,30026891264,0,0,0,0,0,0,0,61924,1,1233,0,0,0,1,0,290,0,0
1790891111,15955808,30375321600,0,0,0,0,0,0,0,64254,1,1233,0,0,0,1,0,290,0,0
1790891112,16127408,30734077952,0,0,0,0,0,0,0,66627,1,1233,0,0,0,1,0,290,0,0
1790891113,16299644,31090589696,0,0,0,0,0,0,0,66627,1,1233,0,0,0,1,0,290,0,0
1790891114,16464612,31432396800,0,0,0,0,0,0,0,69055,1,1233,0,0,0,1,0,290,0,0
1790891115,16633308,31780597760,0,0,0,0,0,0,0,69055,1,1233,0,0,0,1,0,290,0,0
1790891116,16795480,32122556416,0,0,0,0,0,0,0,71503,1,1233,0,0,0,1,0,290,0,0
1790891117,16963184,32468631552,0,0,0,0,0,0,0,71503,1,1233,0,0,0,1,0,290,0,0
1790891118,17131368,32820563968,0,0,0,0,0,0,0,73927,1,1233,0,0,0,1,0,290,0,0
1790891119,17292948,33157709824,0,0,0,0,0,0,0,73927,1,1233,0,0,0,1,0,290,0,0
1790891120,17454940,33495752704,0,0,0,0,0,0,0,76416,1,1233,0,0,0,1,0,290,0,0
1790891121,17613084,33827696640,0,0,0,0,0,0,0,76416,1,1233,0,0,0,1,0,290,0,0
1790891122,17775312,34168242176,0,0,0,0,0,0,0,78931,1,1233,0,0,0,1,0,290,0,0
1790891123,17935072,34503294976,0,0,0,0,0,0,0,78931,1,1233,0,0,0,1,0,290,0,0
1790891124,18098680,34847510528,0,0,0,0,0,0,0,81443,1,1233,0,0,0,1,0,290,0,0
1790891125,18256976,35181035520,0,0,0,0,0,0,0,81443,1,1233,0,0,0,1,0,290,0,0
1790891126,18417976,35516887040,0,0,0,0,0,0,0,83864,1,1233,0,0,0,1,0,290,0,0
1790891127,18574664,35849150464,0,0,0,0,0,0,0,83864,1,1233,0,0,0,1,0,290,0,0
1790891128,18731332,36184293376,0,0,0,0,0,0,0,86441,1,1233,0,0,0,1,0,290,0,0
1790891129,18887028,36515680256,0,0,0,0,0,0,0,86441,1,1233,0,0,0,1,0,290,0,0
1790891130,19039632,36839985152,0,0,0,0,0,0,0,88955,1,1233,0,0,0,1,0,290,0,0
1790891131,19193264,37163692032,0,0,0,0,0,0,0,88955,1,1233,0,0,0,1,0,290,0,0
1790891132,19344432,37483999232,0,0,0,0,0,0,0,91655,1,1233,0,0,0,1,0,290,0,0
1790891133,19502036,37818757120,0,0,0,0,0,0,0,91655,1,1233,0,0,0,1,0,290,0,0
1790891134,19652776,38138884096,0,0,0,0,0,0,0,94314,1,1233,0,0,0,1,0,290,0,0
1790891135,19809188,38470926336,0,0,0,0,0,0,0,94314,1,1233,0,0,0,1,0,290,0,0
1790891136,19965700,38802710528,0,0,0,0,0,0,0,96856,1,1233,0,0,0,1,0,290,0,0
1790891138,20120160,39131099136,0,0,0,0,0,0,0,96856,1,1233,0,0,0,1,0,290,0,0
1790891139,20275888,39462047744,0,0,0,0,0,0,0,99452,1,1233,0,0,0,1,0,290,0,0
1790891140,20429860,39787192320,0,0,0,0,0,0,0,99452,1,1233,0,0,0,1,0,290,0,0
1790891141,20580544,40109740032,0,0,0,0,0,0,0,102044,1,1233,0,0,0,1,0,290,0,0
1790891142,20729624,40431661056,0,0,0,0,0,0,0,104676,1,1233,0,0,0,1,0,290,0,0
1790891143,20880160,40752168960,0,0,0,0,0,0,0,104676,1,1233,0,0,0,1,0,290,0,0
1790891144,21034404,41082269696,0,0,0,0,0,0,0,107342,1,1233,0,0,0,1,0,290,0,0
1790891145,21183384,41401679872,0,0,0,0,0,0,0,107342,1,1233,0,0,0,1,0,290,0,0
1790891146,21332760,41719877632,0,0,0,0,0,0,0,109976,1,1233,0,0,0,1,0,290,0,0
1790891147,21480980,42037669888,0,0,0,0,0,0,0,109976,1,1233,0,0,0,1,0,290,0,0
1790891148,21627796,42352050176,0,0,0,0,0,0,0,112671,1,1233,0,0,0,1,0,290,0,0
1790891149,21779100,42674823168,0,0,0,0,0,0,0,112671,1,1233,0,0,0,1,0,290,0,0
1790891150,21928548,42996277248,0,0,0,0,0,0,0,115291,1,1233,0,0,0,1,0,290,0,0
1790891151,22077892,43321061376,0,0,0,0,0,0,0,115291,1,1233,0,0,0,1,0,290,0,0
1790891152,22224660,43634675712,0,0,0,0,0,0,0,117964,1,1233,0,0,0,1,0,290,0,0
1790891153,22372844,43951460352,0,0,0,0,0,0,0,117964,1,1233,0,0,0,1,0,290,0,0
1790891154,22517592,44264632320,0,0,0,0,0,0,0,120704,1,1233,0,0,0,1,0,290,0,0
1790891155,22664368,44580343808,0,0,0,0,0,0,0,120704,1,1233,0,0,0,1,0,290,0,0
1790891156,22811036,44896722944,0,0,0,0,0,0,0,123414,1,1233,0,0,0,1,0,290,0,0
1790891157,22961148,45219139584,0,0,0,0,0,0,0,123414,1,1233,0,0,0,1,0,290,0,0
1790891158,23102940,45525364736,0,0,0,0,0,0,0,126091,1,1233,0,0,0,1,0,290,0,0
1790891159,23244488,45829427200,0,0,0,0,0,0,0,126091,1,1233,0,0,0,1,0,290,0,0
1790891160,23388356,46140092416,0,0,0,0,0,0,0,128884,1,1233,0,0,0,1,0,290,0,0
1790891161,23534676,46455246848,0,0,0,0,0,0,0,128884,1,1233,0,0,0,1,0,290,0,0
1790891162,23678484,46766698496,0,0,0,0,0,0,0,131657,1,1233,0,0,0,1,0,290,0,0
1790891163,23820660,47076098048,0,0,0,0,0,0,0,131657,1,1233,0,0,0,1,0,290,0,0
1790891164,23967168,47391739904,0,0,0,0,0,0,0,134443,1,1233,0,0,0,1,0,290,0,0
1790891165,24107104,47694159872,0,0,0,0,0,0,0,134443,1,1233,0,0,0,1,0,290,0,0
1790891167,24252456,48009093120,0,0,0,0,0,0,0,137302,1,1233,0,0,0,1,0,290,0,0
1790891168,24397320,48320536576,0,0,0,0,0,0,0,137302,1,1233,0,0,0,1,0,290,0,0
1790891169,24541824,48631508992,0,0,0,0,0,0,0,139991,1,1233,0,0,0,1,0,290,0,0
1790891170,24683408,48938917888,0,0,0,0,0,0,0,139991,1,1233,0,0,0,1,0,290,0,0
1790891171,24824476,49247318016,0,0,0,0,0,0,0,142836,1,1233,0,0,0,1,0,290,0,0
1790891172,24963692,49549828096,0,0,0,0,0,0,0,145745,1,1233,0,0,0,1,0,290,0,0
1790891173,25105444,49857294336,0,0,0,0,0,0,0,145745,1,1233,0,0,0,1,0,290,0,0
1790891174,25249512,50169393152,0,0,0,0,0,0,0,148486,1,1233,0,0,0,1,0,290,0,0
1790891175,25393580,50480644096,0,0,0,0,0,0,0,148486,1,1233,0,0,0,1,0,290,0,0
1790891176,25533280,50783301632,0,0,0,0,0,0,0,151316,1,1233,0,0,0,1,0,290,0,0
1790891177,25681284,51104342016,0,0,0,0,0,0,0,151316,1,1233,0,0,0,1,0,290,0,0
1790891178,25822308,51410255872,0,0,0,0,0,0,0,154094,1,1233,0,0,0,1,0,290,0,0
1790891179,25962872,51715465216,0,0,0,0,0,0,0,154094,1,1233,0,0,0,1,0,290,0,0
1790891180,26103672,52020248576,0,0,0,0,0,0,0,156980,1,1233,0,0,0,1,0,290,0,0
1790891181,26247952,52334026752,0,0,0,0,0,0,0,156980,1,1233,0,0,0,1,0,290,0,0
1790891182,26389380,52640051200,0,0,0,0,0,0,0,159717,1,1233,0,0,0,1,0,290,0,0
1790891183,26530704,52945518592,0,0,0,0,0,0,0,159717,1,1233,0,0,0,1,0,290,0,0
1790891184,26669264,53247393792,0,0,0,0,0,0,0,162589,1,1233,0,0,0,1,0,290,0,0
1790891185,26813568,53561466880,0,0,0,0,0,0,0,162589,1,1233,0,0,0,1,0,290,0,0
1790891186,26950616,53859729408,0,0,0,0,0,0,0,165391,1,1233,0,0,0,1,0,290,0,0
1790891187,27092004,54167437312,0,0,0,0,0,0,0,165391,1,1233,0,0,0,1,0,290,0,0
1790891188,27232616,54474088448,0,0,0,0,0,0,0,168274,1,1233,0,0,0,1,0,290,0,0
1790891189,27369520,54771990528,0,0,0,0,0,0,0,168274,1,1233,0,0,0,1,0,290,0,0
1790891190,27506392,55071387648,0,0,0,0,0,0,0,171250,1,1233,0,0,0,1,0,290,0,0
1790891191,27645104,55372009472,0,0,0,0,0,0,0,171250,1,1233,0,0,0,1,0,290,0,0
1790891192,27785248,55677992960,0,0,0,0,0,0,0,174116,1,1233,0,0,0,1,0,290,0,0
1790891193,27925000,55982350336,0,0,0,0,0,0,0,174116,1,1233,0,0,0,1,0,290,0,0
1790891194,28066112,56289021952,0,0,0,0,0,0,0,177004,1,1233,0,0,0,1,0,290,0,0
1790891196,28203888,56590209024,0,0,0,0,0,0,0,177004,1,1233,0,0,0,1,0,290,0,0
1790891197,28341024,56888733696,0,0,0,0,0,0,0,179931,1,1233,0,0,0,1,0,290,0,0
1790891198,28477032,57185116160,0,0,0,0,0,0,0,179931,1,1233,0,0,0,1,0,290,0,0
1790891199,28616076,57483567104,0,0,0,0,0,0,0,182858,1,1233,0,0,0,1,0,290,0,0
1790891200,28756976,57794138112,0,0,0,0,0,0,0,182858,1,1233,0,0,0,1,0,290,0,0
1790891201,28893088,58091405312,0,0,0,0,0,0,0,185777,1,1233,0,0,0,1,0,290,0,0
1790891202,29032032,58392592384,0,0,0,0,0,0,0,185777,1,1233,0,0,0,1,0,290,0,0
1790891203,29173708,58702958592,0,0,0,0,0,0,0,188725,1,1233,0,0,0,1,0,290,0,0
1790891204,29308012,58997760000,0,0,0,0,0,0,0,191698,1,1233,0,0,0,1,0,290,0,0
1790891205,29447376,59299422208,0,0,0,0,0,0,0,191698,1,1233,0,0,0,1,0,290,0,0
1790891206,29583628,59595055104,0,0,0,0,0,0,0,194649,1,1233,0,0,0,1,0,290,0,0
1790891207,29723404,59900661760,0,0,0,0,0,0,0,194649,1,1233,0,0,0,1,0,290,0,0
1790891208,29859192,60197031936,0,0,0,0,0,0,0,197603,1,1233,0,0,0,1,0,290,0,0
1790891209,29995716,60495011840,0,0,0,0,0,0,0,197603,1,1233,0,0,0,1,0,290,0,0
1790891210,30132672,60792696832,0,0,0,0,0,0,0,200547,1,1233,0,0,0,1,0,290,0,0
1790891211,30271856,61096935424,0,0,0,0,0,0,0,200547,1,1233,0,0,0,1,0,290,0,0
1790891212,30409172,61395636224,0,0,0,0,0,0,0,203480,1,1233,0,0,0,1,0,290,0,0
1790891213,30546360,61697642496,0,0,0,0,0,0,0,203480,1,1233,0,0,0,1,0,290,0,0
1790891214,30683412,61996552192,0,0,0,0,0,0,0,206510,1,1233,0,0,0,1,0,290,0,0
1790891215,30821612,62299721728,0,0,0,0,0,0,0,206510,1,1233,0,0,0,1,0,290,0,0
1790891216,30962024,62607085568,0,0,0,0,0,0,0,209501,1,1233,0,0,0,1,0,290,0,0
1790891217,31099940,62910648320,0,0,0,0,0,0,0,209501,1,1233,0,0,0,1,0,290,0,0
1790891218,31238088,63214923776,0,0,0,0,0,0,0,212455,1,1233,0,0,0,1,0,290,0,0
1790891219,31377160,63518437376,0,0,0,0,0,0,0,212455,1,1233,0,0,0,1,0,290,0,0
1790891220,31515812,63822786560,0,0,0,0,0,0,0,215379,1,1233,0,0,0,1,0,290,0,0
1790891221,31657544,64134930432,0,0,0,0,0,0,0,215379,1,1233,0,0,0,1,0,290,0,0
1790891222,31793952,64430379008,0,0,0,0,0,0,0,218270,1,1233,0,0,0,1,0,290,0,0
1790891223,31932964,64735236096,0,0,0,0,0,0,0,218270,1,1233,0,0,0,1,0,290,0,0
1790891224,32071912,65036177408,0,0,0,0,0,0,0,221216,1,1233,0,0,0,1,0,290,0,0
1790891226,32208828,65337376768,0,0,0,0,0,0,0,221216,1,1233,0,0,0,1,0,290,0,0
1790891227,32346612,65636671488,0,0,0,0,0,0,0,224199,1,1233,0,0,0,1,0,290,0,0
1790891228,32485284,65940221952,0,0,0,0,0,0,0,224199,1,1233,0,0,0,1,0,290,0,0
1790891229,32617500,66229383168,0,0,0,0,0,0,0,227137,1,1233,0,0,0,1,0,290,0,0
1790891230,32752180,66524745728,0,0,0,0,0,0,0,227137,1,1233,0,0,0,1,0,290,0,0
1790891231,32888212,66822844416,0,0,0,0,0,0,0,230128,1,1233,0,0,0,1,0,290,0,0
1790891232,33024724,67119857664,0,0,0,0,0,0,0,230128,1,1233,0,0,0,1,0,290,0,0
1790891233,33162164,67422134272,0,0,0,0,0,0,0,233152,1,1233,0,0,0,1,0,290,0,0
1790891234,33299428,67723943936,0,0,0,0,0,0,0,236109,1,1233,0,0,0,1,0,290,0,0
1790891235,33436548,68022640640,0,0,0,0,0,0,0,236109,1,1233,0,0,0,1,0,290,0,0
1790891236,33572808,68318748672,0,0,0,0,0,0,0,239142,1,1233,0,0,0,1,0,290,0,0
1790891237,33709688,68617486336,0,0,0,0,0,0,0,239142,1,1233,0,0,0,1,0,290,0,0
1790891238,33844264,68911841280,0,0,0,0,0,0,0,242153,1,1233,0,0,0,1,0,290,0,0
1790891239,33981696,69211234304,0,0,0,0,0,0,0,242153,1,1233,0,0,0,1,0,290,0,0
1790891240,34115908,69507072000,0,0,0,0,0,0,0,245147,1,1233,0,0,0,1,0,290,0,0
1790891241,34254636,69811281920,0,0,0,0,0,0,0,245147,1,1233,0,0,0,1,0,290,0,0
1790891242,34392228,70112608256,0,0,0,0,0,0,0,248135,1,1233,0,0,0,1,0,290,0,0
1790891243,34530744,70415216640,0,0,0,0,0,0,0,248135,1,1233,0,0,0,1,0,290,0,0
1790891244,34667508,70711205888,0,0,0,0,0,0,0,251200,1,1233,0,0,0,1,0,290,0,0
1790891245,34803060,71005982720,0,0,0,0,0,0,0,251200,1,1233,0,0,0,1,0,290,0,0
1790891246,34937828,71305052160,0,0,0,0,0,0,0,254174,1,1233,0,0,0,1,0,290,0,0
1790891247,35073684,71603302400,0,0,0,0,0,0,0,254174,1,1233,0,0,0,1,0,290,0,0
1790891248,35207592,71899193344,0,0,0,0,0,0,0,257198,1,1233,0,0,0,1,0,290,0,0
1790891249,35341980,72196415488,0,0,0,0,0,0,0,257198,1,1233,0,0,0,1,0,290,0,0
1790891250,35477796,72492474368,0,0,0,0,0,0,0,260238,1,1233,0,0,0,1,0,290,0,0
1790891251,35610208,72781221888,0,0,0,0,0,0,0,260238,1,1233,0,0,0,1,0,290,0,0
1790891252,35744824,73077026816,0,0,0,0,0,0,0,263334,1,1233,0,0,0,1,0,290,0,0
1790891253,35876628,73369100288,0,0,0,0,0,0,0,263334,1,1233,0,0,0,1,0,290,0,0
1790891254,36011812,73663635456,0,0,0,0,0,0,0,266484,1,1233,0,0,0,1,0,290,0,0
1790891256,36146444,73961484288,0,0,0,0,0,0,0,266484,1,1233,0,0,0,1,0,290,0,0
1790891257,36280080,74255839232,0,0,0,0,0,0,0,269493,1,1233,0,0,0,1,0,290,0,0
1790891258,36413740,74548801536,0,0,0,0,0,0,0,269493,1,1233,0,0,0,1,0,290,0,0
1790891259,36549120,74845757440,0,0,0,0,0,0,0,272552,1,1233,0,0,0,1,0,290,0,0
1790891260,36687704,75148873728,0,0,0,0,0,0,0,272552,1,1233,0,0,0,1,0,290,0,0
1790891261,36826340,75453485056,0,0,0,0,0,0,0,275607,1,1233,0,0,0,1,0,290,0,0
1790891262,36960796,75748057088,0,0,0,0,0,0,0,275607,1,1233,0,0,0,1,0,290,0,0
1790891263,37094016,76047040512,0,0,0,0,0,0,0,278722,1,1233,0,0,0,1,0,290,0,0
1790891264,37222380,76335730688,0,0,0,0,0,0,0,278722,1,1233,0,0,0,1,0,290,0,0
1790891265,37329788,76604186624,0,0,0,0,0,0,0,281787,1,1233,0,0,0,1,0,290,0,0
1790891266,37410944,76843724800,0,0,0,0,0,0,0,284903,1,1233,0,0,0,1,0,290,0,0
1790891267,37471460,77059510272,0,0,0,0,0,0,0,284903,1,1233,0,0,0,1,0,290,0,0
1790891268,37523996,77273567232,0,0,0,0,0,0,0,288033,1,1233,0,0,0,1,0,290,0,0
1790891269,37552460,77458391040,0,0,0,0,0,0,0,288033,1,1233,0,0,0,1,0,290,0,0
1790891270,37579504,77640556544,0,0,0,0,0,0,0,291113,1,1233,0,0,0,1,0,290,0,0
1790891271,37580804,77799165952,0,0,0,0,0,0,0,291113,1,1233,0,0,0,1,0,290,0,0
1790891272,37584720,77960802304,0,0,0,0,0,0,0,294190,1,1233,0,0,0,1,0,290,0,0
1790891273,37591184,78121299968,0,0,0,0,0,0,0,294190,1,1233,0,0,0,1,0,290,0,0
1790891274,37593160,78283116544,0,0,0,0,0,0,0,297322,1,1233,0,0,0,1,0,290,0,0
1790891275,37599220,78438645760,0,0,0,0,0,0,0,297322,1,1233,0,0,0,1,0,290,0,0
1790891276,37609024,78606958592,0,0,0,0,0,0,0,300476,1,1233,0,0,0,1,0,290,0,0
1790891277,37626044,78787239936,0,0,0,0,0,0,0,300476,1,1233,0,0,0,1,0,290,0,0
1790891278,37645460,78963965952,0,0,0,0,0,0,0,303644,1,1233,0,0,0,1,0,290,0,0
1790891279,37670644,79146926080,0,0,0,0,0,0,0,303644,1,1233,0,0,0,1,0,290,0,0
1790891280,37704872,79336734720,0,0,0,0,0,0,0,306767,1,1233,0,0,0,1,0,290,0,0
1790891281,37732684,79524216832,0,0,0,0,0,0,0,306767,1,1233,0,0,0,1,0,290,0,0
1790891282,37766524,79719112704,0,0,0,0,0,0,0,309914,1,1233,0,0,0,1,0,290,0,0
1790891283,37804148,79914369024,0,0,0,0,0,0,0,309914,1,1233,0,0,0,1,0,290,0,0
1790891284,37839740,80107499520,0,0,0,0,0,0,0,313077,1,1233,0,0,0,1,0,290,0,0
1790891286,37860780,80285405184,0,0,0,0,0,0,0,313077,1,1233,0,0,0,1,0,290,0,0
1790891287,37899172,80481808384,0,0,0,0,0,0,0,316230,1,1233,0,0,0,1,0,290,0,0
1790891288,37935636,80674172928,0,0,0,0,0,0,0,316230,1,1233,0,0,0,1,0,290,0,0
1790891289,37974660,80873017344,0,0,0,0,0,0,0,319346,1,1233,0,0,0,1,0,290,0,0
1790891290,38018336,81074970624,0,0,0,0,0,0,0,319346,1,1233,0,0,0,1,0,290,0,0
1790891291,38059436,81275346944,0,0,0,0,0,0,0,322487,1,1233,0,0,0,1,0,290,0,0
1790891292,38099088,81472606208,0,0,0,0,0,0,0,322487,1,1233,0,0,0,1,0,290,0,0
1790891293,38137408,81669419008,0,0,0,0,0,0,0,325648,1,1233,0,0,0,1,0,290,0,0
1790891294,38179988,81870856192,0,0,0,0,0,0,0,325648,1,1233,0,0,0,1,0,290,0,0
1790891295,38220208,82071031808,0,0,0,0,0,0,0,328839,1,1233,0,0,0,1,0,290,0,0
1790891296,38258272,82267377664,0,0,0,0,0,0,0,331992,1,1233,0,0,0,1,0,290,0,0
1790891297,38299608,82469216256,0,0,0,0,0,0,0,331992,1,1233,0,0,0,1,0,290,0,0
1790891298,38343556,82675855360,0,0,0,0,0,0,0,335191,1,1233,0,0,0,1,0,290,0,0
1790891299,38383116,82870276096,0,0,0,0,0,0,0,335191,1,1233,0,0,0,1,0,290,0,0
1790891300,38428128,83071324160,0,0,0,0,0,0,0,338323,1,1233,0,0,0,1,0,290,0,0
1790891301,38471448,83269931008,0,0,0,0,0,0,0,338323,1,1233,0,0,0,1,0,290,0,0
1790891302,38511548,83469340672,0,0,0,0,0,0,0,341539,1,1233,0,0,0,1,0,290,0,0
1790891303,38558320,83673010176,0,0,0,0,0,0,0,341539,1,1233,0,0,0,1,0,290,0,0
1790891304,38601264,83871191040,0,0,0,0,0,0,0,344669,1,1233,0,0,0,1,0,290,0,0
1790891305,38643220,84071772160,0,0,0,0,0,0,0,344669,1,1233,0,0,0,1,0,290,0,0
1790891306,38689976,84282466304,0,0,0,0,0,0,0,347837,1,1233,0,0,0,1,0,290,0,0
1790891307,38724132,84472086528,0,0,0,0,0,0,0,347837,1,1233,0,0,0,1,0,290,0,0
1790891308,38762868,84676317184,0,0,0,0,0,0,0,350981,1,1233,0,0,0,1,0,290,0,0
1790891309,38798316,84870701056,0,0,0,0,0,0,0,350981,1,1233,0,0,0,1,0,290,0,0
1790891310,38827920,85062647808,0,0,0,0,0,0,0,354171,1,1233,0,0,0,1,0,290,0,0
1790891311,38860104,85249863680,0,0,0,0,0,0,0,354171,1,1233,0,0,0,1,0,290,0,0
1790891312,38900704,85449990144,0,0,0,0,0,0,0,357382,1,1233,0,0,0,1,0,290,0,0
1790891313,38939764,85651787776,0,0,0,0,0,0,0,357382,1,1233,0,0,0,1,0,290,0,0
1790891315,38972008,85844393984,0,0,0,0,0,0,0,360538,1,1233,0,0,0,1,0,290,0,0
1790891316,39010904,86040338432,0,0,0,0,0,0,0,360538,1,1233,0,0,0,1,0,290,0,0
1790891317,39046240,86236565504,0,0,0,0,0,0,0,363679,1,1233,0,0,0,1,0,290,0,0
1790891318,39088248,86436151296,0,0,0,0,0,0,0,363679,1,1233,0,0,0,1,0,290,0,0
1790891319,39124012,86629527552,0,0,0,0,0,0,0,366867,1,1233,0,0,0,1,0,290,0,0
1790891320,39148404,86811336704,0,0,0,0,0,0,0,366867,1,1233,0,0,0,1,0,290,0,0
1790891321,39180892,87004209152,0,0,0,0,0,0,0,370068,1,1233,0,0,0,1,0,290,0,0
1790891322,39204496,87190175744,0,0,0,0,0,0,0,370068,1,1233,0,0,0,1,0,290,0,0
1790891323,39233664,87381057536,0,0,0,0,0,0,0,373341,1,1233,0,0,0,1,0,290,0,0
1790891324,39254664,87563190272,0,0,0,0,0,0,0,373341,1,1233,0,0,0,1,0,290,0,0
1790891325,39280900,87745753088,0,0,0,0,0,0,0,376568,1,1233,0,0,0,1,0,290,0,0
1790891326,39305476,87930638336,0,0,0,0,0,0,0,376568,1,1233,0,0,0,1,0,290,0,0
1790891327,39328120,88115171328,0,0,0,0,0,0,0,379821,1,1233,0,0,0,1,0,290,0,0
1790891328,39353196,88303988736,0,0,0,0,0,0,0,383011,1,1233,0,0,0,1,0,290,0,0
1790891329,39377784,88490270720,0,0,0,0,0,0,0,383011,1,1233,0,0,0,1,0,290,0,0
1790891330,39397336,88673206272,0,0,0,0,0,0,0,386289,1,1233,0,0,0,1,0,290,0,0
1790891331,39417004,88853716992,0,0,0,0,0,0,0,386289,1,1233,0,0,0,1,0,290,0,0
1790891332,39437936,89030029312,0,0,0,0,0,0,0,389573,1,1233,0,0,0,1,0,290,0,0
1790891333,39457412,89208717312,0,0,0,0,0,0,0,389573,1,1233,0,0,0,1,0,290,0,0
1790891334,39475292,89389633536,0,0,0,0,0,0,0,392836,1,1233,0,0,0,1,0,290,0,0
1790891335,39502016,89574723584,0,0,0,0,0,0,0,392836,1,1233,0,0,0,1,0,290,0,0
1790891336,39524356,89760055296,0,0,0,0,0,0,0,396081,1,1233,0,0,0,1,0,290,0,0
1790891337,39542924,89935519744,0,0,0,0,0,0,0,396081,1,1233,0,0,0,1,0,290,0,0
1790891338,39561144,90111090688,0,0,0,0,0,0,0,399386,1,1233,0,0,0,1,0,290,0,0
1790891339,39579908,90289692672,0,0,0,0,0,0,0,399386,1,1233,0,0,0,1,0,290,0,0
1790891340,39599580,90465808384,0,0,0,0,0,0,0,402579,1,1233,0,0,0,1,0,290,0,0
1790891341,39631188,90658295808,0,0,0,0,0,0,0,402579,1,1233,0,0,0,1,0,290,0,0
1790891342,39641636,90828988416,0,0,0,0,0,0,0,405813,1,1233,0,0,0,1,0,290,0,0
1790891343,39662508,91010351104,0,0,0,0,0,0,0,405813,1,1233,0,0,0,1,0,290,0,0
1790891345,39686184,91199827968,0,0,0,0,0,0,0,409085,1,1233,0,0,0,1,0,290,0,0
1790891346,39709456,91387764736,0,0,0,0,0,0,0,409085,1,1233,0,0,0,1,0,290,0,0
1790891347,39728932,91565805568,0,0,0,0,0,0,0,412346,1,1233,0,0,0,1,0,290,0,0
1790891348,39746076,91740164096,0,0,0,0,0,0,0,412346,1,1233,0,0,0,1,0,290,0,0
1790891349,39770412,91925159936,0,0,0,0,0,0,0,415623,1,1233,0,0,0,1,0,290,0,0
1790891350,39790232,92106911744,0,0,0,0,0,0,0,415623,1,1233,0,0,0,1,0,290,0,0
1790891351,39805640,92279803904,0,0,0,0,0,0,0,418922,1,1233,0,0,0,1,0,290,0,0
1790891352,39821072,92453666816,0,0,0,0,0,0,0,418922,1,1233,0,0,0,1,0,290,0,0
1790891353,39843512,92634116096,0,0,0,0,0,0,0,422246,1,1233,0,0,0,1,0,290,0,0
1790891354,39857720,92804366336,0,0,0,0,0,0,0,422246,1,1233,0,0,0,1,0,290,0,0
1790891355,39880920,92983042048,0,0,0,0,0,0,0,425574,1,1233,0,0,0,1,0,290,0,0
1790891356,39898660,93164191744,0,0,0,0,0,0,0,425574,1,1233,0,0,0,1,0,290,0,0
1790891357,39915864,93343625216,0,0,0,0,0,0,0,428839,1,1233,0,0,0,1,0,290,0,0
1790891358,39944556,93539762176,0,0,0,0,0,0,0,432127,1,1233,0,0,0,1,0,290,0,0
1790891359,39967688,93719814144,0,0,0,0,0,0,0,432127,1,1233,0,0,0,1,0,290,0,0
1790891360,39985440,93894856704,0,0,0,0,0,0,0,435481,1,1233,0,0,0,1,0,290,0,0
1790891361,40002564,94072070144,0,0,0,0,0,0,0,435481,1,1233,0,0,0,1,0,290,0,0
1790891362,40022024,94257201152,0,0,0,0,0,0,0,438801,1,1233,0,0,0,1,0,290,0,0
1790891363,40039916,94435905536,0,0,0,0,0,0,0,438801,1,1233,0,0,0,1,0,290,0,0
1790891364,40066172,94620811264,0,0,0,0,0,0,0,442167,1,1233,0,0,0,1,0,290,0,0
1790891365,40084708,94797287424,0,0,0,0,0,0,0,442167,1,1233,0,0,0,1,0,290,0,0
1790891366,40104600,94978871296,0,0,0,0,0,0,0,445478,1,1233,0,0,0,1,0,290,0,0
1790891367,40117692,95148105728,0,0,0,0,0,0,0,445478,1,1233,0,0,0,1,0,290,0,0
1790891368,40130640,95318671360,0,0,0,0,0,0,0,448787,1,1233,0,0,0,1,0,290,0,0
1790891369,40154916,95506714624,0,0,0,0,0,0,0,448787,1,1233,0,0,0,1,0,290,0,0
1790891370,40174332,95687503872,0,0,0,0,0,0,0,452099,1,1233,0,0,0,1,0,290,0,0
1790891371,40200132,95869423616,0,0,0,0,0,0,0,452099,1,1233,0,0,0,1,0,290,0,0
1790891372,40223220,96050798592,0,0,0,0,0,0,0,455485,1,1233,0,0,0,1,0,290,0,0
1790891373,40253832,96244178944,0,0,0,0,0,0,0,455485,1,1233,0,0,0,1,0,290,0,0
1790891375,40278296,96425054208,0,0,0,0,0,0,0,458795,1,1233,0,0,0,1,0,290,0,0
1790891376,40297372,96603283456,0,0,0,0,0,0,0,458795,1,1233,0,0,0,1,0,290,0,0
1790891377,40315204,96783388672,0,0,0,0,0,0,0,462203,1,1233,0,0,0,1,0,290,0,0
1790891378,40330560,96957612032,0,0,0,0,0,0,0,462203,1,1233,0,0,0,1,0,290,0,0
1790891379,40349208,97137479680,0,0,0,0,0,0,0,465526,1,1233,0,0,0,1,0,290,0,0
1790891380,40361116,97310908416,0,0,0,0,0,0,0,465526,1,1233,0,0,0,1,0,290,0,0
1790891381,40376240,97481404416,0,0,0,0,0,0,0,468838,1,1233,0,0,0,1,0,290,0,0
1790891382,40388732,97655746560,0,0,0,0,0,0,0,468838,1,1233,0,0,0,1,0,290,0,0
1790891383,40406796,97834647552,0,0,0,0,0,0,0,472195,1,1233,0,0,0,1,0,290,0,0
1790891384,40421428,98009272320,0,0,0,0,0,0,0,472195,1,1233,0,0,0,1,0,290,0,0
1790891385,40444560,98193596416,0,0,0,0,0,0,0,475536,1,1233,0,0,0,1,0,290,0,0
1790891386,40468176,98374766592,0,0,0,0,0,0,0,475536,1,1233,0,0,0,1,0,290,0,0
1790891387,40489220,98550525952,0,0,0,0,0,0,0,478851,1,1233,0,0,0,1,0,290,0,0
1790891388,40508396,98735280128,0,0,0,0,0,0,0,478851,1,1233,0,0,0,1,0,290,0,0
1790891389,40532172,98919088128,0,0,0,0,0,0,0,482235,1,1233,0,0,0,1,0,290,0,0
1790891390,40549540,99095269376,0,0,0,0,0,0,0,485554,1,1233,0,0,0,1,0,290,0,0
1790891391,40565084,99268452352,0,0,0,0,0,0,0,485554,1,1233,0,0,0,1,0,290,0,0
1790891392,40576816,99438592000,0,0,0,0,0,0,0,488967,1,1233,0,0,0,1,0,290,0,0
1790891393,40596904,99617026048,0,0,0,0,0,0,0,488967,1,1233,0,0,0,1,0,290,0,0
1790891394,40609844,99783376896,0,0,0,0,0,0,0,492335,1,1233,0,0,0,1,0,290,0,0
1790891395,40626756,99961044992,0,0,0,0,0,0,0,492335,1,1233,0,0,0,1,0,290,0,0
1790891396,40655860,100148916224,0,0,0,0,0,0,0,495629,1,1233,0,0,0,1,0,290,0,0
1790891397,40672776,100321718272,0,0,0,0,0,0,0,495629,1,1233,0,0,0,1,0,290,0,0
1790891398,40692852,100499697664,0,0,0,0,0,0,0,499006,1,1233,0,0,0,1,0,290,0,0
1790891399,40717364,100685905920,0,0,0,0,0,0,0,499006,1,1233,0,0,0,1,0,290,0,0
1790891400,40739516,100865490944,0,0,0,0,0,0,0,502393,1,1233,0,0,0,1,0,290,0,0
1790891401,40755936,101041270784,0,0,0,0,0,0,0,502393,1,1233,0,0,0,1,0,290,0,0
1790891402,40785856,101226905600,0,0,0,0,0,0,0,505787,1,1233,0,0,0,1,0,290,0,0
1790891403,40796136,101393436672,0,0,0,0,0,0,0,505787,1,1233,0,0,0,1,0,290,0,0
1790891405,40808568,101562146816,0,0,0,0,0,0,0,509203,1,1233,0,0,0,1,0,290,0,0
1790891406,40827224,101740367872,0,0,0,0,0,0,0,509203,1,1233,0,0,0,1,0,290,0,0
1790891407,40850840,101920395264,0,0,0,0,0,0,0,512563,1,1233,0,0,0,1,0,290,0,0
1790891408,40880524,102113824768,0,0,0,0,0,0,0,512563,1,1233,0,0,0,1,0,290,0,0
1790891409,40895108,102286536704,0,0,0,0,0,0,0,515951,1,1233,0,0,0,1,0,290,0,0
1790891410,40915212,102467141632,0,0,0,0,0,0,0,515951,1,1233,0,0,0,1,0,290,0,0
1790891411,40928208,102639067136,0,0,0,0,0,0,0,519404,1,1233,0,0,0,1,0,290,0,0
1790891412,40941252,102811103232,0,0,0,0,0,0,0,519404,1,1233,0,0,0,1,0,290,0,0
1790891413,40965852,102994735104,0,0,0,0,0,0,0,522768,1,1233,0,0,0,1,0,290,0,0
1790891414,40978016,103069077504,0,0,0,0,0,0,0,522768,1,1233,0,0,0,1,0,290,0,0
1790891415,40994076,103061168128,0,0,0,0,0,0,0,526084,1,1233,0,0,0,1,0,290,0,0
1790891416,41008312,103075553280,0,0,0,0,0,0,0,526084,1,1233,0,0,0,1,0,290,0,0
1790891417,41028116,103077408768,0,0,0,0,0,0,0,529498,1,1233,0,0,0,1,0,290,0,0
1790891418,41044212,103078051840,0,0,0,0,0,0,0,529498,1,1233,0,0,0,1,0,290,0,0
1790891419,41046868,103070285824,0,0,0,0,0,0,0,532910,1,1233,0,0,0,1,0,290,0,0
1790891420,41056372,103069356032,0,0,0,0,0,0,0,536329,1,1233,0,0,0,1,0,290,0,0
1790891421,41063628,103075553280,0,0,0,0,0,0,0,536329,1,1233,0,0,0,1,0,290,0,0
1790891422,41071580,103069859840,0,0,0,0,0,0,0,539779,1,1233,0,0,0,1,0,290,0,0
1790891423,41081496,103076372480,0,0,0,0,0,0,0,539779,1,1233,0,0,0,1,0,290,0,0
1790891424,41090636,103078871040,0,0,0,0,0,0,0,543221,1,1233,0,0,0,1,0,290,0,0
1790891425,41100424,103078187008,0,0,0,0,0,0,0,543221,1,1233,0,0,0,1,0,290,0,0
1790891426,41110604,103069716480,0,0,0,0,0,0,0,546677,1,1233,0,0,0,1,0,290,0,0
1790891427,41120988,103072456704,0,0,0,0,0,0,0,546677,1,1233,0,0,0,1,0,290,0,0
1790891428,41130948,103069483008,0,0,0,0,0,0,0,550159,1,1233,0,0,0,1,0,290,0,0
1790891429,41137836,103070621696,0,0,0,0,0,0,0,550159,1,1233,0,0,0,1,0,290,0,0
1790891430,41147368,103074549760,0,0,0,0,0,0,0,553594,1,1233,0,0,0,1,0,290,0,0
1790891431,41156692,103076982784,0,0,0,0,0,0,0,553594,1,1233,0,0,0,1,0,290,0,0
1790891432,41166620,103077851136,0,0,0,0,0,0,0,557027,1,1233,0,0,0,1,0,290,0,0
1790891434,41176208,103063248896,0,0,0,0,0,0,0,557027,1,1233,0,0,0,1,0,290,0,0
1790891435,41182732,103072444416,0,0,0,0,0,0,0,560427,1,1233,0,0,0,1,0,290,0,0
1790891436,41192068,103067439104,0,0,0,0,0,0,0,560427,1,1233,0,0,0,1,0,290,0,0
1790891437,41184276,103072788480,0,0,0,0,0,0,0,563885,1,1233,0,0,0,1,0,290,0,0
1790891438,41183480,103059963904,0,0,0,0,0,0,0,563885,1,1233,0,0,0,1,0,290,0,0
1790891439,41179844,103067963392,0,0,0,0,0,0,0,567308,1,1233,0,0,0,1,0,290,0,0
1790891440,41180400,103078424576,0,0,0,0,0,0,0,567308,1,1233,0,0,0,1,0,290,0,0
1790891441,41177404,103072731136,0,0,0,0,0,0,0,570784,1,1233,0,0,0,1,0,290,0,0
1790891442,41155164,103071584256,0,0,0,0,0,0,0,570784,1,1233,0,0,0,1,0,290,0,0
1790891443,41140652,103067340800,0,0,0,0,0,0,0,574203,1,1233,0,0,0,1,0,290,0,0
1790891444,41128992,103076732928,0,0,0,0,0,0,0,574203,1,1233,0,0,0,1,0,290,0,0
1790891445,41113784,103071563776,0,0,0,0,0,0,0,577638,1,1233,0,0,0,1,0,290,0,0
1790891446,41105344,103071518720,0,0,0,0,0,0,0,577638,1,1233,0,0,0,1,0,290,0,0
1790891447,41099996,103070453760,0,0,0,0,0,0,0,581079,1,1233,0,0,0,1,0,290,0,0
1790891448,41108572,103074123776,0,0,0,0,0,0,0,581079,1,1233,0,0,0,1,0,290,0,0
1790891449,41114620,103071346688,0,0,0,0,0,0,0,584498,1,1233,0,0,0,1,0,290,0,0
1790891450,41122136,103068352512,0,0,0,0,0,0,0,584498,1,1233,0,0,0,1,0,290,0,0
1790891451,41137832,103073030144,0,0,0,0,0,0,0,587896,1,1233,0,0,0,1,0,290,0,0
1790891452,41155748,103056404480,0,0,0,0,0,0,0,591361,1,1233,0,0,0,1,0,290,0,0
1790891453,41171852,103069143040,0,0,0,0,0,0,0,591361,1,1233,0,0,0,1,0,290,0,0
1790891454,41176328,103077552128,0,0,0,0,0,0,0,594803,1,1233,0,0,0,1,0,290,0,0
1790891455,41187024,103078580224,0,0,0,0,0,0,0,594803,1,1233,0,0,0,1,0,290,0,0
1790891456,41188660,103059361792,0,0,0,0,0,0,0,598192,1,1233,0,0,0,1,0,290,0,0
1790891457,41197700,103073923072,0,0,0,0,0,0,0,598192,1,1233,0,0,0,1,0,290,0,0
1790891458,41199548,103066939392,0,0,0,0,0,0,0,601661,1,1233,0,0,0,1,0,290,0,0
1790891459,41200232,103056199680,0,0,0,0,0,0,0,601661,1,1233,0,0,0,1,0,290,0,0
1790891460,41200128,103076368384,0,0,0,0,0,0,0,605145,1,1233,0,0,0,1,0,290,0,0
1790891461,41191608,103075266560,0,0,0,0,0,0,0,605145,1,1233,0,0,0,1,0,290,0,0
1790891462,41191796,103074996224,0,0,0,0,0,0,0,608623,1,1233,0,0,0,1,0,290,0,0
1790891464,41187816,103069691904,0,0,0,0,0,0,0,608623,1,1233,0,0,0,1,0,290,0,0
1790891465,41186708,103074488320,0,0,0,0,0,0,0,612008,1,1233,0,0,0,1,0,290,0,0
1790891466,41188468,103052005376,0,0,0,0,0,0,0,612008,1,1233,0,0,0,1,0,290,0,0
1790891467,41194800,103074091008,0,0,0,0,0,0,0,615447,1,1233,0,0,0,1,0,290,0,0
1790891468,41197112,103069605888,0,0,0,0,0,0,0,615447,1,1233,0,0,0,1,0,290,0,0
1790891469,41180320,103073153024,0,0,0,0,0,0,0,618894,1,1233,0,0,0,1,0,290,0,0
1790891470,41177768,103078752256,0,0,0,0,0,0,0,618894,1,1233,0,0,0,1,0,290,0,0
1790891471,41166616,103072391168,0,0,0,0,0,0,0,622313,1,1233,0,0,0,1,0,290,0,0
1790891472,41158340,103071907840,0,0,0,0,0,0,0,622313,1,1233,0,0,0,1,0,290,0,0
1790891473,41143732,103079116800,0,0,0,0,0,0,0,625718,1,1233,0,0,0,1,0,290,0,0
1790891474,41134584,103079018496,0,0,0,0,0,0,0,625718,1,1233,0,0,0,1,0,290,0,0
1790891475,41139412,103070392320,0,0,0,0,0,0,0,629175,1,1233,0,0,0,1,0,290,0,0
1790891476,41125836,103066484736,0,0,0,0,0,0,0,629175,1,1233,0,0,0,1,0,290,0,0
1790891477,41124760,103076519936,0,0,0,0,0,0,0,632608,1,1233,0,0,0,1,0,290,0,0
1790891478,41114760,103062450176,0,0,0,0,0,0,0,632608,1,1233,0,0,0,1,0,290,0,0
1790891479,41113372,103067725824,0,0,0,0,0,0,0,636017,1,1233,0,0,0,1,0,290,0,0
1790891480,41113576,103068151808,0,0,0,0,0,0,0,636017,1,1233,0,0,0,1,0,290,0,0
1790891481,41117816,103072047104,0,0,0,0,0,0,0,639381,1,1233,0,0,0,1,0,290,0,0
1790891482,41117896,103071260672,0,0,0,0,0,0,0,639381,1,1233,0,0,0,1,0,290,0,0
1790891483,41121584,103071113216,0,0,0,0,0,0,0,642741,1,1233,0,0,0,1,0,290,0,0
1790891484,41129896,103069298688,0,0,0,0,0,0,0,646135,1,1233,0,0,0,1,0,290,0,0
1790891485,41124500,103076786176,0,0,0,0,0,0,0,646135,1,1233,0,0,0,1,0,290,0,0
1790891486,41124716,103072575488,0,0,0,0,0,0,0,649580,1,1233,0,0,0,1,0,290,0,0
1790891487,41128340,103079022592,0,0,0,0,0,0,0,649580,1,1233,0,0,0,1,0,290,0,0
1790891488,41136660,103071936512,0,0,0,0,0,0,0,652976,1,1233,0,0,0,1,0,290,0,0
1790891489,41131728,103073742848,0,0,0,0,0,0,0,652976,1,1233,0,0,0,1,0,290,0,0
1790891490,41132500,103075241984,0,0,0,0,0,0,0,656284,1,1233,0,0,0,1,0,290,0,0
1790891491,41130052,103069638656,0,0,0,0,0,0,0,656284,1,1233,0,0,0,1,0,290,0,0
1790891492,41126392,103068499968,0,0,0,0,0,0,0,659676,1,1233,0,0,0,1,0,290,0,0
1790891494,41130588,103066234880,0,0,0,0,0,0,0,659676,1,1233,0,0,0,1,0,290,0,0
1790891495,41122984,103072698368,0,0,0,0,0,0,0,663045,1,1233,0,0,0,1,0,290,0,0
1790891496,41128716,103074586624,0,0,0,0,0,0,0,663045,1,1233,0,0,0,1,0,290,0,0
1790891497,41131216,103079079936,0,0,0,0,0,0,0,666402,1,1233,0,0,0,1,0,290,0,0
1790891498,41125496,103061643264,0,0,0,0,0,0,0,666402,1,1233,0,0,0,1,0,290,0,0
1790891499,41123292,103066693632,0,0,0,0,0,0,0,669750,1,1233,0,0,0,1,0,290,0,0
1790891500,41124784,103066136576,0,0,0,0,0,0,0,669750,1,1233,0,0,0,1,0,290,0,0
1790891501,41129216,103071207424,0,0,0,0,0,0,0,673159,1,1233,0,0,0,1,0,290,0,0
1790891502,41129444,103070797824,0,0,0,0,0,0,0,673159,1,1233,0,0,0,1,0,290,0,0
1790891503,41139456,103079211008,0,0,0,0,0,0,0,676563,1,1233,0,0,0,1,0,290,0,0
1790891504,41148496,103070343168,0,0,0,0,0,0,0,676563,1,1233,0,0,0,1,0,290,0,0
1790891505,41151196,103071076352,0,0,0,0,0,0,0,679905,1,1233,0,0,0,1,0,290,0,0
1790891506,41157352,103077625856,0,0,0,0,0,0,0,679905,1,1233,0,0,0,1,0,290,0,0
1790891507,41153272,103071821824,0,0,0,0,0,0,0,683286,1,1233,0,0,0,1,0,290,0,0
1790891508,41160064,103062700032,0,0,0,0,0,0,0,683286,1,1233,0,0,0,1,0,290,0,0
1790891509,41162180,103067983872,0,0,0,0,0,0,0,686706,1,1233,0,0,0,1,0,290,0,0
1790891510,41160068,103075913728,0,0,0,0,0,0,0,686706,1,1233,0,0,0,1,0,290,0,0
1790891511,41155288,103069335552,0,0,0,0,0,0,0,690001,1,1233,0,0,0,1,0,290,0,0
1790891512,41157004,103070072832,0,0,0,0,0,0,0,690001,1,1233,0,0,0,1,0,290,0,0
1790891513,41159520,103073247232,0,0,0,0,0,0,0,693328,1,1233,0,0,0,1,0,290,0,0
1790891514,41166364,103073320960,0,0,0,0,0,0,0,696678,1,1233,0,0,0,1,0,290,0,0
1790891515,41161540,103067017216,0,0,0,0,0,0,0,696678,1,1233,0,0,0,1,0,290,0,0
1790891516,41169656,103055376384,0,0,0,0,0,0,0,700039,1,1233,0,0,0,1,0,290,0,0
1790891517,41165900,103064371200,0,0,0,0,0,0,0,700039,1,1233,0,0,0,1,0,290,0,0
1790891518,41169816,103066935296,0,0,0,0,0,0,0,703442,1,1233,0,0,0,1,0,290,0,0
1790891519,41174232,103067344896,0,0,0,0,0,0,0,703442,1,1233,0,0,0,1,0,290,0,0
1790891520,41179580,103070474240,0,0,0,0,0,0,0,706879,1,1233,0,0,0,1,0,290,0,0
1790891521,41188316,103078813696,0,0,0,0,0,0,0,706879,1,1233,0,0,0,1,0,290,0,0
1790891523,41187944,103075033088,0,0,0,0,0,0,0,710320,1,1233,0,0,0,1,0,290,0,0
1790891524,41181600,103063425024,0,0,0,0,0,0,0,710320,1,1233,0,0,0,1,0,290,0,0
1790891525,41185104,103075532800,0,0,0,0,0,0,0,713749,1,1233,0,0,0,1,0,290,0,0
1790891526,41189444,103074349056,0,0,0,0,0,0,0,713749,1,1233,0,0,0,1,0,290,0,0
1790891527,41183804,103068213248,0,0,0,0,0,0,0,717111,1,1233,0,0,0,1,0,290,0,0
1790891528,41180264,103077748736,0,0,0,0,0,0,0,717111,1,1233,0,0,0,1,0,290,0,0
1790891529,41178336,103070310400,0,0,0,0,0,0,0,720490,1,1233,0,0,0,1,0,290,0,0
1790891530,41174080,103078440960,0,0,0,0,0,0,0,720490,1,1233,0,0,0,1,0,290,0,0
1790891531,41171496,103068991488,0,0,0,0,0,0,0,723880,1,1233,0,0,0,1,0,290,0,0
1790891532,41175916,103070461952,0,0,0,0,0,0,0,723880,1,1233,0,0,0,1,0,290,0,0
1790891533,41174964,103074045952,0,0,0,0,0,0,0,727295,1,1233,0,0,0,1,0,290,0,0
1790891534,41172352,103056064512,0,0,0,0,0,0,0,727295,1,1233,0,0,0,1,0,290,0,0
1790891535,41176228,103056527360,0,0,0,0,0,0,0,730712,1,1233,0,0,0,1,0,290,0,0
1790891536,41172920,103075926016,0,0,0,0,0,0,0,730712,1,1233,0,0,0,1,0,290,0,0
1790891537,41176516,103061032960,0,0,0,0,0,0,0,734117,1,1233,0,0,0,1,0,290,0,0
1790891538,41190784,103058092032,0,0,0,0,0,0,0,734117,1,1233,0,0,0,1,0,290,0,0
1790891539,41205444,103073738752,0,0,0,0,0,0,0,737486,1,1233,0,0,0,1,0,290,0,0
1790891540,41214500,103077253120,0,0,0,0,0,0,0,737486,1,1233,0,0,0,1,0,290,0,0
1790891541,41242820,103076872192,0,0,0,0,0,0,0,740903,1,1233,0,0,0,1,0,290,0,0
1790891542,41269108,103070449664,0,0,0,0,0,0,0,740903,1,1233,0,0,0,1,0,290,0,0
1790891543,41294000,103079161856,0,0,0,0,0,0,0,744250,1,1233,0,0,0,1,0,290,0,0
1790891544,41308200,103076675584,0,0,0,0,0,0,0,744250,1,1233,0,0,0,1,0,290,0,0
1790891545,41327880,103075340288,0,0,0,0,0,0,0,747545,1,1233,0,0,0,1,0,290,0,0
1790891546,41352736,103058907136,0,0,0,0,0,0,0,750839,1,1233,0,0,0,1,0,290,0,0
1790891547,41375564,103068499968,0,0,0,0,0,0,0,750839,1,1233,0,0,0,1,0,290,0,0
1790891548,41400392,103074816000,0,0,0,0,0,0,0,754204,1,1233,0,0,0,1,0,290,0,0
1790891549,41425392,103069478912,0,0,0,0,0,0,0,754204,1,1233,0,0,0,1,0,290,0,0
1790891550,41451704,103074594816,0,0,0,0,0,0,0,757568,1,1233,0,0,0,1,0,290,0,0
1790891551,41481036,103058808832,0,0,0,0,0,0,0,757568,1,1233,0,0,0,1,0,290,0,0
1790891553,41506284,103053881344,0,0,0,0,0,0,0,760917,1,1233,0,0,0,1,0,290,0,0
1790891554,41537900,103074496512,0,0,0,0,0,0,0,760917,1,1233,0,0,0,1,0,290,0,0
1790891555,41570132,103074480128,0,0,0,0,0,0,0,764264,1,1233,0,0,0,1,0,290,0,0
1790891556,41602360,103078428672,0,0,0,0,0,0,0,764264,1,1233,0,0,0,1,0,290,0,0
1790891557,41632800,103077019648,0,0,0,0,0,0,0,767573,1,1233,0,0,0,1,0,290,0,0
1790891558,41656796,103075016704,0,0,0,0,0,0,0,767573,1,1233,0,0,0,1,0,290,0,0
1790891559,41686048,103073419264,0,0,0,0,0,0,0,770975,1,1233,0,0,0,1,0,290,0,0
1790891560,41713380,103052754944,0,0,0,0,0,0,0,770975,1,1233,0,0,0,1,0,290,0,0
1790891561,41743268,103072370688,0,0,0,0,0,0,0,774352,1,1233,0,0,0,1,0,290,0,0
1790891562,41777264,103070371840,0,0,0,0,0,0,0,774352,1,1233,0,0,0,1,0,290,0,0
1790891563,41803484,103064031232,0,0,0,0,0,0,0,777752,1,1233,0,0,0,1,0,290,0,0
1790891564,41834692,103076716544,0,0,0,0,0,0,0,777752,1,1233,0,0,0,1,0,290,0,0
1790891565,41862908,103068278784,0,0,0,0,0,0,0,781190,1,1233,0,0,0,1,0,290,0,0
1790891566,41892848,103062077440,0,0,0,0,0,0,0,781190,1,1233,0,0,0,1,0,290,0,0
1790891567,41921936,103072198656,0,0,0,0,0,0,0,784681,1,1233,0,0,0,1,0,290,0,0
1790891568,41953408,103070728192,0,0,0,0,0,0,0,784681,1,1233,0,0,0,1,0,290,0,0
1790891569,41984160,103072219136,0,0,0,0,0,0,0,788092,1,1233,0,0,0,1,0,290,0,0
1790891570,42016752,103074447360,0,0,0,0,0,0,0,788092,1,1233,0,0,0,1,0,290,0,0
1790891571,42048532,103073308672,0,0,0,0,0,0,0,791414,1,1233,0,0,0,1,0,290,0,0
1790891572,42079952,103073751040,0,0,0,0,0,0,0,791414,1,1233,0,0,0,1,0,290,0,0
1790891573,42110908,103070515200,0,0,0,0,0,0,0,794802,1,1233,0,0,0,1,0,290,0,0
1790891574,42143112,103068803072,0,0,0,0,0,0,0,794802,1,1233,0,0,0,1,0,290,0,0
1790891575,42176272,103069929472,0,0,0,0,0,0,0,798187,1,1233,0,0,0,1,0,290,0,0
1790891576,42206040,103066533888,0,0,0,0,0,0,0,801625,1,1233,0,0,0,1,0,290,0,0
1790891577,42238728,103054942208,0,0,0,0,0,0,0,801625,1,1233,0,0,0,1,0,290,0,0
1790891578,42272204,103070851072,0,0,0,0,0,0,0,805006,1,1233,0,0,0,1,0,290,0,0
1790891579,42306228,103075610624,0,0,0,0,0,0,0,805006,1,1233,0,0,0,1,0,290,0,0
1790891580,42339548,103075438592,0,0,0,0,0,0,0,808365,1,1233,0,0,0,1,0,290,0,0
1790891581,42368828,103063457792,0,0,0,0,0,0,0,808365,1,1233,0,0,0,1,0,290,0,0
1790891583,42400852,103069212672,0,0,0,0,0,0,0,811803,1,1233,0,0,0,1,0,290,0,0
1790891584,42430912,103066648576,0,0,0,0,0,0,0,811803,1,1233,0,0,0,1,0,290,0,0
1790891585,42458416,103068278784,0,0,0,0,0,0,0,815203,1,1233,0,0,0,1,0,290,0,0
1790891586,42489056,103072497664,0,0,0,0,0,0,0,815203,1,1233,0,0,0,1,0,290,0,0
1790891587,42521084,103063867392,0,0,0,0,0,0,0,818603,1,1233,0,0,0,1,0,290,0,0
1790891588,42553632,103055278080,0,0,0,0,0,0,0,818603,1,1233,0,0,0,1,0,290,0,0
1790891589,42586296,103073697792,0,0,0,0,0,0,0,822040,1,1233,0,0,0,1,0,290,0,0
1790891590,42617560,103075921920,0,0,0,0,0,0,0,822040,1,1233,0,0,0,1,0,290,0,0
1790891591,42648636,103076589568,0,0,0,0,0,0,0,825492,1,1233,0,0,0,1,0,290,0,0
1790891592,42681132,103068946432,0,0,0,0,0,0,0,825492,1,1233,0,0,0,1,0,290,0,0
1790891593,42711108,103053217792,0,0,0,0,0,0,0,828899,1,1233,0,0,0,1,0,290,0,0
1790891594,42742268,103069593600,0,0,0,0,0,0,0,828899,1,1233,0,0,0,1,0,290,0,0
1790891595,42771608,103071899648,0,0,0,0,0,0,0,832388,1,1233,0,0,0,1,0,290,0,0
1790891596,42800588,103068008448,0,0,0,0,0,0,0,832388,1,1233,0,0,0,1,0,290,0,0
1790891597,42830532,103070535680,0,0,0,0,0,0,0,835769,1,1233,0,0,0,1,0,290,0,0
1790891598,42861552,103071506432,0,0,0,0,0,0,0,835769,1,1233,0,0,0,1,0,290,0,0
1790891599,42891240,103068954624,0,0,0,0,0,0,0,839210,1,1233,0,0,0,1,0,290,0,0
1790891600,42924144,103073574912,0,0,0,0,0,0,0,839210,1,1233,0,0,0,1,0,290,0,0
1790891601,42956016,103073722368,0,0,0,0,0,0,0,842618,1,1233,0,0,0,1,0,290,0,0
1790891602,42986920,103076450304,0,0,0,0,0,0,0,842618,1,1233,0,0,0,1,0,290,0,0
1790891603,43018348,103069659136,0,0,0,0,0,0,0,846078,1,1233,0,0,0,1,0,290,0,0
1790891604,43047628,103072178176,0,0,0,0,0,0,0,846078,1,1233,0,0,0,1,0,290,0,0
1790891605,43075896,103077703680,0,0,0,0,0,0,0,849492,1,1233,0,0,0,1,0,290,0,0
1790891606,43100760,103075094528,0,0,0,0,0,0,0,849492,1,1233,0,0,0,1,0,290,0,0
1790891607,43121104,103066783744,0,0,0,0,0,0,0,852926,1,1233,0,0,0,1,0,290,0,0
1790891608,43134444,103078862848,0,0,0,0,0,0,0,856357,1,1233,0,0,0,1,0,290,0,0
1790891609,43147476,103074963456,0,0,0,0,0,0,0,856357,1,1233,0,0,0,1,0,290,0,0
1790891610,43157324,103067660288,0,0,0,0,0,0,0,859859,1,1233,0,0,0,1,0,290,0,0
1790891612,43166620,103076339712,0,0,0,0,0,0,0,859859,1,1233,0,0,0,1,0,290,0,0
1790891613,43176448,103071289344,0,0,0,0,0,0,0,863243,1,1233,0,0,0,1,0,290,0,0
1790891614,43187440,103068594176,0,0,0,0,0,0,0,863243,1,1233,0,0,0,1,0,290,0,0
1790891615,43222948,103077285888,0,0,0,0,0,0,0,866707,1,1233,0,0,0,1,0,290,0,0
1790891616,43265472,103068065792,0,0,0,0,0,0,0,866707,1,1233,0,0,0,1,0,290,0,0
1790891617,43308748,103076462592,0,0,0,0,0,0,0,870132,1,1233,0,0,0,1,0,290,0,0
1790891618,43348208,103069962240,0,0,0,0,0,0,0,870132,1,1233,0,0,0,1,0,290,0,0
1790891619,43388104,103055568896,0,0,0,0,0,0,0,873558,1,1233,0,0,0,1,0,290,0,0
1790891620,43424768,103065870336,0,0,0,0,0,0,0,873558,1,1233,0,0,0,1,0,290,0,0
1790891621,43456264,103059177472,0,0,0,0,0,0,0,876991,1,1233,0,0,0,1,0,290,0,0
1790891622,43486080,103064260608,0,0,0,0,0,0,0,876991,1,1233,0,0,0,1,0,290,0,0
1790891623,43516892,103066923008,0,0,0,0,0,0,0,880405,1,1233,0,0,0,1,0,290,0,0
1790891624,43547400,103071481856,0,0,0,0,0,0,0,880405,1,1233,0,0,0,1,0,290,0,0
1790891625,43578464,103074009088,0,0,0,0,0,0,0,883813,1,1233,0,0,0,1,0,290,0,0
1790891626,43612632,103075450880,0,0,0,0,0,0,0,883813,1,1233,0,0,0,1,0,290,0,0
1790891627,43644728,103070351360,0,0,0,0,0,0,0,887216,1,1233,0,0,0,1,0,290,0,0
1790891628,43674888,103071440896,0,0,0,0,0,0,0,887216,1,1233,0,0,0,1,0,290,0,0
1790891629,43707688,103076810752,0,0,0,0,0,0,0,890635,1,1233,0,0,0,1,0,290,0,0
1790891630,43739904,103068532736,0,0,0,0,0,0,0,890635,1,1233,0,0,0,1,0,290,0,0
1790891631,43774036,103073636352,0,0,0,0,0,0,0,894067,1,1233,0,0,0,1,0,290,0,0
1790891632,43807332,103078715392,0,0,0,0,0,0,0,894067,1,1233,0,0,0,1,0,290,0,0
1790891633,43839168,103069265920,0,0,0,0,0,0,0,897485,1,1233,0,0,0,1,0,290,0,0
1790891634,43871408,103076540416,0,0,0,0,0,0,0,897485,1,1233,0,0,0,1,0,290,0,0
1790891635,43903452,103070420992,0,0,0,0,0,0,0,900933,1,1233,0,0,0,1,0,290,0,0
1790891636,43935564,103073337344,0,0,0,0,0,0,0,900933,1,1233,0,0,0,1,0,290,0,0
1790891637,43957784,103067631616,0,0,0,0,0,0,0,904373,1,1233,0,0,0,1,0,290,0,0
1790891638,43985924,103071580160,0,0,0,0,0,0,0,907818,1,1233,0,0,0,1,0,290,0,0
1790891639,44010852,103055237120,0,0,0,0,0,0,0,907818,1,1233,0,0,0,1,0,290,0,0
1790891640,44033192,103062040576,0,0,0,0,0,0,0,911260,1,1233,0,0,0,1,0,290,0,0
1790891642,44054604,103070236672,0,0,0,0,0,0,0,911260,1,1233,0,0,0,1,0,290,0,0
1790891643,44073396,103073939456,0,0,0,0,0,0,0,914650,1,1233,0,0,0,1,0,290,0,0
1790891644,44094992,103072333824,0,0,0,0,0,0,0,914650,1,1233,0,0,0,1,0,290,0,0
1790891645,44117280,103069249536,0,0,0,0,0,0,0,918028,1,1233,0,0,0,1,0,290,0,0
1790891646,44136088,103061467136,0,0,0,0,0,0,0,918028,1,1233,0,0,0,1,0,290,0,0
1790891647,44154940,103068770304,0,0,0,0,0,0,0,921408,1,1233,0,0,0,1,0,290,0,0
1790891648,44174328,103077703680,0,0,0,0,0,0,0,921408,1,1233,0,0,0,1,0,290,0,0
1790891649,44195540,103055187968,0,0,0,0,0,0,0,924741,1,1233,0,0,0,1,0,290,0,0
1790891650,44212964,103075057664,0,0,0,0,0,0,0,924741,1,1233,0,0,0,1,0,290,0,0
1790891651,44235128,103071698944,0,0,0,0,0,0,0,928138,1,1233,0,0,0,1,0,290,0,0
1790891652,44253032,103067418624,0,0,0,0,0,0,0,928138,1,1233,0,0,0,1,0,290,0,0
1790891653,44272268,103072501760,0,0,0,0,0,0,0,931481,1,1233,0,0,0,1,0,290,0,0
1790891654,44292760,103077285888,0,0,0,0,0,0,0,931481,1,1233,0,0,0,1,0,290,0,0
1790891655,44312324,103073972224,0,0,0,0,0,0,0,934816,1,1233,0,0,0,1,0,290,0,0
1790891656,44330816,103077744640,0,0,0,0,0,0,0,934816,1,1233,0,0,0,1,0,290,0,0
1790891657,44353356,103078514688,0,0,0,0,0,0,0,938163,1,1233,0,0,0,1,0,290,0,0
1790891658,44377516,103070539776,0,0,0,0,0,0,0,938163,1,1233,0,0,0,1,0,290,0,0
1790891659,44402228,103071789056,0,0,0,0,0,0,0,941536,1,1233,0,0,0,1,0,290,0,0
1790891660,44428336,103067140096,0,0,0,0,0,0,0,941536,1,1233,0,0,0,1,0,290,0,0
1790891661,44451080,103079026688,0,0,0,0,0,0,0,944888,1,1233,0,0,0,1,0,290,0,0
1790891662,44470480,103072710656,0,0,0,0,0,0,0,944888,1,1233,0,0,0,1,0,290,0,0
1790891663,44496220,103079014400,0,0,0,0,0,0,0,948244,1,1233,0,0,0,1,0,290,0,0
1790891664,44517004,103066578944,0,0,0,0,0,0,0,948244,1,1233,0,0,0,1,0,290,0,0
1790891665,44537488,103076626432,0,0,0,0,0,0,0,951544,1,1233,0,0,0,1,0,290,0,0
1790891666,44556984,103075463168,0,0,0,0,0,0,0,951544,1,1233,0,0,0,1,0,290,0,0
1790891667,44573080,103074619392,0,0,0,0,0,0,0,954875,1,1233,0,0,0,1,0,290,0,0
1790891668,44588440,103078719488,0,0,0,0,0,0,0,958233,1,1233,0,0,0,1,0,290,0,0
1790891669,44601072,103071711232,0,0,0,0,0,0,0,958233,1,1233,0,0,0,1,0,290,0,0
1790891671,44611544,103079043072,0,0,0,0,0,0,0,961618,1,1233,0,0,0,1,0,290,0,0
1790891672,44620708,103079051264,0,0,0,0,0,0,0,961618,1,1233,0,0,0,1,0,290,0,0
1790891673,44632652,103068844032,0,0,0,0,0,0,0,964997,1,1233,0,0,0,1,0,290,0,0
1790891674,44638052,103057629184,0,0,0,0,0,0,0,964997,1,1233,0,0,0,1,0,290,0,0
1790891675,44644692,103070617600,0,0,0,0,0,0,0,968314,1,1233,0,0,0,1,0,290,0,0
1790891676,44650040,103068954624,0,0,0,0,0,0,0,968314,1,1233,0,0,0,1,0,290,0,0
1790891677,44661332,103072382976,0,0,0,0,0,0,0,971630,1,1233,0,0,0,1,0,290,0,0
1790891678,44669028,103060316160,0,0,0,0,0,0,0,971630,1,1233,0,0,0,1,0,290,0,0
1790891679,44678892,103074021376,0,0,0,0,0,0,0,975032,1,1233,0,0,0,1,0,290,0,0
1790891680,44685408,103072010240,0,0,0,0,0,0,0,975032,1,1233,0,0,0,1,0,290,0,0
1790891681,44691156,103071862784,0,0,0,0,0,0,0,978464,1,1233,0,0,0,1,0,290,0,0
1790891682,44696836,103067754496,0,0,0,0,0,0,0,978464,1,1233,0,0,0,1,0,290,0,0
1790891683,44709472,103078006784,0,0,0,0,0,0,0,981811,1,1233,0,0,0,1,0,290,0,0
1790891684,44714356,103075287040,0,0,0,0,0,0,0,981811,1,1233,0,0,0,1,0,290,0,0
1790891685,44723668,103073648640,0,0,0,0,0,0,0,985278,1,1233,0,0,0,1,0,290,0,0
1790891686,44737936,103068393472,0,0,0,0,0,0,0,985278,1,1233,0,0,0,1,0,290,0,0
1790891687,44741512,103074828288,0,0,0,0,0,0,0,988699,1,1233,0,0,0,1,0,290,0,0
1790891688,44749652,103070433280,0,0,0,0,0,0,0,988699,1,1233,0,0,0,1,0,290,0,0
1790891689,44759088,103074082816,0,0,0,0,0,0,0,992039,1,1233,0,0,0,1,0,290,0,0
1790891690,44766600,103072497664,0,0,0,0,0,0,0,992039,1,1233,0,0,0,1,0,290,0,0
1790891691,44777160,103075479552,0,0,0,0,0,0,0,995434,1,1233,0,0,0,1,0,290,0,0
1790891692,44789152,103079194624,0,0,0,0,0,0,0,995434,1,1233,0,0,0,1,0,290,0,0
1790891693,44801284,103073095680,0,0,0,0,0,0,0,998801,1,1233,0,0,0,1,0,290,0,0
1790891694,44816536,103069904896,0,0,0,0,0,0,0,998801,1,1233,0,0,0,1,0,290,0,0
1790891695,44830188,103074058240,0,0,0,0,0,0,0,1002172,1,1233,0,0,0,1,0,290,0,0
1790891696,44842928,103069437952,0,0,0,0,0,0,0,1002172,1,1233,0,0,0,1,0,290,0,0
1790891697,44857960,103068942336,0,0,0,0,0,0,0,1005528,1,1233,0,0,0,1,0,290,0,0
1790891698,44866916,103062802432,0,0,0,0,0,0,0,1005528,1,1233,0,0,0,1,0,290,0,0
1790891699,44877792,103078617088,0,0,0,0,0,0,0,1008862,1,1233,0,0,0,1,0,290,0,0
1790891701,44885268,103075823616,0,0,0,0,0,0,0,1012214,1,1233,0,0,0,1,0,290,0,0
1790891702,44894108,103077728256,0,0,0,0,0,0,0,1012214,1,1233,0,0,0,1,0,290,0,0
1790891703,44905108,103069605888,0,0,0,0,0,0,0,1015535,1,1233,0,0,0,1,0,290,0,0
1790891704,44920376,103077523456,0,0,0,0,0,0,0,1015535,1,1233,0,0,0,1,0,290,0,0
1790891705,44938144,103064596480,0,0,0,0,0,0,0,1018936,1,1233,0,0,0,1,0,290,0,0
1790891706,44948396,103070961664,0,0,0,0,0,0,0,1018936,1,1233,0,0,0,1,0,290,0,0
1790891707,44963784,103068688384,0,0,0,0,0,0,0,1022319,1,1233,0,0,0,1,0,290,0,0
1790891708,44974800,103073116160,0,0,0,0,0,0,0,1022319,1,1233,0,0,0,1,0,290,0,0
1790891709,44987952,103075819520,0,0,0,0,0,0,0,1025669,1,1233,0,0,0,1,0,290,0,0
1790891710,44997768,103078641664,0,0,0,0,0,0,0,1025669,1,1233,0,0,0,1,0,290,0,0
1790891711,45008396,103069839360,0,0,0,0,0,0,0,1029075,1,1233,0,0,0,1,0,290,0,0
1790891712,45021228,103074562048,0,0,0,0,0,0,0,1029075,1,1233,0,0,0,1,0,290,0,0
1790891713,45033224,103064260608,0,0,0,0,0,0,0,1032381,1,1233,0,0,0,1,0,290,0,0
1790891714,45051080,103074357248,0,0,0,0,0,0,0,1032381,1,1233,0,0,0,1,0,290,0,0
1790891715,45061264,103059578880,0,0,0,0,0,0,0,1035753,1,1233,0,0,0,1,0,290,0,0
1790891716,45073504,103073972224,0,0,0,0,0,0,0,1035753,1,1233,0,0,0,1,0,290,0,0
1790891717,45082084,103073800192,0,0,0,0,0,0,0,1039107,1,1233,0,0,0,1,0,290,0,0
1790891718,45094116,103054843904,0,0,0,0,0,0,0,1039107,1,1233,0,0,0,1,0,290,0,0
1790891719,45109520,103074738176,0,0,0,0,0,0,0,1042412,1,1233,0,0,0,1,0,290,0,0
1790891720,45123704,103071440896,0,0,0,0,0,0,0,1042412,1,1233,0,0,0,1,0,290,0,0
1790891721,45142424,103070240768,0,0,0,0,0,0,0,1045720,1,1233,0,0,0,1,0,290,0,0
1790891722,45160168,103066460160,0,0,0,0,0,0,0,1045720,1,1233,0,0,0,1,0,290,0,0
1790891723,45182700,103078400000,0,0,0,0,0,0,0,1049054,1,1233,0,0,0,1,0,290,0,0
1790891724,45204204,103077969920,0,0,0,0,0,0,0,1049054,1,1233,0,0,0,1,0,290,0,0
1790891725,45225104,103063633920,0,0,0,0,0,0,0,1052429,1,1233,0,0,0,1,0,290,0,0
1790891726,45246488,103078981632,0,0,0,0,0,0,0,1052429,1,1233,0,0,0,1,0,290,0,0
1790891727,45262800,103077355520,0,0,0,0,0,0,0,1055821,1,1233,0,0,0,1,0,290,0,0
1790891728,45286340,103073804288,0,0,0,0,0,0,0,1055821,1,1233,0,0,0,1,0,290,0,0
1790891729,45303696,103067308032,0,0,0,0,0,0,0,1059135,1,1233,0,0,0,1,0,290,0,0
1790891731,45323272,103077593088,0,0,0,0,0,0,0,1062526,1,1233,0,0,0,1,0,290,0,0
1790891732,45344960,103067078656,0,0,0,0,0,0,0,1062526,1,1233,0,0,0,1,0,290,0,0
1790891733,45357916,103070515200,0,0,0,0,0,0,0,1065939,1,1233,0,0,0,1,0,290,0,0
1790891734,45378848,103056949248,0,0,0,0,0,0,0,1065939,1,1233,0,0,0,1,0,290,0,0
1790891735,45399012,103068336128,0,0,0,0,0,0,0,1069212,1,1233,0,0,0,1,0,290,0,0
1790891736,45414828,103076528128,0,0,0,0,0,0,0,1069212,1,1233,0,0,0,1,0,290,0,0
1790891737,45434564,103071969280,0,0,0,0,0,0,0,1072593,1,1233,0,0,0,1,0,290,0,0
1790891738,45450224,103075237888,0,0,0,0,0,0,0,1072593,1,1233,0,0,0,1,0,290,0,0
1790891739,45456852,103072743424,0,0,0,0,0,0,0,1076063,1,1233,0,0,0,1,0,290,0,0
1790891740,45463668,103078223872,0,0,0,0,0,0,0,1076063,1,1233,0,0,0,1,0,290,0,0
1790891741,45471320,103074086912,0,0,0,0,0,0,0,1079437,1,1233,0,0,0,1,0,290,0,0
1790891742,45476876,103072296960,0,0,0,0,0,0,0,1079437,1,1233,0,0,0,1,0,290,0,0
1790891743,45485304,103069638656,0,0,0,0,0,0,0,1082785,1,1233,0,0,0,1,0,290,0,0
1790891744,45485784,103065931776,0,0,0,0,0,0,0,1082785,1,1233,0,0,0,1,0,290,0,0
1790891745,45493324,103078240256,0,0,0,0,0,0,0,1086149,1,1233,0,0,0,1,0,290,0,0
1790891746,45497740,103076995072,0,0,0,0,0,0,0,1086149,1,1233,0,0,0,1,0,290,0,0
1790891747,45503956,103075016704,0,0,0,0,0,0,0,1089478,1,1233,0,0,0,1,0,290,0,0
1790891748,45509160,103076335616,0,0,0,0,0,0,0,1089478,1,1233,0,0,0,1,0,290,0,0
1790891749,45515996,103074959360,0,0,0,0,0,0,0,1092797,1,1233,0,0,0,1,0,290,0,0
1790891750,45514540,103074947072,0,0,0,0,0,0,0,1092797,1,1233,0,0,0,1,0,290,0,0
1790891751,45518520,103068827648,0,0,0,0,0,0,0,1096182,1,1233,0,0,0,1,0,290,0,0
1790891752,45525152,103069511680,0,0,0,0,0,0,0,1096182,1,1233,0,0,0,1,0,290,0,0
1790891753,45518960,103067430912,0,0,0,0,0,0,0,1099536,1,1233,0,0,0,1,0,290,0,0
1790891754,45523888,103076859904,0,0,0,0,0,0,0,1099536,1,1233,0,0,0,1,0,290,0,0
1790891755,45524992,103067942912,0,0,0,0,0,0,0,1102917,1,1233,0,0,0,1,0,290,0,0
1790891756,45518116,103077007360,0,0,0,0,0,0,0,1102917,1,1233,0,0,0,1,0,290,0,0
1790891757,45518560,103078928384,0,0,0,0,0,0,0,1106311,1,1233,0,0,0,1,0,290,0,0
1790891758,45524948,103076769792,0,0,0,0,0,0,0,1106311,1,1233,0,0,0,1,0,290,0,0
1790891760,45528852,103057162240,0,0,0,0,0,0,0,1109685,1,1233,0,0,0,1,0,290,0,0
1790891761,45535932,103074750464,0,0,0,0,0,0,0,1109685,1,1233,0,0,0,1,0,290,0,0
1790891762,45533768,103076683776,0,0,0,0,0,0,0,1113049,1,1233,0,0,0,1,0,290,0,0
1790891763,45535492,103067774976,0,0,0,0,0,0,0,1116440,1,1233,0,0,0,1,0,290,0,0
1790891764,45536876,103075774464,0,0,0,0,0,0,0,1116440,1,1233,0,0,0,1,0,290,0,0
1790891765,45539428,103068753920,0,0,0,0,0,0,0,1119767,1,1233,0,0,0,1,0,290,0,0
1790891766,45534772,103067897856,0,0,0,0,0,0,0,1119767,1,1233,0,0,0,1,0,290,0,0
1790891767,45535196,103076929536,0,0,0,0,0,0,0,1123151,1,1233,0,0,0,1,0,290,0,0
1790891768,45530332,103078793216,0,0,0,0,0,0,0,1123151,1,1233,0,0,0,1,0,290,0,0
1790891769,45530644,103073079296,0,0,0,0,0,0,0,1126560,1,1233,0,0,0,1,0,290,0,0
1790891770,45531508,103078498304,0,0,0,0,0,0,0,1126560,1,1233,0,0,0,1,0,290,0,0
1790891771,45535964,103074050048,0,0,0,0,0,0,0,1129910,1,1233,0,0,0,1,0,290,0,0
1790891772,45537344,103068864512,0,0,0,0,0,0,0,1129910,1,1233,0,0,0,1,0,290,0,0
1790891773,45535784,103074484224,0,0,0,0,0,0,0,1133318,1,1233,0,0,0,1,0,290,0,0
1790891774,45538920,103070113792,0,0,0,0,0,0,0,1133318,1,1233,0,0,0,1,0,290,0,0
1790891775,45541384,103066566656,0,0,0,0,0,0,0,1136754,1,1233,0,0,0,1,0,290,0,0
1790891776,45545620,103077363712,0,0,0,0,0,0,0,1136754,1,1233,0,0,0,1,0,290,0,0
1790891777,45553780,103063982080,0,0,0,0,0,0,0,1140161,1,1233,0,0,0,1,0,290,0,0
1790891778,45567468,103072956416,0,0,0,0,0,0,0,1140161,1,1233,0,0,0,1,0,290,0,0
1790891779,45575716,103058112512,0,0,0,0,0,0,0,1143555,1,1233,0,0,0,1,0,290,0,0
1790891780,45587968,103077425152,0,0,0,0,0,0,0,1143555,1,1233,0,0,0,1,0,290,0,0
1790891781,45598848,103054561280,0,0,0,0,0,0,0,1146935,1,1233,0,0,0,1,0,290,0,0
1790891782,45607536,103054155776,0,0,0,0,0,0,0,1146935,1,1233,0,0,0,1,0,290,0,0
1790891783,45621764,103075708928,0,0,0,0,0,0,0,1150297,1,1233,0,0,0,1,0,290,0,0
1790891784,45624440,103070715904,0,0,0,0,0,0,0,1150297,1,1233,0,0,0,1,0,290,0,0
1790891785,45632472,103058681856,0,0,0,0,0,0,0,1153658,1,1233,0,0,0,1,0,290,0,0
1790891786,45643692,103068139520,0,0,0,0,0,0,0,1153658,1,1233,0,0,0,1,0,290,0,0
1790891787,45653056,103073050624,0,0,0,0,0,0,0,1156988,1,1233,0,0,0,1,0,290,0,0
1790891788,45663080,103078387712,0,0,0,0,0,0,0,1156988,1,1233,0,0,0,1,0,290,0,0
1790891790,45674240,103073820672,0,0,0,0,0,0,0,1160307,1,1233,0,0,0,1,0,290,0,0
1790891791,45685832,103067934720,0,0,0,0,0,0,0,1160307,1,1233,0,0,0,1,0,290,0,0
1790891792,45694448,103073124352,0,0,0,0,0,0,0,1163687,1,1233,0,0,0,1,0,290,0,0
1790891793,45710016,103071793152,0,0,0,0,0,0,0,1163687,1,1233,0,0,0,1,0,290,0,0
1790891794,45723384,103069073408,0,0,0,0,0,0,0,1167069,1,1233,0,0,0,1,0,290,0,0
1790891795,45732476,103071027200,0,0,0,0,0,0,0,1170433,1,1233,0,0,0,1,0,290,0,0
1790891796,45745716,103067103232,0,0,0,0,0,0,0,1170433,1,1233,0,0,0,1,0,290,0,0
1790891797,45757372,103074902016,0,0,0,0,0,0,0,1173851,1,1233,0,0,0,1,0,290,0,0
1790891798,45771344,103070228480,0,0,0,0,0,0,0,1173851,1,1233,0,0,0,1,0,290,0,0
1790891799,45786580,103067668480,0,0,0,0,0,0,0,1177229,1,1233,0,0,0,1,0,290,0,0
1790891800,45802428,103070486528,0,0,0,0,0,0,0,1177229,1,1233,0,0,0,1,0,290,0,0
1790891801,45818188,103069810688,0,0,0,0,0,0,0,1180572,1,1233,0,0,0,1,0,290,0,0
1790891802,45833680,103071031296,0,0,0,0,0,0,0,1180572,1,1233,0,0,0,1,0,290,0,0
1790891803,45845368,103056674816,0,0,0,0,0,0,0,1183988,1,1233,0,0,0,1,0,290,0,0
1790891804,45862024,103068618752,0,0,0,0,0,0,0,1183988,1,1233,0,0,0,1,0,290,0,0
1790891805,45878092,103070261248,0,0,0,0,0,0,0,1187401,1,1233,0,0,0,1,0,290,0,0
1790891806,45882592,103076462592,0,0,0,0,0,0,0,1187401,1,1233,0,0,0,1,0,290,0,0
1790891807,45894924,103078989824,0,0,0,0,0,0,0,1190779,1,1233,0,0,0,1,0,290,0,0
1790891808,45906164,103065063424,0,0,0,0,0,0,0,1190779,1,1233,0,0,0,1,0,290,0,0
1790891809,45918848,103079206912,0,0,0,0,0,0,0,1194181,1,1233,0,0,0,1,0,290,0,0
1790891810,45934576,103068995584,0,0,0,0,0,0,0,1194181,1,1233,0,0,0,1,0,290,0,0
1790891811,45939624,103074185216,0,0,0,0,0,0,0,1197588,1,1233,0,0,0,1,0,290,0,0
1790891812,45948740,103072243712,0,0,0,0,0,0,0,1197588,1,1233,0,0,0,1,0,290,0,0
1790891813,45952448,103073775616,0,0,0,0,0,0,0,1200999,1,1233,0,0,0,1,0,290,0,0
1790891814,45952328,103071145984,0,0,0,0,0,0,0,1200999,1,1233,0,0,0,1,0,290,0,0
1790891815,45955312,103074779136,0,0,0,0,0,0,0,1204437,1,1233,0,0,0,1,0,290,0,0
1790891816,45958216,103078612992,0,0,0,0,0,0,0,1204437,1,1233,0,0,0,1,0,290,0,0
1790891817,45962160,103072681984,0,0,0,0,0,0,0,1207768,1,1233,0,0,0,1,0,290,0,0
1790891818,45966840,103077879808,0,0,0,0,0,0,0,1207768,1,1233,0,0,0,1,0,290,0,0
1790891820,45970664,103069028352,0,0,0,0,0,0,0,1211113,1,1233,0,0,0,1,0,290,0,0
1790891821,45972276,103070232576,0,0,0,0,0,0,0,1211113,1,1233,0,0,0,1,0,290,0,0
1790891822,45973768,103057051648,0,0,0,0,0,0,0,1214494,1,1233,0,0,0,1,0,290,0,0
1790891823,45970704,103078445056,0,0,0,0,0,0,0,1214494,1,1233,0,0,0,1,0,290,0,0
1790891824,45978156,103076147200,0,0,0,0,0,0,0,1217869,1,1233,0,0,0,1,0,290,0,0
1790891825,45987724,103075434496,0,0,0,0,0,0,0,1221260,1,1233,0,0,0,1,0,290,0,0
1790891826,45999396,103075434496,0,0,0,0,0,0,0,1221260,1,1233,0,0,0,1,0,290,0,0
1790891827,46007696,103077609472,0,0,0,0,0,0,0,1224644,1,1233,0,0,0,1,0,290,0,0
1790891828,46020980,103072972800,0,0,0,0,0,0,0,1224644,1,1233,0,0,0,1,0,290,0,0
1790891829,46032964,103079055360,0,0,0,0,0,0,0,1228053,1,1233,0,0,0,1,0,290,0,0
1790891830,46040316,103076814848,0,0,0,0,0,0,0,1228053,1,1233,0,0,0,1,0,290,0,0
1790891831,46052064,103079067648,0,0,0,0,0,0,0,1231419,1,1233,0,0,0,1,0,290,0,0
1790891832,46053236,103067447296,0,0,0,0,0,0,0,1231419,1,1233,0,0,0,1,0,290,0,0
1790891833,46065652,103068999680,0,0,0,0,0,0,0,1234774,1,1233,0,0,0,1,0,290,0,0
1790891834,46070872,103061798912,0,0,0,0,0,0,0,1234774,1,1233,0,0,0,1,0,290,0,0
1790891835,46077144,103072776192,0,0,0,0,0,0,0,1238099,1,1233,0,0,0,1,0,290,0,0
1790891836,46078432,103071219712,0,0,0,0,0,0,0,1238099,1,1233,0,0,0,1,0,290,0,0
1790891837,46081248,103071997952,0,0,0,0,0,0,0,1241500,1,1233,0,0,0,1,0,290,0,0
1790891838,46087904,103079104512,0,0,0,0,0,0,0,1241500,1,1233,0,0,0,1,0,290,0,0
1790891839,46090812,103070040064,0,0,0,0,0,0,0,1244858,1,1233,0,0,0,1,0,290,0,0
1790891840,46100416,103070322688,0,0,0,0,0,0,0,1244858,1,1233,0,0,0,1,0,290,0,0
1790891841,46099328,103072186368,0,0,0,0,0,0,0,1248216,1,1233,0,0,0,1,0,290,0,0
1790891842,46101976,103075328000,0,0,0,0,0,0,0,1248216,1,1233,0,0,0,1,0,290,0,0
1790891843,46102128,103073591296,0,0,0,0,0,0,0,1251630,1,1233,0,0,0,1,0,290,0,0
1790891844,46109340,103069310976,0,0,0,0,0,0,0,1251630,1,1233,0,0,0,1,0,290,0,0
1790891845,46105868,103079116800,0,0,0,0,0,0,0,1255019,1,1233,0,0,0,1,0,290,0,0
1790891846,46110076,103073853440,0,0,0,0,0,0,0,1255019,1,1233,0,0,0,1,0,290,0,0
1790891847,46111692,103076753408,0,0,0,0,0,0,0,1258424,1,1233,0,0,0,1,0,290,0,0
1790891849,46113120,103078973440,0,0,0,0,0,0,0,1258424,1,1233,0,0,0,1,0,290,0,0
1790891850,46113536,103071264768,0,0,0,0,0,0,0,1261835,1,1233,0,0,0,1,0,290,0,0
1790891851,46114492,103073316864,0,0,0,0,0,0,0,1261835,1,1233,0,0,0,1,0,290,0,0
1790891852,46120092,103072915456,0,0,0,0,0,0,0,1265172,1,1233,0,0,0,1,0,290,0,0
1790891853,46129192,103075577856,0,0,0,0,0,0,0,1265172,1,1233,0,0,0,1,0,290,0,0
1790891854,46125020,103075241984,0,0,0,0,0,0,0,1268583,1,1233,0,0,0,1,0,290,0,0
1790891855,46134988,103064068096,0,0,0,0,0,0,0,1271955,1,1233,0,0,0,1,0,290,0,0
1790891856,46130556,103072739328,0,0,0,0,0,0,0,1271955,1,1233,0,0,0,1,0,290,0,0
1790891857,46137640,103068524544,0,0,0,0,0,0,0,1275275,1,1233,0,0,0,1,0,290,0,0
1790891858,46144408,103077912576,0,0,0,0,0,0,0,1275275,1,1233,0,0,0,1,0,290,0,0
1790891859,46150856,103072575488,0,0,0,0,0,0,0,1278679,1,1233,0,0,0,1,0,290,0,0
1790891860,46153356,103065403392,0,0,0,0,0,0,0,1278679,1,1233,0,0,0,1,0,290,0,0
1790891861,46155532,103071596544,0,0,0,0,0,0,0,1282030,1,1233,0,0,0,1,0,290,0,0
1790891862,46156984,103076782080,0,0,0,0,0,0,0,1282030,1,1233,0,0,0,1,0,290,0,0
1790891863,46160020,103066394624,0,0,0,0,0,0,0,1285409,1,1233,0,0,0,1,0,290,0,0
1790891864,46175484,103067299840,0,0,0,0,0,0,0,1285409,1,1233,0,0,0,1,0,290,0,0
1790891865,46192680,103073103872,0,0,0,0,0,0,0,1288859,1,1233,0,0,0,1,0,290,0,0
1790891866,46202532,103076564992,0,0,0,0,0,0,0,1288859,1,1233,0,0,0,1,0,290,0,0
1790891867,46213328,103078129664,0,0,0,0,0,0,0,1292273,1,1233,0,0,0,1,0,290,0,0
1790891868,46228348,103060692992,0,0,0,0,0,0,0,1292273,1,1233,0,0,0,1,0,290,0,0
1790891869,46243408,103077359616,0,0,0,0,0,0,0,1295552,1,1233,0,0,0,1,0,290,0,0
1790891870,46250572,103061721088,0,0,0,0,0,0,0,1295552,1,1233,0,0,0,1,0,290,0,0
1790891871,46261712,103058870272,0,0,0,0,0,0,0,1298906,1,1233,0,0,0,1,0,290,0,0
1790891872,46273756,103070588928,0,0,0,0,0,0,0,1298906,1,1233,0,0,0,1,0,290,0,0
1790891873,46283816,103058636800,0,0,0,0,0,0,0,1302320,1,1233,0,0,0,1,0,290,0,0
1790891874,46293420,103074897920,0,0,0,0,0,0,0,1302320,1,1233,0,0,0,1,0,290,0,0
1790891875,46301456,103076007936,0,0,0,0,0,0,0,1305674,1,1233,0,0,0,1,0,290,0,0
1790891876,46311732,103073652736,0,0,0,0,0,0,0,1305674,1,1233,0,0,0,1,0,290,0,0
1790891877,46322124,103072714752,0,0,0,0,0,0,0,1309055,1,1233,0,0,0,1,0,290,0,0
1790891879,46329728,103078182912,0,0,0,0,0,0,0,1309055,1,1233,0,0,0,1,0,290,0,0
1790891880,46336280,103071662080,0,0,0,0,0,0,0,1312415,1,1233,0,0,0,1,0,290,0,0
1790891881,46342516,103059902464,0,0,0,0,0,0,0,1312415,1,1233,0,0,0,1,0,290,0,0
1790891882,46358772,103076720640,0,0,0,0,0,0,0,1315819,1,1233,0,0,0,1,0,290,0,0
1790891883,46367960,103079104512,0,0,0,0,0,0,0,1315819,1,1233,0,0,0,1,0,290,0,0
1790891884,46381088,103068635136,0,0,0,0,0,0,0,1319246,1,1233,0,0,0,1,0,290,0,0
1790891885,46396328,103076253696,0,0,0,0,0,0,0,1319246,1,1233,0,0,0,1,0,290,0,0
1790891886,46407420,103076679680,0,0,0,0,0,0,0,1322660,1,1233,0,0,0,1,0,290,0,0
1790891887,46417684,103079141376,0,0,0,0,0,0,0,1326039,1,1233,0,0,0,1,0,290,0,0
1790891888,46436220,103077818368,0,0,0,0,0,0,0,1326039,1,1233,0,0,0,1,0,290,0,0
1790891889,46440540,103061188608,0,0,0,0,0,0,0,1329367,1,1233,0,0,0,1,0,290,0,0
1790891890,46448408,103072583680,0,0,0,0,0,0,0,1329367,1,1233,0,0,0,1,0,290,0,0
1790891891,46449732,103070900224,0,0,0,0,0,0,0,1332733,1,1233,0,0,0,1,0,290,0,0
1790891892,46466024,103077744640,0,0,0,0,0,0,0,1332733,1,1233,0,0,0,1,0,290,0,0
1790891893,46471324,103068819456,0,0,0,0,0,0,0,1336082,1,1233,0,0,0,1,0,290,0,0
1790891894,46485684,103075188736,0,0,0,0,0,0,0,1336082,1,1233,0,0,0,1,0,290,0,0
1790891895,46495400,103076798464,0,0,0,0,0,0,0,1339416,1,1233,0,0,0,1,0,290,0,0
1790891896,46499944,103074447360,0,0,0,0,0,0,0,1339416,1,1233,0,0,0,1,0,290,0,0
1790891897,46510368,103077220352,0,0,0,0,0,0,0,1342801,1,1233,0,0,0,1,0,290,0,0
1790891898,46527568,103075405824,0,0,0,0,0,0,0,1342801,1,1233,0,0,0,1,0,290,0,0
1790891899,46536668,103075987456,0,0,0,0,0,0,0,1346218,1,1233,0,0,0,1,0,290,0,0
1790891900,46540600,103079026688,0,0,0,0,0,0,0,1346218,1,1233,0,0,0,1,0,290,0,0
1790891901,46546880,103069233152,0,0,0,0,0,0,0,1349583,1,1233,0,0,0,1,0,290,0,0
1790891902,46561136,103078363136,0,0,0,0,0,0,0,1349583,1,1233,0,0,0,1,0,290,0,0
1790891903,46568116,103077625856,0,0,0,0,0,0,0,1352897,1,1233,0,0,0,1,0,290,0,0
1790891904,46588772,103070420992,0,0,0,0,0,0,0,1352897,1,1233,0,0,0,1,0,290,0,0
1790891905,46603692,103077933056,0,0,0,0,0,0,0,1356240,1,1233,0,0,0,1,0,290,0,0
1790891906,46610180,103074680832,0,0,0,0,0,0,0,1356240,1,1233,0,0,0,1,0,290,0,0
1790891907,46625048,103069569024,0,0,0,0,0,0,0,1359598,1,1233,0,0,0,1,0,290,0,0
1790891909,46638268,103079088128,0,0,0,0,0,0,0,1359598,1,1233,0,0,0,1,0,290,0,0
1790891910,46649724,103047192576,0,0,0,0,0,0,0,1363047,1,1233,0,0,0,1,0,290,0,0
1790891911,46663704,103078096896,0,0,0,0,0,0,0,1363047,1,1233,0,0,0,1,0,290,0,0
1790891912,46679112,103077576704,0,0,0,0,0,0,0,1366453,1,1233,0,0,0,1,0,290,0,0
1790891913,46693072,103074963456,0,0,0,0,0,0,0,1366453,1,1233,0,0,0,1,0,290,0,0
1790891914,46704832,103070183424,0,0,0,0,0,0,0,1369828,1,1233,0,0,0,1,0,290,0,0
1790891915,46715372,103072886784,0,0,0,0,0,0,0,1369828,1,1233,0,0,0,1,0,290,0,0
1790891916,46733880,103074480128,0,0,0,0,0,0,0,1373202,1,1233,0,0,0,1,0,290,0,0
1790891917,46743880,103063887872,0,0,0,0,0,0,0,1373202,1,1233,0,0,0,1,0,290,0,0
1790891918,46760692,103061041152,0,0,0,0,0,0,0,1376626,1,1233,0,0,0,1,0,290,0,0
1790891919,46772628,103073124352,0,0,0,0,0,0,0,1379995,1,1233,0,0,0,1,0,290,0,0
1790891920,46783176,103064911872,0,0,0,0,0,0,0,1379995,1,1233,0,0,0,1,0,290,0,0
1790891921,46796440,103075524608,0,0,0,0,0,0,0,1383397,1,1233,0,0,0,1,0,290,0,0
1790891922,46804544,103068762112,0,0,0,0,0,0,0,1383397,1,1233,0,0,0,1,0,290,0,0
1790891923,46811072,103077085184,0,0,0,0,0,0,0,1386758,1,1233,0,0,0,1,0,290,0,0
1790891924,46822200,103073173504,0,0,0,0,0,0,0,1386758,1,1233,0,0,0,1,0,290,0,0
1790891925,46833484,103078125568,0,0,0,0,0,0,0,1390104,1,1233,0,0,0,1,0,290,0,0
1790891926,46846700,103063134208,0,0,0,0,0,0,0,1390104,1,1233,0,0,0,1,0,290,0,0
1790891927,46859476,103069687808,0,0,0,0,0,0,0,1393499,1,1233,0,0,0,1,0,290,0,0
1790891928,46875676,103057715200,0,0,0,0,0,0,0,1393499,1,1233,0,0,0,1,0,290,0,0
1790891929,46878736,103063629824,0,0,0,0,0,0,0,1396883,1,1233,0,0,0,1,0,290,0,0
1790891930,46891924,103073181696,0,0,0,0,0,0,0,1396883,1,1233,0,0,0,1,0,290,0,0
1790891931,46902548,103079030784,0,0,0,0,0,0,0,1400273,1,1233,0,0,0,1,0,290,0,0
1790891932,46920880,103070007296,0,0,0,0,0,0,0,1400273,1,1233,0,0,0,1,0,290,0,0
1790891933,46937076,103071485952,0,0,0,0,0,0,0,1403720,1,1233,0,0,0,1,0,290,0,0
1790891934,46954520,103074541568,0,0,0,0,0,0,0,1403720,1,1233,0,0,0,1,0,290,0,0
1790891935,46974180,103068340224,0,0,0,0,0,0,0,1407035,1,1233,0,0,0,1,0,290,0,0
1790891936,46986032,103078285312,0,0,0,0,0,0,0,1407035,1,1233,0,0,0,1,0,290,0,0
1790891938,46999016,103076401152,0,0,0,0,0,0,0,1410432,1,1233,0,0,0,1,0,290,0,0
1790891939,47005692,103076896768,0,0,0,0,0,0,0,1410432,1,1233,0,0,0,1,0,290,0,0
1790891940,47016584,103073116160,0,0,0,0,0,0,0,1413739,1,1233,0,0,0,1,0,290,0,0
1790891941,47025064,103075942400,0,0,0,0,0,0,0,1413739,1,1233,0,0,0,1,0,290,0,0
1790891942,47033836,103078449152,0,0,0,0,0,0,0,1417143,1,1233,0,0,0,1,0,290,0,0
1790891943,47044876,103072030720,0,0,0,0,0,0,0,1417143,1,1233,0,0,0,1,0,290,0,0
1790891944,47054920,103075786752,0,0,0,0,0,0,0,1420531,1,1233,0,0,0,1,0,290,0,0
1790891945,47062892,103058411520,0,0,0,0,0,0,0,1420531,1,1233,0,0,0,1,0,290,0,0
1790891946,47067628,103068950528,0,0,0,0,0,0,0,1423897,1,1233,0,0,0,1,0,290,0,0
1790891947,47080144,103079182336,0,0,0,0,0,0,0,1423897,1,1233,0,0,0,1,0,290,0,0
1790891948,47087056,103071100928,0,0,0,0,0,0,0,1427351,1,1233,0,0,0,1,0,290,0,0
1790891949,47083292,103075094528,0,0,0,0,0,0,0,1430748,1,1233,0,0,0,1,0,290,0,0
1790891950,47088568,103076990976,0,0,0,0,0,0,0,1430748,1,1233,0,0,0,1,0,290,0,0
1790891951,47070264,103056818176,0,0,0,0,0,0,0,1434138,1,1233,0,0,0,1,0,290,0,0
1790891952,47068580,103071068160,0,0,0,0,0,0,0,1434138,1,1233,0,0,0,1,0,290,0,0
1790891953,47063508,103075688448,0,0,0,0,0,0,0,1437533,1,1233,0,0,0,1,0,290,0,0
1790891954,47062224,103068803072,0,0,0,0,0,0,0,1437533,1,1233,0,0,0,1,0,290,0,0
1790891955,47065568,103073333248,0,0,0,0,0,0,0,1440923,1,1233,0,0,0,1,0,290,0,0
1790891956,47075440,103058309120,0,0,0,0,0,0,0,1440923,1,1233,0,0,0,1,0,290,0,0
1790891957,47081984,103072337920,0,0,0,0,0,0,0,1444356,1,1233,0,0,0,1,0,290,0,0
1790891958,47087668,103075655680,0,0,0,0,0,0,0,1444356,1,1233,0,0,0,1,0,290,0,0
1790891959,47090296,103075336192,0,0,0,0,0,0,0,1447751,1,1233,0,0,0,1,0,290,0,0
1790891960,47094152,103078952960,0,0,0,0,0,0,0,1447751,1,1233,0,0,0,1,0,290,0,0
1790891961,47104304,103076503552,0,0,0,0,0,0,0,1451100,1,1233,0,0,0,1,0,290,0,0
1790891962,47106560,103079129088,0,0,0,0,0,0,0,1451100,1,1233,0,0,0,1,0,290,0,0
1790891963,47103880,103075516416,0,0,0,0,0,0,0,1454496,1,1233,0,0,0,1,0,290,0,0
1790891964,47102692,103070412800,0,0,0,0,0,0,0,1454496,1,1233,0,0,0,1,0,290,0,0
1790891965,47106744,103079194624,0,0,0,0,0,0,0,1457902,1,1233,0,0,0,1,0,290,0,0
1790891966,47108272,103074222080,0,0,0,0,0,0,0,1457902,1,1233,0,0,0,1,0,290,0,0
1790891968,47101204,103071023104,0,0,0,0,0,0,0,1461252,1,1233,0,0,0,1,0,290,0,0
1790891969,47104132,103071907840,0,0,0,0,0,0,0,1461252,1,1233,0,0,0,1,0,290,0,0
1790891970,47111472,103077494784,0,0,0,0,0,0,0,1464653,1,1233,0,0,0,1,0,290,0,0
1790891971,47118320,103069892608,0,0,0,0,0,0,0,1464653,1,1233,0,0,0,1,0,290,0,0
1790891972,47113336,103076143104,0,0,0,0,0,0,0,1468008,1,1233,0,0,0,1,0,290,0,0
1790891973,47119172,103064150016,0,0,0,0,0,0,0,1468008,1,1233,0,0,0,1,0,290,0,0
1790891974,47111684,103071678464,0,0,0,0,0,0,0,1471478,1,1233,0,0,0,1,0,290,0,0
1790891975,47116688,103073374208,0,0,0,0,0,0,0,1471478,1,1233,0,0,0,1,0,290,0,0
1790891976,47119708,103076077568,0,0,0,0,0,0,0,1474874,1,1233,0,0,0,1,0,290,0,0
1790891977,47113720,103078993920,0,0,0,0,0,0,0,1474874,1,1233,0,0,0,1,0,290,0,0
1790891978,47112716,103074291712,0,0,0,0,0,0,0,1478270,1,1233,0,0,0,1,0,290,0,0
1790891979,47126352,103068934144,0,0,0,0,0,0,0,1478270,1,1233,0,0,0,1,0,290,0,0
1790891980,47146724,103075299328,0,0,0,0,0,0,0,1481665,1,1233,0,0,0,1,0,290,0,0
1790891981,47165152,103078895616,0,0,0,0,0,0,0,1484995,1,1233,0,0,0,1,0,290,0,0
1790891982,47189212,103068348416,0,0,0,0,0,0,0,1484995,1,1233,0,0,0,1,0,290,0,0
1790891983,47191956,103070978048,0,0,0,0,0,0,0,1488389,1,1233,0,0,0,1,0,290,0,0
1790891984,47217432,103074258944,0,0,0,0,0,0,0,1488389,1,1233,0,0,0,1,0,290,0,0
1790891985,47226288,103078854656,0,0,0,0,0,0,0,1491773,1,1233,0,0,0,1,0,290,0,0
1790891986,47233336,103073095680,0,0,0,0,0,0,0,1491773,1,1233,0,0,0,1,0,290,0,0
1790891987,47246128,103070294016,0,0,0,0,0,0,0,1495176,1,1233,0,0,0,1,0,290,0,0
1790891988,47268484,103069515776,0,0,0,0,0,0,0,1495176,1,1233,0,0,0,1,0,290,0,0
1790891989,47285712,103072821248,0,0,0,0,0,0,0,1498595,1,1233,0,0,0,1,0,290,0,0
1790891990,47298984,103068143616,0,0,0,0,0,0,0,1498595,1,1233,0,0,0,1,0,290,0,0
1790891991,47326140,103070126080,0,0,0,0,0,0,0,1501947,1,1233,0,0,0,1,0,290,0,0
1790891992,47342448,103071899648,0,0,0,0,0,0,0,1501947,1,1233,0,0,0,1,0,290,0,0
1790891993,47364564,103069818880,0,0,0,0,0,0,0,1505405,1,1233,0,0,0,1,0,290,0,0
1790891994,47381236,103074566144,0,0,0,0,0,0,0,1505405,1,1233,0,0,0,1,0,290,0,0
1790891995,47404304,103070744576,0,0,0,0,0,0,0,1508826,1,1233,0,0,0,1,0,290,0,0
1790891996,47421636,103074213888,0,0,0,0,0,0,0,1508826,1,1233,0,0,0,1,0,290,0,0
1790891998,47434100,103071559680,0,0,0,0,0,0,0,1512211,1,1233,0,0,0,1,0,290,0,0
1790891999,47452668,103077605376,0,0,0,0,0,0,0,1512211,1,1233,0,0,0,1,0,290,0,0
1790892000,47461280,103071342592,0,0,0,0,0,0,0,1515564,1,1233,0,0,0,1,0,290,0,0
1790892001,47479652,103075545088,0,0,0,0,0,0,0,1515564,1,1233,0,0,0,1,0,290,0,0
1790892002,47503492,103071518720,0,0,0,0,0,0,0,1518893,1,1233,0,0,0,1,0,290,0,0
1790892003,47521252,103063531520,0,0,0,0,0,0,0,1518893,1,1233,0,0,0,1,0,290,0,0
1790892004,47535460,103072202752,0,0,0,0,0,0,0,1522288,1,1233,0,0,0,1,0,290,0,0
1790892005,47552424,103070760960,0,0,0,0,0,0,0,1522288,1,1233,0,0,0,1,0,290,0,0
1790892006,47574056,103074410496,0,0,0,0,0,0,0,1525697,1,1233,0,0,0,1,0,290,0,0
1790892007,47595496,103077105664,0,0,0,0,0,0,0,1525697,1,1233,0,0,0,1,0,290,0,0
1790892008,47614012,103071637504,0,0,0,0,0,0,0,1529075,1,1233,0,0,0,1,0,290,0,0
1790892009,47635232,103069515776,0,0,0,0,0,0,0,1529075,1,1233,0,0,0,1,0,290,0,0
1790892010,47647412,103073185792,0,0,0,0,0,0,0,1532432,1,1233,0,0,0,1,0,290,0,0
1790892011,47665972,103069523968,0,0,0,0,0,0,0,1535802,1,1233,0,0,0,1,0,290,0,0
1790892012,47665344,103070220288,0,0,0,0,0,0,0,1535802,1,1233,0,0,0,1,0,290,0,0
1790892013,47675764,103072198656,0,0,0,0,0,0,0,1539179,1,1233,0,0,0,1,0,290,0,0
1790892014,47680016,103074258944,0,0,0,0,0,0,0,1539179,1,1233,0,0,0,1,0,290,0,0
1790892015,47690804,103074852864,0,0,0,0,0,0,0,1542522,1,1233,0,0,0,1,0,290,0,0
1790892016,47689164,103079190528,0,0,0,0,0,0,0,1542522,1,1233,0,0,0,1,0,290,0,0
1790892017,47697648,103060733952,0,0,0,0,0,0,0,1545885,1,1233,0,0,0,1,0,290,0,0
1790892018,47706576,103078723584,0,0,0,0,0,0,0,1545885,1,1233,0,0,0,1,0,290,0,0
1790892019,47705968,103079071744,0,0,0,0,0,0,0,1549267,1,1233,0,0,0,1,0,290,0,0
1790892020,47714740,103078305792,0,0,0,0,0,0,0,1549267,1,1233,0,0,0,1,0,290,0,0
1790892021,47722208,103072694272,0,0,0,0,0,0,0,1552629,1,1233,0,0,0,1,0,290,0,0
1790892022,47731616,103070388224,0,0,0,0,0,0,0,1552629,1,1233,0,0,0,1,0,290,0,0
1790892023,47740572,103063146496,0,0,0,0,0,0,0,1555970,1,1233,0,0,0,1,0,290,0,0
1790892024,47743212,103076327424,0,0,0,0,0,0,0,1555970,1,1233,0,0,0,1,0,290,0,0
1790892025,47753232,103078952960,0,0,0,0,0,0,0,1559284,1,1233,0,0,0,1,0,290,0,0
1790892026,47762980,103074340864,0,0,0,0,0,0,0,1559284,1,1233,0,0,0,1,0,290,0,0
1790892028,47772764,103072800768,0,0,0,0,0,0,0,1562663,1,1233,0,0,0,1,0,290,0,0
1790892029,47784520,103070035968,0,0,0,0,0,0,0,1562663,1,1233,0,0,0,1,0,290,0,0
1790892030,47792692,103076315136,0,0,0,0,0,0,0,1566052,1,1233,0,0,0,1,0,290,0,0
1790892031,47802284,103075708928,0,0,0,0,0,0,0,1566052,1,1233,0,0,0,1,0,290,0,0
1790892032,47816032,103072280576,0,0,0,0,0,0,0,1569411,1,1233,0,0,0,1,0,290,0,0
1790892033,47831432,103076667392,0,0,0,0,0,0,0,1569411,1,1233,0,0,0,1,0,290,0,0
1790892034,47850840,103073050624,0,0,0,0,0,0,0,1572790,1,1233,0,0,0,1,0,290,0,0
1790892035,47868112,103075127296,0,0,0,0,0,0,0,1572790,1,1233,0,0,0,1,0,290,0,0
1790892036,47887300,103075639296,0,0,0,0,0,0,0,1576178,1,1233,0,0,0,1,0,290,0,0
1790892037,47899336,103073046528,0,0,0,0,0,0,0,1576178,1,1233,0,0,0,1,0,290,0,0
1790892038,47914692,103064903680,0,0,0,0,0,0,0,1579547,1,1233,0,0,0,1,0,290,0,0
1790892039,47933736,103070117888,0,0,0,0,0,0,0,1579547,1,1233,0,0,0,1,0,290,0,0
1790892040,47950700,103074828288,0,0,0,0,0,0,0,1582881,1,1233,0,0,0,1,0,290,0,0
1790892041,47972404,103071358976,0,0,0,0,0,0,0,1582881,1,1233,0,0,0,1,0,290,0,0
1790892042,47989620,103073218560,0,0,0,0,0,0,0,1586242,1,1233,0,0,0,1,0,290,0,0
1790892043,48007144,103063678976,0,0,0,0,0,0,0,1589611,1,1233,0,0,0,1,0,290,0,0
1790892044,48028032,103061884928,0,0,0,0,0,0,0,1589611,1,1233,0,0,0,1,0,290,0,0
1790892045,48045796,103061196800,0,0,0,0,0,0,0,1593024,1,1233,0,0,0,1,0,290,0,0
1790892046,48065488,103077273600,0,0,0,0,0,0,0,1593024,1,1233,0,0,0,1,0,290,0,0
1790892047,48089124,103072800768,0,0,0,0,0,0,0,1596459,1,1233,0,0,0,1,0,290,0,0
1790892048,48112748,103075483648,0,0,0,0,0,0,0,1596459,1,1233,0,0,0,1,0,290,0,0
1790892049,48134692,103072915456,0,0,0,0,0,0,0,1599858,1,1233,0,0,0,1,0,290,0,0
1790892050,48153060,103068569600,0,0,0,0,0,0,0,1599858,1,1233,0,0,0,1,0,290,0,0
1790892051,48175528,103077912576,0,0,0,0,0,0,0,1603126,1,1233,0,0,0,1,0,290,0,0
1790892052,48198884,103079063552,0,0,0,0,0,0,0,1603126,1,1233,0,0,0,1,0,290,0,0
1790892053,48213044,103077572608,0,0,0,0,0,0,0,1606482,1,1233,0,0,0,1,0,290,0,0
1790892054,48230388,103071891456,0,0,0,0,0,0,0,1606482,1,1233,0,0,0,1,0,290,0,0
1790892055,48247980,103073349632,0,0,0,0,0,0,0,1609869,1,1233,0,0,0,1,0,290,0,0
1790892057,48264316,103078141952,0,0,0,0,0,0,0,1609869,1,1233,0,0,0,1,0,290,0,0
1790892058,48284720,103064928256,0,0,0,0,0,0,0,1613313,1,1233,0,0,0,1,0,290,0,0
1790892059,48305896,103072817152,0,0,0,0,0,0,0,1613313,1,1233,0,0,0,1,0,290,0,0
1790892060,48323800,103076950016,0,0,0,0,0,0,0,1616682,1,1233,0,0,0,1,0,290,0,0
1790892061,48346372,103075315712,0,0,0,0,0,0,0,1616682,1,1233,0,0,0,1,0,290,0,0
1790892062,48363188,103075250176,0,0,0,0,0,0,0,1620099,1,1233,0,0,0,1,0,290,0,0
1790892063,48377848,103068090368,0,0,0,0,0,0,0,1620099,1,1233,0,0,0,1,0,290,0,0
1790892064,48401892,103073959936,0,0,0,0,0,0,0,1623421,1,1233,0,0,0,1,0,290,0,0
1790892065,48417844,103078232064,0,0,0,0,0,0,0,1623421,1,1233,0,0,0,1,0,290,0,0
1790892066,48435888,103076098048,0,0,0,0,0,0,0,1626873,1,1233,0,0,0,1,0,290,0,0
1790892067,48452768,103078690816,0,0,0,0,0,0,0,1626873,1,1233,0,0,0,1,0,290,0,0
1790892068,48473496,103074197504,0,0,0,0,0,0,0,1630201,1,1233,0,0,0,1,0,290,0,0
1790892069,48495412,103075643392,0,0,0,0,0,0,0,1630201,1,1233,0,0,0,1,0,290,0,0
1790892070,48511804,103070101504,0,0,0,0,0,0,0,1633565,1,1233,0,0,0,1,0,290,0,0
1790892071,48528144,103065591808,0,0,0,0,0,0,0,1633565,1,1233,0,0,0,1,0,290,0,0
1790892072,48540968,103079084032,0,0,0,0,0,0,0,1636901,1,1233,0,0,0,1,0,290,0,0
1790892073,48555072,103079026688,0,0,0,0,0,0,0,1640236,1,1233,0,0,0,1,0,290,0,0
1790892074,48569744,103071309824,0,0,0,0,0,0,0,1640236,1,1233,0,0,0,1,0,290,0,0
1790892075,48588420,103078510592,0,0,0,0,0,0,0,1643592,1,1233,0,0,0,1,0,290,0,0
1790892076,48603132,103070384128,0,0,0,0,0,0,0,1643592,1,1233,0,0,0,1,0,290,0,0
1790892077,48622484,103076593664,0,0,0,0,0,0,0,1646941,1,1233,0,0,0,1,0,290,0,0
1790892078,48632332,103075991552,0,0,0,0,0,0,0,1646941,1,1233,0,0,0,1,0,290,0,0
1790892079,48649824,103069380608,0,0,0,0,0,0,0,1650317,1,1233,0,0,0,1,0,290,0,0
1790892080,48661408,103070330880,0,0,0,0,0,0,0,1650317,1,1233,0,0,0,1,0,290,0,0
1790892081,48680656,103078604800,0,0,0,0,0,0,0,1653641,1,1233,0,0,0,1,0,290,0,0
1790892082,48692600,103073165312,0,0,0,0,0,0,0,1653641,1,1233,0,0,0,1,0,290,0,0
1790892083,48709180,103061233664,0,0,0,0,0,0,0,1656938,1,1233,0,0,0,1,0,290,0,0
1790892084,48723728,103077777408,0,0,0,0,0,0,0,1656938,1,1233,0,0,0,1,0,290,0,0
1790892086,48734672,103074115584,0,0,0,0,0,0,0,1660283,1,1233,0,0,0,1,0,290,0,0
1790892087,48749068,103078236160,0,0,0,0,0,0,0,1660283,1,1233,0,0,0,1,0,290,0,0
1790892088,48762808,103074414592,0,0,0,0,0,0,0,1663629,1,1233,0,0,0,1,0,290,0,0
1790892089,48775820,103076462592,0,0,0,0,0,0,0,1663629,1,1233,0,0,0,1,0,290,0,0
1790892090,48785520,103077937152,0,0,0,0,0,0,0,1666927,1,1233,0,0,0,1,0,290,0,0
1790892091,48796732,103069601792,0,0,0,0,0,0,0,1666927,1,1233,0,0,0,1,0,290,0,0
1790892092,48811196,103069220864,0,0,0,0,0,0,0,1670217,1,1233,0,0,0,1,0,290,0,0
1790892093,48829408,103063113728,0,0,0,0,0,0,0,1670217,1,1233,0,0,0,1,0,290,0,0
1790892094,48838776,103061049344,0,0,0,0,0,0,0,1673486,1,1233,0,0,0,1,0,290,0,0
1790892095,48853576,103070756864,0,0,0,0,0,0,0,1673486,1,1233,0,0,0,1,0,290,0,0
1790892096,48860628,103078514688,0,0,0,0,0,0,0,1676865,1,1233,0,0,0,1,0,290,0,0
1790892097,48869576,103076012032,0,0,0,0,0,0,0,1676865,1,1233,0,0,0,1,0,290,0,0
1790892098,48880680,103076651008,0,0,0,0,0,0,0,1680216,1,1233,0,0,0,1,0,290,0,0
1790892099,48896880,103076122624,0,0,0,0,0,0,0,1680216,1,1233,0,0,0,1,0,290,0,0
1790892100,48912016,103070797824,0,0,0,0,0,0,0,1683570,1,1233,0,0,0,1,0,290,0,0
1790892101,48927768,103072489472,0,0,0,0,0,0,0,1683570,1,1233,0,0,0,1,0,290,0,0
1790892102,48936292,103073185792,0,0,0,0,0,0,0,1686930,1,1233,0,0,0,1,0,290,0,0
1790892103,48952468,103070679040,0,0,0,0,0,0,0,1690204,1,1233,0,0,0,1,0,290,0,0
1790892104,48968004,103068033024,0,0,0,0,0,0,0,1690204,1,1233,0,0,0,1,0,290,0,0
1790892105,48985804,103074578432,0,0,0,0,0,0,0,1693595,1,1233,0,0,0,1,0,290,0,0
1790892106,48998460,103064543232,0,0,0,0,0,0,0,1693595,1,1233,0,0,0,1,0,290,0,0
1790892107,49016516,103069544448,0,0,0,0,0,0,0,1696965,1,1233,0,0,0,1,0,290,0,0
1790892108,49027536,103053312000,0,0,0,0,0,0,0,1696965,1,1233,0,0,0,1,0,290,0,0
1790892109,49037640,103075262464,0,0,0,0,0,0,0,1700356,1,1233,0,0,0,1,0,290,0,0
1790892110,49052676,103070679040,0,0,0,0,0,0,0,1700356,1,1233,0,0,0,1,0,290,0,0
1790892111,49063076,103061831680,0,0,0,0,0,0,0,1703710,1,1233,0,0,0,1,0,290,0,0
1790892112,49079596,103067439104,0,0,0,0,0,0,0,1703710,1,1233,0,0,0,1,0,290,0,0
1790892113,49097716,103072055296,0,0,0,0,0,0,0,1707085,1,1233,0,0,0,1,0,290,0,0
1790892115,49104156,103075885056,0,0,0,0,0,0,0,1707085,1,1233,0,0,0,1,0,290,0,0
1790892116,49122540,103061311488,0,0,0,0,0,0,0,1710392,1,1233,0,0,0,1,0,290,0,0
1790892117,49135708,103079067648,0,0,0,0,0,0,0,1710392,1,1233,0,0,0,1,0,290,0,0
1790892118,49147676,103077822464,0,0,0,0,0,0,0,1713719,1,1233,0,0,0,1,0,290,0,0
1790892119,49168264,103076241408,0,0,0,0,0,0,0,1713719,1,1233,0,0,0,1,0,290,0,0
1790892120,49181344,103062364160,0,0,0,0,0,0,0,1717061,1,1233,0,0,0,1,0,290,0,0
1790892121,49186460,103078334464,0,0,0,0,0,0,0,1717061,1,1233,0,0,0,1,0,290,0,0
1790892122,49203076,103070621696,0,0,0,0,0,0,0,1720381,1,1233,0,0,0,1,0,290,0,0
1790892123,49213376,103058542592,0,0,0,0,0,0,0,1720381,1,1233,0,0,0,1,0,290,0,0
1790892124,49231628,103069040640,0,0,0,0,0,0,0,1723654,1,1233,0,0,0,1,0,290,0,0
1790892125,49247560,103077093376,0,0,0,0,0,0,0,1723654,1,1233,0,0,0,1,0,290,0,0
1790892126,49258084,103068172288,0,0,0,0,0,0,0,1726989,1,1233,0,0,0,1,0,290,0,0
1790892127,49274996,103076155392,0,0,0,0,0,0,0,1726989,1,1233,0,0,0,1,0,290,0,0
1790892128,49281892,103076319232,0,0,0,0,0,0,0,1730304,1,1233,0,0,0,1,0,290,0,0
1790892129,49297836,103072616448,0,0,0,0,0,0,0,1730304,1,1233,0,0,0,1,0,290,0,0
1790892130,49314784,103069065216,0,0,0,0,0,0,0,1733644,1,1233,0,0,0,1,0,290,0,0
1790892131,49332764,103064150016,0,0,0,0,0,0,0,1733644,1,1233,0,0,0,1,0,290,0,0
1790892132,49363084,103072641024,0,0,0,0,0,0,0,1736972,1,1233,0,0,0,1,0,290,0,0
1790892133,49384352,103060262912,0,0,0,0,0,1,1,1740195,1,1235,1,0,1,1,0,290,0,0
1790892134,49403336,103073890304,0,0,0,0,0,1,1,1740195,1,1235,1,0,1,1,0,290,0,0
1790892135,49425568,103069208576,0,0,0,0,0,1,1,1743334,1,1240,1,0,1,1,0,290,0,0
1790892136,49441788,103065145344,0,0,0,0,0,1,1,1743334,1,1240,1,0,1,1,0,290,0,0
1790892137,49440000,103079059456,0,0,0,0,0,1,1,1746513,1,1250,1,0,1,1,0,290,0,0
1790892138,49452288,103075512320,0,0,0,0,0,1,1,1746513,1,1250,1,0,1,1,0,290,0,0
1790892139,49462084,103067893760,0,0,0,0,0,1,1,1749740,1,1260,1,0,1,1,0,290,0,0
1790892140,49474272,103073800192,0,0,0,0,0,1,1,1749740,1,1260,1,0,1,1,0,290,0,0
1790892141,49487856,103068561408,0,0,0,0,0,1,1,1752974,1,1269,1,0,1,1,0,290,0,0
1790892142,49510492,103072813056,0,0,0,0,0,1,1,1752974,1,1269,1,0,1,1,0,290,0,0
1790892144,49529340,103072014336,0,0,0,0,0,1,1,1756148,1,1269,1,0,1,1,0,290,0,0
1790892145,49534200,103069753344,0,0,0,0,0,1,1,1756148,1,1269,1,0,1,1,0,290,0,0
1790892146,49558056,103048806400,0,0,0,0,0,1,1,1759326,1,1269,1,0,1,1,0,290,0,0
1790892147,49576052,103074959360,0,0,0,0,0,1,1,1759326,1,1269,1,0,1,1,0,290,0,0
1790892148,49582812,103077548032,0,0,0,0,0,1,1,1762502,1,1269,1,0,1,1,0,290,0,0
1790892149,49573192,103065710592,0,0,0,0,0,1,1,1762502,1,1269,1,0,1,1,0,290,0,0
1790892150,46693320,100550619136,0,0,0,0,0,1,1,1765664,2,1275,0,2,0,39,0,4835352854,0,0
1790892151,46672416,102797873152,0,0,0,0,0,1,1,1765664,2,1275,0,2,0,39,0,4835352854,0,0
1790892152,46307264,103077826560,0,0,0,0,0,1,1,1767131,3,1290,0,1,0,39,1,4835352854,3376750,6733531
1790892153,45666640,100395483136,0,0,0,0,0,1,1,1767131,3,1290,0,1,0,39,1,4835352854,3376750,6733531
1790892154,44795388,101073952768,0,0,0,0,0,1,1,1768634,5,1309,0,0,0,39,3,4835352854,2800280935,2803944409
1790892155,43975980,101711278080,0,0,0,0,0,1,1,1768634,5,1309,0,0,0,39,3,4835352854,2800280935,2803944409
1790892156,43237704,102393643008,0,0,0,0,0,1,1,1770986,5,1328,0,0,0,39,3,4835352854,2800280935,2803944409
1790892157,42423768,103025025024,0,0,0,0,0,1,1,1770986,5,1328,0,0,0,39,3,4835352854,2800280935,2803944409
1790892158,42055344,103069192192,0,0,0,0,0,1,1,1773425,5,1342,0,0,0,39,3,4835352854,2800280935,2803944409
1790892159,42010556,103063519232,0,0,0,0,0,1,1,1773425,5,1342,0,0,0,39,3,4835352854,2800280935,2803944409
1790892160,41866888,103057002496,0,0,0,0,0,1,1,1775652,5,1358,0,0,0,39,3,4835352854,2800280935,2803944409
1790892161,41834860,103057125376,0,0,0,0,0,1,1,1778064,5,1369,0,0,0,39,3,4835352854,2800280935,2803944409
1790892162,41849840,103077994496,0,0,0,0,0,1,1,1778064,5,1369,0,0,0,39,3,4835352854,2800280935,2803944409
1790892163,41896196,103074541568,0,0,0,0,0,1,1,1781045,5,1374,0,0,0,39,3,4835352854,2800280935,2803944409
1790892164,41928328,100877221888,0,0,0,0,0,1,1,1781045,5,1374,0,0,0,39,3,4835352854,2800280935,2803944409
1790892165,41945348,96254529536,0,0,0,0,0,1,1,1784084,8,1270,0,0,0,39,6,4835352854,10098194481,10165654816
1790892166,41982944,96446709760,0,0,0,0,0,1,1,1784084,8,1270,0,0,0,39,6,4835352854,10098194481,10165654816
1790892167,42032052,96651751424,0,0,0,0,0,1,1,1787291,8,1270,0,0,0,39,6,4835352854,10098194481,10165654816
1790892169,42065664,96840843264,0,0,0,0,0,1,1,1787291,8,1270,0,0,0,39,6,4835352854,10098194481,10165654816
1790892170,42097864,97027375104,0,0,0,0,0,1,1,1790576,8,1270,0,0,0,39,6,4835352854,10098194481,10165654816
1790892171,42134260,97222094848,0,0,0,0,0,1,1,1790576,8,1270,0,0,0,39,6,4835352854,10098194481,10165654816
1790892172,42168524,97407893504,0,0,0,0,0,1,1,1793818,8,1270,0,0,0,39,6,4835352854,10098194481,10165654816
1790892173,42198200,97597562880,0,0,0,0,0,1,1,1793818,8,1270,0,0,0,39,6,4835352854,10098194481,10165654816
1790892174,42235788,97789059072,0,0,0,0,0,1,1,1797052,8,1270,0,0,0,39,6,4835352854,10098194481,10165654816
1790892175,42270244,97977409536,0,0,0,0,0,1,1,1797052,8,1270,0,0,0,39,6,4835352854,10098194481,10165654816
1790892176,42307012,98167660544,0,0,0,0,0,1,1,1800194,8,1270,0,0,0,39,6,4835352854,10098194481,10165654816
1790892177,42348484,98367188992,0,0,0,0,0,1,1,1800194,8,1270,0,0,0,39,6,4835352854,10098194481,10165654816
1790892178,42382652,98558418944,0,0,0,0,0,1,1,1803505,8,1270,0,0,0,39,6,4835352854,10098194481,10165654816
1790892179,42420640,98751815680,0,0,0,0,0,1,1,1803505,8,1270,0,0,0,39,6,4835352854,10098194481,10165654816
1790892180,42453052,98942775296,0,0,0,0,0,1,1,1806730,8,1270,0,0,0,39,6,4835352854,10098194481,10165654816
1790892181,42488520,99135930368,0,0,0,0,0,1,1,1806730,8,1270,0,0,0,39,6,4835352854,10098194481,10165654816
1790892182,42519952,99322179584,0,0,0,0,0,1,1,1809993,8,1270,0,0,0,39,6,4835352854,10098194481,10165654816
1790892183,42559000,99510059008,0,0,0,0,0,1,1,1809993,8,1270,0,0,0,39,6,4835352854,10098194481,10165654816
1790892184,42591316,99698323456,0,0,0,0,0,1,1,1813262,8,1270,0,0,0,39,6,4835352854,10098194481,10165654816
1790892185,42625928,99887353856,0,0,0,0,0,1,1,1813262,8,1270,0,0,0,39,6,4835352854,10098194481,10165654816
1790892186,42659968,100072800256,0,0,0,0,0,1,1,1816497,8,1270,0,0,0,39,6,4835352854,10098194481,10165654816
1790892187,42684636,100219461632,0,0,0,0,0,1,1,1816497,8,1270,0,0,0,39,6,4835352854,10098194481,10165654816
1790892188,42708108,100376829952,0,0,0,0,0,1,1,1819375,8,1270,0,0,0,39,6,4835352854,10098194481,10165654816
1790892189,42743056,100566282240,0,0,0,0,0,1,1,1819375,8,1270,0,0,0,39,6,4835352854,10098194481,10165654816
1790892190,42772504,100751900672,0,0,0,0,0,1,1,1822397,8,1270,0,0,0,39,6,4835352854,10098194481,10165654816
1790892191,42802980,100934987776,0,0,0,0,0,1,1,1825700,8,1270,0,0,0,39,6,4835352854,10098194481,10165654816
1790892192,42831364,101118025728,0,0,0,0,0,1,1,1825700,8,1270,0,0,0,39,6,4835352854,10098194481,10165654816
1790892193,42861608,101297254400,0,0,0,0,0,1,1,1828979,8,1270,0,0,0,39,6,4835352854,10098194481,10165654816
1790892194,42886936,101456777216,0,0,0,0,0,1,1,1828979,8,1270,0,0,0,39,6,4835352854,10098194481,10165654816
1790892195,42917596,101648019456,0,0,0,0,0,1,1,1832044,8,1270,0,0,0,39,6,4835352854,10098194481,10165654816
1790892196,42946424,101831901184,0,0,0,0,0,1,1,1832044,8,1270,0,0,0,39,6,4835352854,10098194481,10165654816
1790892197,42973852,102014582784,0,0,0,0,0,1,1,1835303,8,1270,0,0,0,39,6,4835352854,10098194481,10165654816
1790892199,43008764,102205296640,0,0,0,0,0,1,1,1835303,8,1270,0,0,0,39,6,4835352854,10098194481,10165654816
1790892200,43037348,102389198848,0,0,0,0,0,1,1,1838623,8,1270,0,0,0,39,6,4835352854,10098194481,10165654816
1790892201,43066508,102577487872,0,0,0,0,0,1,1,1838623,8,1270,0,0,0,39,6,4835352854,10098194481,10165654816
1790892202,43091500,102761025536,0,0,0,0,0,1,1,1841916,8,1270,0,0,0,39,6,4835352854,10098194481,10165654816
1790892203,43112864,102938853376,0,0,0,0,0,1,1,1841916,8,1270,0,0,0,39,6,4835352854,10098194481,10165654816
1790892204,43128580,103057563648,0,0,0,0,0,1,1,1845238,8,1270,0,0,0,39,6,4835352854,10098194481,10165654816
1790892205,43143188,103067664384,0,0,0,0,0,1,1,1845238,8,1270,0,0,0,39,6,4835352854,10098194481,10165654816
1790892206,43161532,103077351424,0,0,0,0,0,1,1,1848536,8,1270,0,0,0,39,6,4835352854,10098194481,10165654816
1790892207,43180524,103071875072,0,0,0,0,0,1,1,1848536,8,1270,0,0,0,39,6,4835352854,10098194481,10165654816
1790892208,43198776,103070674944,0,0,0,0,0,1,1,1851839,8,1270,0,0,0,39,6,4835352854,10098194481,10165654816
1790892209,43212920,103068483584,0,0,0,0,0,1,1,1851839,8,1270,0,0,0,39,6,4835352854,10098194481,10165654816
1790892210,43231708,103068082176,0,0,0,0,0,1,1,1855118,8,1270,0,0,0,39,6,4835352854,10098194481,10165654816
1790892211,43253240,103072940032,0,0,0,0,0,1,1,1855118,8,1270,0,0,0,39,6,4835352854,10098194481,10165654816
1790892212,43268196,103057395712,0,0,0,0,0,1,1,1858435,8,1270,0,0,0,39,6,4835352854,10098194481,10165654816
1790892213,43290960,103060475904,0,0,0,0,0,1,1,1858435,8,1270,0,0,0,39,6,4835352854,10098194481,10165654816
1790892214,43306704,103067385856,0,0,0,0,0,1,1,1861702,8,1270,0,0,0,39,6,4835352854,10098194481,10165654816
1790892215,43326056,103070674944,0,0,0,0,0,1,1,1861702,8,1270,0,0,0,39,6,4835352854,10098194481,10165654816
1790892216,43348800,103078113280,0,0,0,0,0,1,1,1864988,8,1270,0,0,0,39,6,4835352854,10098194481,10165654816
1790892217,43365284,103075483648,0,0,0,0,0,1,1,1864988,8,1270,0,0,0,39,6,4835352854,10098194481,10165654816
1790892218,43382892,103076827136,0,0,0,0,0,1,1,1868282,8,1270,0,0,0,39,6,4835352854,10098194481,10165654816
1790892219,43399692,103074820096,0,0,0,0,0,1,1,1868282,8,1270,0,0,0,39,6,4835352854,10098194481,10165654816
1790892220,43419596,103065288704,0,0,0,0,0,1,1,1871554,8,1270,0,0,0,39,6,4835352854,10098194481,10165654816
1790892221,43433908,103073402880,0,0,0,0,0,1,1,1874887,8,1270,0,0,0,39,6,4835352854,10098194481,10165654816
1790892222,43450096,103069589504,0,0,0,0,0,1,1,1874887,8,1270,0,0,0,39,6,4835352854,10098194481,10165654816
1790892223,43456400,103078424576,0,0,0,0,0,1,1,1878183,8,1270,0,0,0,39,6,4835352854,10098194481,10165654816
1790892224,43470868,103075385344,0,0,0,0,0,1,1,1878183,8,1270,0,0,0,39,6,4835352854,10098194481,10165654816
1790892225,43486860,103069175808,0,0,0,0,0,1,1,1881488,8,1270,0,0,0,39,6,4835352854,10098194481,10165654816
1790892226,43502680,103079149568,0,0,0,0,0,1,1,1881488,8,1270,0,0,0,39,6,4835352854,10098194481,10165654816
1790892227,43523820,103071666176,0,0,0,0,0,1,1,1884812,8,1270,0,0,0,39,6,4835352854,10098194481,10165654816
1790892229,43538636,103069290496,0,0,0,0,0,1,1,1884812,8,1270,0,0,0,39,6,4835352854,10098194481,10165654816
1790892230,43561084,103078387712,0,0,0,0,0,1,1,1888084,8,1270,0,0,0,39,6,4835352854,10098194481,10165654816
1790892231,43570064,103071649792,0,0,0,0,0,1,1,1888084,8,1270,0,0,0,39,6,4835352854,10098194481,10165654816
1790892232,43587472,103070416896,0,0,0,0,0,1,1,1891375,8,1270,0,0,0,39,6,4835352854,10098194481,10165654816
1790892233,43603924,103078846464,0,0,0,0,0,1,1,1891375,8,1270,0,0,0,39,6,4835352854,10098194481,10165654816
1790892234,43607084,103079051264,0,0,0,0,0,1,1,1894662,8,1270,0,0,0,39,6,4835352854,10098194481,10165654816
1790892235,43620228,103075348480,0,0,0,0,0,1,1,1894662,8,1270,0,0,0,39,6,4835352854,10098194481,10165654816
1790892236,43636972,103077879808,0,0,0,0,0,1,1,1897907,8,1270,0,0,0,39,6,4835352854,10098194481,10165654816
1790892237,43645452,103078821888,0,0,0,0,0,1,1,1897907,8,1270,0,0,0,39,6,4835352854,10098194481,10165654816
1790892238,43656204,103072780288,0,0,0,0,0,1,1,1901215,8,1270,0,0,0,39,6,4835352854,10098194481,10165654816
1790892239,43671044,103069831168,0,0,0,0,0,1,1,1901215,8,1270,0,0,0,39,6,4835352854,10098194481,10165654816
1790892240,43684360,103075008512,0,0,0,0,0,1,1,1904509,8,1270,0,0,0,39,6,4835352854,10098194481,10165654816
1790892241,43698504,103073402880,0,0,0,0,0,1,1,1904509,8,1270,0,0,0,39,6,4835352854,10098194481,10165654816
1790892242,43701384,103079067648,0,0,0,0,0,1,1,1907792,8,1270,0,0,0,39,6,4835352854,10098194481,10165654816
1790892243,43715988,103075573760,0,0,0,0,0,1,1,1907792,8,1270,0,0,0,39,6,4835352854,10098194481,10165654816
1790892244,43724916,103076282368,0,0,0,0,0,1,1,1911180,8,1270,0,0,0,39,6,4835352854,10098194481,10165654816
1790892245,43737840,103070904320,0,0,0,0,0,1,1,1911180,8,1270,0,0,0,39,6,4835352854,10098194481,10165654816
1790892246,43743432,103055421440,0,0,0,0,0,1,1,1914398,8,1270,0,0,0,39,6,4835352854,10098194481,10165654816
1790892247,43759624,103079174144,0,0,0,0,0,1,1,1914398,8,1270,0,0,0,39,6,4835352854,10098194481,10165654816
1790892248,43779648,103078313984,0,0,0,0,0,1,1,1917724,8,1270,0,0,0,39,6,4835352854,10098194481,10165654816
1790892249,43792404,103078830080,0,0,0,0,0,1,1,1917724,8,1270,0,0,0,39,6,4835352854,10098194481,10165654816
1790892250,43808816,103069573120,0,0,0,0,0,1,1,1920992,8,1270,0,0,0,39,6,4835352854,10098194481,10165654816
1790892251,43821360,103079075840,0,0,0,0,0,1,1,1920992,8,1270,0,0,0,39,6,4835352854,10098194481,10165654816
1790892252,43827980,103068639232,0,0,0,0,0,1,1,1924240,8,1270,0,0,0,39,6,4835352854,10098194481,10165654816
1790892253,43837972,103073767424,0,0,0,0,0,1,1,1927508,8,1270,0,0,0,39,6,4835352854,10098194481,10165654816
1790892254,43847896,103054393344,0,0,0,0,0,1,1,1927508,8,1270,0,0,0,39,6,4835352854,10098194481,10165654816
1790892255,43861060,103058407424,0,0,0,0,0,1,1,1930820,8,1270,0,0,0,39,6,4835352854,10098194481,10165654816
1790892256,43869812,103050346496,0,0,0,0,0,1,1,1930820,8,1270,0,0,0,39,6,4835352854,10098194481,10165654816
1790892258,43873584,103070146560,0,0,0,0,0,1,1,1934020,8,1270,0,0,0,39,6,4835352854,10098194481,10165654816
1790892259,43888596,103069798400,0,0,0,0,0,1,1,1934020,8,1270,0,0,0,39,6,4835352854,10098194481,10165654816
1790892260,43906428,103071031296,0,0,0,0,0,1,1,1937305,8,1270,0,0,0,39,6,4835352854,10098194481,10165654816
1790892261,43927620,103076917248,0,0,0,0,0,1,1,1937305,8,1270,0,0,0,39,6,4835352854,10098194481,10165654816
1790892262,43948016,103068479488,0,0,0,0,0,1,1,1940600,8,1270,0,0,0,39,6,4835352854,10098194481,10165654816
1790892263,43966024,103068024832,0,0,0,0,0,1,1,1940600,8,1270,0,0,0,39,6,4835352854,10098194481,10165654816
1790892264,43977532,103063044096,0,0,0,0,0,1,1,1943821,8,1270,0,0,0,39,6,4835352854,10098194481,10165654816
1790892265,43998600,103067959296,0,0,0,0,0,1,1,1943821,8,1270,0,0,0,39,6,4835352854,10098194481,10165654816
1790892266,44013460,103078825984,0,0,0,0,0,1,1,1947120,8,1270,0,0,0,39,6,4835352854,10098194481,10165654816
1790892267,44030220,103078670336,0,0,0,0,0,1,1,1947120,8,1270,0,0,0,39,6,4835352854,10098194481,10165654816
1790892268,44047328,103077793792,0,0,0,0,0,1,1,1950487,8,1270,0,0,0,39,6,4835352854,10098194481,10165654816
1790892269,44068304,103066861568,0,0,0,0,0,1,1,1950487,8,1270,0,0,0,39,6,4835352854,10098194481,10165654816
1790892270,44087760,103057612800,0,0,0,0,0,1,1,1953761,8,1270,0,0,0,39,6,4835352854,10098194481,10165654816
1790892271,44107080,103075246080,0,0,0,0,0,1,1,1953761,8,1270,0,0,0,39,6,4835352854,10098194481,10165654816
1790892272,44136200,103057182720,0,0,0,0,0,1,1,1956985,8,1270,0,0,0,39,6,4835352854,10098194481,10165654816
1790892273,44152596,103067779072,0,0,0,0,0,1,1,1956985,8,1270,0,0,0,39,6,4835352854,10098194481,10165654816
1790892274,44175552,103077367808,0,0,0,0,0,1,1,1960265,8,1270,0,0,0,39,6,4835352854,10098194481,10165654816
1790892275,44199016,103068889088,0,0,0,0,0,1,1,1960265,8,1270,0,0,0,39,6,4835352854,10098194481,10165654816
1790892276,44209556,103075520512,0,0,0,0,0,1,1,1963523,8,1270,0,0,0,39,6,4835352854,10098194481,10165654816
1790892277,44225400,103075016704,0,0,0,0,0,1,1,1963523,8,1270,0,0,0,39,6,4835352854,10098194481,10165654816
1790892278,44240444,103072866304,0,0,0,0,0,1,1,1966832,8,1270,0,0,0,39,6,4835352854,10098194481,10165654816
1790892279,44263056,103078838272,0,0,0,0,0,1,1,1966832,8,1270,0,0,0,39,6,4835352854,10098194481,10165654816
1790892280,44272832,103070609408,0,0,0,0,0,1,1,1970066,8,1270,0,0,0,39,6,4835352854,10098194481,10165654816
1790892281,44295388,103077539840,0,0,0,0,0,1,1,1970066,8,1270,0,0,0,39,6,4835352854,10098194481,10165654816
1790892282,44305544,103071391744,0,0,0,0,0,1,1,1973320,8,1270,0,0,0,39,6,4835352854,10098194481,10165654816
1790892283,44321332,103069200384,0,0,0,0,0,1,1,1976648,8,1270,0,0,0,39,6,4835352854,10098194481,10165654816
1790892284,44342896,103071584256,0,0,0,0,0,1,1,1976648,8,1270,0,0,0,39,6,4835352854,10098194481,10165654816
1790892285,44364088,103066812416,0,0,0,0,0,1,1,1979919,8,1270,0,0,0,39,6,4835352854,10098194481,10165654816
1790892286,44361496,103070871552,0,0,0,0,0,1,1,1979919,8,1270,0,0,0,39,6,4835352854,10098194481,10165654816
1790892288,44365436,103070851072,0,0,0,0,0,1,1,1983220,8,1270,0,0,0,39,6,4835352854,10098194481,10165654816
1790892289,44368100,103072788480,0,0,0,0,0,1,1,1983220,8,1270,0,0,0,39,6,4835352854,10098194481,10165654816
1790892290,44364948,103077265408,0,0,0,0,0,1,1,1986500,8,1270,0,0,0,39,6,4835352854,10098194481,10165654816
1790892291,44370104,103079063552,0,0,0,0,0,1,1,1986500,8,1270,0,0,0,39,6,4835352854,10098194481,10165654816
1790892292,44375456,103070973952,0,0,0,0,0,1,1,1989837,8,1270,0,0,0,39,6,4835352854,10098194481,10165654816
1790892293,44384164,103061364736,0,0,0,0,0,1,1,1989837,8,1270,0,0,0,39,6,4835352854,10098194481,10165654816
1790892294,44391300,103077535744,0,0,0,0,0,1,1,1993178,8,1270,0,0,0,39,6,4835352854,10098194481,10165654816
1790892295,44398356,103072862208,0,0,0,0,0,1,1,1993178,8,1270,0,0,0,39,6,4835352854,10098194481,10165654816
1790892296,44405908,103063846912,0,0,0,0,0,1,1,1996497,8,1270,0,0,0,39,6,4835352854,10098194481,10165654816
1790892297,44413468,103079198720,0,0,0,0,0,1,1,1996497,8,1270,0,0,0,39,6,4835352854,10098194481,10165654816
1790892298,44421272,103071961088,0,0,0,0,0,1,1,1999820,8,1270,0,0,0,39,6,4835352854,10098194481,10165654816
1790892299,44429432,103064870912,0,0,0,0,0,1,1,1999820,8,1270,0,0,0,39,6,4835352854,10098194481,10165654816
1790892300,44437000,103073439744,0,0,0,0,0,1,1,2003069,8,1270,0,0,0,39,6,4835352854,10098194481,10165654816
1790892301,44444124,103068061696,0,0,0,0,0,1,1,2003069,8,1270,0,0,0,39,6,4835352854,10098194481,10165654816
1790892302,44448860,103068061696,0,0,0,0,0,1,1,2006380,8,1270,0,0,0,39,6,4835352854,10098194481,10165654816
1790892303,44457148,103068680192,0,0,0,0,0,1,1,2006380,8,1270,0,0,0,39,6,4835352854,10098194481,10165654816
1790892304,44463424,103075803136,0,0,0,0,0,1,1,2009734,8,1270,0,0,0,39,6,4835352854,10098194481,10165654816
1790892305,44471276,103076790272,0,0,0,0,0,1,1,2009734,8,1270,0,0,0,39,6,4835352854,10098194481,10165654816
1790892306,44478760,103068844032,0,0,0,0,0,1,1,2013026,8,1270,0,0,0,39,6,4835352854,10098194481,10165654816
1790892307,44485844,103075594240,0,0,0,0,0,1,1,2013026,8,1270,0,0,0,39,6,4835352854,10098194481,10165654816
1790892308,44492248,103075606528,0,0,0,0,0,1,1,2016344,8,1270,0,0,0,39,6,4835352854,10098194481,10165654816
1790892309,44500468,103056216064,0,0,0,0,0,1,1,2016344,8,1270,0,0,0,39,6,4835352854,10098194481,10165654816
1790892310,44506096,103060959232,0,0,0,0,0,1,1,2019660,8,1270,0,0,0,39,6,4835352854,10098194481,10165654816
1790892311,44514616,103064489984,0,0,0,0,0,1,1,2019660,8,1270,0,0,0,39,6,4835352854,10098194481,10165654816
1790892312,44524620,103045246976,0,0,0,0,0,1,1,2022934,8,1270,0,0,0,39,6,4835352854,10098194481,10165654816
1790892313,44531028,103074115584,0,0,0,0,0,1,1,2022934,8,1270,0,0,0,39,6,4835352854,10098194481,10165654816
1790892314,44539468,103078846464,0,0,0,0,0,1,1,2026172,8,1270,0,0,0,39,6,4835352854,10098194481,10165654816
1790892315,44547172,103071096832,0,0,0,0,0,1,1,2029475,8,1270,0,0,0,39,6,4835352854,10098194481,10165654816
1790892317,44554892,103077462016,0,0,0,0,0,1,1,2029475,8,1270,0,0,0,39,6,4835352854,10098194481,10165654816
1790892318,44563732,103077015552,0,0,0,0,0,1,1,2032731,8,1270,0,0,0,39,6,4835352854,10098194481,10165654816
1790892319,44571384,103068905472,0,0,0,0,0,1,1,2032731,8,1270,0,0,0,39,6,4835352854,10098194481,10165654816
1790892320,44580216,103073312768,0,0,0,0,0,1,1,2035953,8,1270,0,0,0,39,6,4835352854,10098194481,10165654816
1790892321,44589240,103078285312,0,0,0,0,0,1,1,2035953,8,1270,0,0,0,39,6,4835352854,10098194481,10165654816
1790892322,44596572,103078993920,0,0,0,0,0,1,1,2039305,8,1270,0,0,0,39,6,4835352854,10098194481,10165654816
1790892323,44599756,103068205056,0,0,0,0,0,1,1,2039305,8,1270,0,0,0,39,6,4835352854,10098194481,10165654816
1790892324,44606836,103069106176,0,0,0,0,0,1,1,2042597,8,1270,0,0,0,39,6,4835352854,10098194481,10165654816
1790892325,44614988,103068409856,0,0,0,0,0,1,1,2042597,8,1270,0,0,0,39,6,4835352854,10098194481,10165654816
1790892326,44621244,103066038272,0,0,0,0,0,1,1,2045886,8,1270,0,0,0,39,6,4835352854,10098194481,10165654816
1790892327,44625200,103074242560,0,0,0,0,0,1,1,2045886,8,1270,0,0,0,39,6,4835352854,10098194481,10165654816
1790892328,44631212,103075500032,0,0,0,0,0,1,1,2049119,8,1270,0,0,0,39,6,4835352854,10098194481,10165654816
1790892329,44634992,103070961664,0,0,0,0,0,1,1,2049119,8,1270,0,0,0,39,6,4835352854,10098194481,10165654816
1790892330,44638372,103076671488,0,0,0,0,0,1,1,2052426,8,1270,0,0,0,39,6,4835352854,10098194481,10165654816
1790892331,44642272,103078973440,0,0,0,0,0,1,1,2052426,8,1270,0,0,0,39,6,4835352854,10098194481,10165654816
1790892332,44642880,103077220352,0,0,0,0,0,1,1,2055745,8,1270,0,0,0,39,6,4835352854,10098194481,10165654816
1790892333,44641656,103063379968,0,0,0,0,0,1,1,2055745,8,1270,0,0,0,39,6,4835352854,10098194481,10165654816
1790892334,44641948,103079165952,0,0,0,0,0,1,1,2059015,8,1270,0,0,0,39,6,4835352854,10098194481,10165654816
1790892335,44641952,103062855680,0,0,0,0,0,1,1,2059015,8,1270,0,0,0,39,6,4835352854,10098194481,10165654816
1790892336,44641908,103079194624,0,0,0,0,0,1,1,2062272,8,1270,0,0,0,39,6,4835352854,10098194481,10165654816
1790892337,44637512,103077531648,0,0,0,0,0,1,1,2062272,8,1270,0,0,0,39,6,4835352854,10098194481,10165654816
1790892338,44635392,103070330880,0,0,0,0,0,1,1,2065566,8,1270,0,0,0,39,6,4835352854,10098194481,10165654816
1790892339,44632888,103069855744,0,0,0,0,0,1,1,2065566,8,1270,0,0,0,39,6,4835352854,10098194481,10165654816
1790892340,44633668,103074918400,0,0,0,0,0,1,1,2068780,8,1270,0,0,0,39,6,4835352854,10098194481,10165654816
1790892341,44633464,103073689600,0,0,0,0,0,1,1,2068780,8,1270,0,0,0,39,6,4835352854,10098194481,10165654816
1790892342,44627872,103079116800,0,0,0,0,0,1,1,2072098,8,1270,0,0,0,39,6,4835352854,10098194481,10165654816
1790892343,44626052,103071092736,0,0,0,0,0,1,1,2072098,8,1270,0,0,0,39,6,4835352854,10098194481,10165654816
1790892344,44628204,103078973440,0,0,0,0,0,1,1,2075419,8,1270,0,0,0,39,6,4835352854,10098194481,10165654816
1790892345,44620240,103076605952,0,0,0,0,0,1,1,2078651,8,1270,0,0,0,39,6,4835352854,10098194481,10165654816
1790892347,44617624,103070248960,0,0,0,0,0,1,1,2078651,8,1270,0,0,0,39,6,4835352854,10098194481,10165654816
1790892348,44617128,103077228544,0,0,0,0,0,1,1,2081959,8,1270,0,0,0,39,6,4835352854,10098194481,10165654816
1790892349,44618020,103074959360,0,0,0,0,0,1,1,2081959,8,1270,0,0,0,39,6,4835352854,10098194481,10165654816
1790892350,44612708,103069069312,0,0,0,0,0,1,1,2085205,8,1270,0,0,0,39,6,4835352854,10098194481,10165654816
1790892351,44611692,103071404032,0,0,0,0,0,1,1,2085205,8,1270,0,0,0,39,6,4835352854,10098194481,10165654816
1790892352,44611160,103065755648,0,0,0,0,0,1,1,2088550,8,1270,0,0,0,39,6,4835352854,10098194481,10165654816
1790892353,44610720,103072694272,0,0,0,0,0,1,1,2088550,8,1270,0,0,0,39,6,4835352854,10098194481,10165654816
1790892354,44611696,103070081024,0,0,0,0,0,1,1,2091833,8,1270,0,0,0,39,6,4835352854,10098194481,10165654816
1790892355,44611380,103070523392,0,0,0,0,0,1,1,2091833,8,1270,0,0,0,39,6,4835352854,10098194481,10165654816
1790892356,44614868,103074025472,0,0,0,0,0,1,1,2095148,8,1270,0,0,0,39,6,4835352854,10098194481,10165654816
1790892357,44616424,103073058816,0,0,0,0,0,1,1,2095148,8,1270,0,0,0,39,6,4835352854,10098194481,10165654816
1790892358,44616596,103072595968,0,0,0,0,0,1,1,2098393,8,1270,0,0,0,39,6,4835352854,10098194481,10165654816
1790892359,44620496,103079198720,0,0,0,0,0,1,1,2098393,8,1270,0,0,0,39,6,4835352854,10098194481,10165654816
1790892360,44626420,103072550912,0,0,0,0,0,1,1,2101646,8,1270,0,0,0,39,6,4835352854,10098194481,10165654816
1790892361,44632284,103074258944,0,0,0,0,0,1,1,2101646,8,1270,0,0,0,39,6,4835352854,10098194481,10165654816
1790892362,44636824,103071760384,0,0,0,0,0,1,1,2104998,8,1270,0,0,0,39,6,4835352854,10098194481,10165654816
1790892363,44643612,103076958208,0,0,0,0,0,1,1,2104998,8,1270,0,0,0,39,6,4835352854,10098194481,10165654816
1790892364,44650932,103076450304,0,0,0,0,0,1,1,2108289,8,1270,0,0,0,39,6,4835352854,10098194481,10165654816
1790892365,44657896,103065853952,0,0,0,0,0,1,1,2108289,8,1270,0,0,0,39,6,4835352854,10098194481,10165654816
1790892366,44665260,103072280576,0,0,0,0,0,1,1,2111512,8,1270,0,0,0,39,6,4835352854,10098194481,10165654816
1790892367,44674272,103061684224,0,0,0,0,0,1,1,2111512,8,1270,0,0,0,39,6,4835352854,10098194481,10165654816
1790892368,44683156,103060099072,0,0,0,0,0,1,1,2114830,8,1270,0,0,0,39,6,4835352854,10098194481,10165654816
1790892369,44692408,103074287616,0,0,0,0,0,1,1,2114830,8,1270,0,0,0,39,6,4835352854,10098194481,10165654816
1790892370,44701788,103070154752,0,0,0,0,0,1,1,2118144,8,1270,0,0,0,39,6,4835352854,10098194481,10165654816
1790892371,44711828,103073882112,0,0,0,0,0,1,1,2118144,8,1270,0,0,0,39,6,4835352854,10098194481,10165654816
1790892372,44720200,103079211008,0,0,0,0,0,1,1,2121422,8,1270,0,0,0,39,6,4835352854,10098194481,10165654816
1790892373,44728900,103061655552,0,0,0,0,0,1,1,2121422,8,1270,0,0,0,39,6,4835352854,10098194481,10165654816
1790892374,44737868,103077052416,0,0,0,0,0,1,1,2124728,8,1270,0,0,0,39,6,4835352854,10098194481,10165654816
1790892375,44746452,103070691328,0,0,0,0,0,1,1,2124728,8,1270,0,0,0,39,6,4835352854,10098194481,10165654816
1790892377,44755408,103063904256,0,0,0,0,0,1,1,2128019,8,1270,0,0,0,39,6,4835352854,10098194481,10165654816
1790892378,44764784,103069995008,0,0,0,0,0,1,1,2131323,8,1270,0,0,0,39,6,4835352854,10098194481,10165654816
1790892379,44774628,103072186368,0,0,0,0,0,1,1,2131323,8,1270,0,0,0,39,6,4835352854,10098194481,10165654816
1790892380,44784072,103076560896,0,0,0,0,0,1,1,2134665,8,1270,0,0,0,39,6,4835352854,10098194481,10165654816
1790892381,44793316,103069052928,0,0,0,0,0,1,1,2134665,8,1270,0,0,0,39,6,4835352854,10098194481,10165654816
1790892382,44803320,103077842944,0,0,0,0,0,1,1,2137964,8,1270,0,0,0,39,6,4835352854,10098194481,10165654816
1790892383,44812220,103075172352,0,0,0,0,0,1,1,2137964,8,1270,0,0,0,39,6,4835352854,10098194481,10165654816
1790892384,44822532,103078998016,0,0,0,0,0,1,1,2141335,8,1270,0,0,0,39,6,4835352854,10098194481,10165654816
1790892385,44834768,103073058816,0,0,0,0,0,1,1,2141335,8,1270,0,0,0,39,6,4835352854,10098194481,10165654816
1790892386,44845892,103068315648,0,0,0,0,0,1,1,2144661,8,1270,0,0,0,39,6,4835352854,10098194481,10165654816
1790892387,44857512,103073964032,0,0,0,0,0,1,1,2144661,8,1270,0,0,0,39,6,4835352854,10098194481,10165654816
1790892388,44868636,103054635008,0,0,0,0,0,1,1,2148030,8,1270,0,0,0,39,6,4835352854,10098194481,10165654816
1790892389,44875732,103070240768,0,0,0,0,0,1,1,2148030,8,1270,0,0,0,39,6,4835352854,10098194481,10165654816
1790892390,44882888,103073628160,0,0,0,0,0,1,1,2151416,8,1270,0,0,0,39,6,4835352854,10098194481,10165654816
1790892391,44887824,103074848768,0,0,0,0,0,1,1,2151416,8,1270,0,0,0,39,6,4835352854,10098194481,10165654816
1790892392,44894036,103051022336,0,0,0,0,0,1,1,2154744,8,1270,0,0,0,39,6,4835352854,10098194481,10165654816
1790892393,44896804,103076012032,0,0,0,0,0,1,1,2154744,8,1270,0,0,0,39,6,4835352854,10098194481,10165654816
1790892394,44901452,103074258944,0,0,0,0,0,1,1,2158090,8,1270,0,0,0,39,6,4835352854,10098194481,10165654816
1790892395,44905420,103072534528,0,0,0,0,0,1,1,2158090,8,1270,0,0,0,39,6,4835352854,10098194481,10165654816
1790892396,44912760,103074127872,0,0,0,0,0,1,1,2161445,8,1270,0,0,0,39,6,4835352854,10098194481,10165654816
1790892397,44920220,103079084032,0,0,0,0,0,1,1,2161445,8,1270,0,0,0,39,6,4835352854,10098194481,10165654816
1790892398,44926384,103078989824,0,0,0,0,0,1,1,2164771,8,1270,0,0,0,39,6,4835352854,10098194481,10165654816
1790892399,44933976,103056564224,0,0,0,0,0,1,1,2164771,8,1270,0,0,0,39,6,4835352854,10098194481,10165654816
1790892400,44942908,103069863936,0,0,0,0,0,1,1,2168177,8,1270,0,0,0,39,6,4835352854,10098194481,10165654816
1790892401,44949616,103069700096,0,0,0,0,0,1,1,2168177,8,1270,0,0,0,39,6,4835352854,10098194481,10165654816
1790892402,44957160,103076835328,0,0,0,0,0,1,1,2171453,8,1270,0,0,0,39,6,4835352854,10098194481,10165654816
1790892403,44966420,103068446720,0,0,0,0,0,1,1,2171453,8,1270,0,0,0,39,6,4835352854,10098194481,10165654816
1790892404,44971860,103067828224,0,0,0,0,0,1,1,2174749,8,1270,0,0,0,39,6,4835352854,10098194481,10165654816
1790892405,44980404,103070683136,0,0,0,0,0,1,1,2174749,8,1270,0,0,0,39,6,4835352854,10098194481,10165654816
1790892407,44987600,103073918976,0,0,0,0,0,1,1,2178114,8,1270,0,0,0,39,6,4835352854,10098194481,10165654816
1790892408,44994468,103062364160,0,0,0,0,0,1,1,2181454,8,1270,0,0,0,39,6,4835352854,10098194481,10165654816
1790892409,45003500,103072153600,0,0,0,0,0,1,1,2181454,8,1270,0,0,0,39,6,4835352854,10098194481,10165654816
1790892410,45009812,103073054720,0,0,0,0,0,1,1,2184756,8,1270,0,0,0,39,6,4835352854,10098194481,10165654816
1790892411,45018556,103078473728,0,0,0,0,0,1,1,2184756,8,1270,0,0,0,39,6,4835352854,10098194481,10165654816
1790892412,45029276,103074881536,0,0,0,0,0,1,1,2188073,8,1270,0,0,0,39,6,4835352854,10098194481,10165654816
1790892413,45038532,103071739904,0,0,0,0,0,1,1,2188073,8,1270,0,0,0,39,6,4835352854,10098194481,10165654816
1790892414,45044988,103068651520,0,0,0,0,0,1,1,2191388,8,1270,0,0,0,39,6,4835352854,10098194481,10165654816
1790892415,45054208,103076044800,0,0,0,0,0,1,1,2191388,8,1270,0,0,0,39,6,4835352854,10098194481,10165654816
1790892416,45063252,103079116800,0,0,0,0,0,1,1,2194767,8,1270,0,0,0,39,6,4835352854,10098194481,10165654816
1790892417,45070244,103073382400,0,0,0,0,0,1,1,2194767,8,1270,0,0,0,39,6,4835352854,10098194481,10165654816
1790892418,45078840,103068348416,0,0,0,0,0,1,1,2198111,8,1270,0,0,0,39,6,4835352854,10098194481,10165654816
1790892419,45088968,103077597184,0,0,0,0,0,1,1,2198111,8,1270,0,0,0,39,6,4835352854,10098194481,10165654816
1790892420,45096672,103071195136,0,0,0,0,0,1,1,2201472,8,1270,0,0,0,39,6,4835352854,10098194481,10165654816
1790892421,45105320,103077429248,0,0,0,0,0,1,1,2201472,8,1270,0,0,0,39,6,4835352854,10098194481,10165654816
1790892422,45112472,103072452608,0,0,0,0,0,1,1,2204773,8,1270,0,0,0,39,6,4835352854,10098194481,10165654816
1790892423,45117216,103069483008,0,0,0,0,0,1,1,2204773,8,1270,0,0,0,39,6,4835352854,10098194481,10165654816
1790892424,45126156,103068508160,0,0,0,0,0,1,1,2208072,8,1270,0,0,0,39,6,4835352854,10098194481,10165654816
1790892425,45137556,103077146624,0,0,0,0,0,1,1,2208072,8,1270,0,0,0,39,6,4835352854,10098194481,10165654816
1790892426,45147052,103068561408,0,0,0,0,0,1,1,2211382,8,1270,0,0,0,39,6,4835352854,10098194481,10165654816
1790892427,45155600,103073419264,0,0,0,0,0,1,1,2211382,8,1270,0,0,0,39,6,4835352854,10098194481,10165654816
1790892428,45163252,103077806080,0,0,0,0,0,1,1,2214676,8,1270,0,0,0,39,6,4835352854,10098194481,10165654816
1790892429,45174720,103076257792,0,0,0,0,0,1,1,2214676,8,1270,0,0,0,39,6,4835352854,10098194481,10165654816
1790892430,45187016,103069741056,0,0,0,0,0,1,1,2218024,8,1270,0,0,0,39,6,4835352854,10098194481,10165654816
1790892431,45194864,103075745792,0,0,0,0,0,1,1,2218024,8,1270,0,0,0,39,6,4835352854,10098194481,10165654816
1790892432,45204100,103072636928,0,0,0,0,0,1,1,2221346,8,1270,0,0,0,39,6,4835352854,10098194481,10165654816
1790892433,45213272,103076057088,0,0,0,0,0,1,1,2221346,8,1270,0,0,0,39,6,4835352854,10098194481,10165654816
1790892434,45224904,103074070528,0,0,0,0,0,1,1,2224753,8,1270,0,0,0,39,6,4835352854,10098194481,10165654816
1790892436,45231216,103076769792,0,0,0,0,0,1,1,2224753,8,1270,0,0,0,39,6,4835352854,10098194481,10165654816
1790892437,45240132,103070908416,0,0,0,0,0,1,1,2228070,8,1270,0,0,0,39,6,4835352854,10098194481,10165654816
1790892438,45247876,103064784896,0,0,0,0,0,1,1,2228070,8,1270,0,0,0,39,6,4835352854,10098194481,10165654816
1790892439,45257744,103073443840,0,0,0,0,0,1,1,2231380,8,1270,0,0,0,39,6,4835352854,10098194481,10165654816
1790892440,45264280,103066738688,0,0,0,0,0,1,1,2234758,8,1270,0,0,0,39,6,4835352854,10098194481,10165654816
1790892441,45275500,103078273024,0,0,0,0,0,1,1,2234758,8,1270,0,0,0,39,6,4835352854,10098194481,10165654816
1790892442,45284644,103073443840,0,0,0,0,0,1,1,2238101,8,1270,0,0,0,39,6,4835352854,10098194481,10165654816
1790892443,45292264,103071113216,0,0,0,0,0,1,1,2238101,8,1270,0,0,0,39,6,4835352854,10098194481,10165654816
1790892444,45302396,103075381248,0,0,0,0,0,1,1,2241433,8,1270,0,0,0,39,6,4835352854,10098194481,10165654816
1790892445,45300244,103069200384,0,0,0,0,0,1,1,2241433,8,1270,0,0,0,39,6,4835352854,10098194481,10165654816
1790892446,45300408,103069892608,0,0,0,0,0,1,1,2244796,8,1270,0,0,0,39,6,4835352854,10098194481,10165654816
1790892447,45300168,103064424448,0,0,0,0,0,1,1,2244796,8,1270,0,0,0,39,6,4835352854,10098194481,10165654816
1790892448,45296996,103070158848,0,0,0,0,0,1,1,2248133,8,1270,0,0,0,39,6,4835352854,10098194481,10165654816
1790892449,45295404,103075991552,0,0,0,0,0,1,1,2248133,8,1270,0,0,0,39,6,4835352854,10098194481,10165654816
1790892450,45296196,103071318016,0,0,0,0,0,1,1,2251465,8,1270,0,0,0,39,6,4835352854,10098194481,10165654816
1790892451,45291864,103077580800,0,0,0,0,0,1,1,2251465,8,1270,0,0,0,39,6,4835352854,10098194481,10165654816
1790892452,45292092,103073144832,0,0,0,0,0,1,1,2254849,8,1270,0,0,0,39,6,4835352854,10098194481,10165654816
1790892453,45293672,103069609984,0,0,0,0,0,1,1,2254849,8,1270,0,0,0,39,6,4835352854,10098194481,10165654816
1790892454,45287176,103061975040,0,0,0,0,0,1,1,2258212,8,1270,0,0,0,39,6,4835352854,10098194481,10165654816
1790892455,45284460,103069548544,0,0,0,0,0,1,1,2258212,8,1270,0,0,0,39,6,4835352854,10098194481,10165654816
1790892456,45279144,103074287616,0,0,0,0,0,1,1,2261540,8,1270,0,0,0,39,6,4835352854,10098194481,10165654816
1790892457,45273972,103060860928,0,0,0,0,0,1,1,2261540,8,1270,0,0,0,39,6,4835352854,10098194481,10165654816
1790892458,45270976,103078109184,0,0,0,0,0,1,1,2264912,8,1270,0,0,0,39,6,4835352854,10098194481,10165654816
1790892459,45264216,103071891456,0,0,0,0,0,1,1,2264912,8,1270,0,0,0,39,6,4835352854,10098194481,10165654816
1790892460,45256920,103076741120,0,0,0,0,0,1,1,2268287,8,1270,0,0,0,39,6,4835352854,10098194481,10165654816
1790892461,45266672,103070371840,0,0,0,0,0,1,1,2268287,8,1270,0,0,0,39,6,4835352854,10098194481,10165654816
1790892462,45280656,103073943552,0,0,0,0,0,1,1,2271580,8,1270,0,0,0,39,6,4835352854,10098194481,10165654816
1790892463,45278948,103068659712,0,0,0,0,0,1,1,2271580,8,1270,0,0,0,39,6,4835352854,10098194481,10165654816
1790892465,45291792,103077855232,0,0,0,0,0,1,1,2274848,8,1270,0,0,0,39,6,4835352854,10098194481,10165654816
1790892466,45303396,103072382976,0,0,0,0,0,1,1,2274848,8,1270,0,0,0,39,6,4835352854,10098194481,10165654816
1790892467,45315684,103068893184,0,0,0,0,0,1,1,2278156,8,1270,0,0,0,39,6,4835352854,10098194481,10165654816
1790892468,45328860,103070543872,0,0,0,0,0,1,1,2278156,8,1270,0,0,0,39,6,4835352854,10098194481,10165654816
1790892469,45340040,103068532736,0,0,0,0,0,1,1,2281427,8,1270,0,0,0,39,6,4835352854,10098194481,10165654816
1790892470,45353348,103077003264,0,0,0,0,0,1,1,2284748,8,1270,0,0,0,39,6,4835352854,10098194481,10165654816
1790892471,45363352,103068991488,0,0,0,0,0,1,1,2284748,8,1270,0,0,0,39,6,4835352854,10098194481,10165654816
1790892472,45375820,103068987392,0,0,0,0,0,1,1,2288079,8,1270,0,0,0,39,6,4835352854,10098194481,10165654816
1790892473,45393456,103062679552,0,0,0,0,0,1,1,2288079,8,1270,0,0,0,39,6,4835352854,10098194481,10165654816
1790892474,45405040,103047950336,0,0,0,0,0,1,1,2291398,8,1270,0,0,0,39,6,4835352854,10098194481,10165654816
1790892475,45422376,103072006144,0,0,0,0,0,1,1,2291398,8,1270,0,0,0,39,6,4835352854,10098194481,10165654816
1790892476,45446252,103073587200,0,0,0,0,0,1,1,2294737,8,1270,0,0,0,39,6,4835352854,10098194481,10165654816
1790892477,45471352,103079190528,0,0,0,0,0,1,1,2294737,8,1270,0,0,0,39,6,4835352854,10098194481,10165654816
1790892478,45495408,103076630528,0,0,0,0,0,1,1,2298122,8,1270,0,0,0,39,6,4835352854,10098194481,10165654816
1790892479,45518748,103073628160,0,0,0,0,0,1,1,2298122,8,1270,0,0,0,39,6,4835352854,10098194481,10165654816
1790892480,45541796,103067811840,0,0,0,0,0,1,1,2301499,8,1270,0,0,0,39,6,4835352854,10098194481,10165654816
1790892481,45565704,103077838848,0,0,0,0,0,1,1,2301499,8,1270,0,0,0,39,6,4835352854,10098194481,10165654816
1790892482,45572304,103078154240,0,0,0,0,0,1,1,2304736,8,1270,0,0,0,39,6,4835352854,10098194481,10165654816
1790892483,45593724,103073947648,0,0,0,0,0,1,1,2304736,8,1270,0,0,0,39,6,4835352854,10098194481,10165654816
1790892484,45613960,103068930048,0,0,0,0,0,1,1,2308094,8,1270,0,0,0,39,6,4835352854,10098194481,10165654816
1790892485,45636292,103076024320,0,0,0,0,0,1,1,2308094,8,1270,0,0,0,39,6,4835352854,10098194481,10165654816
1790892486,45657212,103079186432,0,0,0,0,0,1,1,2311402,8,1270,0,0,0,39,6,4835352854,10098194481,10165654816
1790892487,45654240,103073521664,0,0,0,0,0,1,1,2311402,8,1270,0,0,0,39,6,4835352854,10098194481,10165654816
1790892488,45661100,103071330304,0,0,0,0,0,1,1,2314669,8,1270,0,0,0,39,6,4835352854,10098194481,10165654816
1790892489,45667908,103067275264,0,0,0,0,0,1,1,2314669,8,1270,0,0,0,39,6,4835352854,10098194481,10165654816
1790892490,45673736,103057178624,0,0,0,0,0,1,1,2318035,8,1270,0,0,0,39,6,4835352854,10098194481,10165654816
1790892491,45680192,103076446208,0,0,0,0,0,1,1,2318035,8,1270,0,0,0,39,6,4835352854,10098194481,10165654816
1790892492,45688776,103072337920,0,0,0,0,0,1,1,2321300,8,1270,0,0,0,39,6,4835352854,10098194481,10165654816
1790892493,45697872,103069032448,0,0,0,0,0,1,1,2321300,8,1270,0,0,0,39,6,4835352854,10098194481,10165654816
1790892495,45707008,103073341440,0,0,0,0,0,1,1,2324670,8,1270,0,0,0,39,6,4835352854,10098194481,10165654816
1790892496,45717160,103067168768,0,0,0,0,0,1,1,2324670,8,1270,0,0,0,39,6,4835352854,10098194481,10165654816
1790892497,45726796,103072870400,0,0,0,0,0,1,1,2328036,8,1270,0,0,0,39,6,4835352854,10098194481,10165654816
1790892498,45736448,103079071744,0,0,0,0,0,1,1,2328036,8,1270,0,0,0,39,6,4835352854,10098194481,10165654816
1790892499,45745464,103074091008,0,0,0,0,0,1,1,2331403,8,1270,0,0,0,39,6,4835352854,10098194481,10165654816
1790892500,45755252,103069089792,0,0,0,0,0,1,1,2331403,8,1270,0,0,0,39,6,4835352854,10098194481,10165654816
1790892501,45767208,103075942400,0,0,0,0,0,1,1,2334786,8,1270,0,0,0,39,6,4835352854,10098194481,10165654816
1790892502,45777440,103073574912,0,0,0,0,0,1,1,2338119,8,1270,0,0,0,39,6,4835352854,10098194481,10165654816
1790892503,45786740,103059628032,0,0,0,0,0,1,1,2338119,8,1270,0,0,0,39,6,4835352854,10098194481,10165654816
1790892504,45796184,103074234368,0,0,0,0,0,1,1,2341417,8,1270,0,0,0,39,6,4835352854,10098194481,10165654816
1790892505,45806392,103071420416,0,0,0,0,0,1,1,2341417,8,1270,0,0,0,39,6,4835352854,10098194481,10165654816
1790892506,45817412,103068053504,0,0,0,0,0,1,1,2344766,8,1270,0,0,0,39,6,4835352854,10098194481,10165654816
1790892507,45822776,103076356096,0,0,0,0,0,1,1,2344766,8,1270,0,0,0,39,6,4835352854,10098194481,10165654816
1790892508,45835896,103074897920,0,0,0,0,0,1,1,2348010,8,1270,0,0,0,39,6,4835352854,10098194481,10165654816
1790892509,45846740,103074418688,0,0,0,0,0,1,1,2348010,8,1270,0,0,0,39,6,4835352854,10098194481,10165654816
1790892510,45854804,103068508160,0,0,0,0,0,1,1,2351394,8,1270,0,0,0,39,6,4835352854,10098194481,10165654816
1790892511,45864864,103079161856,0,0,0,0,0,1,1,2351394,8,1270,0,0,0,39,6,4835352854,10098194481,10165654816
1790892512,45873836,103070322688,0,0,0,0,0,1,1,2354691,8,1270,0,0,0,39,6,4835352854,10098194481,10165654816
1790892513,45883444,103067357184,0,0,0,0,0,1,1,2354691,8,1270,0,0,0,39,6,4835352854,10098194481,10165654816
1790892514,45893612,103064096768,0,0,0,0,0,1,1,2358068,8,1270,0,0,0,39,6,4835352854,10098194481,10165654816
1790892515,45902720,103073820672,0,0,0,0,0,1,1,2358068,8,1270,0,0,0,39,6,4835352854,10098194481,10165654816
1790892516,45911732,103069384704,0,0,0,0,0,1,1,2361425,8,1270,0,0,0,39,6,4835352854,10098194481,10165654816
1790892517,45921196,103077769216,0,0,0,0,0,1,1,2361425,8,1270,0,0,0,39,6,4835352854,10098194481,10165654816
1790892518,45930576,103056928768,0,0,0,0,0,1,1,2364806,8,1270,0,0,0,39,6,4835352854,10098194481,10165654816
1790892519,45940552,103078449152,0,0,0,0,0,1,1,2364806,8,1270,0,0,0,39,6,4835352854,10098194481,10165654816
1790892520,45951080,103075962880,0,0,0,0,0,1,1,2368175,8,1270,0,0,0,39,6,4835352854,10098194481,10165654816
1790892521,45960852,103076409344,0,0,0,0,0,1,1,2368175,8,1270,0,0,0,39,6,4835352854,10098194481,10165654816
1790892522,45970576,103071952896,0,0,0,0,0,1,1,2371558,8,1270,0,0,0,39,6,4835352854,10098194481,10165654816
1790892523,45979196,103070720000,0,0,0,0,0,1,1,2371558,8,1270,0,0,0,39,6,4835352854,10098194481,10165654816
1790892525,45986724,103076188160,0,0,0,0,0,1,1,2374881,8,1270,0,0,0,39,6,4835352854,10098194481,10165654816
1790892526,45994216,103069933568,0,0,0,0,0,1,1,2374881,8,1270,0,0,0,39,6,4835352854,10098194481,10165654816
1790892527,46001756,103075024896,0,0,0,0,0,1,1,2378173,8,1270,0,0,0,39,6,4835352854,10098194481,10165654816
1790892528,46007400,103078461440,0,0,0,0,0,1,1,2378173,8,1270,0,0,0,39,6,4835352854,10098194481,10165654816
1790892529,46014716,103061975040,0,0,0,0,0,1,1,2381484,8,1270,0,0,0,39,6,4835352854,10098194481,10165654816
1790892530,46015520,103069970432,0,0,0,0,0,1,1,2381484,8,1270,0,0,0,39,6,4835352854,10098194481,10165654816
1790892531,46022188,103076368384,0,0,0,0,0,1,1,2384811,8,1270,0,0,0,39,6,4835352854,10098194481,10165654816
1790892532,46018476,103046373376,0,0,0,0,0,1,1,2388178,8,1270,0,0,0,39,6,4835352854,10098194481,10165654816
1790892533,46026208,103075217408,0,0,0,0,0,1,1,2388178,8,1270,0,0,0,39,6,4835352854,10098194481,10165654816
1790892534,46019756,103078432768,0,0,0,0,0,1,1,2391519,8,1270,0,0,0,39,6,4835352854,10098194481,10165654816
1790892535,46017024,103056412672,0,0,0,0,0,1,1,2391519,8,1270,0,0,0,39,6,4835352854,10098194481,10165654816
1790892536,46019516,103073185792,0,0,0,0,0,1,1,2394881,8,1270,0,0,0,39,6,4835352854,10098194481,10165654816
1790892537,46021820,103074414592,0,0,0,0,0,1,1,2394881,8,1270,0,0,0,39,6,4835352854,10098194481,10165654816
1790892538,46026100,103074263040,0,0,0,0,0,1,1,2398167,8,1270,0,0,0,39,6,4835352854,10098194481,10165654816
1790892539,46032684,103065133056,0,0,0,0,0,1,1,2398167,8,1270,0,0,0,39,6,4835352854,10098194481,10165654816
1790892540,46040412,103069306880,0,0,0,0,0,1,1,2401466,8,1270,0,0,0,39,6,4835352854,10098194481,10165654816
1790892541,46048072,103077928960,0,0,0,0,0,1,1,2401466,8,1270,0,0,0,39,6,4835352854,10098194481,10165654816
1790892542,46056888,103057752064,0,0,0,0,0,1,1,2404760,8,1270,0,0,0,39,6,4835352854,10098194481,10165654816
1790892543,46065700,103072034816,0,0,0,0,0,1,1,2404760,8,1270,0,0,0,39,6,4835352854,10098194481,10165654816
1790892544,46076496,103071424512,0,0,0,0,0,1,1,2408123,8,1270,0,0,0,39,6,4835352854,10098194481,10165654816
1790892545,46085316,103077642240,0,0,0,0,0,1,1,2408123,8,1270,0,0,0,39,6,4835352854,10098194481,10165654816
1790892546,46094176,103074394112,0,0,0,0,0,1,1,2411443,8,1270,0,0,0,39,6,4835352854,10098194481,10165654816
1790892547,46103548,103077314560,0,0,0,0,0,1,1,2411443,8,1270,0,0,0,39,6,4835352854,10098194481,10165654816
1790892548,46108608,103078830080,0,0,0,0,0,1,1,2414850,8,1270,0,0,0,39,6,4835352854,10098194481,10165654816
1790892549,46111808,103068696576,0,0,0,0,0,1,1,2414850,8,1270,0,0,0,39,6,4835352854,10098194481,10165654816
1790892550,46116168,103069134848,0,0,0,0,0,1,1,2418233,8,1270,0,0,0,39,6,4835352854,10098194481,10165654816
1790892551,46121644,103071330304,0,0,0,0,0,1,1,2418233,8,1270,0,0,0,39,6,4835352854,10098194481,10165654816
1790892552,46124460,103068033024,0,0,0,0,0,1,1,2421637,8,1270,0,0,0,39,6,4835352854,10098194481,10165654816
1790892554,46124800,103079084032,0,0,0,0,0,1,1,2421637,8,1270,0,0,0,39,6,4835352854,10098194481,10165654816
1790892555,46126604,103075168256,0,0,0,0,0,1,1,2425016,8,1270,0,0,0,39,6,4835352854,10098194481,10165654816
1790892556,46132092,103078858752,0,0,0,0,0,1,1,2425016,8,1270,0,0,0,39,6,4835352854,10098194481,10165654816
1790892557,46134752,103069081600,0,0,0,0,0,1,1,2428361,8,1270,0,0,0,39,6,4835352854,10098194481,10165654816
1790892558,46137092,103076839424,0,0,0,0,0,1,1,2428361,8,1270,0,0,0,39,6,4835352854,10098194481,10165654816
1790892559,46139396,103074791424,0,0,0,0,0,1,1,2431689,8,1270,0,0,0,39,6,4835352854,10098194481,10165654816
1790892560,46142908,103075950592,0,0,0,0,0,1,1,2431689,8,1270,0,0,0,39,6,4835352854,10098194481,10165654816
1790892561,46142708,103079063552,0,0,0,0,0,1,1,2435057,8,1270,0,0,0,39,6,4835352854,10098194481,10165654816
1790892562,46143428,103057260544,0,0,0,0,0,1,1,2438434,8,1270,0,0,0,39,6,4835352854,10098194481,10165654816
1790892563,46147432,103069466624,0,0,0,0,0,1,1,2438434,8,1270,0,0,0,39,6,4835352854,10098194481,10165654816
1790892564,46147940,103075975168,0,0,0,0,0,1,1,2441784,8,1270,0,0,0,39,6,4835352854,10098194481,10165654816
1790892565,46153828,103076306944,0,0,0,0,0,1,1,2441784,8,1270,0,0,0,39,6,4835352854,10098194481,10165654816
1790892566,46161068,103077228544,0,0,0,0,0,1,1,2445164,8,1270,0,0,0,39,6,4835352854,10098194481,10165654816
1790892567,46179792,103079071744,0,0,0,0,0,1,1,2445164,8,1270,0,0,0,39,6,4835352854,10098194481,10165654816
1790892568,46198132,103070597120,0,0,0,0,0,1,1,2448493,8,1270,0,0,0,39,6,4835352854,10098194481,10165654816
1790892569,46213096,103070638080,0,0,0,0,0,1,1,2448493,8,1270,0,0,0,39,6,4835352854,10098194481,10165654816
1790892570,46224284,103077797888,0,0,0,0,0,1,1,2451820,8,1270,0,0,0,39,6,4835352854,10098194481,10165654816
1790892571,46235456,103076220928,0,0,0,0,0,1,1,2451820,8,1270,0,0,0,39,6,4835352854,10098194481,10165654816
1790892572,46245308,103072837632,0,0,0,0,0,1,1,2455148,8,1270,0,0,0,39,6,4835352854,10098194481,10165654816
1790892573,46253308,103069233152,0,0,0,0,0,1,1,2455148,8,1270,0,0,0,39,6,4835352854,10098194481,10165654816
1790892574,46260468,103060877312,0,0,0,0,0,1,1,2458506,8,1270,0,0,0,39,6,4835352854,10098194481,10165654816
1790892575,46267912,103072272384,0,0,0,0,0,1,1,2458506,8,1270,0,0,0,39,6,4835352854,10098194481,10165654816
1790892576,46272652,103073845248,0,0,0,0,0,1,1,2461849,8,1270,0,0,0,39,6,4835352854,10098194481,10165654816
1790892577,46282320,103069040640,0,0,0,0,0,1,1,2461849,8,1270,0,0,0,39,6,4835352854,10098194481,10165654816
1790892578,46291688,103075491840,0,0,0,0,0,1,1,2465167,8,1270,0,0,0,39,6,4835352854,10098194481,10165654816
1790892579,46297284,103079165952,0,0,0,0,0,1,1,2465167,8,1270,0,0,0,39,6,4835352854,10098194481,10165654816
1790892580,46306232,103073832960,0,0,0,0,0,1,1,2468493,8,1270,0,0,0,39,6,4835352854,10098194481,10165654816
1790892581,46312432,103075946496,0,0,0,0,0,1,1,2468493,8,1270,0,0,0,39,6,4835352854,10098194481,10165654816
1790892583,46322940,103073923072,0,0,0,0,0,1,1,2471860,8,1270,0,0,0,39,6,4835352854,10098194481,10165654816
1790892584,46329376,103068729344,0,0,0,0,0,1,1,2471860,8,1270,0,0,0,39,6,4835352854,10098194481,10165654816
1790892585,46339744,103068762112,0,0,0,0,0,1,1,2475178,8,1270,0,0,0,39,6,4835352854,10098194481,10165654816
1790892586,46350384,103073767424,0,0,0,0,0,1,1,2475178,8,1270,0,0,0,39,6,4835352854,10098194481,10165654816
1790892587,46359660,103070773248,0,0,0,0,0,1,1,2478586,8,1270,0,0,0,39,6,4835352854,10098194481,10165654816
1790892588,46367928,103074893824,0,0,0,0,0,1,1,2478586,8,1270,0,0,0,39,6,4835352854,10098194481,10165654816
1790892589,46376780,103059746816,0,0,0,0,0,1,1,2481994,8,1270,0,0,0,39,6,4835352854,10098194481,10165654816
1790892590,46381912,103076233216,0,0,0,0,0,1,1,2481994,8,1270,0,0,0,39,6,4835352854,10098194481,10165654816
1790892591,46391516,103074435072,0,0,0,0,0,1,1,2485309,8,1270,0,0,0,39,6,4835352854,10098194481,10165654816
1790892592,46401060,103068581888,0,0,0,0,0,1,1,2485309,8,1270,0,0,0,39,6,4835352854,10098194481,10165654816
1790892593,46408948,103079120896,0,0,0,0,0,1,1,2488660,8,1270,0,0,0,39,6,4835352854,10098194481,10165654816
1790892594,46417172,103065280512,0,0,0,0,0,1,1,2492001,8,1270,0,0,0,39,6,4835352854,10098194481,10165654816
1790892595,46425532,103072153600,0,0,0,0,0,1,1,2492001,8,1270,0,0,0,39,6,4835352854,10098194481,10165654816
1790892596,46434672,103078690816,0,0,0,0,0,1,1,2495348,8,1270,0,0,0,39,6,4835352854,10098194481,10165654816
1790892597,46443384,103073628160,0,0,0,0,0,1,1,2495348,8,1270,0,0,0,39,6,4835352854,10098194481,10165654816
1790892598,46453600,103067455488,0,0,0,0,0,1,1,2498690,8,1270,0,0,0,39,6,4835352854,10098194481,10165654816
1790892599,46460552,103070212096,0,0,0,0,0,1,1,2498690,8,1270,0,0,0,39,6,4835352854,10098194481,10165654816
1790892600,46467748,103078113280,0,0,0,0,0,1,1,2501982,8,1270,0,0,0,39,6,4835352854,10098194481,10165654816
1790892601,46475636,103069966336,0,0,0,0,0,1,1,2501982,8,1270,0,0,0,39,6,4835352854,10098194481,10165654816
1790892602,46487568,103073669120,0,0,0,0,0,1,1,2505343,8,1270,0,0,0,39,6,4835352854,10098194481,10165654816
1790892603,46496488,103078649856,0,0,0,0,0,1,1,2505343,8,1270,0,0,0,39,6,4835352854,10098194481,10165654816
1790892604,46505620,103060938752,0,0,0,0,0,1,1,2508696,8,1270,0,0,0,39,6,4835352854,10098194481,10165654816
1790892605,46515004,103079063552,0,0,0,0,0,1,1,2508696,8,1270,0,0,0,39,6,4835352854,10098194481,10165654816
1790892606,46521608,103074025472,0,0,0,0,0,1,1,2512087,8,1270,0,0,0,39,6,4835352854,10098194481,10165654816
1790892607,46527100,103078559744,0,0,0,0,0,1,1,2512087,8,1270,0,0,0,39,6,4835352854,10098194481,10165654816
1790892608,46538548,103075913728,0,0,0,0,0,1,1,2515452,8,1270,0,0,0,39,6,4835352854,10098194481,10165654816
1790892609,46550672,103074181120,0,0,0,0,0,1,1,2515452,8,1270,0,0,0,39,6,4835352854,10098194481,10165654816
1790892610,46559804,103068573696,0,0,0,0,0,1,1,2518804,8,1270,0,0,0,39,6,4835352854,10098194481,10165654816
1790892611,46569376,103075799040,0,0,0,0,0,1,1,2518804,8,1270,0,0,0,39,6,4835352854,10098194481,10165654816
1790892613,46582220,103071883264,0,0,0,0,0,1,1,2522117,8,1270,0,0,0,39,6,4835352854,10098194481,10165654816
1790892614,46594328,103071965184,0,0,0,0,0,1,1,2522117,8,1270,0,0,0,39,6,4835352854,10098194481,10165654816
1790892615,46605312,103068471296,0,0,0,0,0,1,1,2525449,8,1270,0,0,0,39,6,4835352854,10098194481,10165654816
1790892616,46614768,103075336192,0,0,0,0,0,1,1,2525449,8,1270,0,0,0,39,6,4835352854,10098194481,10165654816
1790892617,46627696,103072817152,0,0,0,0,0,1,1,2528769,8,1270,0,0,0,39,6,4835352854,10098194481,10165654816
1790892618,46638408,103075659776,0,0,0,0,0,1,1,2528769,8,1270,0,0,0,39,6,4835352854,10098194481,10165654816
1790892619,46651104,103075008512,0,0,0,0,0,1,1,2532088,8,1270,0,0,0,39,6,4835352854,10098194481,10165654816
1790892620,46658936,103069990912,0,0,0,0,0,1,1,2532088,8,1270,0,0,0,39,6,4835352854,10098194481,10165654816
1790892621,46667600,103076167680,0,0,0,0,0,1,1,2535446,8,1270,0,0,0,39,6,4835352854,10098194481,10165654816
1790892622,46676316,103072448512,0,0,0,0,0,1,1,2535446,8,1270,0,0,0,39,6,4835352854,10098194481,10165654816
1790892623,46688820,103074582528,0,0,0,0,0,1,1,2538858,8,1270,0,0,0,39,6,4835352854,10098194481,10165654816
1790892624,46699924,103073095680,0,0,0,0,0,1,1,2542256,8,1270,0,0,0,39,6,4835352854,10098194481,10165654816
1790892625,46711564,103068381184,0,0,0,0,0,1,1,2542256,8,1270,0,0,0,39,6,4835352854,10098194481,10165654816
1790892626,46723712,103070625792,0,0,0,0,0,1,1,2545696,8,1270,0,0,0,39,6,4835352854,10098194481,10165654816
1790892627,46735724,103068860416,0,0,0,0,0,1,1,2545696,8,1270,0,0,0,39,6,4835352854,10098194481,10165654816
1790892628,46745316,103077134336,0,0,0,0,0,1,1,2549016,8,1270,0,0,0,39,6,4835352854,10098194481,10165654816
1790892629,46756132,103074549760,0,0,0,0,0,1,1,2549016,8,1270,0,0,0,39,6,4835352854,10098194481,10165654816
1790892630,46770304,103077658624,0,0,0,0,0,1,1,2552337,8,1270,0,0,0,39,6,4835352854,10098194481,10165654816
1790892631,46782064,103069261824,0,0,0,0,0,1,1,2552337,8,1270,0,0,0,39,6,4835352854,10098194481,10165654816
1790892632,46795324,103070244864,0,0,0,0,0,1,1,2555680,8,1270,0,0,0,39,6,4835352854,10098194481,10165654816
1790892633,46807012,103069683712,0,0,0,0,0,1,1,2555680,8,1270,0,0,0,39,6,4835352854,10098194481,10165654816
1790892634,46818628,103073607680,0,0,0,0,0,1,1,2559001,8,1270,0,0,0,39,6,4835352854,10098194481,10165654816
1790892635,46829580,103062372352,0,0,0,0,0,1,1,2559001,8,1270,0,0,0,39,6,4835352854,10098194481,10165654816
1790892636,46838240,103068573696,0,0,0,0,0,1,1,2562311,8,1270,0,0,0,39,6,4835352854,10098194481,10165654816
1790892637,46849920,103068635136,0,0,0,0,0,1,1,2562311,8,1270,0,0,0,39,6,4835352854,10098194481,10165654816
1790892638,46862416,103070040064,0,0,0,0,0,1,1,2565608,8,1270,0,0,0,39,6,4835352854,10098194481,10165654816
1790892639,46870212,103068839936,0,0,0,0,0,1,1,2565608,8,1270,0,0,0,39,6,4835352854,10098194481,10165654816
1790892640,46882924,103077916672,0,0,0,0,0,1,1,2568948,8,1270,0,0,0,39,6,4835352854,10098194481,10165654816
1790892642,46890512,103073775616,0,0,0,0,0,1,1,2568948,8,1270,0,0,0,39,6,4835352854,10098194481,10165654816
1790892643,46904420,103064735744,0,0,0,0,0,1,1,2572235,8,1270,0,0,0,39,6,4835352854,10098194481,10165654816
1790892644,46916692,103076098048,0,0,0,0,0,1,1,2572235,8,1270,0,0,0,39,6,4835352854,10098194481,10165654816
1790892645,46926636,103071760384,0,0,0,0,0,1,1,2575569,8,1270,0,0,0,39,6,4835352854,10098194481,10165654816
1790892646,46936956,103074791424,0,0,0,0,0,1,1,2575569,8,1270,0,0,0,39,6,4835352854,10098194481,10165654816
1790892647,46947516,103078678528,0,0,0,0,0,1,1,2578868,8,1270,0,0,0,39,6,4835352854,10098194481,10165654816
1790892648,46959888,103078825984,0,0,0,0,0,1,1,2578868,8,1270,0,0,0,39,6,4835352854,10098194481,10165654816
1790892649,46970720,103070314496,0,0,0,0,0,1,1,2582168,8,1270,0,0,0,39,6,4835352854,10098194481,10165654816
1790892650,46979572,103075590144,0,0,0,0,0,1,1,2582168,8,1270,0,0,0,39,6,4835352854,10098194481,10165654816
1790892651,46986340,103070552064,0,0,0,0,0,1,1,2585445,8,1270,0,0,0,39,6,4835352854,10098194481,10165654816
1790892652,46996512,103071031296,0,0,0,0,0,1,1,2585445,8,1270,0,0,0,39,6,4835352854,10098194481,10165654816
1790892653,47004232,103079141376,0,0,0,0,0,1,1,2588768,8,1270,0,0,0,39,6,4835352854,10098194481,10165654816
1790892654,47015804,103070711808,0,0,0,0,0,1,1,2588768,8,1270,0,0,0,39,6,4835352854,10098194481,10165654816
1790892655,47026564,103073878016,0,0,0,0,0,1,1,2592058,8,1270,0,0,0,39,6,4835352854,10098194481,10165654816
1790892656,47036432,103071952896,0,0,0,0,0,1,1,2595409,8,1270,0,0,0,39,6,4835352854,10098194481,10165654816
1790892657,47049628,103073411072,0,0,0,0,0,1,1,2595409,8,1270,0,0,0,39,6,4835352854,10098194481,10165654816
1790892658,47056820,103069904896,0,0,0,0,0,1,1,2598720,8,1270,0,0,0,39,6,4835352854,10098194481,10165654816
1790892659,47069172,103070035968,0,0,0,0,0,1,1,2598720,8,1270,0,0,0,39,6,4835352854,10098194481,10165654816
1790892660,47080084,103072411648,0,0,0,0,0,1,1,2602055,8,1270,0,0,0,39,6,4835352854,10098194481,10165654816
1790892661,47088348,103079002112,0,0,0,0,0,1,1,2602055,8,1270,0,0,0,39,6,4835352854,10098194481,10165654816
1790892662,47098336,103077281792,0,0,0,0,0,1,1,2605299,8,1270,0,0,0,39,6,4835352854,10098194481,10165654816
1790892663,47109984,103076802560,0,0,0,0,0,1,1,2605299,8,1270,0,0,0,39,6,4835352854,10098194481,10165654816
1790892664,47119816,103075422208,0,0,0,0,0,1,1,2608654,8,1270,0,0,0,39,6,4835352854,10098194481,10165654816
1790892665,47133648,103075999744,0,0,0,0,0,1,1,2608654,8,1270,0,0,0,39,6,4835352854,10098194481,10165654816
1790892666,47144524,103074533376,0,0,0,0,0,1,1,2611994,8,1270,0,0,0,39,6,4835352854,10098194481,10165654816
1790892667,47152008,103079198720,0,0,0,0,0,1,1,2611994,8,1270,0,0,0,39,6,4835352854,10098194481,10165654816
1790892668,47161676,103076388864,0,0,0,0,0,1,1,2615327,8,1270,0,0,0,39,6,4835352854,10098194481,10165654816
1790892669,47172404,103073243136,0,0,0,0,0,1,1,2615327,8,1270,0,0,0,39,6,4835352854,10098194481,10165654816
1790892670,47183540,103073366016,0,0,0,0,0,1,1,2618627,8,1270,0,0,0,39,6,4835352854,10098194481,10165654816
1790892672,47194964,103071055872,0,0,0,0,0,1,1,2618627,8,1270,0,0,0,39,6,4835352854,10098194481,10165654816
1790892673,47206316,103068209152,0,0,0,0,0,1,1,2621938,8,1270,0,0,0,39,6,4835352854,10098194481,10165654816
1790892674,47215960,103066742784,0,0,0,0,0,1,1,2621938,8,1270,0,0,0,39,6,4835352854,10098194481,10165654816
1790892675,47226900,103070679040,0,0,0,0,0,1,1,2625355,8,1270,0,0,0,39,6,4835352854,10098194481,10165654816
1790892676,47238500,103073869824,0,0,0,0,0,1,1,2625355,8,1270,0,0,0,39,6,4835352854,10098194481,10165654816
1790892677,47250028,103076429824,0,0,0,0,0,1,1,2628652,8,1270,0,0,0,39,6,4835352854,10098194481,10165654816
1790892678,47266304,103056584704,0,0,0,0,0,1,1,2628652,8,1270,0,0,0,39,6,4835352854,10098194481,10165654816
1790892679,47284192,103077699584,0,0,0,0,0,1,1,2632048,8,1270,0,0,0,39,6,4835352854,10098194481,10165654816
1790892680,47306448,103079038976,0,0,0,0,0,1,1,2632048,8,1270,0,0,0,39,6,4835352854,10098194481,10165654816
1790892681,47322716,103071645696,0,0,0,0,0,1,1,2635385,8,1270,0,0,0,39,6,4835352854,10098194481,10165654816
1790892682,47341744,103076073472,0,0,0,0,0,1,1,2635385,8,1270,0,0,0,39,6,4835352854,10098194481,10165654816
1790892683,47356688,103061073920,0,0,0,0,0,1,1,2638682,8,1270,0,0,0,39,6,4835352854,10098194481,10165654816
1790892684,47371900,103074050048,0,0,0,0,0,1,1,2638682,8,1270,0,0,0,39,6,4835352854,10098194481,10165654816
1790892685,47389244,103075565568,0,0,0,0,0,1,1,2642011,8,1270,0,0,0,39,6,4835352854,10098194481,10165654816
1790892686,47399364,103071313920,0,0,0,0,0,1,1,2645390,8,1270,0,0,0,39,6,4835352854,10098194481,10165654816
1790892687,47409912,103078801408,0,0,0,0,0,1,1,2645390,8,1270,0,0,0,39,6,4835352854,10098194481,10165654816
1790892688,47424956,103070920704,0,0,0,0,0,1,1,2648736,8,1270,0,0,0,39,6,4835352854,10098194481,10165654816
1790892689,47434192,103053414400,0,0,0,0,0,1,1,2648736,8,1270,0,0,0,39,6,4835352854,10098194481,10165654816
1790892690,47445180,103073038336,0,0,0,0,0,1,1,2652085,8,1270,0,0,0,39,6,4835352854,10098194481,10165654816
1790892691,47459760,103076212736,0,0,0,0,0,1,1,2652085,8,1270,0,0,0,39,6,4835352854,10098194481,10165654816
1790892692,47473204,103066275840,0,0,0,0,0,1,1,2655451,8,1270,0,0,0,39,6,4835352854,10098194481,10165654816
1790892693,47480860,103063330816,0,0,0,0,0,1,1,2655451,8,1270,0,0,0,39,6,4835352854,10098194481,10165654816
1790892694,47492256,103071981568,0,0,0,0,0,1,1,2658772,8,1270,0,0,0,39,6,4835352854,10098194481,10165654816
1790892695,47501876,103068741632,0,0,0,0,0,1,1,2658772,8,1270,0,0,0,39,6,4835352854,10098194481,10165654816
1790892696,47510664,103076290560,0,0,0,0,0,1,1,2662086,8,1270,0,0,0,39,6,4835352854,10098194481,10165654816
1790892697,47523556,103077105664,0,0,0,0,0,1,1,2662086,8,1270,0,0,0,39,6,4835352854,10098194481,10165654816
1790892698,47532120,103068463104,0,0,0,0,0,1,1,2665384,8,1270,0,0,0,39,6,4835352854,10098194481,10165654816
1790892699,47540928,103078621184,0,0,0,0,0,1,1,2665384,8,1270,0,0,0,39,6,4835352854,10098194481,10165654816
1790892701,47546368,103073148928,0,0,0,0,0,1,1,2668716,8,1270,0,0,0,39,6,4835352854,10098194481,10165654816
1790892702,47558248,103069286400,0,0,0,0,0,1,1,2668716,8,1270,0,0,0,39,6,4835352854,10098194481,10165654816
1790892703,47574616,103071117312,0,0,0,0,0,1,1,2672000,8,1270,0,0,0,39,6,4835352854,10098194481,10165654816
1790892704,47582836,103078739968,0,0,0,0,0,1,1,2672000,8,1270,0,0,0,39,6,4835352854,10098194481,10165654816
1790892705,47595272,103077928960,0,0,0,0,0,1,1,2675325,8,1270,0,0,0,39,6,4835352854,10098194481,10165654816
1790892706,47615724,103072505856,0,0,0,0,0,1,1,2675325,8,1270,0,0,0,39,6,4835352854,10098194481,10165654816
1790892707,47635688,103068745728,0,0,0,0,0,1,1,2678697,8,1270,0,0,0,39,6,4835352854,10098194481,10165654816
1790892708,47655352,103063904256,0,0,0,0,0,1,1,2678697,8,1270,0,0,0,39,6,4835352854,10098194481,10165654816
1790892709,47669016,103079043072,0,0,0,0,0,1,1,2682090,8,1270,0,0,0,39,6,4835352854,10098194481,10165654816
1790892710,47687484,103074021376,0,0,0,0,0,1,1,2682090,8,1270,0,0,0,39,6,4835352854,10098194481,10165654816
1790892711,47701172,103073525760,0,0,0,0,0,1,1,2685421,8,1270,0,0,0,39,6,4835352854,10098194481,10165654816
1790892712,47721064,103072292864,0,0,0,0,0,1,1,2685421,8,1270,0,0,0,39,6,4835352854,10098194481,10165654816
1790892713,47735432,103075766272,0,0,0,0,0,1,1,2688729,8,1270,0,0,0,39,6,4835352854,10098194481,10165654816
1790892714,47754812,103069851648,0,0,0,0,0,1,1,2688729,8,1270,0,0,0,39,6,4835352854,10098194481,10165654816
1790892715,47770476,103073955840,0,0,0,0,0,1,1,2692084,8,1270,0,0,0,39,6,4835352854,10098194481,10165654816
1790892716,47790912,103068753920,0,0,0,0,0,1,1,2695470,8,1270,0,0,0,39,6,4835352854,10098194481,10165654816
1790892717,47809256,103072423936,0,0,0,0,0,1,1,2695470,8,1270,0,0,0,39,6,4835352854,10098194481,10165654816
1790892718,47826292,103076605952,0,0,0,0,0,1,1,2698799,8,1270,0,0,0,39,6,4835352854,10098194481,10165654816
1790892719,47850728,103078371328,0,0,0,0,0,1,1,2698799,8,1270,0,0,0,39,6,4835352854,10098194481,10165654816
1790892720,47869664,103074910208,0,0,0,0,0,1,1,2702146,8,1270,0,0,0,39,6,4835352854,10098194481,10165654816
1790892721,47892428,103072419840,0,0,0,0,0,1,1,2702146,8,1270,0,0,0,39,6,4835352854,10098194481,10165654816
1790892722,47912060,103077613568,0,0,0,0,0,1,1,2705484,8,1270,0,0,0,39,6,4835352854,10098194481,10165654816
1790892723,47933736,103075082240,0,0,0,0,0,1,1,2705484,8,1270,0,0,0,39,6,4835352854,10098194481,10165654816
1790892724,47954852,103060844544,0,0,0,0,0,1,1,2708765,8,1270,0,0,0,39,6,4835352854,10098194481,10165654816
1790892725,47977064,103072493568,0,0,0,0,0,1,1,2708765,8,1270,0,0,0,39,6,4835352854,10098194481,10165654816
1790892726,47985260,103073280000,0,0,0,0,0,1,1,2712066,8,1270,0,0,0,39,6,4835352854,10098194481,10165654816
1790892727,47998696,103077863424,0,0,0,0,0,1,1,2712066,8,1270,0,0,0,39,6,4835352854,10098194481,10165654816
1790892728,48014200,103070453760,0,0,0,0,0,1,1,2715448,8,1270,0,0,0,39,6,4835352854,10098194481,10165654816
1790892729,48027292,103071531008,0,0,0,0,0,1,1,2715448,8,1270,0,0,0,39,6,4835352854,10098194481,10165654816
1790892731,48037180,103071072256,0,0,0,0,0,1,1,2718792,8,1270,0,0,0,39,6,4835352854,10098194481,10165654816
1790892732,48042664,103067840512,0,0,0,0,0,1,1,2718792,8,1270,0,0,0,39,6,4835352854,10098194481,10165654816
1790892733,48051116,103066345472,0,0,0,0,0,1,1,2722172,8,1270,0,0,0,39,6,4835352854,10098194481,10165654816
1790892734,48052888,103078932480,0,0,0,0,0,1,1,2722172,8,1270,0,0,0,39,6,4835352854,10098194481,10165654816
1790892735,48062604,103077412864,0,0,0,0,0,1,1,2725504,8,1270,0,0,0,39,6,4835352854,10098194481,10165654816
1790892736,48069060,103071334400,0,0,0,0,0,1,1,2725504,8,1270,0,0,0,39,6,4835352854,10098194481,10165654816
1790892737,48076292,103068540928,0,0,0,0,0,1,1,2728889,8,1270,0,0,0,39,6,4835352854,10098194481,10165654816
1790892738,48086780,103077593088,0,0,0,0,0,1,1,2728889,8,1270,0,0,0,39,6,4835352854,10098194481,10165654816
1790892739,48096876,103074926592,0,0,0,0,0,1,1,2732217,8,1270,0,0,0,39,6,4835352854,10098194481,10165654816
1790892740,48107556,103071121408,0,0,0,0,0,1,1,2732217,8,1270,0,0,0,39,6,4835352854,10098194481,10165654816
1790892741,48115612,103076093952,0,0,0,0,0,1,1,2735506,8,1270,0,0,0,39,6,4835352854,10098194481,10165654816
1790892742,48124588,103062605824,0,0,0,0,0,1,1,2735506,8,1270,0,0,0,39,6,4835352854,10098194481,10165654816
1790892743,48135564,103073124352,0,0,0,0,0,1,1,2738828,8,1270,0,0,0,39,6,4835352854,10098194481,10165654816
1790892744,48145276,103069945856,0,0,0,0,0,1,1,2738828,8,1270,0,0,0,39,6,4835352854,10098194481,10165654816
1790892745,48151444,103074291712,0,0,0,0,0,1,1,2742164,8,1270,0,0,0,39,6,4835352854,10098194481,10165654816
1790892746,48160556,103076782080,0,0,0,0,0,1,1,2742164,8,1270,0,0,0,39,6,4835352854,10098194481,10165654816
1790892747,48170108,103076286464,0,0,0,0,0,1,1,2745510,8,1270,0,0,0,39,6,4835352854,10098194481,10165654816
1790892748,48181320,103073402880,0,0,0,0,0,1,1,2748771,8,1270,0,0,0,39,6,4835352854,10098194481,10165654816
1790892749,48188112,103078043648,0,0,0,0,0,1,1,2748771,8,1270,0,0,0,39,6,4835352854,10098194481,10165654816
1790892750,48197904,103072587776,0,0,0,0,0,1,1,2752149,8,1270,0,0,0,39,6,4835352854,10098194481,10165654816
1790892751,48206928,103076782080,0,0,0,0,0,1,1,2752149,8,1270,0,0,0,39,6,4835352854,10098194481,10165654816
1790892752,48215472,103069749248,0,0,0,0,0,1,1,2755538,8,1270,0,0,0,39,6,4835352854,10098194481,10165654816
1790892753,48223328,103075491840,0,0,0,0,0,1,1,2755538,8,1270,0,0,0,39,6,4835352854,10098194481,10165654816
1790892754,48233252,103069769728,0,0,0,0,0,1,1,2758876,8,1270,0,0,0,39,6,4835352854,10098194481,10165654816
1790892755,48241416,103077691392,0,0,0,0,0,1,1,2758876,8,1270,0,0,0,39,6,4835352854,10098194481,10165654816
1790892756,48251984,103077384192,0,0,0,0,0,1,1,2762171,8,1270,0,0,0,39,6,4835352854,10098194481,10165654816
1790892757,48262344,103076696064,0,0,0,0,0,1,1,2762171,8,1270,0,0,0,39,6,4835352854,10098194481,10165654816
1790892758,48271372,103072555008,0,0,0,0,0,1,1,2765497,8,1270,0,0,0,39,6,4835352854,10098194481,10165654816
1790892760,48281472,103071637504,0,0,0,0,0,1,1,2765497,8,1270,0,0,0,39,6,4835352854,10098194481,10165654816
1790892761,48291760,103071633408,0,0,0,0,0,1,1,2768775,8,1270,0,0,0,39,6,4835352854,10098194481,10165654816
1790892762,48300348,103070461952,0,0,0,0,0,1,1,2768775,8,1270,0,0,0,39,6,4835352854,10098194481,10165654816
1790892763,48310148,103053545472,0,0,0,0,0,1,1,2772110,8,1270,0,0,0,39,6,4835352854,10098194481,10165654816
1790892764,48318764,103073361920,0,0,0,0,0,1,1,2772110,8,1270,0,0,0,39,6,4835352854,10098194481,10165654816
1790892765,48328072,103078707200,0,0,0,0,0,1,1,2775454,8,1270,0,0,0,39,6,4835352854,10098194481,10165654816
1790892766,48337620,103064559616,0,0,0,0,0,1,1,2775454,8,1270,0,0,0,39,6,4835352854,10098194481,10165654816
1790892767,48348356,103078150144,0,0,0,0,0,1,1,2778798,8,1270,0,0,0,39,6,4835352854,10098194481,10165654816
1790892768,48357420,103070638080,0,0,0,0,0,1,1,2778798,8,1270,0,0,0,39,6,4835352854,10098194481,10165654816
1790892769,48366696,103077203968,0,0,0,0,0,1,1,2782111,8,1270,0,0,0,39,6,4835352854,10098194481,10165654816
1790892770,48377596,103064064000,0,0,0,0,0,1,1,2782111,8,1270,0,0,0,39,6,4835352854,10098194481,10165654816
1790892771,48387392,103071752192,0,0,0,0,0,1,1,2785445,8,1270,0,0,0,39,6,4835352854,10098194481,10165654816
1790892772,48394208,103076806656,0,0,0,0,0,1,1,2785445,8,1270,0,0,0,39,6,4835352854,10098194481,10165654816
1790892773,48403660,103069741056,0,0,0,0,0,1,1,2788794,8,1270,0,0,0,39,6,4835352854,10098194481,10165654816
1790892774,48413232,103077339136,0,0,0,0,0,1,1,2788794,8,1270,0,0,0,39,6,4835352854,10098194481,10165654816
1790892775,48423848,103064469504,0,0,0,0,0,1,1,2792100,8,1270,0,0,0,39,6,4835352854,10098194481,10165654816
1790892776,48432724,103073017856,0,0,0,0,0,1,1,2792100,8,1270,0,0,0,39,6,4835352854,10098194481,10165654816
1790892777,48442048,103069720576,0,0,0,0,0,1,1,2795474,8,1270,0,0,0,39,6,4835352854,10098194481,10165654816
1790892778,48452916,103074914304,0,0,0,0,0,1,1,2798813,8,1270,0,0,0,39,6,4835352854,10098194481,10165654816
1790892779,48460780,103068995584,0,0,0,0,0,1,1,2798813,8,1270,0,0,0,39,6,4835352854,10098194481,10165654816
1790892780,48470604,103066910720,0,0,0,0,0,1,1,2802208,8,1270,0,0,0,39,6,4835352854,10098194481,10165654816
1790892781,48481332,103078158336,0,0,0,0,0,1,1,2802208,8,1270,0,0,0,39,6,4835352854,10098194481,10165654816
1790892782,48491676,103074242560,0,0,0,0,0,1,1,2805490,8,1270,0,0,0,39,6,4835352854,10098194481,10165654816
1790892783,48499980,103069413376,0,0,0,0,0,1,1,2805490,8,1270,0,0,0,39,6,4835352854,10098194481,10165654816
1790892784,48512412,103069425664,0,0,0,0,0,1,1,2808853,8,1270,0,0,0,39,6,4835352854,10098194481,10165654816
1790892785,48523668,103076962304,0,0,0,0,0,1,1,2808853,8,1270,0,0,0,39,6,4835352854,10098194481,10165654816
1790892786,48532904,103075172352,0,0,0,0,0,1,1,2812201,8,1270,0,0,0,39,6,4835352854,10098194481,10165654816
1790892787,48542936,103079165952,0,0,0,0,0,1,1,2812201,8,1270,0,0,0,39,6,4835352854,10098194481,10165654816
1790892788,48554756,103068364800,0,0,0,0,0,1,1,2815565,8,1270,0,0,0,39,6,4835352854,10098194481,10165654816
1790892790,48565736,103074938880,0,0,0,0,0,1,1,2815565,8,1270,0,0,0,39,6,4835352854,10098194481,10165654816
1790892791,48571112,103079055360,0,0,0,0,0,1,1,2818921,8,1270,0,0,0,39,6,4835352854,10098194481,10165654816
1790892792,48581704,103076487168,0,0,0,0,0,1,1,2818921,8,1270,0,0,0,39,6,4835352854,10098194481,10165654816
1790892793,48590104,103062548480,0,0,0,0,0,1,1,2822207,8,1270,0,0,0,39,6,4835352854,10098194481,10165654816
1790892794,48598168,103068110848,0,0,0,0,0,1,1,2822207,8,1270,0,0,0,39,6,4835352854,10098194481,10165654816
1790892795,48611280,103079211008,0,0,0,0,0,1,1,2825571,8,1270,0,0,0,39,6,4835352854,10098194481,10165654816
1790892796,48621400,103078658048,0,0,0,0,0,1,1,2825571,8,1270,0,0,0,39,6,4835352854,10098194481,10165654816
1790892797,48635052,103068696576,0,0,0,0,0,1,1,2828876,8,1270,0,0,0,39,6,4835352854,10098194481,10165654816
1790892798,48644684,103077691392,0,0,0,0,0,1,1,2828876,8,1270,0,0,0,39,6,4835352854,10098194481,10165654816
1790892799,48654396,103076700160,0,0,0,0,0,1,1,2832249,8,1270,0,0,0,39,6,4835352854,10098194481,10165654816
1790892800,48663296,103075995648,0,0,0,0,0,1,1,2832249,8,1270,0,0,0,39,6,4835352854,10098194481,10165654816
1790892801,48673696,103068663808,0,0,0,0,0,1,1,2835629,8,1270,0,0,0,39,6,4835352854,10098194481,10165654816
1790892802,48684796,103076450304,0,0,0,0,0,1,1,2835629,8,1270,0,0,0,39,6,4835352854,10098194481,10165654816
1790892803,48695072,103074840576,0,0,0,0,0,1,1,2838995,8,1270,0,0,0,39,6,4835352854,10098194481,10165654816
1790892804,48702308,103073312768,0,0,0,0,0,1,1,2838995,8,1270,0,0,0,39,6,4835352854,10098194481,10165654816
1790892805,48714004,103074738176,0,0,0,0,0,1,1,2842339,8,1270,0,0,0,39,6,4835352854,10098194481,10165654816
1790892806,48724988,103074709504,0,0,0,0,0,1,1,2842339,8,1270,0,0,0,39,6,4835352854,10098194481,10165654816
1790892807,48732220,103059517440,0,0,0,0,0,1,1,2845713,8,1270,0,0,0,39,6,4835352854,10098194481,10165654816
1790892808,48742380,103068942336,0,0,0,0,0,1,1,2845713,8,1270,0,0,0,39,6,4835352854,10098194481,10165654816
1790892809,48752540,103077502976,0,0,0,0,0,1,1,2849030,8,1270,0,0,0,39,6,4835352854,10098194481,10165654816
1790892810,48759624,103060910080,0,0,0,0,0,1,1,2852439,8,1270,0,0,0,39,6,4835352854,10098194481,10165654816
1790892811,48769328,103078268928,0,0,0,0,0,1,1,2852439,8,1270,0,0,0,39,6,4835352854,10098194481,10165654816
1790892812,48779428,103064854528,0,0,0,0,0,1,1,2855848,8,1270,0,0,0,39,6,4835352854,10098194481,10165654816
1790892813,48787048,103058472960,0,0,0,0,0,1,1,2855848,8,1270,0,0,0,39,6,4835352854,10098194481,10165654816
1790892814,48797148,103078498304,0,0,0,0,0,1,1,2859240,8,1270,0,0,0,39,6,4835352854,10098194481,10165654816
1790892815,48805820,103072661504,0,0,0,0,0,1,1,2859240,8,1270,0,0,0,39,6,4835352854,10098194481,10165654816
1790892816,48816668,103071592448,0,0,0,0,0,1,1,2862681,8,1270,0,0,0,39,6,4835352854,10098194481,10165654816
1790892817,48827284,103078670336,0,0,0,0,0,1,1,2862681,8,1270,0,0,0,39,6,4835352854,10098194481,10165654816
1790892819,48835656,103073607680,0,0,0,0,0,1,1,2866052,8,1270,0,0,0,39,6,4835352854,10098194481,10165654816
1790892820,48843640,103070978048,0,0,0,0,0,1,1,2866052,8,1270,0,0,0,39,6,4835352854,10098194481,10165654816
1790892821,48851080,103079194624,0,0,0,0,0,1,1,2869469,8,1270,0,0,0,39,6,4835352854,10098194481,10165654816
1790892822,48860264,103066861568,0,0,0,0,0,1,1,2869469,8,1270,0,0,0,39,6,4835352854,10098194481,10165654816
1790892823,48869688,103074000896,0,0,0,0,0,1,1,2872803,8,1270,0,0,0,39,6,4835352854,10098194481,10165654816
1790892824,48879032,103070183424,0,0,0,0,0,1,1,2872803,8,1270,0,0,0,39,6,4835352854,10098194481,10165654816
1790892825,48889944,103077187584,0,0,0,0,0,1,1,2876133,8,1270,0,0,0,39,6,4835352854,10098194481,10165654816
1790892826,48900724,103078191104,0,0,0,0,0,1,1,2876133,8,1270,0,0,0,39,6,4835352854,10098194481,10165654816
1790892827,48910520,103070789632,0,0,0,0,0,1,1,2879501,8,1270,0,0,0,39,6,4835352854,10098194481,10165654816
1790892828,48921564,103077437440,0,0,0,0,0,1,1,2879501,8,1270,0,0,0,39,6,4835352854,10098194481,10165654816
1790892829,48929432,103061520384,0,0,0,0,0,1,1,2882934,8,1270,0,0,0,39,6,4835352854,10098194481,10165654816
1790892830,48937496,103056691200,0,0,0,0,0,1,1,2882934,8,1270,0,0,0,39,6,4835352854,10098194481,10165654816
1790892831,48946008,103074697216,0,0,0,0,0,1,1,2886277,8,1270,0,0,0,39,6,4835352854,10098194481,10165654816
1790892832,48952980,103070859264,0,0,0,0,0,1,1,2886277,8,1270,0,0,0,39,6,4835352854,10098194481,10165654816
1790892833,48951176,103077675008,0,0,0,0,0,1,1,2889634,8,1270,0,0,0,39,6,4835352854,10098194481,10165654816
1790892834,48957776,103073992704,0,0,0,0,0,1,1,2889634,8,1270,0,0,0,39,6,4835352854,10098194481,10165654816
1790892835,48962096,103076392960,0,0,0,0,0,1,1,2892967,8,1270,0,0,0,39,6,4835352854,10098194481,10165654816
1790892836,48962772,103072509952,0,0,0,0,0,1,1,2892967,8,1270,0,0,0,39,6,4835352854,10098194481,10165654816
1790892837,48968108,103075799040,0,0,0,0,0,1,1,2896392,8,1270,0,0,0,39,6,4835352854,10098194481,10165654816
1790892838,48967692,103072182272,0,0,0,0,0,1,1,2896392,8,1270,0,0,0,39,6,4835352854,10098194481,10165654816
1790892839,48970772,103061680128,0,0,0,0,0,1,1,2899761,8,1270,0,0,0,39,6,4835352854,10098194481,10165654816
1790892840,48971968,103070105600,0,0,0,0,0,1,1,2903141,8,1270,0,0,0,39,6,4835352854,10098194481,10165654816
1790892841,48973636,103078969344,0,0,0,0,0,1,1,2903141,8,1270,0,0,0,39,6,4835352854,10098194481,10165654816
1790892842,48973836,103075557376,0,0,0,0,0,1,1,2906555,8,1270,0,0,0,39,6,4835352854,10098194481,10165654816
1790892843,48972560,103075045376,0,0,0,0,0,1,1,2906555,8,1270,0,0,0,39,6,4835352854,10098194481,10165654816
1790892844,48976248,103074922496,0,0,0,0,0,1,1,2909909,8,1270,0,0,0,39,6,4835352854,10098194481,10165654816
1790892845,48978268,103070457856,0,0,0,0,0,1,1,2909909,8,1270,0,0,0,39,6,4835352854,10098194481,10165654816
1790892846,48978672,103076732928,0,0,0,0,0,1,1,2911366,8,1270,0,0,0,39,6,4835352854,10098194481,10165654816
1790892847,48978680,103076413440,0,0,0,0,0,1,1,2911366,8,1270,0,0,0,39,6,4835352854,10098194481,10165654816
1790892849,48978684,103076679680,0,0,0,0,0,1,1,2911366,8,1270,0,0,0,39,6,4835352854,10098194481,10165654816
1790892850,48978708,103076683776,0,0,0,0,0,1,1,2911366,8,1270,0,0,0,39,6,4835352854,10098194481,10165654816
1790892851,48978712,103076442112,0,0,0,0,0,1,1,2911366,8,1270,0,0,0,39,6,4835352854,10098194481,10165654816
1790892852,48978712,103076704256,0,0,0,0,0,1,1,2911366,8,1270,0,0,0,39,6,4835352854,10098194481,10165654816
1790892853,48979496,103077490688,0,0,0,0,0,1,1,2911366,8,1270,0,0,0,39,6,4835352854,10098194481,10165654816
