ts,rss_kb,cg_mem_bytes,Tidesdb_write_stall_ceiling_hits,Tidesdb_writes_throttled,Tidesdb_writes_blocked,Tidesdb_write_stall_us,Tidesdb_stall_admission,Tidesdb_stall_rotate_lock,Tidesdb_stall_rotate_work,Tidesdb_stall_wal_append,Tidesdb_stall_manifest_commit,Tidesdb_open_sstables,Tidesdb_flush_pending,Tidesdb_compaction_queue,Tidesdb_immutable_memtables,Tidesdb_flush_count,Tidesdb_compaction_count,Tidesdb_flush_bytes_written,Tidesdb_compaction_bytes_written,Tidesdb_compaction_bytes_read
1790898979,783800,840429568,0,0,0,0,0,0,0,0,1,1,0,0,0,1,0,290,0,0
1790898980,797496,858648576,0,0,0,0,0,0,0,0,1,1,0,0,0,1,0,290,0,0
1790898981,983124,1218793472,0,0,0,0,0,0,0,136,1,1233,0,0,0,1,0,290,0,0
1790898982,1295496,1841528832,0,0,0,0,0,0,0,136,1,1233,0,0,0,1,0,290,0,0
1790898983,1731124,2697838592,0,0,0,0,0,0,0,1966,1,1233,0,0,0,1,0,290,0,0
1790898984,2271460,3760005120,0,0,0,0,0,0,0,1966,1,1233,0,0,0,1,0,290,0,0
1790898985,2903328,5011881984,0,0,0,0,0,0,0,6319,1,1233,0,0,0,1,0,290,0,0
1790898986,3598288,6403870720,0,0,0,0,0,0,0,6319,1,1233,0,0,0,1,0,290,0,0
1790898987,4376288,7973105664,0,0,0,0,0,0,0,13255,1,1233,0,0,0,1,0,290,0,0
1790898988,5191116,9614962688,0,0,0,0,0,0,0,13255,1,1233,0,0,0,1,0,290,0,0
1790898990,5993036,11248979968,0,0,0,0,0,0,0,22400,1,1233,0,0,0,1,0,290,0,0
1790898991,6774024,12837269504,0,0,0,0,0,0,0,22400,1,1233,0,0,0,1,0,290,0,0
1790898992,7528644,14374490112,0,0,0,0,0,0,0,31663,1,1233,0,0,0,1,0,290,0,0
1790898993,8262024,15863222272,0,0,0,0,0,0,0,31663,1,1233,0,0,0,1,0,290,0,0
1790898994,9008976,17377517568,0,0,0,0,0,0,0,41010,1,1233,0,0,0,1,0,290,0,0
1790898995,9794872,18981380096,0,0,0,0,0,0,0,41010,1,1233,0,0,0,1,0,290,0,0
1790898996,10610484,20631040000,0,0,0,0,0,0,0,50622,1,1233,0,0,0,1,0,290,0,0
1790898997,11441972,22305517568,0,0,0,0,0,0,0,50622,1,1233,0,0,0,1,0,290,0,0
1790898998,12296980,24034263040,0,0,0,0,0,0,0,63649,1,1233,0,0,0,1,0,290,0,0
1790898999,13130340,25713741824,0,0,0,0,0,0,0,63649,1,1233,0,0,0,1,0,290,0,0
1790899000,13985284,27443347456,0,0,0,0,0,0,0,74666,1,1233,0,0,0,1,0,290,0,0
1790899001,14835196,29165117440,0,0,0,0,0,0,0,74666,1,1233,0,0,0,1,0,290,0,0
1790899002,15686916,30889185280,0,0,0,0,0,0,0,86113,1,1233,0,0,0,1,0,290,0,0
1790899003,16534936,32600899584,0,0,0,0,0,0,0,86113,1,1233,0,0,0,1,0,290,0,0
1790899004,17358688,34277023744,0,0,0,0,0,0,0,97893,1,1233,0,0,0,1,0,290,0,0
1790899005,18211364,36017373184,0,0,0,0,0,0,0,97893,1,1233,0,0,0,1,0,290,0,0
1790899006,19057988,37737558016,0,0,0,0,0,0,0,109418,1,1233,0,0,0,1,0,290,0,0
1790899007,19878132,39399288832,0,0,0,0,0,0,0,109418,1,1233,0,0,0,1,0,290,0,0
1790899008,20711668,41083031552,0,0,0,0,0,0,0,121012,1,1233,0,0,0,1,0,290,0,0
1790899009,21546756,42772746240,0,0,0,0,0,0,0,121012,1,1233,0,0,0,1,0,290,0,0
1790899010,22371532,44434210816,0,0,0,0,0,0,0,132493,1,1233,0,0,0,1,0,290,0,0
1790899012,23212252,46125719552,0,0,0,0,0,0,0,132493,1,1233,0,0,0,1,0,290,0,0
1790899013,24039532,47795732480,0,0,0,0,0,0,0,144156,1,1233,0,0,0,1,0,290,0,0
1790899014,24831204,49418616832,0,0,0,0,0,0,0,144156,1,1233,0,0,0,1,0,290,0,0
1790899015,25580564,50971328512,0,0,0,0,0,0,0,155951,1,1233,0,0,0,1,0,290,0,0
1790899016,26304664,52481019904,0,0,0,0,0,0,0,155951,1,1233,0,0,0,1,0,290,0,0
1790899017,27026732,54002458624,0,0,0,0,0,0,0,167843,1,1233,0,0,0,1,0,290,0,0
1790899018,27716532,55466307584,0,0,0,0,0,0,0,179874,1,1233,0,0,0,1,0,290,0,0
1790899019,28413848,56950321152,0,0,0,0,0,0,0,179874,1,1233,0,0,0,1,0,290,0,0
1790899020,29078032,58367279104,0,0,0,0,0,0,0,191992,1,1233,0,0,0,1,0,290,0,0
1790899021,29723848,59748503552,0,0,0,0,0,0,0,191992,1,1233,0,0,0,1,0,290,0,0
1790899022,30364896,61125480448,0,0,0,0,0,0,0,204201,1,1233,0,0,0,1,0,290,0,0
1790899023,31007828,62515511296,0,0,0,0,0,0,0,204201,1,1233,0,0,0,1,0,290,0,0
1790899024,31643420,63883829248,0,0,0,0,0,0,0,216353,1,1233,0,0,0,1,0,290,0,0
1790899025,32277172,65251930112,0,0,0,0,0,0,0,216353,1,1233,0,0,0,1,0,290,0,0
1790899026,32896000,66591883264,0,0,0,0,0,0,0,228548,1,1233,0,0,0,1,0,290,0,0
1790899027,33500300,67900489728,0,0,0,0,0,0,0,228548,1,1233,0,0,0,1,0,290,0,0
1790899028,34096756,69188861952,0,0,0,0,0,0,0,240944,1,1233,0,0,0,1,0,290,0,0
1790899029,34691816,70483496960,0,0,0,0,0,0,0,240944,1,1233,0,0,0,1,0,290,0,0
1790899030,35265404,71735533568,0,0,0,0,0,0,0,253230,1,1233,0,0,0,1,0,290,0,0
1790899032,35862164,73035300864,0,0,0,0,0,0,0,253230,1,1233,0,0,0,1,0,290,0,0
1790899033,36458484,74337603584,0,0,0,0,0,0,0,265721,1,1233,0,0,0,1,0,290,0,0
1790899034,37046984,75623424000,0,0,0,0,0,0,0,265721,1,1233,0,0,0,1,0,290,0,0
1790899035,37575284,76829904896,0,0,0,0,0,0,0,278269,1,1233,0,0,0,1,0,290,0,0
1790899036,37859124,77788749824,0,0,0,0,0,0,0,278269,1,1233,0,0,0,1,0,290,0,0
1790899037,38011384,78623125504,0,0,0,0,0,0,0,290857,1,1233,0,0,0,1,0,290,0,0
1790899038,38130792,79432507392,0,0,0,0,0,0,0,290857,1,1233,0,0,0,1,0,290,0,0
1790899039,38219896,80202448896,0,0,0,0,0,0,0,303657,1,1233,0,0,0,1,0,290,0,0
1790899040,38308888,80963182592,0,0,0,0,0,0,0,316439,1,1233,0,0,0,1,0,290,0,0
1790899041,38373752,81685590016,0,0,0,0,0,0,0,316439,1,1233,0,0,0,1,0,290,0,0
1790899042,38461072,82455072768,0,0,0,0,0,0,0,329387,1,1233,0,0,0,1,0,290,0,0
1790899043,38561804,83208818688,0,0,0,0,0,0,0,329387,1,1233,0,0,0,1,0,290,0,0
1790899044,38672432,83994783744,0,0,0,0,0,0,0,342149,1,1233,0,0,0,1,0,290,0,0
1790899045,38774028,84777312256,0,0,0,0,0,0,0,342149,1,1233,0,0,0,1,0,290,0,0
1790899046,38880480,85529526272,0,0,0,0,0,0,0,355064,1,1233,0,0,0,1,0,290,0,0
1790899047,38988404,86301327360,0,0,0,0,0,0,0,355064,1,1233,0,0,0,1,0,290,0,0
1790899048,39102228,87070220288,0,0,0,0,0,0,0,368137,1,1233,0,0,0,1,0,290,0,0
1790899049,39198056,87824465920,0,0,0,0,0,0,0,368137,1,1233,0,0,0,1,0,290,0,0
1790899050,39288848,88566833152,0,0,0,0,0,0,0,381138,1,1233,0,0,0,1,0,290,0,0
1790899052,39378808,89306497024,0,0,0,0,0,0,0,381138,1,1233,0,0,0,1,0,290,0,0
1790899053,39450972,90030026752,0,0,0,0,0,0,0,394163,1,1233,0,0,0,1,0,290,0,0
1790899054,39518812,90747899904,0,0,0,0,0,0,0,394163,1,1233,0,0,0,1,0,290,0,0
1790899055,39584764,91462610944,0,0,0,0,0,0,0,407227,1,1233,0,0,0,1,0,290,0,0
1790899056,39641148,92172455936,0,0,0,0,0,0,0,407227,1,1233,0,0,0,1,0,290,0,0
1790899057,39719692,92895522816,0,0,0,0,0,0,0,420397,1,1233,0,0,0,1,0,290,0,0
1790899058,39805244,93619429376,0,0,0,0,0,0,0,420397,1,1233,0,0,0,1,0,290,0,0
1790899059,39887652,94343999488,0,0,0,0,0,0,0,433454,1,1233,0,0,0,1,0,290,0,0
1790899060,39982276,95084273664,0,0,0,0,0,0,0,433454,1,1233,0,0,0,1,0,290,0,0
1790899061,40051844,95774597120,0,0,0,0,0,0,0,446419,1,1233,0,0,0,1,0,290,0,0
1790899062,40112480,96465231872,0,0,0,0,0,0,0,446419,1,1233,0,0,0,1,0,290,0,0
1790899063,40157916,97148071936,0,0,0,0,0,0,0,459341,1,1233,0,0,0,1,0,290,0,0
1790899064,40192808,97813028864,0,0,0,0,0,0,0,472549,1,1233,0,0,0,1,0,290,0,0
1790899065,40250784,98505183232,0,0,0,0,0,0,0,472549,1,1233,0,0,0,1,0,290,0,0
1790899066,40301812,99193896960,0,0,0,0,0,0,0,485784,1,1233,0,0,0,1,0,290,0,0
1790899067,40369752,99879493632,0,0,0,0,0,0,0,485784,1,1233,0,0,0,1,0,290,0,0
1790899068,40434392,100566163456,0,0,0,0,0,0,0,498851,1,1233,0,0,0,1,0,290,0,0
1790899069,40502504,101263368192,0,0,0,0,0,0,0,498851,1,1233,0,0,0,1,0,290,0,0
1790899070,40568264,101929046016,0,0,0,0,0,0,0,511982,1,1233,0,0,0,1,0,290,0,0
1790899071,40633008,102617640960,0,0,0,0,0,0,0,511982,1,1233,0,0,0,1,0,290,0,0
1790899073,40711844,103048761344,0,0,0,0,0,0,0,525169,1,1233,0,0,0,1,0,290,0,0
1790899074,40795800,103043317760,0,0,0,0,0,0,0,525169,1,1233,0,0,0,1,0,290,0,0
1790899075,40859416,103062663168,0,0,0,0,0,0,0,538339,1,1233,0,0,0,1,0,290,0,0
1790899076,40936912,103050219520,0,0,0,0,0,0,0,538339,1,1233,0,0,0,1,0,290,0,0
1790899077,41001164,103054479360,0,0,0,0,0,0,0,551440,1,1233,0,0,0,1,0,290,0,0
1790899078,41071824,103072903168,0,0,0,0,0,0,0,551440,1,1233,0,0,0,1,0,290,0,0
1790899079,41148596,103069552640,0,0,0,0,0,0,0,564665,1,1233,0,0,0,1,0,290,0,0
1790899080,41230148,103078404096,0,0,0,0,0,0,0,564665,1,1233,0,0,0,1,0,290,0,0
1790899081,41317400,103070699520,0,0,0,0,0,0,0,577794,1,1233,0,0,0,1,0,290,0,0
1790899082,41401068,103046221824,0,0,0,0,0,0,0,577794,1,1233,0,0,0,1,0,290,0,0
1790899083,41493612,103047278592,0,0,0,0,0,0,0,590796,1,1233,0,0,0,1,0,290,0,0
1790899084,41589064,103066599424,0,0,0,0,0,0,0,590796,1,1233,0,0,0,1,0,290,0,0
1790899085,41669336,103071326208,0,0,0,0,0,0,0,603772,1,1233,0,0,0,1,0,290,0,0
1790899086,41771412,103078580224,0,0,0,0,0,0,0,603772,1,1233,0,0,0,1,0,290,0,0
1790899087,41862172,103067791360,0,0,0,0,0,0,0,616777,1,1233,0,0,0,1,0,290,0,0
1790899088,41945284,103056551936,0,0,0,0,0,0,0,630013,1,1233,0,0,0,1,0,290,0,0
1790899089,42030744,103057383424,0,0,0,0,0,0,0,630013,1,1233,0,0,0,1,0,290,0,0
1790899090,42108724,103053520896,0,0,0,0,0,0,0,643053,1,1233,0,0,0,1,0,290,0,0
1790899092,42192480,103036452864,0,0,0,0,0,0,0,643053,1,1233,0,0,0,1,0,290,0,0
1790899093,42270088,103056687104,0,0,0,0,0,0,0,655821,1,1233,0,0,0,1,0,290,0,0
1790899094,42363832,103051640832,0,0,0,0,0,0,0,655821,1,1233,0,0,0,1,0,290,0,0
1790899095,42442816,103074496512,0,0,0,0,0,0,0,668915,1,1233,0,0,0,1,0,290,0,0
1790899096,42525768,103060254720,0,0,0,0,0,0,0,668915,1,1233,0,0,0,1,0,290,0,0
1790899097,42612468,103071666176,0,0,0,0,0,0,0,681970,1,1233,0,0,0,1,0,290,0,0
1790899098,42690772,103060647936,0,0,0,0,0,0,0,681970,1,1233,0,0,0,1,0,290,0,0
1790899099,42775288,103056392192,0,0,0,0,0,0,0,695033,1,1233,0,0,0,1,0,290,0,0
1790899100,42863904,103059308544,0,0,0,0,0,0,0,695033,1,1233,0,0,0,1,0,290,0,0
1790899101,42963568,103054249984,0,0,0,0,0,0,0,708148,1,1233,0,0,0,1,0,290,0,0
1790899102,43062728,103056142336,0,0,0,0,0,0,0,708148,1,1233,0,0,0,1,0,290,0,0
1790899103,43158688,103059836928,0,0,0,0,0,0,0,721232,1,1233,0,0,0,1,0,290,0,0
1790899104,43249824,103072329728,0,0,0,0,0,0,0,721232,1,1233,0,0,0,1,0,290,0,0
1790899105,43345360,103067582464,0,0,0,0,0,0,0,734401,1,1233,0,0,0,1,0,290,0,0
1790899106,43417088,103060684800,0,0,0,0,0,0,0,734401,1,1233,0,0,0,1,0,290,0,0
1790899107,43492156,103062122496,0,0,0,0,0,0,0,747426,1,1233,0,0,0,1,0,290,0,0
1790899108,43575560,103054467072,0,0,0,0,0,0,0,747426,1,1233,0,0,0,1,0,290,0,0
1790899109,43664320,103054286848,0,0,0,0,0,0,0,760461,1,1233,0,0,0,1,0,290,0,0
1790899110,43753028,103065010176,0,0,0,0,0,0,0,773513,1,1233,0,0,0,1,0,290,0,0
1790899112,43832124,103052038144,0,0,0,0,0,0,0,773513,1,1233,0,0,0,1,0,290,0,0
1790899113,43903588,103053897728,0,0,0,0,0,0,0,786654,1,1233,0,0,0,1,0,290,0,0
1790899114,43986192,103070601216,0,0,0,0,0,0,0,786654,1,1233,0,0,0,1,0,290,0,0
1790899115,44060848,103047720960,0,0,0,0,0,0,0,799719,1,1233,0,0,0,1,0,290,0,0
1790899116,44140320,103056760832,0,0,0,0,0,0,0,799719,1,1233,0,0,0,1,0,290,0,0
1790899117,44202648,103071850496,0,0,0,0,0,0,0,812736,1,1233,0,0,0,1,0,290,0,0
1790899118,44270328,103072878592,0,0,0,0,0,0,0,812736,1,1233,0,0,0,1,0,290,0,0
1790899119,44370220,103073705984,0,0,0,0,0,0,0,825766,1,1233,0,0,0,1,0,290,0,0
1790899120,44445148,103076360192,0,0,0,0,0,0,0,825766,1,1233,0,0,0,1,0,290,0,0
1790899121,44524304,103035281408,0,0,0,0,0,0,0,838716,1,1233,0,0,0,1,0,290,0,0
1790899122,44609360,103069904896,0,0,0,0,0,0,0,838716,1,1233,0,0,0,1,0,290,0,0
1790899123,44681156,103076704256,0,0,0,0,0,0,0,851689,1,1233,0,0,0,1,0,290,0,0
1790899124,44750192,103059922944,0,0,0,0,0,0,0,851689,1,1233,0,0,0,1,0,290,0,0
1790899125,44803400,103076540416,0,0,0,0,0,0,0,864397,1,1233,0,0,0,1,0,290,0,0
1790899126,44862520,103053275136,0,0,0,0,0,0,0,864397,1,1233,0,0,0,1,0,290,0,0
1790899127,44919324,103054090240,0,0,0,0,0,0,0,877446,1,1233,0,0,0,1,0,290,0,0
1790899128,44977652,103071522816,0,0,0,0,0,0,0,877446,1,1233,0,0,0,1,0,290,0,0
1790899129,45036796,103067820032,0,0,0,0,0,0,0,890445,1,1233,0,0,0,1,0,290,0,0
1790899130,45092672,103042228224,0,0,0,0,0,0,0,890445,1,1233,0,0,0,1,0,290,0,0
1790899132,45150068,103074648064,0,0,0,0,0,0,0,903411,1,1233,0,0,0,1,0,290,0,0
1790899133,45221500,103057981440,0,0,0,0,0,0,0,916333,1,1233,0,0,0,1,0,290,0,0
1790899134,45288928,103046291456,0,0,0,0,0,0,0,916333,1,1233,0,0,0,1,0,290,0,0
1790899135,45349408,103048941568,0,0,0,0,0,0,0,929264,1,1233,0,0,0,1,0,290,0,0
1790899136,45399180,103064514560,0,0,0,0,0,0,0,929264,1,1233,0,0,0,1,0,290,0,0
1790899137,45454560,103069380608,0,0,0,0,0,0,0,942125,1,1233,0,0,0,1,0,290,0,0
1790899138,45501148,103055646720,0,0,0,0,0,0,0,942125,1,1233,0,0,0,1,0,290,0,0
1790899139,45549496,103077154816,0,0,0,0,0,0,0,955103,1,1233,0,0,0,1,0,290,0,0
1790899140,45595520,103078117376,0,0,0,0,0,0,0,955103,1,1233,0,0,0,1,0,290,0,0
1790899141,45638164,103049740288,0,0,0,0,0,0,0,968205,1,1233,0,0,0,1,0,290,0,0
1790899142,45691572,103064973312,0,0,0,0,0,0,0,968205,1,1233,0,0,0,1,0,290,0,0
1790899143,45745848,103049093120,0,0,0,0,0,0,0,981083,1,1233,0,0,0,1,0,290,0,0
1790899144,45797628,103067136000,0,0,0,0,0,0,0,981083,1,1233,0,0,0,1,0,290,0,0
1790899145,45870908,103070851072,0,0,0,0,0,0,0,994073,1,1233,0,0,0,1,0,290,0,0
1790899146,45949172,103075127296,0,0,0,0,0,0,0,994073,1,1233,0,0,0,1,0,290,0,0
1790899147,46023196,103076868096,0,0,0,0,0,0,0,1007070,1,1233,0,0,0,1,0,290,0,0
1790899148,46093744,103077109760,0,0,0,0,0,0,0,1007070,1,1233,0,0,0,1,0,290,0,0
1790899149,46166336,103074492416,0,0,0,0,0,0,0,1019986,1,1233,0,0,0,1,0,290,0,0
1790899150,46241824,103049924608,0,0,0,0,0,0,0,1019986,1,1233,0,0,0,1,0,290,0,0
1790899152,46320872,103072477184,0,0,0,0,0,0,0,1032860,1,1233,0,0,0,1,0,290,0,0
1790899153,46395064,103030050816,0,0,0,0,0,0,0,1032860,1,1233,0,0,0,1,0,290,0,0
1790899154,46465864,103074893824,0,0,0,0,0,0,0,1045711,1,1233,0,0,0,1,0,290,0,0
1790899155,46532520,103048216576,0,0,0,0,0,0,0,1058536,1,1233,0,0,0,1,0,290,0,0
1790899156,46599252,103069573120,0,0,0,0,0,0,0,1058536,1,1233,0,0,0,1,0,290,0,0
1790899157,46667472,103073648640,0,0,0,0,0,0,0,1071348,1,1233,0,0,0,1,0,290,0,0
1790899158,46728240,103043690496,0,0,0,0,0,0,0,1071348,1,1233,0,0,0,1,0,290,0,0
1790899159,46798524,103072952320,0,0,0,0,0,0,0,1084191,1,1233,0,0,0,1,0,290,0,0
1790899160,46871296,103077638144,0,0,0,0,0,0,0,1084191,1,1233,0,0,0,1,0,290,0,0
1790899161,46945612,103024566272,0,0,0,0,0,0,0,1097051,1,1233,0,0,0,1,0,290,0,0
1790899162,47015820,103030800384,0,0,0,0,0,0,0,1097051,1,1233,0,0,0,1,0,290,0,0
1790899163,47092940,103055433728,0,0,0,0,0,0,0,1109887,1,1233,0,0,0,1,0,290,0,0
1790899164,47168224,103075848192,0,0,0,0,0,0,0,1109887,1,1233,0,0,0,1,0,290,0,0
1790899165,47245524,103075921920,0,0,0,0,0,0,0,1122713,1,1233,0,0,0,1,0,290,0,0
1790899166,47327336,103077068800,0,0,0,0,0,0,0,1122713,1,1233,0,0,0,1,0,290,0,0
1790899167,47398944,103077732352,0,0,0,0,0,0,0,1135651,1,1233,0,0,0,1,0,290,0,0
1790899168,47487420,103072428032,0,0,0,0,0,0,0,1135651,1,1233,0,0,0,1,0,290,0,0
1790899169,47569536,103069048832,0,0,0,0,0,0,0,1148456,1,1233,0,0,0,1,0,290,0,0
1790899170,47641988,103055282176,0,0,0,0,0,0,0,1148456,1,1233,0,0,0,1,0,290,0,0
1790899171,47704936,103072813056,0,0,0,0,0,0,0,1161305,1,1233,0,0,0,1,0,290,0,0
1790899173,47748932,103078875136,0,0,0,0,0,0,0,1161305,1,1233,0,0,0,1,0,290,0,0
1790899174,47790268,103078998016,0,0,0,0,0,0,0,1174203,1,1233,0,0,0,1,0,290,0,0
1790899175,47815212,103064174592,0,0,0,0,0,0,0,1174203,1,1233,0,0,0,1,0,290,0,0
1790899176,47818388,103037550592,0,0,0,0,0,0,0,1187051,1,1233,0,0,0,1,0,290,0,0
1790899177,47833268,103061929984,0,0,0,0,0,0,0,1187051,1,1233,0,0,0,1,0,290,0,0
1790899178,47848616,103064875008,0,0,0,0,0,0,0,1199848,1,1233,0,0,0,1,0,290,0,0
1790899179,47885888,103056228352,0,0,0,0,0,0,0,1212715,1,1233,0,0,0,1,0,290,0,0
1790899180,47910520,103079120896,0,0,0,0,0,0,0,1212715,1,1233,0,0,0,1,0,290,0,0
1790899181,47930460,103079022592,0,0,0,0,0,0,0,1225530,1,1233,0,0,0,1,0,290,0,0
1790899182,47969840,103075033088,0,0,0,0,0,0,0,1225530,1,1233,0,0,0,1,0,290,0,0
1790899183,48006224,103075131392,0,0,0,0,0,0,0,1238441,1,1233,0,0,0,1,0,290,0,0
1790899184,48041908,103061917696,0,0,0,0,0,0,0,1238441,1,1233,0,0,0,1,0,290,0,0
1790899185,48093428,103064850432,0,0,0,0,0,0,0,1251446,1,1233,0,0,0,1,0,290,0,0
1790899186,48127672,103067820032,0,0,0,0,0,0,0,1251446,1,1233,0,0,0,1,0,290,0,0
1790899187,48147024,103070412800,0,0,0,0,0,0,0,1264117,1,1233,0,0,0,1,0,290,0,0
1790899188,48196360,103047385088,0,0,0,0,0,0,0,1264117,1,1233,0,0,0,1,0,290,0,0
1790899189,48232712,103065100288,0,0,0,0,0,0,0,1276836,1,1233,0,0,0,1,0,290,0,0
1790899190,48277552,103076818944,0,0,0,0,0,0,0,1276836,1,1233,0,0,0,1,0,290,0,0
1790899191,48326284,103067684864,0,0,0,0,0,0,0,1289734,1,1233,0,0,0,1,0,290,0,0
1790899193,48373308,103071719424,0,0,0,0,0,0,0,1289734,1,1233,0,0,0,1,0,290,0,0
1790899194,48416300,103050936320,0,0,0,0,0,0,0,1302636,1,1233,0,0,0,1,0,290,0,0
1790899195,48447360,103066484736,0,0,0,0,0,0,0,1302636,1,1233,0,0,0,1,0,290,0,0
1790899196,48485276,103073832960,0,0,0,0,0,0,0,1315673,1,1233,0,0,0,1,0,290,0,0
1790899197,48519932,103073984512,0,0,0,0,0,0,0,1315673,1,1233,0,0,0,1,0,290,0,0
1790899198,48567916,103067533312,0,0,0,0,0,0,0,1328576,1,1233,0,0,0,1,0,290,0,0
1790899199,48599568,103060656128,0,0,0,0,0,0,0,1328576,1,1233,0,0,0,1,0,290,0,0
1790899200,48631804,103075405824,0,0,0,0,0,0,0,1341636,1,1233,0,0,0,1,0,290,0,0
1790899201,48654240,103074140160,0,0,0,0,0,0,0,1354665,1,1233,0,0,0,1,0,290,0,0
1790899202,48686900,103068733440,0,0,0,0,0,0,0,1354665,1,1233,0,0,0,1,0,290,0,0
1790899203,48706196,103064535040,0,0,0,0,0,0,0,1367562,1,1233,0,0,0,1,0,290,0,0
1790899204,48743736,103026044928,0,0,0,0,0,0,0,1367562,1,1233,0,0,0,1,0,290,0,0
1790899205,48775332,103061159936,0,0,0,0,0,0,0,1380548,1,1233,0,0,0,1,0,290,0,0
1790899206,48825472,103074168832,0,0,0,0,0,0,0,1380548,1,1233,0,0,0,1,0,290,0,0
1790899207,48887860,103066533888,0,0,0,0,0,0,0,1393329,1,1233,0,0,0,1,0,290,0,0
1790899208,48947260,103073849344,0,0,0,0,0,0,0,1393329,1,1233,0,0,0,1,0,290,0,0
1790899209,49013692,103071559680,0,0,0,0,0,0,0,1406249,1,1233,0,0,0,1,0,290,0,0
1790899210,49071596,103056834560,0,0,0,0,0,0,0,1406249,1,1233,0,0,0,1,0,290,0,0
1790899211,49129420,103078727680,0,0,0,0,0,0,0,1419226,1,1233,0,0,0,1,0,290,0,0
1790899213,49188164,103077396480,0,0,0,0,0,0,0,1419226,1,1233,0,0,0,1,0,290,0,0
1790899214,49225148,103078252544,0,0,0,0,0,0,0,1432119,1,1233,0,0,0,1,0,290,0,0
1790899215,49275896,103062691840,0,0,0,0,0,0,0,1432119,1,1233,0,0,0,1,0,290,0,0
1790899216,49330504,103059800064,0,0,0,0,0,0,0,1444981,1,1233,0,0,0,1,0,290,0,0
1790899217,49383120,103060316160,0,0,0,0,0,0,0,1444981,1,1233,0,0,0,1,0,290,0,0
1790899218,49440572,103077920768,0,0,0,0,0,0,0,1457849,1,1233,0,0,0,1,0,290,0,0
1790899219,49481988,103070875648,0,0,0,0,0,0,0,1457849,1,1233,0,0,0,1,0,290,0,0
1790899220,49519908,103075180544,0,0,0,0,0,0,0,1470807,1,1233,0,0,0,1,0,290,0,0
1790899221,49576684,103055888384,0,0,0,0,0,0,0,1470807,1,1233,0,0,0,1,0,290,0,0
1790899222,49634036,103068119040,0,0,0,0,0,0,0,1483619,1,1233,0,0,0,1,0,290,0,0
1790899223,49693588,103066484736,0,0,0,0,0,0,0,1496517,1,1233,0,0,0,1,0,290,0,0
1790899224,49744644,103077412864,0,0,0,0,0,0,0,1496517,1,1233,0,0,0,1,0,290,0,0
1790899225,49791244,103068753920,0,0,0,0,0,0,0,1509467,1,1233,0,0,0,1,0,290,0,0
1790899226,49844528,103079198720,0,0,0,0,0,0,0,1509467,1,1233,0,0,0,1,0,290,0,0
1790899227,49880532,103075282944,0,0,0,0,0,0,0,1522352,1,1233,0,0,0,1,0,290,0,0
1790899228,49919924,103051276288,0,0,0,0,0,0,0,1522352,1,1233,0,0,0,1,0,290,0,0
1790899229,49949608,103047565312,0,0,0,0,0,0,0,1535064,1,1233,0,0,0,1,0,290,0,0
1790899230,49991880,103068930048,0,0,0,0,0,0,0,1535064,1,1233,0,0,0,1,0,290,0,0
1790899231,50017084,103076433920,0,0,0,0,0,0,0,1547883,1,1233,0,0,0,1,0,290,0,0
1790899233,50060184,103069810688,0,0,0,0,0,0,0,1547883,1,1233,0,0,0,1,0,290,0,0
1790899234,50103812,103051780096,0,0,0,0,0,0,0,1560662,1,1233,0,0,0,1,0,290,0,0
1790899235,50144868,103053807616,0,0,0,0,0,0,0,1560662,1,1233,0,0,0,1,0,290,0,0
1790899236,50177956,103066259456,0,0,0,0,0,0,0,1573692,1,1233,0,0,0,1,0,290,0,0
1790899237,50212532,103070994432,0,0,0,0,0,0,0,1573692,1,1233,0,0,0,1,0,290,0,0
1790899238,50257580,103047045120,0,0,0,0,0,0,0,1586538,1,1233,0,0,0,1,0,290,0,0
1790899239,50303960,103078318080,0,0,0,0,0,0,0,1586538,1,1233,0,0,0,1,0,290,0,0
1790899240,50365352,103023857664,0,0,0,0,0,0,0,1599346,1,1233,0,0,0,1,0,290,0,0
1790899241,50424608,103069818880,0,0,0,0,0,0,0,1599346,1,1233,0,0,0,1,0,290,0,0
1790899242,50477124,103070441472,0,0,0,0,0,0,0,1612176,1,1233,0,0,0,1,0,290,0,0
1790899243,50532140,103064686592,0,0,0,0,0,0,0,1612176,1,1233,0,0,0,1,0,290,0,0
1790899244,50579508,103054536704,0,0,0,0,0,0,0,1625044,1,1233,0,0,0,1,0,290,0,0
1790899245,50629268,103072722944,0,0,0,0,0,0,0,1625044,1,1233,0,0,0,1,0,290,0,0
1790899246,50684224,103060451328,0,0,0,0,0,0,0,1637905,1,1233,0,0,0,1,0,290,0,0
1790899247,50727504,103060811776,0,0,0,0,0,0,0,1650750,1,1233,0,0,0,1,0,290,0,0
1790899248,50785280,103051579392,0,0,0,0,0,0,0,1650750,1,1233,0,0,0,1,0,290,0,0
1790899249,50851700,103071674368,0,0,0,0,0,0,0,1663661,1,1233,0,0,0,1,0,290,0,0
1790899250,50925308,103073943552,0,0,0,0,0,0,0,1663661,1,1233,0,0,0,1,0,290,0,0
1790899251,50989844,103072980992,0,0,0,0,0,0,0,1676675,1,1233,0,0,0,1,0,290,0,0
1790899252,51073728,103041609728,0,0,0,0,0,0,0,1676675,1,1233,0,0,0,1,0,290,0,0
1790899254,51164368,103075340288,0,0,0,0,0,0,0,1689504,1,1233,0,0,0,1,0,290,0,0
1790899255,51270944,103061876736,0,0,0,0,0,0,0,1689504,1,1233,0,0,0,1,0,290,0,0
1790899256,51341764,103073947648,0,0,0,0,0,1,1,1701438,1,1234,1,0,1,1,0,290,0,0
1790899257,51400456,103066697728,0,0,0,0,0,1,1,1701438,1,1234,1,0,1,1,0,290,0,0
1790899258,51466180,103079100416,0,0,0,0,0,1,1,1713007,1,1238,1,0,1,1,0,290,0,0
1790899259,51503616,103052300288,0,0,0,0,0,1,1,1713007,1,1238,1,0,1,1,0,290,0,0
1790899260,51558528,103073873920,0,0,0,0,0,1,1,1724682,1,1245,1,0,1,1,0,290,0,0
1790899261,51614780,103042793472,0,0,0,0,0,1,1,1724682,1,1245,1,0,1,1,0,290,0,0
1790899262,51659636,103070740480,0,0,0,0,0,1,1,1736333,1,1254,1,0,1,1,0,290,0,0
1790899263,51710220,103071191040,0,0,0,0,0,1,1,1736333,1,1254,1,0,1,1,0,290,0,0
1790899264,51758804,103076663296,0,0,0,0,0,1,1,1747952,1,1262,1,0,1,1,0,290,0,0
1790899265,51802664,103077724160,0,0,0,0,0,1,1,1747952,1,1262,1,0,1,1,0,290,0,0
1790899266,51849576,103077826560,0,0,0,0,0,1,1,1759488,1,1269,1,0,1,1,0,290,0,0
1790899267,51911940,103078998016,0,0,0,0,0,1,1,1759488,1,1269,1,0,1,1,0,290,0,0
1790899268,51915840,103071657984,0,0,0,0,0,1,1,1770986,1,1269,1,0,1,1,0,290,0,0
1790899269,51961868,103063707648,0,0,0,0,0,1,1,1782385,1,1269,1,0,1,1,0,290,0,0
1790899270,52025124,103022092288,0,0,0,0,0,1,1,1782385,1,1269,1,0,1,1,0,290,0,0
1790899271,52099972,103071793152,0,0,0,0,0,1,1,1793943,1,1269,1,0,1,1,0,290,0,0
1790899273,52154452,103069556736,0,0,0,0,0,1,1,1793943,1,1269,1,0,1,1,0,290,0,0
1790899274,52201380,103078821888,0,0,0,0,0,1,1,1805417,1,1269,1,0,1,1,0,290,0,0
1790899275,52264552,103052279808,0,0,0,0,0,1,1,1805417,1,1269,1,0,1,1,0,290,0,0
1790899276,49704920,101692502016,0,0,0,0,0,1,1,1813386,3,1277,0,1,0,39,1,4826199953,3376820,6736970
1790899277,49613164,103063166976,0,0,0,0,0,1,1,1813386,3,1277,0,1,0,39,1,4826199953,3376820,6736970
1790899278,49393232,103064576000,0,0,0,0,0,1,1,1819040,3,1291,0,1,0,39,1,4826199953,3376820,6736970
1790899279,48932140,103069913088,0,0,0,0,0,1,1,1819040,3,1291,0,1,0,39,1,4826199953,3376820,6736970
1790899280,48143228,100593954816,0,0,0,0,0,1,1,1823646,5,1301,0,0,0,39,3,4826199953,2791197258,2794867294
1790899281,47158880,100911902720,0,0,0,0,0,1,1,1823646,5,1301,0,0,0,39,3,4826199953,2791197258,2794867294
1790899282,46236868,101220868096,0,0,0,0,0,1,1,1829681,5,1312,0,0,0,39,3,4826199953,2791197258,2794867294
1790899283,45552016,101847740416,0,0,0,0,0,1,1,1829681,5,1312,0,0,0,39,3,4826199953,2791197258,2794867294
1790899284,44865884,102416506880,0,0,0,0,0,1,1,1836083,5,1328,0,0,0,39,3,4826199953,2791197258,2794867294
1790899285,44590616,103052525568,0,0,0,0,0,1,1,1836083,5,1328,0,0,0,39,3,4826199953,2791197258,2794867294
1790899286,44521896,103075962880,0,0,0,0,0,1,1,1841971,5,1342,0,0,0,39,3,4826199953,2791197258,2794867294
1790899287,44506340,103051374592,0,0,0,0,0,1,1,1841971,5,1342,0,0,0,39,3,4826199953,2791197258,2794867294
1790899288,44439732,103063580672,0,0,0,0,0,1,1,1848240,5,1355,0,0,0,39,3,4826199953,2791197258,2794867294
1790899290,44423928,103058010112,0,0,0,0,0,1,1,1848240,5,1355,0,0,0,39,3,4826199953,2791197258,2794867294
1790899291,44411484,103047753728,0,0,0,0,0,1,1,1856236,5,1368,0,0,0,39,3,4826199953,2791197258,2794867294
1790899292,44415104,103061221376,0,0,0,0,0,1,1,1866148,5,1374,0,0,0,39,3,4826199953,2791197258,2794867294
1790899293,44403972,103048806400,0,0,0,0,0,1,1,1866148,5,1374,0,0,0,39,3,4826199953,2791197258,2794867294
1790899294,44442236,100897304576,0,0,0,0,0,1,1,1876609,6,1344,0,0,0,39,4,4826199953,5227458849,5255185206
1790899295,44501088,99196227584,0,0,0,0,0,1,1,1876609,6,1344,0,0,0,39,4,4826199953,5227458849,5255185206
1790899296,44570076,97439842304,0,0,0,0,0,1,1,1888516,8,1270,0,0,0,39,6,4826199953,10098166322,10174528767
1790899297,44637332,98126376960,0,0,0,0,0,1,1,1888516,8,1270,0,0,0,39,6,4826199953,10098166322,10174528767
1790899298,44686896,98786783232,0,0,0,0,0,1,1,1901212,8,1270,0,0,0,39,6,4826199953,10098166322,10174528767
1790899299,44726508,99441430528,0,0,0,0,0,1,1,1901212,8,1270,0,0,0,39,6,4826199953,10098166322,10174528767
1790899300,44745080,100070617088,0,0,0,0,0,1,1,1914013,8,1270,0,0,0,39,6,4826199953,10098166322,10174528767
1790899301,44779484,100721238016,0,0,0,0,0,1,1,1914013,8,1270,0,0,0,39,6,4826199953,10098166322,10174528767
1790899302,44801760,101344903168,0,0,0,0,0,1,1,1926864,8,1270,0,0,0,39,6,4826199953,10098166322,10174528767
1790899303,44822732,101970190336,0,0,0,0,0,1,1,1926864,8,1270,0,0,0,39,6,4826199953,10098166322,10174528767
1790899304,44834600,102589304832,0,0,0,0,0,1,1,1939680,8,1270,0,0,0,39,6,4826199953,10098166322,10174528767
1790899305,44849848,103075647488,0,0,0,0,0,1,1,1939680,8,1270,0,0,0,39,6,4826199953,10098166322,10174528767
1790899306,44873688,103075418112,0,0,0,0,0,1,1,1952358,8,1270,0,0,0,39,6,4826199953,10098166322,10174528767
1790899307,44891160,103076941824,0,0,0,0,0,1,1,1952358,8,1270,0,0,0,39,6,4826199953,10098166322,10174528767
1790899308,44902512,103056781312,0,0,0,0,0,1,1,1965096,8,1270,0,0,0,39,6,4826199953,10098166322,10174528767
1790899310,44920156,103070289920,0,0,0,0,0,1,1,1965096,8,1270,0,0,0,39,6,4826199953,10098166322,10174528767
1790899311,44933736,103075323904,0,0,0,0,0,1,1,1976624,8,1270,0,0,0,39,6,4826199953,10098166322,10174528767
1790899312,44964360,103073054720,0,0,0,0,0,1,1,1976624,8,1270,0,0,0,39,6,4826199953,10098166322,10174528767
1790899313,45001684,103072088064,0,0,0,0,0,1,1,1988718,8,1270,0,0,0,39,6,4826199953,10098166322,10174528767
1790899314,45050324,103076990976,0,0,0,0,0,1,1,2001497,8,1270,0,0,0,39,6,4826199953,10098166322,10174528767
1790899315,45091444,103061602304,0,0,0,0,0,1,1,2001497,8,1270,0,0,0,39,6,4826199953,10098166322,10174528767
1790899316,45117512,103077937152,0,0,0,0,0,1,1,2014130,8,1270,0,0,0,39,6,4826199953,10098166322,10174528767
1790899317,45161876,103070322688,0,0,0,0,0,1,1,2014130,8,1270,0,0,0,39,6,4826199953,10098166322,10174528767
1790899318,45196664,103055425536,0,0,0,0,0,1,1,2026835,8,1270,0,0,0,39,6,4826199953,10098166322,10174528767
1790899319,45242796,103077892096,0,0,0,0,0,1,1,2026835,8,1270,0,0,0,39,6,4826199953,10098166322,10174528767
1790899320,45287772,103070736384,0,0,0,0,0,1,1,2039486,8,1270,0,0,0,39,6,4826199953,10098166322,10174528767
1790899321,45321252,103042584576,0,0,0,0,0,1,1,2039486,8,1270,0,0,0,39,6,4826199953,10098166322,10174528767
1790899322,45342216,103062683648,0,0,0,0,0,1,1,2052099,8,1270,0,0,0,39,6,4826199953,10098166322,10174528767
1790899323,45370600,103039733760,0,0,0,0,0,1,1,2052099,8,1270,0,0,0,39,6,4826199953,10098166322,10174528767
1790899324,45403420,103062360064,0,0,0,0,0,1,1,2064697,8,1270,0,0,0,39,6,4826199953,10098166322,10174528767
1790899325,45439812,103061565440,0,0,0,0,0,1,1,2064697,8,1270,0,0,0,39,6,4826199953,10098166322,10174528767
1790899326,45465016,103072706560,0,0,0,0,0,1,1,2077396,8,1270,0,0,0,39,6,4826199953,10098166322,10174528767
1790899327,45504660,103064625152,0,0,0,0,0,1,1,2077396,8,1270,0,0,0,39,6,4826199953,10098166322,10174528767
1790899328,45539200,103078518784,0,0,0,0,0,1,1,2090015,8,1270,0,0,0,39,6,4826199953,10098166322,10174528767
1790899330,45574296,103069990912,0,0,0,0,0,1,1,2090015,8,1270,0,0,0,39,6,4826199953,10098166322,10174528767
1790899331,45616780,103074947072,0,0,0,0,0,1,1,2102856,8,1270,0,0,0,39,6,4826199953,10098166322,10174528767
1790899332,45648020,103036678144,0,0,0,0,0,1,1,2102856,8,1270,0,0,0,39,6,4826199953,10098166322,10174528767
1790899333,45703456,103017639936,0,0,0,0,0,1,1,2115626,8,1270,0,0,0,39,6,4826199953,10098166322,10174528767
1790899334,45733552,103066284032,0,0,0,0,0,1,1,2115626,8,1270,0,0,0,39,6,4826199953,10098166322,10174528767
1790899335,45775112,103069696000,0,0,0,0,0,1,1,2128475,8,1270,0,0,0,39,6,4826199953,10098166322,10174528767
1790899336,45816988,103076823040,0,0,0,0,0,1,1,2141177,8,1270,0,0,0,39,6,4826199953,10098166322,10174528767
1790899337,45868268,103078940672,0,0,0,0,0,1,1,2141177,8,1270,0,0,0,39,6,4826199953,10098166322,10174528767
1790899338,45910924,103068442624,0,0,0,0,0,1,1,2153863,8,1270,0,0,0,39,6,4826199953,10098166322,10174528767
1790899339,45958416,103066144768,0,0,0,0,0,1,1,2153863,8,1270,0,0,0,39,6,4826199953,10098166322,10174528767
1790899340,45994984,103046684672,0,0,0,0,0,1,1,2166657,8,1270,0,0,0,39,6,4826199953,10098166322,10174528767
1790899341,46025876,103066984448,0,0,0,0,0,1,1,2166657,8,1270,0,0,0,39,6,4826199953,10098166322,10174528767
1790899342,46057104,103047757824,0,0,0,0,0,1,1,2179395,8,1270,0,0,0,39,6,4826199953,10098166322,10174528767
1790899343,46091520,103076311040,0,0,0,0,0,1,1,2179395,8,1270,0,0,0,39,6,4826199953,10098166322,10174528767
1790899344,46124016,103072632832,0,0,0,0,0,1,1,2192069,8,1270,0,0,0,39,6,4826199953,10098166322,10174528767
1790899345,46166824,103073615872,0,0,0,0,0,1,1,2192069,8,1270,0,0,0,39,6,4826199953,10098166322,10174528767
1790899346,46203320,103071367168,0,0,0,0,0,1,1,2204677,8,1270,0,0,0,39,6,4826199953,10098166322,10174528767
1790899347,46249260,103046852608,0,0,0,0,0,1,1,2204677,8,1270,0,0,0,39,6,4826199953,10098166322,10174528767
1790899348,46310592,103067643904,0,0,0,0,0,1,1,2217214,8,1270,0,0,0,39,6,4826199953,10098166322,10174528767
1790899350,46357344,103024562176,0,0,0,0,0,1,1,2217214,8,1270,0,0,0,39,6,4826199953,10098166322,10174528767
1790899351,46412424,103076921344,0,0,0,0,0,1,1,2229883,8,1270,0,0,0,39,6,4826199953,10098166322,10174528767
1790899352,46456752,103074525184,0,0,0,0,0,1,1,2229883,8,1270,0,0,0,39,6,4826199953,10098166322,10174528767
1790899353,46503524,103075385344,0,0,0,0,0,1,1,2242665,8,1270,0,0,0,39,6,4826199953,10098166322,10174528767
1790899354,46539884,103040462848,0,0,0,0,0,1,1,2242665,8,1270,0,0,0,39,6,4826199953,10098166322,10174528767
1790899355,46575104,103071182848,0,0,0,0,0,1,1,2255239,8,1270,0,0,0,39,6,4826199953,10098166322,10174528767
1790899356,46623756,103067451392,0,0,0,0,0,1,1,2255239,8,1270,0,0,0,39,6,4826199953,10098166322,10174528767
1790899357,46661660,103045615616,0,0,0,0,0,1,1,2268073,8,1270,0,0,0,39,6,4826199953,10098166322,10174528767
1790899358,46693972,103075500032,0,0,0,0,0,1,1,2268073,8,1270,0,0,0,39,6,4826199953,10098166322,10174528767
1790899359,46723456,103069859840,0,0,0,0,0,1,1,2280846,8,1270,0,0,0,39,6,4826199953,10098166322,10174528767
1790899360,46762776,103057215488,0,0,0,0,0,1,1,2293580,8,1270,0,0,0,39,6,4826199953,10098166322,10174528767
1790899361,46805268,103050821632,0,0,0,0,0,1,1,2293580,8,1270,0,0,0,39,6,4826199953,10098166322,10174528767
1790899362,46848616,103077548032,0,0,0,0,0,1,1,2306367,8,1270,0,0,0,39,6,4826199953,10098166322,10174528767
1790899363,46873328,103037644800,0,0,0,0,0,1,1,2306367,8,1270,0,0,0,39,6,4826199953,10098166322,10174528767
1790899364,46919808,103072399360,0,0,0,0,0,1,1,2319141,8,1270,0,0,0,39,6,4826199953,10098166322,10174528767
1790899365,46970892,103076433920,0,0,0,0,0,1,1,2319141,8,1270,0,0,0,39,6,4826199953,10098166322,10174528767
1790899366,47012696,103052201984,0,0,0,0,0,1,1,2331915,8,1270,0,0,0,39,6,4826199953,10098166322,10174528767
1790899367,47058680,103070081024,0,0,0,0,0,1,1,2331915,8,1270,0,0,0,39,6,4826199953,10098166322,10174528767
1790899368,47100072,103053074432,0,0,0,0,0,1,1,2344581,8,1270,0,0,0,39,6,4826199953,10098166322,10174528767
1790899370,47136120,103021367296,0,0,0,0,0,1,1,2344581,8,1270,0,0,0,39,6,4826199953,10098166322,10174528767
1790899371,47178140,103061475328,0,0,0,0,0,1,1,2357398,8,1270,0,0,0,39,6,4826199953,10098166322,10174528767
1790899372,47215564,103062302720,0,0,0,0,0,1,1,2357398,8,1270,0,0,0,39,6,4826199953,10098166322,10174528767
1790899373,47254468,103059472384,0,0,0,0,0,1,1,2370174,8,1270,0,0,0,39,6,4826199953,10098166322,10174528767
1790899374,47301772,103075254272,0,0,0,0,0,1,1,2370174,8,1270,0,0,0,39,6,4826199953,10098166322,10174528767
1790899375,47355052,103072047104,0,0,0,0,0,1,1,2382825,8,1270,0,0,0,39,6,4826199953,10098166322,10174528767
1790899376,47405900,103063527424,0,0,0,0,0,1,1,2382825,8,1270,0,0,0,39,6,4826199953,10098166322,10174528767
1790899377,47452664,103078445056,0,0,0,0,0,1,1,2395605,8,1270,0,0,0,39,6,4826199953,10098166322,10174528767
1790899378,47498332,103065673728,0,0,0,0,0,1,1,2395605,8,1270,0,0,0,39,6,4826199953,10098166322,10174528767
1790899379,47541400,103072063488,0,0,0,0,0,1,1,2408377,8,1270,0,0,0,39,6,4826199953,10098166322,10174528767
1790899380,47587024,103069290496,0,0,0,0,0,1,1,2408377,8,1270,0,0,0,39,6,4826199953,10098166322,10174528767
1790899381,47627828,103061950464,0,0,0,0,0,1,1,2421077,8,1270,0,0,0,39,6,4826199953,10098166322,10174528767
1790899382,47659916,103078920192,0,0,0,0,0,1,1,2433782,8,1270,0,0,0,39,6,4826199953,10098166322,10174528767
1790899383,47683444,103068618752,0,0,0,0,0,1,1,2433782,8,1270,0,0,0,39,6,4826199953,10098166322,10174528767
1790899384,47716372,103049121792,0,0,0,0,0,1,1,2446566,8,1270,0,0,0,39,6,4826199953,10098166322,10174528767
1790899385,47740152,103067705344,0,0,0,0,0,1,1,2446566,8,1270,0,0,0,39,6,4826199953,10098166322,10174528767
1790899386,47769700,103074553856,0,0,0,0,0,1,1,2459314,8,1270,0,0,0,39,6,4826199953,10098166322,10174528767
1790899387,47795876,103070568448,0,0,0,0,0,1,1,2459314,8,1270,0,0,0,39,6,4826199953,10098166322,10174528767
1790899388,47834592,103044075520,0,0,0,0,0,1,1,2472066,8,1270,0,0,0,39,6,4826199953,10098166322,10174528767
1790899390,47869588,103075053568,0,0,0,0,0,1,1,2472066,8,1270,0,0,0,39,6,4826199953,10098166322,10174528767
1790899391,47920544,103078494208,0,0,0,0,0,1,1,2484785,8,1270,0,0,0,39,6,4826199953,10098166322,10174528767
1790899392,47970408,103074070528,0,0,0,0,0,1,1,2484785,8,1270,0,0,0,39,6,4826199953,10098166322,10174528767
1790899393,48018668,103076352000,0,0,0,0,0,1,1,2497375,8,1270,0,0,0,39,6,4826199953,10098166322,10174528767
1790899394,48071488,103064748032,0,0,0,0,0,1,1,2497375,8,1270,0,0,0,39,6,4826199953,10098166322,10174528767
1790899395,48132492,103066247168,0,0,0,0,0,1,1,2509948,8,1270,0,0,0,39,6,4826199953,10098166322,10174528767
1790899396,48193700,103078559744,0,0,0,0,0,1,1,2509948,8,1270,0,0,0,39,6,4826199953,10098166322,10174528767
1790899397,48251240,103060463616,0,0,0,0,0,1,1,2522589,8,1270,0,0,0,39,6,4826199953,10098166322,10174528767
1790899398,48308396,103069290496,0,0,0,0,0,1,1,2522589,8,1270,0,0,0,39,6,4826199953,10098166322,10174528767
1790899399,48354816,103061471232,0,0,0,0,0,1,1,2535436,8,1270,0,0,0,39,6,4826199953,10098166322,10174528767
1790899400,48383220,103071567872,0,0,0,0,0,1,1,2535436,8,1270,0,0,0,39,6,4826199953,10098166322,10174528767
1790899401,48425272,103038709760,0,0,0,0,0,1,1,2548111,8,1270,0,0,0,39,6,4826199953,10098166322,10174528767
1790899402,48465268,103039688704,0,0,0,0,0,1,1,2548111,8,1270,0,0,0,39,6,4826199953,10098166322,10174528767
1790899403,48504968,103072391168,0,0,0,0,0,1,1,2560917,8,1270,0,0,0,39,6,4826199953,10098166322,10174528767
1790899404,48551152,103061995520,0,0,0,0,0,1,1,2573746,8,1270,0,0,0,39,6,4826199953,10098166322,10174528767
1790899405,48610388,103076605952,0,0,0,0,0,1,1,2573746,8,1270,0,0,0,39,6,4826199953,10098166322,10174528767
1790899406,48648120,103070543872,0,0,0,0,0,1,1,2586505,8,1270,0,0,0,39,6,4826199953,10098166322,10174528767
1790899407,48695152,103060791296,0,0,0,0,0,1,1,2586505,8,1270,0,0,0,39,6,4826199953,10098166322,10174528767
1790899408,48741260,103056003072,0,0,0,0,0,1,1,2599224,8,1270,0,0,0,39,6,4826199953,10098166322,10174528767
1790899410,48782544,103022407680,0,0,0,0,0,1,1,2599224,8,1270,0,0,0,39,6,4826199953,10098166322,10174528767
1790899411,48822024,103048503296,0,0,0,0,0,1,1,2612147,8,1270,0,0,0,39,6,4826199953,10098166322,10174528767
1790899412,48864400,103063425024,0,0,0,0,0,1,1,2612147,8,1270,0,0,0,39,6,4826199953,10098166322,10174528767
1790899413,48894956,103055663104,0,0,0,0,0,1,1,2624922,8,1270,0,0,0,39,6,4826199953,10098166322,10174528767
1790899414,48938076,103078985728,0,0,0,0,0,1,1,2624922,8,1270,0,0,0,39,6,4826199953,10098166322,10174528767
1790899415,49004844,103051325440,0,0,0,0,0,1,1,2637699,8,1270,0,0,0,39,6,4826199953,10098166322,10174528767
1790899416,49065356,103060951040,0,0,0,0,0,1,1,2637699,8,1270,0,0,0,39,6,4826199953,10098166322,10174528767
1790899417,49120900,103063867392,0,0,0,0,0,1,1,2650455,8,1270,0,0,0,39,6,4826199953,10098166322,10174528767
1790899418,49151832,103074246656,0,0,0,0,0,1,1,2650455,8,1270,0,0,0,39,6,4826199953,10098166322,10174528767
1790899419,49170912,103050326016,0,0,0,0,0,1,1,2663266,8,1270,0,0,0,39,6,4826199953,10098166322,10174528767
1790899420,49205084,103055142912,0,0,0,0,0,1,1,2663266,8,1270,0,0,0,39,6,4826199953,10098166322,10174528767
1790899421,49231004,103068921856,0,0,0,0,0,1,1,2676031,8,1270,0,0,0,39,6,4826199953,10098166322,10174528767
1790899422,49266284,103078731776,0,0,0,0,0,1,1,2676031,8,1270,0,0,0,39,6,4826199953,10098166322,10174528767
1790899423,49295372,103062646784,0,0,0,0,0,1,1,2688794,8,1270,0,0,0,39,6,4826199953,10098166322,10174528767
1790899424,49331396,103053991936,0,0,0,0,0,1,1,2688794,8,1270,0,0,0,39,6,4826199953,10098166322,10174528767
1790899425,49349384,103079206912,0,0,0,0,0,1,1,2701609,8,1270,0,0,0,39,6,4826199953,10098166322,10174528767
1790899426,49353540,103072849920,0,0,0,0,0,1,1,2701609,8,1270,0,0,0,39,6,4826199953,10098166322,10174528767
1790899427,49371176,103039770624,0,0,0,0,0,1,1,2714303,8,1270,0,0,0,39,6,4826199953,10098166322,10174528767
1790899428,49415336,103078367232,0,0,0,0,0,1,1,2727024,8,1270,0,0,0,39,6,4826199953,10098166322,10174528767
1790899430,49460852,103071596544,0,0,0,0,0,1,1,2727024,8,1270,0,0,0,39,6,4826199953,10098166322,10174528767
1790899431,49509444,103050551296,0,0,0,0,0,1,1,2739698,8,1270,0,0,0,39,6,4826199953,10098166322,10174528767
1790899432,49568680,103077466112,0,0,0,0,0,1,1,2739698,8,1270,0,0,0,39,6,4826199953,10098166322,10174528767
1790899433,49608184,103070240768,0,0,0,0,0,1,1,2752239,8,1270,0,0,0,39,6,4826199953,10098166322,10174528767
1790899434,49657212,103069372416,0,0,0,0,0,1,1,2752239,8,1270,0,0,0,39,6,4826199953,10098166322,10174528767
1790899435,49704524,103067033600,0,0,0,0,0,1,1,2765152,8,1270,0,0,0,39,6,4826199953,10098166322,10174528767
1790899436,49747972,103074123776,0,0,0,0,0,1,1,2765152,8,1270,0,0,0,39,6,4826199953,10098166322,10174528767
1790899437,49793712,103019937792,0,0,0,0,0,1,1,2777855,8,1270,0,0,0,39,6,4826199953,10098166322,10174528767
1790899438,49831208,103057174528,0,0,0,0,0,1,1,2777855,8,1270,0,0,0,39,6,4826199953,10098166322,10174528767
1790899439,49874092,103073087488,0,0,0,0,0,1,1,2790664,8,1270,0,0,0,39,6,4826199953,10098166322,10174528767
1790899440,49913448,103071236096,0,0,0,0,0,1,1,2790664,8,1270,0,0,0,39,6,4826199953,10098166322,10174528767
1790899441,49959908,103079088128,0,0,0,0,0,1,1,2803314,8,1270,0,0,0,39,6,4826199953,10098166322,10174528767
1790899442,49999440,103064326144,0,0,0,0,0,1,1,2803314,8,1270,0,0,0,39,6,4826199953,10098166322,10174528767
1790899443,50018164,103071780864,0,0,0,0,0,1,1,2816000,8,1270,0,0,0,39,6,4826199953,10098166322,10174528767
1790899444,50037092,103068114944,0,0,0,0,0,1,1,2816000,8,1270,0,0,0,39,6,4826199953,10098166322,10174528767
1790899445,50064700,103055769600,0,0,0,0,0,1,1,2828751,8,1270,0,0,0,39,6,4826199953,10098166322,10174528767
1790899446,50084748,103066861568,0,0,0,0,0,1,1,2828751,8,1270,0,0,0,39,6,4826199953,10098166322,10174528767
1790899447,50098132,103071883264,0,0,0,0,0,1,1,2841447,8,1270,0,0,0,39,6,4826199953,10098166322,10174528767
1790899448,50111320,103074832384,0,0,0,0,0,1,1,2841447,8,1270,0,0,0,39,6,4826199953,10098166322,10174528767
1790899450,50133332,103075860480,0,0,0,0,0,1,1,2854244,8,1270,0,0,0,39,6,4826199953,10098166322,10174528767
1790899451,50150792,103064449024,0,0,0,0,0,1,1,2867089,8,1270,0,0,0,39,6,4826199953,10098166322,10174528767
1790899452,50169388,103068639232,0,0,0,0,0,1,1,2867089,8,1270,0,0,0,39,6,4826199953,10098166322,10174528767
1790899453,50189620,103070826496,0,0,0,0,0,1,1,2879861,8,1270,0,0,0,39,6,4826199953,10098166322,10174528767
1790899454,50200604,103069233152,0,0,0,0,0,1,1,2879861,8,1270,0,0,0,39,6,4826199953,10098166322,10174528767
1790899455,50220408,103076364288,0,0,0,0,0,1,1,2892650,8,1270,0,0,0,39,6,4826199953,10098166322,10174528767
1790899456,50240180,103062138880,0,0,0,0,0,1,1,2892650,8,1270,0,0,0,39,6,4826199953,10098166322,10174528767
1790899457,50271648,103049412608,0,0,0,0,0,1,1,2905411,8,1270,0,0,0,39,6,4826199953,10098166322,10174528767
1790899458,50302620,103048953856,0,0,0,0,0,1,1,2905411,8,1270,0,0,0,39,6,4826199953,10098166322,10174528767
1790899459,50344736,103065669632,0,0,0,0,0,1,1,2918108,8,1270,0,0,0,39,6,4826199953,10098166322,10174528767
1790899460,50393744,103073902592,0,0,0,0,0,1,1,2918108,8,1270,0,0,0,39,6,4826199953,10098166322,10174528767
1790899461,50450224,103055638528,0,0,0,0,0,1,1,2930923,8,1270,0,0,0,39,6,4826199953,10098166322,10174528767
1790899462,50513928,103045259264,0,0,0,0,0,1,1,2930923,8,1270,0,0,0,39,6,4826199953,10098166322,10174528767
1790899463,50544504,103072579584,0,0,0,0,0,1,1,2943453,8,1270,0,0,0,39,6,4826199953,10098166322,10174528767
1790899464,50597664,103062491136,0,0,0,0,0,1,1,2943453,8,1270,0,0,0,39,6,4826199953,10098166322,10174528767
1790899465,50654168,103058448384,0,0,0,0,0,1,1,2956141,8,1270,0,0,0,39,6,4826199953,10098166322,10174528767
1790899466,50704396,103074840576,0,0,0,0,0,1,1,2956141,8,1270,0,0,0,39,6,4826199953,10098166322,10174528767
1790899467,50733476,103070412800,0,0,0,0,0,1,1,2968897,8,1270,0,0,0,39,6,4826199953,10098166322,10174528767
1790899468,50756564,103071096832,0,0,0,0,0,1,1,2968897,8,1270,0,0,0,39,6,4826199953,10098166322,10174528767
1790899470,50779948,103070285824,0,0,0,0,0,1,1,2981613,8,1270,0,0,0,39,6,4826199953,10098166322,10174528767
1790899471,50823432,103071698944,0,0,0,0,0,1,1,2981613,8,1270,0,0,0,39,6,4826199953,10098166322,10174528767
1790899472,50864264,103070445568,0,0,0,0,0,1,1,2994335,8,1270,0,0,0,39,6,4826199953,10098166322,10174528767
1790899473,50899396,103058169856,0,0,0,0,0,1,1,2994335,8,1270,0,0,0,39,6,4826199953,10098166322,10174528767
1790899474,50934804,103060758528,0,0,0,0,0,1,1,3007101,8,1270,0,0,0,39,6,4826199953,10098166322,10174528767
1790899475,50974388,103078395904,0,0,0,0,0,1,1,3019994,8,1270,0,0,0,39,6,4826199953,10098166322,10174528767
1790899476,51015004,103069462528,0,0,0,0,0,1,1,3019994,8,1270,0,0,0,39,6,4826199953,10098166322,10174528767
1790899477,51049568,103057768448,0,0,0,0,0,1,1,3032734,8,1270,0,0,0,39,6,4826199953,10098166322,10174528767
1790899478,51092084,103075713024,0,0,0,0,0,1,1,3032734,8,1270,0,0,0,39,6,4826199953,10098166322,10174528767
1790899479,51133088,103076859904,0,0,0,0,0,1,1,3045433,8,1270,0,0,0,39,6,4826199953,10098166322,10174528767
1790899480,51174640,103076425728,0,0,0,0,0,1,1,3045433,8,1270,0,0,0,39,6,4826199953,10098166322,10174528767
1790899481,51202204,103057723392,0,0,0,0,0,1,1,3058239,8,1270,0,0,0,39,6,4826199953,10098166322,10174528767
1790899482,51243920,103052754944,0,0,0,0,0,1,1,3058239,8,1270,0,0,0,39,6,4826199953,10098166322,10174528767
1790899483,51270904,103068946432,0,0,0,0,0,1,1,3070948,8,1270,0,0,0,39,6,4826199953,10098166322,10174528767
1790899484,51292420,103077756928,0,0,0,0,0,1,1,3070948,8,1270,0,0,0,39,6,4826199953,10098166322,10174528767
1790899485,51328916,103074197504,0,0,0,0,0,1,1,3083617,8,1270,0,0,0,39,6,4826199953,10098166322,10174528767
1790899486,51373668,103078973440,0,0,0,0,0,1,1,3083617,8,1270,0,0,0,39,6,4826199953,10098166322,10174528767
1790899487,51418916,103055155200,0,0,0,0,0,1,1,3096391,8,1270,0,0,0,39,6,4826199953,10098166322,10174528767
1790899488,51476088,103048781824,0,0,0,0,0,1,1,3096391,8,1270,0,0,0,39,6,4826199953,10098166322,10174528767
1790899489,51534200,103060566016,0,0,0,0,0,1,1,3109025,8,1270,0,0,0,39,6,4826199953,10098166322,10174528767
1790899491,51592728,103048695808,0,0,0,0,0,1,1,3109025,8,1270,0,0,0,39,6,4826199953,10098166322,10174528767
1790899492,51651848,103038279680,0,0,0,0,0,1,1,3121782,8,1270,0,0,0,39,6,4826199953,10098166322,10174528767
1790899493,51732240,103050706944,0,0,0,0,0,1,1,3121782,8,1270,0,0,0,39,6,4826199953,10098166322,10174528767
1790899494,51808188,103067455488,0,0,0,0,0,1,1,3134399,8,1270,0,0,0,39,6,4826199953,10098166322,10174528767
1790899495,51875304,103063076864,0,0,0,0,0,1,1,3134399,8,1270,0,0,0,39,6,4826199953,10098166322,10174528767
1790899496,51952776,103070392320,0,0,0,0,0,1,1,3146898,8,1270,0,0,0,39,6,4826199953,10098166322,10174528767
1790899497,52029776,103063969792,0,0,0,0,0,1,1,3159561,8,1270,0,0,0,39,6,4826199953,10098166322,10174528767
1790899498,52104128,103069999104,0,0,0,0,0,1,1,3159561,8,1270,0,0,0,39,6,4826199953,10098166322,10174528767
1790899499,52168412,103049818112,0,0,0,0,0,1,1,3172352,8,1270,0,0,0,39,6,4826199953,10098166322,10174528767
1790899500,52231800,103073275904,0,0,0,0,0,1,1,3172352,8,1270,0,0,0,39,6,4826199953,10098166322,10174528767
1790899501,52289632,103049437184,0,0,0,0,0,1,1,3184987,8,1270,0,0,0,39,6,4826199953,10098166322,10174528767
1790899502,52347832,103066341376,0,0,0,0,0,1,1,3184987,8,1270,0,0,0,39,6,4826199953,10098166322,10174528767
1790899503,52408728,103079034880,0,0,0,0,0,1,1,3197660,8,1270,0,0,0,39,6,4826199953,10098166322,10174528767
1790899504,52453484,103078334464,0,0,0,0,0,1,1,3197660,8,1270,0,0,0,39,6,4826199953,10098166322,10174528767
1790899505,52524996,103059513344,0,0,0,0,0,1,1,3210311,8,1270,0,0,0,39,6,4826199953,10098166322,10174528767
1790899506,52572888,103061364736,0,0,0,0,0,1,1,3210311,8,1270,0,0,0,39,6,4826199953,10098166322,10174528767
1790899507,52626044,103076159488,0,0,0,0,0,1,1,3222983,8,1270,0,0,0,39,6,4826199953,10098166322,10174528767
1790899508,52678116,103062147072,0,0,0,0,0,1,1,3222983,8,1270,0,0,0,39,6,4826199953,10098166322,10174528767
1790899509,52742428,103072632832,0,0,0,0,0,1,1,3235580,8,1270,0,0,0,39,6,4826199953,10098166322,10174528767
1790899511,52800968,103072190464,0,0,0,0,0,1,1,3235580,8,1270,0,0,0,39,6,4826199953,10098166322,10174528767
1790899512,52872976,103060234240,0,0,0,0,0,1,1,3248248,8,1270,0,0,0,39,6,4826199953,10098166322,10174528767
1790899513,52941808,103070547968,0,0,0,0,0,1,1,3248248,8,1270,0,0,0,39,6,4826199953,10098166322,10174528767
1790899514,53000796,103067922432,0,0,0,0,0,1,1,3260854,8,1270,0,0,0,39,6,4826199953,10098166322,10174528767
1790899515,53058468,103068803072,0,0,0,0,0,1,1,3260854,8,1270,0,0,0,39,6,4826199953,10098166322,10174528767
1790899516,53136556,103063314432,0,0,0,0,0,1,1,3273611,8,1270,0,0,0,39,6,4826199953,10098166322,10174528767
1790899517,53189400,103066472448,0,0,0,0,0,1,1,3273611,8,1270,0,0,0,39,6,4826199953,10098166322,10174528767
1790899518,53239924,103072747520,0,0,0,0,0,1,1,3286298,8,1270,0,0,0,39,6,4826199953,10098166322,10174528767
1790899519,53279804,103065899008,0,0,0,0,0,1,1,3286298,8,1270,0,0,0,39,6,4826199953,10098166322,10174528767
1790899520,53327972,103052746752,0,0,0,0,0,1,1,3298961,8,1270,0,0,0,39,6,4826199953,10098166322,10174528767
1790899521,53373788,103076212736,0,0,0,0,0,1,1,3311631,8,1270,0,0,0,39,6,4826199953,10098166322,10174528767
1790899522,53405528,103062016000,0,0,0,0,0,1,1,3311631,8,1270,0,0,0,39,6,4826199953,10098166322,10174528767
1790899523,53444164,103071756288,0,0,0,0,0,1,1,3324364,8,1270,0,0,0,39,6,4826199953,10098166322,10174528767
1790899524,53483360,103046696960,0,0,0,0,0,1,1,3324364,8,1270,0,0,0,39,6,4826199953,10098166322,10174528767
1790899525,53522432,103078531072,0,0,0,0,0,1,1,3336819,8,1270,0,0,0,39,6,4826199953,10098166322,10174528767
1790899526,53563564,103076327424,0,0,0,0,0,1,1,3336819,8,1270,0,0,0,39,6,4826199953,10098166322,10174528767
1790899527,53602608,103075188736,0,0,0,0,0,1,1,3349542,8,1270,0,0,0,39,6,4826199953,10098166322,10174528767
1790899528,53637924,103071350784,0,0,0,0,0,1,1,3349542,8,1270,0,0,0,39,6,4826199953,10098166322,10174528767
1790899529,53680868,103073411072,0,0,0,0,0,1,1,3362334,8,1270,0,0,0,39,6,4826199953,10098166322,10174528767
1790899531,53719764,103064834048,0,0,0,0,0,1,1,3362334,8,1270,0,0,0,39,6,4826199953,10098166322,10174528767
1790899532,53758480,103060615168,0,0,0,0,0,1,1,3375077,8,1270,0,0,0,39,6,4826199953,10098166322,10174528767
1790899533,53834756,103070871552,0,0,0,0,0,1,1,3375077,8,1270,0,0,0,39,6,4826199953,10098166322,10174528767
1790899534,53857912,103063924736,0,0,0,0,0,2,2,3387157,8,1270,1,0,1,39,6,4826199953,10098166322,10174528767
1790899535,53898004,103061893120,0,0,0,0,0,2,2,3387157,8,1270,1,0,1,39,6,4826199953,10098166322,10174528767
1790899536,53935796,103050657792,0,0,0,0,0,2,2,3398760,8,1274,1,0,1,39,6,4826199953,10098166322,10174528767
1790899537,53969012,103075872768,0,0,0,0,0,2,2,3398760,8,1274,1,0,1,39,6,4826199953,10098166322,10174528767
1790899538,53983668,103070834688,0,0,0,0,0,2,2,3410242,8,1281,1,0,1,39,6,4826199953,10098166322,10174528767
1790899539,54020556,103075893248,0,0,0,0,0,2,2,3410242,8,1281,1,0,1,39,6,4826199953,10098166322,10174528767
1790899540,54056628,103078363136,0,0,0,0,0,2,2,3421716,8,1289,1,0,1,39,6,4826199953,10098166322,10174528767
1790899541,54081672,103057022976,0,0,0,0,0,2,2,3421716,8,1289,1,0,1,39,6,4826199953,10098166322,10174528767
1790899542,54126428,103053910016,0,0,0,0,0,2,2,3433282,8,1298,1,0,1,39,6,4826199953,10098166322,10174528767
1790899543,54156616,103067639808,0,0,0,0,0,2,2,3444680,8,1306,1,0,1,39,6,4826199953,10098166322,10174528767
1790899544,54196376,103068807168,0,0,0,0,0,2,2,3444680,8,1306,1,0,1,39,6,4826199953,10098166322,10174528767
1790899545,54228872,103059070976,0,0,0,0,0,2,2,3455992,8,1306,1,0,1,39,6,4826199953,10098166322,10174528767
1790899546,54273832,103065001984,0,0,0,0,0,2,2,3455992,8,1306,1,0,1,39,6,4826199953,10098166322,10174528767
1790899547,54320212,103062319104,0,0,0,0,0,2,2,3467346,8,1306,1,0,1,39,6,4826199953,10098166322,10174528767
1790899548,54368688,103077265408,0,0,0,0,0,2,2,3467346,8,1306,1,0,1,39,6,4826199953,10098166322,10174528767
1790899549,54395040,103079067648,0,0,0,0,0,2,2,3478814,8,1306,1,0,1,39,6,4826199953,10098166322,10174528767
1790899551,54419928,103065714688,0,0,0,0,0,2,2,3478814,8,1306,1,0,1,39,6,4826199953,10098166322,10174528767
1790899552,54443100,103077756928,0,0,0,0,0,2,2,3490069,8,1306,1,0,1,39,6,4826199953,10098166322,10174528767
1790899553,51954364,100454158336,0,0,0,0,0,2,2,3490069,8,1306,1,0,1,39,6,4826199953,10098166322,10174528767
1790899554,50668464,100262129664,0,0,0,0,0,2,2,3500279,10,1308,0,6,0,77,7,9653820248,10101543100,10181286395
1790899555,50564404,101316169728,0,0,0,0,0,2,2,3500279,10,1308,0,6,0,77,7,9653820248,10101543100,10181286395
1790899556,50109088,101987643392,0,0,0,0,0,2,2,3506044,10,1316,0,6,0,77,7,9653820248,10101543100,10181286395
1790899557,49532916,102582943744,0,0,0,0,0,2,2,3506044,10,1316,0,6,0,77,7,9653820248,10101543100,10181286395
1790899558,48909068,103056859136,0,0,0,0,0,2,2,3510831,10,1329,0,6,0,77,7,9653820248,10101543100,10181286395
1790899559,47966400,103071117312,0,0,0,0,0,2,2,3510831,10,1329,0,6,0,77,7,9653820248,10101543100,10181286395
1790899560,47295244,103032115200,0,0,0,0,0,2,2,3515630,10,1348,0,6,0,77,7,9653820248,10101543100,10181286395
1790899561,46742028,103052316672,0,0,0,0,0,2,2,3515630,10,1348,0,6,0,77,7,9653820248,10101543100,10181286395
1790899562,46450952,103053225984,0,0,0,0,0,2,2,3521645,10,1355,0,6,0,77,7,9653820248,10101543100,10181286395
1790899563,46376624,103068450816,0,0,0,0,0,2,2,3521645,10,1355,0,6,0,77,7,9653820248,10101543100,10181286395
1790899564,46316912,103057776640,0,0,0,0,0,2,2,3527556,10,1379,0,6,0,77,7,9653820248,10101543100,10181286395
1790899565,46218740,103073275904,0,0,0,0,0,2,2,3533443,10,1394,0,6,0,77,7,9653820248,10101543100,10181286395
1790899566,46169224,103071891456,0,0,0,0,0,2,2,3533443,10,1394,0,6,0,77,7,9653820248,10101543100,10181286395
1790899568,46189712,103036686336,0,0,0,0,0,2,2,3539051,10,1404,0,6,0,77,7,9653820248,10101543100,10181286395
1790899569,46196668,103078137856,0,0,0,0,0,2,2,3539051,10,1404,0,6,0,77,7,9653820248,10101543100,10181286395
1790899570,46194452,103070789632,0,0,0,0,0,2,2,3544809,10,1427,0,6,0,77,7,9653820248,10101543100,10181286395
1790899571,46219064,103079215104,0,0,0,0,0,2,2,3544809,10,1427,0,6,0,77,7,9653820248,10101543100,10181286395
1790899572,46234976,103071956992,0,0,0,0,0,2,2,3551815,10,1435,0,6,0,77,7,9653820248,10101543100,10181286395
1790899573,46276164,98460700672,0,0,0,0,0,2,2,3551815,10,1435,0,6,0,77,7,9653820248,10101543100,10181286395
1790899574,46343484,98995486720,0,0,0,0,0,2,2,3559346,13,1333,0,3,0,77,10,9653820248,15838055698,16078256713
1790899575,46393928,97990045696,0,0,0,0,0,2,2,3559346,13,1333,0,3,0,77,10,9653820248,15838055698,16078256713
1790899576,46428784,99387125760,0,0,0,0,0,2,2,3565126,14,1310,0,2,0,77,11,9653820248,18287518683,18564283721
1790899577,46478228,100782718976,0,0,0,0,0,2,2,3565126,14,1310,0,2,0,77,11,9653820248,18287518683,18564283721
1790899578,46510844,102154395648,0,0,0,0,0,2,2,3569589,14,1322,0,2,0,77,11,9653820248,18287518683,18564283721
1790899579,46533560,103039938560,0,0,0,0,0,2,2,3569589,14,1322,0,2,0,77,11,9653820248,18287518683,18564283721
1790899580,46579568,103035490304,0,0,0,0,0,2,2,3574831,14,1341,0,2,0,77,11,9653820248,18287518683,18564283721
1790899581,46605712,103055077376,0,0,0,0,0,2,2,3574831,14,1341,0,2,0,77,11,9653820248,18287518683,18564283721
1790899582,46630884,103061999616,0,0,0,0,0,2,2,3580350,14,1356,0,2,0,77,11,9653820248,18287518683,18564283721
1790899583,46654572,103076757504,0,0,0,0,0,2,2,3580350,14,1356,0,2,0,77,11,9653820248,18287518683,18564283721
1790899585,46674496,103042441216,0,0,0,0,0,2,2,3586069,14,1368,0,2,0,77,11,9653820248,18287518683,18564283721
1790899586,46682760,103077347328,0,0,0,0,0,2,2,3591207,14,1388,0,2,0,77,11,9653820248,18287518683,18564283721
1790899587,46694380,103075479552,0,0,0,0,0,2,2,3591207,14,1388,0,2,0,77,11,9653820248,18287518683,18564283721
1790899588,46693940,103075196928,0,0,0,0,0,2,2,3596832,14,1395,0,2,0,77,11,9653820248,18287518683,18564283721
1790899589,46707500,103072575488,0,0,0,0,0,2,2,3596832,14,1395,0,2,0,77,11,9653820248,18287518683,18564283721
1790899590,46716848,103050301440,0,0,0,0,0,2,2,3602885,14,1413,0,2,0,77,11,9653820248,18287518683,18564283721
1790899591,46720996,103018790912,0,0,0,0,0,2,2,3602885,14,1413,0,2,0,77,11,9653820248,18287518683,18564283721
1790899592,46724464,103075442688,0,0,0,0,0,2,2,3608496,14,1425,0,2,0,77,11,9653820248,18287518683,18564283721
1790899593,46721012,101238407168,0,0,0,0,0,2,2,3608496,14,1425,0,2,0,77,11,9653820248,18287518683,18564283721
1790899594,46767960,100731547648,0,0,0,0,0,2,2,3616796,17,1364,0,0,0,77,14,9653820248,23209977182,23583030449
1790899595,46830180,102378172416,0,0,0,0,0,2,2,3616796,17,1364,0,0,0,77,14,9653820248,23209977182,23583030449
1790899596,46882584,101788168192,0,0,0,0,0,2,2,3626063,17,1365,0,0,0,77,14,9653820248,23209977182,23583030449
1790899597,46926492,102925684736,0,0,0,0,0,2,2,3626063,17,1365,0,0,0,77,14,9653820248,23209977182,23583030449
1790899598,46974984,102402256896,0,0,0,0,0,2,2,3635735,19,1293,0,0,0,77,16,9653820248,28120972907,28579885556
1790899599,47024788,103070670848,0,0,0,0,0,2,2,3635735,19,1293,0,0,0,77,16,9653820248,28120972907,28579885556
1790899600,47074216,103061647360,0,0,0,0,0,2,2,3645857,19,1294,0,0,0,77,16,9653820248,28120972907,28579885556
1790899602,47113216,103069880320,0,0,0,0,0,2,2,3645857,19,1294,0,0,0,77,16,9653820248,28120972907,28579885556
1790899603,47159440,103067930624,0,0,0,0,0,2,2,3656570,19,1297,0,0,0,77,16,9653820248,28120972907,28579885556
1790899604,47188264,103045525504,0,0,0,0,0,2,2,3656570,19,1297,0,0,0,77,16,9653820248,28120972907,28579885556
1790899605,47190208,97829711872,0,0,0,0,0,2,2,3667431,19,1298,0,0,0,77,16,9653820248,28120972907,28579885556
1790899606,47218800,98361495552,0,0,0,0,0,2,2,3667431,19,1298,0,0,0,77,16,9653820248,28120972907,28579885556
1790899607,47244528,98881150976,0,0,0,0,0,2,2,3679026,20,1288,0,0,0,77,17,9653820248,33619354264,34160780999
1790899608,47249408,99380961280,0,0,0,0,0,2,2,3690641,20,1288,0,0,0,77,17,9653820248,33619354264,34160780999
1790899609,47275704,99924385792,0,0,0,0,0,2,2,3690641,20,1288,0,0,0,77,17,9653820248,33619354264,34160780999
1790899610,47288276,100485693440,0,0,0,0,0,2,2,3702980,20,1288,0,0,0,77,17,9653820248,33619354264,34160780999
1790899611,47279844,101018939392,0,0,0,0,0,2,2,3702980,20,1288,0,0,0,77,17,9653820248,33619354264,34160780999
1790899612,47291416,101574995968,0,0,0,0,0,2,2,3715731,20,1288,0,0,0,77,17,9653820248,33619354264,34160780999
1790899613,47306104,102134050816,0,0,0,0,0,2,2,3715731,20,1288,0,0,0,77,17,9653820248,33619354264,34160780999
1790899614,47278292,102653370368,0,0,0,0,0,2,2,3728516,20,1288,0,0,0,77,17,9653820248,33619354264,34160780999
1790899615,47270944,103065030656,0,0,0,0,0,2,2,3728516,20,1288,0,0,0,77,17,9653820248,33619354264,34160780999
1790899616,47265240,103063924736,0,0,0,0,0,2,2,3741360,20,1288,0,0,0,77,17,9653820248,33619354264,34160780999
1790899617,47252256,103060172800,0,0,0,0,0,2,2,3741360,20,1288,0,0,0,77,17,9653820248,33619354264,34160780999
1790899618,47274612,103007899648,0,0,0,0,0,2,2,3754167,20,1288,0,0,0,77,17,9653820248,33619354264,34160780999
1790899619,47304000,103051722752,0,0,0,0,0,2,2,3754167,20,1288,0,0,0,77,17,9653820248,33619354264,34160780999
1790899620,47302348,103074127872,0,0,0,0,0,2,2,3767000,20,1288,0,0,0,77,17,9653820248,33619354264,34160780999
1790899622,47332548,103069954048,0,0,0,0,0,2,2,3767000,20,1288,0,0,0,77,17,9653820248,33619354264,34160780999
1790899623,47376952,103061422080,0,0,0,0,0,2,2,3779734,20,1288,0,0,0,77,17,9653820248,33619354264,34160780999
1790899624,47407588,103069343744,0,0,0,0,0,2,2,3779734,20,1288,0,0,0,77,17,9653820248,33619354264,34160780999
1790899625,47442512,103057399808,0,0,0,0,0,2,2,3792475,20,1288,0,0,0,77,17,9653820248,33619354264,34160780999
1790899626,47454524,103057997824,0,0,0,0,0,2,2,3792475,20,1288,0,0,0,77,17,9653820248,33619354264,34160780999
1790899627,47491500,103025721344,0,0,0,0,0,2,2,3805253,20,1288,0,0,0,77,17,9653820248,33619354264,34160780999
1790899628,47542820,103057096704,0,0,0,0,0,2,2,3805253,20,1288,0,0,0,77,17,9653820248,33619354264,34160780999
1790899629,47574896,103059542016,0,0,0,0,0,2,2,3817998,20,1288,0,0,0,77,17,9653820248,33619354264,34160780999
1790899630,47623200,103064641536,0,0,0,0,0,2,2,3830727,20,1288,0,0,0,77,17,9653820248,33619354264,34160780999
1790899631,47684984,103070707712,0,0,0,0,0,2,2,3830727,20,1288,0,0,0,77,17,9653820248,33619354264,34160780999
1790899632,47732928,103071637504,0,0,0,0,0,2,2,3843546,20,1288,0,0,0,77,17,9653820248,33619354264,34160780999
1790899633,47766096,103058649088,0,0,0,0,0,2,2,3843546,20,1288,0,0,0,77,17,9653820248,33619354264,34160780999
1790899634,47782716,103066136576,0,0,0,0,0,2,2,3856328,20,1288,0,0,0,77,17,9653820248,33619354264,34160780999
1790899635,47780456,103054069760,0,0,0,0,0,2,2,3856328,20,1288,0,0,0,77,17,9653820248,33619354264,34160780999
1790899636,47789840,103075680256,0,0,0,0,0,2,2,3868455,20,1288,0,0,0,77,17,9653820248,33619354264,34160780999
1790899637,47813292,103072358400,0,0,0,0,0,2,2,3868455,20,1288,0,0,0,77,17,9653820248,33619354264,34160780999
1790899638,47815016,103072714752,0,0,0,0,0,2,2,3881162,20,1288,0,0,0,77,17,9653820248,33619354264,34160780999
1790899639,47822520,103072849920,0,0,0,0,0,2,2,3881162,20,1288,0,0,0,77,17,9653820248,33619354264,34160780999
1790899640,47830116,103041953792,0,0,0,0,0,2,2,3893749,20,1288,0,0,0,77,17,9653820248,33619354264,34160780999
1790899642,47832108,103023607808,0,0,0,0,0,2,2,3893749,20,1288,0,0,0,77,17,9653820248,33619354264,34160780999
1790899643,47842564,103074078720,0,0,0,0,0,2,2,3906225,20,1288,0,0,0,77,17,9653820248,33619354264,34160780999
1790899644,47844648,103068483584,0,0,0,0,0,2,2,3906225,20,1288,0,0,0,77,17,9653820248,33619354264,34160780999
1790899645,47844180,103070781440,0,0,0,0,0,2,2,3918872,20,1288,0,0,0,77,17,9653820248,33619354264,34160780999
1790899646,47837516,103067353088,0,0,0,0,0,2,2,3918872,20,1288,0,0,0,77,17,9653820248,33619354264,34160780999
1790899647,47830644,103073243136,0,0,0,0,0,2,2,3931559,20,1288,0,0,0,77,17,9653820248,33619354264,34160780999
1790899648,47828640,103072342016,0,0,0,0,0,2,2,3931559,20,1288,0,0,0,77,17,9653820248,33619354264,34160780999
1790899649,47831376,103044112384,0,0,0,0,0,2,2,3944274,20,1288,0,0,0,77,17,9653820248,33619354264,34160780999
1790899650,47873004,103069618176,0,0,0,0,0,2,2,3944274,20,1288,0,0,0,77,17,9653820248,33619354264,34160780999
1790899651,47912104,103071600640,0,0,0,0,0,2,2,3956866,20,1288,0,0,0,77,17,9653820248,33619354264,34160780999
1790899652,47948308,103066210304,0,0,0,0,0,2,2,3969523,20,1288,0,0,0,77,17,9653820248,33619354264,34160780999
1790899653,47998144,103075848192,0,0,0,0,0,2,2,3969523,20,1288,0,0,0,77,17,9653820248,33619354264,34160780999
1790899654,48038896,103067267072,0,0,0,0,0,2,2,3982243,20,1288,0,0,0,77,17,9653820248,33619354264,34160780999
1790899655,48081188,103076605952,0,0,0,0,0,2,2,3982243,20,1288,0,0,0,77,17,9653820248,33619354264,34160780999
1790899656,48123252,103061147648,0,0,0,0,0,2,2,3994820,20,1288,0,0,0,77,17,9653820248,33619354264,34160780999
1790899657,48184128,103073325056,0,0,0,0,0,2,2,3994820,20,1288,0,0,0,77,17,9653820248,33619354264,34160780999
1790899658,48237996,103068823552,0,0,0,0,0,2,2,4007362,20,1288,0,0,0,77,17,9653820248,33619354264,34160780999
1790899659,48284620,103065391104,0,0,0,0,0,2,2,4007362,20,1288,0,0,0,77,17,9653820248,33619354264,34160780999
1790899660,48318928,103063670784,0,0,0,0,0,2,2,4019977,20,1288,0,0,0,77,17,9653820248,33619354264,34160780999
1790899662,48378284,103076814848,0,0,0,0,0,2,2,4019977,20,1288,0,0,0,77,17,9653820248,33619354264,34160780999
1790899663,48413080,103068549120,0,0,0,0,0,2,2,4032704,20,1288,0,0,0,77,17,9653820248,33619354264,34160780999
1790899664,48459184,103071088640,0,0,0,0,0,2,2,4032704,20,1288,0,0,0,77,17,9653820248,33619354264,34160780999
1790899665,48509492,103055867904,0,0,0,0,0,2,2,4045378,20,1288,0,0,0,77,17,9653820248,33619354264,34160780999
1790899666,48550652,103072043008,0,0,0,0,0,2,2,4045378,20,1288,0,0,0,77,17,9653820248,33619354264,34160780999
1790899667,48601356,103066996736,0,0,0,0,0,2,2,4058091,20,1288,0,0,0,77,17,9653820248,33619354264,34160780999
1790899668,48646704,103078002688,0,0,0,0,0,2,2,4058091,20,1288,0,0,0,77,17,9653820248,33619354264,34160780999
1790899669,48700644,103064088576,0,0,0,0,0,2,2,4070732,20,1288,0,0,0,77,17,9653820248,33619354264,34160780999
1790899670,48756148,103075794944,0,0,0,0,0,2,2,4070732,20,1288,0,0,0,77,17,9653820248,33619354264,34160780999
1790899671,48804084,103074246656,0,0,0,0,0,2,2,4083476,20,1288,0,0,0,77,17,9653820248,33619354264,34160780999
1790899672,48867784,103075426304,0,0,0,0,0,2,2,4083476,20,1288,0,0,0,77,17,9653820248,33619354264,34160780999
1790899673,48925684,103065792512,0,0,0,0,0,2,2,4095873,20,1288,0,0,0,77,17,9653820248,33619354264,34160780999
1790899674,48985732,103073804288,0,0,0,0,0,2,2,4095873,20,1288,0,0,0,77,17,9653820248,33619354264,34160780999
1790899675,49028772,103062585344,0,0,0,0,0,2,2,4108398,20,1288,0,0,0,77,17,9653820248,33619354264,34160780999
1790899676,49081896,103060299776,0,0,0,0,0,2,2,4121014,20,1288,0,0,0,77,17,9653820248,33619354264,34160780999
1790899677,49125052,103077847040,0,0,0,0,0,2,2,4121014,20,1288,0,0,0,77,17,9653820248,33619354264,34160780999
1790899678,49171324,103059689472,0,0,0,0,0,2,2,4133653,20,1288,0,0,0,77,17,9653820248,33619354264,34160780999
1790899679,49236592,103071936512,0,0,0,0,0,2,2,4133653,20,1288,0,0,0,77,17,9653820248,33619354264,34160780999
1790899680,49303344,103071076352,0,0,0,0,0,2,2,4146203,20,1288,0,0,0,77,17,9653820248,33619354264,34160780999
1790899681,49366960,103072546816,0,0,0,0,0,2,2,4146203,20,1288,0,0,0,77,17,9653820248,33619354264,34160780999
1790899683,49419448,103057747968,0,0,0,0,0,2,2,4158757,20,1288,0,0,0,77,17,9653820248,33619354264,34160780999
1790899684,49484016,103075991552,0,0,0,0,0,2,2,4158757,20,1288,0,0,0,77,17,9653820248,33619354264,34160780999
1790899685,49534944,103071510528,0,0,0,0,0,2,2,4171427,20,1288,0,0,0,77,17,9653820248,33619354264,34160780999
1790899686,49588504,103045373952,0,0,0,0,0,2,2,4171427,20,1288,0,0,0,77,17,9653820248,33619354264,34160780999
1790899687,49641860,103067582464,0,0,0,0,0,2,2,4184091,20,1288,0,0,0,77,17,9653820248,33619354264,34160780999
1790899688,49693124,103062507520,0,0,0,0,0,2,2,4184091,20,1288,0,0,0,77,17,9653820248,33619354264,34160780999
1790899689,49749708,103071068160,0,0,0,0,0,2,2,4196788,20,1288,0,0,0,77,17,9653820248,33619354264,34160780999
1790899690,49796604,103068819456,0,0,0,0,0,2,2,4196788,20,1288,0,0,0,77,17,9653820248,33619354264,34160780999
1790899691,49849236,103056551936,0,0,0,0,0,2,2,4209521,20,1288,0,0,0,77,17,9653820248,33619354264,34160780999
1790899692,49908324,103075364864,0,0,0,0,0,2,2,4209521,20,1288,0,0,0,77,17,9653820248,33619354264,34160780999
1790899693,49973236,103069749248,0,0,0,0,0,2,2,4222155,20,1288,0,0,0,77,17,9653820248,33619354264,34160780999
1790899694,50023204,103056814080,0,0,0,0,0,2,2,4222155,20,1288,0,0,0,77,17,9653820248,33619354264,34160780999
1790899695,50083520,103065763840,0,0,0,0,0,2,2,4234852,20,1288,0,0,0,77,17,9653820248,33619354264,34160780999
1790899696,50130028,103055790080,0,0,0,0,0,2,2,4234852,20,1288,0,0,0,77,17,9653820248,33619354264,34160780999
1790899697,50157036,103056568320,0,0,0,0,0,2,2,4247566,20,1288,0,0,0,77,17,9653820248,33619354264,34160780999
1790899698,50183336,103068389376,0,0,0,0,0,2,2,4260206,20,1288,0,0,0,77,17,9653820248,33619354264,34160780999
1790899699,50205676,103071449088,0,0,0,0,0,2,2,4260206,20,1288,0,0,0,77,17,9653820248,33619354264,34160780999
1790899700,50204816,103072555008,0,0,0,0,0,2,2,4273028,20,1288,0,0,0,77,17,9653820248,33619354264,34160780999
1790899701,50228496,103064649728,0,0,0,0,0,2,2,4273028,20,1288,0,0,0,77,17,9653820248,33619354264,34160780999
1790899703,50257248,103063056384,0,0,0,0,0,2,2,4285625,20,1288,0,0,0,77,17,9653820248,33619354264,34160780999
1790899704,50286848,103004876800,0,0,0,0,0,2,2,4285625,20,1288,0,0,0,77,17,9653820248,33619354264,34160780999
1790899705,50315980,103055765504,0,0,0,0,0,2,2,4298111,20,1288,0,0,0,77,17,9653820248,33619354264,34160780999
1790899706,50333976,103024431104,0,0,0,0,0,2,2,4298111,20,1288,0,0,0,77,17,9653820248,33619354264,34160780999
1790899707,50385056,103052890112,0,0,0,0,0,2,2,4310845,20,1288,0,0,0,77,17,9653820248,33619354264,34160780999
1790899708,50437792,103061577728,0,0,0,0,0,2,2,4310845,20,1288,0,0,0,77,17,9653820248,33619354264,34160780999
1790899709,50487808,103039827968,0,0,0,0,0,2,2,4323605,20,1288,0,0,0,77,17,9653820248,33619354264,34160780999
1790899710,50540712,103056146432,0,0,0,0,0,2,2,4323605,20,1288,0,0,0,77,17,9653820248,33619354264,34160780999
1790899711,50592156,103076859904,0,0,0,0,0,2,2,4336201,20,1288,0,0,0,77,17,9653820248,33619354264,34160780999
1790899712,50642928,103075192832,0,0,0,0,0,2,2,4336201,20,1288,0,0,0,77,17,9653820248,33619354264,34160780999
1790899713,50679904,103066841088,0,0,0,0,0,2,2,4348843,20,1288,0,0,0,77,17,9653820248,33619354264,34160780999
1790899714,50727400,103070535680,0,0,0,0,0,2,2,4348843,20,1288,0,0,0,77,17,9653820248,33619354264,34160780999
1790899715,50756208,103066660864,0,0,0,0,0,2,2,4361428,20,1288,0,0,0,77,17,9653820248,33619354264,34160780999
1790899716,50792972,103030505472,0,0,0,0,0,2,2,4361428,20,1288,0,0,0,77,17,9653820248,33619354264,34160780999
1790899717,50823636,103070461952,0,0,0,0,0,2,2,4374101,20,1288,0,0,0,77,17,9653820248,33619354264,34160780999
1790899718,50834360,103070851072,0,0,0,0,0,2,2,4374101,20,1288,0,0,0,77,17,9653820248,33619354264,34160780999
1790899719,50862784,103054589952,0,0,0,0,0,2,2,4386624,20,1288,0,0,0,77,17,9653820248,33619354264,34160780999
1790899720,50881784,103056560128,0,0,0,0,0,2,2,4399241,20,1288,0,0,0,77,17,9653820248,33619354264,34160780999
1790899721,50903676,103077474304,0,0,0,0,0,2,2,4399241,20,1288,0,0,0,77,17,9653820248,33619354264,34160780999
1790899723,50936396,103076069376,0,0,0,0,0,2,2,4411906,20,1288,0,0,0,77,17,9653820248,33619354264,34160780999
1790899724,50957388,103041392640,0,0,0,0,0,2,2,4411906,20,1288,0,0,0,77,17,9653820248,33619354264,34160780999
1790899725,50958604,103060086784,0,0,0,0,0,2,2,4424508,20,1288,0,0,0,77,17,9653820248,33619354264,34160780999
1790899726,50991124,103079133184,0,0,0,0,0,2,2,4424508,20,1288,0,0,0,77,17,9653820248,33619354264,34160780999
1790899727,51031996,103073341440,0,0,0,0,0,2,2,4437173,20,1288,0,0,0,77,17,9653820248,33619354264,34160780999
1790899728,51061600,103051431936,0,0,0,0,0,2,2,4437173,20,1288,0,0,0,77,17,9653820248,33619354264,34160780999
1790899729,51071048,103066710016,0,0,0,0,0,2,2,4449749,20,1288,0,0,0,77,17,9653820248,33619354264,34160780999
1790899730,51109976,103059632128,0,0,0,0,0,2,2,4449749,20,1288,0,0,0,77,17,9653820248,33619354264,34160780999
1790899731,51147800,103071621120,0,0,0,0,0,2,2,4462252,20,1288,0,0,0,77,17,9653820248,33619354264,34160780999
1790899732,51181068,103079014400,0,0,0,0,0,2,2,4462252,20,1288,0,0,0,77,17,9653820248,33619354264,34160780999
1790899733,51219736,103067328512,0,0,0,0,0,2,2,4474859,20,1288,0,0,0,77,17,9653820248,33619354264,34160780999
1790899734,51262388,103050620928,0,0,0,0,0,2,2,4474859,20,1288,0,0,0,77,17,9653820248,33619354264,34160780999
1790899735,51280720,103074222080,0,0,0,0,0,2,2,4487357,20,1288,0,0,0,77,17,9653820248,33619354264,34160780999
1790899736,51315760,103074848768,0,0,0,0,0,2,2,4487357,20,1288,0,0,0,77,17,9653820248,33619354264,34160780999
1790899737,51346628,103074258944,0,0,0,0,0,2,2,4500117,20,1288,0,0,0,77,17,9653820248,33619354264,34160780999
1790899738,51384664,103074246656,0,0,0,0,0,2,2,4500117,20,1288,0,0,0,77,17,9653820248,33619354264,34160780999
1790899739,51421568,103069315072,0,0,0,0,0,2,2,4512599,20,1288,0,0,0,77,17,9653820248,33619354264,34160780999
1790899740,51451108,103074566144,0,0,0,0,0,2,2,4512599,20,1288,0,0,0,77,17,9653820248,33619354264,34160780999
1790899741,51479416,103073878016,0,0,0,0,0,2,2,4525317,20,1288,0,0,0,77,17,9653820248,33619354264,34160780999
1790899743,51517412,103071862784,0,0,0,0,0,2,2,4525317,20,1288,0,0,0,77,17,9653820248,33619354264,34160780999
1790899744,51536604,103076024320,0,0,0,0,0,2,2,4538023,20,1288,0,0,0,77,17,9653820248,33619354264,34160780999
1790899745,51564364,103079055360,0,0,0,0,0,2,2,4550623,20,1288,0,0,0,77,17,9653820248,33619354264,34160780999
1790899746,51588084,103047434240,0,0,0,0,0,2,2,4550623,20,1288,0,0,0,77,17,9653820248,33619354264,34160780999
1790899747,51603832,103060537344,0,0,0,0,0,2,2,4563167,20,1288,0,0,0,77,17,9653820248,33619354264,34160780999
1790899748,51644140,103039266816,0,0,0,0,0,2,2,4563167,20,1288,0,0,0,77,17,9653820248,33619354264,34160780999
1790899749,51689356,103063527424,0,0,0,0,0,2,2,4575774,20,1288,0,0,0,77,17,9653820248,33619354264,34160780999
1790899750,51721988,103076376576,0,0,0,0,0,2,2,4575774,20,1288,0,0,0,77,17,9653820248,33619354264,34160780999
1790899751,51757240,103072395264,0,0,0,0,0,2,2,4588325,20,1288,0,0,0,77,17,9653820248,33619354264,34160780999
1790899752,51800304,103067385856,0,0,0,0,0,2,2,4588325,20,1288,0,0,0,77,17,9653820248,33619354264,34160780999
1790899753,51837736,103069073408,0,0,0,0,0,2,2,4601104,20,1288,0,0,0,77,17,9653820248,33619354264,34160780999
1790899754,51875196,103043944448,0,0,0,0,0,2,2,4601104,20,1288,0,0,0,77,17,9653820248,33619354264,34160780999
1790899755,51931536,103058427904,0,0,0,0,0,2,2,4613746,20,1288,0,0,0,77,17,9653820248,33619354264,34160780999
1790899756,51978104,103067205632,0,0,0,0,0,2,2,4613746,20,1288,0,0,0,77,17,9653820248,33619354264,34160780999
1790899757,52029768,103076642816,0,0,0,0,0,2,2,4626224,20,1288,0,0,0,77,17,9653820248,33619354264,34160780999
1790899758,52071188,103079075840,0,0,0,0,0,2,2,4626224,20,1288,0,0,0,77,17,9653820248,33619354264,34160780999
1790899759,52118560,103072075776,0,0,0,0,0,2,2,4638720,20,1288,0,0,0,77,17,9653820248,33619354264,34160780999
1790899760,52164080,103062446080,0,0,0,0,0,2,2,4638720,20,1288,0,0,0,77,17,9653820248,33619354264,34160780999
1790899761,52215460,103067127808,0,0,0,0,0,2,2,4651360,20,1288,0,0,0,77,17,9653820248,33619354264,34160780999
1790899763,52273712,103038459904,0,0,0,0,0,2,2,4651360,20,1288,0,0,0,77,17,9653820248,33619354264,34160780999
1790899764,52325080,103065833472,0,0,0,0,0,2,2,4664002,20,1288,0,0,0,77,17,9653820248,33619354264,34160780999
1790899765,52374468,103065055232,0,0,0,0,0,2,2,4664002,20,1288,0,0,0,77,17,9653820248,33619354264,34160780999
1790899766,52427540,103054925824,0,0,0,0,0,2,2,4676576,20,1288,0,0,0,77,17,9653820248,33619354264,34160780999
1790899767,52477136,103065899008,0,0,0,0,0,2,2,4689100,20,1288,0,0,0,77,17,9653820248,33619354264,34160780999
1790899768,52531196,103071653888,0,0,0,0,0,2,2,4689100,20,1288,0,0,0,77,17,9653820248,33619354264,34160780999
1790899769,52584356,103076687872,0,0,0,0,0,2,2,4701769,20,1288,0,0,0,77,17,9653820248,33619354264,34160780999
1790899770,52634988,103028281344,0,0,0,0,0,2,2,4701769,20,1288,0,0,0,77,17,9653820248,33619354264,34160780999
1790899771,52697652,103052943360,0,0,0,0,0,2,2,4714332,20,1288,0,0,0,77,17,9653820248,33619354264,34160780999
1790899772,52748888,103064715264,0,0,0,0,0,2,2,4714332,20,1288,0,0,0,77,17,9653820248,33619354264,34160780999
1790899773,52812020,103074709504,0,0,0,0,0,2,2,4726963,20,1288,0,0,0,77,17,9653820248,33619354264,34160780999
1790899774,52889188,103041363968,0,0,0,0,0,2,2,4726963,20,1288,0,0,0,77,17,9653820248,33619354264,34160780999
1790899775,52958900,103078952960,0,0,0,0,0,2,2,4739592,20,1288,0,0,0,77,17,9653820248,33619354264,34160780999
1790899776,53038800,103060684800,0,0,0,0,0,2,2,4739592,20,1288,0,0,0,77,17,9653820248,33619354264,34160780999
1790899777,53106308,103052328960,0,0,0,0,0,2,2,4752088,20,1288,0,0,0,77,17,9653820248,33619354264,34160780999
1790899778,53189976,103068581888,0,0,0,0,0,2,2,4752088,20,1288,0,0,0,77,17,9653820248,33619354264,34160780999
1790899779,53266624,103078625280,0,0,0,0,0,2,2,4764599,20,1288,0,0,0,77,17,9653820248,33619354264,34160780999
1790899780,53338424,103068573696,0,0,0,0,0,2,2,4764599,20,1288,0,0,0,77,17,9653820248,33619354264,34160780999
1790899781,53392904,103075037184,0,0,0,0,0,2,2,4777258,20,1288,0,0,0,77,17,9653820248,33619354264,34160780999
1790899783,53443400,103078227968,0,0,0,0,0,2,2,4777258,20,1288,0,0,0,77,17,9653820248,33619354264,34160780999
1790899784,53491668,103076352000,0,0,0,0,0,2,2,4789777,20,1288,0,0,0,77,17,9653820248,33619354264,34160780999
1790899785,53525428,103078440960,0,0,0,0,0,2,2,4789777,20,1288,0,0,0,77,17,9653820248,33619354264,34160780999
1790899786,53541660,103042977792,0,0,0,0,0,2,2,4802358,20,1288,0,0,0,77,17,9653820248,33619354264,34160780999
1790899787,53552636,103079178240,0,0,0,0,0,2,2,4802358,20,1288,0,0,0,77,17,9653820248,33619354264,34160780999
1790899788,53570324,103073800192,0,0,0,0,0,2,2,4814979,20,1288,0,0,0,77,17,9653820248,33619354264,34160780999
1790899789,53570768,103072579584,0,0,0,0,0,2,2,4827755,20,1288,0,0,0,77,17,9653820248,33619354264,34160780999
1790899790,53599876,103076581376,0,0,0,0,0,2,2,4827755,20,1288,0,0,0,77,17,9653820248,33619354264,34160780999
1790899791,53633296,103078731776,0,0,0,0,0,2,2,4840368,20,1288,0,0,0,77,17,9653820248,33619354264,34160780999
1790899792,53663352,103070711808,0,0,0,0,0,2,2,4840368,20,1288,0,0,0,77,17,9653820248,33619354264,34160780999
1790899793,53705880,103077867520,0,0,0,0,0,2,2,4852626,20,1288,0,0,0,77,17,9653820248,33619354264,34160780999
1790899794,53752224,103070978048,0,0,0,0,0,2,2,4852626,20,1288,0,0,0,77,17,9653820248,33619354264,34160780999
1790899795,53793692,103077486592,0,0,0,0,0,2,2,4865252,20,1288,0,0,0,77,17,9653820248,33619354264,34160780999
1790899796,53839996,103073169408,0,0,0,0,0,2,2,4865252,20,1288,0,0,0,77,17,9653820248,33619354264,34160780999
1790899797,53881936,103069900800,0,0,0,0,0,2,2,4877768,20,1288,0,0,0,77,17,9653820248,33619354264,34160780999
1790899798,53929328,103060008960,0,0,0,0,0,2,2,4877768,20,1288,0,0,0,77,17,9653820248,33619354264,34160780999
1790899799,53964364,103070076928,0,0,0,0,0,2,2,4890429,20,1288,0,0,0,77,17,9653820248,33619354264,34160780999
1790899800,54016576,103060070400,0,0,0,0,0,2,2,4890429,20,1288,0,0,0,77,17,9653820248,33619354264,34160780999
1790899801,54063916,103061229568,0,0,0,0,0,2,2,4902984,20,1288,0,0,0,77,17,9653820248,33619354264,34160780999
1790899803,54114268,103078195200,0,0,0,0,0,2,2,4902984,20,1288,0,0,0,77,17,9653820248,33619354264,34160780999
1790899804,54146232,103073603584,0,0,0,0,0,2,2,4915558,20,1288,0,0,0,77,17,9653820248,33619354264,34160780999
1790899805,54168828,103060238336,0,0,0,0,0,2,2,4915558,20,1288,0,0,0,77,17,9653820248,33619354264,34160780999
1790899806,54195892,103058837504,0,0,0,0,0,2,2,4928214,20,1288,0,0,0,77,17,9653820248,33619354264,34160780999
1790899807,54223272,103068708864,0,0,0,0,0,2,2,4928214,20,1288,0,0,0,77,17,9653820248,33619354264,34160780999
1790899808,54245036,103058104320,0,0,0,0,0,2,2,4940887,20,1288,0,0,0,77,17,9653820248,33619354264,34160780999
1790899809,54260484,103048159232,0,0,0,0,0,2,2,4940887,20,1288,0,0,0,77,17,9653820248,33619354264,34160780999
1790899810,54285596,103074471936,0,0,0,0,0,2,2,4953548,20,1288,0,0,0,77,17,9653820248,33619354264,34160780999
1790899811,54305216,103072391168,0,0,0,0,0,2,2,4953548,20,1288,0,0,0,77,17,9653820248,33619354264,34160780999
1790899812,54321968,103064227840,0,0,0,0,0,2,2,4966379,20,1288,0,0,0,77,17,9653820248,33619354264,34160780999
1790899813,54342424,103037317120,0,0,0,0,0,2,2,4979148,20,1288,0,0,0,77,17,9653820248,33619354264,34160780999
1790899814,54351504,103069327360,0,0,0,0,0,2,2,4979148,20,1288,0,0,0,77,17,9653820248,33619354264,34160780999
1790899815,54354548,103078883328,0,0,0,0,0,2,2,4991688,20,1288,0,0,0,77,17,9653820248,33619354264,34160780999
1790899816,54383440,103046885376,0,0,0,0,0,2,2,4991688,20,1288,0,0,0,77,17,9653820248,33619354264,34160780999
1790899817,54419876,103072882688,0,0,0,0,0,2,2,5004387,20,1288,0,0,0,77,17,9653820248,33619354264,34160780999
1790899818,54456000,103069392896,0,0,0,0,0,2,2,5004387,20,1288,0,0,0,77,17,9653820248,33619354264,34160780999
1790899819,54494748,103066894336,0,0,0,0,0,2,2,5017019,20,1288,0,0,0,77,17,9653820248,33619354264,34160780999
1790899820,54529560,103073419264,0,0,0,0,0,2,2,5017019,20,1288,0,0,0,77,17,9653820248,33619354264,34160780999
1790899821,54559396,103066148864,0,0,0,0,0,2,2,5029652,20,1288,0,0,0,77,17,9653820248,33619354264,34160780999
1790899822,54593708,103050780672,0,0,0,0,0,2,2,5029652,20,1288,0,0,0,77,17,9653820248,33619354264,34160780999
1790899824,54625628,103079129088,0,0,0,0,0,2,2,5042435,20,1288,0,0,0,77,17,9653820248,33619354264,34160780999
1790899825,54654080,103066464256,0,0,0,0,0,2,2,5042435,20,1288,0,0,0,77,17,9653820248,33619354264,34160780999
1790899826,54692648,103067242496,0,0,0,0,0,2,2,5055045,20,1288,0,0,0,77,17,9653820248,33619354264,34160780999
1790899827,54715356,103055974400,0,0,0,0,0,2,2,5055045,20,1288,0,0,0,77,17,9653820248,33619354264,34160780999
1790899828,54747024,103074013184,0,0,0,0,0,2,2,5067748,20,1288,0,0,0,77,17,9653820248,33619354264,34160780999
1790899829,54775632,103070773248,0,0,0,0,0,2,2,5067748,20,1288,0,0,0,77,17,9653820248,33619354264,34160780999
1790899830,54815160,103077150720,0,0,0,0,0,3,3,5079304,20,1289,1,0,1,77,17,9653820248,33619354264,34160780999
1790899831,54842052,103067942912,0,0,0,0,0,3,3,5079304,20,1289,1,0,1,77,17,9653820248,33619354264,34160780999
1790899832,54880100,103063248896,0,0,0,0,0,3,3,5090699,20,1292,1,0,1,77,17,9653820248,33619354264,34160780999
1790899833,54922076,103044116480,0,0,0,0,0,3,3,5090699,20,1292,1,0,1,77,17,9653820248,33619354264,34160780999
1790899834,54957048,103056355328,0,0,0,0,0,3,3,5102059,20,1300,1,0,1,77,17,9653820248,33619354264,34160780999
1790899835,55004352,103067119616,0,0,0,0,0,3,3,5113410,20,1308,1,0,1,77,17,9653820248,33619354264,34160780999
1790899836,55052336,103062745088,0,0,0,0,0,3,3,5113410,20,1308,1,0,1,77,17,9653820248,33619354264,34160780999
1790899837,55098200,103077957632,0,0,0,0,0,3,3,5124876,20,1316,1,0,1,77,17,9653820248,33619354264,34160780999
1790899838,55139104,103070625792,0,0,0,0,0,3,3,5124876,20,1316,1,0,1,77,17,9653820248,33619354264,34160780999
1790899839,55176868,103067328512,0,0,0,0,0,3,3,5135992,20,1324,1,0,1,77,17,9653820248,33619354264,34160780999
1790899840,55222332,103077515264,0,0,0,0,0,3,3,5135992,20,1324,1,0,1,77,17,9653820248,33619354264,34160780999
1790899841,55276960,103073615872,0,0,0,0,0,3,3,5147217,20,1324,1,0,1,77,17,9653820248,33619354264,34160780999
1790899843,55309664,103076618240,0,0,0,0,0,3,3,5147217,20,1324,1,0,1,77,17,9653820248,33619354264,34160780999
1790899844,55346060,103074426880,0,0,0,0,0,3,3,5158650,20,1324,1,0,1,77,17,9653820248,33619354264,34160780999
1790899845,55388248,103076200448,0,0,0,0,0,3,3,5158650,20,1324,1,0,1,77,17,9653820248,33619354264,34160780999
1790899846,55420904,103078293504,0,0,0,0,0,3,3,5170010,20,1324,1,0,1,77,17,9653820248,33619354264,34160780999
1790899847,55450596,103057977344,0,0,0,0,0,3,3,5170010,20,1324,1,0,1,77,17,9653820248,33619354264,34160780999
1790899848,55483492,103070044160,0,0,0,0,0,3,3,5181474,20,1324,1,0,1,77,17,9653820248,33619354264,34160780999
1790899849,51875504,99509465088,0,0,0,0,0,3,3,5181474,20,1324,1,0,1,77,17,9653820248,33619354264,34160780999
1790899850,51791148,100747304960,0,0,0,0,0,3,3,5191488,22,1329,0,2,0,115,18,14480218042,33622731110,34167537139
1790899851,51594488,101816365056,0,0,0,0,0,3,3,5191488,22,1329,0,2,0,115,18,14480218042,33622731110,34167537139
1790899852,51162812,102676340736,0,0,0,0,0,3,3,5197196,22,1338,0,2,0,115,18,14480218042,33622731110,34167537139
1790899853,50565800,103050219520,0,0,0,0,0,3,3,5197196,22,1338,0,2,0,115,18,14480218042,33622731110,34167537139
1790899854,49636524,103037628416,0,0,0,0,0,3,3,5203032,22,1347,0,2,0,115,18,14480218042,33622731110,34167537139
1790899855,48951764,103076843520,0,0,0,0,0,3,3,5203032,22,1347,0,2,0,115,18,14480218042,33622731110,34167537139
1790899856,48328356,103072604160,0,0,0,0,0,3,3,5208801,22,1363,0,2,0,115,18,14480218042,33622731110,34167537139
1790899857,47785488,103051513856,0,0,0,0,0,3,3,5213743,22,1379,0,2,0,115,18,14480218042,33622731110,34167537139
1790899858,47545392,103045574656,0,0,0,0,0,3,3,5213743,22,1379,0,2,0,115,18,14480218042,33622731110,34167537139
1790899860,47387424,103071051776,0,0,0,0,0,3,3,5219532,22,1390,0,2,0,115,18,14480218042,33622731110,34167537139
1790899861,47402548,103061876736,0,0,0,0,0,3,3,5219532,22,1390,0,2,0,115,18,14480218042,33622731110,34167537139
1790899862,47356128,103069868032,0,0,0,0,0,3,3,5225358,22,1399,0,2,0,115,18,14480218042,33622731110,34167537139
1790899863,47263536,103068454912,0,0,0,0,0,3,3,5225358,22,1399,0,2,0,115,18,14480218042,33622731110,34167537139
1790899864,47269920,103078268928,0,0,0,0,0,3,3,5229807,22,1412,0,2,0,115,18,14480218042,33622731110,34167537139
1790899865,47254048,103076634624,0,0,0,0,0,3,3,5229807,22,1412,0,2,0,115,18,14480218042,33622731110,34167537139
1790899866,47160300,103066877952,0,0,0,0,0,3,3,5234495,22,1427,0,2,0,115,18,14480218042,33622731110,34167537139
1790899867,47167316,103075635200,0,0,0,0,0,3,3,5234495,22,1427,0,2,0,115,18,14480218042,33622731110,34167537139
1790899868,47134528,101444452352,0,0,0,0,0,3,3,5241030,22,1438,0,2,0,115,18,14480218042,33622731110,34167537139
1790899869,47165648,103072206848,0,0,0,0,0,3,3,5241030,22,1438,0,2,0,115,18,14480218042,33622731110,34167537139
1790899870,47176784,101122875392,0,0,0,0,0,3,3,5249232,23,1412,0,1,0,115,19,14480218042,36092228089,36691617868
1790899871,47217880,100161458176,0,0,0,0,0,3,3,5249232,23,1412,0,1,0,115,19,14480218042,36092228089,36691617868
1790899872,47253296,98989350912,0,0,0,0,0,3,3,5257277,26,1346,0,0,0,115,22,14480218042,41031119358,41741004528
1790899873,47281856,100177289216,0,0,0,0,0,3,3,5257277,26,1346,0,0,0,115,22,14480218042,41031119358,41741004528
1790899874,47321896,101825388544,0,0,0,0,0,3,3,5266811,27,1311,0,0,0,115,23,14480218042,43499794476,44266619562
1790899875,47343632,103057534976,0,0,0,0,0,3,3,5276868,27,1313,0,0,0,115,23,14480218042,43499794476,44266619562
1790899876,47365388,103071141888,0,0,0,0,0,3,3,5276868,27,1313,0,0,0,115,23,14480218042,43499794476,44266619562
1790899878,47384596,103036010496,0,0,0,0,0,3,3,5287050,27,1315,0,0,0,115,23,14480218042,43499794476,44266619562
1790899879,47404672,103062536192,0,0,0,0,0,3,3,5287050,27,1315,0,0,0,115,23,14480218042,43499794476,44266619562
1790899880,47429320,103077892096,0,0,0,0,0,3,3,5296615,27,1316,0,0,0,115,23,14480218042,43499794476,44266619562
1790899881,47448012,103072264192,0,0,0,0,0,3,3,5296615,27,1316,0,0,0,115,23,14480218042,43499794476,44266619562
1790899882,47464432,103076454400,0,0,0,0,0,3,3,5306622,27,1316,0,0,0,115,23,14480218042,43499794476,44266619562
1790899883,47458996,103031320576,0,0,0,0,0,3,3,5306622,27,1316,0,0,0,115,23,14480218042,43499794476,44266619562
1790899884,47498964,100301058048,0,0,0,0,0,3,3,5317727,27,1318,0,0,0,115,23,14480218042,43499794476,44266619562
1790899885,47526704,95584755712,0,0,0,0,0,3,3,5317727,27,1318,0,0,0,115,23,14480218042,43499794476,44266619562
1790899886,47578044,96200318976,0,0,0,0,0,3,3,5329913,28,1307,0,0,0,115,24,14480218042,51620914500,52553622986
1790899887,47608164,96803823616,0,0,0,0,0,3,3,5329913,28,1307,0,0,0,115,24,14480218042,51620914500,52553622986
1790899888,47626024,97400172544,0,0,0,0,0,3,3,5342382,28,1307,0,0,0,115,24,14480218042,51620914500,52553622986
1790899889,47642560,97973829632,0,0,0,0,0,3,3,5342382,28,1307,0,0,0,115,24,14480218042,51620914500,52553622986
1790899890,47644000,98541289472,0,0,0,0,0,3,3,5354792,28,1307,0,0,0,115,24,14480218042,51620914500,52553622986
1790899891,47668184,99122823168,0,0,0,0,0,3,3,5354792,28,1307,0,0,0,115,24,14480218042,51620914500,52553622986
1790899892,47677836,99704913920,0,0,0,0,0,3,3,5367410,28,1307,0,0,0,115,24,14480218042,51620914500,52553622986
1790899893,47677288,100260192256,0,0,0,0,0,3,3,5367410,28,1307,0,0,0,115,24,14480218042,51620914500,52553622986
1790899894,47682236,100824768512,0,0,0,0,0,3,3,5379961,28,1307,0,0,0,115,24,14480218042,51620914500,52553622986
1790899895,47677940,101378519040,0,0,0,0,0,3,3,5379961,28,1307,0,0,0,115,24,14480218042,51620914500,52553622986
1790899896,47710796,101966266368,0,0,0,0,0,3,3,5392514,28,1307,0,0,0,115,24,14480218042,51620914500,52553622986
1790899898,47739788,102548361216,0,0,0,0,0,3,3,5392514,28,1307,0,0,0,115,24,14480218042,51620914500,52553622986
1790899899,47762724,103062884352,0,0,0,0,0,3,3,5405029,28,1307,0,0,0,115,24,14480218042,51620914500,52553622986
1790899900,47776164,103070670848,0,0,0,0,0,3,3,5417689,28,1307,0,0,0,115,24,14480218042,51620914500,52553622986
1790899901,47807696,103072595968,0,0,0,0,0,3,3,5417689,28,1307,0,0,0,115,24,14480218042,51620914500,52553622986
1790899902,47845368,103072751616,0,0,0,0,0,3,3,5430356,28,1307,0,0,0,115,24,14480218042,51620914500,52553622986
1790899903,47870920,103059705856,0,0,0,0,0,3,3,5430356,28,1307,0,0,0,115,24,14480218042,51620914500,52553622986
1790899904,47895308,103071031296,0,0,0,0,0,3,3,5441865,28,1307,0,0,0,115,24,14480218042,51620914500,52553622986
1790899905,47923440,103077933056,0,0,0,0,0,3,3,5441865,28,1307,0,0,0,115,24,14480218042,51620914500,52553622986
1790899906,47960552,103030452224,0,0,0,0,0,3,3,5453569,28,1307,0,0,0,115,24,14480218042,51620914500,52553622986
1790899907,47983980,103047880704,0,0,0,0,0,3,3,5453569,28,1307,0,0,0,115,24,14480218042,51620914500,52553622986
1790899908,48013016,103042822144,0,0,0,0,0,3,3,5466121,28,1307,0,0,0,115,24,14480218042,51620914500,52553622986
1790899909,48056080,103067168768,0,0,0,0,0,3,3,5466121,28,1307,0,0,0,115,24,14480218042,51620914500,52553622986
1790899910,48089988,103047098368,0,0,0,0,0,3,3,5478844,28,1307,0,0,0,115,24,14480218042,51620914500,52553622986
1790899911,48108992,103020752896,0,0,0,0,0,3,3,5478844,28,1307,0,0,0,115,24,14480218042,51620914500,52553622986
1790899912,48129724,103073091584,0,0,0,0,0,3,3,5491374,28,1307,0,0,0,115,24,14480218042,51620914500,52553622986
1790899913,48151124,103063986176,0,0,0,0,0,3,3,5491374,28,1307,0,0,0,115,24,14480218042,51620914500,52553622986
1790899914,48160040,103061233664,0,0,0,0,0,3,3,5504046,28,1307,0,0,0,115,24,14480218042,51620914500,52553622986
1790899915,48182452,103045210112,0,0,0,0,0,3,3,5504046,28,1307,0,0,0,115,24,14480218042,51620914500,52553622986
1790899917,48201152,103048663040,0,0,0,0,0,3,3,5516723,28,1307,0,0,0,115,24,14480218042,51620914500,52553622986
1790899918,48230576,103057625088,0,0,0,0,0,3,3,5516723,28,1307,0,0,0,115,24,14480218042,51620914500,52553622986
1790899919,48255620,103049338880,0,0,0,0,0,3,3,5529303,28,1307,0,0,0,115,24,14480218042,51620914500,52553622986
1790899920,48269344,103055958016,0,0,0,0,0,3,3,5529303,28,1307,0,0,0,115,24,14480218042,51620914500,52553622986
1790899921,48281448,103077720064,0,0,0,0,0,3,3,5541992,28,1307,0,0,0,115,24,14480218042,51620914500,52553622986
1790899922,48322268,103071956992,0,0,0,0,0,3,3,5554673,28,1307,0,0,0,115,24,14480218042,51620914500,52553622986
1790899923,48349924,103071993856,0,0,0,0,0,3,3,5554673,28,1307,0,0,0,115,24,14480218042,51620914500,52553622986
1790899924,48388020,103057924096,0,0,0,0,0,3,3,5567386,28,1307,0,0,0,115,24,14480218042,51620914500,52553622986
1790899925,48425308,103063339008,0,0,0,0,0,3,3,5567386,28,1307,0,0,0,115,24,14480218042,51620914500,52553622986
1790899926,48455196,103037308928,0,0,0,0,0,3,3,5580124,28,1307,0,0,0,115,24,14480218042,51620914500,52553622986
1790899927,48485188,103059922944,0,0,0,0,0,3,3,5580124,28,1307,0,0,0,115,24,14480218042,51620914500,52553622986
1790899928,48511064,103075336192,0,0,0,0,0,3,3,5592734,28,1307,0,0,0,115,24,14480218042,51620914500,52553622986
1790899929,48530560,103074791424,0,0,0,0,0,3,3,5592734,28,1307,0,0,0,115,24,14480218042,51620914500,52553622986
1790899930,48557900,103075901440,0,0,0,0,0,3,3,5605478,28,1307,0,0,0,115,24,14480218042,51620914500,52553622986
1790899931,48579608,103060328448,0,0,0,0,0,3,3,5605478,28,1307,0,0,0,115,24,14480218042,51620914500,52553622986
1790899932,48603316,103056814080,0,0,0,0,0,3,3,5618077,28,1307,0,0,0,115,24,14480218042,51620914500,52553622986
1790899933,48670204,103030538240,0,0,0,0,0,3,3,5618077,28,1307,0,0,0,115,24,14480218042,51620914500,52553622986
1790899934,48730436,103053438976,0,0,0,0,0,3,3,5630618,28,1307,0,0,0,115,24,14480218042,51620914500,52553622986
1790899935,48795184,103070609408,0,0,0,0,0,3,3,5630618,28,1307,0,0,0,115,24,14480218042,51620914500,52553622986
1790899936,48839244,103076089856,0,0,0,0,0,3,3,5643118,28,1307,0,0,0,115,24,14480218042,51620914500,52553622986
1790899938,48884440,103079202816,0,0,0,0,0,3,3,5643118,28,1307,0,0,0,115,24,14480218042,51620914500,52553622986
1790899939,48920664,103069696000,0,0,0,0,0,3,3,5655578,28,1307,0,0,0,115,24,14480218042,51620914500,52553622986
1790899940,48960096,103072305152,0,0,0,0,0,3,3,5655578,28,1307,0,0,0,115,24,14480218042,51620914500,52553622986
1790899941,48988476,103069040640,0,0,0,0,0,3,3,5668206,28,1307,0,0,0,115,24,14480218042,51620914500,52553622986
1790899942,49022804,103077232640,0,0,0,0,0,3,3,5668206,28,1307,0,0,0,115,24,14480218042,51620914500,52553622986
1790899943,49062056,103059353600,0,0,0,0,0,3,3,5680671,28,1307,0,0,0,115,24,14480218042,51620914500,52553622986
1790899944,49091472,103041372160,0,0,0,0,0,3,3,5693300,28,1307,0,0,0,115,24,14480218042,51620914500,52553622986
1790899945,49114440,103058919424,0,0,0,0,0,3,3,5693300,28,1307,0,0,0,115,24,14480218042,51620914500,52553622986
1790899946,49140252,103050526720,0,0,0,0,0,3,3,5705845,28,1307,0,0,0,115,24,14480218042,51620914500,52553622986
1790899947,49162676,103052587008,0,0,0,0,0,3,3,5705845,28,1307,0,0,0,115,24,14480218042,51620914500,52553622986
1790899948,49186516,103071707136,0,0,0,0,0,3,3,5718348,28,1307,0,0,0,115,24,14480218042,51620914500,52553622986
1790899949,49206432,103077122048,0,0,0,0,0,3,3,5718348,28,1307,0,0,0,115,24,14480218042,51620914500,52553622986
1790899950,49212824,103068758016,0,0,0,0,0,3,3,5731003,28,1307,0,0,0,115,24,14480218042,51620914500,52553622986
1790899951,49221876,103041630208,0,0,0,0,0,3,3,5731003,28,1307,0,0,0,115,24,14480218042,51620914500,52553622986
1790899952,49244068,103069159424,0,0,0,0,0,3,3,5743647,28,1307,0,0,0,115,24,14480218042,51620914500,52553622986
1790899953,49244988,103040917504,0,0,0,0,0,3,3,5743647,28,1307,0,0,0,115,24,14480218042,51620914500,52553622986
1790899954,49249020,103079133184,0,0,0,0,0,3,3,5756205,28,1307,0,0,0,115,24,14480218042,51620914500,52553622986
1790899955,49266428,103075602432,0,0,0,0,0,3,3,5756205,28,1307,0,0,0,115,24,14480218042,51620914500,52553622986
1790899956,49281548,103062843392,0,0,0,0,0,3,3,5768681,28,1307,0,0,0,115,24,14480218042,51620914500,52553622986
1790899958,49292480,103069962240,0,0,0,0,0,3,3,5768681,28,1307,0,0,0,115,24,14480218042,51620914500,52553622986
1790899959,49314216,103049424896,0,0,0,0,0,3,3,5781128,28,1307,0,0,0,115,24,14480218042,51620914500,52553622986
1790899960,49336340,103076085760,0,0,0,0,0,3,3,5781128,28,1307,0,0,0,115,24,14480218042,51620914500,52553622986
1790899961,49357152,103071764480,0,0,0,0,0,3,3,5793612,28,1307,0,0,0,115,24,14480218042,51620914500,52553622986
1790899962,49373744,103060451328,0,0,0,0,0,3,3,5793612,28,1307,0,0,0,115,24,14480218042,51620914500,52553622986
1790899963,49394624,103036379136,0,0,0,0,0,3,3,5806299,28,1307,0,0,0,115,24,14480218042,51620914500,52553622986
1790899964,49424584,103071981568,0,0,0,0,0,3,3,5806299,28,1307,0,0,0,115,24,14480218042,51620914500,52553622986
1790899965,49447900,103054065664,0,0,0,0,0,3,3,5818933,28,1307,0,0,0,115,24,14480218042,51620914500,52553622986
1790899966,49462104,103064076288,0,0,0,0,0,3,3,5818933,28,1307,0,0,0,115,24,14480218042,51620914500,52553622986
1790899967,49478612,103058407424,0,0,0,0,0,3,3,5831476,28,1307,0,0,0,115,24,14480218042,51620914500,52553622986
1790899968,49501736,103056310272,0,0,0,0,0,3,3,5843777,28,1307,0,0,0,115,24,14480218042,51620914500,52553622986
1790899969,49523868,103077576704,0,0,0,0,0,3,3,5843777,28,1307,0,0,0,115,24,14480218042,51620914500,52553622986
1790899970,49564704,103054401536,0,0,0,0,0,3,3,5856289,28,1307,0,0,0,115,24,14480218042,51620914500,52553622986
1790899971,49594652,103071633408,0,0,0,0,0,3,3,5856289,28,1307,0,0,0,115,24,14480218042,51620914500,52553622986
1790899972,49614152,103070269440,0,0,0,0,0,3,3,5868958,28,1307,0,0,0,115,24,14480218042,51620914500,52553622986
1790899973,49651952,103070375936,0,0,0,0,0,3,3,5868958,28,1307,0,0,0,115,24,14480218042,51620914500,52553622986
1790899974,49680892,103066386432,0,0,0,0,0,3,3,5881593,28,1307,0,0,0,115,24,14480218042,51620914500,52553622986
1790899975,49705900,103067512832,0,0,0,0,0,3,3,5881593,28,1307,0,0,0,115,24,14480218042,51620914500,52553622986
1790899976,49728448,103064834048,0,0,0,0,0,3,3,5894224,28,1307,0,0,0,115,24,14480218042,51620914500,52553622986
1790899978,49762136,103076462592,0,0,0,0,0,3,3,5894224,28,1307,0,0,0,115,24,14480218042,51620914500,52553622986
1790899979,49793044,103043223552,0,0,0,0,0,3,3,5906718,28,1307,0,0,0,115,24,14480218042,51620914500,52553622986
1790899980,49813360,103067336704,0,0,0,0,0,3,3,5906718,28,1307,0,0,0,115,24,14480218042,51620914500,52553622986
1790899981,49838372,103077687296,0,0,0,0,0,3,3,5919294,28,1307,0,0,0,115,24,14480218042,51620914500,52553622986
1790899982,49863548,103058874368,0,0,0,0,0,3,3,5919294,28,1307,0,0,0,115,24,14480218042,51620914500,52553622986
1790899983,49888192,103074398208,0,0,0,0,0,3,3,5931813,28,1307,0,0,0,115,24,14480218042,51620914500,52553622986
1790899984,49916240,103062904832,0,0,0,0,0,3,3,5931813,28,1307,0,0,0,115,24,14480218042,51620914500,52553622986
1790899985,49944752,103069577216,0,0,0,0,0,3,3,5944355,28,1307,0,0,0,115,24,14480218042,51620914500,52553622986
1790899986,49968516,103063343104,0,0,0,0,0,3,3,5944355,28,1307,0,0,0,115,24,14480218042,51620914500,52553622986
1790899987,49996060,103055843328,0,0,0,0,0,3,3,5956830,28,1307,0,0,0,115,24,14480218042,51620914500,52553622986
1790899988,50032244,103078785024,0,0,0,0,0,3,3,5956830,28,1307,0,0,0,115,24,14480218042,51620914500,52553622986
1790899989,50052488,103076364288,0,0,0,0,0,3,3,5969477,28,1307,0,0,0,115,24,14480218042,51620914500,52553622986
1790899990,50090128,103072735232,0,0,0,0,0,3,3,5969477,28,1307,0,0,0,115,24,14480218042,51620914500,52553622986
1790899991,50128756,103069933568,0,0,0,0,0,3,3,5982007,28,1307,0,0,0,115,24,14480218042,51620914500,52553622986
1790899992,50172360,103068733440,0,0,0,0,0,3,3,5994597,28,1307,0,0,0,115,24,14480218042,51620914500,52553622986
1790899993,50225972,103064064000,0,0,0,0,0,3,3,5994597,28,1307,0,0,0,115,24,14480218042,51620914500,52553622986
1790899994,50275504,103057514496,0,0,0,0,0,3,3,6007267,28,1307,0,0,0,115,24,14480218042,51620914500,52553622986
1790899995,50310488,103065272320,0,0,0,0,0,3,3,6007267,28,1307,0,0,0,115,24,14480218042,51620914500,52553622986
1790899996,50351640,103068196864,0,0,0,0,0,3,3,6019866,28,1307,0,0,0,115,24,14480218042,51620914500,52553622986
1790899998,50398172,103073386496,0,0,0,0,0,3,3,6019866,28,1307,0,0,0,115,24,14480218042,51620914500,52553622986
1790899999,50439416,103050256384,0,0,0,0,0,3,3,6032409,28,1307,0,0,0,115,24,14480218042,51620914500,52553622986
1790900000,50487352,103061594112,0,0,0,0,0,3,3,6032409,28,1307,0,0,0,115,24,14480218042,51620914500,52553622986
1790900001,50533796,103069126656,0,0,0,0,0,3,3,6044811,28,1307,0,0,0,115,24,14480218042,51620914500,52553622986
1790900002,50567148,103060389888,0,0,0,0,0,3,3,6044811,28,1307,0,0,0,115,24,14480218042,51620914500,52553622986
1790900003,50609876,103072477184,0,0,0,0,0,3,3,6057367,28,1307,0,0,0,115,24,14480218042,51620914500,52553622986
1790900004,50651500,103063666688,0,0,0,0,0,3,3,6057367,28,1307,0,0,0,115,24,14480218042,51620914500,52553622986
1790900005,50710324,103071305728,0,0,0,0,0,3,3,6070090,28,1307,0,0,0,115,24,14480218042,51620914500,52553622986
1790900006,50767436,103075291136,0,0,0,0,0,3,3,6070090,28,1307,0,0,0,115,24,14480218042,51620914500,52553622986
1790900007,50822380,103061676032,0,0,0,0,0,3,3,6082466,28,1307,0,0,0,115,24,14480218042,51620914500,52553622986
1790900008,50869260,103047712768,0,0,0,0,0,3,3,6082466,28,1307,0,0,0,115,24,14480218042,51620914500,52553622986
1790900009,50921528,103075700736,0,0,0,0,0,3,3,6095087,28,1307,0,0,0,115,24,14480218042,51620914500,52553622986
1790900010,50973992,103075573760,0,0,0,0,0,3,3,6095087,28,1307,0,0,0,115,24,14480218042,51620914500,52553622986
1790900011,51026052,103070224384,0,0,0,0,0,3,3,6107580,28,1307,0,0,0,115,24,14480218042,51620914500,52553622986
1790900012,51073908,103075794944,0,0,0,0,0,3,3,6107580,28,1307,0,0,0,115,24,14480218042,51620914500,52553622986
1790900013,51123636,103066116096,0,0,0,0,0,3,3,6120164,28,1307,0,0,0,115,24,14480218042,51620914500,52553622986
1790900014,51180668,103064002560,0,0,0,0,0,3,3,6132809,28,1307,0,0,0,115,24,14480218042,51620914500,52553622986
1790900015,51249124,103058960384,0,0,0,0,0,3,3,6132809,28,1307,0,0,0,115,24,14480218042,51620914500,52553622986
1790900016,51320456,103061168128,0,0,0,0,0,3,3,6145408,28,1307,0,0,0,115,24,14480218042,51620914500,52553622986
1790900018,51369268,103073873920,0,0,0,0,0,3,3,6145408,28,1307,0,0,0,115,24,14480218042,51620914500,52553622986
1790900019,51426580,103066787840,0,0,0,0,0,3,3,6158099,28,1307,0,0,0,115,24,14480218042,51620914500,52553622986
1790900020,51477204,103071555584,0,0,0,0,0,3,3,6158099,28,1307,0,0,0,115,24,14480218042,51620914500,52553622986
1790900021,51536208,103068057600,0,0,0,0,0,3,3,6170714,28,1307,0,0,0,115,24,14480218042,51620914500,52553622986
1790900022,51571516,103058468864,0,0,0,0,0,3,3,6170714,28,1307,0,0,0,115,24,14480218042,51620914500,52553622986
1790900023,51613644,103052558336,0,0,0,0,0,3,3,6183237,28,1307,0,0,0,115,24,14480218042,51620914500,52553622986
1790900024,51643872,103079198720,0,0,0,0,0,3,3,6183237,28,1307,0,0,0,115,24,14480218042,51620914500,52553622986
1790900025,51670752,103074299904,0,0,0,0,0,3,3,6195842,28,1307,0,0,0,115,24,14480218042,51620914500,52553622986
1790900026,51692456,103051218944,0,0,0,0,0,3,3,6195842,28,1307,0,0,0,115,24,14480218042,51620914500,52553622986
1790900027,51711292,103038554112,0,0,0,0,0,3,3,6208536,28,1307,0,0,0,115,24,14480218042,51620914500,52553622986
1790900028,51735744,103061983232,0,0,0,0,0,3,3,6208536,28,1307,0,0,0,115,24,14480218042,51620914500,52553622986
1790900029,51752636,103065497600,0,0,0,0,0,3,3,6221124,28,1307,0,0,0,115,24,14480218042,51620914500,52553622986
1790900030,51766956,103071047680,0,0,0,0,0,3,3,6221124,28,1307,0,0,0,115,24,14480218042,51620914500,52553622986
1790900031,51782192,103069675520,0,0,0,0,0,3,3,6233649,28,1307,0,0,0,115,24,14480218042,51620914500,52553622986
1790900032,51801652,103078363136,0,0,0,0,0,3,3,6233649,28,1307,0,0,0,115,24,14480218042,51620914500,52553622986
1790900033,51817576,103076605952,0,0,0,0,0,3,3,6246314,28,1307,0,0,0,115,24,14480218042,51620914500,52553622986
1790900034,51817752,103067312128,0,0,0,0,0,3,3,6246314,28,1307,0,0,0,115,24,14480218042,51620914500,52553622986
1790900035,51824796,103077584896,0,0,0,0,0,3,3,6258842,28,1307,0,0,0,115,24,14480218042,51620914500,52553622986
1790900036,51840992,103077253120,0,0,0,0,0,3,3,6258842,28,1307,0,0,0,115,24,14480218042,51620914500,52553622986
1790900037,51854120,103078502400,0,0,0,0,0,3,3,6271466,28,1307,0,0,0,115,24,14480218042,51620914500,52553622986
1790900039,51877396,103037591552,0,0,0,0,0,3,3,6284062,28,1307,0,0,0,115,24,14480218042,51620914500,52553622986
1790900040,51889408,103075610624,0,0,0,0,0,3,3,6284062,28,1307,0,0,0,115,24,14480218042,51620914500,52553622986
1790900041,51897732,103076941824,0,0,0,0,0,3,3,6296738,28,1307,0,0,0,115,24,14480218042,51620914500,52553622986
1790900042,51914040,103076159488,0,0,0,0,0,3,3,6296738,28,1307,0,0,0,115,24,14480218042,51620914500,52553622986
1790900043,51927788,103067795456,0,0,0,0,0,3,3,6309390,28,1307,0,0,0,115,24,14480218042,51620914500,52553622986
1790900044,51952288,103062642688,0,0,0,0,0,3,3,6309390,28,1307,0,0,0,115,24,14480218042,51620914500,52553622986
1790900045,51966224,103068381184,0,0,0,0,0,3,3,6321991,28,1307,0,0,0,115,24,14480218042,51620914500,52553622986
1790900046,51993760,103071035392,0,0,0,0,0,3,3,6321991,28,1307,0,0,0,115,24,14480218042,51620914500,52553622986
1790900047,52036120,103076077568,0,0,0,0,0,3,3,6334686,28,1307,0,0,0,115,24,14480218042,51620914500,52553622986
1790900048,52071508,103019094016,0,0,0,0,0,3,3,6334686,28,1307,0,0,0,115,24,14480218042,51620914500,52553622986
1790900049,52103884,103071363072,0,0,0,0,0,3,3,6347298,28,1307,0,0,0,115,24,14480218042,51620914500,52553622986
1790900050,52146600,103075078144,0,0,0,0,0,3,3,6347298,28,1307,0,0,0,115,24,14480218042,51620914500,52553622986
1790900051,52190452,103067353088,0,0,0,0,0,3,3,6359993,28,1307,0,0,0,115,24,14480218042,51620914500,52553622986
1790900052,52239180,103070167040,0,0,0,0,0,3,3,6359993,28,1307,0,0,0,115,24,14480218042,51620914500,52553622986
1790900053,52284184,103054807040,0,0,0,0,0,3,3,6372715,28,1307,0,0,0,115,24,14480218042,51620914500,52553622986
1790900054,52331368,103062740992,0,0,0,0,0,3,3,6372715,28,1307,0,0,0,115,24,14480218042,51620914500,52553622986
1790900055,52395960,103064395776,0,0,0,0,0,3,3,6385290,28,1307,0,0,0,115,24,14480218042,51620914500,52553622986
1790900056,52460780,103078629376,0,0,0,0,0,3,3,6385290,28,1307,0,0,0,115,24,14480218042,51620914500,52553622986
1790900058,52513644,103041798144,0,0,0,0,0,3,3,6397877,28,1307,0,0,0,115,24,14480218042,51620914500,52553622986
1790900059,52563128,103066935296,0,0,0,0,0,3,3,6397877,28,1307,0,0,0,115,24,14480218042,51620914500,52553622986
1790900060,52622244,103074201600,0,0,0,0,0,3,3,6410330,28,1307,0,0,0,115,24,14480218042,51620914500,52553622986
1790900061,52677284,103075090432,0,0,0,0,0,3,3,6423025,28,1307,0,0,0,115,24,14480218042,51620914500,52553622986
1790900062,52737884,103072542720,0,0,0,0,0,3,3,6423025,28,1307,0,0,0,115,24,14480218042,51620914500,52553622986
1790900063,52814164,103067045888,0,0,0,0,0,3,3,6435341,28,1307,0,0,0,115,24,14480218042,51620914500,52553622986
1790900064,52868952,103074316288,0,0,0,0,0,3,3,6435341,28,1307,0,0,0,115,24,14480218042,51620914500,52553622986
1790900065,52920616,103071318016,0,0,0,0,0,3,3,6447718,28,1307,0,0,0,115,24,14480218042,51620914500,52553622986
1790900066,52973940,103066996736,0,0,0,0,0,3,3,6447718,28,1307,0,0,0,115,24,14480218042,51620914500,52553622986
1790900067,53016024,103062736896,0,0,0,0,0,3,3,6460251,28,1307,0,0,0,115,24,14480218042,51620914500,52553622986
1790900068,53048072,103059865600,0,0,0,0,0,3,3,6460251,28,1307,0,0,0,115,24,14480218042,51620914500,52553622986
1790900069,53080012,103077691392,0,0,0,0,0,3,3,6472668,28,1307,0,0,0,115,24,14480218042,51620914500,52553622986
1790900070,53099932,103063154688,0,0,0,0,0,3,3,6472668,28,1307,0,0,0,115,24,14480218042,51620914500,52553622986
1790900071,53128716,103055249408,0,0,0,0,0,3,3,6485183,28,1307,0,0,0,115,24,14480218042,51620914500,52553622986
1790900072,53162220,103070953472,0,0,0,0,0,3,3,6485183,28,1307,0,0,0,115,24,14480218042,51620914500,52553622986
1790900073,53189172,103071735808,0,0,0,0,0,3,3,6497710,28,1307,0,0,0,115,24,14480218042,51620914500,52553622986
1790900074,53209408,103078662144,0,0,0,0,0,3,3,6497710,28,1307,0,0,0,115,24,14480218042,51620914500,52553622986
1790900075,53220844,103079182336,0,0,0,0,0,3,3,6510198,28,1307,0,0,0,115,24,14480218042,51620914500,52553622986
1790900076,53252712,103079215104,0,0,0,0,0,3,3,6510198,28,1307,0,0,0,115,24,14480218042,51620914500,52553622986
1790900078,53281648,103064604672,0,0,0,0,0,3,3,6522787,28,1307,0,0,0,115,24,14480218042,51620914500,52553622986
1790900079,53310180,103070371840,0,0,0,0,0,3,3,6522787,28,1307,0,0,0,115,24,14480218042,51620914500,52553622986
1790900080,53339140,103044460544,0,0,0,0,0,3,3,6535271,28,1307,0,0,0,115,24,14480218042,51620914500,52553622986
1790900081,53359584,103058804736,0,0,0,0,0,3,3,6535271,28,1307,0,0,0,115,24,14480218042,51620914500,52553622986
1790900082,53379452,103071698944,0,0,0,0,0,3,3,6547892,28,1307,0,0,0,115,24,14480218042,51620914500,52553622986
1790900083,53404520,103062974464,0,0,0,0,0,3,3,6560366,28,1307,0,0,0,115,24,14480218042,51620914500,52553622986
1790900084,53436176,103070093312,0,0,0,0,0,3,3,6560366,28,1307,0,0,0,115,24,14480218042,51620914500,52553622986
1790900085,53435604,103069708288,0,0,0,0,0,3,3,6572964,28,1307,0,0,0,115,24,14480218042,51620914500,52553622986
1790900086,53426728,103074435072,0,0,0,0,0,3,3,6572964,28,1307,0,0,0,115,24,14480218042,51620914500,52553622986
1790900087,53434196,103075635200,0,0,0,0,0,3,3,6585533,28,1307,0,0,0,115,24,14480218042,51620914500,52553622986
1790900088,53449064,103062003712,0,0,0,0,0,3,3,6585533,28,1307,0,0,0,115,24,14480218042,51620914500,52553622986
1790900089,53457696,103066288128,0,0,0,0,0,3,3,6598148,28,1307,0,0,0,115,24,14480218042,51620914500,52553622986
1790900090,53470780,103070961664,0,0,0,0,0,3,3,6598148,28,1307,0,0,0,115,24,14480218042,51620914500,52553622986
1790900091,53488332,103079133184,0,0,0,0,0,3,3,6610838,28,1307,0,0,0,115,24,14480218042,51620914500,52553622986
1790900092,53504608,103059030016,0,0,0,0,0,3,3,6610838,28,1307,0,0,0,115,24,14480218042,51620914500,52553622986
1790900093,53518580,103051264000,0,0,0,0,0,3,3,6623340,28,1307,0,0,0,115,24,14480218042,51620914500,52553622986
1790900094,53562196,103076335616,0,0,0,0,0,3,3,6623340,28,1307,0,0,0,115,24,14480218042,51620914500,52553622986
1790900095,53604880,103076966400,0,0,0,0,0,3,3,6635923,28,1307,0,0,0,115,24,14480218042,51620914500,52553622986
1790900096,53641920,103074541568,0,0,0,0,0,3,3,6635923,28,1307,0,0,0,115,24,14480218042,51620914500,52553622986
1790900098,53674708,103071318016,0,0,0,0,0,3,3,6648496,28,1307,0,0,0,115,24,14480218042,51620914500,52553622986
1790900099,53711156,103060824064,0,0,0,0,0,3,3,6648496,28,1307,0,0,0,115,24,14480218042,51620914500,52553622986
1790900100,53752480,103071256576,0,0,0,0,0,3,3,6661134,28,1307,0,0,0,115,24,14480218042,51620914500,52553622986
1790900101,53785388,103062716416,0,0,0,0,0,3,3,6661134,28,1307,0,0,0,115,24,14480218042,51620914500,52553622986
1790900102,53817100,103071105024,0,0,0,0,0,3,3,6673822,28,1307,0,0,0,115,24,14480218042,51620914500,52553622986
1790900103,53856324,103065853952,0,0,0,0,0,3,3,6673822,28,1307,0,0,0,115,24,14480218042,51620914500,52553622986
1790900104,53891112,103074979840,0,0,0,0,0,3,3,6686432,28,1307,0,0,0,115,24,14480218042,51620914500,52553622986
1790900105,53926860,103076814848,0,0,0,0,0,3,3,6699059,28,1307,0,0,0,115,24,14480218042,51620914500,52553622986
1790900106,53962456,103064453120,0,0,0,0,0,3,3,6699059,28,1307,0,0,0,115,24,14480218042,51620914500,52553622986
1790900107,54007028,103059943424,0,0,0,0,0,3,3,6711766,28,1307,0,0,0,115,24,14480218042,51620914500,52553622986
1790900108,54048408,103057043456,0,0,0,0,0,3,3,6711766,28,1307,0,0,0,115,24,14480218042,51620914500,52553622986
1790900109,54091488,103072768000,0,0,0,0,0,3,3,6724329,28,1307,0,0,0,115,24,14480218042,51620914500,52553622986
1790900110,54134772,103064961024,0,0,0,0,0,3,3,6724329,28,1307,0,0,0,115,24,14480218042,51620914500,52553622986
1790900111,54184308,103072505856,0,0,0,0,0,3,3,6736904,28,1307,0,0,0,115,24,14480218042,51620914500,52553622986
1790900112,54197488,103071363072,0,0,0,0,0,3,3,6736904,28,1307,0,0,0,115,24,14480218042,51620914500,52553622986
1790900113,54224132,103056838656,0,0,0,0,0,3,3,6749601,28,1307,0,0,0,115,24,14480218042,51620914500,52553622986
1790900114,54248236,103069069312,0,0,0,0,0,3,3,6749601,28,1307,0,0,0,115,24,14480218042,51620914500,52553622986
1790900115,54279560,103071416320,0,0,0,0,0,4,4,6761970,28,1307,1,0,1,115,24,14480218042,51620914500,52553622986
1790900116,54300872,103073579008,0,0,0,0,0,4,4,6761970,28,1307,1,0,1,115,24,14480218042,51620914500,52553622986
1790900118,54314756,103060738048,0,0,0,0,0,4,4,6773566,28,1310,1,0,1,115,24,14480218042,51620914500,52553622986
1790900119,54325152,103074279424,0,0,0,0,0,4,4,6773566,28,1310,1,0,1,115,24,14480218042,51620914500,52553622986
1790900120,54356720,103053664256,0,0,0,0,0,4,4,6784945,28,1314,1,0,1,115,24,14480218042,51620914500,52553622986
1790900121,54383664,103037263872,0,0,0,0,0,4,4,6784945,28,1314,1,0,1,115,24,14480218042,51620914500,52553622986
1790900122,54401948,103058173952,0,0,0,0,0,4,4,6796239,28,1322,1,0,1,115,24,14480218042,51620914500,52553622986
1790900123,54434704,103073370112,0,0,0,0,0,4,4,6796239,28,1322,1,0,1,115,24,14480218042,51620914500,52553622986
1790900124,54455332,103045591040,0,0,0,0,0,4,4,6807584,28,1330,1,0,1,115,24,14480218042,51620914500,52553622986
1790900125,54471744,103076761600,0,0,0,0,0,4,4,6807584,28,1330,1,0,1,115,24,14480218042,51620914500,52553622986
1790900126,54502156,103044739072,0,0,0,0,0,4,4,6818645,28,1339,1,0,1,115,24,14480218042,51620914500,52553622986
1790900127,54547436,103044538368,0,0,0,0,0,4,4,6818645,28,1339,1,0,1,115,24,14480218042,51620914500,52553622986
1790900128,54577484,103079198720,0,0,0,0,0,4,4,6829920,28,1343,1,0,1,115,24,14480218042,51620914500,52553622986
1790900129,54611804,103074619392,0,0,0,0,0,4,4,6841166,28,1343,1,0,1,115,24,14480218042,51620914500,52553622986
1790900130,54642892,103078187008,0,0,0,0,0,4,4,6841166,28,1343,1,0,1,115,24,14480218042,51620914500,52553622986
1790900131,54701392,103072882688,0,0,0,0,0,4,4,6852331,28,1343,1,0,1,115,24,14480218042,51620914500,52553622986
1790900132,54748332,103077388288,0,0,0,0,0,4,4,6852331,28,1343,1,0,1,115,24,14480218042,51620914500,52553622986
1790900133,54804832,103072415744,0,0,0,0,0,4,4,6863509,28,1343,1,0,1,115,24,14480218042,51620914500,52553622986
1790900134,54862024,103051980800,0,0,0,0,0,4,4,6863509,28,1343,1,0,1,115,24,14480218042,51620914500,52553622986
1790900135,53438032,101550383104,0,0,0,0,0,4,4,6874609,28,1344,1,0,1,115,24,14480218042,51620914500,52553622986
1790900137,51389940,100506710016,0,0,0,0,0,4,4,6874609,28,1344,1,0,1,115,24,14480218042,51620914500,52553622986
1790900138,51281052,101479469056,0,0,0,0,0,4,4,6881894,30,1354,0,2,0,153,25,19309910839,51624291297,52560380896
1790900139,51003472,102256545792,0,0,0,0,0,4,4,6881894,30,1354,0,2,0,153,25,19309910839,51624291297,52560380896
1790900140,50495888,102833319936,0,0,0,0,0,4,4,6887805,30,1369,0,2,0,153,25,19309910839,51624291297,52560380896
1790900141,49740072,103037489152,0,0,0,0,0,4,4,6887805,30,1369,0,2,0,153,25,19309910839,51624291297,52560380896
1790900142,49131412,103069011968,0,0,0,0,0,4,4,6892347,30,1379,0,2,0,153,25,19309910839,51624291297,52560380896
1790900143,48383040,103059374080,0,0,0,0,0,4,4,6892347,30,1379,0,2,0,153,25,19309910839,51624291297,52560380896
1790900144,47666964,103024406528,0,0,0,0,0,4,4,6897336,30,1393,0,2,0,153,25,19309910839,51624291297,52560380896
1790900145,47212732,103074160640,0,0,0,0,0,4,4,6897336,30,1393,0,2,0,153,25,19309910839,51624291297,52560380896
1790900146,47134252,103076003840,0,0,0,0,0,4,4,6903158,30,1401,0,2,0,153,25,19309910839,51624291297,52560380896
1790900147,47090800,103079026688,0,0,0,0,0,4,4,6903158,30,1401,0,2,0,153,25,19309910839,51624291297,52560380896
1790900148,47058536,103077462016,0,0,0,0,0,4,4,6908836,30,1406,0,2,0,153,25,19309910839,51624291297,52560380896
1790900149,47043064,103079149568,0,0,0,0,0,4,4,6914575,30,1420,0,2,0,153,25,19309910839,51624291297,52560380896
1790900150,47067780,103047077888,0,0,0,0,0,4,4,6914575,30,1420,0,2,0,153,25,19309910839,51624291297,52560380896
1790900151,47093780,103067856896,0,0,0,0,0,4,4,6920496,30,1428,0,2,0,153,25,19309910839,51624291297,52560380896
1790900153,47096552,103064154112,0,0,0,0,0,4,4,6920496,30,1428,0,2,0,153,25,19309910839,51624291297,52560380896
1790900154,47097924,103072534528,0,0,0,0,0,4,4,6925786,30,1435,0,2,0,153,25,19309910839,51624291297,52560380896
1790900155,47117560,103079182336,0,0,0,0,0,4,4,6925786,30,1435,0,2,0,153,25,19309910839,51624291297,52560380896
1790900156,47141284,103076593664,0,0,0,0,0,4,4,6932030,30,1440,0,2,0,153,25,19309910839,51624291297,52560380896
1790900157,47146388,103079215104,0,0,0,0,0,4,4,6932030,30,1440,0,2,0,153,25,19309910839,51624291297,52560380896
1790900158,47179160,103062224896,0,0,0,0,0,4,4,6939264,30,1451,0,2,0,153,25,19309910839,51624291297,52560380896
1790900159,47202960,103078064128,0,0,0,0,0,4,4,6939264,30,1451,0,2,0,153,25,19309910839,51624291297,52560380896
1790900160,47215408,101115559936,0,0,0,0,0,4,4,6946445,30,1459,0,2,0,153,25,19309910839,51624291297,52560380896
1790900161,47227312,102622396416,0,0,0,0,0,4,4,6946445,30,1459,0,2,0,153,25,19309910839,51624291297,52560380896
1790900162,47246728,101786472448,0,0,0,0,0,4,4,6952401,33,1396,0,0,0,153,28,19309910839,56628540741,57732712433
1790900163,47294580,103072878592,0,0,0,0,0,4,4,6952401,33,1396,0,0,0,153,28,19309910839,56628540741,57732712433
1790900164,47324900,102304526336,0,0,0,0,0,4,4,6959501,33,1399,0,0,0,153,28,19309910839,56628540741,57732712433
1790900165,47381284,102462648320,0,0,0,0,0,4,4,6959501,33,1399,0,0,0,153,28,19309910839,56628540741,57732712433
1790900166,47429780,103049826304,0,0,0,0,0,4,4,6967387,34,1359,0,0,0,153,29,19309910839,59143951872,60343784768
1790900167,47473836,103069380608,0,0,0,0,0,4,4,6967387,34,1359,0,0,0,153,29,19309910839,59143951872,60343784768
1790900168,47516252,103074377728,0,0,0,0,0,4,4,6975570,34,1359,0,0,0,153,29,19309910839,59143951872,60343784768
1790900169,47568884,103072796672,0,0,0,0,0,4,4,6975570,34,1359,0,0,0,153,29,19309910839,59143951872,60343784768
1790900171,47590304,103078785024,0,0,0,0,0,4,4,6983506,34,1360,0,0,0,153,29,19309910839,59143951872,60343784768
1790900172,47631372,103071125504,0,0,0,0,0,4,4,6991604,34,1361,0,0,0,153,29,19309910839,59143951872,60343784768
1790900173,47659048,103078543360,0,0,0,0,0,4,4,6991604,34,1361,0,0,0,153,29,19309910839,59143951872,60343784768
1790900174,47690372,103076679680,0,0,0,0,0,4,4,6999404,34,1363,0,0,0,153,29,19309910839,59143951872,60343784768
1790900175,47705636,103028322304,0,0,0,0,0,4,4,6999404,34,1363,0,0,0,153,29,19309910839,59143951872,60343784768
1790900176,47725232,103033270272,0,0,0,0,0,4,4,7006583,34,1366,0,0,0,153,29,19309910839,59143951872,60343784768
1790900177,47759312,103022497792,0,0,0,0,0,4,4,7006583,34,1366,0,0,0,153,29,19309910839,59143951872,60343784768
1790900178,47777580,103060267008,0,0,0,0,0,4,4,7013673,34,1369,0,0,0,153,29,19309910839,59143951872,60343784768
1790900179,47798048,103071207424,0,0,0,0,0,4,4,7013673,34,1369,0,0,0,153,29,19309910839,59143951872,60343784768
1790900180,47811428,103073320960,0,0,0,0,0,4,4,7022019,34,1372,0,0,0,153,29,19309910839,59143951872,60343784768
1790900181,47835732,103079043072,0,0,0,0,0,4,4,7022019,34,1372,0,0,0,153,29,19309910839,59143951872,60343784768
1790900182,47861272,103072497664,0,0,0,0,0,4,4,7030710,34,1372,0,0,0,153,29,19309910839,59143951872,60343784768
1790900183,47869472,103054741504,0,0,0,0,0,4,4,7030710,34,1372,0,0,0,153,29,19309910839,59143951872,60343784768
1790900184,47891316,103053885440,0,0,0,0,0,4,4,7039318,34,1373,0,0,0,153,29,19309910839,59143951872,60343784768
1790900185,47908812,103047684096,0,0,0,0,0,4,4,7039318,34,1373,0,0,0,153,29,19309910839,59143951872,60343784768
1790900186,47937136,103030980608,0,0,0,0,0,4,4,7047108,34,1373,0,0,0,153,29,19309910839,59143951872,60343784768
1790900187,47945284,103074295808,0,0,0,0,0,4,4,7047108,34,1373,0,0,0,153,29,19309910839,59143951872,60343784768
1790900189,47975932,103077441536,0,0,0,0,0,4,4,7055095,34,1373,0,0,0,153,29,19309910839,59143951872,60343784768
1790900190,47994792,103060537344,0,0,0,0,0,4,4,7055095,34,1373,0,0,0,153,29,19309910839,59143951872,60343784768
1790900191,48009380,103070547968,0,0,0,0,0,4,4,7064032,34,1375,0,0,0,153,29,19309910839,59143951872,60343784768
1790900192,48036360,103058092032,0,0,0,0,0,4,4,7064032,34,1375,0,0,0,153,29,19309910839,59143951872,60343784768
1790900193,48058316,103058657280,0,0,0,0,0,4,4,7072759,34,1375,0,0,0,153,29,19309910839,59143951872,60343784768
1790900194,48087304,103059812352,0,0,0,0,0,4,4,7081274,34,1375,0,0,0,153,29,19309910839,59143951872,60343784768
1790900195,48125344,103069888512,0,0,0,0,0,4,4,7081274,34,1375,0,0,0,153,29,19309910839,59143951872,60343784768
1790900196,48140964,103069024256,0,0,0,0,0,4,4,7090161,34,1377,0,0,0,153,29,19309910839,59143951872,60343784768
1790900197,48171092,103062925312,0,0,0,0,0,4,4,7090161,34,1377,0,0,0,153,29,19309910839,59143951872,60343784768
1790900198,48200492,103078113280,0,0,0,0,0,4,4,7099224,34,1379,0,0,0,153,29,19309910839,59143951872,60343784768
1790900199,48233192,103021412352,0,0,0,0,0,4,4,7099224,34,1379,0,0,0,153,29,19309910839,59143951872,60343784768
1790900200,48260632,103035281408,0,0,0,0,0,4,4,7107285,34,1379,0,0,0,153,29,19309910839,59143951872,60343784768
1790900201,48293128,103054536704,0,0,0,0,0,4,4,7107285,34,1379,0,0,0,153,29,19309910839,59143951872,60343784768
1790900202,48329928,103059103744,0,0,0,0,0,4,4,7116096,34,1379,0,0,0,153,29,19309910839,59143951872,60343784768
1790900203,48373848,103076175872,0,0,0,0,0,4,4,7116096,34,1379,0,0,0,153,29,19309910839,59143951872,60343784768
1790900204,48419044,103066902528,0,0,0,0,0,4,4,7124976,34,1379,0,0,0,153,29,19309910839,59143951872,60343784768
1790900205,48462744,103072075776,0,0,0,0,0,4,4,7124976,34,1379,0,0,0,153,29,19309910839,59143951872,60343784768
1790900207,48493228,103064817664,0,0,0,0,0,4,4,7133620,34,1379,0,0,0,153,29,19309910839,59143951872,60343784768
1790900208,48537584,103062884352,0,0,0,0,0,4,4,7133620,34,1379,0,0,0,153,29,19309910839,59143951872,60343784768
1790900209,48549348,103072903168,0,0,0,0,0,4,4,7141496,34,1380,0,0,0,153,29,19309910839,59143951872,60343784768
1790900210,48573904,103073931264,0,0,0,0,0,4,4,7141496,34,1380,0,0,0,153,29,19309910839,59143951872,60343784768
1790900211,48595996,103064616960,0,0,0,0,0,4,4,7149545,34,1382,0,0,0,153,29,19309910839,59143951872,60343784768
1790900212,48632888,103078281216,0,0,0,0,0,4,4,7149545,34,1382,0,0,0,153,29,19309910839,59143951872,60343784768
1790900213,48659448,103064047616,0,0,0,0,0,4,4,7158465,34,1382,0,0,0,153,29,19309910839,59143951872,60343784768
1790900214,48683160,103059890176,0,0,0,0,0,4,4,7158465,34,1382,0,0,0,153,29,19309910839,59143951872,60343784768
1790900215,48714768,103069274112,0,0,0,0,0,4,4,7167504,34,1383,0,0,0,153,29,19309910839,59143951872,60343784768
1790900216,48738124,103079038976,0,0,0,0,0,4,4,7176218,34,1383,0,0,0,153,29,19309910839,59143951872,60343784768
1790900217,48752400,103066877952,0,0,0,0,0,4,4,7176218,34,1383,0,0,0,153,29,19309910839,59143951872,60343784768
1790900218,48776596,103051169792,0,0,0,0,0,4,4,7184049,34,1383,0,0,0,153,29,19309910839,59143951872,60343784768
1790900219,48797752,103075246080,0,0,0,0,0,4,4,7184049,34,1383,0,0,0,153,29,19309910839,59143951872,60343784768
1790900220,48824872,103046627328,0,0,0,0,0,4,4,7192577,34,1383,0,0,0,153,29,19309910839,59143951872,60343784768
1790900221,48851316,103066583040,0,0,0,0,0,4,4,7192577,34,1383,0,0,0,153,29,19309910839,59143951872,60343784768
1790900222,48871472,103049752576,0,0,0,0,0,4,4,7201654,34,1383,0,0,0,153,29,19309910839,59143951872,60343784768
1790900223,48900024,103073226752,0,0,0,0,0,4,4,7201654,34,1383,0,0,0,153,29,19309910839,59143951872,60343784768
1790900224,48957532,102307184640,0,0,0,0,0,4,4,7210754,34,1384,0,0,0,153,29,19309910839,59143951872,60343784768
1790900226,49018320,103073783808,0,0,0,0,0,4,4,7210754,34,1384,0,0,0,153,29,19309910839,59143951872,60343784768
1790900227,49031616,103073628160,0,0,0,0,0,4,4,7219886,35,1324,0,0,0,153,30,19309910839,63879366823,65237103026
1790900228,49050648,103078645760,0,0,0,0,0,4,4,7219886,35,1324,0,0,0,153,30,19309910839,63879366823,65237103026
1790900229,49074496,103073861632,0,0,0,0,0,4,4,7229654,35,1324,0,0,0,153,30,19309910839,63879366823,65237103026
1790900230,49096476,103050547200,0,0,0,0,0,4,4,7229654,35,1324,0,0,0,153,30,19309910839,63879366823,65237103026
1790900231,49116160,103054196736,0,0,0,0,0,4,4,7238836,35,1324,0,0,0,153,30,19309910839,63879366823,65237103026
1790900232,49122148,103074291712,0,0,0,0,0,4,4,7238836,35,1324,0,0,0,153,30,19309910839,63879366823,65237103026
1790900233,49141616,103052759040,0,0,0,0,0,4,4,7246804,35,1324,0,0,0,153,30,19309910839,63879366823,65237103026
1790900234,49163588,103060037632,0,0,0,0,0,4,4,7246804,35,1324,0,0,0,153,30,19309910839,63879366823,65237103026
1790900235,49193636,103072260096,0,0,0,0,0,4,4,7256597,35,1324,0,0,0,153,30,19309910839,63879366823,65237103026
1790900236,49217276,103077654528,0,0,0,0,0,4,4,7265997,35,1324,0,0,0,153,30,19309910839,63879366823,65237103026
1790900237,49240172,103061389312,0,0,0,0,0,4,4,7265997,35,1324,0,0,0,153,30,19309910839,63879366823,65237103026
1790900238,49256940,103074377728,0,0,0,0,0,4,4,7274157,35,1324,0,0,0,153,30,19309910839,63879366823,65237103026
1790900239,49270012,103069290496,0,0,0,0,0,4,4,7274157,35,1324,0,0,0,153,30,19309910839,63879366823,65237103026
1790900240,49302924,103077404672,0,0,0,0,0,4,4,7282222,35,1324,0,0,0,153,30,19309910839,63879366823,65237103026
1790900241,49340504,103070031872,0,0,0,0,0,4,4,7282222,35,1324,0,0,0,153,30,19309910839,63879366823,65237103026
1790900242,49369608,103076790272,0,0,0,0,0,4,4,7292672,35,1324,0,0,0,153,30,19309910839,63879366823,65237103026
1790900243,49393336,103075831808,0,0,0,0,0,4,4,7292672,35,1324,0,0,0,153,30,19309910839,63879366823,65237103026
1790900245,49424760,103078600704,0,0,0,0,0,4,4,7300441,35,1324,0,0,0,153,30,19309910839,63879366823,65237103026
1790900246,49452664,103071629312,0,0,0,0,0,4,4,7300441,35,1324,0,0,0,153,30,19309910839,63879366823,65237103026
1790900247,49466808,103077412864,0,0,0,0,0,4,4,7308836,35,1324,0,0,0,153,30,19309910839,63879366823,65237103026
1790900248,49488020,103078092800,0,0,0,0,0,4,4,7308836,35,1324,0,0,0,153,30,19309910839,63879366823,65237103026
1790900249,49528584,103069519872,0,0,0,0,0,4,4,7317710,35,1324,0,0,0,153,30,19309910839,63879366823,65237103026
1790900250,49561152,103077113856,0,0,0,0,0,4,4,7317710,35,1324,0,0,0,153,30,19309910839,63879366823,65237103026
1790900251,49592244,103072051200,0,0,0,0,0,4,4,7327141,35,1324,0,0,0,153,30,19309910839,63879366823,65237103026
1790900252,49617284,103077330944,0,0,0,0,0,4,4,7327141,35,1324,0,0,0,153,30,19309910839,63879366823,65237103026
1790900253,49636088,103078092800,0,0,0,0,0,4,4,7336115,35,1324,0,0,0,153,30,19309910839,63879366823,65237103026
1790900254,49654728,103076569088,0,0,0,0,0,4,4,7336115,35,1324,0,0,0,153,30,19309910839,63879366823,65237103026
1790900255,49667584,103072284672,0,0,0,0,0,4,4,7343246,35,1324,0,0,0,153,30,19309910839,63879366823,65237103026
1790900256,49703536,103062700032,0,0,0,0,0,4,4,7343246,35,1324,0,0,0,153,30,19309910839,63879366823,65237103026
1790900257,49749548,103071997952,0,0,0,0,0,4,4,7352390,35,1324,0,0,0,153,30,19309910839,63879366823,65237103026
1790900258,49780256,103070420992,0,0,0,0,0,4,4,7352390,35,1324,0,0,0,153,30,19309910839,63879366823,65237103026
1790900259,49806236,103072235520,0,0,0,0,0,4,4,7362019,35,1324,0,0,0,153,30,19309910839,63879366823,65237103026
1790900260,49823492,103071391744,0,0,0,0,0,4,4,7370197,35,1324,0,0,0,153,30,19309910839,63879366823,65237103026
1790900261,49829340,103073128448,0,0,0,0,0,4,4,7370197,35,1324,0,0,0,153,30,19309910839,63879366823,65237103026
1790900262,49838420,103070932992,0,0,0,0,0,4,4,7376753,35,1324,0,0,0,153,30,19309910839,63879366823,65237103026
1790900263,49865020,103076327424,0,0,0,0,0,4,4,7376753,35,1324,0,0,0,153,30,19309910839,63879366823,65237103026
1790900264,49906884,103077638144,0,0,0,0,0,4,4,7387228,35,1324,0,0,0,153,30,19309910839,63879366823,65237103026
1790900266,49859920,103056928768,0,0,0,0,0,4,4,7387228,35,1324,0,0,0,153,30,19309910839,63879366823,65237103026
1790900267,49884012,103073587200,0,0,0,0,0,4,4,7396608,35,1325,0,0,0,153,30,19309910839,63879366823,65237103026
1790900268,49914808,103076487168,0,0,0,0,0,4,4,7396608,35,1325,0,0,0,153,30,19309910839,63879366823,65237103026
1790900269,49927080,103068786688,0,0,0,0,0,4,4,7405381,35,1325,0,0,0,153,30,19309910839,63879366823,65237103026
1790900270,49859924,103038554112,0,0,0,0,0,4,4,7405381,35,1325,0,0,0,153,30,19309910839,63879366823,65237103026
1790900271,49863040,103063359488,0,0,0,0,0,4,4,7412801,35,1326,0,0,0,153,30,19309910839,63879366823,65237103026
1790900272,49856456,103067336704,0,0,0,0,0,4,4,7412801,35,1326,0,0,0,153,30,19309910839,63879366823,65237103026
1790900273,49772388,103058755584,0,0,0,0,0,4,4,7421932,35,1326,0,0,0,153,30,19309910839,63879366823,65237103026
1790900274,49780812,103067623424,0,0,0,0,0,4,4,7421932,35,1326,0,0,0,153,30,19309910839,63879366823,65237103026
1790900275,49795756,103073570816,0,0,0,0,0,4,4,7431706,35,1327,0,0,0,153,30,19309910839,63879366823,65237103026
1790900276,49706376,103072112640,0,0,0,0,0,4,4,7431706,35,1327,0,0,0,153,30,19309910839,63879366823,65237103026
1790900277,49721628,103073308672,0,0,0,0,0,4,4,7440707,35,1328,0,0,0,153,30,19309910839,63879366823,65237103026
1790900278,49703820,103053979648,0,0,0,0,0,4,4,7440707,35,1328,0,0,0,153,30,19309910839,63879366823,65237103026
1790900279,49678096,103065911296,0,0,0,0,0,4,4,7449454,35,1328,0,0,0,153,30,19309910839,63879366823,65237103026
1790900280,49678604,103050747904,0,0,0,0,0,4,4,7449454,35,1328,0,0,0,153,30,19309910839,63879366823,65237103026
1790900281,49647668,103073366016,0,0,0,0,0,4,4,7458442,35,1328,0,0,0,153,30,19309910839,63879366823,65237103026
1790900282,49647304,103061995520,0,0,0,0,0,4,4,7458442,35,1328,0,0,0,153,30,19309910839,63879366823,65237103026
1790900283,49652324,103062962176,0,0,0,0,0,4,4,7468174,35,1328,0,0,0,153,30,19309910839,63879366823,65237103026
1790900285,49660840,103071051776,0,0,0,0,0,4,4,7477908,35,1328,0,0,0,153,30,19309910839,63879366823,65237103026
1790900286,49664800,103059554304,0,0,0,0,0,4,4,7477908,35,1328,0,0,0,153,30,19309910839,63879366823,65237103026
1790900287,49693396,103054069760,0,0,0,0,0,4,4,7486528,35,1328,0,0,0,153,30,19309910839,63879366823,65237103026
1790900288,49711768,103061671936,0,0,0,0,0,4,4,7486528,35,1328,0,0,0,153,30,19309910839,63879366823,65237103026
1790900289,49733700,103075729408,0,0,0,0,0,4,4,7495874,35,1328,0,0,0,153,30,19309910839,63879366823,65237103026
1790900290,49757020,103059263488,0,0,0,0,0,4,4,7495874,35,1328,0,0,0,153,30,19309910839,63879366823,65237103026
1790900291,49762476,103068696576,0,0,0,0,0,4,4,7505617,35,1328,0,0,0,153,30,19309910839,63879366823,65237103026
1790900292,49792040,103071424512,0,0,0,0,0,4,4,7505617,35,1328,0,0,0,153,30,19309910839,63879366823,65237103026
1790900293,49823808,103058567168,0,0,0,0,0,4,4,7514988,35,1328,0,0,0,153,30,19309910839,63879366823,65237103026
1790900294,49849048,103079088128,0,0,0,0,0,4,4,7514988,35,1328,0,0,0,153,30,19309910839,63879366823,65237103026
1790900295,49881128,103077715968,0,0,0,0,0,4,4,7523634,35,1328,0,0,0,153,30,19309910839,63879366823,65237103026
1790900296,49908352,103070998528,0,0,0,0,0,4,4,7523634,35,1328,0,0,0,153,30,19309910839,63879366823,65237103026
1790900297,49941632,103045271552,0,0,0,0,0,4,4,7531928,35,1328,0,0,0,153,30,19309910839,63879366823,65237103026
1790900298,49984792,103052886016,0,0,0,0,0,4,4,7531928,35,1328,0,0,0,153,30,19309910839,63879366823,65237103026
1790900299,50034552,103051386880,0,0,0,0,0,4,4,7541303,35,1328,0,0,0,153,30,19309910839,63879366823,65237103026
1790900300,50085540,103066365952,0,0,0,0,0,4,4,7541303,35,1328,0,0,0,153,30,19309910839,63879366823,65237103026
1790900301,50134632,103064309760,0,0,0,0,0,4,4,7550917,35,1328,0,0,0,153,30,19309910839,63879366823,65237103026
1790900303,50194456,103047700480,0,0,0,0,0,4,4,7550917,35,1328,0,0,0,153,30,19309910839,63879366823,65237103026
1790900304,50209376,103074344960,0,0,0,0,0,4,4,7560614,35,1328,0,0,0,153,30,19309910839,63879366823,65237103026
1790900305,50263124,103077687296,0,0,0,0,0,4,4,7569178,35,1328,0,0,0,153,30,19309910839,63879366823,65237103026
1790900306,50302492,103074390016,0,0,0,0,0,4,4,7569178,35,1328,0,0,0,153,30,19309910839,63879366823,65237103026
1790900307,50345180,103078240256,0,0,0,0,0,4,4,7577618,35,1328,0,0,0,153,30,19309910839,63879366823,65237103026
1790900308,50406692,103060799488,0,0,0,0,0,4,4,7577618,35,1328,0,0,0,153,30,19309910839,63879366823,65237103026
1790900309,50432920,103055458304,0,0,0,0,0,4,4,7587568,35,1328,0,0,0,153,30,19309910839,63879366823,65237103026
1790900310,50478292,103067398144,0,0,0,0,0,4,4,7587568,35,1328,0,0,0,153,30,19309910839,63879366823,65237103026
1790900311,50508044,103077638144,0,0,0,0,0,4,4,7597347,35,1328,0,0,0,153,30,19309910839,63879366823,65237103026
1790900312,50540972,103074668544,0,0,0,0,0,4,4,7597347,35,1328,0,0,0,153,30,19309910839,63879366823,65237103026
1790900313,50569704,103074512896,0,0,0,0,0,4,4,7606739,35,1328,0,0,0,153,30,19309910839,63879366823,65237103026
1790900314,50589700,103061282816,0,0,0,0,0,4,4,7606739,35,1328,0,0,0,153,30,19309910839,63879366823,65237103026
1790900315,50622752,103068610560,0,0,0,0,0,4,4,7615703,35,1328,0,0,0,153,30,19309910839,63879366823,65237103026
1790900316,50669288,103076528128,0,0,0,0,0,4,4,7615703,35,1328,0,0,0,153,30,19309910839,63879366823,65237103026
1790900317,50712072,103076810752,0,0,0,0,0,4,4,7625456,35,1328,0,0,0,153,30,19309910839,63879366823,65237103026
1790900318,50751572,103065604096,0,0,0,0,0,4,4,7625456,35,1328,0,0,0,153,30,19309910839,63879366823,65237103026
1790900319,50739328,103055642624,0,0,0,0,0,4,4,7635346,35,1328,0,0,0,153,30,19309910839,63879366823,65237103026
1790900320,50772528,103060258816,0,0,0,0,0,4,4,7635346,35,1328,0,0,0,153,30,19309910839,63879366823,65237103026
1790900322,50796688,103057088512,0,0,0,0,0,4,4,7644528,35,1329,0,0,0,153,30,19309910839,63879366823,65237103026
1790900323,50830020,103076478976,0,0,0,0,0,4,4,7644528,35,1329,0,0,0,153,30,19309910839,63879366823,65237103026
1790900324,50861084,103050420224,0,0,0,0,0,4,4,7654120,35,1329,0,0,0,153,30,19309910839,63879366823,65237103026
1790900325,50887688,103071563776,0,0,0,0,0,4,4,7654120,35,1329,0,0,0,153,30,19309910839,63879366823,65237103026
1790900326,50899140,103039090688,0,0,0,0,0,4,4,7664012,35,1329,0,0,0,153,30,19309910839,63879366823,65237103026
1790900327,50927664,103071170560,0,0,0,0,0,4,4,7664012,35,1329,0,0,0,153,30,19309910839,63879366823,65237103026
1790900328,50967396,103049191424,0,0,0,0,0,4,4,7674244,35,1329,0,0,0,153,30,19309910839,63879366823,65237103026
1790900329,51002004,103062691840,0,0,0,0,0,4,4,7684462,35,1329,0,0,0,153,30,19309910839,63879366823,65237103026
1790900330,51030536,103076777984,0,0,0,0,0,4,4,7684462,35,1329,0,0,0,153,30,19309910839,63879366823,65237103026
1790900331,51060428,103073644544,0,0,0,0,0,4,4,7694601,35,1329,0,0,0,153,30,19309910839,63879366823,65237103026
1790900332,51081800,103052161024,0,0,0,0,0,4,4,7694601,35,1329,0,0,0,153,30,19309910839,63879366823,65237103026
1790900333,51105672,103074295808,0,0,0,0,0,4,4,7705045,35,1329,0,0,0,153,30,19309910839,63879366823,65237103026
1790900334,51135348,103071952896,0,0,0,0,0,4,4,7705045,35,1329,0,0,0,153,30,19309910839,63879366823,65237103026
1790900335,51116752,103070388224,0,0,0,0,0,4,4,7715084,35,1329,0,0,0,153,30,19309910839,63879366823,65237103026
1790900336,51139952,103076237312,0,0,0,0,0,4,4,7715084,35,1329,0,0,0,153,30,19309910839,63879366823,65237103026
1790900337,51163740,103032307712,0,0,0,0,0,4,4,7724524,35,1329,0,0,0,153,30,19309910839,63879366823,65237103026
1790900338,51190360,103044739072,0,0,0,0,0,4,4,7724524,35,1329,0,0,0,153,30,19309910839,63879366823,65237103026
1790900339,51208488,103079059456,0,0,0,0,0,4,4,7733493,35,1329,0,0,0,153,30,19309910839,63879366823,65237103026
1790900341,51234140,103076601856,0,0,0,0,0,4,4,7733493,35,1329,0,0,0,153,30,19309910839,63879366823,65237103026
1790900342,51264072,103064977408,0,0,0,0,0,4,4,7743918,35,1329,0,0,0,153,30,19309910839,63879366823,65237103026
1790900343,51293372,103071625216,0,0,0,0,0,4,4,7743918,35,1329,0,0,0,153,30,19309910839,63879366823,65237103026
1790900344,51320532,103078408192,0,0,0,0,0,4,4,7754712,35,1329,0,0,0,153,30,19309910839,63879366823,65237103026
1790900345,51345696,103067373568,0,0,0,0,0,4,4,7754712,35,1329,0,0,0,153,30,19309910839,63879366823,65237103026
1790900346,51356640,103060008960,0,0,0,0,0,4,4,7764644,35,1329,0,0,0,153,30,19309910839,63879366823,65237103026
1790900347,51373580,103074578432,0,0,0,0,0,4,4,7764644,35,1329,0,0,0,153,30,19309910839,63879366823,65237103026
1790900348,51396804,103070052352,0,0,0,0,0,4,4,7773666,35,1329,0,0,0,153,30,19309910839,63879366823,65237103026
1790900349,51441192,103078998016,0,0,0,0,0,4,4,7773666,35,1329,0,0,0,153,30,19309910839,63879366823,65237103026
1790900350,51475992,103063220224,0,0,0,0,0,4,4,7783816,35,1329,0,0,0,153,30,19309910839,63879366823,65237103026
1790900351,51508796,103069622272,0,0,0,0,0,4,4,7794230,35,1329,0,0,0,153,30,19309910839,63879366823,65237103026
1790900352,51545636,103077875712,0,0,0,0,0,4,4,7794230,35,1329,0,0,0,153,30,19309910839,63879366823,65237103026
1790900353,51571724,103072911360,0,0,0,0,0,4,4,7804432,35,1329,0,0,0,153,30,19309910839,63879366823,65237103026
1790900354,51590992,103069339648,0,0,0,0,0,4,4,7804432,35,1329,0,0,0,153,30,19309910839,63879366823,65237103026
1790900355,51606796,103068188672,0,0,0,0,0,4,4,7812851,35,1329,0,0,0,153,30,19309910839,63879366823,65237103026
1790900356,51623980,103077449728,0,0,0,0,0,4,4,7812851,35,1329,0,0,0,153,30,19309910839,63879366823,65237103026
1790900357,51641460,103070146560,0,0,0,0,0,4,4,7823221,35,1329,0,0,0,153,30,19309910839,63879366823,65237103026
1790900358,51653776,103078993920,0,0,0,0,0,4,4,7823221,35,1329,0,0,0,153,30,19309910839,63879366823,65237103026
1790900359,51672384,103060250624,0,0,0,0,0,4,4,7833863,35,1329,0,0,0,153,30,19309910839,63879366823,65237103026
1790900360,51678512,103063113728,0,0,0,0,0,4,4,7833863,35,1329,0,0,0,153,30,19309910839,63879366823,65237103026
1790900362,51611980,103077007360,0,0,0,0,0,4,4,7843905,35,1330,0,0,0,153,30,19309910839,63879366823,65237103026
1790900363,51621068,103071117312,0,0,0,0,0,4,4,7843905,35,1330,0,0,0,153,30,19309910839,63879366823,65237103026
1790900364,51633360,103072301056,0,0,0,0,0,4,4,7853317,35,1330,0,0,0,153,30,19309910839,63879366823,65237103026
1790900365,51640324,103074557952,0,0,0,0,0,4,4,7853317,35,1330,0,0,0,153,30,19309910839,63879366823,65237103026
1790900366,51644628,103075467264,0,0,0,0,0,4,4,7862974,35,1330,0,0,0,153,30,19309910839,63879366823,65237103026
1790900367,51660488,103077064704,0,0,0,0,0,4,4,7862974,35,1330,0,0,0,153,30,19309910839,63879366823,65237103026
1790900368,51579308,103060262912,0,0,0,0,0,4,4,7873712,35,1330,0,0,0,153,30,19309910839,63879366823,65237103026
1790900369,51595944,103078903808,0,0,0,0,0,4,4,7873712,35,1330,0,0,0,153,30,19309910839,63879366823,65237103026
1790900370,51614440,103057354752,0,0,0,0,0,4,4,7883417,35,1331,0,0,0,153,30,19309910839,63879366823,65237103026
1790900371,51610312,103076950016,0,0,0,0,0,4,4,7883417,35,1331,0,0,0,153,30,19309910839,63879366823,65237103026
1790900372,51622504,103067770880,0,0,0,0,0,4,4,7892262,35,1331,0,0,0,153,30,19309910839,63879366823,65237103026
1790900373,51601448,103058366464,0,0,0,0,0,4,4,7892262,35,1331,0,0,0,153,30,19309910839,63879366823,65237103026
1790900374,51555072,103061716992,0,0,0,0,0,4,4,7901608,35,1331,0,0,0,153,30,19309910839,63879366823,65237103026
1790900375,51570712,103078588416,0,0,0,0,0,4,4,7911926,35,1332,0,0,0,153,30,19309910839,63879366823,65237103026
1790900376,51568676,103048032256,0,0,0,0,0,4,4,7911926,35,1332,0,0,0,153,30,19309910839,63879366823,65237103026
1790900377,51602936,103064449024,0,0,0,0,0,4,4,7922164,35,1332,0,0,0,153,30,19309910839,63879366823,65237103026
1790900378,51635212,103071289344,0,0,0,0,0,4,4,7922164,35,1332,0,0,0,153,30,19309910839,63879366823,65237103026
1790900379,51659936,103061610496,0,0,0,0,0,4,4,7931775,35,1332,0,0,0,153,30,19309910839,63879366823,65237103026
1790900381,51705528,103073959936,0,0,0,0,0,4,4,7931775,35,1332,0,0,0,153,30,19309910839,63879366823,65237103026
1790900382,51734308,103078637568,0,0,0,0,0,4,4,7941802,35,1332,0,0,0,153,30,19309910839,63879366823,65237103026
1790900383,51776668,103079022592,0,0,0,0,0,4,4,7941802,35,1332,0,0,0,153,30,19309910839,63879366823,65237103026
1790900384,51811092,103078891520,0,0,0,0,0,4,4,7951725,35,1332,0,0,0,153,30,19309910839,63879366823,65237103026
1790900385,51858996,103074516992,0,0,0,0,0,4,4,7951725,35,1332,0,0,0,153,30,19309910839,63879366823,65237103026
1790900386,51905364,103054811136,0,0,0,0,0,4,4,7961126,35,1332,0,0,0,153,30,19309910839,63879366823,65237103026
1790900387,51921912,103076610048,0,0,0,0,0,4,4,7961126,35,1332,0,0,0,153,30,19309910839,63879366823,65237103026
1790900388,51968424,103071141888,0,0,0,0,0,4,4,7970162,35,1332,0,0,0,153,30,19309910839,63879366823,65237103026
1790900389,52019968,103076626432,0,0,0,0,0,4,4,7970162,35,1332,0,0,0,153,30,19309910839,63879366823,65237103026
1790900390,52072624,103061602304,0,0,0,0,0,4,4,7979326,35,1332,0,0,0,153,30,19309910839,63879366823,65237103026
1790900391,52122844,103072538624,0,0,0,0,0,4,4,7979326,35,1332,0,0,0,153,30,19309910839,63879366823,65237103026
1790900392,52169724,103062073344,0,0,0,0,0,4,4,7989413,35,1332,0,0,0,153,30,19309910839,63879366823,65237103026
1790900393,52232112,103035310080,0,0,0,0,0,4,4,7989413,35,1332,0,0,0,153,30,19309910839,63879366823,65237103026
1790900394,52273184,103053803520,0,0,0,0,0,4,4,7999570,35,1332,0,0,0,153,30,19309910839,63879366823,65237103026
1790900395,52315112,103046529024,0,0,0,0,0,4,4,7999570,35,1332,0,0,0,153,30,19309910839,63879366823,65237103026
1790900396,52352896,103074746368,0,0,0,0,0,4,4,8008777,35,1332,0,0,0,153,30,19309910839,63879366823,65237103026
1790900397,52400224,103074234368,0,0,0,0,0,4,4,8018334,35,1332,0,0,0,153,30,19309910839,63879366823,65237103026
1790900398,52439060,103076925440,0,0,0,0,0,4,4,8018334,35,1332,0,0,0,153,30,19309910839,63879366823,65237103026
1790900399,52481668,103028576256,0,0,0,0,0,4,4,8028515,35,1332,0,0,0,153,30,19309910839,63879366823,65237103026
1790900401,52529400,103057317888,0,0,0,0,0,4,4,8028515,35,1332,0,0,0,153,30,19309910839,63879366823,65237103026
1790900402,52580068,103067893760,0,0,0,0,0,4,4,8038651,35,1332,0,0,0,153,30,19309910839,63879366823,65237103026
1790900403,52622372,103060750336,0,0,0,0,0,4,4,8038651,35,1332,0,0,0,153,30,19309910839,63879366823,65237103026
1790900404,52663768,103063453696,0,0,0,0,0,4,4,8048806,35,1332,0,0,0,153,30,19309910839,63879366823,65237103026
1790900405,52701320,103071518720,0,0,0,0,0,4,4,8048806,35,1332,0,0,0,153,30,19309910839,63879366823,65237103026
1790900406,52734944,103061651456,0,0,0,0,0,4,4,8058823,35,1332,0,0,0,153,30,19309910839,63879366823,65237103026
1790900407,52783156,103079088128,0,0,0,0,0,4,4,8058823,35,1332,0,0,0,153,30,19309910839,63879366823,65237103026
1790900408,52823984,103078363136,0,0,0,0,0,4,4,8068786,35,1332,0,0,0,153,30,19309910839,63879366823,65237103026
1790900409,52860696,103079161856,0,0,0,0,0,4,4,8068786,35,1332,0,0,0,153,30,19309910839,63879366823,65237103026
1790900410,52889872,103069589504,0,0,0,0,0,4,4,8078113,35,1332,0,0,0,153,30,19309910839,63879366823,65237103026
1790900411,52936832,103072550912,0,0,0,0,0,4,4,8078113,35,1332,0,0,0,153,30,19309910839,63879366823,65237103026
1790900412,52979120,103068172288,0,0,0,0,0,4,4,8088111,35,1332,0,0,0,153,30,19309910839,63879366823,65237103026
1790900413,53011524,103076229120,0,0,0,0,0,4,4,8088111,35,1332,0,0,0,153,30,19309910839,63879366823,65237103026
1790900414,53060364,103073656832,0,0,0,0,0,4,4,8098270,35,1332,0,0,0,153,30,19309910839,63879366823,65237103026
1790900415,53098784,103065104384,0,0,0,0,0,4,4,8098270,35,1332,0,0,0,153,30,19309910839,63879366823,65237103026
1790900416,53136628,103069065216,0,0,0,0,0,4,4,8108191,35,1332,0,0,0,153,30,19309910839,63879366823,65237103026
1790900417,53163700,103069298688,0,0,0,0,0,4,4,8108191,35,1332,0,0,0,153,30,19309910839,63879366823,65237103026
1790900419,53201340,103061274624,0,0,0,0,0,4,4,8117665,35,1332,0,0,0,153,30,19309910839,63879366823,65237103026
1790900420,53217008,103051403264,0,0,0,0,0,4,4,8127355,35,1332,0,0,0,153,30,19309910839,63879366823,65237103026
1790900421,53268016,103056965632,0,0,0,0,0,4,4,8127355,35,1332,0,0,0,153,30,19309910839,63879366823,65237103026
1790900422,53318776,103075950592,0,0,0,0,0,4,4,8137763,35,1332,0,0,0,153,30,19309910839,63879366823,65237103026
1790900423,53375196,103079104512,0,0,0,0,0,4,4,8137763,35,1332,0,0,0,153,30,19309910839,63879366823,65237103026
1790900424,53430156,103079010304,0,0,0,0,0,4,4,8147913,35,1332,0,0,0,153,30,19309910839,63879366823,65237103026
1790900425,53482228,103060254720,0,0,0,0,0,4,4,8147913,35,1332,0,0,0,153,30,19309910839,63879366823,65237103026
1790900426,53531272,103076196352,0,0,0,0,0,4,4,8157320,35,1332,0,0,0,153,30,19309910839,63879366823,65237103026
1790900427,53569252,103078735872,0,0,0,0,0,4,4,8157320,35,1332,0,0,0,153,30,19309910839,63879366823,65237103026
1790900428,53619336,103073566720,0,0,0,0,0,4,4,8166426,35,1332,0,0,0,153,30,19309910839,63879366823,65237103026
1790900429,53675568,103078309888,0,0,0,0,0,4,4,8166426,35,1332,0,0,0,153,30,19309910839,63879366823,65237103026
1790900430,53710656,103062282240,0,0,0,0,0,4,4,8176748,35,1332,0,0,0,153,30,19309910839,63879366823,65237103026
1790900431,53750440,103077900288,0,0,0,0,0,4,4,8176748,35,1332,0,0,0,153,30,19309910839,63879366823,65237103026
1790900432,53791712,103079010304,0,0,0,0,0,4,4,8187112,35,1332,0,0,0,153,30,19309910839,63879366823,65237103026
1790900433,53829780,103067709440,0,0,0,0,0,4,4,8187112,35,1332,0,0,0,153,30,19309910839,63879366823,65237103026
1790900434,53853672,103064100864,0,0,0,0,0,4,4,8196599,35,1332,0,0,0,153,30,19309910839,63879366823,65237103026
1790900435,53876008,103074533376,0,0,0,0,0,4,4,8196599,35,1332,0,0,0,153,30,19309910839,63879366823,65237103026
1790900436,53909236,103071739904,0,0,0,0,0,4,4,8205356,35,1332,0,0,0,153,30,19309910839,63879366823,65237103026
1790900438,53943556,103073292288,0,0,0,0,0,4,4,8205356,35,1332,0,0,0,153,30,19309910839,63879366823,65237103026
1790900439,53979200,103067435008,0,0,0,0,0,4,4,8215999,35,1332,0,0,0,153,30,19309910839,63879366823,65237103026
1790900440,54006300,103057920000,0,0,0,0,0,4,4,8215999,35,1332,0,0,0,153,30,19309910839,63879366823,65237103026
1790900441,54033804,103076438016,0,0,0,0,0,4,4,8226065,35,1332,0,0,0,153,30,19309910839,63879366823,65237103026
1790900442,54059216,103069106176,0,0,0,0,0,4,4,8235878,35,1332,0,0,0,153,30,19309910839,63879366823,65237103026
1790900443,54080536,103071629312,0,0,0,0,0,4,4,8235878,35,1332,0,0,0,153,30,19309910839,63879366823,65237103026
1790900444,54110664,103075880960,0,0,0,0,0,4,4,8244513,35,1332,0,0,0,153,30,19309910839,63879366823,65237103026
1790900445,54144364,103076171776,0,0,0,0,0,4,4,8244513,35,1332,0,0,0,153,30,19309910839,63879366823,65237103026
1790900446,54177776,103067435008,0,0,0,0,0,4,4,8254219,35,1332,0,0,0,153,30,19309910839,63879366823,65237103026
1790900447,54211876,103066075136,0,0,0,0,0,4,4,8254219,35,1332,0,0,0,153,30,19309910839,63879366823,65237103026
1790900448,54242348,103068823552,0,0,0,0,0,4,4,8264543,35,1332,0,0,0,153,30,19309910839,63879366823,65237103026
1790900449,54271776,103059935232,0,0,0,0,0,4,4,8264543,35,1332,0,0,0,153,30,19309910839,63879366823,65237103026
1790900450,54137272,103068856320,0,0,0,0,0,4,4,8274484,35,1333,0,0,0,153,30,19309910839,63879366823,65237103026
1790900451,54157760,103074762752,0,0,0,0,0,4,4,8274484,35,1333,0,0,0,153,30,19309910839,63879366823,65237103026
1790900452,54179636,103077769216,0,0,0,0,0,4,4,8284086,35,1333,0,0,0,153,30,19309910839,63879366823,65237103026
1790900453,54202424,103061151744,0,0,0,0,0,4,4,8284086,35,1333,0,0,0,153,30,19309910839,63879366823,65237103026
1790900454,54227316,103044931584,0,0,0,0,0,4,4,8294784,35,1333,0,0,0,153,30,19309910839,63879366823,65237103026
1790900455,54248708,103073693696,0,0,0,0,0,4,4,8294784,35,1333,0,0,0,153,30,19309910839,63879366823,65237103026
1790900457,54275896,103061016576,0,0,0,0,0,4,4,8305912,35,1333,0,0,0,153,30,19309910839,63879366823,65237103026
1790900458,54295864,103078871040,0,0,0,0,0,4,4,8305912,35,1333,0,0,0,153,30,19309910839,63879366823,65237103026
1790900459,54320036,103074099200,0,0,0,0,0,4,4,8315964,35,1333,0,0,0,153,30,19309910839,63879366823,65237103026
1790900460,54345416,103060852736,0,0,0,0,0,4,4,8315964,35,1333,0,0,0,153,30,19309910839,63879366823,65237103026
1790900461,54219140,103063658496,0,0,0,0,0,4,4,8325483,35,1333,0,0,0,153,30,19309910839,63879366823,65237103026
1790900462,54234820,103075848192,0,0,0,0,0,4,4,8325483,35,1333,0,0,0,153,30,19309910839,63879366823,65237103026
1790900463,54248400,103074963456,0,0,0,0,0,4,4,8336023,35,1334,0,0,0,153,30,19309910839,63879366823,65237103026
1790900464,54265108,103072309248,0,0,0,0,0,4,4,8347502,35,1334,0,0,0,153,30,19309910839,63879366823,65237103026
1790900465,54290180,103070318592,0,0,0,0,0,4,4,8347502,35,1334,0,0,0,153,30,19309910839,63879366823,65237103026
1790900466,54313048,103062167552,0,0,0,0,0,4,4,8359097,35,1334,0,0,0,153,30,19309910839,63879366823,65237103026
1790900467,54344752,103060017152,0,0,0,0,0,4,4,8359097,35,1334,0,0,0,153,30,19309910839,63879366823,65237103026
1790900468,54240336,102664441856,0,0,0,0,0,4,4,8369973,35,1334,0,0,0,153,30,19309910839,63879366823,65237103026
1790900469,54469120,97687343104,0,0,0,0,0,4,4,8369973,35,1334,0,0,0,153,30,19309910839,63879366823,65237103026
1790900470,54573968,92266758144,0,0,0,0,0,4,4,8379557,36,1317,0,0,0,153,31,19309910839,166308766838,178489227086
1790900471,54636416,87268876288,0,0,0,0,0,4,4,8379557,36,1317,0,0,0,153,31,19309910839,166308766838,178489227086
1790900472,54680620,87664889856,0,0,0,0,0,4,4,8390730,36,1312,0,0,0,153,31,19309910839,166308766838,178489227086
1790900473,54714992,88307712000,0,0,0,0,0,4,4,8390730,36,1312,0,0,0,153,31,19309910839,166308766838,178489227086
1790900474,54738020,88935403520,0,0,0,0,0,4,4,8402818,36,1312,0,0,0,153,31,19309910839,166308766838,178489227086
1790900475,54757144,89566523392,0,0,0,0,0,4,4,8402818,36,1312,0,0,0,153,31,19309910839,166308766838,178489227086
1790900477,54767872,90189787136,0,0,0,0,0,4,4,8414701,36,1312,0,0,0,153,31,19309910839,166308766838,178489227086
1790900478,54783148,90821779456,0,0,0,0,0,4,4,8414701,36,1312,0,0,0,153,31,19309910839,166308766838,178489227086
1790900479,54810556,91461500928,0,0,0,0,0,4,4,8426919,36,1312,0,0,0,153,31,19309910839,166308766838,178489227086
1790900480,54834132,92095057920,0,0,0,0,0,4,4,8426919,36,1312,0,0,0,153,31,19309910839,166308766838,178489227086
1790900481,54854844,92713017344,0,0,0,0,0,4,4,8439008,36,1312,0,0,0,153,31,19309910839,166308766838,178489227086
1790900482,54876688,93311127552,0,0,0,0,0,4,4,8439008,36,1312,0,0,0,153,31,19309910839,166308766838,178489227086
1790900483,54903408,93936517120,0,0,0,0,0,4,4,8451112,36,1312,0,0,0,153,31,19309910839,166308766838,178489227086
1790900484,54949816,94943674368,0,0,0,0,0,4,4,8451112,36,1312,0,0,0,153,31,19309910839,166308766838,178489227086
1790900485,54999892,95640838144,0,0,0,0,0,5,5,8462953,36,1312,1,0,1,153,31,19309910839,166308766838,178489227086
1790900486,55033212,96318398464,0,0,0,0,0,5,5,8474155,36,1316,1,0,1,153,31,19309910839,166308766838,178489227086
1790900487,55067084,97007562752,0,0,0,0,0,5,5,8474155,36,1316,1,0,1,153,31,19309910839,166308766838,178489227086
1790900488,55087576,97784401920,0,0,0,0,0,5,5,8485332,36,1321,1,0,1,153,31,19309910839,166308766838,178489227086
1790900489,55112332,98565984256,0,0,0,0,0,5,5,8485332,36,1321,1,0,1,153,31,19309910839,166308766838,178489227086
1790900490,55127880,99331928064,0,0,0,0,0,5,5,8496361,36,1330,1,0,1,153,31,19309910839,166308766838,178489227086
1790900491,55149224,100100358144,0,0,0,0,0,5,5,8496361,36,1330,1,0,1,153,31,19309910839,166308766838,178489227086
1790900492,55183328,100878495744,0,0,0,0,0,5,5,8507259,36,1338,1,0,1,153,31,19309910839,166308766838,178489227086
1790900493,55211928,101663145984,0,0,0,0,0,5,5,8507259,36,1338,1,0,1,153,31,19309910839,166308766838,178489227086
1790900494,55233924,102485516288,0,0,0,0,0,5,5,8518381,36,1347,1,0,1,153,31,19309910839,166308766838,178489227086
1790900495,55253264,103058923520,0,0,0,0,0,5,5,8518381,36,1347,1,0,1,153,31,19309910839,166308766838,178489227086
1790900497,55268648,103053705216,0,0,0,0,0,5,5,8529504,36,1348,1,0,1,153,31,19309910839,166308766838,178489227086
1790900498,55287100,103051632640,0,0,0,0,0,5,5,8529504,36,1348,1,0,1,153,31,19309910839,166308766838,178489227086
1790900499,55302532,103062151168,0,0,0,0,0,5,5,8540624,36,1348,1,0,1,153,31,19309910839,166308766838,178489227086
1790900500,55328576,103061913600,0,0,0,0,0,5,5,8540624,36,1348,1,0,1,153,31,19309910839,166308766838,178489227086
1790900501,55335456,103071010816,0,0,0,0,0,5,5,8551775,36,1348,1,0,1,153,31,19309910839,166308766838,178489227086
1790900502,55366672,103075282944,0,0,0,0,0,5,5,8551775,36,1348,1,0,1,153,31,19309910839,166308766838,178489227086
1790900503,55374284,103076470784,0,0,0,0,0,5,5,8562835,36,1348,1,0,1,153,31,19309910839,166308766838,178489227086
1790900504,53869364,101368655872,0,0,0,0,0,5,5,8562835,36,1348,1,0,1,153,31,19309910839,166308766838,178489227086
1790900505,52663072,101266923520,0,0,0,0,0,5,5,8572109,38,1354,0,8,0,191,32,24137479067,166312143659,178495984120
1790900506,52536600,102237634560,0,0,0,0,0,5,5,8572109,38,1354,0,8,0,191,32,24137479067,166312143659,178495984120
1790900507,52144124,102948601856,0,0,0,0,0,5,5,8577794,38,1354,0,8,0,191,32,24137479067,166312143659,178495984120
1790900508,51535448,103045988352,0,0,0,0,0,5,5,8583181,38,1365,0,8,0,191,32,24137479067,166312143659,178495984120
1790900509,50761228,103066533888,0,0,0,0,0,5,5,8583181,38,1365,0,8,0,191,32,24137479067,166312143659,178495984120
1790900510,49744548,103034232832,0,0,0,0,0,5,5,8587619,38,1384,0,8,0,191,32,24137479067,166312143659,178495984120
1790900511,49006856,103077621760,0,0,0,0,0,5,5,8587619,38,1384,0,8,0,191,32,24137479067,166312143659,178495984120
1790900512,48010164,103024828416,0,0,0,0,0,5,5,8592665,38,1391,0,8,0,191,32,24137479067,166312143659,178495984120
1790900514,47733992,103078129664,0,0,0,0,0,5,5,8592665,38,1391,0,8,0,191,32,24137479067,166312143659,178495984120
1790900515,47415832,103069642752,0,0,0,0,0,5,5,8598284,38,1406,0,8,0,191,32,24137479067,166312143659,178495984120
1790900516,47322068,103066529792,0,0,0,0,0,5,5,8598284,38,1406,0,8,0,191,32,24137479067,166312143659,178495984120
1790900517,47183952,103069339648,0,0,0,0,0,5,5,8603961,38,1423,0,8,0,191,32,24137479067,166312143659,178495984120
1790900518,47013004,102970044416,0,0,0,0,0,5,5,8603961,38,1423,0,8,0,191,32,24137479067,166312143659,178495984120
1790900519,47004264,103065268224,0,0,0,0,0,5,5,8609693,38,1437,0,8,0,191,32,24137479067,166312143659,178495984120
1790900520,46974004,103063355392,0,0,0,0,0,5,5,8609693,38,1437,0,8,0,191,32,24137479067,166312143659,178495984120
1790900521,46980416,103050772480,0,0,0,0,0,5,5,8615762,38,1451,0,8,0,191,32,24137479067,166312143659,178495984120
1790900522,46992356,103073411072,0,0,0,0,0,5,5,8615762,38,1451,0,8,0,191,32,24137479067,166312143659,178495984120
1790900523,46982676,103066488832,0,0,0,0,0,5,5,8621785,38,1465,0,8,0,191,32,24137479067,166312143659,178495984120
1790900524,47006548,103077945344,0,0,0,0,0,5,5,8621785,38,1465,0,8,0,191,32,24137479067,166312143659,178495984120
1790900525,47026560,103061241856,0,0,0,0,0,5,5,8629596,38,1474,0,8,0,191,32,24137479067,166312143659,178495984120
1790900526,47051688,103070797824,0,0,0,0,0,5,5,8629596,38,1474,0,8,0,191,32,24137479067,166312143659,178495984120
1790900527,47064416,101587308544,0,0,0,0,0,5,5,8636900,39,1438,0,7,0,191,33,24137479067,167142820499,179438422101
1790900528,47066960,100157890560,0,0,0,0,0,5,5,8642618,41,1375,0,5,0,191,35,24137479067,172196237033,184706804935
1790900529,47080160,101439893504,0,0,0,0,0,5,5,8642618,41,1375,0,5,0,191,35,24137479067,172196237033,184706804935
1790900531,47103988,102754902016,0,0,0,0,0,5,5,8647429,41,1387,0,5,0,191,35,24137479067,172196237033,184706804935
1790900532,47135468,103058550784,0,0,0,0,0,5,5,8647429,41,1387,0,5,0,191,35,24137479067,172196237033,184706804935
1790900533,47184796,100704677888,0,0,0,0,0,5,5,8653421,41,1395,0,5,0,191,35,24137479067,172196237033,184706804935
1790900534,47222836,102006349824,0,0,0,0,0,5,5,8653421,41,1395,0,5,0,191,35,24137479067,172196237033,184706804935
1790900535,47248316,103069630464,0,0,0,0,0,5,5,8659368,42,1366,0,4,0,191,36,24137479067,174739427482,187371939654
1790900536,47272908,103047585792,0,0,0,0,0,5,5,8659368,42,1366,0,4,0,191,36,24137479067,174739427482,187371939654
1790900537,47309280,103057068032,0,0,0,0,0,5,5,8664931,42,1379,0,4,0,191,36,24137479067,174739427482,187371939654
1790900538,47337632,103042121728,0,0,0,0,0,5,5,8664931,42,1379,0,4,0,191,36,24137479067,174739427482,187371939654
1790900539,47373212,103076270080,0,0,0,0,0,5,5,8670847,42,1391,0,4,0,191,36,24137479067,174739427482,187371939654
1790900540,47391108,103057489920,0,0,0,0,0,5,5,8670847,42,1391,0,4,0,191,36,24137479067,174739427482,187371939654
1790900541,47404448,103043825664,0,0,0,0,0,5,5,8676415,42,1405,0,4,0,191,36,24137479067,174739427482,187371939654
1790900542,47406396,103052062720,0,0,0,0,0,5,5,8676415,42,1405,0,4,0,191,36,24137479067,174739427482,187371939654
1790900543,47412576,103064043520,0,0,0,0,0,5,5,8681164,42,1420,0,4,0,191,36,24137479067,174739427482,187371939654
1790900544,47414768,103061336064,0,0,0,0,0,5,5,8681164,42,1420,0,4,0,191,36,24137479067,174739427482,187371939654
1790900545,47416820,103058157568,0,0,0,0,0,5,5,8686067,42,1439,0,4,0,191,36,24137479067,174739427482,187371939654
1790900547,47422940,103063842816,0,0,0,0,0,5,5,8686067,42,1439,0,4,0,191,36,24137479067,174739427482,187371939654
1790900548,47435864,103052722176,0,0,0,0,0,5,5,8692773,42,1449,0,4,0,191,36,24137479067,174739427482,187371939654
1790900549,47444420,100815998976,0,0,0,0,0,5,5,8700640,43,1419,0,3,0,191,37,24137479067,177248018725,189971940236
1790900550,47450912,97288720384,0,0,0,0,0,5,5,8700640,43,1419,0,3,0,191,37,24137479067,177248018725,189971940236
1790900551,47481760,99235045376,0,0,0,0,0,5,5,8706287,45,1353,0,1,0,191,39,24137479067,182300935072,195238583704
1790900552,47491500,100906037248,0,0,0,0,0,5,5,8706287,45,1353,0,1,0,191,39,24137479067,182300935072,195238583704
1790900553,47501728,102576365568,0,0,0,0,0,5,5,8712224,45,1365,0,1,0,191,39,24137479067,182300935072,195238583704
1790900554,47533000,101531029504,0,0,0,0,0,5,5,8712224,45,1365,0,1,0,191,39,24137479067,182300935072,195238583704
1790900555,47547188,102999973888,0,0,0,0,0,5,5,8717985,47,1340,0,0,0,191,41,24137479067,184844304068,197904951803
1790900556,47562452,103077232640,0,0,0,0,0,5,5,8717985,47,1340,0,0,0,191,41,24137479067,184844304068,197904951803
1790900557,47589388,103073189888,0,0,0,0,0,5,5,8724150,47,1350,0,0,0,191,41,24137479067,184844304068,197904951803
1790900558,47606964,101562007552,0,0,0,0,0,5,5,8724150,47,1350,0,0,0,191,41,24137479067,184844304068,197904951803
1790900559,47633412,102854864896,0,0,0,0,0,5,5,8731082,48,1359,0,0,0,191,42,24137479067,187632695874,200693342074
1790900560,47653788,103070961664,0,0,0,0,0,5,5,8731082,48,1359,0,0,0,191,42,24137479067,187632695874,200693342074
1790900561,47680688,103063879680,0,0,0,0,0,5,5,8738770,48,1366,0,0,0,191,42,24137479067,187632695874,200693342074
1790900562,47680788,103072563200,0,0,0,0,0,5,5,8738770,48,1366,0,0,0,191,42,24137479067,187632695874,200693342074
1790900564,47711872,103052783616,0,0,0,0,0,5,5,8747371,48,1371,0,0,0,191,42,24137479067,187632695874,200693342074
1790900565,47740328,103077253120,0,0,0,0,0,5,5,8747371,48,1371,0,0,0,191,42,24137479067,187632695874,200693342074
1790900566,47777300,100463284224,0,0,0,0,0,5,5,8757826,48,1374,0,0,0,191,42,24137479067,187632695874,200693342074
1790900567,47831116,101216780288,0,0,0,0,0,5,5,8757826,48,1374,0,0,0,191,42,24137479067,187632695874,200693342074
1790900568,47884208,99300024320,0,0,0,0,0,5,5,8768847,49,1346,0,0,0,191,43,24137479067,190174230756,203356075163
1790900569,47927836,99923406848,0,0,0,0,0,5,5,8780409,50,1309,0,0,0,191,44,24137479067,192715252620,206017063784
1790900570,47972324,100535607296,0,0,0,0,0,5,5,8780409,50,1309,0,0,0,191,44,24137479067,192715252620,206017063784
1790900571,48021464,101140320256,0,0,0,0,0,5,5,8791415,50,1309,0,0,0,191,44,24137479067,192715252620,206017063784
1790900572,48054944,101787906048,0,0,0,0,0,5,5,8791415,50,1309,0,0,0,191,44,24137479067,192715252620,206017063784
1790900573,48091696,102455652352,0,0,0,0,0,5,5,8803291,50,1309,0,0,0,191,44,24137479067,192715252620,206017063784
1790900574,48163056,103074119680,0,0,0,0,0,5,5,8803291,50,1309,0,0,0,191,44,24137479067,192715252620,206017063784
1790900575,48213932,103076605952,0,0,0,0,0,5,5,8815428,50,1309,0,0,0,191,44,24137479067,192715252620,206017063784
1790900576,48264588,103050964992,0,0,0,0,0,5,5,8815428,50,1309,0,0,0,191,44,24137479067,192715252620,206017063784
1790900577,48310472,103065624576,0,0,0,0,0,5,5,8827517,50,1309,0,0,0,191,44,24137479067,192715252620,206017063784
1790900578,48360080,103057584128,0,0,0,0,0,5,5,8827517,50,1309,0,0,0,191,44,24137479067,192715252620,206017063784
1790900579,48400876,103059881984,0,0,0,0,0,5,5,8839675,50,1309,0,0,0,191,44,24137479067,192715252620,206017063784
1790900580,48437816,103040286720,0,0,0,0,0,5,5,8839675,50,1309,0,0,0,191,44,24137479067,192715252620,206017063784
1790900581,48482256,103056187392,0,0,0,0,0,5,5,8851957,50,1309,0,0,0,191,44,24137479067,192715252620,206017063784
1790900582,48530744,103040876544,0,0,0,0,0,5,5,8851957,50,1309,0,0,0,191,44,24137479067,192715252620,206017063784
1790900584,48575944,103069347840,0,0,0,0,0,5,5,8864189,50,1309,0,0,0,191,44,24137479067,192715252620,206017063784
1790900585,48639860,103062515712,0,0,0,0,0,5,5,8864189,50,1309,0,0,0,191,44,24137479067,192715252620,206017063784
1790900586,48695392,103060819968,0,0,0,0,0,5,5,8876530,50,1309,0,0,0,191,44,24137479067,192715252620,206017063784
1790900587,48762160,103069802496,0,0,0,0,0,5,5,8876530,50,1309,0,0,0,191,44,24137479067,192715252620,206017063784
1790900588,48818252,103064780800,0,0,0,0,0,5,5,8888871,50,1309,0,0,0,191,44,24137479067,192715252620,206017063784
1790900589,48890384,103059648512,0,0,0,0,0,5,5,8888871,50,1309,0,0,0,191,44,24137479067,192715252620,206017063784
1790900590,48943828,103076401152,0,0,0,0,0,5,5,8901232,50,1309,0,0,0,191,44,24137479067,192715252620,206017063784
1790900591,48999748,103051718656,0,0,0,0,0,5,5,8901232,50,1309,0,0,0,191,44,24137479067,192715252620,206017063784
1790900592,49075852,103059464192,0,0,0,0,0,5,5,8913343,50,1309,0,0,0,191,44,24137479067,192715252620,206017063784
1790900593,49125676,103074103296,0,0,0,0,0,5,5,8925698,50,1309,0,0,0,191,44,24137479067,192715252620,206017063784
1790900594,49184404,103069954048,0,0,0,0,0,5,5,8925698,50,1309,0,0,0,191,44,24137479067,192715252620,206017063784
1790900595,49249816,103061676032,0,0,0,0,0,5,5,8937922,50,1309,0,0,0,191,44,24137479067,192715252620,206017063784
1790900596,49304808,103051075584,0,0,0,0,0,5,5,8937922,50,1309,0,0,0,191,44,24137479067,192715252620,206017063784
1790900597,49364448,103048994816,0,0,0,0,0,5,5,8950076,50,1309,0,0,0,191,44,24137479067,192715252620,206017063784
1790900598,49404832,103065235456,0,0,0,0,0,5,5,8950076,50,1309,0,0,0,191,44,24137479067,192715252620,206017063784
1790900599,49436376,103034793984,0,0,0,0,0,5,5,8962171,50,1309,0,0,0,191,44,24137479067,192715252620,206017063784
1790900600,49470204,103059984384,0,0,0,0,0,5,5,8962171,50,1309,0,0,0,191,44,24137479067,192715252620,206017063784
1790900601,49503060,103074779136,0,0,0,0,0,5,5,8974473,50,1309,0,0,0,191,44,24137479067,192715252620,206017063784
1790900602,49536912,103072391168,0,0,0,0,0,5,5,8974473,50,1309,0,0,0,191,44,24137479067,192715252620,206017063784
1790900604,49570784,103073832960,0,0,0,0,0,5,5,8986626,50,1309,0,0,0,191,44,24137479067,192715252620,206017063784
1790900605,49601224,103060860928,0,0,0,0,0,5,5,8986626,50,1309,0,0,0,191,44,24137479067,192715252620,206017063784
1790900606,49631564,103072260096,0,0,0,0,0,5,5,8998986,50,1309,0,0,0,191,44,24137479067,192715252620,206017063784
1790900607,49653520,103068651520,0,0,0,0,0,5,5,8998986,50,1309,0,0,0,191,44,24137479067,192715252620,206017063784
1790900608,49675668,103060570112,0,0,0,0,0,5,5,9011281,50,1309,0,0,0,191,44,24137479067,192715252620,206017063784
1790900609,49723832,103078531072,0,0,0,0,0,5,5,9011281,50,1309,0,0,0,191,44,24137479067,192715252620,206017063784
1790900610,49764364,103073349632,0,0,0,0,0,5,5,9023561,50,1309,0,0,0,191,44,24137479067,192715252620,206017063784
1790900611,49784388,103079206912,0,0,0,0,0,5,5,9023561,50,1309,0,0,0,191,44,24137479067,192715252620,206017063784
1790900612,49806936,103073775616,0,0,0,0,0,5,5,9035872,50,1309,0,0,0,191,44,24137479067,192715252620,206017063784
1790900613,49824204,103055106048,0,0,0,0,0,5,5,9035872,50,1309,0,0,0,191,44,24137479067,192715252620,206017063784
1790900614,49842844,103070912512,0,0,0,0,0,5,5,9048277,50,1309,0,0,0,191,44,24137479067,192715252620,206017063784
1790900615,49831252,103064666112,0,0,0,0,0,5,5,9060831,50,1309,0,0,0,191,44,24137479067,192715252620,206017063784
1790900616,49833800,103064608768,0,0,0,0,0,5,5,9060831,50,1309,0,0,0,191,44,24137479067,192715252620,206017063784
1790900617,49852696,103061278720,0,0,0,0,0,5,5,9073262,50,1309,0,0,0,191,44,24137479067,192715252620,206017063784
1790900618,49863404,103067197440,0,0,0,0,0,5,5,9073262,50,1309,0,0,0,191,44,24137479067,192715252620,206017063784
1790900619,49885468,103078866944,0,0,0,0,0,5,5,9085617,50,1309,0,0,0,191,44,24137479067,192715252620,206017063784
1790900620,49909508,103068971008,0,0,0,0,0,5,5,9085617,50,1309,0,0,0,191,44,24137479067,192715252620,206017063784
1790900621,49921244,103057645568,0,0,0,0,0,5,5,9097905,50,1309,0,0,0,191,44,24137479067,192715252620,206017063784
1790900622,49934424,103063199744,0,0,0,0,0,5,5,9097905,50,1309,0,0,0,191,44,24137479067,192715252620,206017063784
1790900624,49958856,103072374784,0,0,0,0,0,5,5,9110234,50,1309,0,0,0,191,44,24137479067,192715252620,206017063784
1790900625,49975380,103060938752,0,0,0,0,0,5,5,9110234,50,1309,0,0,0,191,44,24137479067,192715252620,206017063784
1790900626,49986352,103068704768,0,0,0,0,0,5,5,9122634,50,1309,0,0,0,191,44,24137479067,192715252620,206017063784
1790900627,50010684,103038124032,0,0,0,0,0,5,5,9122634,50,1309,0,0,0,191,44,24137479067,192715252620,206017063784
1790900628,50024864,103073816576,0,0,0,0,0,5,5,9135062,50,1309,0,0,0,191,44,24137479067,192715252620,206017063784
1790900629,50039904,103061942272,0,0,0,0,0,5,5,9135062,50,1309,0,0,0,191,44,24137479067,192715252620,206017063784
1790900630,50067180,103052718080,0,0,0,0,0,5,5,9147410,50,1309,0,0,0,191,44,24137479067,192715252620,206017063784
1790900631,50108444,103078969344,0,0,0,0,0,5,5,9147410,50,1309,0,0,0,191,44,24137479067,192715252620,206017063784
1790900632,50142624,103055323136,0,0,0,0,0,5,5,9159866,50,1309,0,0,0,191,44,24137479067,192715252620,206017063784
1790900633,50180976,103068000256,0,0,0,0,0,5,5,9159866,50,1309,0,0,0,191,44,24137479067,192715252620,206017063784
1790900634,50214460,103079170048,0,0,0,0,0,5,5,9172202,50,1309,0,0,0,191,44,24137479067,192715252620,206017063784
1790900635,50248980,103079018496,0,0,0,0,0,5,5,9172202,50,1309,0,0,0,191,44,24137479067,192715252620,206017063784
1790900636,50293380,103066234880,0,0,0,0,0,5,5,9184403,50,1309,0,0,0,191,44,24137479067,192715252620,206017063784
1790900637,50330832,103040155648,0,0,0,0,0,5,5,9196887,50,1309,0,0,0,191,44,24137479067,192715252620,206017063784
1790900638,50372524,103076687872,0,0,0,0,0,5,5,9196887,50,1309,0,0,0,191,44,24137479067,192715252620,206017063784
1790900639,50414160,103078797312,0,0,0,0,0,5,5,9209338,50,1309,0,0,0,191,44,24137479067,192715252620,206017063784
1790900640,50467360,103060643840,0,0,0,0,0,5,5,9209338,50,1309,0,0,0,191,44,24137479067,192715252620,206017063784
1790900641,50523136,103078789120,0,0,0,0,0,5,5,9221687,50,1309,0,0,0,191,44,24137479067,192715252620,206017063784
1790900642,50564816,103070494720,0,0,0,0,0,5,5,9221687,50,1309,0,0,0,191,44,24137479067,192715252620,206017063784
1790900644,50596896,103048712192,0,0,0,0,0,5,5,9234062,50,1309,0,0,0,191,44,24137479067,192715252620,206017063784
1790900645,50633700,103074029568,0,0,0,0,0,5,5,9234062,50,1309,0,0,0,191,44,24137479067,192715252620,206017063784
1790900646,50664696,103073497088,0,0,0,0,0,5,5,9246402,50,1309,0,0,0,191,44,24137479067,192715252620,206017063784
1790900647,50708552,103074729984,0,0,0,0,0,5,5,9246402,50,1309,0,0,0,191,44,24137479067,192715252620,206017063784
1790900648,50737156,103066435584,0,0,0,0,0,5,5,9258810,50,1309,0,0,0,191,44,24137479067,192715252620,206017063784
1790900649,50772168,103078051840,0,0,0,0,0,5,5,9258810,50,1309,0,0,0,191,44,24137479067,192715252620,206017063784
1790900650,50798728,103078596608,0,0,0,0,0,5,5,9271350,50,1309,0,0,0,191,44,24137479067,192715252620,206017063784
1790900651,50822328,103077744640,0,0,0,0,0,5,5,9271350,50,1309,0,0,0,191,44,24137479067,192715252620,206017063784
1790900652,50847984,103039721472,0,0,0,0,0,5,5,9283672,50,1309,0,0,0,191,44,24137479067,192715252620,206017063784
1790900653,50876952,103071424512,0,0,0,0,0,5,5,9283672,50,1309,0,0,0,191,44,24137479067,192715252620,206017063784
1790900654,50893516,103061467136,0,0,0,0,0,5,5,9296008,50,1309,0,0,0,191,44,24137479067,192715252620,206017063784
1790900655,50916840,103068307456,0,0,0,0,0,5,5,9296008,50,1309,0,0,0,191,44,24137479067,192715252620,206017063784
1790900656,50930980,103075110912,0,0,0,0,0,5,5,9308419,50,1309,0,0,0,191,44,24137479067,192715252620,206017063784
1790900657,50950884,103076794368,0,0,0,0,0,5,5,9308419,50,1309,0,0,0,191,44,24137479067,192715252620,206017063784
1790900658,50973840,103057461248,0,0,0,0,0,5,5,9320724,50,1309,0,0,0,191,44,24137479067,192715252620,206017063784
1790900659,50997372,103073386496,0,0,0,0,0,5,5,9333103,50,1309,0,0,0,191,44,24137479067,192715252620,206017063784
1790900660,51019548,103061942272,0,0,0,0,0,5,5,9333103,50,1309,0,0,0,191,44,24137479067,192715252620,206017063784
1790900661,51042820,103048015872,0,0,0,0,0,5,5,9345461,50,1309,0,0,0,191,44,24137479067,192715252620,206017063784
1790900662,51079092,103074852864,0,0,0,0,0,5,5,9345461,50,1309,0,0,0,191,44,24137479067,192715252620,206017063784
1790900664,51120812,103041830912,0,0,0,0,0,5,5,9357909,50,1309,0,0,0,191,44,24137479067,192715252620,206017063784
1790900665,51155152,103070044160,0,0,0,0,0,5,5,9357909,50,1309,0,0,0,191,44,24137479067,192715252620,206017063784
1790900666,51188124,103071920128,0,0,0,0,0,5,5,9370289,50,1309,0,0,0,191,44,24137479067,192715252620,206017063784
1790900667,51220452,103077474304,0,0,0,0,0,5,5,9370289,50,1309,0,0,0,191,44,24137479067,192715252620,206017063784
1790900668,51253092,103056441344,0,0,0,0,0,5,5,9382770,50,1309,0,0,0,191,44,24137479067,192715252620,206017063784
1790900669,51280132,103056453632,0,0,0,0,0,5,5,9382770,50,1309,0,0,0,191,44,24137479067,192715252620,206017063784
1790900670,51313620,103066849280,0,0,0,0,0,5,5,9395161,50,1309,0,0,0,191,44,24137479067,192715252620,206017063784
1790900671,51341724,103018651648,0,0,0,0,0,5,5,9395161,50,1309,0,0,0,191,44,24137479067,192715252620,206017063784
1790900672,51390716,103066931200,0,0,0,0,0,5,5,9407560,50,1309,0,0,0,191,44,24137479067,192715252620,206017063784
1790900673,51438736,103026061312,0,0,0,0,0,5,5,9407560,50,1309,0,0,0,191,44,24137479067,192715252620,206017063784
1790900674,51475300,103079161856,0,0,0,0,0,5,5,9420012,50,1309,0,0,0,191,44,24137479067,192715252620,206017063784
1790900675,51521064,103071465472,0,0,0,0,0,5,5,9420012,50,1309,0,0,0,191,44,24137479067,192715252620,206017063784
1790900676,51568620,103076397056,0,0,0,0,0,5,5,9432396,50,1309,0,0,0,191,44,24137479067,192715252620,206017063784
1790900677,51607856,103075954688,0,0,0,0,0,5,5,9432396,50,1309,0,0,0,191,44,24137479067,192715252620,206017063784
1790900678,51654724,103068200960,0,0,0,0,0,5,5,9444779,50,1309,0,0,0,191,44,24137479067,192715252620,206017063784
1790900679,51699624,103063887872,0,0,0,0,0,5,5,9444779,50,1309,0,0,0,191,44,24137479067,192715252620,206017063784
1790900680,51732700,103058731008,0,0,0,0,0,5,5,9457134,50,1309,0,0,0,191,44,24137479067,192715252620,206017063784
1790900681,51767152,103066230784,0,0,0,0,0,5,5,9457134,50,1309,0,0,0,191,44,24137479067,192715252620,206017063784
1790900682,51799612,103042453504,0,0,0,0,0,5,5,9469429,50,1309,0,0,0,191,44,24137479067,192715252620,206017063784
1790900684,51847196,103073038336,0,0,0,0,0,5,5,9481751,50,1309,0,0,0,191,44,24137479067,192715252620,206017063784
1790900685,51878548,103072522240,0,0,0,0,0,5,5,9481751,50,1309,0,0,0,191,44,24137479067,192715252620,206017063784
1790900686,51900196,103066009600,0,0,0,0,0,5,5,9494222,50,1309,0,0,0,191,44,24137479067,192715252620,206017063784
1790900687,51916292,103056351232,0,0,0,0,0,5,5,9494222,50,1309,0,0,0,191,44,24137479067,192715252620,206017063784
1790900688,51943324,103071961088,0,0,0,0,0,5,5,9506489,50,1309,0,0,0,191,44,24137479067,192715252620,206017063784
1790900689,51965116,103064367104,0,0,0,0,0,5,5,9506489,50,1309,0,0,0,191,44,24137479067,192715252620,206017063784
1790900690,51991764,103079211008,0,0,0,0,0,5,5,9518887,50,1309,0,0,0,191,44,24137479067,192715252620,206017063784
1790900691,52020096,103072780288,0,0,0,0,0,5,5,9518887,50,1309,0,0,0,191,44,24137479067,192715252620,206017063784
1790900692,52052688,103077609472,0,0,0,0,0,5,5,9531319,50,1309,0,0,0,191,44,24137479067,192715252620,206017063784
1790900693,52101256,103071440896,0,0,0,0,0,5,5,9531319,50,1309,0,0,0,191,44,24137479067,192715252620,206017063784
1790900694,52144600,103077801984,0,0,0,0,0,5,5,9543728,50,1309,0,0,0,191,44,24137479067,192715252620,206017063784
1790900695,52185484,103052152832,0,0,0,0,0,5,5,9543728,50,1309,0,0,0,191,44,24137479067,192715252620,206017063784
1790900696,52210268,103067516928,0,0,0,0,0,5,5,9556142,50,1309,0,0,0,191,44,24137479067,192715252620,206017063784
1790900697,52236608,103068438528,0,0,0,0,0,5,5,9556142,50,1309,0,0,0,191,44,24137479067,192715252620,206017063784
1790900698,52263644,103060602880,0,0,0,0,0,5,5,9568418,50,1309,0,0,0,191,44,24137479067,192715252620,206017063784
1790900699,52281964,103070420992,0,0,0,0,0,5,5,9568418,50,1309,0,0,0,191,44,24137479067,192715252620,206017063784
1790900700,52307472,103069736960,0,0,0,0,0,5,5,9580755,50,1309,0,0,0,191,44,24137479067,192715252620,206017063784
1790900701,52334092,103069749248,0,0,0,0,0,5,5,9580755,50,1309,0,0,0,191,44,24137479067,192715252620,206017063784
1790900702,52352572,103064002560,0,0,0,0,0,5,5,9593038,50,1309,0,0,0,191,44,24137479067,192715252620,206017063784
1790900704,52380700,103078891520,0,0,0,0,0,5,5,9593038,50,1309,0,0,0,191,44,24137479067,192715252620,206017063784
1790900705,52378476,103076003840,0,0,0,0,0,5,5,9605483,50,1309,0,0,0,191,44,24137479067,192715252620,206017063784
1790900706,52400056,103057018880,0,0,0,0,0,5,5,9617912,50,1309,0,0,0,191,44,24137479067,192715252620,206017063784
1790900707,52417456,103073505280,0,0,0,0,0,5,5,9617912,50,1309,0,0,0,191,44,24137479067,192715252620,206017063784
1790900708,52443324,103052587008,0,0,0,0,0,5,5,9630194,50,1309,0,0,0,191,44,24137479067,192715252620,206017063784
1790900709,52468600,103063904256,0,0,0,0,0,5,5,9630194,50,1309,0,0,0,191,44,24137479067,192715252620,206017063784
1790900710,52515988,103055417344,0,0,0,0,0,5,5,9642689,50,1309,0,0,0,191,44,24137479067,192715252620,206017063784
1790900711,52566660,103077318656,0,0,0,0,0,5,5,9642689,50,1309,0,0,0,191,44,24137479067,192715252620,206017063784
1790900712,52614600,103077642240,0,0,0,0,0,5,5,9655123,50,1309,0,0,0,191,44,24137479067,192715252620,206017063784
1790900713,52640240,103077347328,0,0,0,0,0,5,5,9655123,50,1309,0,0,0,191,44,24137479067,192715252620,206017063784
1790900714,52701336,103058948096,0,0,0,0,0,5,5,9667434,50,1309,0,0,0,191,44,24137479067,192715252620,206017063784
1790900715,52762728,103064977408,0,0,0,0,0,5,5,9667434,50,1309,0,0,0,191,44,24137479067,192715252620,206017063784
1790900716,52818524,103064768512,0,0,0,0,0,5,5,9679725,50,1309,0,0,0,191,44,24137479067,192715252620,206017063784
1790900717,52881468,103059697664,0,0,0,0,0,5,5,9679725,50,1309,0,0,0,191,44,24137479067,192715252620,206017063784
1790900718,52947748,103073525760,0,0,0,0,0,5,5,9692091,50,1309,0,0,0,191,44,24137479067,192715252620,206017063784
1790900719,53004476,103032541184,0,0,0,0,0,5,5,9692091,50,1309,0,0,0,191,44,24137479067,192715252620,206017063784
1790900720,53060624,103069106176,0,0,0,0,0,5,5,9704519,50,1309,0,0,0,191,44,24137479067,192715252620,206017063784
1790900721,53122072,103076323328,0,0,0,0,0,5,5,9704519,50,1309,0,0,0,191,44,24137479067,192715252620,206017063784
1790900722,53170548,103058808832,0,0,0,0,0,5,5,9716858,50,1309,0,0,0,191,44,24137479067,192715252620,206017063784
1790900724,53223084,103062966272,0,0,0,0,0,5,5,9716858,50,1309,0,0,0,191,44,24137479067,192715252620,206017063784
1790900725,53283116,103063572480,0,0,0,0,0,5,5,9729241,50,1309,0,0,0,191,44,24137479067,192715252620,206017063784
1790900726,53310748,103040139264,0,0,0,0,0,5,5,9729241,50,1309,0,0,0,191,44,24137479067,192715252620,206017063784
1790900727,53329628,103079088128,0,0,0,0,0,5,5,9741737,50,1309,0,0,0,191,44,24137479067,192715252620,206017063784
1790900728,53349656,103060414464,0,0,0,0,0,5,5,9741737,50,1309,0,0,0,191,44,24137479067,192715252620,206017063784
1790900729,53354260,103061663744,0,0,0,0,0,5,5,9754054,50,1309,0,0,0,191,44,24137479067,192715252620,206017063784
1790900730,53379048,103078940672,0,0,0,0,0,5,5,9766123,50,1309,0,0,0,191,44,24137479067,192715252620,206017063784
1790900731,53402848,103064584192,0,0,0,0,0,5,5,9766123,50,1309,0,0,0,191,44,24137479067,192715252620,206017063784
1790900732,53424140,103070695424,0,0,0,0,0,5,5,9778573,50,1309,0,0,0,191,44,24137479067,192715252620,206017063784
1790900733,53451828,103064518656,0,0,0,0,0,5,5,9778573,50,1309,0,0,0,191,44,24137479067,192715252620,206017063784
1790900734,53470308,103054712832,0,0,0,0,0,5,5,9791046,50,1309,0,0,0,191,44,24137479067,192715252620,206017063784
1790900735,53497140,103044780032,0,0,0,0,0,5,5,9791046,50,1309,0,0,0,191,44,24137479067,192715252620,206017063784
1790900736,53506732,103041175552,0,0,0,0,0,5,5,9803299,50,1309,0,0,0,191,44,24137479067,192715252620,206017063784
1790900737,53531976,103078813696,0,0,0,0,0,5,5,9803299,50,1309,0,0,0,191,44,24137479067,192715252620,206017063784
1790900738,53562996,103076818944,0,0,0,0,0,5,5,9815743,50,1309,0,0,0,191,44,24137479067,192715252620,206017063784
1790900739,53593824,103072374784,0,0,0,0,0,5,5,9815743,50,1309,0,0,0,191,44,24137479067,192715252620,206017063784
1790900740,53623864,103067815936,0,0,0,0,0,5,5,9828212,50,1309,0,0,0,191,44,24137479067,192715252620,206017063784
1790900741,53646040,103064207360,0,0,0,0,0,5,5,9828212,50,1309,0,0,0,191,44,24137479067,192715252620,206017063784
1790900742,53686188,103036534784,0,0,0,0,0,5,5,9840498,50,1309,0,0,0,191,44,24137479067,192715252620,206017063784
1790900744,53720408,103050272768,0,0,0,0,0,5,5,9840498,50,1309,0,0,0,191,44,24137479067,192715252620,206017063784
1790900745,53766660,103071596544,0,0,0,0,0,5,5,9852957,50,1309,0,0,0,191,44,24137479067,192715252620,206017063784
1790900746,53791728,103065968640,0,0,0,0,0,5,5,9852957,50,1309,0,0,0,191,44,24137479067,192715252620,206017063784
1790900747,53829320,103069827072,0,0,0,0,0,5,5,9865308,50,1309,0,0,0,191,44,24137479067,192715252620,206017063784
1790900748,53845256,103070527488,0,0,0,0,0,5,5,9865308,50,1309,0,0,0,191,44,24137479067,192715252620,206017063784
1790900749,53882552,103070638080,0,0,0,0,0,5,5,9877761,50,1309,0,0,0,191,44,24137479067,192715252620,206017063784
1790900750,53912924,103069966336,0,0,0,0,0,5,5,9877761,50,1309,0,0,0,191,44,24137479067,192715252620,206017063784
1790900751,53951712,103076405248,0,0,0,0,0,5,5,9889990,50,1309,0,0,0,191,44,24137479067,192715252620,206017063784
1790900752,53996276,103044485120,0,0,0,0,0,5,5,9902501,50,1309,0,0,0,191,44,24137479067,192715252620,206017063784
1790900753,54035116,103078293504,0,0,0,0,0,5,5,9902501,50,1309,0,0,0,191,44,24137479067,192715252620,206017063784
1790900754,54063616,103079100416,0,0,0,0,0,5,5,9915017,50,1309,0,0,0,191,44,24137479067,192715252620,206017063784
1790900755,54091292,103069069312,0,0,0,0,0,5,5,9915017,50,1309,0,0,0,191,44,24137479067,192715252620,206017063784
1790900756,54119360,103075586048,0,0,0,0,0,5,5,9927603,50,1309,0,0,0,191,44,24137479067,192715252620,206017063784
1790900757,54145024,103035072512,0,0,0,0,0,5,5,9927603,50,1309,0,0,0,191,44,24137479067,192715252620,206017063784
1790900758,54175580,103073955840,0,0,0,0,0,5,5,9939965,50,1309,0,0,0,191,44,24137479067,192715252620,206017063784
1790900759,54176452,103068917760,0,0,0,0,0,5,5,9939965,50,1309,0,0,0,191,44,24137479067,192715252620,206017063784
1790900760,54205716,103075700736,0,0,0,0,0,5,5,9952087,50,1309,0,0,0,191,44,24137479067,192715252620,206017063784
1790900761,54216628,103079014400,0,0,0,0,0,5,5,9952087,50,1309,0,0,0,191,44,24137479067,192715252620,206017063784
1790900762,54253736,103079178240,0,0,0,0,0,5,5,9964423,50,1309,0,0,0,191,44,24137479067,192715252620,206017063784
1790900763,54297376,103075213312,0,0,0,0,0,5,5,9964423,50,1309,0,0,0,191,44,24137479067,192715252620,206017063784
1790900765,54348932,103036563456,0,0,0,0,0,5,5,9976740,50,1309,0,0,0,191,44,24137479067,192715252620,206017063784
1790900766,54401064,103077396480,0,0,0,0,0,5,5,9976740,50,1309,0,0,0,191,44,24137479067,192715252620,206017063784
1790900767,54468552,103058436096,0,0,0,0,0,5,5,9989061,50,1309,0,0,0,191,44,24137479067,192715252620,206017063784
1790900768,54532380,103061049344,0,0,0,0,0,5,5,9989061,50,1309,0,0,0,191,44,24137479067,192715252620,206017063784
1790900769,54601476,103046479872,0,0,0,0,0,5,5,10001395,50,1309,0,0,0,191,44,24137479067,192715252620,206017063784
1790900770,54659528,103076175872,0,0,0,0,0,5,5,10001395,50,1309,0,0,0,191,44,24137479067,192715252620,206017063784
1790900771,54700740,103078641664,0,0,0,0,0,5,5,10013657,50,1309,0,0,0,191,44,24137479067,192715252620,206017063784
1790900772,54751868,103065927680,0,0,0,0,0,5,5,10013657,50,1309,0,0,0,191,44,24137479067,192715252620,206017063784
1790900773,54789132,103054385152,0,0,0,0,0,5,5,10026060,50,1309,0,0,0,191,44,24137479067,192715252620,206017063784
1790900774,54834732,103059808256,0,0,0,0,0,5,5,10026060,50,1309,0,0,0,191,44,24137479067,192715252620,206017063784
1790900775,54862376,103047897088,0,0,0,0,0,5,5,10038376,50,1309,0,0,0,191,44,24137479067,192715252620,206017063784
1790900776,54897016,103053201408,0,0,0,0,0,5,5,10050870,50,1309,0,0,0,191,44,24137479067,192715252620,206017063784
1790900777,54947072,103074893824,0,0,0,0,0,5,5,10050870,50,1309,0,0,0,191,44,24137479067,192715252620,206017063784
1790900778,54991540,103070392320,0,0,0,0,0,5,5,10063254,50,1309,0,0,0,191,44,24137479067,192715252620,206017063784
1790900779,55055024,103078899712,0,0,0,0,0,5,5,10063254,50,1309,0,0,0,191,44,24137479067,192715252620,206017063784
1790900780,55123232,103060557824,0,0,0,0,0,5,5,10075519,50,1309,0,0,0,191,44,24137479067,192715252620,206017063784
1790900781,55146624,103061721088,0,0,0,0,0,5,5,10075519,50,1309,0,0,0,191,44,24137479067,192715252620,206017063784
1790900782,55178728,103077720064,0,0,0,0,0,5,5,10086697,50,1309,0,0,0,191,44,24137479067,192715252620,206017063784
1790900783,55197632,103063388160,0,0,0,0,0,5,5,10086697,50,1309,0,0,0,191,44,24137479067,192715252620,206017063784
1790900785,55207288,103073673216,0,0,0,0,0,5,5,10094927,50,1309,0,0,0,191,44,24137479067,192715252620,206017063784
1790900786,55209256,103068725248,0,0,0,0,0,5,5,10094927,50,1309,0,0,0,191,44,24137479067,192715252620,206017063784
1790900787,55208676,103067967488,0,0,0,0,0,5,5,10096038,50,1309,0,0,0,191,44,24137479067,192715252620,206017063784
1790900788,55209388,103068659712,0,0,0,0,0,5,5,10096038,50,1309,0,0,0,191,44,24137479067,192715252620,206017063784
1790900789,55210100,103069392896,0,0,0,0,0,5,5,10096038,50,1309,0,0,0,191,44,24137479067,192715252620,206017063784
1790900790,55210816,103070126080,0,0,0,0,0,5,5,10096038,50,1309,0,0,0,191,44,24137479067,192715252620,206017063784
1790900791,55211572,103071158272,0,0,0,0,0,5,5,10096038,50,1309,0,0,0,191,44,24137479067,192715252620,206017063784
1790900792,55212260,103071678464,0,0,0,0,0,5,5,10096038,50,1309,0,0,0,191,44,24137479067,192715252620,206017063784
1790900793,55212980,103072604160,0,0,0,0,0,5,5,10096038,50,1309,0,0,0,191,44,24137479067,192715252620,206017063784
1790900794,55213720,103073341440,0,0,0,0,0,5,5,10096038,50,1309,0,0,0,191,44,24137479067,192715252620,206017063784
1790900795,55214480,103073878016,0,0,0,0,0,5,5,10096038,50,1309,0,0,0,191,44,24137479067,192715252620,206017063784
1790900796,55215216,103074893824,0,0,0,0,0,5,5,10096038,50,1309,0,0,0,191,44,24137479067,192715252620,206017063784
1790900797,55215968,103075409920,0,0,0,0,0,5,5,10096038,50,1309,0,0,0,191,44,24137479067,192715252620,206017063784
1790900798,55216696,103076147200,0,0,0,0,0,5,5,10096038,50,1309,0,0,0,191,44,24137479067,192715252620,206017063784
1790900799,55217416,103077146624,0,0,0,0,0,5,5,10096038,50,1309,0,0,0,191,44,24137479067,192715252620,206017063784
1790900800,55218140,103077892096,0,0,0,0,0,5,5,10096038,50,1309,0,0,0,191,44,24137479067,192715252620,206017063784
1790900801,55218876,103078461440,0,0,0,0,0,5,5,10096038,50,1309,0,0,0,191,44,24137479067,192715252620,206017063784
1790900802,55219644,103069020160,0,0,0,0,0,5,5,10096038,50,1309,0,0,0,191,44,24137479067,192715252620,206017063784
1790900803,55220364,103069757440,0,0,0,0,0,5,5,10096038,50,1309,0,0,0,191,44,24137479067,192715252620,206017063784
1790900804,55221108,103070523392,0,0,0,0,0,5,5,10096038,50,1309,0,0,0,191,44,24137479067,192715252620,206017063784
1790900805,55221108,103070515200,0,0,0,0,0,5,5,10096038,50,1309,0,0,0,191,44,24137479067,192715252620,206017063784
1790900806,55221880,103071318016,0,0,0,0,0,5,5,10096038,50,1309,0,0,0,191,44,24137479067,192715252620,206017063784
1790900807,55222520,103072219136,0,0,0,0,0,5,5,10096038,50,1309,0,0,0,191,44,24137479067,192715252620,206017063784
1790900808,55222520,103072231424,0,0,0,0,0,5,5,10096038,50,1309,0,0,0,191,44,24137479067,192715252620,206017063784
1790900809,55222524,103072231424,0,0,0,0,0,5,5,10096038,50,1309,0,0,0,191,44,24137479067,192715252620,206017063784
1790900810,55222528,103072239616,0,0,0,0,0,5,5,10096038,50,1309,0,0,0,191,44,24137479067,192715252620,206017063784
1790900811,55222528,103071977472,0,0,0,0,0,5,5,10096038,50,1309,0,0,0,191,44,24137479067,192715252620,206017063784
1790900812,55222528,103071715328,0,0,0,0,0,5,5,10096038,50,1309,0,0,0,191,44,24137479067,192715252620,206017063784
1790900813,55222528,103071969280,0,0,0,0,0,5,5,10096038,50,1309,0,0,0,191,44,24137479067,192715252620,206017063784
