ts,rss_kb,cg_mem_bytes,Tidesdb_write_stall_ceiling_hits,Tidesdb_writes_throttled,Tidesdb_writes_blocked,Tidesdb_write_stall_us,Tidesdb_stall_admission,Tidesdb_stall_rotate_lock,Tidesdb_stall_rotate_work,Tidesdb_stall_wal_append,Tidesdb_stall_manifest_commit,Tidesdb_open_sstables,Tidesdb_flush_pending,Tidesdb_compaction_queue,Tidesdb_immutable_memtables,Tidesdb_flush_count,Tidesdb_compaction_count,Tidesdb_flush_bytes_written,Tidesdb_compaction_bytes_written,Tidesdb_compaction_bytes_read
1790907006,783768,840179712,0,0,0,0,0,0,0,0,1,1,0,0,0,1,0,290,0,0
1790907007,830364,903659520,0,0,0,0,0,0,0,0,1,1,0,0,0,1,0,290,0,0
1790907008,1034876,1353703424,0,0,0,0,0,0,0,256,1,1233,0,0,0,1,0,290,0,0
1790907009,1396784,2078601216,0,0,0,0,0,0,0,256,1,1233,0,0,0,1,0,290,0,0
1790907010,1898556,3062153216,0,0,0,0,0,0,0,2303,1,1233,0,0,0,1,0,290,0,0
1790907011,2538660,4288638976,0,0,0,0,0,0,0,2303,1,1233,0,0,0,1,0,290,0,0
1790907012,3296948,5732515840,0,0,0,0,0,0,0,6742,1,1233,0,0,0,1,0,290,0,0
1790907013,4156776,7396913152,0,0,0,0,0,0,0,6742,1,1233,0,0,0,1,0,290,0,0
1790907014,5092424,9210019840,0,0,0,0,0,0,0,13338,1,1233,0,0,0,1,0,290,0,0
1790907015,6092244,11137331200,0,0,0,0,0,0,0,13338,1,1233,0,0,0,1,0,290,0,0
1790907016,7054884,13007462400,0,0,0,0,0,0,0,21791,1,1233,0,0,0,1,0,290,0,0
1790907018,8050388,14946975744,0,0,0,0,0,0,0,21791,1,1233,0,0,0,1,0,290,0,0
1790907019,9057048,16917684224,0,0,0,0,0,0,0,30562,1,1233,0,0,0,1,0,290,0,0
1790907020,10079392,18921619456,0,0,0,0,0,0,0,30562,1,1233,0,0,0,1,0,290,0,0
1790907021,11105372,20927279104,0,0,0,0,0,0,0,40133,1,1233,0,0,0,1,0,290,0,0
1790907022,12110316,22898888704,0,0,0,0,0,0,0,40133,1,1233,0,0,0,1,0,290,0,0
1790907023,13142376,24919085056,0,0,0,0,0,0,0,50214,1,1233,0,0,0,1,0,290,0,0
1790907024,14140304,26872377344,0,0,0,0,0,0,0,50214,1,1233,0,0,0,1,0,290,0,0
1790907025,15061268,28711661568,0,0,0,0,0,0,0,61138,1,1233,0,0,0,1,0,290,0,0
1790907026,15936604,30471647232,0,0,0,0,0,0,0,61138,1,1233,0,0,0,1,0,290,0,0
1790907027,16769116,32152150016,0,0,0,0,0,0,0,72587,1,1233,0,0,0,1,0,290,0,0
1790907028,17586824,33824161792,0,0,0,0,0,0,0,72587,1,1233,0,0,0,1,0,290,0,0
1790907029,18383244,35468906496,0,0,0,0,0,0,0,84222,1,1233,0,0,0,1,0,290,0,0
1790907030,19158444,37083303936,0,0,0,0,0,0,0,84222,1,1233,0,0,0,1,0,290,0,0
1790907031,19880804,38600818688,0,0,0,0,0,0,0,95870,1,1233,0,0,0,1,0,290,0,0
1790907032,20612264,40146239488,0,0,0,0,0,0,0,95870,1,1233,0,0,0,1,0,290,0,0
1790907033,21329820,41662992384,0,0,0,0,0,0,0,107624,1,1233,0,0,0,1,0,290,0,0
1790907034,22038340,43167469568,0,0,0,0,0,0,0,107624,1,1233,0,0,0,1,0,290,0,0
1790907035,22724592,44639907840,0,0,0,0,0,0,0,119533,1,1233,0,0,0,1,0,290,0,0
1790907036,23409564,46108672000,0,0,0,0,0,0,0,119533,1,1233,0,0,0,1,0,290,0,0
1790907037,24067804,47524913152,0,0,0,0,0,0,0,131410,1,1233,0,0,0,1,0,290,0,0
1790907039,24728980,48942923776,0,0,0,0,0,0,0,131410,1,1233,0,0,0,1,0,290,0,0
1790907040,25369844,50325491712,0,0,0,0,0,0,0,143608,1,1233,0,0,0,1,0,290,0,0
1790907041,26002364,51697901568,0,0,0,0,0,0,0,155914,1,1233,0,0,0,1,0,290,0,0
1790907042,26636904,53061644288,0,0,0,0,0,0,0,155914,1,1233,0,0,0,1,0,290,0,0
1790907043,27263908,54418173952,0,0,0,0,0,0,0,168281,1,1233,0,0,0,1,0,290,0,0
1790907044,27896780,55790809088,0,0,0,0,0,0,0,168281,1,1233,0,0,0,1,0,290,0,0
1790907045,28511412,57136545792,0,0,0,0,0,0,0,180600,1,1233,0,0,0,1,0,290,0,0
1790907046,29128324,58474057728,0,0,0,0,0,0,0,180600,1,1233,0,0,0,1,0,290,0,0
1790907047,29745876,59820883968,0,0,0,0,0,0,0,193018,1,1233,0,0,0,1,0,290,0,0
1790907048,30356356,61144477696,0,0,0,0,0,0,0,193018,1,1233,0,0,0,1,0,290,0,0
1790907049,30953344,62443388928,0,0,0,0,0,0,0,205498,1,1233,0,0,0,1,0,290,0,0
1790907050,31548528,63741792256,0,0,0,0,0,0,0,205498,1,1233,0,0,0,1,0,290,0,0
1790907051,32142340,65034186752,0,0,0,0,0,0,0,218085,1,1233,0,0,0,1,0,290,0,0
1790907052,32737744,66334720000,0,0,0,0,0,0,0,218085,1,1233,0,0,0,1,0,290,0,0
1790907053,33331204,67627204608,0,0,0,0,0,0,0,230554,1,1233,0,0,0,1,0,290,0,0
1790907054,33924608,68925456384,0,0,0,0,0,0,0,230554,1,1233,0,0,0,1,0,290,0,0
1790907055,34513476,70215311360,0,0,0,0,0,0,0,243058,1,1233,0,0,0,1,0,290,0,0
1790907056,35097552,71495745536,0,0,0,0,0,0,0,243058,1,1233,0,0,0,1,0,290,0,0
1790907057,35689676,72789082112,0,0,0,0,0,0,0,255748,1,1233,0,0,0,1,0,290,0,0
1790907058,36266528,74054205440,0,0,0,0,0,0,0,255748,1,1233,0,0,0,1,0,290,0,0
1790907059,36842876,75307065344,0,0,0,0,0,0,0,268547,1,1233,0,0,0,1,0,290,0,0
1790907061,37391772,76533805056,0,0,0,0,0,0,0,268547,1,1233,0,0,0,1,0,290,0,0
1790907062,37738028,77556224000,0,0,0,0,0,0,0,281316,1,1233,0,0,0,1,0,290,0,0
1790907063,37887528,78342246400,0,0,0,0,0,0,0,281316,1,1233,0,0,0,1,0,290,0,0
1790907064,38017416,79145623552,0,0,0,0,0,0,0,293741,1,1233,0,0,0,1,0,290,0,0
1790907065,38129348,79931047936,0,0,0,0,0,0,0,306471,1,1233,0,0,0,1,0,290,0,0
1790907066,38239672,80717705216,0,0,0,0,0,0,0,306471,1,1233,0,0,0,1,0,290,0,0
1790907067,38329612,81477320704,0,0,0,0,0,0,0,319279,1,1233,0,0,0,1,0,290,0,0
1790907068,38406272,82224697344,0,0,0,0,0,0,0,319279,1,1233,0,0,0,1,0,290,0,0
1790907069,38475856,82963402752,0,0,0,0,0,0,0,332042,1,1233,0,0,0,1,0,290,0,0
1790907070,38573336,83730358272,0,0,0,0,0,0,0,332042,1,1233,0,0,0,1,0,290,0,0
1790907071,38658132,84477513728,0,0,0,0,0,0,0,345135,1,1233,0,0,0,1,0,290,0,0
1790907072,38727604,85206491136,0,0,0,0,0,0,0,345135,1,1233,0,0,0,1,0,290,0,0
1790907073,38829724,85971415040,0,0,0,0,0,0,0,358025,1,1233,0,0,0,1,0,290,0,0
1790907074,38948264,86747734016,0,0,0,0,0,0,0,358025,1,1233,0,0,0,1,0,290,0,0
1790907075,39049464,87496425472,0,0,0,0,0,0,0,371015,1,1233,0,0,0,1,0,290,0,0
1790907076,39161240,88266489856,0,0,0,0,0,0,0,371015,1,1233,0,0,0,1,0,290,0,0
1790907077,39266920,89022803968,0,0,0,0,0,0,0,384139,1,1233,0,0,0,1,0,290,0,0
1790907078,39358488,89777192960,0,0,0,0,0,0,0,384139,1,1233,0,0,0,1,0,290,0,0
1790907079,39427136,90505682944,0,0,0,0,0,0,0,397105,1,1233,0,0,0,1,0,290,0,0
1790907080,39517828,91263041536,0,0,0,0,0,0,0,397105,1,1233,0,0,0,1,0,290,0,0
1790907082,39619168,92007362560,0,0,0,0,0,0,0,410322,1,1233,0,0,0,1,0,290,0,0
1790907083,39723840,92752257024,0,0,0,0,0,0,0,410322,1,1233,0,0,0,1,0,290,0,0
1790907084,39819668,93493350400,0,0,0,0,0,0,0,423437,1,1233,0,0,0,1,0,290,0,0
1790907085,39919832,94245535744,0,0,0,0,0,0,0,423437,1,1233,0,0,0,1,0,290,0,0
1790907086,40028408,94992244736,0,0,0,0,0,0,0,436836,1,1233,0,0,0,1,0,290,0,0
1790907087,40125012,95714095104,0,0,0,0,0,0,0,436836,1,1233,0,0,0,1,0,290,0,0
1790907088,40220576,96442646528,0,0,0,0,0,0,0,449996,1,1233,0,0,0,1,0,290,0,0
1790907089,40319836,97180131328,0,0,0,0,0,0,0,463426,1,1233,0,0,0,1,0,290,0,0
1790907090,40416268,97917247488,0,0,0,0,0,0,0,463426,1,1233,0,0,0,1,0,290,0,0
1790907091,40519972,98649616384,0,0,0,0,0,0,0,476734,1,1233,0,0,0,1,0,290,0,0
1790907092,40600184,99361787904,0,0,0,0,0,0,0,476734,1,1233,0,0,0,1,0,290,0,0
1790907093,40694132,100085719040,0,0,0,0,0,0,0,490083,1,1233,0,0,0,1,0,290,0,0
1790907094,40782964,100773662720,0,0,0,0,0,0,0,490083,1,1233,0,0,0,1,0,290,0,0
1790907095,40871268,101487259648,0,0,0,0,0,0,0,503222,1,1233,0,0,0,1,0,290,0,0
1790907096,40960716,102208327680,0,0,0,0,0,0,0,503222,1,1233,0,0,0,1,0,290,0,0
1790907097,41049672,102916780032,0,0,0,0,0,0,0,516708,1,1233,0,0,0,1,0,290,0,0
1790907098,41146476,103074942976,0,0,0,0,0,0,0,516708,1,1233,0,0,0,1,0,290,0,0
1790907099,41243592,103070396416,0,0,0,0,0,0,0,530043,1,1233,0,0,0,1,0,290,0,0
1790907100,41331284,103078981632,0,0,0,0,0,0,0,530043,1,1233,0,0,0,1,0,290,0,0
1790907101,41423920,103034331136,0,0,0,0,0,0,0,543458,1,1233,0,0,0,1,0,290,0,0
1790907103,41520276,103070031872,0,0,0,0,0,0,0,543458,1,1233,0,0,0,1,0,290,0,0
1790907104,41599500,103069048832,0,0,0,0,0,0,0,556781,1,1233,0,0,0,1,0,290,0,0
1790907105,41668436,103070359552,0,0,0,0,0,0,0,556781,1,1233,0,0,0,1,0,290,0,0
1790907106,41748928,103059763200,0,0,0,0,0,0,0,570068,1,1233,0,0,0,1,0,290,0,0
1790907107,41825336,103070175232,0,0,0,0,0,0,0,570068,1,1233,0,0,0,1,0,290,0,0
1790907108,41909036,103062220800,0,0,0,0,0,0,0,583368,1,1233,0,0,0,1,0,290,0,0
1790907109,41986784,103078309888,0,0,0,0,0,0,0,583368,1,1233,0,0,0,1,0,290,0,0
1790907110,42071580,103066554368,0,0,0,0,0,0,0,596699,1,1233,0,0,0,1,0,290,0,0
1790907111,42147220,103071354880,0,0,0,0,0,0,0,609859,1,1233,0,0,0,1,0,290,0,0
1790907112,42228580,103061987328,0,0,0,0,0,0,0,609859,1,1233,0,0,0,1,0,290,0,0
1790907113,42309696,103062761472,0,0,0,0,0,0,0,623135,1,1233,0,0,0,1,0,290,0,0
1790907114,42377716,103047897088,0,0,0,0,0,0,0,623135,1,1233,0,0,0,1,0,290,0,0
1790907115,42442356,103075332096,0,0,0,0,0,0,0,636259,1,1233,0,0,0,1,0,290,0,0
1790907116,42500396,103011401728,0,0,0,0,0,0,0,636259,1,1233,0,0,0,1,0,290,0,0
1790907117,42569980,103071944704,0,0,0,0,0,0,0,649402,1,1233,0,0,0,1,0,290,0,0
1790907118,42639804,103054860288,0,0,0,0,0,0,0,649402,1,1233,0,0,0,1,0,290,0,0
1790907119,42711956,103058722816,0,0,0,0,0,0,0,662530,1,1233,0,0,0,1,0,290,0,0
1790907120,42781464,103072776192,0,0,0,0,0,0,0,662530,1,1233,0,0,0,1,0,290,0,0
1790907121,42848520,103060602880,0,0,0,0,0,0,0,675732,1,1233,0,0,0,1,0,290,0,0
1790907122,42921708,103079059456,0,0,0,0,0,0,0,675732,1,1233,0,0,0,1,0,290,0,0
1790907123,42986672,103076401152,0,0,0,0,0,0,0,688912,1,1233,0,0,0,1,0,290,0,0
1790907125,43052288,103073234944,0,0,0,0,0,0,0,688912,1,1233,0,0,0,1,0,290,0,0
1790907126,43110424,103041019904,0,0,0,0,0,0,0,701855,1,1233,0,0,0,1,0,290,0,0
1790907127,43166088,103074398208,0,0,0,0,0,0,0,701855,1,1233,0,0,0,1,0,290,0,0
1790907128,43220016,103033999360,0,0,0,0,0,0,0,714923,1,1233,0,0,0,1,0,290,0,0
1790907129,43268792,103056134144,0,0,0,0,0,0,0,714923,1,1233,0,0,0,1,0,290,0,0
1790907130,43315832,103066087424,0,0,0,0,0,0,0,727984,1,1233,0,0,0,1,0,290,0,0
1790907131,43371128,103050752000,0,0,0,0,0,0,0,727984,1,1233,0,0,0,1,0,290,0,0
1790907132,43431940,103073300480,0,0,0,0,0,0,0,741042,1,1233,0,0,0,1,0,290,0,0
1790907133,43492660,103067656192,0,0,0,0,0,0,0,741042,1,1233,0,0,0,1,0,290,0,0
1790907134,43554400,103063359488,0,0,0,0,0,0,0,754183,1,1233,0,0,0,1,0,290,0,0
1790907135,43623952,103069503488,0,0,0,0,0,0,0,767307,1,1233,0,0,0,1,0,290,0,0
1790907136,43698432,103045656576,0,0,0,0,0,0,0,767307,1,1233,0,0,0,1,0,290,0,0
1790907137,43754516,103058907136,0,0,0,0,0,0,0,780327,1,1233,0,0,0,1,0,290,0,0
1790907138,43824248,103057166336,0,0,0,0,0,0,0,780327,1,1233,0,0,0,1,0,290,0,0
1790907139,43897092,103059705856,0,0,0,0,0,0,0,793356,1,1233,0,0,0,1,0,290,0,0
1790907140,43963548,103059095552,0,0,0,0,0,0,0,793356,1,1233,0,0,0,1,0,290,0,0
1790907141,44029644,103039512576,0,0,0,0,0,0,0,806427,1,1233,0,0,0,1,0,290,0,0
1790907142,44096676,103067533312,0,0,0,0,0,0,0,806427,1,1233,0,0,0,1,0,290,0,0
1790907143,44159512,103075205120,0,0,0,0,0,0,0,819523,1,1233,0,0,0,1,0,290,0,0
1790907144,44229948,103050838016,0,0,0,0,0,0,0,819523,1,1233,0,0,0,1,0,290,0,0
1790907146,44301032,103067684864,0,0,0,0,0,0,0,832607,1,1233,0,0,0,1,0,290,0,0
1790907147,44369752,103067955200,0,0,0,0,0,0,0,832607,1,1233,0,0,0,1,0,290,0,0
1790907148,44436208,103070953472,0,0,0,0,0,0,0,845608,1,1233,0,0,0,1,0,290,0,0
1790907149,44502892,103076589568,0,0,0,0,0,0,0,845608,1,1233,0,0,0,1,0,290,0,0
1790907150,44557536,103034023936,0,0,0,0,0,0,0,858658,1,1233,0,0,0,1,0,290,0,0
1790907151,44619424,103074230272,0,0,0,0,0,0,0,858658,1,1233,0,0,0,1,0,290,0,0
1790907152,44681048,103060140032,0,0,0,0,0,0,0,871857,1,1233,0,0,0,1,0,290,0,0
1790907153,44743696,103038771200,0,0,0,0,0,0,0,871857,1,1233,0,0,0,1,0,290,0,0
1790907154,44793332,103067770880,0,0,0,0,0,0,0,884904,1,1233,0,0,0,1,0,290,0,0
1790907155,44849804,103076503552,0,0,0,0,0,0,0,884904,1,1233,0,0,0,1,0,290,0,0
1790907156,44896468,103078846464,0,0,0,0,0,0,0,897884,1,1233,0,0,0,1,0,290,0,0
1790907157,44949056,103078973440,0,0,0,0,0,0,0,910793,1,1233,0,0,0,1,0,290,0,0
1790907158,44995380,103060381696,0,0,0,0,0,0,0,910793,1,1233,0,0,0,1,0,290,0,0
1790907159,45050504,103031496704,0,0,0,0,0,0,0,923876,1,1233,0,0,0,1,0,290,0,0
1790907160,45101292,103053611008,0,0,0,0,0,0,0,923876,1,1233,0,0,0,1,0,290,0,0
1790907161,45154848,103076225024,0,0,0,0,0,0,0,936878,1,1233,0,0,0,1,0,290,0,0
1790907162,45190200,103077773312,0,0,0,0,0,0,0,936878,1,1233,0,0,0,1,0,290,0,0
1790907163,45250496,103045603328,0,0,0,0,0,0,0,949943,1,1233,0,0,0,1,0,290,0,0
1790907164,45295012,103072837632,0,0,0,0,0,0,0,949943,1,1233,0,0,0,1,0,290,0,0
1790907165,45344136,103069650944,0,0,0,0,0,0,0,962968,1,1233,0,0,0,1,0,290,0,0
1790907167,45396828,103023206400,0,0,0,0,0,0,0,962968,1,1233,0,0,0,1,0,290,0,0
1790907168,45446940,103065116672,0,0,0,0,0,0,0,976115,1,1233,0,0,0,1,0,290,0,0
1790907169,45504420,103058354176,0,0,0,0,0,0,0,976115,1,1233,0,0,0,1,0,290,0,0
1790907170,45557000,103062335488,0,0,0,0,0,0,0,989138,1,1233,0,0,0,1,0,290,0,0
1790907171,45596972,103059640320,0,0,0,0,0,0,0,989138,1,1233,0,0,0,1,0,290,0,0
1790907172,45625112,103071141888,0,0,0,0,0,0,0,1002125,1,1233,0,0,0,1,0,290,0,0
1790907173,45659344,103057735680,0,0,0,0,0,0,0,1002125,1,1233,0,0,0,1,0,290,0,0
1790907174,45677204,103078768640,0,0,0,0,0,0,0,1015200,1,1233,0,0,0,1,0,290,0,0
1790907175,45730188,103031771136,0,0,0,0,0,0,0,1015200,1,1233,0,0,0,1,0,290,0,0
1790907176,45771796,103070703616,0,0,0,0,0,0,0,1028058,1,1233,0,0,0,1,0,290,0,0
1790907177,45805500,103075983360,0,0,0,0,0,0,0,1028058,1,1233,0,0,0,1,0,290,0,0
1790907178,45849728,103077253120,0,0,0,0,0,0,0,1041136,1,1233,0,0,0,1,0,290,0,0
1790907179,45887396,103053553664,0,0,0,0,0,0,0,1054118,1,1233,0,0,0,1,0,290,0,0
1790907180,45926776,103072235520,0,0,0,0,0,0,0,1054118,1,1233,0,0,0,1,0,290,0,0
1790907181,45952328,103072047104,0,0,0,0,0,0,0,1067278,1,1233,0,0,0,1,0,290,0,0
1790907182,45991756,103072661504,0,0,0,0,0,0,0,1067278,1,1233,0,0,0,1,0,290,0,0
1790907183,46022552,103071211520,0,0,0,0,0,0,0,1080310,1,1233,0,0,0,1,0,290,0,0
1790907184,46054464,103041490944,0,0,0,0,0,0,0,1080310,1,1233,0,0,0,1,0,290,0,0
1790907185,46079508,103077179392,0,0,0,0,0,0,0,1093323,1,1233,0,0,0,1,0,290,0,0
1790907186,46115180,103078416384,0,0,0,0,0,0,0,1093323,1,1233,0,0,0,1,0,290,0,0
1790907188,46140152,103074869248,0,0,0,0,0,0,0,1106297,1,1233,0,0,0,1,0,290,0,0
1790907189,46170736,103053475840,0,0,0,0,0,0,0,1106297,1,1233,0,0,0,1,0,290,0,0
1790907190,46202604,103064903680,0,0,0,0,0,0,0,1119143,1,1233,0,0,0,1,0,290,0,0
1790907191,46247804,103059206144,0,0,0,0,0,0,0,1119143,1,1233,0,0,0,1,0,290,0,0
1790907192,46281504,103033880576,0,0,0,0,0,0,0,1132161,1,1233,0,0,0,1,0,290,0,0
1790907193,46327668,103057559552,0,0,0,0,0,0,0,1132161,1,1233,0,0,0,1,0,290,0,0
1790907194,46372736,103079010304,0,0,0,0,0,0,0,1145245,1,1233,0,0,0,1,0,290,0,0
1790907195,46403856,103061024768,0,0,0,0,0,0,0,1145245,1,1233,0,0,0,1,0,290,0,0
1790907196,46440596,103075049472,0,0,0,0,0,0,0,1158340,1,1233,0,0,0,1,0,290,0,0
1790907197,46480008,103064571904,0,0,0,0,0,0,0,1158340,1,1233,0,0,0,1,0,290,0,0
1790907198,46541728,103055806464,0,0,0,0,0,0,0,1171439,1,1233,0,0,0,1,0,290,0,0
1790907199,46591776,103069855744,0,0,0,0,0,0,0,1171439,1,1233,0,0,0,1,0,290,0,0
1790907200,46625212,103047053312,0,0,0,0,0,0,0,1184489,1,1233,0,0,0,1,0,290,0,0
1790907201,46664332,103062372352,0,0,0,0,0,0,0,1184489,1,1233,0,0,0,1,0,290,0,0
1790907202,46704688,103068565504,0,0,0,0,0,0,0,1197543,1,1233,0,0,0,1,0,290,0,0
1790907203,46750420,103075913728,0,0,0,0,0,0,0,1210585,1,1233,0,0,0,1,0,290,0,0
1790907204,46815140,103059714048,0,0,0,0,0,0,0,1210585,1,1233,0,0,0,1,0,290,0,0
1790907205,46872704,103068999680,0,0,0,0,0,0,0,1223420,1,1233,0,0,0,1,0,290,0,0
1790907206,46899020,103073325056,0,0,0,0,0,0,0,1223420,1,1233,0,0,0,1,0,290,0,0
1790907207,46941996,103076495360,0,0,0,0,0,0,0,1236414,1,1233,0,0,0,1,0,290,0,0
1790907209,46965024,103074111488,0,0,0,0,0,0,0,1236414,1,1233,0,0,0,1,0,290,0,0
1790907210,47021228,103068643328,0,0,0,0,0,0,0,1249400,1,1233,0,0,0,1,0,290,0,0
1790907211,47055092,103078383616,0,0,0,0,0,0,0,1249400,1,1233,0,0,0,1,0,290,0,0
1790907212,47080952,103078707200,0,0,0,0,0,0,0,1262378,1,1233,0,0,0,1,0,290,0,0
1790907213,47124472,103053942784,0,0,0,0,0,0,0,1262378,1,1233,0,0,0,1,0,290,0,0
1790907214,47173912,103078957056,0,0,0,0,0,0,0,1275449,1,1233,0,0,0,1,0,290,0,0
1790907215,47227424,103051382784,0,0,0,0,0,0,0,1275449,1,1233,0,0,0,1,0,290,0,0
1790907216,47270052,103066365952,0,0,0,0,0,0,0,1288270,1,1233,0,0,0,1,0,290,0,0
1790907217,47315492,103015813120,0,0,0,0,0,0,0,1288270,1,1233,0,0,0,1,0,290,0,0
1790907218,47363944,103051919360,0,0,0,0,0,0,0,1301174,1,1233,0,0,0,1,0,290,0,0
1790907219,47408964,103079055360,0,0,0,0,0,0,0,1301174,1,1233,0,0,0,1,0,290,0,0
1790907220,47459020,103061434368,0,0,0,0,0,0,0,1313807,1,1233,0,0,0,1,0,290,0,0
1790907221,47514648,103077859328,0,0,0,0,0,0,0,1313807,1,1233,0,0,0,1,0,290,0,0
1790907222,47581276,103058685952,0,0,0,0,0,0,0,1326750,1,1233,0,0,0,1,0,290,0,0
1790907223,47643332,103048589312,0,0,0,0,0,0,0,1326750,1,1233,0,0,0,1,0,290,0,0
1790907224,47695656,103063326720,0,0,0,0,0,0,0,1339716,1,1233,0,0,0,1,0,290,0,0
1790907225,47742620,103072632832,0,0,0,0,0,0,0,1352712,1,1233,0,0,0,1,0,290,0,0
1790907226,47786472,103074115584,0,0,0,0,0,0,0,1352712,1,1233,0,0,0,1,0,290,0,0
1790907227,47835164,103060590592,0,0,0,0,0,0,0,1365720,1,1233,0,0,0,1,0,290,0,0
1790907228,47863788,103066132480,0,0,0,0,0,0,0,1365720,1,1233,0,0,0,1,0,290,0,0
1790907230,47895752,103058866176,0,0,0,0,0,0,0,1378866,1,1233,0,0,0,1,0,290,0,0
1790907231,47925696,103069806592,0,0,0,0,0,0,0,1378866,1,1233,0,0,0,1,0,290,0,0
1790907232,47967312,103075282944,0,0,0,0,0,0,0,1391986,1,1233,0,0,0,1,0,290,0,0
1790907233,48008768,103047102464,0,0,0,0,0,0,0,1391986,1,1233,0,0,0,1,0,290,0,0
1790907234,48059852,103079018496,0,0,0,0,0,0,0,1405045,1,1233,0,0,0,1,0,290,0,0
1790907235,48113860,103077289984,0,0,0,0,0,0,0,1405045,1,1233,0,0,0,1,0,290,0,0
1790907236,48155124,103078105088,0,0,0,0,0,0,0,1418011,1,1233,0,0,0,1,0,290,0,0
1790907237,48220888,103069569024,0,0,0,0,0,0,0,1418011,1,1233,0,0,0,1,0,290,0,0
1790907238,48274612,103058612224,0,0,0,0,0,0,0,1431006,1,1233,0,0,0,1,0,290,0,0
1790907239,48329396,103075631104,0,0,0,0,0,0,0,1431006,1,1233,0,0,0,1,0,290,0,0
1790907240,48383052,103078707200,0,0,0,0,0,0,0,1443935,1,1233,0,0,0,1,0,290,0,0
1790907241,48434188,103079202816,0,0,0,0,0,0,0,1443935,1,1233,0,0,0,1,0,290,0,0
1790907242,48491104,103078019072,0,0,0,0,0,0,0,1456820,1,1233,0,0,0,1,0,290,0,0
1790907243,48513908,103065759744,0,0,0,0,0,0,0,1456820,1,1233,0,0,0,1,0,290,0,0
1790907244,48564756,103078580224,0,0,0,0,0,0,0,1469863,1,1233,0,0,0,1,0,290,0,0
1790907245,48596104,103026634752,0,0,0,0,0,0,0,1469863,1,1233,0,0,0,1,0,290,0,0
1790907246,48647864,103072247808,0,0,0,0,0,0,0,1482949,1,1233,0,0,0,1,0,290,0,0
1790907247,48694984,103051595776,0,0,0,0,0,0,0,1496088,1,1233,0,0,0,1,0,290,0,0
1790907248,48736100,103042187264,0,0,0,0,0,0,0,1496088,1,1233,0,0,0,1,0,290,0,0
1790907249,48794636,103072780288,0,0,0,0,0,0,0,1509046,1,1233,0,0,0,1,0,290,0,0
1790907250,48830104,103040094208,0,0,0,0,0,0,0,1509046,1,1233,0,0,0,1,0,290,0,0
1790907252,48899300,103072804864,0,0,0,0,0,0,0,1521922,1,1233,0,0,0,1,0,290,0,0
1790907253,48961588,103071719424,0,0,0,0,0,0,0,1521922,1,1233,0,0,0,1,0,290,0,0
1790907254,49030684,103060135936,0,0,0,0,0,0,0,1534917,1,1233,0,0,0,1,0,290,0,0
1790907255,49109068,103040376832,0,0,0,0,0,0,0,1534917,1,1233,0,0,0,1,0,290,0,0
1790907256,49167460,103060865024,0,0,0,0,0,0,0,1547690,1,1233,0,0,0,1,0,290,0,0
1790907257,49240288,103075737600,0,0,0,0,0,0,0,1547690,1,1233,0,0,0,1,0,290,0,0
1790907258,49312552,103074557952,0,0,0,0,0,0,0,1560648,1,1233,0,0,0,1,0,290,0,0
1790907259,49393728,103064330240,0,0,0,0,0,0,0,1560648,1,1233,0,0,0,1,0,290,0,0
1790907260,49464552,103044022272,0,0,0,0,0,0,0,1573636,1,1233,0,0,0,1,0,290,0,0
1790907261,49525812,103060914176,0,0,0,0,0,0,0,1573636,1,1233,0,0,0,1,0,290,0,0
1790907262,49593356,103073808384,0,0,0,0,0,0,0,1586585,1,1233,0,0,0,1,0,290,0,0
1790907263,49656132,103064276992,0,0,0,0,0,0,0,1586585,1,1233,0,0,0,1,0,290,0,0
1790907264,49717592,103070842880,0,0,0,0,0,0,0,1599448,1,1233,0,0,0,1,0,290,0,0
1790907265,49769752,103042035712,0,0,0,0,0,0,0,1599448,1,1233,0,0,0,1,0,290,0,0
1790907266,49830336,103079063552,0,0,0,0,0,0,0,1612273,1,1233,0,0,0,1,0,290,0,0
1790907267,49889960,103051956224,0,0,0,0,0,0,0,1612273,1,1233,0,0,0,1,0,290,0,0
1790907268,49947664,103064567808,0,0,0,0,0,0,0,1625231,1,1233,0,0,0,1,0,290,0,0
1790907269,50002056,103078871040,0,0,0,0,0,0,0,1625231,1,1233,0,0,0,1,0,290,0,0
1790907270,50054900,103070707712,0,0,0,0,0,0,0,1638230,1,1233,0,0,0,1,0,290,0,0
1790907271,50114060,103059943424,0,0,0,0,0,0,0,1651143,1,1233,0,0,0,1,0,290,0,0
1790907273,50180128,103050260480,0,0,0,0,0,0,0,1651143,1,1233,0,0,0,1,0,290,0,0
1790907274,50243800,103064948736,0,0,0,0,0,0,0,1664127,1,1233,0,0,0,1,0,290,0,0
1790907275,50314404,103061721088,0,0,0,0,0,0,0,1664127,1,1233,0,0,0,1,0,290,0,0
1790907276,50382980,103072215040,0,0,0,0,0,0,0,1677036,1,1233,0,0,0,1,0,290,0,0
1790907277,50432664,103065247744,0,0,0,0,0,0,0,1677036,1,1233,0,0,0,1,0,290,0,0
1790907278,50505784,103054950400,0,0,0,0,0,0,0,1690030,1,1233,0,0,0,1,0,290,0,0
1790907279,50611332,103045947392,0,0,0,0,0,0,0,1690030,1,1233,0,0,0,1,0,290,0,0
1790907280,50682804,103079145472,0,0,0,0,0,1,1,1702190,1,1233,1,0,1,1,0,290,0,0
1790907281,50774648,103076782080,0,0,0,0,0,1,1,1702190,1,1233,1,0,1,1,0,290,0,0
1790907282,50847004,103069618176,0,0,0,0,0,1,1,1713995,1,1237,1,0,1,1,0,290,0,0
1790907283,50943760,103059148800,0,0,0,0,0,1,1,1713995,1,1237,1,0,1,1,0,290,0,0
1790907284,51022284,103039787008,0,0,0,0,0,1,1,1725659,1,1245,1,0,1,1,0,290,0,0
1790907285,51087860,103072849920,0,0,0,0,0,1,1,1725659,1,1245,1,0,1,1,0,290,0,0
1790907286,51165144,103075921920,0,0,0,0,0,1,1,1737350,1,1253,1,0,1,1,0,290,0,0
1790907287,51231968,103073218560,0,0,0,0,0,1,1,1737350,1,1253,1,0,1,1,0,290,0,0
1790907288,51296856,103078752256,0,0,0,0,0,1,1,1748824,1,1261,1,0,1,1,0,290,0,0
1790907289,51364100,103052275712,0,0,0,0,0,1,1,1748824,1,1261,1,0,1,1,0,290,0,0
1790907290,51419108,103044595712,0,0,0,0,0,1,1,1760544,1,1269,1,0,1,1,0,290,0,0
1790907291,51469992,103053758464,0,0,0,0,0,1,1,1760544,1,1269,1,0,1,1,0,290,0,0
1790907292,51532156,103078957056,0,0,0,0,0,1,1,1772181,1,1269,1,0,1,1,0,290,0,0
1790907294,51586956,103065952256,0,0,0,0,0,1,1,1783856,1,1269,1,0,1,1,0,290,0,0
1790907295,51638408,103079100416,0,0,0,0,0,1,1,1783856,1,1269,1,0,1,1,0,290,0,0
1790907296,51686496,103066906624,0,0,0,0,0,1,1,1795376,1,1269,1,0,1,1,0,290,0,0
1790907297,51726824,103052697600,0,0,0,0,0,1,1,1795376,1,1269,1,0,1,1,0,290,0,0
1790907298,51769032,103062585344,0,0,0,0,0,1,1,1806985,1,1269,1,0,1,1,0,290,0,0
1790907299,49099732,100100468736,0,0,0,0,0,1,1,1806985,1,1269,1,0,1,1,0,290,0,0
1790907300,49085748,101425557504,0,0,0,0,0,1,1,1815897,3,1278,0,2,0,39,1,4826325147,3376889,6736250
1790907301,48818796,102478368768,0,0,0,0,0,1,1,1815897,3,1278,0,2,0,39,1,4826325147,3376889,6736250
1790907302,48385272,103023181824,0,0,0,0,0,1,1,1821688,3,1286,0,2,0,39,1,4826325147,3376889,6736250
1790907303,47756592,103061413888,0,0,0,0,0,1,1,1821688,3,1286,0,2,0,39,1,4826325147,3376889,6736250
1790907304,46834184,103026180096,0,0,0,0,0,1,1,1826417,3,1299,0,2,0,39,1,4826325147,3376889,6736250
1790907305,45901040,103041327104,0,0,0,0,0,1,1,1826417,3,1299,0,2,0,39,1,4826325147,3376889,6736250
1790907306,44768388,103060099072,0,0,0,0,0,1,1,1830855,3,1315,0,2,0,39,1,4826325147,3376889,6736250
1790907307,44299320,103069478912,0,0,0,0,0,1,1,1830855,3,1315,0,2,0,39,1,4826325147,3376889,6736250
1790907308,43924420,103070941184,0,0,0,0,0,1,1,1836588,3,1328,0,2,0,39,1,4826325147,3376889,6736250
1790907309,43792008,103065866240,0,0,0,0,0,1,1,1836588,3,1328,0,2,0,39,1,4826325147,3376889,6736250
1790907310,43822468,103075270656,0,0,0,0,0,1,1,1842334,3,1344,0,2,0,39,1,4826325147,3376889,6736250
1790907312,43875308,103062372352,0,0,0,0,0,1,1,1842334,3,1344,0,2,0,39,1,4826325147,3376889,6736250
1790907313,43836260,103065808896,0,0,0,0,0,1,1,1847775,3,1360,0,2,0,39,1,4826325147,3376889,6736250
1790907314,43883416,103072325632,0,0,0,0,0,1,1,1853867,3,1375,0,2,0,39,1,4826325147,3376889,6736250
1790907315,43923660,103074934784,0,0,0,0,0,1,1,1853867,3,1375,0,2,0,39,1,4826325147,3376889,6736250
1790907316,43969280,103078653952,0,0,0,0,0,1,1,1860722,3,1388,0,2,0,39,1,4826325147,3376889,6736250
1790907317,43986276,103053488128,0,0,0,0,0,1,1,1860722,3,1388,0,2,0,39,1,4826325147,3376889,6736250
1790907318,44025788,103022551040,0,0,0,0,0,1,1,1868713,3,1399,0,2,0,39,1,4826325147,3376889,6736250
1790907319,44089664,102347780096,0,0,0,0,0,1,1,1868713,3,1399,0,2,0,39,1,4826325147,3376889,6736250
1790907320,44145404,103061426176,0,0,0,0,0,1,1,1875900,4,1371,0,1,0,39,2,4826325147,2443329680,2475643236
1790907321,44213744,99185487872,0,0,0,0,0,1,1,1875900,4,1371,0,1,0,39,2,4826325147,2443329680,2475643236
1790907322,44288744,94632837120,0,0,0,0,0,1,1,1885456,8,1313,0,0,0,39,6,4826325147,10111392563,10201200097
1790907323,44398340,95338672128,0,0,0,0,0,1,1,1885456,8,1313,0,0,0,39,6,4826325147,10111392563,10201200097
1790907324,44489840,96033685504,0,0,0,0,0,1,1,1898121,9,1271,0,0,0,39,7,4826325147,12552266848,12670993356
1790907325,44565352,96696176640,0,0,0,0,0,1,1,1898121,9,1271,0,0,0,39,7,4826325147,12552266848,12670993356
1790907326,44633696,97379241984,0,0,0,0,0,1,1,1910684,9,1271,0,0,0,39,7,4826325147,12552266848,12670993356
1790907327,44687652,98039779328,0,0,0,0,0,1,1,1910684,9,1271,0,0,0,39,7,4826325147,12552266848,12670993356
1790907328,44722112,98679681024,0,0,0,0,0,1,1,1923411,9,1271,0,0,0,39,7,4826325147,12552266848,12670993356
1790907329,44771248,99343581184,0,0,0,0,0,1,1,1923411,9,1271,0,0,0,39,7,4826325147,12552266848,12670993356
1790907330,44820760,100006039552,0,0,0,0,0,1,1,1936254,9,1271,0,0,0,39,7,4826325147,12552266848,12670993356
1790907332,44836760,100558020608,0,0,0,0,0,1,1,1936254,9,1271,0,0,0,39,7,4826325147,12552266848,12670993356
1790907333,44862616,101115400192,0,0,0,0,0,1,1,1948188,9,1271,0,0,0,39,7,4826325147,12552266848,12670993356
1790907334,44877640,101668184064,0,0,0,0,0,1,1,1948188,9,1271,0,0,0,39,7,4826325147,12552266848,12670993356
1790907335,44923248,102310375424,0,0,0,0,0,1,1,1959422,9,1271,0,0,0,39,7,4826325147,12552266848,12670993356
1790907336,44957808,102959894528,0,0,0,0,0,1,1,1972244,9,1271,0,0,0,39,7,4826325147,12552266848,12670993356
1790907337,45001272,103034781696,0,0,0,0,0,1,1,1972244,9,1271,0,0,0,39,7,4826325147,12552266848,12670993356
1790907338,45031332,103040573440,0,0,0,0,0,1,1,1985000,9,1271,0,0,0,39,7,4826325147,12552266848,12670993356
1790907339,45055036,103072768000,0,0,0,0,0,1,1,1985000,9,1271,0,0,0,39,7,4826325147,12552266848,12670993356
1790907340,45094456,103062921216,0,0,0,0,0,1,1,1997824,9,1271,0,0,0,39,7,4826325147,12552266848,12670993356
1790907341,45118744,103063474176,0,0,0,0,0,1,1,1997824,9,1271,0,0,0,39,7,4826325147,12552266848,12670993356
1790907342,45153932,103073112064,0,0,0,0,0,1,1,2010602,9,1271,0,0,0,39,7,4826325147,12552266848,12670993356
1790907343,45200180,103053447168,0,0,0,0,0,1,1,2010602,9,1271,0,0,0,39,7,4826325147,12552266848,12670993356
1790907344,45259476,103064268800,0,0,0,0,0,1,1,2023240,9,1271,0,0,0,39,7,4826325147,12552266848,12670993356
1790907345,45308848,103058313216,0,0,0,0,0,1,1,2023240,9,1271,0,0,0,39,7,4826325147,12552266848,12670993356
1790907346,45362948,103068606464,0,0,0,0,0,1,1,2035967,9,1271,0,0,0,39,7,4826325147,12552266848,12670993356
1790907347,45413300,103066505216,0,0,0,0,0,1,1,2035967,9,1271,0,0,0,39,7,4826325147,12552266848,12670993356
1790907348,45461444,103040454656,0,0,0,0,0,1,1,2048733,9,1271,0,0,0,39,7,4826325147,12552266848,12670993356
1790907349,45514648,103056543744,0,0,0,0,0,1,1,2048733,9,1271,0,0,0,39,7,4826325147,12552266848,12670993356
1790907350,45565300,103051599872,0,0,0,0,0,1,1,2061279,9,1271,0,0,0,39,7,4826325147,12552266848,12670993356
1790907351,45630852,103077588992,0,0,0,0,0,1,1,2061279,9,1271,0,0,0,39,7,4826325147,12552266848,12670993356
1790907353,45687628,103058755584,0,0,0,0,0,1,1,2074075,9,1271,0,0,0,39,7,4826325147,12552266848,12670993356
1790907354,45733956,103046275072,0,0,0,0,0,1,1,2074075,9,1271,0,0,0,39,7,4826325147,12552266848,12670993356
1790907355,45790528,103071682560,0,0,0,0,0,1,1,2086737,9,1271,0,0,0,39,7,4826325147,12552266848,12670993356
1790907356,45825652,103077515264,0,0,0,0,0,1,1,2086737,9,1271,0,0,0,39,7,4826325147,12552266848,12670993356
1790907357,45858540,103068581888,0,0,0,0,0,1,1,2099491,9,1271,0,0,0,39,7,4826325147,12552266848,12670993356
1790907358,45901968,103064440832,0,0,0,0,0,1,1,2112313,9,1271,0,0,0,39,7,4826325147,12552266848,12670993356
1790907359,45936536,103069974528,0,0,0,0,0,1,1,2112313,9,1271,0,0,0,39,7,4826325147,12552266848,12670993356
1790907360,45974272,103061934080,0,0,0,0,0,1,1,2125233,9,1271,0,0,0,39,7,4826325147,12552266848,12670993356
1790907361,46028872,103076855808,0,0,0,0,0,1,1,2125233,9,1271,0,0,0,39,7,4826325147,12552266848,12670993356
1790907362,46077904,103064870912,0,0,0,0,0,1,1,2138038,9,1271,0,0,0,39,7,4826325147,12552266848,12670993356
1790907363,46137832,103073882112,0,0,0,0,0,1,1,2138038,9,1271,0,0,0,39,7,4826325147,12552266848,12670993356
1790907364,46190320,103023869952,0,0,0,0,0,1,1,2150822,9,1271,0,0,0,39,7,4826325147,12552266848,12670993356
1790907365,46222192,103070552064,0,0,0,0,0,1,1,2150822,9,1271,0,0,0,39,7,4826325147,12552266848,12670993356
1790907366,46269072,103074697216,0,0,0,0,0,1,1,2163657,9,1271,0,0,0,39,7,4826325147,12552266848,12670993356
1790907367,46316088,103072825344,0,0,0,0,0,1,1,2163657,9,1271,0,0,0,39,7,4826325147,12552266848,12670993356
1790907368,46352016,103077519360,0,0,0,0,0,1,1,2176506,9,1271,0,0,0,39,7,4826325147,12552266848,12670993356
1790907369,46381572,103040167936,0,0,0,0,0,1,1,2176506,9,1271,0,0,0,39,7,4826325147,12552266848,12670993356
1790907370,46415752,103072870400,0,0,0,0,0,1,1,2189400,9,1271,0,0,0,39,7,4826325147,12552266848,12670993356
1790907371,46442544,103076425728,0,0,0,0,0,1,1,2189400,9,1271,0,0,0,39,7,4826325147,12552266848,12670993356
1790907372,46472784,103074607104,0,0,0,0,0,1,1,2202308,9,1271,0,0,0,39,7,4826325147,12552266848,12670993356
1790907374,46515704,103073095680,0,0,0,0,0,1,1,2202308,9,1271,0,0,0,39,7,4826325147,12552266848,12670993356
1790907375,46557956,103059382272,0,0,0,0,0,1,1,2215285,9,1271,0,0,0,39,7,4826325147,12552266848,12670993356
1790907376,46615708,103053328384,0,0,0,0,0,1,1,2215285,9,1271,0,0,0,39,7,4826325147,12552266848,12670993356
1790907377,46672520,103070810112,0,0,0,0,0,1,1,2228187,9,1271,0,0,0,39,7,4826325147,12552266848,12670993356
1790907378,46725700,103068172288,0,0,0,0,0,1,1,2228187,9,1271,0,0,0,39,7,4826325147,12552266848,12670993356
1790907379,46773508,103076122624,0,0,0,0,0,1,1,2241111,9,1271,0,0,0,39,7,4826325147,12552266848,12670993356
1790907380,46819740,103069323264,0,0,0,0,0,1,1,2241111,9,1271,0,0,0,39,7,4826325147,12552266848,12670993356
1790907381,46856200,103076225024,0,0,0,0,0,1,1,2253902,9,1271,0,0,0,39,7,4826325147,12552266848,12670993356
1790907382,46897768,103061594112,0,0,0,0,0,1,1,2266532,9,1271,0,0,0,39,7,4826325147,12552266848,12670993356
1790907383,46939356,103052099584,0,0,0,0,0,1,1,2266532,9,1271,0,0,0,39,7,4826325147,12552266848,12670993356
1790907384,46993504,103073652736,0,0,0,0,0,1,1,2279371,9,1271,0,0,0,39,7,4826325147,12552266848,12670993356
1790907385,47048756,103067942912,0,0,0,0,0,1,1,2279371,9,1271,0,0,0,39,7,4826325147,12552266848,12670993356
1790907386,47099840,103064616960,0,0,0,0,0,1,1,2292243,9,1271,0,0,0,39,7,4826325147,12552266848,12670993356
1790907387,47154848,103070269440,0,0,0,0,0,1,1,2292243,9,1271,0,0,0,39,7,4826325147,12552266848,12670993356
1790907388,47212780,103071203328,0,0,0,0,0,1,1,2305164,9,1271,0,0,0,39,7,4826325147,12552266848,12670993356
1790907389,47258788,103075794944,0,0,0,0,0,1,1,2305164,9,1271,0,0,0,39,7,4826325147,12552266848,12670993356
1790907390,47307800,103071645696,0,0,0,0,0,1,1,2318066,9,1271,0,0,0,39,7,4826325147,12552266848,12670993356
1790907391,47348140,103050268672,0,0,0,0,0,1,1,2318066,9,1271,0,0,0,39,7,4826325147,12552266848,12670993356
1790907392,47379652,103034400768,0,0,0,0,0,1,1,2330811,9,1271,0,0,0,39,7,4826325147,12552266848,12670993356
1790907393,47419192,103059169280,0,0,0,0,0,1,1,2330811,9,1271,0,0,0,39,7,4826325147,12552266848,12670993356
1790907395,47463300,103071571968,0,0,0,0,0,1,1,2343658,9,1271,0,0,0,39,7,4826325147,12552266848,12670993356
1790907396,47502160,103070588928,0,0,0,0,0,1,1,2343658,9,1271,0,0,0,39,7,4826325147,12552266848,12670993356
1790907397,47547712,103070912512,0,0,0,0,0,1,1,2356566,9,1271,0,0,0,39,7,4826325147,12552266848,12670993356
1790907398,47600872,103020908544,0,0,0,0,0,1,1,2356566,9,1271,0,0,0,39,7,4826325147,12552266848,12670993356
1790907399,47656412,103059775488,0,0,0,0,0,1,1,2369442,9,1271,0,0,0,39,7,4826325147,12552266848,12670993356
1790907400,47702828,103049932800,0,0,0,0,0,1,1,2369442,9,1271,0,0,0,39,7,4826325147,12552266848,12670993356
1790907401,47763164,103068217344,0,0,0,0,0,1,1,2382262,9,1271,0,0,0,39,7,4826325147,12552266848,12670993356
1790907402,47824708,103068106752,0,0,0,0,0,1,1,2382262,9,1271,0,0,0,39,7,4826325147,12552266848,12670993356
1790907403,47890880,103059685376,0,0,0,0,0,1,1,2395135,9,1271,0,0,0,39,7,4826325147,12552266848,12670993356
1790907404,47954968,103072821248,0,0,0,0,0,1,1,2408048,9,1271,0,0,0,39,7,4826325147,12552266848,12670993356
1790907405,48014276,103050096640,0,0,0,0,0,1,1,2408048,9,1271,0,0,0,39,7,4826325147,12552266848,12670993356
1790907406,48076032,103060324352,0,0,0,0,0,1,1,2420754,9,1271,0,0,0,39,7,4826325147,12552266848,12670993356
1790907407,48151080,103062245376,0,0,0,0,0,1,1,2420754,9,1271,0,0,0,39,7,4826325147,12552266848,12670993356
1790907408,48190788,103065341952,0,0,0,0,0,1,1,2433695,9,1271,0,0,0,39,7,4826325147,12552266848,12670993356
1790907409,48249468,103057727488,0,0,0,0,0,1,1,2433695,9,1271,0,0,0,39,7,4826325147,12552266848,12670993356
1790907410,48290692,103074775040,0,0,0,0,0,1,1,2446559,9,1271,0,0,0,39,7,4826325147,12552266848,12670993356
1790907411,48361460,103069949952,0,0,0,0,0,1,1,2446559,9,1271,0,0,0,39,7,4826325147,12552266848,12670993356
1790907412,48415732,103063629824,0,0,0,0,0,1,1,2459361,9,1271,0,0,0,39,7,4826325147,12552266848,12670993356
1790907413,48504576,103067312128,0,0,0,0,0,1,1,2459361,9,1271,0,0,0,39,7,4826325147,12552266848,12670993356
1790907414,48590216,103060344832,0,0,0,0,0,1,1,2471868,9,1271,0,0,0,39,7,4826325147,12552266848,12670993356
1790907416,48667064,103067299840,0,0,0,0,0,1,1,2471868,9,1271,0,0,0,39,7,4826325147,12552266848,12670993356
1790907417,48716900,103069921280,0,0,0,0,0,1,1,2484719,9,1271,0,0,0,39,7,4826325147,12552266848,12670993356
1790907418,48779420,103073792000,0,0,0,0,0,1,1,2484719,9,1271,0,0,0,39,7,4826325147,12552266848,12670993356
1790907419,48837652,103075635200,0,0,0,0,0,1,1,2497575,9,1271,0,0,0,39,7,4826325147,12552266848,12670993356
1790907420,48902824,103067893760,0,0,0,0,0,1,1,2497575,9,1271,0,0,0,39,7,4826325147,12552266848,12670993356
1790907421,48965732,103059763200,0,0,0,0,0,1,1,2510436,9,1271,0,0,0,39,7,4826325147,12552266848,12670993356
1790907422,49031000,103077027840,0,0,0,0,0,1,1,2510436,9,1271,0,0,0,39,7,4826325147,12552266848,12670993356
1790907423,49084736,103057129472,0,0,0,0,0,1,1,2523138,9,1271,0,0,0,39,7,4826325147,12552266848,12670993356
1790907424,49147000,103069646848,0,0,0,0,0,1,1,2523138,9,1271,0,0,0,39,7,4826325147,12552266848,12670993356
1790907425,49209964,103051104256,0,0,0,0,0,1,1,2535942,9,1271,0,0,0,39,7,4826325147,12552266848,12670993356
1790907426,49270076,103064891392,0,0,0,0,0,1,1,2548776,9,1271,0,0,0,39,7,4826325147,12552266848,12670993356
1790907427,49337984,103030583296,0,0,0,0,0,1,1,2548776,9,1271,0,0,0,39,7,4826325147,12552266848,12670993356
1790907428,49404912,103071752192,0,0,0,0,0,1,1,2561720,9,1271,0,0,0,39,7,4826325147,12552266848,12670993356
1790907429,49456540,103077871616,0,0,0,0,0,1,1,2561720,9,1271,0,0,0,39,7,4826325147,12552266848,12670993356
1790907430,49523140,103048273920,0,0,0,0,0,1,1,2574624,9,1271,0,0,0,39,7,4826325147,12552266848,12670993356
1790907431,49581548,103072137216,0,0,0,0,0,1,1,2574624,9,1271,0,0,0,39,7,4826325147,12552266848,12670993356
1790907432,49637176,103039500288,0,0,0,0,0,1,1,2587497,9,1271,0,0,0,39,7,4826325147,12552266848,12670993356
1790907433,49676468,103047536640,0,0,0,0,0,1,1,2587497,9,1271,0,0,0,39,7,4826325147,12552266848,12670993356
1790907434,49705164,103078105088,0,0,0,0,0,1,1,2600464,9,1271,0,0,0,39,7,4826325147,12552266848,12670993356
1790907435,49750368,103079202816,0,0,0,0,0,1,1,2600464,9,1271,0,0,0,39,7,4826325147,12552266848,12670993356
1790907437,49792068,103058681856,0,0,0,0,0,1,1,2613418,9,1271,0,0,0,39,7,4826325147,12552266848,12670993356
1790907438,49831068,103042031616,0,0,0,0,0,1,1,2613418,9,1271,0,0,0,39,7,4826325147,12552266848,12670993356
1790907439,49871156,103060393984,0,0,0,0,0,1,1,2626275,9,1271,0,0,0,39,7,4826325147,12552266848,12670993356
1790907440,49916636,103063212032,0,0,0,0,0,1,1,2626275,9,1271,0,0,0,39,7,4826325147,12552266848,12670993356
1790907441,49966844,103061155840,0,0,0,0,0,1,1,2639179,9,1271,0,0,0,39,7,4826325147,12552266848,12670993356
1790907442,49986608,103067484160,0,0,0,0,0,1,1,2639179,9,1271,0,0,0,39,7,4826325147,12552266848,12670993356
1790907443,50022068,103073845248,0,0,0,0,0,1,1,2652026,9,1271,0,0,0,39,7,4826325147,12552266848,12670993356
1790907444,50062864,103075868672,0,0,0,0,0,1,1,2652026,9,1271,0,0,0,39,7,4826325147,12552266848,12670993356
1790907445,50104084,103074205696,0,0,0,0,0,1,1,2664536,9,1271,0,0,0,39,7,4826325147,12552266848,12670993356
1790907446,50135232,103071621120,0,0,0,0,0,1,1,2664536,9,1271,0,0,0,39,7,4826325147,12552266848,12670993356
1790907447,50175396,103077888000,0,0,0,0,0,1,1,2677419,9,1271,0,0,0,39,7,4826325147,12552266848,12670993356
1790907448,50208188,103076036608,0,0,0,0,0,1,1,2690322,9,1271,0,0,0,39,7,4826325147,12552266848,12670993356
1790907449,50247392,103059259392,0,0,0,0,0,1,1,2690322,9,1271,0,0,0,39,7,4826325147,12552266848,12670993356
1790907450,50278024,103078391808,0,0,0,0,0,1,1,2703224,9,1271,0,0,0,39,7,4826325147,12552266848,12670993356
1790907451,50307852,103075348480,0,0,0,0,0,1,1,2703224,9,1271,0,0,0,39,7,4826325147,12552266848,12670993356
1790907452,50347068,103079153664,0,0,0,0,0,1,1,2716047,9,1271,0,0,0,39,7,4826325147,12552266848,12670993356
1790907453,50391672,103030423552,0,0,0,0,0,1,1,2716047,9,1271,0,0,0,39,7,4826325147,12552266848,12670993356
1790907454,50426132,103059922944,0,0,0,0,0,1,1,2728853,9,1271,0,0,0,39,7,4826325147,12552266848,12670993356
1790907455,50468204,103073054720,0,0,0,0,0,1,1,2728853,9,1271,0,0,0,39,7,4826325147,12552266848,12670993356
1790907456,50520940,103068131328,0,0,0,0,0,1,1,2741664,9,1271,0,0,0,39,7,4826325147,12552266848,12670993356
1790907458,50545172,103078854656,0,0,0,0,0,1,1,2741664,9,1271,0,0,0,39,7,4826325147,12552266848,12670993356
1790907459,50583508,103075262464,0,0,0,0,0,1,1,2754474,9,1271,0,0,0,39,7,4826325147,12552266848,12670993356
1790907460,50614960,103069847552,0,0,0,0,0,1,1,2754474,9,1271,0,0,0,39,7,4826325147,12552266848,12670993356
1790907461,50663756,103071338496,0,0,0,0,0,1,1,2767284,9,1271,0,0,0,39,7,4826325147,12552266848,12670993356
1790907462,50706968,103067250688,0,0,0,0,0,1,1,2767284,9,1271,0,0,0,39,7,4826325147,12552266848,12670993356
1790907463,50749940,103061532672,0,0,0,0,0,1,1,2780116,9,1271,0,0,0,39,7,4826325147,12552266848,12670993356
1790907464,50801760,103070830592,0,0,0,0,0,1,1,2780116,9,1271,0,0,0,39,7,4826325147,12552266848,12670993356
1790907465,50853796,103072509952,0,0,0,0,0,1,1,2792945,9,1271,0,0,0,39,7,4826325147,12552266848,12670993356
1790907466,50896180,103070081024,0,0,0,0,0,1,1,2792945,9,1271,0,0,0,39,7,4826325147,12552266848,12670993356
1790907467,50943784,103039655936,0,0,0,0,0,1,1,2805708,9,1271,0,0,0,39,7,4826325147,12552266848,12670993356
1790907468,50977212,103073030144,0,0,0,0,0,1,1,2805708,9,1271,0,0,0,39,7,4826325147,12552266848,12670993356
1790907469,51014152,103069622272,0,0,0,0,0,1,1,2818487,9,1271,0,0,0,39,7,4826325147,12552266848,12670993356
1790907470,51056184,103045902336,0,0,0,0,0,1,1,2818487,9,1271,0,0,0,39,7,4826325147,12552266848,12670993356
1790907471,51100124,103066771456,0,0,0,0,0,1,1,2831315,9,1271,0,0,0,39,7,4826325147,12552266848,12670993356
1790907472,51142948,103075196928,0,0,0,0,0,1,1,2844089,9,1271,0,0,0,39,7,4826325147,12552266848,12670993356
1790907473,51173448,103056748544,0,0,0,0,0,1,1,2844089,9,1271,0,0,0,39,7,4826325147,12552266848,12670993356
1790907474,51233548,103073763328,0,0,0,0,0,1,1,2856809,9,1271,0,0,0,39,7,4826325147,12552266848,12670993356
1790907475,51287484,103065399296,0,0,0,0,0,1,1,2856809,9,1271,0,0,0,39,7,4826325147,12552266848,12670993356
1790907476,51343428,103048007680,0,0,0,0,0,1,1,2869354,9,1271,0,0,0,39,7,4826325147,12552266848,12670993356
1790907477,51389660,103077076992,0,0,0,0,0,1,1,2869354,9,1271,0,0,0,39,7,4826325147,12552266848,12670993356
1790907479,51439276,103053426688,0,0,0,0,0,1,1,2882110,9,1271,0,0,0,39,7,4826325147,12552266848,12670993356
1790907480,51500192,103070298112,0,0,0,0,0,1,1,2882110,9,1271,0,0,0,39,7,4826325147,12552266848,12670993356
1790907481,51561624,103058374656,0,0,0,0,0,1,1,2894890,9,1271,0,0,0,39,7,4826325147,12552266848,12670993356
1790907482,51609288,103076536320,0,0,0,0,0,1,1,2894890,9,1271,0,0,0,39,7,4826325147,12552266848,12670993356
1790907483,51656072,103070978048,0,0,0,0,0,1,1,2907611,9,1271,0,0,0,39,7,4826325147,12552266848,12670993356
1790907484,51707120,103079084032,0,0,0,0,0,1,1,2907611,9,1271,0,0,0,39,7,4826325147,12552266848,12670993356
1790907485,51746136,103078670336,0,0,0,0,0,1,1,2920456,9,1271,0,0,0,39,7,4826325147,12552266848,12670993356
1790907486,51791960,103072038912,0,0,0,0,0,1,1,2920456,9,1271,0,0,0,39,7,4826325147,12552266848,12670993356
1790907487,51827936,103064367104,0,0,0,0,0,1,1,2933239,9,1271,0,0,0,39,7,4826325147,12552266848,12670993356
1790907488,51856516,103070498816,0,0,0,0,0,1,1,2933239,9,1271,0,0,0,39,7,4826325147,12552266848,12670993356
1790907489,51880500,103071027200,0,0,0,0,0,1,1,2946084,9,1271,0,0,0,39,7,4826325147,12552266848,12670993356
1790907490,51896316,103075155968,0,0,0,0,0,1,1,2946084,9,1271,0,0,0,39,7,4826325147,12552266848,12670993356
1790907491,51912136,103074422784,0,0,0,0,0,1,1,2958967,9,1271,0,0,0,39,7,4826325147,12552266848,12670993356
1790907492,51927972,103060004864,0,0,0,0,0,1,1,2958967,9,1271,0,0,0,39,7,4826325147,12552266848,12670993356
1790907493,51940056,103052607488,0,0,0,0,0,1,1,2971801,9,1271,0,0,0,39,7,4826325147,12552266848,12670993356
1790907494,51956228,103077261312,0,0,0,0,0,1,1,2984591,9,1271,0,0,0,39,7,4826325147,12552266848,12670993356
1790907495,51974852,103061446656,0,0,0,0,0,1,1,2984591,9,1271,0,0,0,39,7,4826325147,12552266848,12670993356
1790907496,51983984,103077175296,0,0,0,0,0,1,1,2997406,9,1271,0,0,0,39,7,4826325147,12552266848,12670993356
1790907497,52008060,103072268288,0,0,0,0,0,1,1,2997406,9,1271,0,0,0,39,7,4826325147,12552266848,12670993356
1790907498,52046772,103049478144,0,0,0,0,0,1,1,3010183,9,1271,0,0,0,39,7,4826325147,12552266848,12670993356
1790907500,52082760,103053152256,0,0,0,0,0,1,1,3010183,9,1271,0,0,0,39,7,4826325147,12552266848,12670993356
1790907501,52125724,103074615296,0,0,0,0,0,1,1,3023139,9,1271,0,0,0,39,7,4826325147,12552266848,12670993356
1790907502,52165212,103063257088,0,0,0,0,0,1,1,3023139,9,1271,0,0,0,39,7,4826325147,12552266848,12670993356
1790907503,52205672,103076708352,0,0,0,0,0,1,1,3035965,9,1271,0,0,0,39,7,4826325147,12552266848,12670993356
1790907504,52235040,103060406272,0,0,0,0,0,1,1,3035965,9,1271,0,0,0,39,7,4826325147,12552266848,12670993356
1790907505,52269748,103076663296,0,0,0,0,0,1,1,3048760,9,1271,0,0,0,39,7,4826325147,12552266848,12670993356
1790907506,52298116,103071449088,0,0,0,0,0,1,1,3048760,9,1271,0,0,0,39,7,4826325147,12552266848,12670993356
1790907507,52330476,103075131392,0,0,0,0,0,1,1,3061371,9,1271,0,0,0,39,7,4826325147,12552266848,12670993356
1790907508,52374500,103069814784,0,0,0,0,0,1,1,3061371,9,1271,0,0,0,39,7,4826325147,12552266848,12670993356
1790907509,52416036,103076921344,0,0,0,0,0,1,1,3074195,9,1271,0,0,0,39,7,4826325147,12552266848,12670993356
1790907510,52465916,103050256384,0,0,0,0,0,1,1,3074195,9,1271,0,0,0,39,7,4826325147,12552266848,12670993356
1790907511,52525368,103062519808,0,0,0,0,0,1,1,3087103,9,1271,0,0,0,39,7,4826325147,12552266848,12670993356
1790907512,52584548,103071670272,0,0,0,0,0,1,1,3087103,9,1271,0,0,0,39,7,4826325147,12552266848,12670993356
1790907513,52616664,103079202816,0,0,0,0,0,1,1,3099716,9,1271,0,0,0,39,7,4826325147,12552266848,12670993356
1790907514,52645072,103078985728,0,0,0,0,0,1,1,3099716,9,1271,0,0,0,39,7,4826325147,12552266848,12670993356
1790907515,52686924,103061463040,0,0,0,0,0,1,1,3112581,9,1271,0,0,0,39,7,4826325147,12552266848,12670993356
1790907516,52720180,103068749824,0,0,0,0,0,1,1,3125370,9,1271,0,0,0,39,7,4826325147,12552266848,12670993356
1790907517,52774332,103077371904,0,0,0,0,0,1,1,3125370,9,1271,0,0,0,39,7,4826325147,12552266848,12670993356
1790907518,52819304,103063998464,0,0,0,0,0,1,1,3138186,9,1271,0,0,0,39,7,4826325147,12552266848,12670993356
1790907519,52871528,103065509888,0,0,0,0,0,1,1,3138186,9,1271,0,0,0,39,7,4826325147,12552266848,12670993356
1790907521,52919988,103077130240,0,0,0,0,0,1,1,3151010,9,1271,0,0,0,39,7,4826325147,12552266848,12670993356
1790907522,52960372,103073472512,0,0,0,0,0,1,1,3151010,9,1271,0,0,0,39,7,4826325147,12552266848,12670993356
1790907523,53004448,103053443072,0,0,0,0,0,1,1,3163962,9,1271,0,0,0,39,7,4826325147,12552266848,12670993356
1790907524,53051508,103076114432,0,0,0,0,0,1,1,3163962,9,1271,0,0,0,39,7,4826325147,12552266848,12670993356
1790907525,53084416,103071817728,0,0,0,0,0,1,1,3176820,9,1271,0,0,0,39,7,4826325147,12552266848,12670993356
1790907526,53132324,103048736768,0,0,0,0,0,1,1,3176820,9,1271,0,0,0,39,7,4826325147,12552266848,12670993356
1790907527,53171080,103069528064,0,0,0,0,0,1,1,3189536,9,1271,0,0,0,39,7,4826325147,12552266848,12670993356
1790907528,53214276,103061643264,0,0,0,0,0,1,1,3189536,9,1271,0,0,0,39,7,4826325147,12552266848,12670993356
1790907529,53260056,103076655104,0,0,0,0,0,1,1,3202436,9,1271,0,0,0,39,7,4826325147,12552266848,12670993356
1790907530,53302012,103074504704,0,0,0,0,0,1,1,3202436,9,1271,0,0,0,39,7,4826325147,12552266848,12670993356
1790907531,53359780,103049170944,0,0,0,0,0,1,1,3215277,9,1271,0,0,0,39,7,4826325147,12552266848,12670993356
1790907532,53392264,103072219136,0,0,0,0,0,1,1,3215277,9,1271,0,0,0,39,7,4826325147,12552266848,12670993356
1790907533,53431324,103054872576,0,0,0,0,0,1,1,3228177,9,1271,0,0,0,39,7,4826325147,12552266848,12670993356
1790907534,53474096,103071666176,0,0,0,0,0,1,1,3228177,9,1271,0,0,0,39,7,4826325147,12552266848,12670993356
1790907535,53523104,103058677760,0,0,0,0,0,1,1,3241015,9,1271,0,0,0,39,7,4826325147,12552266848,12670993356
1790907536,53572512,103065067520,0,0,0,0,0,1,1,3241015,9,1271,0,0,0,39,7,4826325147,12552266848,12670993356
1790907537,53604440,103078174720,0,0,0,0,0,1,1,3253834,9,1271,0,0,0,39,7,4826325147,12552266848,12670993356
1790907538,53643776,103076343808,0,0,0,0,0,1,1,3253834,9,1271,0,0,0,39,7,4826325147,12552266848,12670993356
1790907539,53682992,103073873920,0,0,0,0,0,1,1,3266677,9,1271,0,0,0,39,7,4826325147,12552266848,12670993356
1790907540,53708488,103063666688,0,0,0,0,0,1,1,3279553,9,1271,0,0,0,39,7,4826325147,12552266848,12670993356
1790907541,53733200,103072907264,0,0,0,0,0,1,1,3279553,9,1271,0,0,0,39,7,4826325147,12552266848,12670993356
1790907543,53760372,103079104512,0,0,0,0,0,1,1,3292057,9,1271,0,0,0,39,7,4826325147,12552266848,12670993356
1790907544,53788796,103066316800,0,0,0,0,0,1,1,3292057,9,1271,0,0,0,39,7,4826325147,12552266848,12670993356
1790907545,53821156,103024951296,0,0,0,0,0,1,1,3304982,9,1271,0,0,0,39,7,4826325147,12552266848,12670993356
1790907546,53841476,103073579008,0,0,0,0,0,1,1,3304982,9,1271,0,0,0,39,7,4826325147,12552266848,12670993356
1790907547,53859004,103078572032,0,0,0,0,0,1,1,3317906,9,1271,0,0,0,39,7,4826325147,12552266848,12670993356
1790907548,53862220,103078031360,0,0,0,0,0,1,1,3317906,9,1271,0,0,0,39,7,4826325147,12552266848,12670993356
1790907549,53894208,103074967552,0,0,0,0,0,1,1,3330640,9,1271,0,0,0,39,7,4826325147,12552266848,12670993356
1790907550,53921016,103061053440,0,0,0,0,0,1,1,3330640,9,1271,0,0,0,39,7,4826325147,12552266848,12670993356
1790907551,53958356,103069118464,0,0,0,0,0,1,1,3343343,9,1271,0,0,0,39,7,4826325147,12552266848,12670993356
1790907552,53990816,103052189696,0,0,0,0,0,1,1,3343343,9,1271,0,0,0,39,7,4826325147,12552266848,12670993356
1790907553,54027340,103070326784,0,0,0,0,0,1,1,3356165,9,1271,0,0,0,39,7,4826325147,12552266848,12670993356
1790907554,54058848,103054188544,0,0,0,0,0,1,1,3356165,9,1271,0,0,0,39,7,4826325147,12552266848,12670993356
1790907555,54094316,103063777280,0,0,0,0,0,1,1,3369141,9,1271,0,0,0,39,7,4826325147,12552266848,12670993356
1790907556,54128980,103073648640,0,0,0,0,0,1,1,3369141,9,1271,0,0,0,39,7,4826325147,12552266848,12670993356
1790907557,54158848,103072305152,0,0,0,0,0,1,1,3381922,9,1271,0,0,0,39,7,4826325147,12552266848,12670993356
1790907558,54210608,103075864576,0,0,0,0,0,1,1,3381922,9,1271,0,0,0,39,7,4826325147,12552266848,12670993356
1790907559,54247136,103076098048,0,0,0,0,0,2,2,3394012,9,1272,1,0,1,39,7,4826325147,12552266848,12670993356
1790907560,54269748,103073517568,0,0,0,0,0,2,2,3394012,9,1272,1,0,1,39,7,4826325147,12552266848,12670993356
1790907561,54286284,103073488896,0,0,0,0,0,2,2,3405698,9,1275,1,0,1,39,7,4826325147,12552266848,12670993356
1790907563,54305528,103021191168,0,0,0,0,0,2,2,3417300,9,1283,1,0,1,39,7,4826325147,12552266848,12670993356
1790907564,54337100,103063027712,0,0,0,0,0,2,2,3417300,9,1283,1,0,1,39,7,4826325147,12552266848,12670993356
1790907565,54364728,103041806336,0,0,0,0,0,2,2,3429028,9,1291,1,0,1,39,7,4826325147,12552266848,12670993356
1790907566,54375812,103062155264,0,0,0,0,0,2,2,3429028,9,1291,1,0,1,39,7,4826325147,12552266848,12670993356
1790907567,54410252,103069667328,0,0,0,0,0,2,2,3440539,9,1300,1,0,1,39,7,4826325147,12552266848,12670993356
1790907568,54429352,103066353664,0,0,0,0,0,2,2,3440539,9,1300,1,0,1,39,7,4826325147,12552266848,12670993356
1790907569,54446960,103055552512,0,0,0,0,0,2,2,3452071,9,1307,1,0,1,39,7,4826325147,12552266848,12670993356
1790907570,54485880,103043747840,0,0,0,0,0,2,2,3452071,9,1307,1,0,1,39,7,4826325147,12552266848,12670993356
1790907571,54507944,103078985728,0,0,0,0,0,2,2,3463577,9,1307,1,0,1,39,7,4826325147,12552266848,12670993356
1790907572,54537288,103077687296,0,0,0,0,0,2,2,3463577,9,1307,1,0,1,39,7,4826325147,12552266848,12670993356
1790907573,54578896,103075917824,0,0,0,0,0,2,2,3475091,9,1307,1,0,1,39,7,4826325147,12552266848,12670993356
1790907574,54594636,103073615872,0,0,0,0,0,2,2,3475091,9,1307,1,0,1,39,7,4826325147,12552266848,12670993356
1790907575,54634616,103059316736,0,0,0,0,0,2,2,3486474,9,1307,1,0,1,39,7,4826325147,12552266848,12670993356
1790907576,54673488,103076843520,0,0,0,0,0,2,2,3486474,9,1307,1,0,1,39,7,4826325147,12552266848,12670993356
1790907577,54694232,103078354944,0,0,0,0,0,2,2,3498047,9,1307,1,0,1,39,7,4826325147,12552266848,12670993356
1790907578,52273672,100953001984,0,0,0,0,0,2,2,3498047,9,1307,1,0,1,39,7,4826325147,12552266848,12670993356
1790907579,51369496,101220298752,0,0,0,0,0,2,2,3506373,11,1312,0,5,0,77,8,9653474916,12555643726,12677750750
1790907580,51257492,102324670464,0,0,0,0,0,2,2,3506373,11,1312,0,5,0,77,8,9653474916,12555643726,12677750750
1790907581,50950448,103067643904,0,0,0,0,0,2,2,3510680,11,1319,0,5,0,77,8,9653474916,12555643726,12677750750
1790907583,50285348,103050645504,0,0,0,0,0,2,2,3510680,11,1319,0,5,0,77,8,9653474916,12555643726,12677750750
1790907584,49528340,103079124992,0,0,0,0,0,2,2,3515850,11,1339,0,5,0,77,8,9653474916,12555643726,12677750750
1790907585,48672572,103029493760,0,0,0,0,0,2,2,3521452,11,1352,0,5,0,77,8,9653474916,12555643726,12677750750
1790907586,47947372,103024615424,0,0,0,0,0,2,2,3521452,11,1352,0,5,0,77,8,9653474916,12555643726,12677750750
1790907587,47532960,103058538496,0,0,0,0,0,2,2,3527068,11,1362,0,5,0,77,8,9653474916,12555643726,12677750750
1790907588,47220488,103069716480,0,0,0,0,0,2,2,3527068,11,1362,0,5,0,77,8,9653474916,12555643726,12677750750
1790907589,46978260,103077093376,0,0,0,0,0,2,2,3532722,11,1388,0,5,0,77,8,9653474916,12555643726,12677750750
1790907590,46861768,103074516992,0,0,0,0,0,2,2,3532722,11,1388,0,5,0,77,8,9653474916,12555643726,12677750750
1790907591,46873784,103002710016,0,0,0,0,0,2,2,3538237,11,1398,0,5,0,77,8,9653474916,12555643726,12677750750
1790907592,46866588,103060004864,0,0,0,0,0,2,2,3538237,11,1398,0,5,0,77,8,9653474916,12555643726,12677750750
1790907593,46909520,103076188160,0,0,0,0,0,2,2,3543218,11,1413,0,5,0,77,8,9653474916,12555643726,12677750750
1790907594,46850596,103076122624,0,0,0,0,0,2,2,3543218,11,1413,0,5,0,77,8,9653474916,12555643726,12677750750
1790907595,46896200,103077879808,0,0,0,0,0,2,2,3549729,11,1431,0,5,0,77,8,9653474916,12555643726,12677750750
1790907596,46949344,103078834176,0,0,0,0,0,2,2,3549729,11,1431,0,5,0,77,8,9653474916,12555643726,12677750750
1790907597,46897268,100845568000,0,0,0,0,0,2,2,3557564,11,1440,0,5,0,77,8,9653474916,12555643726,12677750750
1790907599,46933676,97088638976,0,0,0,0,0,2,2,3557564,11,1440,0,5,0,77,8,9653474916,12555643726,12677750750
1790907600,46979596,98920001536,0,0,0,0,0,2,2,3564126,15,1310,0,1,0,77,12,9653474916,20730715215,21042247655
1790907601,47015084,100680097792,0,0,0,0,0,2,2,3564126,15,1310,0,1,0,77,12,9653474916,20730715215,21042247655
1790907602,47048644,102432833536,0,0,0,0,0,2,2,3568141,15,1315,0,1,0,77,12,9653474916,20730715215,21042247655
1790907603,47087836,103072100352,0,0,0,0,0,2,2,3573404,15,1333,0,1,0,77,12,9653474916,20730715215,21042247655
1790907604,47036140,103062282240,0,0,0,0,0,2,2,3573404,15,1333,0,1,0,77,12,9653474916,20730715215,21042247655
1790907605,47059472,103048347648,0,0,0,0,0,2,2,3579125,15,1346,0,1,0,77,12,9653474916,20730715215,21042247655
1790907606,47082768,103053656064,0,0,0,0,0,2,2,3579125,15,1346,0,1,0,77,12,9653474916,20730715215,21042247655
1790907607,47090312,103073595392,0,0,0,0,0,2,2,3584504,15,1358,0,1,0,77,12,9653474916,20730715215,21042247655
1790907608,47108176,103072350208,0,0,0,0,0,2,2,3584504,15,1358,0,1,0,77,12,9653474916,20730715215,21042247655
1790907609,47127204,103067389952,0,0,0,0,0,2,2,3588716,15,1370,0,1,0,77,12,9653474916,20730715215,21042247655
1790907610,47155152,103079186432,0,0,0,0,0,2,2,3588716,15,1370,0,1,0,77,12,9653474916,20730715215,21042247655
1790907611,47178688,103078944768,0,0,0,0,0,2,2,3594245,15,1384,0,1,0,77,12,9653474916,20730715215,21042247655
1790907612,47144500,103076397056,0,0,0,0,0,2,2,3594245,15,1384,0,1,0,77,12,9653474916,20730715215,21042247655
1790907613,47148964,103070314496,0,0,0,0,0,2,2,3600357,15,1394,0,1,0,77,12,9653474916,20730715215,21042247655
1790907614,47166724,103061753856,0,0,0,0,0,2,2,3600357,15,1394,0,1,0,77,12,9653474916,20730715215,21042247655
1790907616,47186612,102219436032,0,0,0,0,0,2,2,3607395,15,1402,0,1,0,77,12,9653474916,20730715215,21042247655
1790907617,47209428,103067938816,0,0,0,0,0,2,2,3607395,15,1402,0,1,0,77,12,9653474916,20730715215,21042247655
1790907618,47265456,99417538560,0,0,0,0,0,2,2,3615845,17,1375,0,0,0,77,14,9653474916,23202623100,23571617275
1790907619,47324312,98743361536,0,0,0,0,0,2,2,3615845,17,1375,0,0,0,77,14,9653474916,23202623100,23571617275
1790907620,47372696,97856843776,0,0,0,0,0,2,2,3626827,20,1328,0,0,0,77,17,9653474916,33605532287,34144640198
1790907621,47447160,98567983104,0,0,0,0,0,2,2,3626827,20,1328,0,0,0,77,17,9653474916,33605532287,34144640198
1790907622,47520552,99240955904,0,0,0,0,0,2,2,3639208,20,1289,0,0,0,77,17,9653474916,33605532287,34144640198
1790907623,47564372,99899703296,0,0,0,0,0,2,2,3651663,20,1289,0,0,0,77,17,9653474916,33605532287,34144640198
1790907624,47613024,100542935040,0,0,0,0,0,2,2,3651663,20,1289,0,0,0,77,17,9653474916,33605532287,34144640198
1790907625,47664728,101184081920,0,0,0,0,0,2,2,3664321,20,1289,0,0,0,77,17,9653474916,33605532287,34144640198
1790907626,47706980,101818920960,0,0,0,0,0,2,2,3664321,20,1289,0,0,0,77,17,9653474916,33605532287,34144640198
1790907627,47758124,102451195904,0,0,0,0,0,2,2,3677028,20,1289,0,0,0,77,17,9653474916,33605532287,34144640198
1790907628,47809248,103079120896,0,0,0,0,0,2,2,3677028,20,1289,0,0,0,77,17,9653474916,33605532287,34144640198
1790907629,47846596,103079075840,0,0,0,0,0,2,2,3689798,20,1289,0,0,0,77,17,9653474916,33605532287,34144640198
1790907630,47885724,103072878592,0,0,0,0,0,2,2,3689798,20,1289,0,0,0,77,17,9653474916,33605532287,34144640198
1790907631,47931276,103029870592,0,0,0,0,0,2,2,3702432,20,1289,0,0,0,77,17,9653474916,33605532287,34144640198
1790907632,47984572,103071207424,0,0,0,0,0,2,2,3702432,20,1289,0,0,0,77,17,9653474916,33605532287,34144640198
1790907633,48027112,103069270016,0,0,0,0,0,2,2,3715129,20,1289,0,0,0,77,17,9653474916,33605532287,34144640198
1790907634,48051212,103067250688,0,0,0,0,0,2,2,3715129,20,1289,0,0,0,77,17,9653474916,33605532287,34144640198
1790907636,48054928,103068217344,0,0,0,0,0,2,2,3727910,20,1289,0,0,0,77,17,9653474916,33605532287,34144640198
1790907637,48086572,103071653888,0,0,0,0,0,2,2,3727910,20,1289,0,0,0,77,17,9653474916,33605532287,34144640198
1790907638,48120684,103073173504,0,0,0,0,0,2,2,3740670,20,1289,0,0,0,77,17,9653474916,33605532287,34144640198
1790907639,48145416,103071166464,0,0,0,0,0,2,2,3740670,20,1289,0,0,0,77,17,9653474916,33605532287,34144640198
1790907640,48183520,103069728768,0,0,0,0,0,2,2,3753026,20,1289,0,0,0,77,17,9653474916,33605532287,34144640198
1790907641,48229748,103072964608,0,0,0,0,0,2,2,3753026,20,1289,0,0,0,77,17,9653474916,33605532287,34144640198
1790907642,48280224,103042523136,0,0,0,0,0,2,2,3765796,20,1289,0,0,0,77,17,9653474916,33605532287,34144640198
1790907643,48328800,103071576064,0,0,0,0,0,2,2,3765796,20,1289,0,0,0,77,17,9653474916,33605532287,34144640198
1790907644,48364184,103077560320,0,0,0,0,0,2,2,3778630,20,1289,0,0,0,77,17,9653474916,33605532287,34144640198
1790907645,48390716,103039266816,0,0,0,0,0,2,2,3790303,20,1289,0,0,0,77,17,9653474916,33605532287,34144640198
1790907646,48434176,103079149568,0,0,0,0,0,2,2,3790303,20,1289,0,0,0,77,17,9653474916,33605532287,34144640198
1790907647,48465932,103031967744,0,0,0,0,0,2,2,3802285,20,1289,0,0,0,77,17,9653474916,33605532287,34144640198
1790907648,48497500,103066238976,0,0,0,0,0,2,2,3802285,20,1289,0,0,0,77,17,9653474916,33605532287,34144640198
1790907649,48520796,103049924608,0,0,0,0,0,2,2,3815002,20,1289,0,0,0,77,17,9653474916,33605532287,34144640198
1790907650,48553376,103061327872,0,0,0,0,0,2,2,3815002,20,1289,0,0,0,77,17,9653474916,33605532287,34144640198
1790907651,48583236,103078039552,0,0,0,0,0,2,2,3827746,20,1289,0,0,0,77,17,9653474916,33605532287,34144640198
1790907652,48617156,103073771520,0,0,0,0,0,2,2,3827746,20,1289,0,0,0,77,17,9653474916,33605532287,34144640198
1790907653,48641112,103052611584,0,0,0,0,0,2,2,3840424,20,1289,0,0,0,77,17,9653474916,33605532287,34144640198
1790907654,48652484,103074844672,0,0,0,0,0,2,2,3840424,20,1289,0,0,0,77,17,9653474916,33605532287,34144640198
1790907655,48685364,103074500608,0,0,0,0,0,2,2,3853169,20,1289,0,0,0,77,17,9653474916,33605532287,34144640198
1790907656,48718456,103074897920,0,0,0,0,0,2,2,3853169,20,1289,0,0,0,77,17,9653474916,33605532287,34144640198
1790907658,48743916,103067660288,0,0,0,0,0,2,2,3865890,20,1289,0,0,0,77,17,9653474916,33605532287,34144640198
1790907659,48781728,103065350144,0,0,0,0,0,2,2,3865890,20,1289,0,0,0,77,17,9653474916,33605532287,34144640198
1790907660,48807444,103060836352,0,0,0,0,0,2,2,3878657,20,1289,0,0,0,77,17,9653474916,33605532287,34144640198
1790907661,48832392,103067578368,0,0,0,0,0,2,2,3878657,20,1289,0,0,0,77,17,9653474916,33605532287,34144640198
1790907662,48865208,103039782912,0,0,0,0,0,2,2,3891411,20,1289,0,0,0,77,17,9653474916,33605532287,34144640198
1790907663,48895804,103066271744,0,0,0,0,0,2,2,3891411,20,1289,0,0,0,77,17,9653474916,33605532287,34144640198
1790907664,48926724,103072342016,0,0,0,0,0,2,2,3904202,20,1289,0,0,0,77,17,9653474916,33605532287,34144640198
1790907665,48955496,103076823040,0,0,0,0,0,2,2,3904202,20,1289,0,0,0,77,17,9653474916,33605532287,34144640198
1790907666,48976368,103066152960,0,0,0,0,0,2,2,3916903,20,1289,0,0,0,77,17,9653474916,33605532287,34144640198
1790907667,49005888,103074250752,0,0,0,0,0,2,2,3929717,20,1289,0,0,0,77,17,9653474916,33605532287,34144640198
1790907668,49023248,103073480704,0,0,0,0,0,2,2,3929717,20,1289,0,0,0,77,17,9653474916,33605532287,34144640198
1790907669,49043864,103075643392,0,0,0,0,0,2,2,3942457,20,1289,0,0,0,77,17,9653474916,33605532287,34144640198
1790907670,49069800,103076757504,0,0,0,0,0,2,2,3942457,20,1289,0,0,0,77,17,9653474916,33605532287,34144640198
1790907671,49101536,103075041280,0,0,0,0,0,2,2,3955264,20,1289,0,0,0,77,17,9653474916,33605532287,34144640198
1790907672,49144316,103077363712,0,0,0,0,0,2,2,3955264,20,1289,0,0,0,77,17,9653474916,33605532287,34144640198
1790907673,49170400,103074238464,0,0,0,0,0,2,2,3967943,20,1289,0,0,0,77,17,9653474916,33605532287,34144640198
1790907674,49198816,103068860416,0,0,0,0,0,2,2,3967943,20,1289,0,0,0,77,17,9653474916,33605532287,34144640198
1790907675,49237164,103077814272,0,0,0,0,0,2,2,3980580,20,1289,0,0,0,77,17,9653474916,33605532287,34144640198
1790907676,49269868,103071776768,0,0,0,0,0,2,2,3980580,20,1289,0,0,0,77,17,9653474916,33605532287,34144640198
1790907677,49307084,103074885632,0,0,0,0,0,2,2,3993038,20,1289,0,0,0,77,17,9653474916,33605532287,34144640198
1790907679,49350236,103075868672,0,0,0,0,0,2,2,3993038,20,1289,0,0,0,77,17,9653474916,33605532287,34144640198
1790907680,49384972,103066509312,0,0,0,0,0,2,2,4005568,20,1289,0,0,0,77,17,9653474916,33605532287,34144640198
1790907681,49430708,103073447936,0,0,0,0,0,2,2,4005568,20,1289,0,0,0,77,17,9653474916,33605532287,34144640198
1790907682,49467368,103068876800,0,0,0,0,0,2,2,4018291,20,1289,0,0,0,77,17,9653474916,33605532287,34144640198
1790907683,49507408,103061045248,0,0,0,0,0,2,2,4018291,20,1289,0,0,0,77,17,9653474916,33605532287,34144640198
1790907684,49546776,103072038912,0,0,0,0,0,2,2,4031057,20,1289,0,0,0,77,17,9653474916,33605532287,34144640198
1790907685,49569900,103072346112,0,0,0,0,0,2,2,4031057,20,1289,0,0,0,77,17,9653474916,33605532287,34144640198
1790907686,49592020,103059824640,0,0,0,0,0,2,2,4043721,20,1289,0,0,0,77,17,9653474916,33605532287,34144640198
1790907687,49614596,103075766272,0,0,0,0,0,2,2,4043721,20,1289,0,0,0,77,17,9653474916,33605532287,34144640198
1790907688,49641060,103072501760,0,0,0,0,0,2,2,4056601,20,1289,0,0,0,77,17,9653474916,33605532287,34144640198
1790907689,49649864,103055060992,0,0,0,0,0,2,2,4056601,20,1289,0,0,0,77,17,9653474916,33605532287,34144640198
1790907690,49689696,103071735808,0,0,0,0,0,2,2,4069359,20,1289,0,0,0,77,17,9653474916,33605532287,34144640198
1790907691,49711940,103060217856,0,0,0,0,0,2,2,4082094,20,1289,0,0,0,77,17,9653474916,33605532287,34144640198
1790907692,49749276,103078268928,0,0,0,0,0,2,2,4082094,20,1289,0,0,0,77,17,9653474916,33605532287,34144640198
1790907693,49785004,103076749312,0,0,0,0,0,2,2,4094858,20,1289,0,0,0,77,17,9653474916,33605532287,34144640198
1790907694,49818108,103077363712,0,0,0,0,0,2,2,4094858,20,1289,0,0,0,77,17,9653474916,33605532287,34144640198
1790907695,49849732,103076089856,0,0,0,0,0,2,2,4107700,20,1289,0,0,0,77,17,9653474916,33605532287,34144640198
1790907696,49905400,103064420352,0,0,0,0,0,2,2,4107700,20,1289,0,0,0,77,17,9653474916,33605532287,34144640198
1790907697,49934240,103068995584,0,0,0,0,0,2,2,4120489,20,1289,0,0,0,77,17,9653474916,33605532287,34144640198
1790907698,49981052,103076261888,0,0,0,0,0,2,2,4120489,20,1289,0,0,0,77,17,9653474916,33605532287,34144640198
1790907700,50028836,103075307520,0,0,0,0,0,2,2,4133229,20,1289,0,0,0,77,17,9653474916,33605532287,34144640198
1790907701,50077324,103077249024,0,0,0,0,0,2,2,4133229,20,1289,0,0,0,77,17,9653474916,33605532287,34144640198
1790907702,50108700,103056404480,0,0,0,0,0,2,2,4145987,20,1289,0,0,0,77,17,9653474916,33605532287,34144640198
1790907703,50138056,103072747520,0,0,0,0,0,2,2,4145987,20,1289,0,0,0,77,17,9653474916,33605532287,34144640198
1790907704,50190684,103062212608,0,0,0,0,0,2,2,4158751,20,1289,0,0,0,77,17,9653474916,33605532287,34144640198
1790907705,50233388,103066730496,0,0,0,0,0,2,2,4158751,20,1289,0,0,0,77,17,9653474916,33605532287,34144640198
1790907706,50285992,103070134272,0,0,0,0,0,2,2,4171589,20,1289,0,0,0,77,17,9653474916,33605532287,34144640198
1790907707,50322792,103054819328,0,0,0,0,0,2,2,4171589,20,1289,0,0,0,77,17,9653474916,33605532287,34144640198
1790907708,50364380,103066677248,0,0,0,0,0,2,2,4184310,20,1289,0,0,0,77,17,9653474916,33605532287,34144640198
1790907709,50394280,103062048768,0,0,0,0,0,2,2,4184310,20,1289,0,0,0,77,17,9653474916,33605532287,34144640198
1790907710,50423812,103048724480,0,0,0,0,0,2,2,4196760,20,1289,0,0,0,77,17,9653474916,33605532287,34144640198
1790907711,50464196,103051423744,0,0,0,0,0,2,2,4196760,20,1289,0,0,0,77,17,9653474916,33605532287,34144640198
1790907712,50487124,103075811328,0,0,0,0,0,2,2,4209541,20,1289,0,0,0,77,17,9653474916,33605532287,34144640198
1790907713,50525204,103070306304,0,0,0,0,0,2,2,4222399,20,1289,0,0,0,77,17,9653474916,33605532287,34144640198
1790907714,50535400,103060504576,0,0,0,0,0,2,2,4222399,20,1289,0,0,0,77,17,9653474916,33605532287,34144640198
1790907715,50556984,103074648064,0,0,0,0,0,2,2,4235067,20,1289,0,0,0,77,17,9653474916,33605532287,34144640198
1790907716,50583544,103063674880,0,0,0,0,0,2,2,4235067,20,1289,0,0,0,77,17,9653474916,33605532287,34144640198
1790907717,50606924,103073099776,0,0,0,0,0,2,2,4247747,20,1289,0,0,0,77,17,9653474916,33605532287,34144640198
1790907718,50633916,103057207296,0,0,0,0,0,2,2,4247747,20,1289,0,0,0,77,17,9653474916,33605532287,34144640198
1790907719,50669872,103076581376,0,0,0,0,0,2,2,4260480,20,1289,0,0,0,77,17,9653474916,33605532287,34144640198
1790907721,50708888,103031152640,0,0,0,0,0,2,2,4260480,20,1289,0,0,0,77,17,9653474916,33605532287,34144640198
1790907722,50744856,103078944768,0,0,0,0,0,2,2,4273233,20,1289,0,0,0,77,17,9653474916,33605532287,34144640198
1790907723,50801940,103073181696,0,0,0,0,0,2,2,4273233,20,1289,0,0,0,77,17,9653474916,33605532287,34144640198
1790907724,50850388,103064899584,0,0,0,0,0,2,2,4286075,20,1289,0,0,0,77,17,9653474916,33605532287,34144640198
1790907725,50891500,103071494144,0,0,0,0,0,2,2,4286075,20,1289,0,0,0,77,17,9653474916,33605532287,34144640198
1790907726,50927972,103072505856,0,0,0,0,0,2,2,4298729,20,1289,0,0,0,77,17,9653474916,33605532287,34144640198
1790907727,50971332,103074091008,0,0,0,0,0,2,2,4298729,20,1289,0,0,0,77,17,9653474916,33605532287,34144640198
1790907728,51000112,103060328448,0,0,0,0,0,2,2,4311326,20,1289,0,0,0,77,17,9653474916,33605532287,34144640198
1790907729,51031648,103045242880,0,0,0,0,0,2,2,4311326,20,1289,0,0,0,77,17,9653474916,33605532287,34144640198
1790907730,51072020,103073071104,0,0,0,0,0,2,2,4323991,20,1289,0,0,0,77,17,9653474916,33605532287,34144640198
1790907731,51091764,103071866880,0,0,0,0,0,2,2,4323991,20,1289,0,0,0,77,17,9653474916,33605532287,34144640198
1790907732,51127628,103078645760,0,0,0,0,0,2,2,4336777,20,1289,0,0,0,77,17,9653474916,33605532287,34144640198
1790907733,51165144,103076872192,0,0,0,0,0,2,2,4336777,20,1289,0,0,0,77,17,9653474916,33605532287,34144640198
1790907734,51204752,103078002688,0,0,0,0,0,2,2,4349482,20,1289,0,0,0,77,17,9653474916,33605532287,34144640198
1790907735,51243128,103077646336,0,0,0,0,0,2,2,4362256,20,1289,0,0,0,77,17,9653474916,33605532287,34144640198
1790907736,51268412,103043997696,0,0,0,0,0,2,2,4362256,20,1289,0,0,0,77,17,9653474916,33605532287,34144640198
1790907737,51306988,103065358336,0,0,0,0,0,2,2,4374970,20,1289,0,0,0,77,17,9653474916,33605532287,34144640198
1790907738,51337368,103049654272,0,0,0,0,0,2,2,4374970,20,1289,0,0,0,77,17,9653474916,33605532287,34144640198
1790907739,51359152,103076708352,0,0,0,0,0,2,2,4387495,20,1289,0,0,0,77,17,9653474916,33605532287,34144640198
1790907740,51392168,103077449728,0,0,0,0,0,2,2,4387495,20,1289,0,0,0,77,17,9653474916,33605532287,34144640198
1790907742,51420544,103052492800,0,0,0,0,0,2,2,4400088,20,1289,0,0,0,77,17,9653474916,33605532287,34144640198
1790907743,51445668,103048859648,0,0,0,0,0,2,2,4400088,20,1289,0,0,0,77,17,9653474916,33605532287,34144640198
1790907744,51471376,103067357184,0,0,0,0,0,2,2,4412788,20,1289,0,0,0,77,17,9653474916,33605532287,34144640198
1790907745,51495984,103054405632,0,0,0,0,0,2,2,4412788,20,1289,0,0,0,77,17,9653474916,33605532287,34144640198
1790907746,51528228,103071772672,0,0,0,0,0,2,2,4425529,20,1289,0,0,0,77,17,9653474916,33605532287,34144640198
1790907747,51563400,103054942208,0,0,0,0,0,2,2,4425529,20,1289,0,0,0,77,17,9653474916,33605532287,34144640198
1790907748,51566820,103038787584,0,0,0,0,0,2,2,4438249,20,1289,0,0,0,77,17,9653474916,33605532287,34144640198
1790907749,51595300,103051313152,0,0,0,0,0,2,2,4438249,20,1289,0,0,0,77,17,9653474916,33605532287,34144640198
1790907750,51639256,103073906688,0,0,0,0,0,2,2,4450844,20,1289,0,0,0,77,17,9653474916,33605532287,34144640198
1790907751,51683836,103075205120,0,0,0,0,0,2,2,4450844,20,1289,0,0,0,77,17,9653474916,33605532287,34144640198
1790907752,51719640,103078428672,0,0,0,0,0,2,2,4463506,20,1289,0,0,0,77,17,9653474916,33605532287,34144640198
1790907753,51737156,103074803712,0,0,0,0,0,2,2,4463506,20,1289,0,0,0,77,17,9653474916,33605532287,34144640198
1790907754,51757664,103062654976,0,0,0,0,0,2,2,4476285,20,1289,0,0,0,77,17,9653474916,33605532287,34144640198
1790907755,51774384,103070052352,0,0,0,0,0,2,2,4476285,20,1289,0,0,0,77,17,9653474916,33605532287,34144640198
1790907756,51789572,103076192256,0,0,0,0,0,2,2,4489062,20,1289,0,0,0,77,17,9653474916,33605532287,34144640198
1790907757,51827568,103068393472,0,0,0,0,0,2,2,4489062,20,1289,0,0,0,77,17,9653474916,33605532287,34144640198
1790907758,51851140,103065812992,0,0,0,0,0,2,2,4501691,20,1289,0,0,0,77,17,9653474916,33605532287,34144640198
1790907759,51881428,103071408128,0,0,0,0,0,2,2,4514545,20,1289,0,0,0,77,17,9653474916,33605532287,34144640198
1790907760,51905808,103073107968,0,0,0,0,0,2,2,4514545,20,1289,0,0,0,77,17,9653474916,33605532287,34144640198
1790907761,51926932,103071117312,0,0,0,0,0,2,2,4527172,20,1289,0,0,0,77,17,9653474916,33605532287,34144640198
1790907762,51943940,103075364864,0,0,0,0,0,2,2,4527172,20,1289,0,0,0,77,17,9653474916,33605532287,34144640198
1790907764,51962436,103063650304,0,0,0,0,0,2,2,4539973,20,1289,0,0,0,77,17,9653474916,33605532287,34144640198
1790907765,51992148,103062048768,0,0,0,0,0,2,2,4539973,20,1289,0,0,0,77,17,9653474916,33605532287,34144640198
1790907766,52016220,103069868032,0,0,0,0,0,2,2,4552754,20,1289,0,0,0,77,17,9653474916,33605532287,34144640198
1790907767,52036328,103071117312,0,0,0,0,0,2,2,4552754,20,1289,0,0,0,77,17,9653474916,33605532287,34144640198
1790907768,52070232,103076270080,0,0,0,0,0,2,2,4565580,20,1289,0,0,0,77,17,9653474916,33605532287,34144640198
1790907769,52090872,103076798464,0,0,0,0,0,2,2,4565580,20,1289,0,0,0,77,17,9653474916,33605532287,34144640198
1790907770,52121232,103068491776,0,0,0,0,0,2,2,4578256,20,1289,0,0,0,77,17,9653474916,33605532287,34144640198
1790907771,52156064,103077220352,0,0,0,0,0,2,2,4578256,20,1289,0,0,0,77,17,9653474916,33605532287,34144640198
1790907772,52194288,103074168832,0,0,0,0,0,2,2,4591010,20,1289,0,0,0,77,17,9653474916,33605532287,34144640198
1790907773,52225408,103034454016,0,0,0,0,0,2,2,4591010,20,1289,0,0,0,77,17,9653474916,33605532287,34144640198
1790907774,52248120,103056084992,0,0,0,0,0,2,2,4603654,20,1289,0,0,0,77,17,9653474916,33605532287,34144640198
1790907775,52272308,103066624000,0,0,0,0,0,2,2,4603654,20,1289,0,0,0,77,17,9653474916,33605532287,34144640198
1790907776,52303668,103067639808,0,0,0,0,0,2,2,4616311,20,1289,0,0,0,77,17,9653474916,33605532287,34144640198
1790907777,52334444,103064588288,0,0,0,0,0,2,2,4616311,20,1289,0,0,0,77,17,9653474916,33605532287,34144640198
1790907778,52355424,103061626880,0,0,0,0,0,2,2,4628726,20,1289,0,0,0,77,17,9653474916,33605532287,34144640198
1790907779,52380296,103078965248,0,0,0,0,0,2,2,4628726,20,1289,0,0,0,77,17,9653474916,33605532287,34144640198
1790907780,52394748,103070031872,0,0,0,0,0,2,2,4641425,20,1289,0,0,0,77,17,9653474916,33605532287,34144640198
1790907781,52418268,103063277568,0,0,0,0,0,2,2,4654085,20,1289,0,0,0,77,17,9653474916,33605532287,34144640198
1790907782,52453960,103038787584,0,0,0,0,0,2,2,4654085,20,1289,0,0,0,77,17,9653474916,33605532287,34144640198
1790907783,52486620,103045238784,0,0,0,0,0,2,2,4666823,20,1289,0,0,0,77,17,9653474916,33605532287,34144640198
1790907785,52519076,103064367104,0,0,0,0,0,2,2,4666823,20,1289,0,0,0,77,17,9653474916,33605532287,34144640198
1790907786,52565620,103070081024,0,0,0,0,0,2,2,4679535,20,1289,0,0,0,77,17,9653474916,33605532287,34144640198
1790907787,52626448,103073042432,0,0,0,0,0,2,2,4679535,20,1289,0,0,0,77,17,9653474916,33605532287,34144640198
1790907788,52662676,103048409088,0,0,0,0,0,2,2,4692116,20,1289,0,0,0,77,17,9653474916,33605532287,34144640198
1790907789,52717588,103076347904,0,0,0,0,0,2,2,4692116,20,1289,0,0,0,77,17,9653474916,33605532287,34144640198
1790907790,52759200,103076708352,0,0,0,0,0,2,2,4704839,20,1289,0,0,0,77,17,9653474916,33605532287,34144640198
1790907791,52792832,103068590080,0,0,0,0,0,2,2,4704839,20,1289,0,0,0,77,17,9653474916,33605532287,34144640198
1790907792,52849096,103049920512,0,0,0,0,0,2,2,4717600,20,1289,0,0,0,77,17,9653474916,33605532287,34144640198
1790907793,52898424,103063646208,0,0,0,0,0,2,2,4717600,20,1289,0,0,0,77,17,9653474916,33605532287,34144640198
1790907794,52945244,103071047680,0,0,0,0,0,2,2,4730388,20,1289,0,0,0,77,17,9653474916,33605532287,34144640198
1790907795,52983780,103076687872,0,0,0,0,0,2,2,4730388,20,1289,0,0,0,77,17,9653474916,33605532287,34144640198
1790907796,53012504,103079215104,0,0,0,0,0,2,2,4743051,20,1289,0,0,0,77,17,9653474916,33605532287,34144640198
1790907797,53045216,103072317440,0,0,0,0,0,2,2,4743051,20,1289,0,0,0,77,17,9653474916,33605532287,34144640198
1790907798,53075948,103051075584,0,0,0,0,0,2,2,4755833,20,1289,0,0,0,77,17,9653474916,33605532287,34144640198
1790907799,53111236,103060197376,0,0,0,0,0,2,2,4755833,20,1289,0,0,0,77,17,9653474916,33605532287,34144640198
1790907800,53142872,103062102016,0,0,0,0,0,2,2,4768581,20,1289,0,0,0,77,17,9653474916,33605532287,34144640198
1790907801,53167732,103078117376,0,0,0,0,0,2,2,4768581,20,1289,0,0,0,77,17,9653474916,33605532287,34144640198
1790907802,53191788,103077359616,0,0,0,0,0,2,2,4781287,20,1289,0,0,0,77,17,9653474916,33605532287,34144640198
1790907803,53221944,103055765504,0,0,0,0,0,2,2,4781287,20,1289,0,0,0,77,17,9653474916,33605532287,34144640198
1790907804,53249552,103070814208,0,0,0,0,0,2,2,4794002,20,1289,0,0,0,77,17,9653474916,33605532287,34144640198
1790907806,53280332,103070236672,0,0,0,0,0,2,2,4806649,20,1289,0,0,0,77,17,9653474916,33605532287,34144640198
1790907807,53313340,103041871872,0,0,0,0,0,2,2,4806649,20,1289,0,0,0,77,17,9653474916,33605532287,34144640198
1790907808,53347068,103067922432,0,0,0,0,0,2,2,4819381,20,1289,0,0,0,77,17,9653474916,33605532287,34144640198
1790907809,53387652,103073128448,0,0,0,0,0,2,2,4819381,20,1289,0,0,0,77,17,9653474916,33605532287,34144640198
1790907810,53431556,103053869056,0,0,0,0,0,2,2,4832125,20,1289,0,0,0,77,17,9653474916,33605532287,34144640198
1790907811,53472032,103071969280,0,0,0,0,0,2,2,4832125,20,1289,0,0,0,77,17,9653474916,33605532287,34144640198
1790907812,53507588,103077928960,0,0,0,0,0,2,2,4844833,20,1289,0,0,0,77,17,9653474916,33605532287,34144640198
1790907813,53546748,103076184064,0,0,0,0,0,2,2,4844833,20,1289,0,0,0,77,17,9653474916,33605532287,34144640198
1790907814,53593428,103048777728,0,0,0,0,0,2,2,4857336,20,1289,0,0,0,77,17,9653474916,33605532287,34144640198
1790907815,53635512,103078035456,0,0,0,0,0,2,2,4857336,20,1289,0,0,0,77,17,9653474916,33605532287,34144640198
1790907816,53690668,103042035712,0,0,0,0,0,2,2,4870033,20,1289,0,0,0,77,17,9653474916,33605532287,34144640198
1790907817,53737928,103075405824,0,0,0,0,0,2,2,4870033,20,1289,0,0,0,77,17,9653474916,33605532287,34144640198
1790907818,53784724,103058472960,0,0,0,0,0,2,2,4882805,20,1289,0,0,0,77,17,9653474916,33605532287,34144640198
1790907819,53818184,103058706432,0,0,0,0,0,2,2,4882805,20,1289,0,0,0,77,17,9653474916,33605532287,34144640198
1790907820,53858044,103050772480,0,0,0,0,0,2,2,4895648,20,1289,0,0,0,77,17,9653474916,33605532287,34144640198
1790907821,53871816,103073419264,0,0,0,0,0,2,2,4895648,20,1289,0,0,0,77,17,9653474916,33605532287,34144640198
1790907822,53899752,103062228992,0,0,0,0,0,2,2,4908422,20,1289,0,0,0,77,17,9653474916,33605532287,34144640198
1790907823,53927976,103069540352,0,0,0,0,0,2,2,4908422,20,1289,0,0,0,77,17,9653474916,33605532287,34144640198
1790907824,53955404,103045742592,0,0,0,0,0,2,2,4921137,20,1289,0,0,0,77,17,9653474916,33605532287,34144640198
1790907825,53963000,103076737024,0,0,0,0,0,2,2,4921137,20,1289,0,0,0,77,17,9653474916,33605532287,34144640198
1790907827,53981996,103074717696,0,0,0,0,0,2,2,4933930,20,1289,0,0,0,77,17,9653474916,33605532287,34144640198
1790907828,53990480,103046828032,0,0,0,0,0,2,2,4946750,20,1289,0,0,0,77,17,9653474916,33605532287,34144640198
1790907829,54011952,103078772736,0,0,0,0,0,2,2,4946750,20,1289,0,0,0,77,17,9653474916,33605532287,34144640198
1790907830,54034004,103064035328,0,0,0,0,0,2,2,4959478,20,1289,0,0,0,77,17,9653474916,33605532287,34144640198
1790907831,54052044,103077494784,0,0,0,0,0,2,2,4959478,20,1289,0,0,0,77,17,9653474916,33605532287,34144640198
1790907832,54072984,103054979072,0,0,0,0,0,2,2,4972303,20,1289,0,0,0,77,17,9653474916,33605532287,34144640198
1790907833,54091948,103047065600,0,0,0,0,0,2,2,4972303,20,1289,0,0,0,77,17,9653474916,33605532287,34144640198
1790907834,54116496,103055765504,0,0,0,0,0,2,2,4985080,20,1289,0,0,0,77,17,9653474916,33605532287,34144640198
1790907835,54128476,103072972800,0,0,0,0,0,2,2,4985080,20,1289,0,0,0,77,17,9653474916,33605532287,34144640198
1790907836,54140640,103074189312,0,0,0,0,0,2,2,4997762,20,1289,0,0,0,77,17,9653474916,33605532287,34144640198
1790907837,54164248,103074467840,0,0,0,0,0,2,2,4997762,20,1289,0,0,0,77,17,9653474916,33605532287,34144640198
1790907838,54182580,103072534528,0,0,0,0,0,2,2,5010432,20,1289,0,0,0,77,17,9653474916,33605532287,34144640198
1790907839,54219752,103076032512,0,0,0,0,0,2,2,5010432,20,1289,0,0,0,77,17,9653474916,33605532287,34144640198
1790907840,54240240,103070765056,0,0,0,0,0,2,2,5022963,20,1289,0,0,0,77,17,9653474916,33605532287,34144640198
1790907841,54280712,103072727040,0,0,0,0,0,2,2,5022963,20,1289,0,0,0,77,17,9653474916,33605532287,34144640198
1790907842,54305208,103079034880,0,0,0,0,0,2,2,5035703,20,1289,0,0,0,77,17,9653474916,33605532287,34144640198
1790907843,54351836,103063642112,0,0,0,0,0,2,2,5035703,20,1289,0,0,0,77,17,9653474916,33605532287,34144640198
1790907844,54386320,103070547968,0,0,0,0,0,2,2,5048427,20,1289,0,0,0,77,17,9653474916,33605532287,34144640198
1790907845,54420572,103071678464,0,0,0,0,0,2,2,5048427,20,1289,0,0,0,77,17,9653474916,33605532287,34144640198
1790907846,54459932,103072178176,0,0,0,0,0,2,2,5061239,20,1289,0,0,0,77,17,9653474916,33605532287,34144640198
1790907848,54476984,103063044096,0,0,0,0,0,2,2,5061239,20,1289,0,0,0,77,17,9653474916,33605532287,34144640198
1790907849,54514564,103074738176,0,0,0,0,0,2,2,5073885,20,1289,0,0,0,77,17,9653474916,33605532287,34144640198
1790907850,54559256,103075475456,0,0,0,0,0,3,3,5085762,20,1289,1,0,1,77,17,9653474916,33605532287,34144640198
1790907851,54578812,103078404096,0,0,0,0,0,3,3,5085762,20,1289,1,0,1,77,17,9653474916,33605532287,34144640198
1790907852,54607828,103074107392,0,0,0,0,0,3,3,5097378,20,1293,1,0,1,77,17,9653474916,33605532287,34144640198
1790907853,54620156,103068577792,0,0,0,0,0,3,3,5097378,20,1293,1,0,1,77,17,9653474916,33605532287,34144640198
1790907854,54651120,103071547392,0,0,0,0,0,3,3,5108866,20,1299,1,0,1,77,17,9653474916,33605532287,34144640198
1790907855,54648320,103065313280,0,0,0,0,0,3,3,5108866,20,1299,1,0,1,77,17,9653474916,33605532287,34144640198
1790907856,54668640,103078158336,0,0,0,0,0,3,3,5120466,20,1308,1,0,1,77,17,9653474916,33605532287,34144640198
1790907857,54690512,103068983296,0,0,0,0,0,3,3,5120466,20,1308,1,0,1,77,17,9653474916,33605532287,34144640198
1790907858,54707468,103048011776,0,0,0,0,0,3,3,5132088,20,1316,1,0,1,77,17,9653474916,33605532287,34144640198
1790907859,54719600,103074881536,0,0,0,0,0,3,3,5132088,20,1316,1,0,1,77,17,9653474916,33605532287,34144640198
1790907860,54732068,103054790656,0,0,0,0,0,3,3,5143174,20,1324,1,0,1,77,17,9653474916,33605532287,34144640198
1790907861,54760168,103073443840,0,0,0,0,0,3,3,5143174,20,1324,1,0,1,77,17,9653474916,33605532287,34144640198
1790907862,54781080,103064526848,0,0,0,0,0,3,3,5154631,20,1325,1,0,1,77,17,9653474916,33605532287,34144640198
1790907863,54791972,103079092224,0,0,0,0,0,3,3,5154631,20,1325,1,0,1,77,17,9653474916,33605532287,34144640198
1790907864,54820576,103053361152,0,0,0,0,0,3,3,5166025,20,1325,1,0,1,77,17,9653474916,33605532287,34144640198
1790907865,54835460,103071555584,0,0,0,0,0,3,3,5166025,20,1325,1,0,1,77,17,9653474916,33605532287,34144640198
1790907866,54846436,103073091584,0,0,0,0,0,3,3,5177448,20,1325,1,0,1,77,17,9653474916,33605532287,34144640198
1790907867,54851416,103078686720,0,0,0,0,0,3,3,5177448,20,1325,1,0,1,77,17,9653474916,33605532287,34144640198
1790907869,54872456,103055470592,0,0,0,0,0,3,3,5188830,20,1325,1,0,1,77,17,9653474916,33605532287,34144640198
1790907870,54328840,102644117504,0,0,0,0,0,3,3,5188830,20,1325,1,0,1,77,17,9653474916,33605532287,34144640198
1790907871,51191724,101177032704,0,0,0,0,0,3,3,5198854,22,1329,0,1,0,115,18,14480456536,33608909206,34151401187
1790907872,51119792,102830936064,0,0,0,0,0,3,3,5204498,22,1341,0,1,0,115,18,14480456536,33608909206,34151401187
1790907873,50837300,103047663616,0,0,0,0,0,3,3,5204498,22,1341,0,1,0,115,18,14480456536,33608909206,34151401187
1790907874,50395668,103025258496,0,0,0,0,0,3,3,5210182,22,1348,0,1,0,115,18,14480456536,33608909206,34151401187
1790907875,49723072,103064330240,0,0,0,0,0,3,3,5210182,22,1348,0,1,0,115,18,14480456536,33608909206,34151401187
1790907876,48953896,103072776192,0,0,0,0,0,3,3,5214714,22,1362,0,1,0,115,18,14480456536,33608909206,34151401187
1790907877,48313156,103075717120,0,0,0,0,0,3,3,5214714,22,1362,0,1,0,115,18,14480456536,33608909206,34151401187
1790907878,47791528,103036141568,0,0,0,0,0,3,3,5218775,22,1379,0,1,0,115,18,14480456536,33608909206,34151401187
1790907879,47403152,103078219776,0,0,0,0,0,3,3,5218775,22,1379,0,1,0,115,18,14480456536,33608909206,34151401187
1790907880,47009120,103039610880,0,0,0,0,0,3,3,5223878,22,1388,0,1,0,115,18,14480456536,33608909206,34151401187
1790907881,46966816,103072919552,0,0,0,0,0,3,3,5223878,22,1388,0,1,0,115,18,14480456536,33608909206,34151401187
1790907882,46793464,103025065984,0,0,0,0,0,3,3,5229803,22,1396,0,1,0,115,18,14480456536,33608909206,34151401187
1790907883,46800496,103077277696,0,0,0,0,0,3,3,5229803,22,1396,0,1,0,115,18,14480456536,33608909206,34151401187
1790907885,46690440,103076343808,0,0,0,0,0,3,3,5234575,22,1410,0,1,0,115,18,14480456536,33608909206,34151401187
1790907886,46696136,103074775040,0,0,0,0,0,3,3,5234575,22,1410,0,1,0,115,18,14480456536,33608909206,34151401187
1790907887,46709860,103047315456,0,0,0,0,0,3,3,5239605,22,1417,0,1,0,115,18,14480456536,33608909206,34151401187
1790907888,46685364,103069442048,0,0,0,0,0,3,3,5239605,22,1417,0,1,0,115,18,14480456536,33608909206,34151401187
1790907889,46735072,103060492288,0,0,0,0,0,3,3,5247201,22,1427,0,1,0,115,18,14480456536,33608909206,34151401187
1790907890,46724364,103060180992,0,0,0,0,0,3,3,5247201,22,1427,0,1,0,115,18,14480456536,33608909206,34151401187
1790907891,46708872,98846564352,0,0,0,0,0,3,3,5255797,22,1430,0,1,0,115,18,14480456536,33608909206,34151401187
1790907892,46712956,98859003904,0,0,0,0,0,3,3,5265162,25,1360,0,0,0,115,21,14480456536,38566924152,39237390210
1790907893,46788216,92585582592,0,0,0,0,0,3,3,5265162,25,1360,0,0,0,115,21,14480456536,38566924152,39237390210
1790907894,46855180,93221179392,0,0,0,0,0,3,3,5275210,26,1350,0,0,0,115,22,14480456536,46677235695,47516204555
1790907895,46924068,91360460800,0,0,0,0,0,3,3,5275210,26,1350,0,0,0,115,22,14480456536,46677235695,47516204555
1790907896,47002356,92025638912,0,0,0,0,0,3,3,5286839,27,1311,0,0,0,115,23,14480456536,49181889982,50107312587
1790907897,47061368,92665253888,0,0,0,0,0,3,3,5286839,27,1311,0,0,0,115,23,14480456536,49181889982,50107312587
1790907898,47129784,93315284992,0,0,0,0,0,3,3,5299182,27,1311,0,0,0,115,23,14480456536,49181889982,50107312587
1790907899,47195448,93958922240,0,0,0,0,0,3,3,5299182,27,1311,0,0,0,115,23,14480456536,49181889982,50107312587
1790907900,47247328,94597398528,0,0,0,0,0,3,3,5311730,27,1311,0,0,0,115,23,14480456536,49181889982,50107312587
1790907901,47284396,95217811456,0,0,0,0,0,3,3,5311730,27,1311,0,0,0,115,23,14480456536,49181889982,50107312587
1790907902,47305484,95812669440,0,0,0,0,0,3,3,5324268,27,1311,0,0,0,115,23,14480456536,49181889982,50107312587
1790907903,47337760,96424591360,0,0,0,0,0,3,3,5324268,27,1311,0,0,0,115,23,14480456536,49181889982,50107312587
1790907904,47346848,97003859968,0,0,0,0,0,3,3,5336825,27,1311,0,0,0,115,23,14480456536,49181889982,50107312587
1790907906,47382892,97603899392,0,0,0,0,0,3,3,5336825,27,1311,0,0,0,115,23,14480456536,49181889982,50107312587
1790907907,47426688,98223476736,0,0,0,0,0,3,3,5349493,27,1311,0,0,0,115,23,14480456536,49181889982,50107312587
1790907908,47445028,98807717888,0,0,0,0,0,3,3,5349493,27,1311,0,0,0,115,23,14480456536,49181889982,50107312587
1790907909,47512748,99453796352,0,0,0,0,0,3,3,5362067,27,1311,0,0,0,115,23,14480456536,49181889982,50107312587
1790907910,47559252,100063379456,0,0,0,0,0,3,3,5362067,27,1311,0,0,0,115,23,14480456536,49181889982,50107312587
1790907911,47594892,100667756544,0,0,0,0,0,3,3,5374764,27,1311,0,0,0,115,23,14480456536,49181889982,50107312587
1790907912,47633364,101272600576,0,0,0,0,0,3,3,5374764,27,1311,0,0,0,115,23,14480456536,49181889982,50107312587
1790907913,47671692,101875724288,0,0,0,0,0,3,3,5387478,27,1311,0,0,0,115,23,14480456536,49181889982,50107312587
1790907914,47741816,102515888128,0,0,0,0,0,3,3,5400219,27,1311,0,0,0,115,23,14480456536,49181889982,50107312587
1790907915,47791084,103072382976,0,0,0,0,0,3,3,5400219,27,1311,0,0,0,115,23,14480456536,49181889982,50107312587
1790907916,47816768,103057330176,0,0,0,0,0,3,3,5413045,27,1311,0,0,0,115,23,14480456536,49181889982,50107312587
1790907917,47829716,103060049920,0,0,0,0,0,3,3,5413045,27,1311,0,0,0,115,23,14480456536,49181889982,50107312587
1790907918,47856596,103069454336,0,0,0,0,0,3,3,5425681,27,1311,0,0,0,115,23,14480456536,49181889982,50107312587
1790907919,47860896,103078031360,0,0,0,0,0,3,3,5425681,27,1311,0,0,0,115,23,14480456536,49181889982,50107312587
1790907920,47885808,103066501120,0,0,0,0,0,3,3,5438292,27,1311,0,0,0,115,23,14480456536,49181889982,50107312587
1790907921,47877384,103048388608,0,0,0,0,0,3,3,5438292,27,1311,0,0,0,115,23,14480456536,49181889982,50107312587
1790907922,47898692,103066972160,0,0,0,0,0,3,3,5450072,27,1311,0,0,0,115,23,14480456536,49181889982,50107312587
1790907923,47919968,103075201024,0,0,0,0,0,3,3,5450072,27,1311,0,0,0,115,23,14480456536,49181889982,50107312587
1790907924,47949012,103073271808,0,0,0,0,0,3,3,5462594,27,1311,0,0,0,115,23,14480456536,49181889982,50107312587
1790907925,47956688,103063793664,0,0,0,0,0,3,3,5462594,27,1311,0,0,0,115,23,14480456536,49181889982,50107312587
1790907927,47970896,103063810048,0,0,0,0,0,3,3,5475346,27,1311,0,0,0,115,23,14480456536,49181889982,50107312587
1790907928,47992812,103063289856,0,0,0,0,0,3,3,5475346,27,1311,0,0,0,115,23,14480456536,49181889982,50107312587
1790907929,48023052,103034454016,0,0,0,0,0,3,3,5487705,27,1311,0,0,0,115,23,14480456536,49181889982,50107312587
1790907930,48048028,103023882240,0,0,0,0,0,3,3,5487705,27,1311,0,0,0,115,23,14480456536,49181889982,50107312587
1790907931,48073908,103066169344,0,0,0,0,0,3,3,5500299,27,1311,0,0,0,115,23,14480456536,49181889982,50107312587
1790907932,48100696,103069499392,0,0,0,0,0,3,3,5500299,27,1311,0,0,0,115,23,14480456536,49181889982,50107312587
1790907933,48119736,103047622656,0,0,0,0,0,3,3,5513050,27,1311,0,0,0,115,23,14480456536,49181889982,50107312587
1790907934,48147916,103076409344,0,0,0,0,0,3,3,5513050,27,1311,0,0,0,115,23,14480456536,49181889982,50107312587
1790907935,48178332,103076696064,0,0,0,0,0,3,3,5525694,27,1311,0,0,0,115,23,14480456536,49181889982,50107312587
1790907936,48206524,103073116160,0,0,0,0,0,3,3,5525694,27,1311,0,0,0,115,23,14480456536,49181889982,50107312587
1790907937,48251488,103062032384,0,0,0,0,0,3,3,5538460,27,1311,0,0,0,115,23,14480456536,49181889982,50107312587
1790907938,48292292,103071059968,0,0,0,0,0,3,3,5551214,27,1311,0,0,0,115,23,14480456536,49181889982,50107312587
1790907939,48347872,103069577216,0,0,0,0,0,3,3,5551214,27,1311,0,0,0,115,23,14480456536,49181889982,50107312587
1790907940,48404004,103070920704,0,0,0,0,0,3,3,5563927,27,1311,0,0,0,115,23,14480456536,49181889982,50107312587
1790907941,48472660,103043694592,0,0,0,0,0,3,3,5563927,27,1311,0,0,0,115,23,14480456536,49181889982,50107312587
1790907942,48541160,103076007936,0,0,0,0,0,3,3,5576682,27,1311,0,0,0,115,23,14480456536,49181889982,50107312587
1790907943,48591752,103069757440,0,0,0,0,0,3,3,5576682,27,1311,0,0,0,115,23,14480456536,49181889982,50107312587
1790907944,48620640,103077728256,0,0,0,0,0,3,3,5589445,27,1311,0,0,0,115,23,14480456536,49181889982,50107312587
1790907945,48679280,103076569088,0,0,0,0,0,3,3,5589445,27,1311,0,0,0,115,23,14480456536,49181889982,50107312587
1790907946,48727184,103073230848,0,0,0,0,0,3,3,5602059,27,1311,0,0,0,115,23,14480456536,49181889982,50107312587
1790907948,48775288,103073288192,0,0,0,0,0,3,3,5602059,27,1311,0,0,0,115,23,14480456536,49181889982,50107312587
1790907949,48818052,103047299072,0,0,0,0,0,3,3,5614716,27,1311,0,0,0,115,23,14480456536,49181889982,50107312587
1790907950,48861152,103071494144,0,0,0,0,0,3,3,5614716,27,1311,0,0,0,115,23,14480456536,49181889982,50107312587
1790907951,48913996,103056752640,0,0,0,0,0,3,3,5627395,27,1311,0,0,0,115,23,14480456536,49181889982,50107312587
1790907952,48940928,103061987328,0,0,0,0,0,3,3,5627395,27,1311,0,0,0,115,23,14480456536,49181889982,50107312587
1790907953,49012056,103066988544,0,0,0,0,0,3,3,5640056,27,1311,0,0,0,115,23,14480456536,49181889982,50107312587
1790907954,49069052,103072182272,0,0,0,0,0,3,3,5640056,27,1311,0,0,0,115,23,14480456536,49181889982,50107312587
1790907955,49117068,103078096896,0,0,0,0,0,3,3,5652686,27,1311,0,0,0,115,23,14480456536,49181889982,50107312587
1790907956,49143696,103078621184,0,0,0,0,0,3,3,5652686,27,1311,0,0,0,115,23,14480456536,49181889982,50107312587
1790907957,49202616,103059734528,0,0,0,0,0,3,3,5665246,27,1311,0,0,0,115,23,14480456536,49181889982,50107312587
1790907958,49258264,103031820288,0,0,0,0,0,3,3,5665246,27,1311,0,0,0,115,23,14480456536,49181889982,50107312587
1790907959,49296424,103062167552,0,0,0,0,0,3,3,5677822,27,1311,0,0,0,115,23,14480456536,49181889982,50107312587
1790907960,49348212,103047925760,0,0,0,0,0,3,3,5690233,27,1311,0,0,0,115,23,14480456536,49181889982,50107312587
1790907961,49379164,103078899712,0,0,0,0,0,3,3,5690233,27,1311,0,0,0,115,23,14480456536,49181889982,50107312587
1790907962,49422908,103048163328,0,0,0,0,0,3,3,5702988,27,1311,0,0,0,115,23,14480456536,49181889982,50107312587
1790907963,49467024,103078498304,0,0,0,0,0,3,3,5702988,27,1311,0,0,0,115,23,14480456536,49181889982,50107312587
1790907964,49509184,103066611712,0,0,0,0,0,3,3,5715652,27,1311,0,0,0,115,23,14480456536,49181889982,50107312587
1790907965,49554008,103076442112,0,0,0,0,0,3,3,5715652,27,1311,0,0,0,115,23,14480456536,49181889982,50107312587
1790907966,49595192,103069675520,0,0,0,0,0,3,3,5728271,27,1311,0,0,0,115,23,14480456536,49181889982,50107312587
1790907967,49637176,103063003136,0,0,0,0,0,3,3,5728271,27,1311,0,0,0,115,23,14480456536,49181889982,50107312587
1790907969,49680000,103045152768,0,0,0,0,0,3,3,5740825,27,1311,0,0,0,115,23,14480456536,49181889982,50107312587
1790907970,49722468,103057887232,0,0,0,0,0,3,3,5740825,27,1311,0,0,0,115,23,14480456536,49181889982,50107312587
1790907971,49761756,103055020032,0,0,0,0,0,3,3,5753582,27,1311,0,0,0,115,23,14480456536,49181889982,50107312587
1790907972,49779424,103073587200,0,0,0,0,0,3,3,5753582,27,1311,0,0,0,115,23,14480456536,49181889982,50107312587
1790907973,49818568,103064027136,0,0,0,0,0,3,3,5766268,27,1311,0,0,0,115,23,14480456536,49181889982,50107312587
1790907974,49844600,103058116608,0,0,0,0,0,3,3,5766268,27,1311,0,0,0,115,23,14480456536,49181889982,50107312587
1790907975,49872976,103060144128,0,0,0,0,0,3,3,5778883,27,1311,0,0,0,115,23,14480456536,49181889982,50107312587
1790907976,49907832,103079100416,0,0,0,0,0,3,3,5778883,27,1311,0,0,0,115,23,14480456536,49181889982,50107312587
1790907977,49943520,103063072768,0,0,0,0,0,3,3,5791503,27,1311,0,0,0,115,23,14480456536,49181889982,50107312587
1790907978,49976228,103069409280,0,0,0,0,0,3,3,5791503,27,1311,0,0,0,115,23,14480456536,49181889982,50107312587
1790907979,50011292,103072071680,0,0,0,0,0,3,3,5804130,27,1311,0,0,0,115,23,14480456536,49181889982,50107312587
1790907980,50050812,103078383616,0,0,0,0,0,3,3,5804130,27,1311,0,0,0,115,23,14480456536,49181889982,50107312587
1790907981,50089352,103044644864,0,0,0,0,0,3,3,5816689,27,1311,0,0,0,115,23,14480456536,49181889982,50107312587
1790907982,50124468,103066976256,0,0,0,0,0,3,3,5816689,27,1311,0,0,0,115,23,14480456536,49181889982,50107312587
1790907983,50160776,103065608192,0,0,0,0,0,3,3,5829384,27,1311,0,0,0,115,23,14480456536,49181889982,50107312587
1790907984,50190352,103068622848,0,0,0,0,0,3,3,5841921,27,1311,0,0,0,115,23,14480456536,49181889982,50107312587
1790907985,50217420,103061770240,0,0,0,0,0,3,3,5841921,27,1311,0,0,0,115,23,14480456536,49181889982,50107312587
1790907986,50237924,103055392768,0,0,0,0,0,3,3,5854493,27,1311,0,0,0,115,23,14480456536,49181889982,50107312587
1790907987,50261096,103062958080,0,0,0,0,0,3,3,5854493,27,1311,0,0,0,115,23,14480456536,49181889982,50107312587
1790907988,50279116,103075172352,0,0,0,0,0,3,3,5867092,27,1311,0,0,0,115,23,14480456536,49181889982,50107312587
1790907990,50312208,103053422592,0,0,0,0,0,3,3,5867092,27,1311,0,0,0,115,23,14480456536,49181889982,50107312587
1790907991,50342944,103078309888,0,0,0,0,0,3,3,5879447,27,1311,0,0,0,115,23,14480456536,49181889982,50107312587
1790907992,50377564,103065079808,0,0,0,0,0,3,3,5879447,27,1311,0,0,0,115,23,14480456536,49181889982,50107312587
1790907993,50409876,103056547840,0,0,0,0,0,3,3,5892056,27,1311,0,0,0,115,23,14480456536,49181889982,50107312587
1790907994,50431156,103064604672,0,0,0,0,0,3,3,5892056,27,1311,0,0,0,115,23,14480456536,49181889982,50107312587
1790907995,50451772,103066759168,0,0,0,0,0,3,3,5904709,27,1311,0,0,0,115,23,14480456536,49181889982,50107312587
1790907996,50483392,103068217344,0,0,0,0,0,3,3,5904709,27,1311,0,0,0,115,23,14480456536,49181889982,50107312587
1790907997,50499000,103063547904,0,0,0,0,0,3,3,5917149,27,1311,0,0,0,115,23,14480456536,49181889982,50107312587
1790907998,50515576,103067574272,0,0,0,0,0,3,3,5917149,27,1311,0,0,0,115,23,14480456536,49181889982,50107312587
1790907999,50536488,103052230656,0,0,0,0,0,3,3,5929688,27,1311,0,0,0,115,23,14480456536,49181889982,50107312587
1790908000,50576356,103043457024,0,0,0,0,0,3,3,5929688,27,1311,0,0,0,115,23,14480456536,49181889982,50107312587
1790908001,50619840,103071404032,0,0,0,0,0,3,3,5942317,27,1311,0,0,0,115,23,14480456536,49181889982,50107312587
1790908002,50660648,103075536896,0,0,0,0,0,3,3,5942317,27,1311,0,0,0,115,23,14480456536,49181889982,50107312587
1790908003,50702480,103068585984,0,0,0,0,0,3,3,5954898,27,1311,0,0,0,115,23,14480456536,49181889982,50107312587
1790908004,50746364,103039008768,0,0,0,0,0,3,3,5954898,27,1311,0,0,0,115,23,14480456536,49181889982,50107312587
1790908005,50787760,103067901952,0,0,0,0,0,3,3,5967612,27,1311,0,0,0,115,23,14480456536,49181889982,50107312587
1790908006,50829080,103071670272,0,0,0,0,0,3,3,5980262,27,1311,0,0,0,115,23,14480456536,49181889982,50107312587
1790908007,50877428,103039471616,0,0,0,0,0,3,3,5980262,27,1311,0,0,0,115,23,14480456536,49181889982,50107312587
1790908008,50922324,103072083968,0,0,0,0,0,3,3,5992830,27,1311,0,0,0,115,23,14480456536,49181889982,50107312587
1790908009,50956592,103075262464,0,0,0,0,0,3,3,5992830,27,1311,0,0,0,115,23,14480456536,49181889982,50107312587
1790908011,50978584,103055577088,0,0,0,0,0,3,3,6005449,27,1311,0,0,0,115,23,14480456536,49181889982,50107312587
1790908012,50994952,103048888320,0,0,0,0,0,3,3,6005449,27,1311,0,0,0,115,23,14480456536,49181889982,50107312587
1790908013,51012040,103045468160,0,0,0,0,0,3,3,6018206,27,1311,0,0,0,115,23,14480456536,49181889982,50107312587
1790908014,51023008,103063937024,0,0,0,0,0,3,3,6018206,27,1311,0,0,0,115,23,14480456536,49181889982,50107312587
1790908015,51038248,103050588160,0,0,0,0,0,3,3,6030925,27,1311,0,0,0,115,23,14480456536,49181889982,50107312587
1790908016,51062000,103059779584,0,0,0,0,0,3,3,6030925,27,1311,0,0,0,115,23,14480456536,49181889982,50107312587
1790908017,51084916,103063662592,0,0,0,0,0,3,3,6043498,27,1311,0,0,0,115,23,14480456536,49181889982,50107312587
1790908018,51116360,103065042944,0,0,0,0,0,3,3,6043498,27,1311,0,0,0,115,23,14480456536,49181889982,50107312587
1790908019,51158980,103078076416,0,0,0,0,0,3,3,6056116,27,1311,0,0,0,115,23,14480456536,49181889982,50107312587
1790908020,51179944,103064055808,0,0,0,0,0,3,3,6056116,27,1311,0,0,0,115,23,14480456536,49181889982,50107312587
1790908021,51223120,103059857408,0,0,0,0,0,3,3,6068644,27,1311,0,0,0,115,23,14480456536,49181889982,50107312587
1790908022,51260980,103075794944,0,0,0,0,0,3,3,6068644,27,1311,0,0,0,115,23,14480456536,49181889982,50107312587
1790908023,51300156,103064510464,0,0,0,0,0,3,3,6081157,27,1311,0,0,0,115,23,14480456536,49181889982,50107312587
1790908024,51343660,103072313344,0,0,0,0,0,3,3,6081157,27,1311,0,0,0,115,23,14480456536,49181889982,50107312587
1790908025,51373840,103078600704,0,0,0,0,0,3,3,6093899,27,1311,0,0,0,115,23,14480456536,49181889982,50107312587
1790908026,51400388,103074209792,0,0,0,0,0,3,3,6093899,27,1311,0,0,0,115,23,14480456536,49181889982,50107312587
1790908027,51427012,103078879232,0,0,0,0,0,3,3,6106579,27,1311,0,0,0,115,23,14480456536,49181889982,50107312587
1790908028,51456940,103067869184,0,0,0,0,0,3,3,6119292,27,1311,0,0,0,115,23,14480456536,49181889982,50107312587
1790908029,51467684,103069618176,0,0,0,0,0,3,3,6119292,27,1311,0,0,0,115,23,14480456536,49181889982,50107312587
1790908030,51481848,103076106240,0,0,0,0,0,3,3,6131849,27,1311,0,0,0,115,23,14480456536,49181889982,50107312587
1790908032,51510460,103041327104,0,0,0,0,0,3,3,6131849,27,1311,0,0,0,115,23,14480456536,49181889982,50107312587
1790908033,51535976,103049859072,0,0,0,0,0,3,3,6144495,27,1311,0,0,0,115,23,14480456536,49181889982,50107312587
1790908034,51559724,103061954560,0,0,0,0,0,3,3,6144495,27,1311,0,0,0,115,23,14480456536,49181889982,50107312587
1790908035,51613008,103062016000,0,0,0,0,0,3,3,6157207,27,1311,0,0,0,115,23,14480456536,49181889982,50107312587
1790908036,51644148,103063461888,0,0,0,0,0,3,3,6157207,27,1311,0,0,0,115,23,14480456536,49181889982,50107312587
1790908037,51687424,103048847360,0,0,0,0,0,3,3,6169727,27,1311,0,0,0,115,23,14480456536,49181889982,50107312587
1790908038,51732900,103075811328,0,0,0,0,0,3,3,6169727,27,1311,0,0,0,115,23,14480456536,49181889982,50107312587
1790908039,51758512,103074615296,0,0,0,0,0,3,3,6182473,27,1311,0,0,0,115,23,14480456536,49181889982,50107312587
1790908040,51792488,103078346752,0,0,0,0,0,3,3,6182473,27,1311,0,0,0,115,23,14480456536,49181889982,50107312587
1790908041,51823696,103072088064,0,0,0,0,0,3,3,6195007,27,1311,0,0,0,115,23,14480456536,49181889982,50107312587
1790908042,51862176,103079120896,0,0,0,0,0,3,3,6195007,27,1311,0,0,0,115,23,14480456536,49181889982,50107312587
1790908043,51898548,103045341184,0,0,0,0,0,3,3,6207515,27,1311,0,0,0,115,23,14480456536,49181889982,50107312587
1790908044,51937688,103065088000,0,0,0,0,0,3,3,6207515,27,1311,0,0,0,115,23,14480456536,49181889982,50107312587
1790908045,51994456,103072608256,0,0,0,0,0,3,3,6220140,27,1311,0,0,0,115,23,14480456536,49181889982,50107312587
1790908046,52047876,103079112704,0,0,0,0,0,3,3,6220140,27,1311,0,0,0,115,23,14480456536,49181889982,50107312587
1790908047,52102604,103048531968,0,0,0,0,0,3,3,6232857,27,1311,0,0,0,115,23,14480456536,49181889982,50107312587
1790908048,52155472,103053373440,0,0,0,0,0,3,3,6232857,27,1311,0,0,0,115,23,14480456536,49181889982,50107312587
1790908049,52202408,103070461952,0,0,0,0,0,3,3,6245452,27,1311,0,0,0,115,23,14480456536,49181889982,50107312587
1790908050,52246252,103074312192,0,0,0,0,0,3,3,6245452,27,1311,0,0,0,115,23,14480456536,49181889982,50107312587
1790908051,52300792,103070896128,0,0,0,0,0,3,3,6258168,27,1311,0,0,0,115,23,14480456536,49181889982,50107312587
1790908053,52333136,103073640448,0,0,0,0,0,3,3,6270628,27,1311,0,0,0,115,23,14480456536,49181889982,50107312587
1790908054,52382744,103028555776,0,0,0,0,0,3,3,6270628,27,1311,0,0,0,115,23,14480456536,49181889982,50107312587
1790908055,52421296,103065055232,0,0,0,0,0,3,3,6283274,27,1311,0,0,0,115,23,14480456536,49181889982,50107312587
1790908056,52468204,103065993216,0,0,0,0,0,3,3,6283274,27,1311,0,0,0,115,23,14480456536,49181889982,50107312587
1790908057,52514660,103042981888,0,0,0,0,0,3,3,6295803,27,1311,0,0,0,115,23,14480456536,49181889982,50107312587
1790908058,52559676,103076159488,0,0,0,0,0,3,3,6295803,27,1311,0,0,0,115,23,14480456536,49181889982,50107312587
1790908059,52602452,103064276992,0,0,0,0,0,3,3,6308422,27,1311,0,0,0,115,23,14480456536,49181889982,50107312587
1790908060,52650756,103064924160,0,0,0,0,0,3,3,6308422,27,1311,0,0,0,115,23,14480456536,49181889982,50107312587
1790908061,52709900,103066296320,0,0,0,0,0,3,3,6321002,27,1311,0,0,0,115,23,14480456536,49181889982,50107312587
1790908062,52760384,103076241408,0,0,0,0,0,3,3,6321002,27,1311,0,0,0,115,23,14480456536,49181889982,50107312587
1790908063,52795828,103074762752,0,0,0,0,0,3,3,6333598,27,1311,0,0,0,115,23,14480456536,49181889982,50107312587
1790908064,52834556,103054606336,0,0,0,0,0,3,3,6333598,27,1311,0,0,0,115,23,14480456536,49181889982,50107312587
1790908065,52869632,103056904192,0,0,0,0,0,3,3,6346276,27,1311,0,0,0,115,23,14480456536,49181889982,50107312587
1790908066,52897424,103061913600,0,0,0,0,0,3,3,6346276,27,1311,0,0,0,115,23,14480456536,49181889982,50107312587
1790908067,52922692,103072854016,0,0,0,0,0,3,3,6358872,27,1311,0,0,0,115,23,14480456536,49181889982,50107312587
1790908068,52947312,103072464896,0,0,0,0,0,3,3,6358872,27,1311,0,0,0,115,23,14480456536,49181889982,50107312587
1790908069,52984012,103042359296,0,0,0,0,0,3,3,6371488,27,1311,0,0,0,115,23,14480456536,49181889982,50107312587
1790908070,53014380,103070433280,0,0,0,0,0,3,3,6371488,27,1311,0,0,0,115,23,14480456536,49181889982,50107312587
1790908071,53049556,103060320256,0,0,0,0,0,3,3,6384095,27,1311,0,0,0,115,23,14480456536,49181889982,50107312587
1790908072,53088068,103074390016,0,0,0,0,0,3,3,6384095,27,1311,0,0,0,115,23,14480456536,49181889982,50107312587
1790908074,53113936,103068205056,0,0,0,0,0,3,3,6396738,27,1311,0,0,0,115,23,14480456536,49181889982,50107312587
1790908075,53151284,103063302144,0,0,0,0,0,3,3,6409392,27,1311,0,0,0,115,23,14480456536,49181889982,50107312587
1790908076,53191404,103078924288,0,0,0,0,0,3,3,6409392,27,1311,0,0,0,115,23,14480456536,49181889982,50107312587
1790908077,53225316,103071895552,0,0,0,0,0,3,3,6422033,27,1311,0,0,0,115,23,14480456536,49181889982,50107312587
1790908078,53268508,103061159936,0,0,0,0,0,3,3,6422033,27,1311,0,0,0,115,23,14480456536,49181889982,50107312587
1790908079,53311788,103071399936,0,0,0,0,0,3,3,6434617,27,1311,0,0,0,115,23,14480456536,49181889982,50107312587
1790908080,53354724,103059902464,0,0,0,0,0,3,3,6434617,27,1311,0,0,0,115,23,14480456536,49181889982,50107312587
1790908081,53399472,103047356416,0,0,0,0,0,3,3,6447212,27,1311,0,0,0,115,23,14480456536,49181889982,50107312587
1790908082,53458192,103071477760,0,0,0,0,0,3,3,6447212,27,1311,0,0,0,115,23,14480456536,49181889982,50107312587
1790908083,53520748,103061061632,0,0,0,0,0,3,3,6459795,27,1311,0,0,0,115,23,14480456536,49181889982,50107312587
1790908084,53572604,103051915264,0,0,0,0,0,3,3,6459795,27,1311,0,0,0,115,23,14480456536,49181889982,50107312587
1790908085,53632432,103077810176,0,0,0,0,0,3,3,6472209,27,1311,0,0,0,115,23,14480456536,49181889982,50107312587
1790908086,53685816,103058808832,0,0,0,0,0,3,3,6472209,27,1311,0,0,0,115,23,14480456536,49181889982,50107312587
1790908087,53722828,103059726336,0,0,0,0,0,3,3,6484810,27,1311,0,0,0,115,23,14480456536,49181889982,50107312587
1790908088,53750792,103077384192,0,0,0,0,0,3,3,6484810,27,1311,0,0,0,115,23,14480456536,49181889982,50107312587
1790908089,53785772,103071903744,0,0,0,0,0,3,3,6497468,27,1311,0,0,0,115,23,14480456536,49181889982,50107312587
1790908090,53824816,103052488704,0,0,0,0,0,3,3,6497468,27,1311,0,0,0,115,23,14480456536,49181889982,50107312587
1790908091,53862800,103063240704,0,0,0,0,0,3,3,6510086,27,1311,0,0,0,115,23,14480456536,49181889982,50107312587
1790908092,53896524,103077462016,0,0,0,0,0,3,3,6510086,27,1311,0,0,0,115,23,14480456536,49181889982,50107312587
1790908093,53936016,103069827072,0,0,0,0,0,3,3,6522785,27,1311,0,0,0,115,23,14480456536,49181889982,50107312587
1790908095,53973980,103057248256,0,0,0,0,0,3,3,6522785,27,1311,0,0,0,115,23,14480456536,49181889982,50107312587
1790908096,54016332,103075090432,0,0,0,0,0,3,3,6535359,27,1311,0,0,0,115,23,14480456536,49181889982,50107312587
1790908097,54053948,103066636288,0,0,0,0,0,3,3,6548115,27,1311,0,0,0,115,23,14480456536,49181889982,50107312587
1790908098,54088280,103058325504,0,0,0,0,0,3,3,6548115,27,1311,0,0,0,115,23,14480456536,49181889982,50107312587
1790908099,54126992,103047585792,0,0,0,0,0,3,3,6560696,27,1311,0,0,0,115,23,14480456536,49181889982,50107312587
1790908100,54162716,103059456000,0,0,0,0,0,3,3,6560696,27,1311,0,0,0,115,23,14480456536,49181889982,50107312587
1790908101,54201676,103073861632,0,0,0,0,0,3,3,6573377,27,1311,0,0,0,115,23,14480456536,49181889982,50107312587
1790908102,54234868,103064084480,0,0,0,0,0,3,3,6573377,27,1311,0,0,0,115,23,14480456536,49181889982,50107312587
1790908103,54272548,103060971520,0,0,0,0,0,3,3,6586039,27,1311,0,0,0,115,23,14480456536,49181889982,50107312587
1790908104,54304744,103073472512,0,0,0,0,0,3,3,6586039,27,1311,0,0,0,115,23,14480456536,49181889982,50107312587
1790908105,54334496,103046311936,0,0,0,0,0,3,3,6598666,27,1311,0,0,0,115,23,14480456536,49181889982,50107312587
1790908106,54380800,103073046528,0,0,0,0,0,3,3,6598666,27,1311,0,0,0,115,23,14480456536,49181889982,50107312587
1790908107,54437528,103079022592,0,0,0,0,0,3,3,6611346,27,1311,0,0,0,115,23,14480456536,49181889982,50107312587
1790908108,54483772,103070134272,0,0,0,0,0,3,3,6611346,27,1311,0,0,0,115,23,14480456536,49181889982,50107312587
1790908109,54516752,103075774464,0,0,0,0,0,3,3,6624040,27,1311,0,0,0,115,23,14480456536,49181889982,50107312587
1790908110,54564736,103077629952,0,0,0,0,0,3,3,6624040,27,1311,0,0,0,115,23,14480456536,49181889982,50107312587
1790908111,54612360,103071510528,0,0,0,0,0,3,3,6636703,27,1311,0,0,0,115,23,14480456536,49181889982,50107312587
1790908112,54648916,103055667200,0,0,0,0,0,3,3,6636703,27,1311,0,0,0,115,23,14480456536,49181889982,50107312587
1790908113,54671332,103068307456,0,0,0,0,0,3,3,6649311,27,1311,0,0,0,115,23,14480456536,49181889982,50107312587
1790908114,54708192,103047831552,0,0,0,0,0,3,3,6649311,27,1311,0,0,0,115,23,14480456536,49181889982,50107312587
1790908116,54734904,103068004352,0,0,0,0,0,3,3,6661794,27,1311,0,0,0,115,23,14480456536,49181889982,50107312587
1790908117,54763468,103067480064,0,0,0,0,0,3,3,6661794,27,1311,0,0,0,115,23,14480456536,49181889982,50107312587
1790908118,54796948,103077060608,0,0,0,0,0,3,3,6674430,27,1311,0,0,0,115,23,14480456536,49181889982,50107312587
1790908119,54830532,103073734656,0,0,0,0,0,3,3,6674430,27,1311,0,0,0,115,23,14480456536,49181889982,50107312587
1790908120,54860592,103071248384,0,0,0,0,0,3,3,6687143,27,1311,0,0,0,115,23,14480456536,49181889982,50107312587
1790908121,54890676,103076028416,0,0,0,0,0,3,3,6699776,27,1311,0,0,0,115,23,14480456536,49181889982,50107312587
1790908122,54910068,103066460160,0,0,0,0,0,3,3,6699776,27,1311,0,0,0,115,23,14480456536,49181889982,50107312587
1790908123,54942452,103069941760,0,0,0,0,0,3,3,6712340,27,1311,0,0,0,115,23,14480456536,49181889982,50107312587
1790908124,54968920,103076544512,0,0,0,0,0,3,3,6712340,27,1311,0,0,0,115,23,14480456536,49181889982,50107312587
1790908125,55000712,103054237696,0,0,0,0,0,3,3,6724821,27,1311,0,0,0,115,23,14480456536,49181889982,50107312587
1790908126,55029556,103057297408,0,0,0,0,0,3,3,6724821,27,1311,0,0,0,115,23,14480456536,49181889982,50107312587
1790908127,55058524,103077679104,0,0,0,0,0,3,3,6737518,27,1311,0,0,0,115,23,14480456536,49181889982,50107312587
1790908128,55086072,103079137280,0,0,0,0,0,3,3,6737518,27,1311,0,0,0,115,23,14480456536,49181889982,50107312587
1790908129,55100600,103077617664,0,0,0,0,0,3,3,6750141,27,1311,0,0,0,115,23,14480456536,49181889982,50107312587
1790908130,55129284,103064150016,0,0,0,0,0,3,3,6750141,27,1311,0,0,0,115,23,14480456536,49181889982,50107312587
1790908131,55158352,103074308096,0,0,0,0,0,3,3,6762734,27,1311,0,0,0,115,23,14480456536,49181889982,50107312587
1790908132,55194288,103050731520,0,0,0,0,0,3,3,6762734,27,1311,0,0,0,115,23,14480456536,49181889982,50107312587
1790908133,55207696,103073239040,0,0,0,0,0,4,4,6774807,27,1311,1,0,1,115,23,14480456536,49181889982,50107312587
1790908134,55221256,103071649792,0,0,0,0,0,4,4,6774807,27,1311,1,0,1,115,23,14480456536,49181889982,50107312587
1790908135,55244172,103073673216,0,0,0,0,0,4,4,6786386,27,1315,1,0,1,115,23,14480456536,49181889982,50107312587
1790908136,55273220,103077212160,0,0,0,0,0,4,4,6786386,27,1315,1,0,1,115,23,14480456536,49181889982,50107312587
1790908138,55292648,103043620864,0,0,0,0,0,4,4,6798032,27,1321,1,0,1,115,23,14480456536,49181889982,50107312587
1790908139,55316060,103072051200,0,0,0,0,0,4,4,6798032,27,1321,1,0,1,115,23,14480456536,49181889982,50107312587
1790908140,55342676,103064653824,0,0,0,0,0,4,4,6809507,27,1329,1,0,1,115,23,14480456536,49181889982,50107312587
1790908141,55375660,103062659072,0,0,0,0,0,4,4,6809507,27,1329,1,0,1,115,23,14480456536,49181889982,50107312587
1790908142,55403260,103050784768,0,0,0,0,0,4,4,6820914,27,1337,1,0,1,115,23,14480456536,49181889982,50107312587
1790908143,55436152,103070851072,0,0,0,0,0,4,4,6832500,27,1346,1,0,1,115,23,14480456536,49181889982,50107312587
1790908144,55464452,103076941824,0,0,0,0,0,4,4,6832500,27,1346,1,0,1,115,23,14480456536,49181889982,50107312587
1790908145,55500228,103072784384,0,0,0,0,0,4,4,6843760,27,1347,1,0,1,115,23,14480456536,49181889982,50107312587
1790908146,55524380,103068983296,0,0,0,0,0,4,4,6843760,27,1347,1,0,1,115,23,14480456536,49181889982,50107312587
1790908147,55536924,103066550272,0,0,0,0,0,4,4,6855016,27,1347,1,0,1,115,23,14480456536,49181889982,50107312587
1790908148,55569276,103073574912,0,0,0,0,0,4,4,6855016,27,1347,1,0,1,115,23,14480456536,49181889982,50107312587
1790908149,55608368,103057141760,0,0,0,0,0,4,4,6866403,27,1347,1,0,1,115,23,14480456536,49181889982,50107312587
1790908150,55639944,103079051264,0,0,0,0,0,4,4,6866403,27,1347,1,0,1,115,23,14480456536,49181889982,50107312587
1790908151,55675064,103066279936,0,0,0,0,0,4,4,6877783,27,1347,1,0,1,115,23,14480456536,49181889982,50107312587
1790908152,55706160,103070605312,0,0,0,0,0,4,4,6877783,27,1347,1,0,1,115,23,14480456536,49181889982,50107312587
1790908153,52075948,100312764416,0,0,0,0,0,4,4,6887252,29,1353,0,8,0,153,24,19305970917,49185266855,50114070993
1790908154,52031060,101412802560,0,0,0,0,0,4,4,6887252,29,1353,0,8,0,153,24,19305970917,49185266855,50114070993
1790908155,51818300,102349955072,0,0,0,0,0,4,4,6892869,29,1359,0,8,0,153,24,19305970917,49185266855,50114070993
1790908156,51386828,103006318592,0,0,0,0,0,4,4,6892869,29,1359,0,8,0,153,24,19305970917,49185266855,50114070993
1790908158,50905284,103062237184,0,0,0,0,0,4,4,6898241,29,1368,0,8,0,153,24,19305970917,49185266855,50114070993
1790908159,50208212,103062605824,0,0,0,0,0,4,4,6898241,29,1368,0,8,0,153,24,19305970917,49185266855,50114070993
1790908160,49702248,103057866752,0,0,0,0,0,4,4,6902640,29,1377,0,8,0,153,24,19305970917,49185266855,50114070993
1790908161,48867380,102883569664,0,0,0,0,0,4,4,6902640,29,1377,0,8,0,153,24,19305970917,49185266855,50114070993
1790908162,48308352,103058505728,0,0,0,0,0,4,4,6907882,29,1387,0,8,0,153,24,19305970917,49185266855,50114070993
1790908163,48133272,103074394112,0,0,0,0,0,4,4,6913408,29,1393,0,8,0,153,24,19305970917,49185266855,50114070993
1790908164,47833300,103057330176,0,0,0,0,0,4,4,6913408,29,1393,0,8,0,153,24,19305970917,49185266855,50114070993
1790908165,47619552,103027900416,0,0,0,0,0,4,4,6918782,29,1407,0,8,0,153,24,19305970917,49185266855,50114070993
1790908166,47587540,103076454400,0,0,0,0,0,4,4,6918782,29,1407,0,8,0,153,24,19305970917,49185266855,50114070993
1790908167,47586672,103077597184,0,0,0,0,0,4,4,6924217,29,1416,0,8,0,153,24,19305970917,49185266855,50114070993
1790908168,47565100,103078424576,0,0,0,0,0,4,4,6924217,29,1416,0,8,0,153,24,19305970917,49185266855,50114070993
1790908169,47567408,103073939456,0,0,0,0,0,4,4,6929753,29,1426,0,8,0,153,24,19305970917,49185266855,50114070993
1790908170,47547072,103029358592,0,0,0,0,0,4,4,6929753,29,1426,0,8,0,153,24,19305970917,49185266855,50114070993
1790908171,47520572,101120888832,0,0,0,0,0,4,4,6935111,29,1438,0,8,0,153,24,19305970917,49185266855,50114070993
1790908172,47517392,102320107520,0,0,0,0,0,4,4,6935111,29,1438,0,8,0,153,24,19305970917,49185266855,50114070993
1790908173,47535176,103009329152,0,0,0,0,0,4,4,6940940,30,1411,0,7,0,153,25,19305970917,51654453145,52638451164
1790908175,47542764,103070412800,0,0,0,0,0,4,4,6940940,30,1411,0,7,0,153,25,19305970917,51654453145,52638451164
1790908176,47561828,103075352576,0,0,0,0,0,4,4,6947129,30,1423,0,7,0,153,25,19305970917,51654453145,52638451164
1790908177,47564672,101433552896,0,0,0,0,0,4,4,6947129,30,1423,0,7,0,153,25,19305970917,51654453145,52638451164
1790908178,47573512,102607822848,0,0,0,0,0,4,4,6952685,31,1401,0,6,0,153,26,19305970917,54190846331,55292298361
1790908179,47578252,103056564224,0,0,0,0,0,4,4,6952685,31,1401,0,6,0,153,26,19305970917,54190846331,55292298361
1790908180,47581960,103059193856,0,0,0,0,0,4,4,6956899,31,1411,0,6,0,153,26,19305970917,54190846331,55292298361
1790908181,47537544,103073120256,0,0,0,0,0,4,4,6956899,31,1411,0,6,0,153,26,19305970917,54190846331,55292298361
1790908182,47542900,100766826496,0,0,0,0,0,4,4,6962493,31,1421,0,6,0,153,26,19305970917,54190846331,55292298361
1790908183,47572680,102044999680,0,0,0,0,0,4,4,6962493,31,1421,0,6,0,153,26,19305970917,54190846331,55292298361
1790908184,47587468,103079165952,0,0,0,0,0,4,4,6968534,32,1397,0,5,0,153,27,19305970917,56727886989,57946994903
1790908185,47596184,103077855232,0,0,0,0,0,4,4,6973978,32,1404,0,5,0,153,27,19305970917,56727886989,57946994903
1790908186,47608876,103079059456,0,0,0,0,0,4,4,6973978,32,1404,0,5,0,153,27,19305970917,56727886989,57946994903
1790908187,47621592,103073755136,0,0,0,0,0,4,4,6979780,32,1412,0,5,0,153,27,19305970917,56727886989,57946994903
1790908188,47636344,103077498880,0,0,0,0,0,4,4,6979780,32,1412,0,5,0,153,27,19305970917,56727886989,57946994903
1790908189,47643460,103075811328,0,0,0,0,0,4,4,6985648,32,1421,0,5,0,153,27,19305970917,56727886989,57946994903
1790908190,47657128,103073611776,0,0,0,0,0,4,4,6985648,32,1421,0,5,0,153,27,19305970917,56727886989,57946994903
1790908191,47678368,103053172736,0,0,0,0,0,4,4,6990860,32,1434,0,5,0,153,27,19305970917,56727886989,57946994903
1790908193,47686928,101458579456,0,0,0,0,0,4,4,6990860,32,1434,0,5,0,153,27,19305970917,56727886989,57946994903
1790908194,47700600,102821003264,0,0,0,0,0,4,4,6995454,33,1414,0,4,0,153,28,19305970917,59263258690,60598553962
1790908195,47731780,103053348864,0,0,0,0,0,4,4,6995454,33,1414,0,4,0,153,28,19305970917,59263258690,60598553962
1790908196,47738276,101589594112,0,0,0,0,0,4,4,7001279,33,1422,0,4,0,153,28,19305970917,59263258690,60598553962
1790908197,47777048,102274293760,0,0,0,0,0,4,4,7001279,33,1422,0,4,0,153,28,19305970917,59263258690,60598553962
1790908198,47775160,103079124992,0,0,0,0,0,4,4,7007411,34,1397,0,3,0,153,29,19305970917,61798725255,63249877236
1790908199,47804940,103059750912,0,0,0,0,0,4,4,7007411,34,1397,0,3,0,153,29,19305970917,61798725255,63249877236
1790908200,47823056,103032889344,0,0,0,0,0,4,4,7013590,34,1410,0,3,0,153,29,19305970917,61798725255,63249877236
1790908201,47823836,102841409536,0,0,0,0,0,4,4,7013590,34,1410,0,3,0,153,29,19305970917,61798725255,63249877236
1790908202,47853580,103049158656,0,0,0,0,0,4,4,7019411,35,1387,0,2,0,153,30,19305970917,64267497244,65773574261
1790908203,47845748,103077617664,0,0,0,0,0,4,4,7025167,35,1399,0,2,0,153,30,19305970917,64267497244,65773574261
1790908204,47851384,103064707072,0,0,0,0,0,4,4,7025167,35,1399,0,2,0,153,30,19305970917,64267497244,65773574261
1790908205,47861908,103051698176,0,0,0,0,0,4,4,7029734,35,1412,0,2,0,153,30,19305970917,64267497244,65773574261
1790908206,47870884,103053418496,0,0,0,0,0,4,4,7029734,35,1412,0,2,0,153,30,19305970917,64267497244,65773574261
1790908207,47887668,103018921984,0,0,0,0,0,4,4,7035613,35,1421,0,2,0,153,30,19305970917,64267497244,65773574261
1790908208,47903320,103076306944,0,0,0,0,0,4,4,7035613,35,1421,0,2,0,153,30,19305970917,64267497244,65773574261
1790908209,47914084,103073964032,0,0,0,0,0,4,4,7041525,35,1428,0,2,0,153,30,19305970917,64267497244,65773574261
1790908211,47920568,103068852224,0,0,0,0,0,4,4,7041525,35,1428,0,2,0,153,30,19305970917,64267497244,65773574261
1790908212,47935668,103048368128,0,0,0,0,0,4,4,7047971,35,1441,0,2,0,153,30,19305970917,64267497244,65773574261
1790908213,47959460,103055491072,0,0,0,0,0,4,4,7047971,35,1441,0,2,0,153,30,19305970917,64267497244,65773574261
1790908214,47979528,103070076928,0,0,0,0,0,4,4,7054767,35,1444,0,2,0,153,30,19305970917,64267497244,65773574261
1790908215,47994808,101473529856,0,0,0,0,0,4,4,7054767,35,1444,0,2,0,153,30,19305970917,64267497244,65773574261
1790908216,48018068,100624224256,0,0,0,0,0,4,4,7062146,38,1387,0,0,0,153,33,19305970917,69337512615,71075100069
1790908217,48061004,102423658496,0,0,0,0,0,4,4,7062146,38,1387,0,0,0,153,33,19305970917,69337512615,71075100069
1790908218,48100360,103071367168,0,0,0,0,0,4,4,7070237,38,1388,0,0,0,153,33,19305970917,69337512615,71075100069
1790908219,48118512,100960550912,0,0,0,0,0,4,4,7070237,38,1388,0,0,0,153,33,19305970917,69337512615,71075100069
1790908220,48126972,102539505664,0,0,0,0,0,4,4,7077999,39,1353,0,0,0,153,34,19305970917,71806656675,73599241946
1790908221,48156900,103078596608,0,0,0,0,0,4,4,7077999,39,1353,0,0,0,153,34,19305970917,71806656675,73599241946
1790908222,48167676,103078432768,0,0,0,0,0,4,4,7086114,39,1355,0,0,0,153,34,19305970917,71806656675,73599241946
1790908223,48186072,103067512832,0,0,0,0,0,4,4,7086114,39,1355,0,0,0,153,34,19305970917,71806656675,73599241946
1790908224,48187816,103057874944,0,0,0,0,0,4,4,7094696,39,1355,0,0,0,153,34,19305970917,71806656675,73599241946
1790908225,48196328,103079002112,0,0,0,0,0,4,4,7102979,39,1356,0,0,0,153,34,19305970917,71806656675,73599241946
1790908226,48213184,103076229120,0,0,0,0,0,4,4,7102979,39,1356,0,0,0,153,34,19305970917,71806656675,73599241946
1790908227,48212624,103060606976,0,0,0,0,0,4,4,7109943,39,1357,0,0,0,153,34,19305970917,71806656675,73599241946
1790908229,48227604,103075340288,0,0,0,0,0,4,4,7109943,39,1357,0,0,0,153,34,19305970917,71806656675,73599241946
1790908230,48252284,103053107200,0,0,0,0,0,4,4,7117285,39,1357,0,0,0,153,34,19305970917,71806656675,73599241946
1790908231,48282968,103062573056,0,0,0,0,0,4,4,7117285,39,1357,0,0,0,153,34,19305970917,71806656675,73599241946
1790908232,48308232,103070617600,0,0,0,0,0,4,4,7125416,39,1357,0,0,0,153,34,19305970917,71806656675,73599241946
1790908233,48350892,103077253120,0,0,0,0,0,4,4,7125416,39,1357,0,0,0,153,34,19305970917,71806656675,73599241946
1790908234,48393820,103076577280,0,0,0,0,0,4,4,7133878,39,1358,0,0,0,153,34,19305970917,71806656675,73599241946
1790908235,48438260,103075794944,0,0,0,0,0,4,4,7133878,39,1358,0,0,0,153,34,19305970917,71806656675,73599241946
1790908236,48480028,103056076800,0,0,0,0,0,4,4,7142196,39,1358,0,0,0,153,34,19305970917,71806656675,73599241946
1790908237,48491572,103048466432,0,0,0,0,0,4,4,7142196,39,1358,0,0,0,153,34,19305970917,71806656675,73599241946
1790908238,48513756,103077101568,0,0,0,0,0,4,4,7149731,39,1360,0,0,0,153,34,19305970917,71806656675,73599241946
1790908239,48540568,103075397632,0,0,0,0,0,4,4,7149731,39,1360,0,0,0,153,34,19305970917,71806656675,73599241946
1790908240,48587900,103071379456,0,0,0,0,0,4,4,7157617,39,1361,0,0,0,153,34,19305970917,71806656675,73599241946
1790908241,48628260,103043956736,0,0,0,0,0,4,4,7157617,39,1361,0,0,0,153,34,19305970917,71806656675,73599241946
1790908242,48673360,103076544512,0,0,0,0,0,4,4,7166772,39,1361,0,0,0,153,34,19305970917,71806656675,73599241946
1790908243,48719180,103074021376,0,0,0,0,0,4,4,7166772,39,1361,0,0,0,153,34,19305970917,71806656675,73599241946
1790908244,48760852,103078674432,0,0,0,0,0,4,4,7175789,39,1361,0,0,0,153,34,19305970917,71806656675,73599241946
1790908245,48792596,103070937088,0,0,0,0,0,4,4,7184402,39,1361,0,0,0,153,34,19305970917,71806656675,73599241946
1790908246,48821920,103065509888,0,0,0,0,0,4,4,7184402,39,1361,0,0,0,153,34,19305970917,71806656675,73599241946
1790908248,48858532,103042551808,0,0,0,0,0,4,4,7192759,39,1361,0,0,0,153,34,19305970917,71806656675,73599241946
1790908249,48886496,103056912384,0,0,0,0,0,4,4,7192759,39,1361,0,0,0,153,34,19305970917,71806656675,73599241946
1790908250,48997380,101850509312,0,0,0,0,0,4,4,7201518,40,1302,0,0,0,153,35,19305970917,76541773164,78493170961
1790908251,49063592,103067746304,0,0,0,0,0,4,4,7201518,40,1302,0,0,0,153,35,19305970917,76541773164,78493170961
1790908252,49131592,103074541568,0,0,0,0,0,4,4,7211151,40,1302,0,0,0,153,35,19305970917,76541773164,78493170961
1790908253,49182668,103052607488,0,0,0,0,0,4,4,7211151,40,1302,0,0,0,153,35,19305970917,76541773164,78493170961
1790908254,49233324,103071637504,0,0,0,0,0,4,4,7220859,40,1302,0,0,0,153,35,19305970917,76541773164,78493170961
1790908255,49267572,103072858112,0,0,0,0,0,4,4,7220859,40,1302,0,0,0,153,35,19305970917,76541773164,78493170961
1790908256,49301476,103061172224,0,0,0,0,0,4,4,7229405,40,1302,0,0,0,153,35,19305970917,76541773164,78493170961
1790908257,49353904,103071154176,0,0,0,0,0,4,4,7229405,40,1302,0,0,0,153,35,19305970917,76541773164,78493170961
1790908258,49399056,103071309824,0,0,0,0,0,4,4,7238489,40,1302,0,0,0,153,35,19305970917,76541773164,78493170961
1790908259,49444664,103047610368,0,0,0,0,0,4,4,7238489,40,1302,0,0,0,153,35,19305970917,76541773164,78493170961
1790908260,49496904,103071506432,0,0,0,0,0,4,4,7248114,40,1302,0,0,0,153,35,19305970917,76541773164,78493170961
1790908261,49530676,103071997952,0,0,0,0,0,4,4,7248114,40,1302,0,0,0,153,35,19305970917,76541773164,78493170961
1790908262,49579032,103071449088,0,0,0,0,0,4,4,7257849,40,1302,0,0,0,153,35,19305970917,76541773164,78493170961
1790908263,49613692,103069372416,0,0,0,0,0,4,4,7257849,40,1302,0,0,0,153,35,19305970917,76541773164,78493170961
1790908264,49640152,103057825792,0,0,0,0,0,4,4,7266416,40,1302,0,0,0,153,35,19305970917,76541773164,78493170961
1790908265,49659800,103075635200,0,0,0,0,0,4,4,7266416,40,1302,0,0,0,153,35,19305970917,76541773164,78493170961
1790908266,49703656,103072980992,0,0,0,0,0,4,4,7276136,40,1302,0,0,0,153,35,19305970917,76541773164,78493170961
1790908268,49755984,103066968064,0,0,0,0,0,4,4,7285866,40,1302,0,0,0,153,35,19305970917,76541773164,78493170961
1790908269,49783644,103071145984,0,0,0,0,0,4,4,7285866,40,1302,0,0,0,153,35,19305970917,76541773164,78493170961
1790908270,49807492,103072239616,0,0,0,0,0,4,4,7294626,40,1302,0,0,0,153,35,19305970917,76541773164,78493170961
1790908271,49850012,103013892096,0,0,0,0,0,4,4,7294626,40,1302,0,0,0,153,35,19305970917,76541773164,78493170961
1790908272,49880616,103048577024,0,0,0,0,0,4,4,7303087,40,1302,0,0,0,153,35,19305970917,76541773164,78493170961
1790908273,49898104,103064055808,0,0,0,0,0,4,4,7303087,40,1302,0,0,0,153,35,19305970917,76541773164,78493170961
1790908274,49933920,103071461376,0,0,0,0,0,4,4,7311738,40,1302,0,0,0,153,35,19305970917,76541773164,78493170961
1790908275,49966212,103079018496,0,0,0,0,0,4,4,7311738,40,1302,0,0,0,153,35,19305970917,76541773164,78493170961
1790908276,49995200,103076401152,0,0,0,0,0,4,4,7321540,40,1302,0,0,0,153,35,19305970917,76541773164,78493170961
1790908277,50012292,103064039424,0,0,0,0,0,4,4,7321540,40,1302,0,0,0,153,35,19305970917,76541773164,78493170961
1790908278,50048816,103077081088,0,0,0,0,0,4,4,7331533,40,1302,0,0,0,153,35,19305970917,76541773164,78493170961
1790908279,50087264,103063695360,0,0,0,0,0,4,4,7331533,40,1302,0,0,0,153,35,19305970917,76541773164,78493170961
1790908280,50097436,103071940608,0,0,0,0,0,4,4,7340525,40,1302,0,0,0,153,35,19305970917,76541773164,78493170961
1790908281,50123308,103078252544,0,0,0,0,0,4,4,7340525,40,1302,0,0,0,153,35,19305970917,76541773164,78493170961
1790908282,50143900,103071801344,0,0,0,0,0,4,4,7348366,40,1302,0,0,0,153,35,19305970917,76541773164,78493170961
1790908283,50170220,103070765056,0,0,0,0,0,4,4,7348366,40,1302,0,0,0,153,35,19305970917,76541773164,78493170961
1790908284,50202336,103076204544,0,0,0,0,0,4,4,7357651,40,1302,0,0,0,153,35,19305970917,76541773164,78493170961
1790908285,50228156,103076605952,0,0,0,0,0,4,4,7357651,40,1302,0,0,0,153,35,19305970917,76541773164,78493170961
1790908286,50242460,103073533952,0,0,0,0,0,4,4,7367729,40,1302,0,0,0,153,35,19305970917,76541773164,78493170961
1790908288,50257392,103074922496,0,0,0,0,0,4,4,7367729,40,1302,0,0,0,153,35,19305970917,76541773164,78493170961
1790908289,50267588,103073050624,0,0,0,0,0,4,4,7375234,40,1302,0,0,0,153,35,19305970917,76541773164,78493170961
1790908290,50279392,103065092096,0,0,0,0,0,4,4,7381846,40,1302,0,0,0,153,35,19305970917,76541773164,78493170961
1790908291,50309844,103074246656,0,0,0,0,0,4,4,7381846,40,1302,0,0,0,153,35,19305970917,76541773164,78493170961
1790908292,50347304,103073759232,0,0,0,0,0,4,4,7392307,40,1302,0,0,0,153,35,19305970917,76541773164,78493170961
1790908293,50378240,103076184064,0,0,0,0,0,4,4,7392307,40,1302,0,0,0,153,35,19305970917,76541773164,78493170961
1790908294,50404972,103072432128,0,0,0,0,0,4,4,7399711,40,1302,0,0,0,153,35,19305970917,76541773164,78493170961
1790908295,50431344,103078768640,0,0,0,0,0,4,4,7399711,40,1302,0,0,0,153,35,19305970917,76541773164,78493170961
1790908296,50455232,103067910144,0,0,0,0,0,4,4,7407277,40,1302,0,0,0,153,35,19305970917,76541773164,78493170961
1790908297,50480344,103075561472,0,0,0,0,0,4,4,7407277,40,1302,0,0,0,153,35,19305970917,76541773164,78493170961
1790908298,50519416,103072198656,0,0,0,0,0,4,4,7415412,40,1302,0,0,0,153,35,19305970917,76541773164,78493170961
1790908299,50532468,103068676096,0,0,0,0,0,4,4,7415412,40,1302,0,0,0,153,35,19305970917,76541773164,78493170961
1790908300,50549788,103072833536,0,0,0,0,0,4,4,7424760,40,1302,0,0,0,153,35,19305970917,76541773164,78493170961
1790908301,50568424,103074467840,0,0,0,0,0,4,4,7424760,40,1302,0,0,0,153,35,19305970917,76541773164,78493170961
1790908302,50575160,103078940672,0,0,0,0,0,4,4,7431740,40,1302,0,0,0,153,35,19305970917,76541773164,78493170961
1790908303,50578984,103076147200,0,0,0,0,0,4,4,7431740,40,1302,0,0,0,153,35,19305970917,76541773164,78493170961
1790908304,50597388,103072145408,0,0,0,0,0,4,4,7437912,40,1302,0,0,0,153,35,19305970917,76541773164,78493170961
1790908305,50626700,103073521664,0,0,0,0,0,4,4,7437912,40,1302,0,0,0,153,35,19305970917,76541773164,78493170961
1790908306,50640040,103066824704,0,0,0,0,0,4,4,7448280,40,1302,0,0,0,153,35,19305970917,76541773164,78493170961
1790908308,50655452,103068319744,0,0,0,0,0,4,4,7448280,40,1302,0,0,0,153,35,19305970917,76541773164,78493170961
1790908309,50667272,103076601856,0,0,0,0,0,4,4,7456360,40,1302,0,0,0,153,35,19305970917,76541773164,78493170961
1790908310,50615272,103069081600,0,0,0,0,0,4,4,7456360,40,1302,0,0,0,153,35,19305970917,76541773164,78493170961
1790908311,50623420,103069773824,0,0,0,0,0,4,4,7462820,40,1303,0,0,0,153,35,19305970917,76541773164,78493170961
1790908312,50638820,103078678528,0,0,0,0,0,4,4,7462820,40,1303,0,0,0,153,35,19305970917,76541773164,78493170961
1790908313,50576868,103069184000,0,0,0,0,0,4,4,7470605,40,1303,0,0,0,153,35,19305970917,76541773164,78493170961
1790908314,50602408,103070793728,0,0,0,0,0,4,4,7480842,40,1304,0,0,0,153,35,19305970917,76541773164,78493170961
1790908315,50600152,103076294656,0,0,0,0,0,4,4,7480842,40,1304,0,0,0,153,35,19305970917,76541773164,78493170961
1790908316,50515568,103063617536,0,0,0,0,0,4,4,7489537,40,1305,0,0,0,153,35,19305970917,76541773164,78493170961
1790908317,50522988,103068901376,0,0,0,0,0,4,4,7489537,40,1305,0,0,0,153,35,19305970917,76541773164,78493170961
1790908318,50526124,103073820672,0,0,0,0,0,4,4,7497349,40,1305,0,0,0,153,35,19305970917,76541773164,78493170961
1790908319,50518492,103075450880,0,0,0,0,0,4,4,7497349,40,1305,0,0,0,153,35,19305970917,76541773164,78493170961
1790908320,50506164,103079104512,0,0,0,0,0,4,4,7505894,40,1305,0,0,0,153,35,19305970917,76541773164,78493170961
1790908321,50433076,103063539712,0,0,0,0,0,4,4,7505894,40,1305,0,0,0,153,35,19305970917,76541773164,78493170961
1790908322,50462112,103078244352,0,0,0,0,0,4,4,7515736,40,1306,0,0,0,153,35,19305970917,76541773164,78493170961
1790908323,50480504,103070691328,0,0,0,0,0,4,4,7515736,40,1306,0,0,0,153,35,19305970917,76541773164,78493170961
1790908324,50497616,103064797184,0,0,0,0,0,4,4,7525391,40,1306,0,0,0,153,35,19305970917,76541773164,78493170961
1790908325,50517924,103071899648,0,0,0,0,0,4,4,7525391,40,1306,0,0,0,153,35,19305970917,76541773164,78493170961
1790908326,50538540,103060287488,0,0,0,0,0,4,4,7533900,40,1306,0,0,0,153,35,19305970917,76541773164,78493170961
1790908328,50565960,103054118912,0,0,0,0,0,4,4,7533900,40,1306,0,0,0,153,35,19305970917,76541773164,78493170961
1790908329,50586872,103065772032,0,0,0,0,0,4,4,7542823,40,1306,0,0,0,153,35,19305970917,76541773164,78493170961
1790908330,50620332,103075790848,0,0,0,0,0,4,4,7542823,40,1306,0,0,0,153,35,19305970917,76541773164,78493170961
1790908331,50670156,103057334272,0,0,0,0,0,4,4,7552484,40,1306,0,0,0,153,35,19305970917,76541773164,78493170961
1790908332,50716568,103060918272,0,0,0,0,0,4,4,7552484,40,1306,0,0,0,153,35,19305970917,76541773164,78493170961
1790908333,50731432,103049007104,0,0,0,0,0,4,4,7562139,40,1306,0,0,0,153,35,19305970917,76541773164,78493170961
1790908334,50769228,103078191104,0,0,0,0,0,4,4,7562139,40,1306,0,0,0,153,35,19305970917,76541773164,78493170961
1790908335,50806232,103077826560,0,0,0,0,0,4,4,7570330,40,1306,0,0,0,153,35,19305970917,76541773164,78493170961
1790908336,50849180,103072337920,0,0,0,0,0,4,4,7578518,40,1306,0,0,0,153,35,19305970917,76541773164,78493170961
1790908337,50907748,103061860352,0,0,0,0,0,4,4,7578518,40,1306,0,0,0,153,35,19305970917,76541773164,78493170961
1790908338,50953400,103074910208,0,0,0,0,0,4,4,7587709,40,1306,0,0,0,153,35,19305970917,76541773164,78493170961
1790908339,50997736,103076143104,0,0,0,0,0,4,4,7587709,40,1306,0,0,0,153,35,19305970917,76541773164,78493170961
1790908340,51046156,103075221504,0,0,0,0,0,4,4,7597405,40,1306,0,0,0,153,35,19305970917,76541773164,78493170961
1790908341,51092236,103072067584,0,0,0,0,0,4,4,7597405,40,1306,0,0,0,153,35,19305970917,76541773164,78493170961
1790908342,51152184,103039242240,0,0,0,0,0,4,4,7606947,40,1306,0,0,0,153,35,19305970917,76541773164,78493170961
1790908343,51187080,103077191680,0,0,0,0,0,4,4,7606947,40,1306,0,0,0,153,35,19305970917,76541773164,78493170961
1790908344,51226220,103069143040,0,0,0,0,0,4,4,7615354,40,1306,0,0,0,153,35,19305970917,76541773164,78493170961
1790908345,51271980,103075725312,0,0,0,0,0,4,4,7615354,40,1306,0,0,0,153,35,19305970917,76541773164,78493170961
1790908346,51326104,103079186432,0,0,0,0,0,4,4,7623483,40,1306,0,0,0,153,35,19305970917,76541773164,78493170961
1790908348,51375080,103076708352,0,0,0,0,0,4,4,7623483,40,1306,0,0,0,153,35,19305970917,76541773164,78493170961
1790908349,51395404,103069413376,0,0,0,0,0,4,4,7632849,40,1306,0,0,0,153,35,19305970917,76541773164,78493170961
1790908350,51457424,103079100416,0,0,0,0,0,4,4,7632849,40,1306,0,0,0,153,35,19305970917,76541773164,78493170961
1790908351,51510332,103060074496,0,0,0,0,0,4,4,7642687,40,1306,0,0,0,153,35,19305970917,76541773164,78493170961
1790908352,51569116,103074627584,0,0,0,0,0,4,4,7642687,40,1306,0,0,0,153,35,19305970917,76541773164,78493170961
1790908353,51620260,103050289152,0,0,0,0,0,4,4,7652052,40,1306,0,0,0,153,35,19305970917,76541773164,78493170961
1790908354,51675040,103049445376,0,0,0,0,0,4,4,7652052,40,1306,0,0,0,153,35,19305970917,76541773164,78493170961
1790908355,51715000,103070720000,0,0,0,0,0,4,4,7661100,40,1306,0,0,0,153,35,19305970917,76541773164,78493170961
1790908356,51757840,103075917824,0,0,0,0,0,4,4,7670043,40,1306,0,0,0,153,35,19305970917,76541773164,78493170961
1790908357,51802748,103063257088,0,0,0,0,0,4,4,7670043,40,1306,0,0,0,153,35,19305970917,76541773164,78493170961
1790908358,51848964,103065718784,0,0,0,0,0,4,4,7679924,40,1306,0,0,0,153,35,19305970917,76541773164,78493170961
1790908359,51891608,103076085760,0,0,0,0,0,4,4,7679924,40,1306,0,0,0,153,35,19305970917,76541773164,78493170961
1790908360,51936840,103069937664,0,0,0,0,0,4,4,7689286,40,1306,0,0,0,153,35,19305970917,76541773164,78493170961
1790908361,51921060,103075983360,0,0,0,0,0,4,4,7689286,40,1306,0,0,0,153,35,19305970917,76541773164,78493170961
1790908362,51964804,103059443712,0,0,0,0,0,4,4,7698043,40,1307,0,0,0,153,35,19305970917,76541773164,78493170961
1790908363,51991976,103050743808,0,0,0,0,0,4,4,7698043,40,1307,0,0,0,153,35,19305970917,76541773164,78493170961
1790908364,52036492,103071629312,0,0,0,0,0,4,4,7707270,40,1307,0,0,0,153,35,19305970917,76541773164,78493170961
1790908365,52080464,103068397568,0,0,0,0,0,4,4,7707270,40,1307,0,0,0,153,35,19305970917,76541773164,78493170961
1790908366,52120552,103065858048,0,0,0,0,0,4,4,7717556,40,1307,0,0,0,153,35,19305970917,76541773164,78493170961
1790908368,52163424,103078932480,0,0,0,0,0,4,4,7717556,40,1307,0,0,0,153,35,19305970917,76541773164,78493170961
1790908369,52199324,103069917184,0,0,0,0,0,4,4,7727783,40,1307,0,0,0,153,35,19305970917,76541773164,78493170961
1790908370,52232628,103064281088,0,0,0,0,0,4,4,7727783,40,1307,0,0,0,153,35,19305970917,76541773164,78493170961
1790908371,52278944,103038914560,0,0,0,0,0,4,4,7737774,40,1307,0,0,0,153,35,19305970917,76541773164,78493170961
1790908372,52314292,103034404864,0,0,0,0,0,4,4,7737774,40,1307,0,0,0,153,35,19305970917,76541773164,78493170961
1790908373,52357892,103078895616,0,0,0,0,0,4,4,7748288,40,1307,0,0,0,153,35,19305970917,76541773164,78493170961
1790908374,52387616,103076311040,0,0,0,0,0,4,4,7748288,40,1307,0,0,0,153,35,19305970917,76541773164,78493170961
1790908375,52400880,103068078080,0,0,0,0,0,4,4,7758479,40,1307,0,0,0,153,35,19305970917,76541773164,78493170961
1790908376,52418072,103074910208,0,0,0,0,0,4,4,7758479,40,1307,0,0,0,153,35,19305970917,76541773164,78493170961
1790908377,52425972,103070408704,0,0,0,0,0,4,4,7767475,40,1307,0,0,0,153,35,19305970917,76541773164,78493170961
1790908378,52444152,103065518080,0,0,0,0,0,4,4,7777057,40,1307,0,0,0,153,35,19305970917,76541773164,78493170961
1790908379,52459524,103063015424,0,0,0,0,0,4,4,7777057,40,1307,0,0,0,153,35,19305970917,76541773164,78493170961
1790908380,52474252,103077625856,0,0,0,0,0,4,4,7787486,40,1307,0,0,0,153,35,19305970917,76541773164,78493170961
1790908381,52486624,103075536896,0,0,0,0,0,4,4,7787486,40,1307,0,0,0,153,35,19305970917,76541773164,78493170961
1790908382,52485528,103072714752,0,0,0,0,0,4,4,7797070,40,1307,0,0,0,153,35,19305970917,76541773164,78493170961
1790908383,52484264,103075229696,0,0,0,0,0,4,4,7797070,40,1307,0,0,0,153,35,19305970917,76541773164,78493170961
1790908384,52490128,103069622272,0,0,0,0,0,4,4,7805263,40,1307,0,0,0,153,35,19305970917,76541773164,78493170961
1790908385,52498004,103074136064,0,0,0,0,0,4,4,7805263,40,1307,0,0,0,153,35,19305970917,76541773164,78493170961
1790908386,52506676,103075483648,0,0,0,0,0,4,4,7813811,40,1307,0,0,0,153,35,19305970917,76541773164,78493170961
1790908388,52524240,103074426880,0,0,0,0,0,4,4,7813811,40,1307,0,0,0,153,35,19305970917,76541773164,78493170961
1790908389,52539140,103079075840,0,0,0,0,0,4,4,7824509,40,1307,0,0,0,153,35,19305970917,76541773164,78493170961
1790908390,52541728,103076569088,0,0,0,0,0,4,4,7824509,40,1307,0,0,0,153,35,19305970917,76541773164,78493170961
1790908391,52550240,103075569664,0,0,0,0,0,4,4,7833661,40,1307,0,0,0,153,35,19305970917,76541773164,78493170961
1790908392,52559932,103072600064,0,0,0,0,0,4,4,7833661,40,1307,0,0,0,153,35,19305970917,76541773164,78493170961
1790908393,52570540,103074009088,0,0,0,0,0,4,4,7842347,40,1307,0,0,0,153,35,19305970917,76541773164,78493170961
1790908394,52579816,103073116160,0,0,0,0,0,4,4,7842347,40,1307,0,0,0,153,35,19305970917,76541773164,78493170961
1790908395,52595120,103078871040,0,0,0,0,0,4,4,7851682,40,1307,0,0,0,153,35,19305970917,76541773164,78493170961
1790908396,52613296,103071641600,0,0,0,0,0,4,4,7851682,40,1307,0,0,0,153,35,19305970917,76541773164,78493170961
1790908397,52611032,103077130240,0,0,0,0,0,4,4,7861466,40,1307,0,0,0,153,35,19305970917,76541773164,78493170961
1790908398,52630456,103073439744,0,0,0,0,0,4,4,7861466,40,1307,0,0,0,153,35,19305970917,76541773164,78493170961
1790908399,52636276,103079129088,0,0,0,0,0,4,4,7870606,40,1307,0,0,0,153,35,19305970917,76541773164,78493170961
1790908400,52638932,103074983936,0,0,0,0,0,4,4,7878417,40,1307,0,0,0,153,35,19305970917,76541773164,78493170961
1790908401,52572516,103075303424,0,0,0,0,0,4,4,7878417,40,1307,0,0,0,153,35,19305970917,76541773164,78493170961
1790908402,52591136,103077511168,0,0,0,0,0,4,4,7888080,40,1308,0,0,0,153,35,19305970917,76541773164,78493170961
1790908403,52609944,103070089216,0,0,0,0,0,4,4,7888080,40,1308,0,0,0,153,35,19305970917,76541773164,78493170961
1790908404,52615180,103052603392,0,0,0,0,0,4,4,7898490,40,1308,0,0,0,153,35,19305970917,76541773164,78493170961
1790908405,52625488,103078998016,0,0,0,0,0,4,4,7898490,40,1308,0,0,0,153,35,19305970917,76541773164,78493170961
1790908406,52545260,103063052288,0,0,0,0,0,4,4,7907309,40,1308,0,0,0,153,35,19305970917,76541773164,78493170961
1790908408,52552604,103078354944,0,0,0,0,0,4,4,7907309,40,1308,0,0,0,153,35,19305970917,76541773164,78493170961
1790908409,52569456,103079002112,0,0,0,0,0,4,4,7916199,40,1309,0,0,0,153,35,19305970917,76541773164,78493170961
1790908410,52570284,103079055360,0,0,0,0,0,4,4,7916199,40,1309,0,0,0,153,35,19305970917,76541773164,78493170961
1790908411,52578000,103074172928,0,0,0,0,0,4,4,7925311,40,1309,0,0,0,153,35,19305970917,76541773164,78493170961
1790908412,52595332,103056482304,0,0,0,0,0,4,4,7925311,40,1309,0,0,0,153,35,19305970917,76541773164,78493170961
1790908413,52651316,103058399232,0,0,0,0,0,4,4,7935510,40,1309,0,0,0,153,35,19305970917,76541773164,78493170961
1790908414,52679344,103078494208,0,0,0,0,0,4,4,7935510,40,1309,0,0,0,153,35,19305970917,76541773164,78493170961
1790908415,52627436,103071608832,0,0,0,0,0,4,4,7945767,40,1310,0,0,0,153,35,19305970917,76541773164,78493170961
1790908416,52659852,103058747392,0,0,0,0,0,4,4,7945767,40,1310,0,0,0,153,35,19305970917,76541773164,78493170961
1790908417,52687920,103071326208,0,0,0,0,0,4,4,7954673,40,1310,0,0,0,153,35,19305970917,76541773164,78493170961
1790908418,52736480,103070896128,0,0,0,0,0,4,4,7954673,40,1310,0,0,0,153,35,19305970917,76541773164,78493170961
1790908419,52787160,103072342016,0,0,0,0,0,4,4,7964574,40,1310,0,0,0,153,35,19305970917,76541773164,78493170961
1790908420,52828236,103072960512,0,0,0,0,0,4,4,7964574,40,1310,0,0,0,153,35,19305970917,76541773164,78493170961
1790908421,52871756,103067893760,0,0,0,0,0,4,4,7974575,40,1310,0,0,0,153,35,19305970917,76541773164,78493170961
1790908422,52902544,103069310976,0,0,0,0,0,4,4,7974575,40,1310,0,0,0,153,35,19305970917,76541773164,78493170961
1790908423,52943616,103077605376,0,0,0,0,0,4,4,7984349,40,1310,0,0,0,153,35,19305970917,76541773164,78493170961
1790908424,52983960,103071612928,0,0,0,0,0,4,4,7993587,40,1310,0,0,0,153,35,19305970917,76541773164,78493170961
1790908425,53017252,103059103744,0,0,0,0,0,4,4,7993587,40,1310,0,0,0,153,35,19305970917,76541773164,78493170961
1790908426,53061512,103077998592,0,0,0,0,0,4,4,8002596,40,1310,0,0,0,153,35,19305970917,76541773164,78493170961
1790908427,53119396,103057399808,0,0,0,0,0,4,4,8002596,40,1310,0,0,0,153,35,19305970917,76541773164,78493170961
1790908429,53175540,103060140032,0,0,0,0,0,4,4,8012445,40,1310,0,0,0,153,35,19305970917,76541773164,78493170961
1790908430,53233552,103044165632,0,0,0,0,0,4,4,8012445,40,1310,0,0,0,153,35,19305970917,76541773164,78493170961
1790908431,53275192,103041544192,0,0,0,0,0,4,4,8022651,40,1310,0,0,0,153,35,19305970917,76541773164,78493170961
1790908432,53320996,103069208576,0,0,0,0,0,4,4,8022651,40,1310,0,0,0,153,35,19305970917,76541773164,78493170961
1790908433,53349732,103063339008,0,0,0,0,0,4,4,8032576,40,1310,0,0,0,153,35,19305970917,76541773164,78493170961
1790908434,53375404,103062347776,0,0,0,0,0,4,4,8032576,40,1310,0,0,0,153,35,19305970917,76541773164,78493170961
1790908435,53394748,103071899648,0,0,0,0,0,4,4,8041825,40,1310,0,0,0,153,35,19305970917,76541773164,78493170961
1790908436,53420280,103078641664,0,0,0,0,0,4,4,8041825,40,1310,0,0,0,153,35,19305970917,76541773164,78493170961
1790908437,53444044,103063592960,0,0,0,0,0,4,4,8051451,40,1310,0,0,0,153,35,19305970917,76541773164,78493170961
1790908438,53472464,103073619968,0,0,0,0,0,4,4,8051451,40,1310,0,0,0,153,35,19305970917,76541773164,78493170961
1790908439,53491012,103077511168,0,0,0,0,0,4,4,8061603,40,1310,0,0,0,153,35,19305970917,76541773164,78493170961
1790908440,53518824,103069601792,0,0,0,0,0,4,4,8061603,40,1310,0,0,0,153,35,19305970917,76541773164,78493170961
1790908441,53540524,103074893824,0,0,0,0,0,4,4,8071794,40,1310,0,0,0,153,35,19305970917,76541773164,78493170961
1790908442,53569356,103061282816,0,0,0,0,0,4,4,8071794,40,1310,0,0,0,153,35,19305970917,76541773164,78493170961
1790908443,53587496,103078129664,0,0,0,0,0,4,4,8082071,40,1310,0,0,0,153,35,19305970917,76541773164,78493170961
1790908444,53612468,103076667392,0,0,0,0,0,4,4,8082071,40,1310,0,0,0,153,35,19305970917,76541773164,78493170961
1790908445,53630216,103073656832,0,0,0,0,0,4,4,8092141,40,1310,0,0,0,153,35,19305970917,76541773164,78493170961
1790908446,53661952,103060656128,0,0,0,0,0,4,4,8101974,40,1310,0,0,0,153,35,19305970917,76541773164,78493170961
1790908447,53678540,103070138368,0,0,0,0,0,4,4,8101974,40,1310,0,0,0,153,35,19305970917,76541773164,78493170961
1790908449,53704496,103056007168,0,0,0,0,0,4,4,8111010,40,1310,0,0,0,153,35,19305970917,76541773164,78493170961
1790908450,53734944,103038083072,0,0,0,0,0,4,4,8111010,40,1310,0,0,0,153,35,19305970917,76541773164,78493170961
1790908451,53770392,103056044032,0,0,0,0,0,4,4,8121163,40,1310,0,0,0,153,35,19305970917,76541773164,78493170961
1790908452,53797872,103063625728,0,0,0,0,0,4,4,8121163,40,1310,0,0,0,153,35,19305970917,76541773164,78493170961
1790908453,53836076,103068266496,0,0,0,0,0,4,4,8131446,40,1310,0,0,0,153,35,19305970917,76541773164,78493170961
1790908454,53865852,103073935360,0,0,0,0,0,4,4,8131446,40,1310,0,0,0,153,35,19305970917,76541773164,78493170961
1790908455,53896204,103073435648,0,0,0,0,0,4,4,8140877,40,1310,0,0,0,153,35,19305970917,76541773164,78493170961
1790908456,53927492,103064354816,0,0,0,0,0,4,4,8140877,40,1310,0,0,0,153,35,19305970917,76541773164,78493170961
1790908457,53942208,103079088128,0,0,0,0,0,4,4,8149670,40,1310,0,0,0,153,35,19305970917,76541773164,78493170961
1790908458,53972460,103075172352,0,0,0,0,0,4,4,8149670,40,1310,0,0,0,153,35,19305970917,76541773164,78493170961
1790908459,53999516,103073083392,0,0,0,0,0,4,4,8158604,40,1310,0,0,0,153,35,19305970917,76541773164,78493170961
1790908460,54032800,103074353152,0,0,0,0,0,4,4,8158604,40,1310,0,0,0,153,35,19305970917,76541773164,78493170961
1790908461,54065984,103056195584,0,0,0,0,0,4,4,8168797,40,1310,0,0,0,153,35,19305970917,76541773164,78493170961
1790908462,54091600,103079051264,0,0,0,0,0,4,4,8168797,40,1310,0,0,0,153,35,19305970917,76541773164,78493170961
1790908463,54130984,103075930112,0,0,0,0,0,4,4,8179117,40,1310,0,0,0,153,35,19305970917,76541773164,78493170961
1790908464,54163100,103069986816,0,0,0,0,0,4,4,8179117,40,1310,0,0,0,153,35,19305970917,76541773164,78493170961
1790908465,54208584,103063003136,0,0,0,0,0,4,4,8188688,40,1310,0,0,0,153,35,19305970917,76541773164,78493170961
1790908466,54249920,103079174144,0,0,0,0,0,4,4,8188688,40,1310,0,0,0,153,35,19305970917,76541773164,78493170961
1790908467,54304252,103072722944,0,0,0,0,0,4,4,8198363,40,1310,0,0,0,153,35,19305970917,76541773164,78493170961
1790908469,54353156,103065018368,0,0,0,0,0,4,4,8208923,40,1310,0,0,0,153,35,19305970917,76541773164,78493170961
1790908470,54408136,103060054016,0,0,0,0,0,4,4,8208923,40,1310,0,0,0,153,35,19305970917,76541773164,78493170961
1790908471,54441736,103053905920,0,0,0,0,0,4,4,8218561,40,1310,0,0,0,153,35,19305970917,76541773164,78493170961
1790908472,54466176,103076962304,0,0,0,0,0,4,4,8218561,40,1310,0,0,0,153,35,19305970917,76541773164,78493170961
1790908473,54496016,103074410496,0,0,0,0,0,4,4,8226909,40,1310,0,0,0,153,35,19305970917,76541773164,78493170961
1790908474,54552180,103072620544,0,0,0,0,0,4,4,8226909,40,1310,0,0,0,153,35,19305970917,76541773164,78493170961
1790908475,54610904,103073955840,0,0,0,0,0,4,4,8236935,40,1310,0,0,0,153,35,19305970917,76541773164,78493170961
1790908476,54663124,103077072896,0,0,0,0,0,4,4,8236935,40,1310,0,0,0,153,35,19305970917,76541773164,78493170961
1790908477,54676096,103066611712,0,0,0,0,0,4,4,8246508,40,1310,0,0,0,153,35,19305970917,76541773164,78493170961
1790908478,54708024,103076016128,0,0,0,0,0,4,4,8246508,40,1310,0,0,0,153,35,19305970917,76541773164,78493170961
1790908479,54741584,103072636928,0,0,0,0,0,4,4,8254402,40,1310,0,0,0,153,35,19305970917,76541773164,78493170961
1790908480,54778348,103072546816,0,0,0,0,0,4,4,8254402,40,1310,0,0,0,153,35,19305970917,76541773164,78493170961
1790908481,54818400,103078371328,0,0,0,0,0,4,4,8263162,40,1310,0,0,0,153,35,19305970917,76541773164,78493170961
1790908482,54872556,103078481920,0,0,0,0,0,4,4,8263162,40,1310,0,0,0,153,35,19305970917,76541773164,78493170961
1790908483,54923808,103077650432,0,0,0,0,0,4,4,8272906,40,1310,0,0,0,153,35,19305970917,76541773164,78493170961
1790908484,54968008,103067250688,0,0,0,0,0,4,4,8272906,40,1310,0,0,0,153,35,19305970917,76541773164,78493170961
1790908485,54929876,103078752256,0,0,0,0,0,4,4,8283062,40,1310,0,0,0,153,35,19305970917,76541773164,78493170961
1790908486,54897040,103063564288,0,0,0,0,0,4,4,8283062,40,1310,0,0,0,153,35,19305970917,76541773164,78493170961
1790908487,54932584,103079190528,0,0,0,0,0,4,4,8292632,40,1311,0,0,0,153,35,19305970917,76541773164,78493170961
1790908488,54945512,103072481280,0,0,0,0,0,4,4,8292632,40,1311,0,0,0,153,35,19305970917,76541773164,78493170961
1790908490,54983828,103060377600,0,0,0,0,0,4,4,8301920,40,1311,0,0,0,153,35,19305970917,76541773164,78493170961
1790908491,55020032,103076753408,0,0,0,0,0,4,4,8312974,40,1311,0,0,0,153,35,19305970917,76541773164,78493170961
1790908492,55053416,103072534528,0,0,0,0,0,4,4,8312974,40,1311,0,0,0,153,35,19305970917,76541773164,78493170961
1790908493,55093116,103071809536,0,0,0,0,0,4,4,8323966,40,1311,0,0,0,153,35,19305970917,76541773164,78493170961
1790908494,55116696,103070306304,0,0,0,0,0,4,4,8323966,40,1311,0,0,0,153,35,19305970917,76541773164,78493170961
1790908495,55115352,103023902720,0,0,0,0,0,4,4,8333874,40,1311,0,0,0,153,35,19305970917,76541773164,78493170961
1790908496,54976184,103072563200,0,0,0,0,0,4,4,8333874,40,1311,0,0,0,153,35,19305970917,76541773164,78493170961
1790908497,54993080,103076794368,0,0,0,0,0,4,4,8344318,40,1312,0,0,0,153,35,19305970917,76541773164,78493170961
1790908498,54998172,103078002688,0,0,0,0,0,4,4,8344318,40,1312,0,0,0,153,35,19305970917,76541773164,78493170961
1790908499,55015608,103078223872,0,0,0,0,0,4,4,8354866,40,1312,0,0,0,153,35,19305970917,76541773164,78493170961
1790908500,55031988,103071813632,0,0,0,0,0,4,4,8354866,40,1312,0,0,0,153,35,19305970917,76541773164,78493170961
1790908501,55027092,103077433344,0,0,0,0,0,4,4,8366391,40,1312,0,0,0,153,35,19305970917,76541773164,78493170961
1790908502,55031788,103060246528,0,0,0,0,0,4,4,8366391,40,1312,0,0,0,153,35,19305970917,76541773164,78493170961
1790908503,55049072,103060353024,0,0,0,0,0,4,4,8378031,40,1312,0,0,0,153,35,19305970917,76541773164,78493170961
1790908504,54967804,101602271232,0,0,0,0,0,4,4,8378031,40,1312,0,0,0,153,35,19305970917,76541773164,78493170961
1790908505,55177104,94332592128,0,0,0,0,0,4,4,8388350,41,1300,0,0,0,153,36,19305970917,178970952140,191723949520
1790908506,55253832,87984906240,0,0,0,0,0,4,4,8388350,41,1300,0,0,0,153,36,19305970917,178970952140,191723949520
1790908507,55313548,82081275904,0,0,0,0,0,4,4,8397563,41,1293,0,0,0,153,36,19305970917,178970952140,191723949520
1790908508,55349400,82730618880,0,0,0,0,0,4,4,8397563,41,1293,0,0,0,153,36,19305970917,178970952140,191723949520
1790908510,55358744,83380310016,0,0,0,0,0,4,4,8409132,41,1290,0,0,0,153,36,19305970917,178970952140,191723949520
1790908511,55363112,84000256000,0,0,0,0,0,4,4,8409132,41,1290,0,0,0,153,36,19305970917,178970952140,191723949520
1790908512,55392724,84648677376,0,0,0,0,0,4,4,8421145,41,1290,0,0,0,153,36,19305970917,178970952140,191723949520
1790908513,55424296,85305688064,0,0,0,0,0,4,4,8433161,41,1290,0,0,0,153,36,19305970917,178970952140,191723949520
1790908514,55398068,85902790656,0,0,0,0,0,4,4,8433161,41,1290,0,0,0,153,36,19305970917,178970952140,191723949520
1790908515,55423756,86547034112,0,0,0,0,0,4,4,8445322,41,1290,0,0,0,153,36,19305970917,178970952140,191723949520
1790908516,55435156,87177064448,0,0,0,0,0,4,4,8445322,41,1290,0,0,0,153,36,19305970917,178970952140,191723949520
1790908517,55455672,87812435968,0,0,0,0,0,4,4,8457532,41,1290,0,0,0,153,36,19305970917,178970952140,191723949520
1790908518,55463400,88439476224,0,0,0,0,0,4,4,8457532,41,1290,0,0,0,153,36,19305970917,178970952140,191723949520
1790908519,55490084,89098690560,0,0,0,0,0,4,4,8469573,41,1290,0,0,0,153,36,19305970917,178970952140,191723949520
1790908520,55506636,89864241152,0,0,0,0,0,4,4,8469573,41,1290,0,0,0,153,36,19305970917,178970952140,191723949520
1790908521,55537864,90800803840,0,0,0,0,0,5,5,8481124,41,1290,1,0,1,153,36,19305970917,178970952140,191723949520
1790908522,55540340,91454939136,0,0,0,0,0,5,5,8481124,41,1290,1,0,1,153,36,19305970917,178970952140,191723949520
1790908523,55566724,92161163264,0,0,0,0,0,5,5,8492302,41,1294,1,0,1,153,36,19305970917,178970952140,191723949520
1790908524,55572032,92867182592,0,0,0,0,0,5,5,8492302,41,1294,1,0,1,153,36,19305970917,178970952140,191723949520
1790908525,55594652,93671755776,0,0,0,0,0,5,5,8503575,41,1300,1,0,1,153,36,19305970917,178970952140,191723949520
1790908526,55596256,94437875712,0,0,0,0,0,5,5,8503575,41,1300,1,0,1,153,36,19305970917,178970952140,191723949520
1790908527,55609796,95211552768,0,0,0,0,0,5,5,8514737,41,1308,1,0,1,153,36,19305970917,178970952140,191723949520
1790908528,55633016,95973576704,0,0,0,0,0,5,5,8514737,41,1308,1,0,1,153,36,19305970917,178970952140,191723949520
1790908529,55649568,96762261504,0,0,0,0,0,5,5,8525866,41,1316,1,0,1,153,36,19305970917,178970952140,191723949520
1790908531,55679536,97549012992,0,0,0,0,0,5,5,8525866,41,1316,1,0,1,153,36,19305970917,178970952140,191723949520
1790908532,55706288,98527223808,0,0,0,0,0,5,5,8536854,41,1325,1,0,1,153,36,19305970917,178970952140,191723949520
1790908533,55729892,99563823104,0,0,0,0,0,5,5,8536854,41,1325,1,0,1,153,36,19305970917,178970952140,191723949520
1790908534,55766320,100605902848,0,0,0,0,0,5,5,8547848,41,1326,1,0,1,153,36,19305970917,178970952140,191723949520
1790908535,55793324,101651562496,0,0,0,0,0,5,5,8559136,41,1326,1,0,1,153,36,19305970917,178970952140,191723949520
1790908536,55810868,102683353088,0,0,0,0,0,5,5,8559136,41,1326,1,0,1,153,36,19305970917,178970952140,191723949520
1790908537,55847852,103076257792,0,0,0,0,0,5,5,8570141,41,1326,1,0,1,153,36,19305970917,178970952140,191723949520
1790908538,55869248,103043239936,0,0,0,0,0,5,5,8570141,41,1326,1,0,1,153,36,19305970917,178970952140,191723949520
1790908539,55887100,103056240640,0,0,0,0,0,5,5,8580963,41,1326,1,0,1,153,36,19305970917,178970952140,191723949520
1790908540,55911200,102539804672,0,0,0,0,0,5,5,8580963,41,1326,1,0,1,153,36,19305970917,178970952140,191723949520
1790908541,52800320,101030019072,0,0,0,0,0,5,5,8589965,43,1331,0,1,0,191,37,24137362114,178974329005,191730710541
1790908542,52758408,102481625088,0,0,0,0,0,5,5,8589965,43,1331,0,1,0,191,37,24137362114,178974329005,191730710541
1790908543,52529764,103042801664,0,0,0,0,0,5,5,8595511,43,1343,0,1,0,191,37,24137362114,178974329005,191730710541
1790908544,52109180,103039160320,0,0,0,0,0,5,5,8595511,43,1343,0,1,0,191,37,24137362114,178974329005,191730710541
1790908545,51484944,100643450880,0,0,0,0,0,5,5,8600418,43,1358,0,1,0,191,37,24137362114,178974329005,191730710541
1790908546,50603284,100516040704,0,0,0,0,0,5,5,8600418,43,1358,0,1,0,191,37,24137362114,178974329005,191730710541
1790908547,49894848,100857634816,0,0,0,0,0,5,5,8605939,45,1371,0,0,0,191,39,24137362114,181769623669,194526316982
1790908548,49225176,101288620032,0,0,0,0,0,5,5,8605939,45,1371,0,0,0,191,39,24137362114,181769623669,194526316982
1790908550,48682836,101813379072,0,0,0,0,0,5,5,8611918,45,1380,0,0,0,191,39,24137362114,181769623669,194526316982
1790908551,48471276,102565789696,0,0,0,0,0,5,5,8611918,45,1380,0,0,0,191,39,24137362114,181769623669,194526316982
1790908552,48273556,103026905088,0,0,0,0,0,5,5,8618057,45,1398,0,0,0,191,39,24137362114,181769623669,194526316982
1790908553,48011936,103069822976,0,0,0,0,0,5,5,8618057,45,1398,0,0,0,191,39,24137362114,181769623669,194526316982
1790908554,47928456,103068717056,0,0,0,0,0,5,5,8623603,45,1407,0,0,0,191,39,24137362114,181769623669,194526316982
1790908555,47916840,103074013184,0,0,0,0,0,5,5,8630572,45,1422,0,0,0,191,39,24137362114,181769623669,194526316982
1790908556,47869660,103066472448,0,0,0,0,0,5,5,8630572,45,1422,0,0,0,191,39,24137362114,181769623669,194526316982
1790908557,47830916,103078379520,0,0,0,0,0,5,5,8639181,45,1430,0,0,0,191,39,24137362114,181769623669,194526316982
1790908558,47706236,102695841792,0,0,0,0,0,5,5,8639181,45,1430,0,0,0,191,39,24137362114,181769623669,194526316982
1790908559,47662492,103070081024,0,0,0,0,0,5,5,8650029,46,1388,0,0,0,191,40,24137362114,182599929352,195468549916
1790908560,47653568,103063515136,0,0,0,0,0,5,5,8650029,46,1388,0,0,0,191,40,24137362114,182599929352,195468549916
1790908561,47682088,100824514560,0,0,0,0,0,5,5,8661173,47,1359,0,0,0,191,41,24137362114,185168514045,198153986320
1790908562,47640276,98886639616,0,0,0,0,0,5,5,8661173,47,1359,0,0,0,191,41,24137362114,185168514045,198153986320
1790908563,47662400,99534376960,0,0,0,0,0,5,5,8673495,48,1324,0,0,0,191,42,24137362114,187652289705,200706455526
1790908564,47698532,100201254912,0,0,0,0,0,5,5,8673495,48,1324,0,0,0,191,42,24137362114,187652289705,200706455526
1790908565,47683764,100804804608,0,0,0,0,0,5,5,8686090,48,1324,0,0,0,191,42,24137362114,187652289705,200706455526
1790908566,47721084,101476810752,0,0,0,0,0,5,5,8686090,48,1324,0,0,0,191,42,24137362114,187652289705,200706455526
1790908567,47747468,102132989952,0,0,0,0,0,5,5,8698736,48,1324,0,0,0,191,42,24137362114,187652289705,200706455526
1790908569,47771300,102791880704,0,0,0,0,0,5,5,8698736,48,1324,0,0,0,191,42,24137362114,187652289705,200706455526
1790908570,47794816,103040098304,0,0,0,0,0,5,5,8711423,48,1324,0,0,0,191,42,24137362114,187652289705,200706455526
1790908571,47814224,103046881280,0,0,0,0,0,5,5,8711423,48,1324,0,0,0,191,42,24137362114,187652289705,200706455526
1790908572,47806292,103068905472,0,0,0,0,0,5,5,8723908,48,1324,0,0,0,191,42,24137362114,187652289705,200706455526
1790908573,47857220,103058763776,0,0,0,0,0,5,5,8723908,48,1324,0,0,0,191,42,24137362114,187652289705,200706455526
1790908574,47896816,103078457344,0,0,0,0,0,5,5,8736409,48,1324,0,0,0,191,42,24137362114,187652289705,200706455526
1790908575,47953368,103076544512,0,0,0,0,0,5,5,8736409,48,1324,0,0,0,191,42,24137362114,187652289705,200706455526
1790908576,47993840,103050432512,0,0,0,0,0,5,5,8748803,48,1324,0,0,0,191,42,24137362114,187652289705,200706455526
1790908577,48041220,103073624064,0,0,0,0,0,5,5,8761351,48,1324,0,0,0,191,42,24137362114,187652289705,200706455526
1790908578,48103696,103074492416,0,0,0,0,0,5,5,8761351,48,1324,0,0,0,191,42,24137362114,187652289705,200706455526
1790908579,48136692,103077146624,0,0,0,0,0,5,5,8773715,48,1324,0,0,0,191,42,24137362114,187652289705,200706455526
1790908580,48160576,103037964288,0,0,0,0,0,5,5,8773715,48,1324,0,0,0,191,42,24137362114,187652289705,200706455526
1790908581,48202504,103067496448,0,0,0,0,0,5,5,8785497,48,1324,0,0,0,191,42,24137362114,187652289705,200706455526
1790908582,48245072,103067488256,0,0,0,0,0,5,5,8785497,48,1324,0,0,0,191,42,24137362114,187652289705,200706455526
1790908583,48294012,103076921344,0,0,0,0,0,5,5,8797934,48,1324,0,0,0,191,42,24137362114,187652289705,200706455526
1790908584,48341272,103041208320,0,0,0,0,0,5,5,8797934,48,1324,0,0,0,191,42,24137362114,187652289705,200706455526
1790908585,48370336,103068418048,0,0,0,0,0,5,5,8810268,48,1324,0,0,0,191,42,24137362114,187652289705,200706455526
1790908586,48396420,103073316864,0,0,0,0,0,5,5,8810268,48,1324,0,0,0,191,42,24137362114,187652289705,200706455526
1790908587,48445156,103076958208,0,0,0,0,0,5,5,8821638,48,1324,0,0,0,191,42,24137362114,187652289705,200706455526
1790908588,48484032,103063556096,0,0,0,0,0,5,5,8821638,48,1324,0,0,0,191,42,24137362114,187652289705,200706455526
1790908590,48541600,103070187520,0,0,0,0,0,5,5,8834009,48,1324,0,0,0,191,42,24137362114,187652289705,200706455526
1790908591,48612896,103067598848,0,0,0,0,0,5,5,8834009,48,1324,0,0,0,191,42,24137362114,187652289705,200706455526
1790908592,48689096,103078391808,0,0,0,0,0,5,5,8846301,48,1324,0,0,0,191,42,24137362114,187652289705,200706455526
1790908593,48761596,103078920192,0,0,0,0,0,5,5,8846301,48,1324,0,0,0,191,42,24137362114,187652289705,200706455526
1790908594,48830812,103068209152,0,0,0,0,0,5,5,8858439,48,1324,0,0,0,191,42,24137362114,187652289705,200706455526
1790908595,48901064,103061741568,0,0,0,0,0,5,5,8858439,48,1324,0,0,0,191,42,24137362114,187652289705,200706455526
1790908596,48965348,103054356480,0,0,0,0,0,5,5,8870861,48,1324,0,0,0,191,42,24137362114,187652289705,200706455526
1790908597,49004700,103039279104,0,0,0,0,0,5,5,8870861,48,1324,0,0,0,191,42,24137362114,187652289705,200706455526
1790908598,49042044,103063527424,0,0,0,0,0,5,5,8883291,48,1324,0,0,0,191,42,24137362114,187652289705,200706455526
1790908599,49071256,103050964992,0,0,0,0,0,5,5,8883291,48,1324,0,0,0,191,42,24137362114,187652289705,200706455526
1790908600,49098096,103054659584,0,0,0,0,0,5,5,8895854,48,1324,0,0,0,191,42,24137362114,187652289705,200706455526
1790908601,49126492,103058366464,0,0,0,0,0,5,5,8908323,48,1324,0,0,0,191,42,24137362114,187652289705,200706455526
1790908602,49155732,103060652032,0,0,0,0,0,5,5,8908323,48,1324,0,0,0,191,42,24137362114,187652289705,200706455526
1790908603,49196264,103075553280,0,0,0,0,0,5,5,8920737,48,1324,0,0,0,191,42,24137362114,187652289705,200706455526
1790908604,49226932,103056953344,0,0,0,0,0,5,5,8920737,48,1324,0,0,0,191,42,24137362114,187652289705,200706455526
1790908605,49272436,103048859648,0,0,0,0,0,5,5,8933212,48,1324,0,0,0,191,42,24137362114,187652289705,200706455526
1790908606,49300072,103063601152,0,0,0,0,0,5,5,8933212,48,1324,0,0,0,191,42,24137362114,187652289705,200706455526
1790908607,49333780,103057256448,0,0,0,0,0,5,5,8945513,48,1324,0,0,0,191,42,24137362114,187652289705,200706455526
1790908608,49361676,103061114880,0,0,0,0,0,5,5,8945513,48,1324,0,0,0,191,42,24137362114,187652289705,200706455526
1790908609,49375988,103071412224,0,0,0,0,0,5,5,8957869,48,1324,0,0,0,191,42,24137362114,187652289705,200706455526
1790908611,49398152,103078723584,0,0,0,0,0,5,5,8957869,48,1324,0,0,0,191,42,24137362114,187652289705,200706455526
1790908612,49410680,103064748032,0,0,0,0,0,5,5,8970248,48,1324,0,0,0,191,42,24137362114,187652289705,200706455526
1790908613,49427488,103056838656,0,0,0,0,0,5,5,8970248,48,1324,0,0,0,191,42,24137362114,187652289705,200706455526
1790908614,49448100,103062675456,0,0,0,0,0,5,5,8982639,48,1324,0,0,0,191,42,24137362114,187652289705,200706455526
1790908615,49459848,103074291712,0,0,0,0,0,5,5,8982639,48,1324,0,0,0,191,42,24137362114,187652289705,200706455526
1790908616,49464364,103050743808,0,0,0,0,0,5,5,8995062,48,1324,0,0,0,191,42,24137362114,187652289705,200706455526
1790908617,49476848,103069618176,0,0,0,0,0,5,5,8995062,48,1324,0,0,0,191,42,24137362114,187652289705,200706455526
1790908618,49466068,103074205696,0,0,0,0,0,5,5,9007516,48,1324,0,0,0,191,42,24137362114,187652289705,200706455526
1790908619,49486480,103078023168,0,0,0,0,0,5,5,9007516,48,1324,0,0,0,191,42,24137362114,187652289705,200706455526
1790908620,49489328,103072464896,0,0,0,0,0,5,5,9019731,48,1324,0,0,0,191,42,24137362114,187652289705,200706455526
1790908621,49496116,103073538048,0,0,0,0,0,5,5,9019731,48,1324,0,0,0,191,42,24137362114,187652289705,200706455526
1790908622,49515908,103042416640,0,0,0,0,0,5,5,9032140,48,1324,0,0,0,191,42,24137362114,187652289705,200706455526
1790908623,49525732,103078027264,0,0,0,0,0,5,5,9044640,48,1324,0,0,0,191,42,24137362114,187652289705,200706455526
1790908624,49548484,103062781952,0,0,0,0,0,5,5,9044640,48,1324,0,0,0,191,42,24137362114,187652289705,200706455526
1790908625,49565632,103066300416,0,0,0,0,0,5,5,9057164,48,1324,0,0,0,191,42,24137362114,187652289705,200706455526
1790908626,49588216,103060062208,0,0,0,0,0,5,5,9057164,48,1324,0,0,0,191,42,24137362114,187652289705,200706455526
1790908627,49607172,103059726336,0,0,0,0,0,5,5,9069680,48,1324,0,0,0,191,42,24137362114,187652289705,200706455526
1790908628,49618892,103079030784,0,0,0,0,0,5,5,9069680,48,1324,0,0,0,191,42,24137362114,187652289705,200706455526
1790908629,49642528,103078670336,0,0,0,0,0,5,5,9082234,48,1324,0,0,0,191,42,24137362114,187652289705,200706455526
1790908630,49655320,103078227968,0,0,0,0,0,5,5,9082234,48,1324,0,0,0,191,42,24137362114,187652289705,200706455526
1790908632,49654792,103065919488,0,0,0,0,0,5,5,9094742,48,1324,0,0,0,191,42,24137362114,187652289705,200706455526
1790908633,49689468,103058497536,0,0,0,0,0,5,5,9094742,48,1324,0,0,0,191,42,24137362114,187652289705,200706455526
1790908634,49733796,103070789632,0,0,0,0,0,5,5,9107325,48,1324,0,0,0,191,42,24137362114,187652289705,200706455526
1790908635,49790784,103074709504,0,0,0,0,0,5,5,9107325,48,1324,0,0,0,191,42,24137362114,187652289705,200706455526
1790908636,49844240,103073222656,0,0,0,0,0,5,5,9119858,48,1324,0,0,0,191,42,24137362114,187652289705,200706455526
1790908637,49901212,103060328448,0,0,0,0,0,5,5,9119858,48,1324,0,0,0,191,42,24137362114,187652289705,200706455526
1790908638,49953056,103047782400,0,0,0,0,0,5,5,9132335,48,1324,0,0,0,191,42,24137362114,187652289705,200706455526
1790908639,50020060,103070838784,0,0,0,0,0,5,5,9132335,48,1324,0,0,0,191,42,24137362114,187652289705,200706455526
1790908640,50087992,103071318016,0,0,0,0,0,5,5,9144764,48,1324,0,0,0,191,42,24137362114,187652289705,200706455526
1790908641,50149612,103070900224,0,0,0,0,0,5,5,9144764,48,1324,0,0,0,191,42,24137362114,187652289705,200706455526
1790908642,50209860,103067729920,0,0,0,0,0,5,5,9157139,48,1324,0,0,0,191,42,24137362114,187652289705,200706455526
1790908643,50268768,103074242560,0,0,0,0,0,5,5,9157139,48,1324,0,0,0,191,42,24137362114,187652289705,200706455526
1790908644,50301184,103059066880,0,0,0,0,0,5,5,9169680,48,1324,0,0,0,191,42,24137362114,187652289705,200706455526
1790908645,50341864,103070654464,0,0,0,0,0,5,5,9169680,48,1324,0,0,0,191,42,24137362114,187652289705,200706455526
1790908646,50391968,103058878464,0,0,0,0,0,5,5,9182147,48,1324,0,0,0,191,42,24137362114,187652289705,200706455526
1790908647,50435436,103071911936,0,0,0,0,0,5,5,9194621,48,1324,0,0,0,191,42,24137362114,187652289705,200706455526
1790908648,50479888,103068045312,0,0,0,0,0,5,5,9194621,48,1324,0,0,0,191,42,24137362114,187652289705,200706455526
1790908649,50522468,103054499840,0,0,0,0,0,5,5,9206813,48,1324,0,0,0,191,42,24137362114,187652289705,200706455526
1790908650,50569168,103069958144,0,0,0,0,0,5,5,9206813,48,1324,0,0,0,191,42,24137362114,187652289705,200706455526
1790908651,50611032,103061950464,0,0,0,0,0,5,5,9219187,48,1324,0,0,0,191,42,24137362114,187652289705,200706455526
1790908653,50641408,103071502336,0,0,0,0,0,5,5,9219187,48,1324,0,0,0,191,42,24137362114,187652289705,200706455526
1790908654,50679244,103075012608,0,0,0,0,0,5,5,9231727,48,1324,0,0,0,191,42,24137362114,187652289705,200706455526
1790908655,50684180,103066386432,0,0,0,0,0,5,5,9231727,48,1324,0,0,0,191,42,24137362114,187652289705,200706455526
1790908656,50717516,103065014272,0,0,0,0,0,5,5,9244177,48,1324,0,0,0,191,42,24137362114,187652289705,200706455526
1790908657,50733360,103050964992,0,0,0,0,0,5,5,9244177,48,1324,0,0,0,191,42,24137362114,187652289705,200706455526
1790908658,50775872,103072612352,0,0,0,0,0,5,5,9256664,48,1324,0,0,0,191,42,24137362114,187652289705,200706455526
1790908659,50811172,103060254720,0,0,0,0,0,5,5,9256664,48,1324,0,0,0,191,42,24137362114,187652289705,200706455526
1790908660,50874464,103056318464,0,0,0,0,0,5,5,9269156,48,1324,0,0,0,191,42,24137362114,187652289705,200706455526
1790908661,50926024,103076823040,0,0,0,0,0,5,5,9269156,48,1324,0,0,0,191,42,24137362114,187652289705,200706455526
1790908662,50974456,103075049472,0,0,0,0,0,5,5,9281683,48,1324,0,0,0,191,42,24137362114,187652289705,200706455526
1790908663,51038112,103071207424,0,0,0,0,0,5,5,9281683,48,1324,0,0,0,191,42,24137362114,187652289705,200706455526
1790908664,51085004,103071227904,0,0,0,0,0,5,5,9294157,48,1324,0,0,0,191,42,24137362114,187652289705,200706455526
1790908665,51117780,103077679104,0,0,0,0,0,5,5,9294157,48,1324,0,0,0,191,42,24137362114,187652289705,200706455526
1790908666,51158856,103057539072,0,0,0,0,0,5,5,9306688,48,1324,0,0,0,191,42,24137362114,187652289705,200706455526
1790908667,51192168,103063437312,0,0,0,0,0,5,5,9306688,48,1324,0,0,0,191,42,24137362114,187652289705,200706455526
1790908668,51237376,103066726400,0,0,0,0,0,5,5,9319154,48,1324,0,0,0,191,42,24137362114,187652289705,200706455526
1790908669,51276972,103070343168,0,0,0,0,0,5,5,9331647,48,1324,0,0,0,191,42,24137362114,187652289705,200706455526
1790908670,51330940,103061561344,0,0,0,0,0,5,5,9331647,48,1324,0,0,0,191,42,24137362114,187652289705,200706455526
1790908671,51371732,103069532160,0,0,0,0,0,5,5,9344205,48,1324,0,0,0,191,42,24137362114,187652289705,200706455526
1790908672,51425184,103065018368,0,0,0,0,0,5,5,9344205,48,1324,0,0,0,191,42,24137362114,187652289705,200706455526
1790908674,51466368,103066202112,0,0,0,0,0,5,5,9356634,48,1324,0,0,0,191,42,24137362114,187652289705,200706455526
1790908675,51491256,103078641664,0,0,0,0,0,5,5,9356634,48,1324,0,0,0,191,42,24137362114,187652289705,200706455526
1790908676,51516784,103077335040,0,0,0,0,0,5,5,9369192,48,1324,0,0,0,191,42,24137362114,187652289705,200706455526
1790908677,51556684,103065169920,0,0,0,0,0,5,5,9369192,48,1324,0,0,0,191,42,24137362114,187652289705,200706455526
1790908678,51598368,103074316288,0,0,0,0,0,5,5,9381519,48,1324,0,0,0,191,42,24137362114,187652289705,200706455526
1790908679,51647640,103056527360,0,0,0,0,0,5,5,9381519,48,1324,0,0,0,191,42,24137362114,187652289705,200706455526
1790908680,51682448,103079153664,0,0,0,0,0,5,5,9393916,48,1324,0,0,0,191,42,24137362114,187652289705,200706455526
1790908681,51709424,103078969344,0,0,0,0,0,5,5,9393916,48,1324,0,0,0,191,42,24137362114,187652289705,200706455526
1790908682,51733160,103054430208,0,0,0,0,0,5,5,9406075,48,1324,0,0,0,191,42,24137362114,187652289705,200706455526
1790908683,51752820,103048843264,0,0,0,0,0,5,5,9406075,48,1324,0,0,0,191,42,24137362114,187652289705,200706455526
1790908684,51787520,103060959232,0,0,0,0,0,5,5,9418659,48,1324,0,0,0,191,42,24137362114,187652289705,200706455526
1790908685,51806172,103050199040,0,0,0,0,0,5,5,9418659,48,1324,0,0,0,191,42,24137362114,187652289705,200706455526
1790908686,51820204,103074271232,0,0,0,0,0,5,5,9431186,48,1324,0,0,0,191,42,24137362114,187652289705,200706455526
1790908687,51847888,103077924864,0,0,0,0,0,5,5,9431186,48,1324,0,0,0,191,42,24137362114,187652289705,200706455526
1790908688,51877020,103079170048,0,0,0,0,0,5,5,9443673,48,1324,0,0,0,191,42,24137362114,187652289705,200706455526
1790908689,51919440,103071830016,0,0,0,0,0,5,5,9443673,48,1324,0,0,0,191,42,24137362114,187652289705,200706455526
1790908690,51955800,103061962752,0,0,0,0,0,5,5,9456176,48,1324,0,0,0,191,42,24137362114,187652289705,200706455526
1790908691,51989084,103058862080,0,0,0,0,0,5,5,9468746,48,1324,0,0,0,191,42,24137362114,187652289705,200706455526
1790908692,52019456,103051141120,0,0,0,0,0,5,5,9468746,48,1324,0,0,0,191,42,24137362114,187652289705,200706455526
1790908693,52060324,103072538624,0,0,0,0,0,5,5,9481112,48,1324,0,0,0,191,42,24137362114,187652289705,200706455526
1790908695,52083860,103064059904,0,0,0,0,0,5,5,9481112,48,1324,0,0,0,191,42,24137362114,187652289705,200706455526
1790908696,52118952,103070552064,0,0,0,0,0,5,5,9493466,48,1324,0,0,0,191,42,24137362114,187652289705,200706455526
1790908697,52157632,103033421824,0,0,0,0,0,5,5,9493466,48,1324,0,0,0,191,42,24137362114,187652289705,200706455526
1790908698,52154880,103070478336,0,0,0,0,0,5,5,9505939,48,1324,0,0,0,191,42,24137362114,187652289705,200706455526
1790908699,52186152,103056330752,0,0,0,0,0,5,5,9505939,48,1324,0,0,0,191,42,24137362114,187652289705,200706455526
1790908700,52220424,103044907008,0,0,0,0,0,5,5,9518290,48,1324,0,0,0,191,42,24137362114,187652289705,200706455526
1790908701,52251296,103045132288,0,0,0,0,0,5,5,9518290,48,1324,0,0,0,191,42,24137362114,187652289705,200706455526
1790908702,52306308,103072731136,0,0,0,0,0,5,5,9530773,48,1324,0,0,0,191,42,24137362114,187652289705,200706455526
1790908703,52346480,103057448960,0,0,0,0,0,5,5,9530773,48,1324,0,0,0,191,42,24137362114,187652289705,200706455526
1790908704,52395016,103051431936,0,0,0,0,0,5,5,9543119,48,1324,0,0,0,191,42,24137362114,187652289705,200706455526
1790908705,52437924,103055687680,0,0,0,0,0,5,5,9543119,48,1324,0,0,0,191,42,24137362114,187652289705,200706455526
1790908706,52483232,103072698368,0,0,0,0,0,5,5,9555487,48,1324,0,0,0,191,42,24137362114,187652289705,200706455526
1790908707,52529496,103077351424,0,0,0,0,0,5,5,9555487,48,1324,0,0,0,191,42,24137362114,187652289705,200706455526
1790908708,52556680,103058432000,0,0,0,0,0,5,5,9567944,48,1324,0,0,0,191,42,24137362114,187652289705,200706455526
1790908709,52600516,103072657408,0,0,0,0,0,5,5,9567944,48,1324,0,0,0,191,42,24137362114,187652289705,200706455526
1790908710,52659512,103058501632,0,0,0,0,0,5,5,9580407,48,1324,0,0,0,191,42,24137362114,187652289705,200706455526
1790908711,52710564,103064645632,0,0,0,0,0,5,5,9580407,48,1324,0,0,0,191,42,24137362114,187652289705,200706455526
1790908712,52767700,103075393536,0,0,0,0,0,5,5,9592809,48,1324,0,0,0,191,42,24137362114,187652289705,200706455526
1790908713,52799344,103076552704,0,0,0,0,0,5,5,9604891,48,1324,0,0,0,191,42,24137362114,187652289705,200706455526
1790908714,52854672,103069343744,0,0,0,0,0,5,5,9604891,48,1324,0,0,0,191,42,24137362114,187652289705,200706455526
1790908716,52900132,103054344192,0,0,0,0,0,5,5,9617334,48,1324,0,0,0,191,42,24137362114,187652289705,200706455526
1790908717,52948692,103078887424,0,0,0,0,0,5,5,9617334,48,1324,0,0,0,191,42,24137362114,187652289705,200706455526
1790908718,52986744,103054041088,0,0,0,0,0,5,5,9629714,48,1324,0,0,0,191,42,24137362114,187652289705,200706455526
1790908719,53052392,103048704000,0,0,0,0,0,5,5,9629714,48,1324,0,0,0,191,42,24137362114,187652289705,200706455526
1790908720,53103936,103071666176,0,0,0,0,0,5,5,9642022,48,1324,0,0,0,191,42,24137362114,187652289705,200706455526
1790908721,53162440,103074648064,0,0,0,0,0,5,5,9642022,48,1324,0,0,0,191,42,24137362114,187652289705,200706455526
1790908722,53212976,103041396736,0,0,0,0,0,5,5,9654455,48,1324,0,0,0,191,42,24137362114,187652289705,200706455526
1790908723,53272060,103071346688,0,0,0,0,0,5,5,9654455,48,1324,0,0,0,191,42,24137362114,187652289705,200706455526
1790908724,53317608,103073525760,0,0,0,0,0,5,5,9666893,48,1324,0,0,0,191,42,24137362114,187652289705,200706455526
1790908725,53360032,103071289344,0,0,0,0,0,5,5,9666893,48,1324,0,0,0,191,42,24137362114,187652289705,200706455526
1790908726,53384572,103061688320,0,0,0,0,0,5,5,9679253,48,1324,0,0,0,191,42,24137362114,187652289705,200706455526
1790908727,53418176,103069470720,0,0,0,0,0,5,5,9679253,48,1324,0,0,0,191,42,24137362114,187652289705,200706455526
1790908728,53446168,103053058048,0,0,0,0,0,5,5,9691711,48,1324,0,0,0,191,42,24137362114,187652289705,200706455526
1790908729,53472880,103079157760,0,0,0,0,0,5,5,9691711,48,1324,0,0,0,191,42,24137362114,187652289705,200706455526
1790908730,53498480,103067119616,0,0,0,0,0,5,5,9704148,48,1324,0,0,0,191,42,24137362114,187652289705,200706455526
1790908731,53520120,103078617088,0,0,0,0,0,5,5,9704148,48,1324,0,0,0,191,42,24137362114,187652289705,200706455526
1790908732,53548372,103063261184,0,0,0,0,0,5,5,9716540,48,1324,0,0,0,191,42,24137362114,187652289705,200706455526
1790908733,53569316,103049089024,0,0,0,0,0,5,5,9716540,48,1324,0,0,0,191,42,24137362114,187652289705,200706455526
1790908734,53550216,103075573760,0,0,0,0,0,5,5,9729085,48,1324,0,0,0,191,42,24137362114,187652289705,200706455526
1790908735,53567360,103078400000,0,0,0,0,0,5,5,9729085,48,1324,0,0,0,191,42,24137362114,187652289705,200706455526
1790908737,53585408,103059595264,0,0,0,0,0,5,5,9741449,48,1324,0,0,0,191,42,24137362114,187652289705,200706455526
1790908738,53608976,103075213312,0,0,0,0,0,5,5,9753889,48,1324,0,0,0,191,42,24137362114,187652289705,200706455526
1790908739,53624300,103079092224,0,0,0,0,0,5,5,9753889,48,1324,0,0,0,191,42,24137362114,187652289705,200706455526
1790908740,53632460,103059402752,0,0,0,0,0,5,5,9766272,48,1324,0,0,0,191,42,24137362114,187652289705,200706455526
1790908741,53639104,103060393984,0,0,0,0,0,5,5,9766272,48,1324,0,0,0,191,42,24137362114,187652289705,200706455526
1790908742,53651224,103069917184,0,0,0,0,0,5,5,9778597,48,1324,0,0,0,191,42,24137362114,187652289705,200706455526
1790908743,53662164,103079071744,0,0,0,0,0,5,5,9778597,48,1324,0,0,0,191,42,24137362114,187652289705,200706455526
1790908744,53663532,103057170432,0,0,0,0,0,5,5,9790732,48,1324,0,0,0,191,42,24137362114,187652289705,200706455526
1790908745,53692628,103079018496,0,0,0,0,0,5,5,9790732,48,1324,0,0,0,191,42,24137362114,187652289705,200706455526
1790908746,53725464,103058014208,0,0,0,0,0,5,5,9803156,48,1324,0,0,0,191,42,24137362114,187652289705,200706455526
1790908747,53760984,103061209088,0,0,0,0,0,5,5,9803156,48,1324,0,0,0,191,42,24137362114,187652289705,200706455526
1790908748,53771652,103074316288,0,0,0,0,0,5,5,9815589,48,1324,0,0,0,191,42,24137362114,187652289705,200706455526
1790908749,53794660,103070261248,0,0,0,0,0,5,5,9815589,48,1324,0,0,0,191,42,24137362114,187652289705,200706455526
1790908750,53815208,103043584000,0,0,0,0,0,5,5,9828089,48,1324,0,0,0,191,42,24137362114,187652289705,200706455526
1790908751,53841644,103051071488,0,0,0,0,0,5,5,9828089,48,1324,0,0,0,191,42,24137362114,187652289705,200706455526
1790908752,53865768,103059513344,0,0,0,0,0,5,5,9840474,48,1324,0,0,0,191,42,24137362114,187652289705,200706455526
1790908753,53889596,103062417408,0,0,0,0,0,5,5,9840474,48,1324,0,0,0,191,42,24137362114,187652289705,200706455526
1790908754,53912976,103061696512,0,0,0,0,0,5,5,9852877,48,1324,0,0,0,191,42,24137362114,187652289705,200706455526
1790908755,53937940,103073873920,0,0,0,0,0,5,5,9852877,48,1324,0,0,0,191,42,24137362114,187652289705,200706455526
1790908757,53959980,103046504448,0,0,0,0,0,5,5,9865397,48,1324,0,0,0,191,42,24137362114,187652289705,200706455526
1790908758,53980044,103074861056,0,0,0,0,0,5,5,9865397,48,1324,0,0,0,191,42,24137362114,187652289705,200706455526
1790908759,54006680,103074181120,0,0,0,0,0,5,5,9877754,48,1324,0,0,0,191,42,24137362114,187652289705,200706455526
1790908760,54034436,103068082176,0,0,0,0,0,5,5,9890210,48,1324,0,0,0,191,42,24137362114,187652289705,200706455526
1790908761,54071592,103074078720,0,0,0,0,0,5,5,9890210,48,1324,0,0,0,191,42,24137362114,187652289705,200706455526
1790908762,54097508,103053426688,0,0,0,0,0,5,5,9902583,48,1324,0,0,0,191,42,24137362114,187652289705,200706455526
1790908763,54140108,103058722816,0,0,0,0,0,5,5,9902583,48,1324,0,0,0,191,42,24137362114,187652289705,200706455526
1790908764,54190112,103076081664,0,0,0,0,0,5,5,9914895,48,1324,0,0,0,191,42,24137362114,187652289705,200706455526
1790908765,54236476,103056322560,0,0,0,0,0,5,5,9914895,48,1324,0,0,0,191,42,24137362114,187652289705,200706455526
1790908766,54309436,103061262336,0,0,0,0,0,5,5,9927295,48,1324,0,0,0,191,42,24137362114,187652289705,200706455526
1790908767,54383284,103075389440,0,0,0,0,0,5,5,9927295,48,1324,0,0,0,191,42,24137362114,187652289705,200706455526
1790908768,54450144,103071211520,0,0,0,0,0,5,5,9939679,48,1324,0,0,0,191,42,24137362114,187652289705,200706455526
1790908769,54509016,103078768640,0,0,0,0,0,5,5,9939679,48,1324,0,0,0,191,42,24137362114,187652289705,200706455526
1790908770,54576500,103070441472,0,0,0,0,0,5,5,9952032,48,1324,0,0,0,191,42,24137362114,187652289705,200706455526
1790908771,54628872,103074025472,0,0,0,0,0,5,5,9952032,48,1324,0,0,0,191,42,24137362114,187652289705,200706455526
1790908772,54683452,103061323776,0,0,0,0,0,5,5,9964445,48,1324,0,0,0,191,42,24137362114,187652289705,200706455526
1790908773,54741700,103054483456,0,0,0,0,0,5,5,9964445,48,1324,0,0,0,191,42,24137362114,187652289705,200706455526
1790908774,54793764,103060701184,0,0,0,0,0,5,5,9976864,48,1324,0,0,0,191,42,24137362114,187652289705,200706455526
1790908775,54846652,103065595904,0,0,0,0,0,5,5,9976864,48,1324,0,0,0,191,42,24137362114,187652289705,200706455526
1790908776,54913504,103076478976,0,0,0,0,0,5,5,9989032,48,1324,0,0,0,191,42,24137362114,187652289705,200706455526
1790908777,54973768,103055491072,0,0,0,0,0,5,5,9989032,48,1324,0,0,0,191,42,24137362114,187652289705,200706455526
1790908779,55029220,103048445952,0,0,0,0,0,5,5,10001402,48,1324,0,0,0,191,42,24137362114,187652289705,200706455526
1790908780,55076640,103076818944,0,0,0,0,0,5,5,10001402,48,1324,0,0,0,191,42,24137362114,187652289705,200706455526
1790908781,55124916,103064064000,0,0,0,0,0,5,5,10013934,48,1324,0,0,0,191,42,24137362114,187652289705,200706455526
1790908782,55177120,103072690176,0,0,0,0,0,5,5,10026286,48,1324,0,0,0,191,42,24137362114,187652289705,200706455526
1790908783,55208984,103057633280,0,0,0,0,0,5,5,10026286,48,1324,0,0,0,191,42,24137362114,187652289705,200706455526
1790908784,55253832,103070040064,0,0,0,0,0,5,5,10038734,48,1324,0,0,0,191,42,24137362114,187652289705,200706455526
1790908785,55293764,103062188032,0,0,0,0,0,5,5,10038734,48,1324,0,0,0,191,42,24137362114,187652289705,200706455526
1790908786,55338948,103070973952,0,0,0,0,0,5,5,10051171,48,1324,0,0,0,191,42,24137362114,187652289705,200706455526
1790908787,55381916,103076257792,0,0,0,0,0,5,5,10051171,48,1324,0,0,0,191,42,24137362114,187652289705,200706455526
1790908788,55425468,103076904960,0,0,0,0,0,5,5,10063643,48,1324,0,0,0,191,42,24137362114,187652289705,200706455526
1790908789,55469208,103067271168,0,0,0,0,0,5,5,10063643,48,1324,0,0,0,191,42,24137362114,187652289705,200706455526
1790908790,55502812,103062515712,0,0,0,0,0,5,5,10076087,48,1324,0,0,0,191,42,24137362114,187652289705,200706455526
1790908791,55545976,103073443840,0,0,0,0,0,5,5,10076087,48,1324,0,0,0,191,42,24137362114,187652289705,200706455526
1790908792,55593112,103032598528,0,0,0,0,0,5,5,10088492,48,1324,0,0,0,191,42,24137362114,187652289705,200706455526
1790908793,55638952,103076081664,0,0,0,0,0,5,5,10088492,48,1324,0,0,0,191,42,24137362114,187652289705,200706455526
1790908794,55672200,103073898496,0,0,0,0,0,5,5,10100907,48,1324,0,0,0,191,42,24137362114,187652289705,200706455526
1790908795,55702084,103052779520,0,0,0,0,0,5,5,10100907,48,1324,0,0,0,191,42,24137362114,187652289705,200706455526
1790908796,55714756,103058272256,0,0,0,0,0,5,5,10113342,48,1324,0,0,0,191,42,24137362114,187652289705,200706455526
1790908797,55741144,103060307968,0,0,0,0,0,5,5,10113342,48,1324,0,0,0,191,42,24137362114,187652289705,200706455526
1790908798,55764948,103075090432,0,0,0,0,0,5,5,10125699,48,1324,0,0,0,191,42,24137362114,187652289705,200706455526
1790908800,55790328,103072673792,0,0,0,0,0,5,5,10125699,48,1324,0,0,0,191,42,24137362114,187652289705,200706455526
1790908801,55809000,103052447744,0,0,0,0,0,5,5,10138134,48,1324,0,0,0,191,42,24137362114,187652289705,200706455526
1790908802,55801888,103059914752,0,0,0,0,0,5,5,10138134,48,1324,0,0,0,191,42,24137362114,187652289705,200706455526
1790908803,55810616,103077888000,0,0,0,0,0,5,5,10150641,48,1324,0,0,0,191,42,24137362114,187652289705,200706455526
1790908804,55810936,103073075200,0,0,0,0,0,5,5,10150641,48,1324,0,0,0,191,42,24137362114,187652289705,200706455526
1790908805,55816484,103069999104,0,0,0,0,0,5,5,10163105,48,1324,0,0,0,191,42,24137362114,187652289705,200706455526
1790908806,55816356,103072034816,0,0,0,0,0,6,6,10174988,48,1324,1,0,1,191,42,24137362114,187652289705,200706455526
1790908807,55822160,103077093376,0,0,0,0,0,6,6,10174988,48,1324,1,0,1,191,42,24137362114,187652289705,200706455526
1790908808,55829336,103070973952,0,0,0,0,0,6,6,10185949,48,1327,1,0,1,191,42,24137362114,187652289705,200706455526
1790908809,55830440,103071420416,0,0,0,0,0,6,6,10185949,48,1327,1,0,1,191,42,24137362114,187652289705,200706455526
1790908810,55835252,103076720640,0,0,0,0,0,6,6,10192249,48,1333,1,0,1,191,42,24137362114,187652289705,200706455526
1790908811,55842304,103073456128,0,0,0,0,0,6,6,10192249,48,1333,1,0,1,191,42,24137362114,187652289705,200706455526
1790908812,55838792,103073845248,0,0,0,0,0,6,6,10193528,48,1343,1,0,1,191,42,24137362114,187652289705,200706455526
1790908813,55836588,103077076992,0,0,0,0,0,6,6,10193528,48,1343,1,0,1,191,42,24137362114,187652289705,200706455526
1790908814,55836940,103074746368,0,0,0,0,0,6,6,10193528,48,1353,1,0,1,191,42,24137362114,187652289705,200706455526
1790908815,55838292,103078428672,0,0,0,0,0,6,6,10193528,48,1353,1,0,1,191,42,24137362114,187652289705,200706455526
1790908816,55847584,103073882112,0,0,0,0,0,6,6,10193528,48,1360,1,0,1,191,42,24137362114,187652289705,200706455526
1790908817,55861220,103078604800,0,0,0,0,0,6,6,10193528,48,1360,1,0,1,191,42,24137362114,187652289705,200706455526
1790908818,55862788,103078678528,0,0,0,0,0,6,6,10193528,48,1360,1,0,1,191,42,24137362114,187652289705,200706455526
1790908819,55874896,103074594816,0,0,0,0,0,6,6,10193528,48,1360,1,0,1,191,42,24137362114,187652289705,200706455526
1790908820,55880732,103077879808,0,0,0,0,0,6,6,10193528,48,1360,1,0,1,191,42,24137362114,187652289705,200706455526
1790908821,55882576,103075467264,0,0,0,0,0,6,6,10193528,48,1360,1,0,1,191,42,24137362114,187652289705,200706455526
1790908822,55883352,103076220928,0,0,0,0,0,6,6,10193528,48,1360,1,0,1,191,42,24137362114,187652289705,200706455526
1790908823,52275744,99708997632,0,0,0,0,0,6,6,10193528,48,1360,1,0,1,191,42,24137362114,187652289705,200706455526
1790908825,52300152,101236002816,0,0,0,0,0,6,6,10193528,50,1367,0,3,0,229,43,28965626245,187655666599,200713212109
1790908826,52307476,102653222912,0,0,0,0,0,6,6,10193528,50,1367,0,3,0,229,43,28965626245,187655666599,200713212109
1790908827,52316312,103070420992,0,0,0,0,0,6,6,10193528,50,1382,0,3,0,229,43,28965626245,187655666599,200713212109
1790908828,52319412,103078354944,0,0,0,0,0,6,6,10193528,50,1382,0,3,0,229,43,28965626245,187655666599,200713212109
1790908829,52321468,103058128896,0,0,0,0,0,6,6,10193528,50,1400,0,3,0,229,43,28965626245,187655666599,200713212109
1790908830,52324172,103067049984,0,0,0,0,0,6,6,10193528,50,1417,0,3,0,229,43,28965626245,187655666599,200713212109
1790908831,52328760,103076212736,0,0,0,0,0,6,6,10193528,50,1417,0,3,0,229,43,28965626245,187655666599,200713212109
1790908832,52332856,103060451328,0,0,0,0,0,6,6,10193528,50,1437,0,3,0,229,43,28965626245,187655666599,200713212109
1790908833,52334044,103063154688,0,0,0,0,0,6,6,10193528,50,1437,0,3,0,229,43,28965626245,187655666599,200713212109
1790908834,52325652,103076847616,0,0,0,0,0,6,6,10193528,50,1463,0,3,0,229,43,28965626245,187655666599,200713212109
1790908835,52324060,103079075840,0,0,0,0,0,6,6,10193528,50,1463,0,3,0,229,43,28965626245,187655666599,200713212109
1790908836,52321916,103078989824,0,0,0,0,0,6,6,10193528,50,1487,0,3,0,229,43,28965626245,187655666599,200713212109
