ts,rss_kb,cg_mem_bytes,Tidesdb_write_stall_ceiling_hits,Tidesdb_writes_throttled,Tidesdb_writes_blocked,Tidesdb_write_stall_us,Tidesdb_stall_admission,Tidesdb_stall_rotate_lock,Tidesdb_stall_rotate_work,Tidesdb_stall_wal_append,Tidesdb_stall_manifest_commit,Tidesdb_open_sstables,Tidesdb_flush_pending,Tidesdb_compaction_queue,Tidesdb_immutable_memtables,Tidesdb_flush_count,Tidesdb_compaction_count,Tidesdb_flush_bytes_written,Tidesdb_compaction_bytes_written,Tidesdb_compaction_bytes_read
1790904996,783788,840585216,0,0,0,0,0,0,0,0,1,1,0,0,0,1,0,290,0,0
1790904997,830620,904519680,0,0,0,0,0,0,0,0,1,1,0,0,0,1,0,290,0,0
1790904998,1028888,1334411264,0,0,0,0,0,0,0,197,1,1233,0,0,0,1,0,290,0,0
1790904999,1394828,2077339648,0,0,0,0,0,0,0,197,1,1233,0,0,0,1,0,290,0,0
1790905000,1905236,3075162112,0,0,0,0,0,0,0,2119,1,1233,0,0,0,1,0,290,0,0
1790905001,2548056,4309467136,0,0,0,0,0,0,0,2119,1,1233,0,0,0,1,0,290,0,0
1790905002,3299128,5742325760,0,0,0,0,0,0,0,6552,1,1233,0,0,0,1,0,290,0,0
1790905003,4152596,7393026048,0,0,0,0,0,0,0,6552,1,1233,0,0,0,1,0,290,0,0
1790905004,5082460,9205125120,0,0,0,0,0,0,0,13263,1,1233,0,0,0,1,0,290,0,0
1790905005,6073712,11120287744,0,0,0,0,0,0,0,13263,1,1233,0,0,0,1,0,290,0,0
1790905006,7029732,12974612480,0,0,0,0,0,0,0,21866,1,1233,0,0,0,1,0,290,0,0
1790905007,8047836,14957465600,0,0,0,0,0,0,0,21866,1,1233,0,0,0,1,0,290,0,0
1790905008,9023796,16870768640,0,0,0,0,0,0,0,30792,1,1233,0,0,0,1,0,290,0,0
1790905009,10020124,18825039872,0,0,0,0,0,0,0,30792,1,1233,0,0,0,1,0,290,0,0
1790905010,11037028,20831272960,0,0,0,0,0,0,0,40322,1,1233,0,0,0,1,0,290,0,0
1790905012,12083388,22884323328,0,0,0,0,0,0,0,40322,1,1233,0,0,0,1,0,290,0,0
1790905013,13112740,24905785344,0,0,0,0,0,0,0,50295,1,1233,0,0,0,1,0,290,0,0
1790905014,14114296,26870575104,0,0,0,0,0,0,0,50295,1,1233,0,0,0,1,0,290,0,0
1790905015,15045256,28721143808,0,0,0,0,0,0,0,61142,1,1233,0,0,0,1,0,290,0,0
1790905016,15944404,30524739584,0,0,0,0,0,0,0,61142,1,1233,0,0,0,1,0,290,0,0
1790905017,16797308,32252108800,0,0,0,0,0,0,0,72321,1,1233,0,0,0,1,0,290,0,0
1790905018,17642668,33987162112,0,0,0,0,0,0,0,72321,1,1233,0,0,0,1,0,290,0,0
1790905019,18428248,35605524480,0,0,0,0,0,0,0,83531,1,1233,0,0,0,1,0,290,0,0
1790905020,19204828,37219127296,0,0,0,0,0,0,0,83531,1,1233,0,0,0,1,0,290,0,0
1790905021,19921296,38720765952,0,0,0,0,0,0,0,95150,1,1233,0,0,0,1,0,290,0,0
1790905022,20667180,40290758656,0,0,0,0,0,0,0,95150,1,1233,0,0,0,1,0,290,0,0
1790905023,21383604,41809870848,0,0,0,0,0,0,0,106821,1,1233,0,0,0,1,0,290,0,0
1790905024,22078776,43292782592,0,0,0,0,0,0,0,106821,1,1233,0,0,0,1,0,290,0,0
1790905025,22764276,44757565440,0,0,0,0,0,0,0,118610,1,1233,0,0,0,1,0,290,0,0
1790905026,23431012,46186291200,0,0,0,0,0,0,0,118610,1,1233,0,0,0,1,0,290,0,0
1790905027,24094128,47613702144,0,0,0,0,0,0,0,130622,1,1233,0,0,0,1,0,290,0,0
1790905028,24748608,49021825024,0,0,0,0,0,0,0,130622,1,1233,0,0,0,1,0,290,0,0
1790905029,25397468,50420609024,0,0,0,0,0,0,0,142786,1,1233,0,0,0,1,0,290,0,0
1790905030,26029960,51787448320,0,0,0,0,0,0,0,155181,1,1233,0,0,0,1,0,290,0,0
1790905031,26664592,53158748160,0,0,0,0,0,0,0,155181,1,1233,0,0,0,1,0,290,0,0
1790905033,27291016,54520639488,0,0,0,0,0,0,0,167382,1,1233,0,0,0,1,0,290,0,0
1790905034,27906356,55858352128,0,0,0,0,0,0,0,167382,1,1233,0,0,0,1,0,290,0,0
1790905035,28524524,57189011456,0,0,0,0,0,0,0,179718,1,1233,0,0,0,1,0,290,0,0
1790905036,29137928,58517966848,0,0,0,0,0,0,0,179718,1,1233,0,0,0,1,0,290,0,0
1790905037,29752768,59855822848,0,0,0,0,0,0,0,192078,1,1233,0,0,0,1,0,290,0,0
1790905038,30347720,61150679040,0,0,0,0,0,0,0,192078,1,1233,0,0,0,1,0,290,0,0
1790905039,30944336,62450352128,0,0,0,0,0,0,0,204572,1,1233,0,0,0,1,0,290,0,0
1790905040,31543804,63756566528,0,0,0,0,0,0,0,204572,1,1233,0,0,0,1,0,290,0,0
1790905041,32140268,65050787840,0,0,0,0,0,0,0,217014,1,1233,0,0,0,1,0,290,0,0
1790905042,32740116,66357391360,0,0,0,0,0,0,0,217014,1,1233,0,0,0,1,0,290,0,0
1790905043,33326740,67636654080,0,0,0,0,0,0,0,229514,1,1233,0,0,0,1,0,290,0,0
1790905044,33912024,68921876480,0,0,0,0,0,0,0,229514,1,1233,0,0,0,1,0,290,0,0
1790905045,34496052,70197534720,0,0,0,0,0,0,0,242037,1,1233,0,0,0,1,0,290,0,0
1790905046,35075692,71463575552,0,0,0,0,0,0,0,242037,1,1233,0,0,0,1,0,290,0,0
1790905047,35654376,72725737472,0,0,0,0,0,0,0,254562,1,1233,0,0,0,1,0,290,0,0
1790905048,36236040,73993728000,0,0,0,0,0,0,0,254562,1,1233,0,0,0,1,0,290,0,0
1790905049,36813116,75264110592,0,0,0,0,0,0,0,267304,1,1233,0,0,0,1,0,290,0,0
1790905050,37378676,76511047680,0,0,0,0,0,0,0,267304,1,1233,0,0,0,1,0,290,0,0
1790905051,37721324,77510635520,0,0,0,0,0,0,0,279901,1,1233,0,0,0,1,0,290,0,0
1790905052,37876228,78310010880,0,0,0,0,0,0,0,279901,1,1233,0,0,0,1,0,290,0,0
1790905053,37981172,79083450368,0,0,0,0,0,0,0,292368,1,1233,0,0,0,1,0,290,0,0
1790905055,38091832,79871774720,0,0,0,0,0,0,0,305250,1,1233,0,0,0,1,0,290,0,0
1790905056,38192296,80644177920,0,0,0,0,0,0,0,305250,1,1233,0,0,0,1,0,290,0,0
1790905057,38269312,81399074816,0,0,0,0,0,0,0,318076,1,1233,0,0,0,1,0,290,0,0
1790905058,38357140,82147254272,0,0,0,0,0,0,0,318076,1,1233,0,0,0,1,0,290,0,0
1790905059,38433968,82895360000,0,0,0,0,0,0,0,330930,1,1233,0,0,0,1,0,290,0,0
1790905060,38499744,83627626496,0,0,0,0,0,0,0,330930,1,1233,0,0,0,1,0,290,0,0
1790905061,38596192,84378992640,0,0,0,0,0,0,0,343828,1,1233,0,0,0,1,0,290,0,0
1790905062,38691112,85140234240,0,0,0,0,0,0,0,343828,1,1233,0,0,0,1,0,290,0,0
1790905063,38794176,85902073856,0,0,0,0,0,0,0,356793,1,1233,0,0,0,1,0,290,0,0
1790905064,38889088,86642339840,0,0,0,0,0,0,0,356793,1,1233,0,0,0,1,0,290,0,0
1790905065,38996404,87405912064,0,0,0,0,0,0,0,369739,1,1233,0,0,0,1,0,290,0,0
1790905066,39104100,88170631168,0,0,0,0,0,0,0,369739,1,1233,0,0,0,1,0,290,0,0
1790905067,39198408,88913289216,0,0,0,0,0,0,0,382744,1,1233,0,0,0,1,0,290,0,0
1790905068,39302228,89658773504,0,0,0,0,0,0,0,382744,1,1233,0,0,0,1,0,290,0,0
1790905069,39396828,90416320512,0,0,0,0,0,0,0,395771,1,1233,0,0,0,1,0,290,0,0
1790905070,39498212,91171479552,0,0,0,0,0,0,0,395771,1,1233,0,0,0,1,0,290,0,0
1790905071,39588624,91912798208,0,0,0,0,0,0,0,408917,1,1233,0,0,0,1,0,290,0,0
1790905072,39676548,92646809600,0,0,0,0,0,0,0,408917,1,1233,0,0,0,1,0,290,0,0
1790905073,39769476,93372592128,0,0,0,0,0,0,0,421955,1,1233,0,0,0,1,0,290,0,0
1790905074,39845820,94089691136,0,0,0,0,0,0,0,421955,1,1233,0,0,0,1,0,290,0,0
1790905076,39920976,94807408640,0,0,0,0,0,0,0,435030,1,1233,0,0,0,1,0,290,0,0
1790905077,39990832,95512453120,0,0,0,0,0,0,0,435030,1,1233,0,0,0,1,0,290,0,0
1790905078,40071492,96235954176,0,0,0,0,0,0,0,448167,1,1233,0,0,0,1,0,290,0,0
1790905079,40167824,96959377408,0,0,0,0,0,0,0,461314,1,1233,0,0,0,1,0,290,0,0
1790905080,40256936,97684459520,0,0,0,0,0,0,0,461314,1,1233,0,0,0,1,0,290,0,0
1790905081,40340332,98390224896,0,0,0,0,0,0,0,474406,1,1233,0,0,0,1,0,290,0,0
1790905082,40426536,99100692480,0,0,0,0,0,0,0,474406,1,1233,0,0,0,1,0,290,0,0
1790905083,40507284,99808305152,0,0,0,0,0,0,0,487821,1,1233,0,0,0,1,0,290,0,0
1790905084,40590452,100518158336,0,0,0,0,0,0,0,487821,1,1233,0,0,0,1,0,290,0,0
1790905085,40677580,101238140928,0,0,0,0,0,0,0,501127,1,1233,0,0,0,1,0,290,0,0
1790905086,40756544,101940977664,0,0,0,0,0,0,0,501127,1,1233,0,0,0,1,0,290,0,0
1790905087,40840804,102651265024,0,0,0,0,0,0,0,514508,1,1233,0,0,0,1,0,290,0,0
1790905088,40914532,103056740352,0,0,0,0,0,0,0,514508,1,1233,0,0,0,1,0,290,0,0
1790905089,40984016,103058751488,0,0,0,0,0,0,0,527796,1,1233,0,0,0,1,0,290,0,0
1790905090,41037548,103072579584,0,0,0,0,0,0,0,527796,1,1233,0,0,0,1,0,290,0,0
1790905091,41108900,103056863232,0,0,0,0,0,0,0,541169,1,1233,0,0,0,1,0,290,0,0
1790905092,41180160,103048450048,0,0,0,0,0,0,0,541169,1,1233,0,0,0,1,0,290,0,0
1790905093,41242592,103076454400,0,0,0,0,0,0,0,554447,1,1233,0,0,0,1,0,290,0,0
1790905094,41326796,103048163328,0,0,0,0,0,0,0,554447,1,1233,0,0,0,1,0,290,0,0
1790905095,41400812,103057502208,0,0,0,0,0,0,0,567725,1,1233,0,0,0,1,0,290,0,0
1790905097,41466212,103065989120,0,0,0,0,0,0,0,567725,1,1233,0,0,0,1,0,290,0,0
1790905098,41540604,103072092160,0,0,0,0,0,0,0,581031,1,1233,0,0,0,1,0,290,0,0
1790905099,41595880,103034351616,0,0,0,0,0,0,0,581031,1,1233,0,0,0,1,0,290,0,0
1790905100,41662288,103057334272,0,0,0,0,0,0,0,594224,1,1233,0,0,0,1,0,290,0,0
1790905101,41729140,103076925440,0,0,0,0,0,0,0,607336,1,1233,0,0,0,1,0,290,0,0
1790905102,41791328,103053623296,0,0,0,0,0,0,0,607336,1,1233,0,0,0,1,0,290,0,0
1790905103,41840296,103054192640,0,0,0,0,0,0,0,620718,1,1233,0,0,0,1,0,290,0,0
1790905104,41893100,103077519360,0,0,0,0,0,0,0,620718,1,1233,0,0,0,1,0,290,0,0
1790905105,41964360,103071686656,0,0,0,0,0,0,0,633753,1,1233,0,0,0,1,0,290,0,0
1790905106,42026712,102997516288,0,0,0,0,0,0,0,633753,1,1233,0,0,0,1,0,290,0,0
1790905107,42103360,103060570112,0,0,0,0,0,0,0,646786,1,1233,0,0,0,1,0,290,0,0
1790905108,42186060,103068319744,0,0,0,0,0,0,0,646786,1,1233,0,0,0,1,0,290,0,0
1790905109,42256492,103065329664,0,0,0,0,0,0,0,659879,1,1233,0,0,0,1,0,290,0,0
1790905110,42336432,103049003008,0,0,0,0,0,0,0,659879,1,1233,0,0,0,1,0,290,0,0
1790905111,42408508,103077343232,0,0,0,0,0,0,0,672951,1,1233,0,0,0,1,0,290,0,0
1790905112,42490116,103071531008,0,0,0,0,0,0,0,672951,1,1233,0,0,0,1,0,290,0,0
1790905113,42568132,103069941760,0,0,0,0,0,0,0,686002,1,1233,0,0,0,1,0,290,0,0
1790905114,42645556,103070625792,0,0,0,0,0,0,0,686002,1,1233,0,0,0,1,0,290,0,0
1790905115,42739468,103069831168,0,0,0,0,0,0,0,698805,1,1233,0,0,0,1,0,290,0,0
1790905116,42829056,103064276992,0,0,0,0,0,0,0,698805,1,1233,0,0,0,1,0,290,0,0
1790905118,42910488,103074091008,0,0,0,0,0,0,0,712006,1,1233,0,0,0,1,0,290,0,0
1790905119,42991308,103055040512,0,0,0,0,0,0,0,712006,1,1233,0,0,0,1,0,290,0,0
1790905120,43068176,103065792512,0,0,0,0,0,0,0,725045,1,1233,0,0,0,1,0,290,0,0
1790905121,43151128,103060643840,0,0,0,0,0,0,0,725045,1,1233,0,0,0,1,0,290,0,0
1790905122,43229568,103072714752,0,0,0,0,0,0,0,738127,1,1233,0,0,0,1,0,290,0,0
1790905123,43305196,103050981376,0,0,0,0,0,0,0,738127,1,1233,0,0,0,1,0,290,0,0
1790905124,43376212,103027101696,0,0,0,0,0,0,0,751252,1,1233,0,0,0,1,0,290,0,0
1790905125,43462184,103033974784,0,0,0,0,0,0,0,764394,1,1233,0,0,0,1,0,290,0,0
1790905126,43531080,103050502144,0,0,0,0,0,0,0,764394,1,1233,0,0,0,1,0,290,0,0
1790905127,43602172,103075172352,0,0,0,0,0,0,0,777338,1,1233,0,0,0,1,0,290,0,0
1790905128,43690260,103041806336,0,0,0,0,0,0,0,777338,1,1233,0,0,0,1,0,290,0,0
1790905129,43771236,103058845696,0,0,0,0,0,0,0,790446,1,1233,0,0,0,1,0,290,0,0
1790905130,43845280,103064989696,0,0,0,0,0,0,0,790446,1,1233,0,0,0,1,0,290,0,0
1790905131,43905784,103029440512,0,0,0,0,0,0,0,803630,1,1233,0,0,0,1,0,290,0,0
1790905132,43958100,103062392832,0,0,0,0,0,0,0,803630,1,1233,0,0,0,1,0,290,0,0
1790905133,44015260,103065063424,0,0,0,0,0,0,0,816779,1,1233,0,0,0,1,0,290,0,0
1790905134,44057712,103076966400,0,0,0,0,0,0,0,816779,1,1233,0,0,0,1,0,290,0,0
1790905135,44114520,103053246464,0,0,0,0,0,0,0,829900,1,1233,0,0,0,1,0,290,0,0
1790905136,44175396,103043129344,0,0,0,0,0,0,0,829900,1,1233,0,0,0,1,0,290,0,0
1790905137,44242552,103076786176,0,0,0,0,0,0,0,843082,1,1233,0,0,0,1,0,290,0,0
1790905138,44316776,103074787328,0,0,0,0,0,0,0,843082,1,1233,0,0,0,1,0,290,0,0
1790905140,44395984,103075295232,0,0,0,0,0,0,0,856206,1,1233,0,0,0,1,0,290,0,0
1790905141,44475472,103059812352,0,0,0,0,0,0,0,856206,1,1233,0,0,0,1,0,290,0,0
1790905142,44541916,103079141376,0,0,0,0,0,0,0,869317,1,1233,0,0,0,1,0,290,0,0
1790905143,44628368,103071129600,0,0,0,0,0,0,0,869317,1,1233,0,0,0,1,0,290,0,0
1790905144,44700948,103052161024,0,0,0,0,0,0,0,882307,1,1233,0,0,0,1,0,290,0,0
1790905145,44764416,103076843520,0,0,0,0,0,0,0,882307,1,1233,0,0,0,1,0,290,0,0
1790905146,44819644,103036928000,0,0,0,0,0,0,0,895298,1,1233,0,0,0,1,0,290,0,0
1790905147,44881272,103047061504,0,0,0,0,0,0,0,907985,1,1233,0,0,0,1,0,290,0,0
1790905148,44943652,103073071104,0,0,0,0,0,0,0,907985,1,1233,0,0,0,1,0,290,0,0
1790905149,44993032,103061618688,0,0,0,0,0,0,0,921009,1,1233,0,0,0,1,0,290,0,0
1790905150,45049768,103074664448,0,0,0,0,0,0,0,921009,1,1233,0,0,0,1,0,290,0,0
1790905151,45105108,103046393856,0,0,0,0,0,0,0,934000,1,1233,0,0,0,1,0,290,0,0
1790905152,45161336,103078035456,0,0,0,0,0,0,0,934000,1,1233,0,0,0,1,0,290,0,0
1790905153,45217024,103065968640,0,0,0,0,0,0,0,946955,1,1233,0,0,0,1,0,290,0,0
1790905154,45263220,103074353152,0,0,0,0,0,0,0,946955,1,1233,0,0,0,1,0,290,0,0
1790905155,45311300,103067410432,0,0,0,0,0,0,0,960009,1,1233,0,0,0,1,0,290,0,0
1790905156,45363692,103064608768,0,0,0,0,0,0,0,960009,1,1233,0,0,0,1,0,290,0,0
1790905157,45417344,103066075136,0,0,0,0,0,0,0,973017,1,1233,0,0,0,1,0,290,0,0
1790905158,45481228,103056510976,0,0,0,0,0,0,0,973017,1,1233,0,0,0,1,0,290,0,0
1790905159,45551012,103078014976,0,0,0,0,0,0,0,986114,1,1233,0,0,0,1,0,290,0,0
1790905161,45619252,103075672064,0,0,0,0,0,0,0,986114,1,1233,0,0,0,1,0,290,0,0
1790905162,45683320,103077580800,0,0,0,0,0,0,0,999003,1,1233,0,0,0,1,0,290,0,0
1790905163,45744168,103078817792,0,0,0,0,0,0,0,999003,1,1233,0,0,0,1,0,290,0,0
1790905164,45805724,103066632192,0,0,0,0,0,0,0,1012019,1,1233,0,0,0,1,0,290,0,0
1790905165,45867212,103065890816,0,0,0,0,0,0,0,1012019,1,1233,0,0,0,1,0,290,0,0
1790905166,45929712,103073099776,0,0,0,0,0,0,0,1025019,1,1233,0,0,0,1,0,290,0,0
1790905167,45999076,103062306816,0,0,0,0,0,0,0,1025019,1,1233,0,0,0,1,0,290,0,0
1790905168,46057800,103070494720,0,0,0,0,0,0,0,1038042,1,1233,0,0,0,1,0,290,0,0
1790905169,46120896,103016198144,0,0,0,0,0,0,0,1038042,1,1233,0,0,0,1,0,290,0,0
1790905170,46183060,103077580800,0,0,0,0,0,0,0,1051216,1,1233,0,0,0,1,0,290,0,0
1790905171,46248516,103058456576,0,0,0,0,0,0,0,1064398,1,1233,0,0,0,1,0,290,0,0
1790905172,46309648,103034929152,0,0,0,0,0,0,0,1064398,1,1233,0,0,0,1,0,290,0,0
1790905173,46355476,103076343808,0,0,0,0,0,0,0,1077357,1,1233,0,0,0,1,0,290,0,0
1790905174,46409524,103048986624,0,0,0,0,0,0,0,1077357,1,1233,0,0,0,1,0,290,0,0
1790905175,46481248,103072772096,0,0,0,0,0,0,0,1090363,1,1233,0,0,0,1,0,290,0,0
1790905176,46563124,103077253120,0,0,0,0,0,0,0,1090363,1,1233,0,0,0,1,0,290,0,0
1790905177,46640320,103070957568,0,0,0,0,0,0,0,1103381,1,1233,0,0,0,1,0,290,0,0
1790905178,46717788,103071821824,0,0,0,0,0,0,0,1103381,1,1233,0,0,0,1,0,290,0,0
1790905179,46778860,103050481664,0,0,0,0,0,0,0,1116343,1,1233,0,0,0,1,0,290,0,0
1790905180,46837592,103073722368,0,0,0,0,0,0,0,1116343,1,1233,0,0,0,1,0,290,0,0
1790905182,46904868,103065903104,0,0,0,0,0,0,0,1129291,1,1233,0,0,0,1,0,290,0,0
1790905183,46948884,103076630528,0,0,0,0,0,0,0,1129291,1,1233,0,0,0,1,0,290,0,0
1790905184,46998180,103078768640,0,0,0,0,0,0,0,1142030,1,1233,0,0,0,1,0,290,0,0
1790905185,47045384,103072399360,0,0,0,0,0,0,0,1142030,1,1233,0,0,0,1,0,290,0,0
1790905186,47076864,103062683648,0,0,0,0,0,0,0,1154889,1,1233,0,0,0,1,0,290,0,0
1790905187,47132612,103078481920,0,0,0,0,0,0,0,1154889,1,1233,0,0,0,1,0,290,0,0
1790905188,47199532,103071059968,0,0,0,0,0,0,0,1167961,1,1233,0,0,0,1,0,290,0,0
1790905189,47256880,103065022464,0,0,0,0,0,0,0,1167961,1,1233,0,0,0,1,0,290,0,0
1790905190,47326984,103079141376,0,0,0,0,0,0,0,1180866,1,1233,0,0,0,1,0,290,0,0
1790905191,47402452,103076794368,0,0,0,0,0,0,0,1180866,1,1233,0,0,0,1,0,290,0,0
1790905192,47461640,103052099584,0,0,0,0,0,0,0,1193827,1,1233,0,0,0,1,0,290,0,0
1790905193,47541828,103079206912,0,0,0,0,0,0,0,1206833,1,1233,0,0,0,1,0,290,0,0
1790905194,47597004,103060512768,0,0,0,0,0,0,0,1206833,1,1233,0,0,0,1,0,290,0,0
1790905195,47656836,103058960384,0,0,0,0,0,0,0,1219767,1,1233,0,0,0,1,0,290,0,0
1790905196,47720432,103071571968,0,0,0,0,0,0,0,1219767,1,1233,0,0,0,1,0,290,0,0
1790905197,47780968,103041298432,0,0,0,0,0,0,0,1232684,1,1233,0,0,0,1,0,290,0,0
1790905198,47850004,103048118272,0,0,0,0,0,0,0,1232684,1,1233,0,0,0,1,0,290,0,0
1790905199,47908496,103055048704,0,0,0,0,0,0,0,1245613,1,1233,0,0,0,1,0,290,0,0
1790905200,47961860,103066976256,0,0,0,0,0,0,0,1245613,1,1233,0,0,0,1,0,290,0,0
1790905201,48008164,103070932992,0,0,0,0,0,0,0,1258649,1,1233,0,0,0,1,0,290,0,0
1790905202,48067932,103068876800,0,0,0,0,0,0,0,1258649,1,1233,0,0,0,1,0,290,0,0
1790905204,48116732,103073505280,0,0,0,0,0,0,0,1271584,1,1233,0,0,0,1,0,290,0,0
1790905205,48172036,103054909440,0,0,0,0,0,0,0,1271584,1,1233,0,0,0,1,0,290,0,0
1790905206,48208044,103052095488,0,0,0,0,0,0,0,1284513,1,1233,0,0,0,1,0,290,0,0
1790905207,48260708,103047495680,0,0,0,0,0,0,0,1284513,1,1233,0,0,0,1,0,290,0,0
1790905208,48285748,103077109760,0,0,0,0,0,0,0,1297464,1,1233,0,0,0,1,0,290,0,0
1790905209,48321640,103074938880,0,0,0,0,0,0,0,1297464,1,1233,0,0,0,1,0,290,0,0
1790905210,48359448,103066963968,0,0,0,0,0,0,0,1310551,1,1233,0,0,0,1,0,290,0,0
1790905211,48397948,103064535040,0,0,0,0,0,0,0,1310551,1,1233,0,0,0,1,0,290,0,0
1790905212,48430836,103062249472,0,0,0,0,0,0,0,1323486,1,1233,0,0,0,1,0,290,0,0
1790905213,48441504,103063306240,0,0,0,0,0,0,0,1323486,1,1233,0,0,0,1,0,290,0,0
1790905214,48468176,103074652160,0,0,0,0,0,0,0,1336415,1,1233,0,0,0,1,0,290,0,0
1790905215,48500576,103075016704,0,0,0,0,0,0,0,1336415,1,1233,0,0,0,1,0,290,0,0
1790905216,48531332,103076765696,0,0,0,0,0,0,0,1349367,1,1233,0,0,0,1,0,290,0,0
1790905217,48557224,103065419776,0,0,0,0,0,0,0,1362461,1,1233,0,0,0,1,0,290,0,0
1790905218,48590800,103078535168,0,0,0,0,0,0,0,1362461,1,1233,0,0,0,1,0,290,0,0
1790905219,48639828,103068639232,0,0,0,0,0,0,0,1375283,1,1233,0,0,0,1,0,290,0,0
1790905220,48696148,103063097344,0,0,0,0,0,0,0,1375283,1,1233,0,0,0,1,0,290,0,0
1790905221,48762448,103064715264,0,0,0,0,0,0,0,1388198,1,1233,0,0,0,1,0,290,0,0
1790905222,48826348,103056986112,0,0,0,0,0,0,0,1388198,1,1233,0,0,0,1,0,290,0,0
1790905223,48891532,103054061568,0,0,0,0,0,0,0,1401178,1,1233,0,0,0,1,0,290,0,0
1790905225,48950148,103069618176,0,0,0,0,0,0,0,1401178,1,1233,0,0,0,1,0,290,0,0
1790905226,49022904,103059181568,0,0,0,0,0,0,0,1414068,1,1233,0,0,0,1,0,290,0,0
1790905227,49104116,103069900800,0,0,0,0,0,0,0,1414068,1,1233,0,0,0,1,0,290,0,0
1790905228,49183476,103077675008,0,0,0,0,0,0,0,1427017,1,1233,0,0,0,1,0,290,0,0
1790905229,49261224,103072845824,0,0,0,0,0,0,0,1427017,1,1233,0,0,0,1,0,290,0,0
1790905230,49330616,103069704192,0,0,0,0,0,0,0,1439924,1,1233,0,0,0,1,0,290,0,0
1790905231,49389048,103070605312,0,0,0,0,0,0,0,1439924,1,1233,0,0,0,1,0,290,0,0
1790905232,49442064,103078891520,0,0,0,0,0,0,0,1452893,1,1233,0,0,0,1,0,290,0,0
1790905233,49493304,103076753408,0,0,0,0,0,0,0,1452893,1,1233,0,0,0,1,0,290,0,0
1790905234,49550836,103077769216,0,0,0,0,0,0,0,1465905,1,1233,0,0,0,1,0,290,0,0
1790905235,49592728,103074164736,0,0,0,0,0,0,0,1465905,1,1233,0,0,0,1,0,290,0,0
1790905236,49647192,103067283456,0,0,0,0,0,0,0,1478894,1,1233,0,0,0,1,0,290,0,0
1790905237,49700284,103072157696,0,0,0,0,0,0,0,1478894,1,1233,0,0,0,1,0,290,0,0
1790905238,49743676,103075422208,0,0,0,0,0,0,0,1491909,1,1233,0,0,0,1,0,290,0,0
1790905239,49784192,103063982080,0,0,0,0,0,0,0,1491909,1,1233,0,0,0,1,0,290,0,0
1790905240,49831524,103076818944,0,0,0,0,0,0,0,1504954,1,1233,0,0,0,1,0,290,0,0
1790905241,49889548,103065722880,0,0,0,0,0,0,0,1517932,1,1233,0,0,0,1,0,290,0,0
1790905242,49941668,103040188416,0,0,0,0,0,0,0,1517932,1,1233,0,0,0,1,0,290,0,0
1790905243,50000008,103074955264,0,0,0,0,0,0,0,1530861,1,1233,0,0,0,1,0,290,0,0
1790905244,50076388,103053619200,0,0,0,0,0,0,0,1530861,1,1233,0,0,0,1,0,290,0,0
1790905245,50147068,103071965184,0,0,0,0,0,0,0,1543781,1,1233,0,0,0,1,0,290,0,0
1790905247,50230024,103072137216,0,0,0,0,0,0,0,1543781,1,1233,0,0,0,1,0,290,0,0
1790905248,50300328,103070482432,0,0,0,0,0,0,0,1556603,1,1233,0,0,0,1,0,290,0,0
1790905249,50365684,103071199232,0,0,0,0,0,0,0,1556603,1,1233,0,0,0,1,0,290,0,0
1790905250,50426464,103075393536,0,0,0,0,0,0,0,1569558,1,1233,0,0,0,1,0,290,0,0
1790905251,50493864,103071551488,0,0,0,0,0,0,0,1569558,1,1233,0,0,0,1,0,290,0,0
1790905252,50550420,103077658624,0,0,0,0,0,0,0,1582398,1,1233,0,0,0,1,0,290,0,0
1790905253,50606848,103042756608,0,0,0,0,0,0,0,1582398,1,1233,0,0,0,1,0,290,0,0
1790905254,50674280,103062147072,0,0,0,0,0,0,0,1595374,1,1233,0,0,0,1,0,290,0,0
1790905255,50749580,103078813696,0,0,0,0,0,0,0,1595374,1,1233,0,0,0,1,0,290,0,0
1790905256,50818580,103071444992,0,0,0,0,0,0,0,1608276,1,1233,0,0,0,1,0,290,0,0
1790905257,50891840,103064461312,0,0,0,0,0,0,0,1608276,1,1233,0,0,0,1,0,290,0,0
1790905258,50959976,103073034240,0,0,0,0,0,0,0,1621226,1,1233,0,0,0,1,0,290,0,0
1790905259,51020008,103076802560,0,0,0,0,0,0,0,1621226,1,1233,0,0,0,1,0,290,0,0
1790905260,51084364,103077584896,0,0,0,0,0,0,0,1634294,1,1233,0,0,0,1,0,290,0,0
1790905261,51145664,103077949440,0,0,0,0,0,0,0,1634294,1,1233,0,0,0,1,0,290,0,0
1790905262,51202164,103067037696,0,0,0,0,0,0,0,1647083,1,1233,0,0,0,1,0,290,0,0
1790905263,51249016,103066931200,0,0,0,0,0,0,0,1659915,1,1233,0,0,0,1,0,290,0,0
1790905264,51290644,103055273984,0,0,0,0,0,0,0,1659915,1,1233,0,0,0,1,0,290,0,0
1790905265,51346584,103078785024,0,0,0,0,0,0,0,1672657,1,1233,0,0,0,1,0,290,0,0
1790905266,51394408,103064014848,0,0,0,0,0,0,0,1672657,1,1233,0,0,0,1,0,290,0,0
1790905268,51433816,103066677248,0,0,0,0,0,0,0,1685583,1,1233,0,0,0,1,0,290,0,0
1790905269,51473828,103066726400,0,0,0,0,0,0,0,1685583,1,1233,0,0,0,1,0,290,0,0
1790905270,51555088,103062667264,0,0,0,0,0,1,1,1698127,1,1233,1,0,1,1,0,290,0,0
1790905271,51577568,103034163200,0,0,0,0,0,1,1,1698127,1,1233,1,0,1,1,0,290,0,0
1790905272,51621880,103078420480,0,0,0,0,0,1,1,1709860,1,1236,1,0,1,1,0,290,0,0
1790905273,51671016,103071260672,0,0,0,0,0,1,1,1709860,1,1236,1,0,1,1,0,290,0,0
1790905274,51711752,103078682624,0,0,0,0,0,1,1,1721683,1,1241,1,0,1,1,0,290,0,0
1790905275,51761520,103074328576,0,0,0,0,0,1,1,1721683,1,1241,1,0,1,1,0,290,0,0
1790905276,51817904,103078354944,0,0,0,0,0,1,1,1733346,1,1249,1,0,1,1,0,290,0,0
1790905277,51875480,103065886720,0,0,0,0,0,1,1,1733346,1,1249,1,0,1,1,0,290,0,0
1790905278,51919280,103046705152,0,0,0,0,0,1,1,1745047,1,1258,1,0,1,1,0,290,0,0
1790905279,51968348,103078424576,0,0,0,0,0,1,1,1745047,1,1258,1,0,1,1,0,290,0,0
1790905280,52036956,103063273472,0,0,0,0,0,1,1,1756649,1,1267,1,0,1,1,0,290,0,0
1790905281,52095876,103063560192,0,0,0,0,0,1,1,1756649,1,1267,1,0,1,1,0,290,0,0
1790905282,52168848,103040475136,0,0,0,0,0,1,1,1768315,1,1269,1,0,1,1,0,290,0,0
1790905283,52222572,103057797120,0,0,0,0,0,1,1,1768315,1,1269,1,0,1,1,0,290,0,0
1790905284,52280052,103079215104,0,0,0,0,0,1,1,1779929,1,1269,1,0,1,1,0,290,0,0
1790905285,52314768,103059607552,0,0,0,0,0,1,1,1791504,1,1269,1,0,1,1,0,290,0,0
1790905286,52353852,103069147136,0,0,0,0,0,1,1,1791504,1,1269,1,0,1,1,0,290,0,0
1790905287,52374936,103068905472,0,0,0,0,0,1,1,1803055,1,1269,1,0,1,1,0,290,0,0
1790905289,52400132,103044751360,0,0,0,0,0,1,1,1803055,1,1269,1,0,1,1,0,290,0,0
1790905290,49840420,100502073344,0,0,0,0,0,1,1,1814145,3,1274,0,2,0,39,1,4829619638,3376898,6737662
1790905291,49782596,101797482496,0,0,0,0,0,1,1,1814145,3,1274,0,2,0,39,1,4829619638,3376898,6737662
1790905292,49528624,102881357824,0,0,0,0,0,1,1,1819635,3,1282,0,2,0,39,1,4829619638,3376898,6737662
1790905293,49018840,103075254272,0,0,0,0,0,1,1,1819635,3,1282,0,2,0,39,1,4829619638,3376898,6737662
1790905294,48191960,103033188352,0,0,0,0,0,1,1,1825318,3,1296,0,2,0,39,1,4829619638,3376898,6737662
1790905295,47340224,103057645568,0,0,0,0,0,1,1,1825318,3,1296,0,2,0,39,1,4829619638,3376898,6737662
1790905296,46557208,103028645888,0,0,0,0,0,1,1,1831082,3,1311,0,2,0,39,1,4829619638,3376898,6737662
1790905297,45840476,103077359616,0,0,0,0,0,1,1,1831082,3,1311,0,2,0,39,1,4829619638,3376898,6737662
1790905298,45311560,103020249088,0,0,0,0,0,1,1,1836464,3,1319,0,2,0,39,1,4829619638,3376898,6737662
1790905299,44942816,103063646208,0,0,0,0,0,1,1,1836464,3,1319,0,2,0,39,1,4829619638,3376898,6737662
1790905300,44661576,103026122752,0,0,0,0,0,1,1,1840859,3,1336,0,2,0,39,1,4829619638,3376898,6737662
1790905301,44539992,103078772736,0,0,0,0,0,1,1,1840859,3,1336,0,2,0,39,1,4829619638,3376898,6737662
1790905302,44523540,103044362240,0,0,0,0,0,1,1,1846220,3,1356,0,2,0,39,1,4829619638,3376898,6737662
1790905303,44433540,103071182848,0,0,0,0,0,1,1,1846220,3,1356,0,2,0,39,1,4829619638,3376898,6737662
1790905305,44441768,103050174464,0,0,0,0,0,1,1,1852159,3,1371,0,2,0,39,1,4829619638,3376898,6737662
1790905306,44474172,103065202688,0,0,0,0,0,1,1,1858257,3,1381,0,2,0,39,1,4829619638,3376898,6737662
1790905307,44446076,103073017856,0,0,0,0,0,1,1,1858257,3,1381,0,2,0,39,1,4829619638,3376898,6737662
1790905308,44481224,103067049984,0,0,0,0,0,1,1,1865770,3,1395,0,2,0,39,1,4829619638,3376898,6737662
1790905309,44534420,101649788928,0,0,0,0,0,1,1,1865770,3,1395,0,2,0,39,1,4829619638,3376898,6737662
1790905310,44593200,103053635584,0,0,0,0,0,1,1,1873914,4,1371,0,1,0,39,2,4829619638,2443542609,2475437639
1790905311,44626444,103075139584,0,0,0,0,0,1,1,1873914,4,1371,0,1,0,39,2,4829619638,2443542609,2475437639
1790905312,44662620,96301236224,0,0,0,0,0,1,1,1881889,8,1312,0,0,0,39,6,4829619638,10118897564,10207797396
1790905313,44684236,94392127488,0,0,0,0,0,1,1,1881889,8,1312,0,0,0,39,6,4829619638,10118897564,10207797396
1790905314,44750428,95002906624,0,0,0,0,0,1,1,1892704,9,1271,0,0,0,39,7,4829619638,12559617624,12676715428
1790905315,44808192,95666589696,0,0,0,0,0,1,1,1892704,9,1271,0,0,0,39,7,4829619638,12559617624,12676715428
1790905316,44869780,96341241856,0,0,0,0,0,1,1,1905267,9,1271,0,0,0,39,7,4829619638,12559617624,12676715428
1790905317,44918960,97003065344,0,0,0,0,0,1,1,1905267,9,1271,0,0,0,39,7,4829619638,12559617624,12676715428
1790905318,44973656,97679446016,0,0,0,0,0,1,1,1917946,9,1271,0,0,0,39,7,4829619638,12559617624,12676715428
1790905319,45035884,98354626560,0,0,0,0,0,1,1,1917946,9,1271,0,0,0,39,7,4829619638,12559617624,12676715428
1790905320,45045928,98969018368,0,0,0,0,0,1,1,1930698,9,1271,0,0,0,39,7,4829619638,12559617624,12676715428
1790905321,45111376,99649032192,0,0,0,0,0,1,1,1930698,9,1271,0,0,0,39,7,4829619638,12559617624,12676715428
1790905322,45169292,100318822400,0,0,0,0,0,1,1,1943462,9,1271,0,0,0,39,7,4829619638,12559617624,12676715428
1790905323,45246536,101009989632,0,0,0,0,0,1,1,1943462,9,1271,0,0,0,39,7,4829619638,12559617624,12676715428
1790905324,45320084,101695664128,0,0,0,0,0,1,1,1956268,9,1271,0,0,0,39,7,4829619638,12559617624,12676715428
1790905326,45393460,102392193024,0,0,0,0,0,1,1,1956268,9,1271,0,0,0,39,7,4829619638,12559617624,12676715428
1790905327,45467248,103077183488,0,0,0,0,0,1,1,1969019,9,1271,0,0,0,39,7,4829619638,12559617624,12676715428
1790905328,45488864,103078178816,0,0,0,0,0,1,1,1981769,9,1271,0,0,0,39,7,4829619638,12559617624,12676715428
1790905329,45545540,103072018432,0,0,0,0,0,1,1,1981769,9,1271,0,0,0,39,7,4829619638,12559617624,12676715428
1790905330,45598804,103068770304,0,0,0,0,0,1,1,1994632,9,1271,0,0,0,39,7,4829619638,12559617624,12676715428
1790905331,45642880,103074816000,0,0,0,0,0,1,1,1994632,9,1271,0,0,0,39,7,4829619638,12559617624,12676715428
1790905332,45696676,103066005504,0,0,0,0,0,1,1,2007232,9,1271,0,0,0,39,7,4829619638,12559617624,12676715428
1790905333,45745144,103061356544,0,0,0,0,0,1,1,2007232,9,1271,0,0,0,39,7,4829619638,12559617624,12676715428
1790905334,45792576,103066189824,0,0,0,0,0,1,1,2020043,9,1271,0,0,0,39,7,4829619638,12559617624,12676715428
1790905335,45832132,103050743808,0,0,0,0,0,1,1,2020043,9,1271,0,0,0,39,7,4829619638,12559617624,12676715428
1790905336,45853908,103071178752,0,0,0,0,0,1,1,2032723,9,1271,0,0,0,39,7,4829619638,12559617624,12676715428
1790905337,45897940,103060934656,0,0,0,0,0,1,1,2032723,9,1271,0,0,0,39,7,4829619638,12559617624,12676715428
1790905338,45932336,103073869824,0,0,0,0,0,1,1,2045498,9,1271,0,0,0,39,7,4829619638,12559617624,12676715428
1790905339,45979680,103068848128,0,0,0,0,0,1,1,2045498,9,1271,0,0,0,39,7,4829619638,12559617624,12676715428
1790905340,46013720,103078031360,0,0,0,0,0,1,1,2057892,9,1271,0,0,0,39,7,4829619638,12559617624,12676715428
1790905341,46050448,103065501696,0,0,0,0,0,1,1,2057892,9,1271,0,0,0,39,7,4829619638,12559617624,12676715428
1790905342,46085468,103044866048,0,0,0,0,0,1,1,2069312,9,1271,0,0,0,39,7,4829619638,12559617624,12676715428
1790905343,46116516,103077302272,0,0,0,0,0,1,1,2069312,9,1271,0,0,0,39,7,4829619638,12559617624,12676715428
1790905344,46168104,103069376512,0,0,0,0,0,1,1,2082196,9,1271,0,0,0,39,7,4829619638,12559617624,12676715428
1790905345,46215560,103065006080,0,0,0,0,0,1,1,2082196,9,1271,0,0,0,39,7,4829619638,12559617624,12676715428
1790905347,46252744,103070998528,0,0,0,0,0,1,1,2095024,9,1271,0,0,0,39,7,4829619638,12559617624,12676715428
1790905348,46298136,103047004160,0,0,0,0,0,1,1,2095024,9,1271,0,0,0,39,7,4829619638,12559617624,12676715428
1790905349,46378692,103061561344,0,0,0,0,0,1,1,2107500,9,1271,0,0,0,39,7,4829619638,12559617624,12676715428
1790905350,46415684,103075287040,0,0,0,0,0,1,1,2120158,9,1271,0,0,0,39,7,4829619638,12559617624,12676715428
1790905351,46481004,103063867392,0,0,0,0,0,1,1,2120158,9,1271,0,0,0,39,7,4829619638,12559617624,12676715428
1790905352,46526828,103069999104,0,0,0,0,0,1,1,2133054,9,1271,0,0,0,39,7,4829619638,12559617624,12676715428
1790905353,46523332,103078293504,0,0,0,0,0,1,1,2133054,9,1271,0,0,0,39,7,4829619638,12559617624,12676715428
1790905354,46569280,103073513472,0,0,0,0,0,1,1,2145795,9,1271,0,0,0,39,7,4829619638,12559617624,12676715428
1790905355,46625040,103068278784,0,0,0,0,0,1,1,2145795,9,1271,0,0,0,39,7,4829619638,12559617624,12676715428
1790905356,46667084,103072960512,0,0,0,0,0,1,1,2158576,9,1271,0,0,0,39,7,4829619638,12559617624,12676715428
1790905357,46712760,103073308672,0,0,0,0,0,1,1,2158576,9,1271,0,0,0,39,7,4829619638,12559617624,12676715428
1790905358,46756252,103006052352,0,0,0,0,0,1,1,2171413,9,1271,0,0,0,39,7,4829619638,12559617624,12676715428
1790905359,46788948,103059484672,0,0,0,0,0,1,1,2171413,9,1271,0,0,0,39,7,4829619638,12559617624,12676715428
1790905360,46838704,103072116736,0,0,0,0,0,1,1,2184222,9,1271,0,0,0,39,7,4829619638,12559617624,12676715428
1790905361,46875356,103068479488,0,0,0,0,0,1,1,2184222,9,1271,0,0,0,39,7,4829619638,12559617624,12676715428
1790905362,46926944,103060086784,0,0,0,0,0,1,1,2197103,9,1271,0,0,0,39,7,4829619638,12559617624,12676715428
1790905363,46951004,103075782656,0,0,0,0,0,1,1,2197103,9,1271,0,0,0,39,7,4829619638,12559617624,12676715428
1790905364,47006588,103055409152,0,0,0,0,0,1,1,2209914,9,1271,0,0,0,39,7,4829619638,12559617624,12676715428
1790905365,47026804,103076548608,0,0,0,0,0,1,1,2209914,9,1271,0,0,0,39,7,4829619638,12559617624,12676715428
1790905366,47057440,103059095552,0,0,0,0,0,1,1,2222653,9,1271,0,0,0,39,7,4829619638,12559617624,12676715428
1790905368,47069316,103030476800,0,0,0,0,0,1,1,2222653,9,1271,0,0,0,39,7,4829619638,12559617624,12676715428
1790905369,47095232,103072821248,0,0,0,0,0,1,1,2235489,9,1271,0,0,0,39,7,4829619638,12559617624,12676715428
1790905370,47109016,103042846720,0,0,0,0,0,1,1,2235489,9,1271,0,0,0,39,7,4829619638,12559617624,12676715428
1790905371,47142356,103077208064,0,0,0,0,0,1,1,2248307,9,1271,0,0,0,39,7,4829619638,12559617624,12676715428
1790905372,47168364,103075418112,0,0,0,0,0,1,1,2248307,9,1271,0,0,0,39,7,4829619638,12559617624,12676715428
1790905373,47189276,103049699328,0,0,0,0,0,1,1,2261102,9,1271,0,0,0,39,7,4829619638,12559617624,12676715428
1790905374,47216848,103070863360,0,0,0,0,0,1,1,2274114,9,1271,0,0,0,39,7,4829619638,12559617624,12676715428
1790905375,47253856,103072784384,0,0,0,0,0,1,1,2274114,9,1271,0,0,0,39,7,4829619638,12559617624,12676715428
1790905376,47310496,103078334464,0,0,0,0,0,1,1,2287022,9,1271,0,0,0,39,7,4829619638,12559617624,12676715428
1790905377,47367000,103079092224,0,0,0,0,0,1,1,2287022,9,1271,0,0,0,39,7,4829619638,12559617624,12676715428
1790905378,47400120,103046508544,0,0,0,0,0,1,1,2299858,9,1271,0,0,0,39,7,4829619638,12559617624,12676715428
1790905379,47427340,103061303296,0,0,0,0,0,1,1,2299858,9,1271,0,0,0,39,7,4829619638,12559617624,12676715428
1790905380,47470220,103069638656,0,0,0,0,0,1,1,2312454,9,1271,0,0,0,39,7,4829619638,12559617624,12676715428
1790905381,47512048,103039098880,0,0,0,0,0,1,1,2312454,9,1271,0,0,0,39,7,4829619638,12559617624,12676715428
1790905382,47565016,103040921600,0,0,0,0,0,1,1,2325191,9,1271,0,0,0,39,7,4829619638,12559617624,12676715428
1790905383,47630116,103066963968,0,0,0,0,0,1,1,2325191,9,1271,0,0,0,39,7,4829619638,12559617624,12676715428
1790905384,47658276,103076507648,0,0,0,0,0,1,1,2338072,9,1271,0,0,0,39,7,4829619638,12559617624,12676715428
1790905385,47700168,103072116736,0,0,0,0,0,1,1,2338072,9,1271,0,0,0,39,7,4829619638,12559617624,12676715428
1790905386,47741664,103075016704,0,0,0,0,0,1,1,2350953,9,1271,0,0,0,39,7,4829619638,12559617624,12676715428
1790905387,47781096,103078039552,0,0,0,0,0,1,1,2350953,9,1271,0,0,0,39,7,4829619638,12559617624,12676715428
1790905389,47820284,103068049408,0,0,0,0,0,1,1,2363743,9,1271,0,0,0,39,7,4829619638,12559617624,12676715428
1790905390,47868328,103076896768,0,0,0,0,0,1,1,2363743,9,1271,0,0,0,39,7,4829619638,12559617624,12676715428
1790905391,47911464,103079129088,0,0,0,0,0,1,1,2376496,9,1271,0,0,0,39,7,4829619638,12559617624,12676715428
1790905392,47969252,103064625152,0,0,0,0,0,1,1,2376496,9,1271,0,0,0,39,7,4829619638,12559617624,12676715428
1790905393,48025732,103079075840,0,0,0,0,0,1,1,2389365,9,1271,0,0,0,39,7,4829619638,12559617624,12676715428
1790905394,48094824,103064420352,0,0,0,0,0,1,1,2389365,9,1271,0,0,0,39,7,4829619638,12559617624,12676715428
1790905395,48162140,103002529792,0,0,0,0,0,1,1,2402079,9,1271,0,0,0,39,7,4829619638,12559617624,12676715428
1790905396,48241036,103064154112,0,0,0,0,0,1,1,2414847,9,1271,0,0,0,39,7,4829619638,12559617624,12676715428
1790905397,48306000,103066140672,0,0,0,0,0,1,1,2414847,9,1271,0,0,0,39,7,4829619638,12559617624,12676715428
1790905398,48365776,103066783744,0,0,0,0,0,1,1,2427602,9,1271,0,0,0,39,7,4829619638,12559617624,12676715428
1790905399,48410520,103073636352,0,0,0,0,0,1,1,2427602,9,1271,0,0,0,39,7,4829619638,12559617624,12676715428
1790905400,48465792,103066025984,0,0,0,0,0,1,1,2440414,9,1271,0,0,0,39,7,4829619638,12559617624,12676715428
1790905401,48515236,103043895296,0,0,0,0,0,1,1,2440414,9,1271,0,0,0,39,7,4829619638,12559617624,12676715428
1790905402,48567484,103047630848,0,0,0,0,0,1,1,2453249,9,1271,0,0,0,39,7,4829619638,12559617624,12676715428
1790905403,48625192,103059025920,0,0,0,0,0,1,1,2453249,9,1271,0,0,0,39,7,4829619638,12559617624,12676715428
1790905404,48669420,103078408192,0,0,0,0,0,1,1,2465961,9,1271,0,0,0,39,7,4829619638,12559617624,12676715428
1790905405,48730712,103060017152,0,0,0,0,0,1,1,2465961,9,1271,0,0,0,39,7,4829619638,12559617624,12676715428
1790905406,48776000,103078789120,0,0,0,0,0,1,1,2478806,9,1271,0,0,0,39,7,4829619638,12559617624,12676715428
1790905407,48839416,103052877824,0,0,0,0,0,1,1,2478806,9,1271,0,0,0,39,7,4829619638,12559617624,12676715428
1790905408,48892572,103069372416,0,0,0,0,0,1,1,2491586,9,1271,0,0,0,39,7,4829619638,12559617624,12676715428
1790905410,48935612,103049232384,0,0,0,0,0,1,1,2491586,9,1271,0,0,0,39,7,4829619638,12559617624,12676715428
1790905411,48976524,103066996736,0,0,0,0,0,1,1,2504218,9,1271,0,0,0,39,7,4829619638,12559617624,12676715428
1790905412,49024564,103072321536,0,0,0,0,0,1,1,2504218,9,1271,0,0,0,39,7,4829619638,12559617624,12676715428
1790905413,49050344,103068528640,0,0,0,0,0,1,1,2517066,9,1271,0,0,0,39,7,4829619638,12559617624,12676715428
1790905414,49109840,103067430912,0,0,0,0,0,1,1,2517066,9,1271,0,0,0,39,7,4829619638,12559617624,12676715428
1790905415,49162996,103061422080,0,0,0,0,0,1,1,2529852,9,1271,0,0,0,39,7,4829619638,12559617624,12676715428
1790905416,49209236,103044694016,0,0,0,0,0,1,1,2529852,9,1271,0,0,0,39,7,4829619638,12559617624,12676715428
1790905417,49256732,103067074560,0,0,0,0,0,1,1,2542660,9,1271,0,0,0,39,7,4829619638,12559617624,12676715428
1790905418,49310104,103058268160,0,0,0,0,0,1,1,2555459,9,1271,0,0,0,39,7,4829619638,12559617624,12676715428
1790905419,49353676,103070261248,0,0,0,0,0,1,1,2555459,9,1271,0,0,0,39,7,4829619638,12559617624,12676715428
1790905420,49392220,103063527424,0,0,0,0,0,1,1,2568322,9,1271,0,0,0,39,7,4829619638,12559617624,12676715428
1790905421,49429144,103057756160,0,0,0,0,0,1,1,2568322,9,1271,0,0,0,39,7,4829619638,12559617624,12676715428
1790905422,49469868,103057227776,0,0,0,0,0,1,1,2581103,9,1271,0,0,0,39,7,4829619638,12559617624,12676715428
1790905423,49515204,103079174144,0,0,0,0,0,1,1,2581103,9,1271,0,0,0,39,7,4829619638,12559617624,12676715428
1790905424,49563796,103064055808,0,0,0,0,0,1,1,2593945,9,1271,0,0,0,39,7,4829619638,12559617624,12676715428
1790905425,49606620,103058456576,0,0,0,0,0,1,1,2593945,9,1271,0,0,0,39,7,4829619638,12559617624,12676715428
1790905426,49640808,103079088128,0,0,0,0,0,1,1,2606779,9,1271,0,0,0,39,7,4829619638,12559617624,12676715428
1790905427,49678456,103078158336,0,0,0,0,0,1,1,2606779,9,1271,0,0,0,39,7,4829619638,12559617624,12676715428
1790905428,49704244,103067623424,0,0,0,0,0,1,1,2619726,9,1271,0,0,0,39,7,4829619638,12559617624,12676715428
1790905429,49720376,103060705280,0,0,0,0,0,1,1,2619726,9,1271,0,0,0,39,7,4829619638,12559617624,12676715428
1790905431,49743356,103074422784,0,0,0,0,0,1,1,2632699,9,1271,0,0,0,39,7,4829619638,12559617624,12676715428
1790905432,49762072,103052763136,0,0,0,0,0,1,1,2632699,9,1271,0,0,0,39,7,4829619638,12559617624,12676715428
1790905433,49776020,103070924800,0,0,0,0,0,1,1,2645610,9,1271,0,0,0,39,7,4829619638,12559617624,12676715428
1790905434,49798692,103078354944,0,0,0,0,0,1,1,2645610,9,1271,0,0,0,39,7,4829619638,12559617624,12676715428
1790905435,49821260,103063220224,0,0,0,0,0,1,1,2658466,9,1271,0,0,0,39,7,4829619638,12559617624,12676715428
1790905436,49836568,103077916672,0,0,0,0,0,1,1,2658466,9,1271,0,0,0,39,7,4829619638,12559617624,12676715428
1790905437,49865060,103072194560,0,0,0,0,0,1,1,2671290,9,1271,0,0,0,39,7,4829619638,12559617624,12676715428
1790905438,49897292,103073533952,0,0,0,0,0,1,1,2671290,9,1271,0,0,0,39,7,4829619638,12559617624,12676715428
1790905439,49926804,103049834496,0,0,0,0,0,1,1,2684238,9,1271,0,0,0,39,7,4829619638,12559617624,12676715428
1790905440,49961620,103051853824,0,0,0,0,0,1,1,2697143,9,1271,0,0,0,39,7,4829619638,12559617624,12676715428
1790905441,49985984,103048286208,0,0,0,0,0,1,1,2697143,9,1271,0,0,0,39,7,4829619638,12559617624,12676715428
1790905442,50011440,103073939456,0,0,0,0,0,1,1,2709775,9,1271,0,0,0,39,7,4829619638,12559617624,12676715428
1790905443,50038556,103057072128,0,0,0,0,0,1,1,2709775,9,1271,0,0,0,39,7,4829619638,12559617624,12676715428
1790905444,50066352,103067959296,0,0,0,0,0,1,1,2722584,9,1271,0,0,0,39,7,4829619638,12559617624,12676715428
1790905445,50082948,103062474752,0,0,0,0,0,1,1,2722584,9,1271,0,0,0,39,7,4829619638,12559617624,12676715428
1790905446,50106492,103073837056,0,0,0,0,0,1,1,2735269,9,1271,0,0,0,39,7,4829619638,12559617624,12676715428
1790905447,50125588,103075954688,0,0,0,0,0,1,1,2735269,9,1271,0,0,0,39,7,4829619638,12559617624,12676715428
1790905448,50145176,103045849088,0,0,0,0,0,1,1,2748134,9,1271,0,0,0,39,7,4829619638,12559617624,12676715428
1790905449,50164344,103060094976,0,0,0,0,0,1,1,2748134,9,1271,0,0,0,39,7,4829619638,12559617624,12676715428
1790905450,50185036,103077330944,0,0,0,0,0,1,1,2760978,9,1271,0,0,0,39,7,4829619638,12559617624,12676715428
1790905452,50204848,103064047616,0,0,0,0,0,1,1,2760978,9,1271,0,0,0,39,7,4829619638,12559617624,12676715428
1790905453,50235856,103069843456,0,0,0,0,0,1,1,2773783,9,1271,0,0,0,39,7,4829619638,12559617624,12676715428
1790905454,50259140,103045304320,0,0,0,0,0,1,1,2773783,9,1271,0,0,0,39,7,4829619638,12559617624,12676715428
1790905455,50280484,103057920000,0,0,0,0,0,1,1,2786592,9,1271,0,0,0,39,7,4829619638,12559617624,12676715428
1790905456,50311548,103071440896,0,0,0,0,0,1,1,2786592,9,1271,0,0,0,39,7,4829619638,12559617624,12676715428
1790905457,50355272,103064137728,0,0,0,0,0,1,1,2799434,9,1271,0,0,0,39,7,4829619638,12559617624,12676715428
1790905458,50385744,103066013696,0,0,0,0,0,1,1,2799434,9,1271,0,0,0,39,7,4829619638,12559617624,12676715428
1790905459,50411872,103058890752,0,0,0,0,0,1,1,2812247,9,1271,0,0,0,39,7,4829619638,12559617624,12676715428
1790905460,50443036,103049248768,0,0,0,0,0,1,1,2812247,9,1271,0,0,0,39,7,4829619638,12559617624,12676715428
1790905461,50473388,103063638016,0,0,0,0,0,1,1,2825019,9,1271,0,0,0,39,7,4829619638,12559617624,12676715428
1790905462,50518524,103060512768,0,0,0,0,0,1,1,2825019,9,1271,0,0,0,39,7,4829619638,12559617624,12676715428
1790905463,50549400,103072768000,0,0,0,0,0,1,1,2837783,9,1271,0,0,0,39,7,4829619638,12559617624,12676715428
1790905464,50581532,103059660800,0,0,0,0,0,1,1,2850676,9,1271,0,0,0,39,7,4829619638,12559617624,12676715428
1790905465,50614992,103059410944,0,0,0,0,0,1,1,2850676,9,1271,0,0,0,39,7,4829619638,12559617624,12676715428
1790905466,50636488,103058903040,0,0,0,0,0,1,1,2863483,9,1271,0,0,0,39,7,4829619638,12559617624,12676715428
1790905467,50655688,103079026688,0,0,0,0,0,1,1,2863483,9,1271,0,0,0,39,7,4829619638,12559617624,12676715428
1790905468,50671912,103050235904,0,0,0,0,0,1,1,2876305,9,1271,0,0,0,39,7,4829619638,12559617624,12676715428
1790905469,50699984,103062761472,0,0,0,0,0,1,1,2876305,9,1271,0,0,0,39,7,4829619638,12559617624,12676715428
1790905470,50724940,103065300992,0,0,0,0,0,1,1,2889256,9,1271,0,0,0,39,7,4829619638,12559617624,12676715428
1790905471,50749100,103076868096,0,0,0,0,0,1,1,2889256,9,1271,0,0,0,39,7,4829619638,12559617624,12676715428
1790905473,50794948,103074590720,0,0,0,0,0,1,1,2902145,9,1271,0,0,0,39,7,4829619638,12559617624,12676715428
1790905474,50834188,103048470528,0,0,0,0,0,1,1,2902145,9,1271,0,0,0,39,7,4829619638,12559617624,12676715428
1790905475,50880612,103026745344,0,0,0,0,0,1,1,2914869,9,1271,0,0,0,39,7,4829619638,12559617624,12676715428
1790905476,50930292,103048253440,0,0,0,0,0,1,1,2914869,9,1271,0,0,0,39,7,4829619638,12559617624,12676715428
1790905477,50967736,103055003648,0,0,0,0,0,1,1,2927694,9,1271,0,0,0,39,7,4829619638,12559617624,12676715428
1790905478,51005824,103079161856,0,0,0,0,0,1,1,2927694,9,1271,0,0,0,39,7,4829619638,12559617624,12676715428
1790905479,51044388,103073292288,0,0,0,0,0,1,1,2940385,9,1271,0,0,0,39,7,4829619638,12559617624,12676715428
1790905480,51070552,103046643712,0,0,0,0,0,1,1,2940385,9,1271,0,0,0,39,7,4829619638,12559617624,12676715428
1790905481,51103276,103037984768,0,0,0,0,0,1,1,2953232,9,1271,0,0,0,39,7,4829619638,12559617624,12676715428
1790905482,51135532,103047929856,0,0,0,0,0,1,1,2953232,9,1271,0,0,0,39,7,4829619638,12559617624,12676715428
1790905483,51153004,103050321920,0,0,0,0,0,1,1,2966072,9,1271,0,0,0,39,7,4829619638,12559617624,12676715428
1790905484,51171800,103066128384,0,0,0,0,0,1,1,2966072,9,1271,0,0,0,39,7,4829619638,12559617624,12676715428
1790905485,51187032,103075119104,0,0,0,0,0,1,1,2978876,9,1271,0,0,0,39,7,4829619638,12559617624,12676715428
1790905486,51196308,103074156544,0,0,0,0,0,1,1,2991839,9,1271,0,0,0,39,7,4829619638,12559617624,12676715428
1790905487,51218212,103048908800,0,0,0,0,0,1,1,2991839,9,1271,0,0,0,39,7,4829619638,12559617624,12676715428
1790905488,51241516,103064584192,0,0,0,0,0,1,1,3004721,9,1271,0,0,0,39,7,4829619638,12559617624,12676715428
1790905489,51290248,103079063552,0,0,0,0,0,1,1,3004721,9,1271,0,0,0,39,7,4829619638,12559617624,12676715428
1790905490,51321996,103071719424,0,0,0,0,0,1,1,3017503,9,1271,0,0,0,39,7,4829619638,12559617624,12676715428
1790905491,51356436,103060406272,0,0,0,0,0,1,1,3017503,9,1271,0,0,0,39,7,4829619638,12559617624,12676715428
1790905492,51388764,103070572544,0,0,0,0,0,1,1,3030353,9,1271,0,0,0,39,7,4829619638,12559617624,12676715428
1790905493,51423732,103071367168,0,0,0,0,0,1,1,3030353,9,1271,0,0,0,39,7,4829619638,12559617624,12676715428
1790905495,51464732,103068135424,0,0,0,0,0,1,1,3043117,9,1271,0,0,0,39,7,4829619638,12559617624,12676715428
1790905496,51503168,103048470528,0,0,0,0,0,1,1,3043117,9,1271,0,0,0,39,7,4829619638,12559617624,12676715428
1790905497,51522240,103048454144,0,0,0,0,0,1,1,3055942,9,1271,0,0,0,39,7,4829619638,12559617624,12676715428
1790905498,51565856,103058432000,0,0,0,0,0,1,1,3055942,9,1271,0,0,0,39,7,4829619638,12559617624,12676715428
1790905499,51605700,103078309888,0,0,0,0,0,1,1,3068813,9,1271,0,0,0,39,7,4829619638,12559617624,12676715428
1790905500,51647660,103076192256,0,0,0,0,0,1,1,3068813,9,1271,0,0,0,39,7,4829619638,12559617624,12676715428
1790905501,51698292,103072284672,0,0,0,0,0,1,1,3081650,9,1271,0,0,0,39,7,4829619638,12559617624,12676715428
1790905502,51737628,103057031168,0,0,0,0,0,1,1,3081650,9,1271,0,0,0,39,7,4829619638,12559617624,12676715428
1790905503,51786800,103076761600,0,0,0,0,0,1,1,3094414,9,1271,0,0,0,39,7,4829619638,12559617624,12676715428
1790905504,51822328,103064457216,0,0,0,0,0,1,1,3094414,9,1271,0,0,0,39,7,4829619638,12559617624,12676715428
1790905505,51864220,103079116800,0,0,0,0,0,1,1,3107131,9,1271,0,0,0,39,7,4829619638,12559617624,12676715428
1790905506,51889916,103070547968,0,0,0,0,0,1,1,3107131,9,1271,0,0,0,39,7,4829619638,12559617624,12676715428
1790905507,51926192,103051751424,0,0,0,0,0,1,1,3119978,9,1271,0,0,0,39,7,4829619638,12559617624,12676715428
1790905508,51962236,103063371776,0,0,0,0,0,1,1,3132816,9,1271,0,0,0,39,7,4829619638,12559617624,12676715428
1790905509,51999172,103070756864,0,0,0,0,0,1,1,3132816,9,1271,0,0,0,39,7,4829619638,12559617624,12676715428
1790905510,52038952,103062749184,0,0,0,0,0,1,1,3145500,9,1271,0,0,0,39,7,4829619638,12559617624,12676715428
1790905511,52075024,103061389312,0,0,0,0,0,1,1,3145500,9,1271,0,0,0,39,7,4829619638,12559617624,12676715428
1790905512,52112976,103073296384,0,0,0,0,0,1,1,3158307,9,1271,0,0,0,39,7,4829619638,12559617624,12676715428
1790905513,52146732,103026290688,0,0,0,0,0,1,1,3158307,9,1271,0,0,0,39,7,4829619638,12559617624,12676715428
1790905515,52165868,103073914880,0,0,0,0,0,1,1,3171120,9,1271,0,0,0,39,7,4829619638,12559617624,12676715428
1790905516,52191328,103065247744,0,0,0,0,0,1,1,3171120,9,1271,0,0,0,39,7,4829619638,12559617624,12676715428
1790905517,52211800,103075819520,0,0,0,0,0,1,1,3183985,9,1271,0,0,0,39,7,4829619638,12559617624,12676715428
1790905518,52240880,103059378176,0,0,0,0,0,1,1,3183985,9,1271,0,0,0,39,7,4829619638,12559617624,12676715428
1790905519,52258384,103060283392,0,0,0,0,0,1,1,3196836,9,1271,0,0,0,39,7,4829619638,12559617624,12676715428
1790905520,52276828,103070687232,0,0,0,0,0,1,1,3196836,9,1271,0,0,0,39,7,4829619638,12559617624,12676715428
1790905521,52297084,103039586304,0,0,0,0,0,1,1,3209445,9,1271,0,0,0,39,7,4829619638,12559617624,12676715428
1790905522,52342756,103077642240,0,0,0,0,0,1,1,3209445,9,1271,0,0,0,39,7,4829619638,12559617624,12676715428
1790905523,52370864,103066320896,0,0,0,0,0,1,1,3222261,9,1271,0,0,0,39,7,4829619638,12559617624,12676715428
1790905524,52415424,103059685376,0,0,0,0,0,1,1,3222261,9,1271,0,0,0,39,7,4829619638,12559617624,12676715428
1790905525,52457380,103076544512,0,0,0,0,0,1,1,3235005,9,1271,0,0,0,39,7,4829619638,12559617624,12676715428
1790905526,52487916,103072636928,0,0,0,0,0,1,1,3235005,9,1271,0,0,0,39,7,4829619638,12559617624,12676715428
1790905527,52530020,103053828096,0,0,0,0,0,1,1,3247791,9,1271,0,0,0,39,7,4829619638,12559617624,12676715428
1790905528,52587908,103077593088,0,0,0,0,0,1,1,3247791,9,1271,0,0,0,39,7,4829619638,12559617624,12676715428
1790905529,52635136,103076098048,0,0,0,0,0,1,1,3260696,9,1271,0,0,0,39,7,4829619638,12559617624,12676715428
1790905530,52685540,103064850432,0,0,0,0,0,1,1,3260696,9,1271,0,0,0,39,7,4829619638,12559617624,12676715428
1790905531,52748564,103074353152,0,0,0,0,0,1,1,3273404,9,1271,0,0,0,39,7,4829619638,12559617624,12676715428
1790905532,52821652,103075540992,0,0,0,0,0,1,1,3286303,9,1271,0,0,0,39,7,4829619638,12559617624,12676715428
1790905533,52882896,103077867520,0,0,0,0,0,1,1,3286303,9,1271,0,0,0,39,7,4829619638,12559617624,12676715428
1790905534,52949464,103065919488,0,0,0,0,0,1,1,3299055,9,1271,0,0,0,39,7,4829619638,12559617624,12676715428
1790905535,53020788,103078457344,0,0,0,0,0,1,1,3299055,9,1271,0,0,0,39,7,4829619638,12559617624,12676715428
1790905537,53080996,103076421632,0,0,0,0,0,1,1,3311797,9,1271,0,0,0,39,7,4829619638,12559617624,12676715428
1790905538,53141100,103040294912,0,0,0,0,0,1,1,3311797,9,1271,0,0,0,39,7,4829619638,12559617624,12676715428
1790905539,53194416,103073263616,0,0,0,0,0,1,1,3324538,9,1271,0,0,0,39,7,4829619638,12559617624,12676715428
1790905540,53239612,103079051264,0,0,0,0,0,1,1,3324538,9,1271,0,0,0,39,7,4829619638,12559617624,12676715428
1790905541,53285548,103073722368,0,0,0,0,0,1,1,3337371,9,1271,0,0,0,39,7,4829619638,12559617624,12676715428
1790905542,53323648,103062884352,0,0,0,0,0,1,1,3337371,9,1271,0,0,0,39,7,4829619638,12559617624,12676715428
1790905543,53368296,103071703040,0,0,0,0,0,1,1,3350292,9,1271,0,0,0,39,7,4829619638,12559617624,12676715428
1790905544,53404480,103078981632,0,0,0,0,0,1,1,3350292,9,1271,0,0,0,39,7,4829619638,12559617624,12676715428
1790905545,53442244,103062736896,0,0,0,0,0,1,1,3363253,9,1271,0,0,0,39,7,4829619638,12559617624,12676715428
1790905546,53485508,103064379392,0,0,0,0,0,1,1,3363253,9,1271,0,0,0,39,7,4829619638,12559617624,12676715428
1790905547,53521880,103061876736,0,0,0,0,0,1,1,3376069,9,1271,0,0,0,39,7,4829619638,12559617624,12676715428
1790905548,53557800,103076155392,0,0,0,0,0,1,1,3376069,9,1271,0,0,0,39,7,4829619638,12559617624,12676715428
1790905549,53643252,103076966400,0,0,0,0,0,2,2,3388782,9,1271,1,0,1,39,7,4829619638,12559617624,12676715428
1790905550,53688396,103057334272,0,0,0,0,0,2,2,3388782,9,1271,1,0,1,39,7,4829619638,12559617624,12676715428
1790905551,53741560,103064825856,0,0,0,0,0,2,2,3400577,9,1273,1,0,1,39,7,4829619638,12559617624,12676715428
1790905552,53772248,103074213888,0,0,0,0,0,2,2,3400577,9,1273,1,0,1,39,7,4829619638,12559617624,12676715428
1790905553,53807612,103076929536,0,0,0,0,0,2,2,3412217,9,1277,1,0,1,39,7,4829619638,12559617624,12676715428
1790905554,53833520,103065051136,0,0,0,0,0,2,2,3423789,9,1285,1,0,1,39,7,4829619638,12559617624,12676715428
1790905555,53873096,103064231936,0,0,0,0,0,2,2,3423789,9,1285,1,0,1,39,7,4829619638,12559617624,12676715428
1790905556,53907908,103074758656,0,0,0,0,0,2,2,3435262,9,1294,1,0,1,39,7,4829619638,12559617624,12676715428
1790905558,53935048,103069429760,0,0,0,0,0,2,2,3435262,9,1294,1,0,1,39,7,4829619638,12559617624,12676715428
1790905559,53955644,103072706560,0,0,0,0,0,2,2,3446782,9,1302,1,0,1,39,7,4829619638,12559617624,12676715428
1790905560,53989680,103068049408,0,0,0,0,0,2,2,3446782,9,1302,1,0,1,39,7,4829619638,12559617624,12676715428
1790905561,54012120,103077408768,0,0,0,0,0,2,2,3458321,9,1307,1,0,1,39,7,4829619638,12559617624,12676715428
1790905562,54065304,103061274624,0,0,0,0,0,2,2,3458321,9,1307,1,0,1,39,7,4829619638,12559617624,12676715428
1790905563,54101992,103069769728,0,0,0,0,0,2,2,3469901,9,1307,1,0,1,39,7,4829619638,12559617624,12676715428
1790905564,54157292,103070388224,0,0,0,0,0,2,2,3469901,9,1307,1,0,1,39,7,4829619638,12559617624,12676715428
1790905565,54198968,103068475392,0,0,0,0,0,2,2,3481459,9,1307,1,0,1,39,7,4829619638,12559617624,12676715428
1790905566,54231948,103070228480,0,0,0,0,0,2,2,3481459,9,1307,1,0,1,39,7,4829619638,12559617624,12676715428
1790905567,54285840,103077089280,0,0,0,0,0,2,2,3492754,9,1307,1,0,1,39,7,4829619638,12559617624,12676715428
1790905568,54325836,103073120256,0,0,0,0,0,2,2,3492754,9,1307,1,0,1,39,7,4829619638,12559617624,12676715428
1790905569,54360992,103064358912,0,0,0,0,0,2,2,3504342,9,1307,1,0,1,39,7,4829619638,12559617624,12676715428
1790905570,50738488,99871064064,0,0,0,0,0,2,2,3504342,9,1307,1,0,1,39,7,4829619638,12559617624,12676715428
1790905571,50686732,100993445888,0,0,0,0,0,2,2,3510672,11,1314,0,5,0,77,8,9658659669,12562994519,12683472340
1790905572,50582772,102068883456,0,0,0,0,0,2,2,3510672,11,1314,0,5,0,77,8,9658659669,12562994519,12683472340
1790905573,50217548,102812061696,0,0,0,0,0,2,2,3515745,11,1320,0,5,0,77,8,9658659669,12562994519,12683472340
1790905574,49648820,103063494656,0,0,0,0,0,2,2,3515745,11,1320,0,5,0,77,8,9658659669,12562994519,12683472340
1790905576,48835864,103047643136,0,0,0,0,0,2,2,3520530,11,1344,0,5,0,77,8,9658659669,12562994519,12683472340
1790905577,48208256,103073308672,0,0,0,0,0,2,2,3526266,11,1355,0,5,0,77,8,9658659669,12562994519,12683472340
1790905578,47565300,103078031360,0,0,0,0,0,2,2,3526266,11,1355,0,5,0,77,8,9658659669,12562994519,12683472340
1790905579,47130596,103002263552,0,0,0,0,0,2,2,3532029,11,1370,0,5,0,77,8,9658659669,12562994519,12683472340
1790905580,46885636,103078969344,0,0,0,0,0,2,2,3532029,11,1370,0,5,0,77,8,9658659669,12562994519,12683472340
1790905581,46454756,103057371136,0,0,0,0,0,2,2,3537615,11,1392,0,5,0,77,8,9658659669,12562994519,12683472340
1790905582,46429772,103076229120,0,0,0,0,0,2,2,3537615,11,1392,0,5,0,77,8,9658659669,12562994519,12683472340
1790905583,46405400,103047335936,0,0,0,0,0,2,2,3543406,11,1403,0,5,0,77,8,9658659669,12562994519,12683472340
1790905584,46367740,103078731776,0,0,0,0,0,2,2,3543406,11,1403,0,5,0,77,8,9658659669,12562994519,12683472340
1790905585,46342360,103063126016,0,0,0,0,0,2,2,3548953,11,1416,0,5,0,77,8,9658659669,12562994519,12683472340
1790905586,46251648,103068999680,0,0,0,0,0,2,2,3548953,11,1416,0,5,0,77,8,9658659669,12562994519,12683472340
1790905587,46262256,103078449152,0,0,0,0,0,2,2,3555504,11,1436,0,5,0,77,8,9658659669,12562994519,12683472340
1790905588,46271464,100857868288,0,0,0,0,0,2,2,3555504,11,1436,0,5,0,77,8,9658659669,12562994519,12683472340
1790905589,46309372,96651714560,0,0,0,0,0,2,2,3563509,12,1408,0,4,0,77,9,9658659669,15035179977,15213202872
1790905590,46339428,98461097984,0,0,0,0,0,2,2,3563509,12,1408,0,4,0,77,9,9658659669,15035179977,15213202872
1790905591,46367572,100223729664,0,0,0,0,0,2,2,3569160,15,1311,0,1,0,77,12,9658659669,20738823353,21047338687
1790905593,46391052,101959761920,0,0,0,0,0,2,2,3569160,15,1311,0,1,0,77,12,9658659669,20738823353,21047338687
1790905594,46401788,103039680512,0,0,0,0,0,2,2,3573197,15,1319,0,1,0,77,12,9658659669,20738823353,21047338687
1790905595,46401760,103056515072,0,0,0,0,0,2,2,3578049,15,1341,0,1,0,77,12,9658659669,20738823353,21047338687
1790905596,46410472,103067963392,0,0,0,0,0,2,2,3578049,15,1341,0,1,0,77,12,9658659669,20738823353,21047338687
1790905597,46403344,103045722112,0,0,0,0,0,2,2,3583724,15,1353,0,1,0,77,12,9658659669,20738823353,21047338687
1790905598,46408828,103077605376,0,0,0,0,0,2,2,3583724,15,1353,0,1,0,77,12,9658659669,20738823353,21047338687
1790905599,46423160,103076913152,0,0,0,0,0,2,2,3589177,15,1362,0,1,0,77,12,9658659669,20738823353,21047338687
1790905600,46418808,103038693376,0,0,0,0,0,2,2,3589177,15,1362,0,1,0,77,12,9658659669,20738823353,21047338687
1790905601,46448548,103074299904,0,0,0,0,0,2,2,3593283,15,1378,0,1,0,77,12,9658659669,20738823353,21047338687
1790905602,46466452,103077945344,0,0,0,0,0,2,2,3593283,15,1378,0,1,0,77,12,9658659669,20738823353,21047338687
1790905603,46468708,103067193344,0,0,0,0,0,2,2,3598952,15,1389,0,1,0,77,12,9658659669,20738823353,21047338687
1790905604,46483360,103075328000,0,0,0,0,0,2,2,3598952,15,1389,0,1,0,77,12,9658659669,20738823353,21047338687
1790905605,46508084,103074119680,0,0,0,0,0,2,2,3605302,15,1396,0,1,0,77,12,9658659669,20738823353,21047338687
1790905606,46527084,101757657088,0,0,0,0,0,2,2,3605302,15,1396,0,1,0,77,12,9658659669,20738823353,21047338687
1790905607,46535816,102770135040,0,0,0,0,0,2,2,3613265,17,1373,0,0,0,77,14,9658659669,23210557769,23575775509
1790905608,46584116,98936483840,0,0,0,0,0,2,2,3613265,17,1373,0,0,0,77,14,9658659669,23210557769,23575775509
1790905609,46632856,98152099840,0,0,0,0,0,2,2,3622345,18,1365,0,0,0,77,15,9658659669,28711356070,29160636636
1790905611,46687712,97261182976,0,0,0,0,0,2,2,3622345,18,1365,0,0,0,77,15,9658659669,28711356070,29160636636
1790905612,46751836,97949192192,0,0,0,0,0,2,2,3634085,20,1289,0,0,0,77,17,9658659669,33622356740,34157324344
1790905613,46795408,98595176448,0,0,0,0,0,2,2,3634085,20,1289,0,0,0,77,17,9658659669,33622356740,34157324344
1790905614,46821008,99208937472,0,0,0,0,0,2,2,3646470,20,1289,0,0,0,77,17,9658659669,33622356740,34157324344
1790905615,46865088,99825438720,0,0,0,0,0,2,2,3646470,20,1289,0,0,0,77,17,9658659669,33622356740,34157324344
1790905616,46895872,100443508736,0,0,0,0,0,2,2,3659186,20,1289,0,0,0,77,17,9658659669,33622356740,34157324344
1790905617,46927476,101057351680,0,0,0,0,0,2,2,3671883,20,1289,0,0,0,77,17,9658659669,33622356740,34157324344
1790905618,46967376,101664985088,0,0,0,0,0,2,2,3671883,20,1289,0,0,0,77,17,9658659669,33622356740,34157324344
1790905619,47010292,102277619712,0,0,0,0,0,2,2,3684778,20,1289,0,0,0,77,17,9658659669,33622356740,34157324344
1790905620,47059776,102885474304,0,0,0,0,0,2,2,3684778,20,1289,0,0,0,77,17,9658659669,33622356740,34157324344
1790905621,47086664,103075287040,0,0,0,0,0,2,2,3697630,20,1289,0,0,0,77,17,9658659669,33622356740,34157324344
1790905622,47116792,103062761472,0,0,0,0,0,2,2,3697630,20,1289,0,0,0,77,17,9658659669,33622356740,34157324344
1790905623,47149304,103065853952,0,0,0,0,0,2,2,3710244,20,1289,0,0,0,77,17,9658659669,33622356740,34157324344
1790905624,47189304,103070285824,0,0,0,0,0,2,2,3710244,20,1289,0,0,0,77,17,9658659669,33622356740,34157324344
1790905625,47232416,103078268928,0,0,0,0,0,2,2,3723069,20,1289,0,0,0,77,17,9658659669,33622356740,34157324344
1790905626,47273556,103073263616,0,0,0,0,0,2,2,3723069,20,1289,0,0,0,77,17,9658659669,33622356740,34157324344
1790905627,47320168,103068553216,0,0,0,0,0,2,2,3735696,20,1289,0,0,0,77,17,9658659669,33622356740,34157324344
1790905628,47378272,103063605248,0,0,0,0,0,2,2,3735696,20,1289,0,0,0,77,17,9658659669,33622356740,34157324344
1790905629,47413004,103067897856,0,0,0,0,0,2,2,3748481,20,1289,0,0,0,77,17,9658659669,33622356740,34157324344
1790905630,47434256,103057887232,0,0,0,0,0,2,2,3748481,20,1289,0,0,0,77,17,9658659669,33622356740,34157324344
1790905631,47466324,103057534976,0,0,0,0,0,2,2,3761275,20,1289,0,0,0,77,17,9658659669,33622356740,34157324344
1790905633,47505252,103077486592,0,0,0,0,0,2,2,3761275,20,1289,0,0,0,77,17,9658659669,33622356740,34157324344
1790905634,47548904,103073259520,0,0,0,0,0,2,2,3774071,20,1289,0,0,0,77,17,9658659669,33622356740,34157324344
1790905635,47595624,103030697984,0,0,0,0,0,2,2,3774071,20,1289,0,0,0,77,17,9658659669,33622356740,34157324344
1790905636,47633576,103076696064,0,0,0,0,0,2,2,3786846,20,1289,0,0,0,77,17,9658659669,33622356740,34157324344
1790905637,47675768,103076511744,0,0,0,0,0,2,2,3786846,20,1289,0,0,0,77,17,9658659669,33622356740,34157324344
1790905638,47717244,103038435328,0,0,0,0,0,2,2,3798142,20,1289,0,0,0,77,17,9658659669,33622356740,34157324344
1790905639,47761980,103060127744,0,0,0,0,0,2,2,3810502,20,1289,0,0,0,77,17,9658659669,33622356740,34157324344
1790905640,47813896,103034351616,0,0,0,0,0,2,2,3810502,20,1289,0,0,0,77,17,9658659669,33622356740,34157324344
1790905641,47866392,103069585408,0,0,0,0,0,2,2,3823443,20,1289,0,0,0,77,17,9658659669,33622356740,34157324344
1790905642,47902572,103062106112,0,0,0,0,0,2,2,3823443,20,1289,0,0,0,77,17,9658659669,33622356740,34157324344
1790905643,47940188,103055941632,0,0,0,0,0,2,2,3836243,20,1289,0,0,0,77,17,9658659669,33622356740,34157324344
1790905644,47942788,103035023360,0,0,0,0,0,2,2,3836243,20,1289,0,0,0,77,17,9658659669,33622356740,34157324344
1790905645,47953876,103076618240,0,0,0,0,0,2,2,3848999,20,1289,0,0,0,77,17,9658659669,33622356740,34157324344
1790905646,47963004,103056756736,0,0,0,0,0,2,2,3848999,20,1289,0,0,0,77,17,9658659669,33622356740,34157324344
1790905647,47986692,103071657984,0,0,0,0,0,2,2,3861716,20,1289,0,0,0,77,17,9658659669,33622356740,34157324344
1790905648,48015384,103075336192,0,0,0,0,0,2,2,3861716,20,1289,0,0,0,77,17,9658659669,33622356740,34157324344
1790905649,48045348,103074590720,0,0,0,0,0,2,2,3874490,20,1289,0,0,0,77,17,9658659669,33622356740,34157324344
1790905650,48040180,103076941824,0,0,0,0,0,2,2,3874490,20,1289,0,0,0,77,17,9658659669,33622356740,34157324344
1790905651,48045716,103059763200,0,0,0,0,0,2,2,3887349,20,1289,0,0,0,77,17,9658659669,33622356740,34157324344
1790905652,48026148,103068569600,0,0,0,0,0,2,2,3887349,20,1289,0,0,0,77,17,9658659669,33622356740,34157324344
1790905654,48031424,103079153664,0,0,0,0,0,2,2,3900093,20,1289,0,0,0,77,17,9658659669,33622356740,34157324344
1790905655,48043384,103074029568,0,0,0,0,0,2,2,3900093,20,1289,0,0,0,77,17,9658659669,33622356740,34157324344
1790905656,48045068,103065804800,0,0,0,0,0,2,2,3912871,20,1289,0,0,0,77,17,9658659669,33622356740,34157324344
1790905657,48051632,103070363648,0,0,0,0,0,2,2,3912871,20,1289,0,0,0,77,17,9658659669,33622356740,34157324344
1790905658,48065408,103057502208,0,0,0,0,0,2,2,3925587,20,1289,0,0,0,77,17,9658659669,33622356740,34157324344
1790905659,48080044,103075946496,0,0,0,0,0,2,2,3925587,20,1289,0,0,0,77,17,9658659669,33622356740,34157324344
1790905660,48075456,103079030784,0,0,0,0,0,2,2,3938328,20,1289,0,0,0,77,17,9658659669,33622356740,34157324344
1790905661,48087212,103073644544,0,0,0,0,0,2,2,3938328,20,1289,0,0,0,77,17,9658659669,33622356740,34157324344
1790905662,48104908,103075364864,0,0,0,0,0,2,2,3951141,20,1289,0,0,0,77,17,9658659669,33622356740,34157324344
1790905663,48138268,103056769024,0,0,0,0,0,2,2,3963928,20,1289,0,0,0,77,17,9658659669,33622356740,34157324344
1790905664,48167492,103075332096,0,0,0,0,0,2,2,3963928,20,1289,0,0,0,77,17,9658659669,33622356740,34157324344
1790905665,48196260,103069634560,0,0,0,0,0,2,2,3976597,20,1289,0,0,0,77,17,9658659669,33622356740,34157324344
1790905666,48215000,103071068160,0,0,0,0,0,2,2,3976597,20,1289,0,0,0,77,17,9658659669,33622356740,34157324344
1790905667,48240724,103077240832,0,0,0,0,0,2,2,3989407,20,1289,0,0,0,77,17,9658659669,33622356740,34157324344
1790905668,48295980,103076220928,0,0,0,0,0,2,2,3989407,20,1289,0,0,0,77,17,9658659669,33622356740,34157324344
1790905669,48354792,103077183488,0,0,0,0,0,2,2,4001677,20,1289,0,0,0,77,17,9658659669,33622356740,34157324344
1790905670,48408448,103075049472,0,0,0,0,0,2,2,4001677,20,1289,0,0,0,77,17,9658659669,33622356740,34157324344
1790905671,48456012,103065886720,0,0,0,0,0,2,2,4014179,20,1289,0,0,0,77,17,9658659669,33622356740,34157324344
1790905672,48502620,103056535552,0,0,0,0,0,2,2,4014179,20,1289,0,0,0,77,17,9658659669,33622356740,34157324344
1790905673,48557604,103067357184,0,0,0,0,0,2,2,4026953,20,1289,0,0,0,77,17,9658659669,33622356740,34157324344
1790905675,48623516,103073042432,0,0,0,0,0,2,2,4026953,20,1289,0,0,0,77,17,9658659669,33622356740,34157324344
1790905676,48694620,103068123136,0,0,0,0,0,2,2,4039547,20,1289,0,0,0,77,17,9658659669,33622356740,34157324344
1790905677,48750748,103065714688,0,0,0,0,0,2,2,4039547,20,1289,0,0,0,77,17,9658659669,33622356740,34157324344
1790905678,48796040,103059816448,0,0,0,0,0,2,2,4052299,20,1289,0,0,0,77,17,9658659669,33622356740,34157324344
1790905679,48838072,103071784960,0,0,0,0,0,2,2,4052299,20,1289,0,0,0,77,17,9658659669,33622356740,34157324344
1790905680,48889316,103067226112,0,0,0,0,0,2,2,4065048,20,1289,0,0,0,77,17,9658659669,33622356740,34157324344
1790905681,48938320,103059607552,0,0,0,0,0,2,2,4065048,20,1289,0,0,0,77,17,9658659669,33622356740,34157324344
1790905682,48961700,103078633472,0,0,0,0,0,2,2,4077659,20,1289,0,0,0,77,17,9658659669,33622356740,34157324344
1790905683,49002452,103069880320,0,0,0,0,0,2,2,4077659,20,1289,0,0,0,77,17,9658659669,33622356740,34157324344
1790905684,49042616,103068323840,0,0,0,0,0,2,2,4090231,20,1289,0,0,0,77,17,9658659669,33622356740,34157324344
1790905685,49053748,103071793152,0,0,0,0,0,2,2,4102912,20,1289,0,0,0,77,17,9658659669,33622356740,34157324344
1790905686,49096056,103074426880,0,0,0,0,0,2,2,4102912,20,1289,0,0,0,77,17,9658659669,33622356740,34157324344
1790905687,49141020,103055499264,0,0,0,0,0,2,2,4115563,20,1289,0,0,0,77,17,9658659669,33622356740,34157324344
1790905688,49190124,103022858240,0,0,0,0,0,2,2,4115563,20,1289,0,0,0,77,17,9658659669,33622356740,34157324344
1790905689,49219120,103064162304,0,0,0,0,0,2,2,4128195,20,1289,0,0,0,77,17,9658659669,33622356740,34157324344
1790905690,49266468,103064334336,0,0,0,0,0,2,2,4128195,20,1289,0,0,0,77,17,9658659669,33622356740,34157324344
1790905691,49308244,103076855808,0,0,0,0,0,2,2,4140960,20,1289,0,0,0,77,17,9658659669,33622356740,34157324344
1790905692,49344192,103055777792,0,0,0,0,0,2,2,4140960,20,1289,0,0,0,77,17,9658659669,33622356740,34157324344
1790905693,49383604,103069564928,0,0,0,0,0,2,2,4153755,20,1289,0,0,0,77,17,9658659669,33622356740,34157324344
1790905694,49404988,103075459072,0,0,0,0,0,2,2,4153755,20,1289,0,0,0,77,17,9658659669,33622356740,34157324344
1790905696,49418392,103066574848,0,0,0,0,0,2,2,4166512,20,1289,0,0,0,77,17,9658659669,33622356740,34157324344
1790905697,49432124,103069319168,0,0,0,0,0,2,2,4166512,20,1289,0,0,0,77,17,9658659669,33622356740,34157324344
1790905698,49466876,103059230720,0,0,0,0,0,2,2,4179264,20,1289,0,0,0,77,17,9658659669,33622356740,34157324344
1790905699,49496680,103068717056,0,0,0,0,0,2,2,4179264,20,1289,0,0,0,77,17,9658659669,33622356740,34157324344
1790905700,49538852,103074230272,0,0,0,0,0,2,2,4191975,20,1289,0,0,0,77,17,9658659669,33622356740,34157324344
1790905701,49587088,103074406400,0,0,0,0,0,2,2,4191975,20,1289,0,0,0,77,17,9658659669,33622356740,34157324344
1790905702,49652124,103062585344,0,0,0,0,0,2,2,4204506,20,1289,0,0,0,77,17,9658659669,33622356740,34157324344
1790905703,49705728,103077957632,0,0,0,0,0,2,2,4204506,20,1289,0,0,0,77,17,9658659669,33622356740,34157324344
1790905704,49756856,103061356544,0,0,0,0,0,2,2,4217281,20,1289,0,0,0,77,17,9658659669,33622356740,34157324344
1790905705,49817760,103060840448,0,0,0,0,0,2,2,4217281,20,1289,0,0,0,77,17,9658659669,33622356740,34157324344
1790905706,49855884,103073062912,0,0,0,0,0,2,2,4229920,20,1289,0,0,0,77,17,9658659669,33622356740,34157324344
1790905707,49902128,103077498880,0,0,0,0,0,2,2,4242801,20,1289,0,0,0,77,17,9658659669,33622356740,34157324344
1790905708,49955352,103075000320,0,0,0,0,0,2,2,4242801,20,1289,0,0,0,77,17,9658659669,33622356740,34157324344
1790905709,50010400,103063670784,0,0,0,0,0,2,2,4255542,20,1289,0,0,0,77,17,9658659669,33622356740,34157324344
1790905710,50043572,103077326848,0,0,0,0,0,2,2,4255542,20,1289,0,0,0,77,17,9658659669,33622356740,34157324344
1790905711,50091012,103070846976,0,0,0,0,0,2,2,4268205,20,1289,0,0,0,77,17,9658659669,33622356740,34157324344
1790905712,50138512,103061925888,0,0,0,0,0,2,2,4268205,20,1289,0,0,0,77,17,9658659669,33622356740,34157324344
1790905713,50163824,103044149248,0,0,0,0,0,2,2,4280880,20,1289,0,0,0,77,17,9658659669,33622356740,34157324344
1790905714,50189380,103079124992,0,0,0,0,0,2,2,4280880,20,1289,0,0,0,77,17,9658659669,33622356740,34157324344
1790905715,50213260,103077351424,0,0,0,0,0,2,2,4293637,20,1289,0,0,0,77,17,9658659669,33622356740,34157324344
1790905717,50237788,103048032256,0,0,0,0,0,2,2,4293637,20,1289,0,0,0,77,17,9658659669,33622356740,34157324344
1790905718,50254024,103044087808,0,0,0,0,0,2,2,4306316,20,1289,0,0,0,77,17,9658659669,33622356740,34157324344
1790905719,50276616,103075020800,0,0,0,0,0,2,2,4306316,20,1289,0,0,0,77,17,9658659669,33622356740,34157324344
1790905720,50296704,103070883840,0,0,0,0,0,2,2,4319005,20,1289,0,0,0,77,17,9658659669,33622356740,34157324344
1790905721,50301268,103075860480,0,0,0,0,0,2,2,4319005,20,1289,0,0,0,77,17,9658659669,33622356740,34157324344
1790905722,50322128,103059120128,0,0,0,0,0,2,2,4331679,20,1289,0,0,0,77,17,9658659669,33622356740,34157324344
1790905723,50347556,103060467712,0,0,0,0,0,2,2,4331679,20,1289,0,0,0,77,17,9658659669,33622356740,34157324344
1790905724,50384248,103065145344,0,0,0,0,0,2,2,4344516,20,1289,0,0,0,77,17,9658659669,33622356740,34157324344
1790905725,50420956,103075688448,0,0,0,0,0,2,2,4344516,20,1289,0,0,0,77,17,9658659669,33622356740,34157324344
1790905726,50462212,103066705920,0,0,0,0,0,2,2,4357321,20,1289,0,0,0,77,17,9658659669,33622356740,34157324344
1790905727,50489384,103070097408,0,0,0,0,0,2,2,4357321,20,1289,0,0,0,77,17,9658659669,33622356740,34157324344
1790905728,50502016,103077445632,0,0,0,0,0,2,2,4370048,20,1289,0,0,0,77,17,9658659669,33622356740,34157324344
1790905729,50519824,103075028992,0,0,0,0,0,2,2,4370048,20,1289,0,0,0,77,17,9658659669,33622356740,34157324344
1790905730,50544960,103042482176,0,0,0,0,0,2,2,4382800,20,1289,0,0,0,77,17,9658659669,33622356740,34157324344
1790905731,50588168,103075639296,0,0,0,0,0,2,2,4395473,20,1289,0,0,0,77,17,9658659669,33622356740,34157324344
1790905732,50615824,103068909568,0,0,0,0,0,2,2,4395473,20,1289,0,0,0,77,17,9658659669,33622356740,34157324344
1790905733,50649188,103079096320,0,0,0,0,0,2,2,4408254,20,1289,0,0,0,77,17,9658659669,33622356740,34157324344
1790905734,50678692,103071592448,0,0,0,0,0,2,2,4408254,20,1289,0,0,0,77,17,9658659669,33622356740,34157324344
1790905735,50701988,103078133760,0,0,0,0,0,2,2,4421087,20,1289,0,0,0,77,17,9658659669,33622356740,34157324344
1790905736,50732828,103072133120,0,0,0,0,0,2,2,4421087,20,1289,0,0,0,77,17,9658659669,33622356740,34157324344
1790905738,50757720,103072022528,0,0,0,0,0,2,2,4433867,20,1289,0,0,0,77,17,9658659669,33622356740,34157324344
1790905739,50802724,103074480128,0,0,0,0,0,2,2,4433867,20,1289,0,0,0,77,17,9658659669,33622356740,34157324344
1790905740,50815880,103076605952,0,0,0,0,0,2,2,4446561,20,1289,0,0,0,77,17,9658659669,33622356740,34157324344
1790905741,50845816,103075000320,0,0,0,0,0,2,2,4446561,20,1289,0,0,0,77,17,9658659669,33622356740,34157324344
1790905742,50872024,103062786048,0,0,0,0,0,2,2,4459362,20,1289,0,0,0,77,17,9658659669,33622356740,34157324344
1790905743,50917080,103064911872,0,0,0,0,0,2,2,4459362,20,1289,0,0,0,77,17,9658659669,33622356740,34157324344
1790905744,50961340,103046737920,0,0,0,0,0,2,2,4472140,20,1289,0,0,0,77,17,9658659669,33622356740,34157324344
1790905745,50989868,103051259904,0,0,0,0,0,2,2,4472140,20,1289,0,0,0,77,17,9658659669,33622356740,34157324344
1790905746,51031976,103071117312,0,0,0,0,0,2,2,4484658,20,1289,0,0,0,77,17,9658659669,33622356740,34157324344
1790905747,51068176,103061241856,0,0,0,0,0,2,2,4484658,20,1289,0,0,0,77,17,9658659669,33622356740,34157324344
1790905748,51092124,103067955200,0,0,0,0,0,2,2,4497080,20,1289,0,0,0,77,17,9658659669,33622356740,34157324344
1790905749,51134372,103077117952,0,0,0,0,0,2,2,4497080,20,1289,0,0,0,77,17,9658659669,33622356740,34157324344
1790905750,51164120,103061708800,0,0,0,0,0,2,2,4509853,20,1289,0,0,0,77,17,9658659669,33622356740,34157324344
1790905751,51188844,103053422592,0,0,0,0,0,2,2,4509853,20,1289,0,0,0,77,17,9658659669,33622356740,34157324344
1790905752,51216956,103072514048,0,0,0,0,0,2,2,4522545,20,1289,0,0,0,77,17,9658659669,33622356740,34157324344
1790905753,51252324,103070236672,0,0,0,0,0,2,2,4535238,20,1289,0,0,0,77,17,9658659669,33622356740,34157324344
1790905754,51277568,103070461952,0,0,0,0,0,2,2,4535238,20,1289,0,0,0,77,17,9658659669,33622356740,34157324344
1790905755,51308476,103052488704,0,0,0,0,0,2,2,4547887,20,1289,0,0,0,77,17,9658659669,33622356740,34157324344
1790905756,51341036,103057506304,0,0,0,0,0,2,2,4547887,20,1289,0,0,0,77,17,9658659669,33622356740,34157324344
1790905757,51382244,103061745664,0,0,0,0,0,2,2,4560566,20,1289,0,0,0,77,17,9658659669,33622356740,34157324344
1790905758,51426464,103072198656,0,0,0,0,0,2,2,4560566,20,1289,0,0,0,77,17,9658659669,33622356740,34157324344
1790905760,51464508,103044386816,0,0,0,0,0,2,2,4573178,20,1289,0,0,0,77,17,9658659669,33622356740,34157324344
1790905761,51504216,103071428608,0,0,0,0,0,2,2,4573178,20,1289,0,0,0,77,17,9658659669,33622356740,34157324344
1790905762,51554124,103072808960,0,0,0,0,0,2,2,4585943,20,1289,0,0,0,77,17,9658659669,33622356740,34157324344
1790905763,51601712,103070363648,0,0,0,0,0,2,2,4585943,20,1289,0,0,0,77,17,9658659669,33622356740,34157324344
1790905764,51651556,103051325440,0,0,0,0,0,2,2,4598581,20,1289,0,0,0,77,17,9658659669,33622356740,34157324344
1790905765,51695760,103074451456,0,0,0,0,0,2,2,4598581,20,1289,0,0,0,77,17,9658659669,33622356740,34157324344
1790905766,51741972,103046082560,0,0,0,0,0,2,2,4611267,20,1289,0,0,0,77,17,9658659669,33622356740,34157324344
1790905767,51777456,103063744512,0,0,0,0,0,2,2,4611267,20,1289,0,0,0,77,17,9658659669,33622356740,34157324344
1790905768,51819420,103077670912,0,0,0,0,0,2,2,4623970,20,1289,0,0,0,77,17,9658659669,33622356740,34157324344
1790905769,51846932,103073918976,0,0,0,0,0,2,2,4623970,20,1289,0,0,0,77,17,9658659669,33622356740,34157324344
1790905770,51888340,103057088512,0,0,0,0,0,2,2,4636645,20,1289,0,0,0,77,17,9658659669,33622356740,34157324344
1790905771,51913264,103063367680,0,0,0,0,0,2,2,4636645,20,1289,0,0,0,77,17,9658659669,33622356740,34157324344
1790905772,51933116,103064006656,0,0,0,0,0,2,2,4649281,20,1289,0,0,0,77,17,9658659669,33622356740,34157324344
1790905773,51957260,103075004416,0,0,0,0,0,2,2,4649281,20,1289,0,0,0,77,17,9658659669,33622356740,34157324344
1790905774,51975692,103075549184,0,0,0,0,0,2,2,4662034,20,1289,0,0,0,77,17,9658659669,33622356740,34157324344
1790905775,52007784,103052800000,0,0,0,0,0,2,2,4662034,20,1289,0,0,0,77,17,9658659669,33622356740,34157324344
1790905776,52043720,103062355968,0,0,0,0,0,2,2,4674732,20,1289,0,0,0,77,17,9658659669,33622356740,34157324344
1790905777,52076100,103078420480,0,0,0,0,0,2,2,4687394,20,1289,0,0,0,77,17,9658659669,33622356740,34157324344
1790905778,52103312,103063257088,0,0,0,0,0,2,2,4687394,20,1289,0,0,0,77,17,9658659669,33622356740,34157324344
1790905779,52136724,103065694208,0,0,0,0,0,2,2,4700101,20,1289,0,0,0,77,17,9658659669,33622356740,34157324344
1790905781,52174004,103059410944,0,0,0,0,0,2,2,4700101,20,1289,0,0,0,77,17,9658659669,33622356740,34157324344
1790905782,52231568,103035744256,0,0,0,0,0,2,2,4712767,20,1289,0,0,0,77,17,9658659669,33622356740,34157324344
1790905783,52291076,103058210816,0,0,0,0,0,2,2,4712767,20,1289,0,0,0,77,17,9658659669,33622356740,34157324344
1790905784,52352572,103071715328,0,0,0,0,0,2,2,4725317,20,1289,0,0,0,77,17,9658659669,33622356740,34157324344
1790905785,52411288,103072071680,0,0,0,0,0,2,2,4725317,20,1289,0,0,0,77,17,9658659669,33622356740,34157324344
1790905786,52477452,103074193408,0,0,0,0,0,2,2,4738122,20,1289,0,0,0,77,17,9658659669,33622356740,34157324344
1790905787,52531260,103071215616,0,0,0,0,0,2,2,4738122,20,1289,0,0,0,77,17,9658659669,33622356740,34157324344
1790905788,52576212,103076507648,0,0,0,0,0,2,2,4750634,20,1289,0,0,0,77,17,9658659669,33622356740,34157324344
1790905789,52609688,103038824448,0,0,0,0,0,2,2,4750634,20,1289,0,0,0,77,17,9658659669,33622356740,34157324344
1790905790,52641252,103078825984,0,0,0,0,0,2,2,4763369,20,1289,0,0,0,77,17,9658659669,33622356740,34157324344
1790905791,52703340,103072436224,0,0,0,0,0,2,2,4763369,20,1289,0,0,0,77,17,9658659669,33622356740,34157324344
1790905792,52744036,103072604160,0,0,0,0,0,2,2,4776127,20,1289,0,0,0,77,17,9658659669,33622356740,34157324344
1790905793,52791600,103073619968,0,0,0,0,0,2,2,4776127,20,1289,0,0,0,77,17,9658659669,33622356740,34157324344
1790905794,52848876,103064817664,0,0,0,0,0,2,2,4788758,20,1289,0,0,0,77,17,9658659669,33622356740,34157324344
1790905795,52878192,103076327424,0,0,0,0,0,2,2,4788758,20,1289,0,0,0,77,17,9658659669,33622356740,34157324344
1790905796,52917972,103054946304,0,0,0,0,0,2,2,4801402,20,1289,0,0,0,77,17,9658659669,33622356740,34157324344
1790905797,52955564,103076671488,0,0,0,0,0,2,2,4801402,20,1289,0,0,0,77,17,9658659669,33622356740,34157324344
1790905798,52991636,103078973440,0,0,0,0,0,2,2,4814118,20,1289,0,0,0,77,17,9658659669,33622356740,34157324344
1790905799,53026704,103058587648,0,0,0,0,0,2,2,4826819,20,1289,0,0,0,77,17,9658659669,33622356740,34157324344
1790905800,53056316,103071584256,0,0,0,0,0,2,2,4826819,20,1289,0,0,0,77,17,9658659669,33622356740,34157324344
1790905802,53099576,103068594176,0,0,0,0,0,2,2,4839573,20,1289,0,0,0,77,17,9658659669,33622356740,34157324344
1790905803,53136568,103070629888,0,0,0,0,0,2,2,4839573,20,1289,0,0,0,77,17,9658659669,33622356740,34157324344
1790905804,53165828,103075889152,0,0,0,0,0,2,2,4852314,20,1289,0,0,0,77,17,9658659669,33622356740,34157324344
1790905805,53197480,103075282944,0,0,0,0,0,2,2,4852314,20,1289,0,0,0,77,17,9658659669,33622356740,34157324344
1790905806,53236412,103071965184,0,0,0,0,0,2,2,4865022,20,1289,0,0,0,77,17,9658659669,33622356740,34157324344
1790905807,53278280,103055253504,0,0,0,0,0,2,2,4865022,20,1289,0,0,0,77,17,9658659669,33622356740,34157324344
1790905808,53330684,103050952704,0,0,0,0,0,2,2,4877846,20,1289,0,0,0,77,17,9658659669,33622356740,34157324344
1790905809,53385296,103079116800,0,0,0,0,0,2,2,4877846,20,1289,0,0,0,77,17,9658659669,33622356740,34157324344
1790905810,53415300,103060328448,0,0,0,0,0,2,2,4890436,20,1289,0,0,0,77,17,9658659669,33622356740,34157324344
1790905811,53464876,103059619840,0,0,0,0,0,2,2,4890436,20,1289,0,0,0,77,17,9658659669,33622356740,34157324344
1790905812,53510040,103056162816,0,0,0,0,0,2,2,4903083,20,1289,0,0,0,77,17,9658659669,33622356740,34157324344
1790905813,53566416,103067557888,0,0,0,0,0,2,2,4903083,20,1289,0,0,0,77,17,9658659669,33622356740,34157324344
1790905814,53613492,103067234304,0,0,0,0,0,2,2,4915705,20,1289,0,0,0,77,17,9658659669,33622356740,34157324344
1790905815,53661592,103050190848,0,0,0,0,0,2,2,4915705,20,1289,0,0,0,77,17,9658659669,33622356740,34157324344
1790905816,53703156,103071326208,0,0,0,0,0,2,2,4928411,20,1289,0,0,0,77,17,9658659669,33622356740,34157324344
1790905817,53741460,103066439680,0,0,0,0,0,2,2,4928411,20,1289,0,0,0,77,17,9658659669,33622356740,34157324344
1790905818,53769028,103051825152,0,0,0,0,0,2,2,4941053,20,1289,0,0,0,77,17,9658659669,33622356740,34157324344
1790905819,53789628,103042560000,0,0,0,0,0,2,2,4941053,20,1289,0,0,0,77,17,9658659669,33622356740,34157324344
1790905820,53816032,103077531648,0,0,0,0,0,2,2,4953496,20,1289,0,0,0,77,17,9658659669,33622356740,34157324344
1790905821,53842144,103071535104,0,0,0,0,0,2,2,4966131,20,1289,0,0,0,77,17,9658659669,33622356740,34157324344
1790905822,53869112,103054241792,0,0,0,0,0,2,2,4966131,20,1289,0,0,0,77,17,9658659669,33622356740,34157324344
1790905824,53889872,103072419840,0,0,0,0,0,2,2,4978835,20,1289,0,0,0,77,17,9658659669,33622356740,34157324344
1790905825,53908980,103051264000,0,0,0,0,0,2,2,4978835,20,1289,0,0,0,77,17,9658659669,33622356740,34157324344
1790905826,53940812,103035920384,0,0,0,0,0,2,2,4991483,20,1289,0,0,0,77,17,9658659669,33622356740,34157324344
1790905827,53946752,103069806592,0,0,0,0,0,2,2,4991483,20,1289,0,0,0,77,17,9658659669,33622356740,34157324344
1790905828,53970268,103072002048,0,0,0,0,0,2,2,5004109,20,1289,0,0,0,77,17,9658659669,33622356740,34157324344
1790905829,53978636,103067611136,0,0,0,0,0,2,2,5004109,20,1289,0,0,0,77,17,9658659669,33622356740,34157324344
1790905830,54007900,103060619264,0,0,0,0,0,2,2,5016817,20,1289,0,0,0,77,17,9658659669,33622356740,34157324344
1790905831,54018508,103077679104,0,0,0,0,0,2,2,5016817,20,1289,0,0,0,77,17,9658659669,33622356740,34157324344
1790905832,54039452,103047147520,0,0,0,0,0,2,2,5029537,20,1289,0,0,0,77,17,9658659669,33622356740,34157324344
1790905833,54060840,103074500608,0,0,0,0,0,2,2,5029537,20,1289,0,0,0,77,17,9658659669,33622356740,34157324344
1790905834,54081620,103050817536,0,0,0,0,0,2,2,5042265,20,1289,0,0,0,77,17,9658659669,33622356740,34157324344
1790905835,54108172,103077412864,0,0,0,0,0,2,2,5042265,20,1289,0,0,0,77,17,9658659669,33622356740,34157324344
1790905836,54128108,103064080384,0,0,0,0,0,2,2,5054948,20,1289,0,0,0,77,17,9658659669,33622356740,34157324344
1790905837,54155756,103074050048,0,0,0,0,0,2,2,5054948,20,1289,0,0,0,77,17,9658659669,33622356740,34157324344
1790905838,54180476,103064641536,0,0,0,0,0,2,2,5067694,20,1289,0,0,0,77,17,9658659669,33622356740,34157324344
1790905839,54199816,103078846464,0,0,0,0,0,2,2,5067694,20,1289,0,0,0,77,17,9658659669,33622356740,34157324344
1790905840,54227620,103062077440,0,0,0,0,0,2,2,5080449,20,1289,0,0,0,77,17,9658659669,33622356740,34157324344
1790905841,54244308,103039946752,0,0,0,0,0,2,2,5080449,20,1289,0,0,0,77,17,9658659669,33622356740,34157324344
1790905842,54235120,103076507648,0,0,0,0,0,3,3,5092273,20,1290,1,0,1,77,17,9658659669,33622356740,34157324344
1790905844,54254256,103075876864,0,0,0,0,0,3,3,5092273,20,1290,1,0,1,77,17,9658659669,33622356740,34157324344
1790905845,54256808,103074615296,0,0,0,0,0,3,3,5103817,20,1293,1,0,1,77,17,9658659669,33622356740,34157324344
1790905846,54269368,103052357632,0,0,0,0,0,3,3,5115358,20,1301,1,0,1,77,17,9658659669,33622356740,34157324344
1790905847,54266192,103071219712,0,0,0,0,0,3,3,5115358,20,1301,1,0,1,77,17,9658659669,33622356740,34157324344
1790905848,54285004,103062220800,0,0,0,0,0,3,3,5126693,20,1309,1,0,1,77,17,9658659669,33622356740,34157324344
1790905849,54303456,103055482880,0,0,0,0,0,3,3,5126693,20,1309,1,0,1,77,17,9658659669,33622356740,34157324344
1790905850,54326892,103054647296,0,0,0,0,0,3,3,5138119,20,1318,1,0,1,77,17,9658659669,33622356740,34157324344
1790905851,54359064,103059779584,0,0,0,0,0,3,3,5138119,20,1318,1,0,1,77,17,9658659669,33622356740,34157324344
1790905852,54381176,103058972672,0,0,0,0,0,3,3,5149604,20,1325,1,0,1,77,17,9658659669,33622356740,34157324344
1790905853,54419792,103059980288,0,0,0,0,0,3,3,5149604,20,1325,1,0,1,77,17,9658659669,33622356740,34157324344
1790905854,54460056,103045292032,0,0,0,0,0,3,3,5161092,20,1325,1,0,1,77,17,9658659669,33622356740,34157324344
1790905855,54482536,103068913664,0,0,0,0,0,3,3,5161092,20,1325,1,0,1,77,17,9658659669,33622356740,34157324344
1790905856,54517176,103060365312,0,0,0,0,0,3,3,5172459,20,1325,1,0,1,77,17,9658659669,33622356740,34157324344
1790905857,54520524,103057039360,0,0,0,0,0,3,3,5172459,20,1325,1,0,1,77,17,9658659669,33622356740,34157324344
1790905858,54542192,103048228864,0,0,0,0,0,3,3,5183840,20,1325,1,0,1,77,17,9658659669,33622356740,34157324344
1790905859,54561884,103076454400,0,0,0,0,0,3,3,5183840,20,1325,1,0,1,77,17,9658659669,33622356740,34157324344
1790905860,54569712,103077392384,0,0,0,0,0,3,3,5195232,20,1325,1,0,1,77,17,9658659669,33622356740,34157324344
1790905861,50660592,99775758336,0,0,0,0,0,3,3,5195232,20,1325,1,0,1,77,17,9658659669,33622356740,34157324344
1790905862,50593408,101459132416,0,0,0,0,0,3,3,5203714,22,1332,0,1,0,115,18,14486709364,33625733630,34164081974
1790905864,50288460,102862073856,0,0,0,0,0,3,3,5203714,22,1332,0,1,0,115,18,14486709364,33625733630,34164081974
1790905865,49798240,103074791424,0,0,0,0,0,3,3,5208044,22,1344,0,1,0,115,18,14486709364,33625733630,34164081974
1790905866,49231032,103062433792,0,0,0,0,0,3,3,5213881,22,1351,0,1,0,115,18,14486709364,33625733630,34164081974
1790905867,48542080,103047380992,0,0,0,0,0,3,3,5213881,22,1351,0,1,0,115,18,14486709364,33625733630,34164081974
1790905868,47885712,103056859136,0,0,0,0,0,3,3,5219489,22,1366,0,1,0,115,18,14486709364,33625733630,34164081974
1790905869,47410680,103074193408,0,0,0,0,0,3,3,5219489,22,1366,0,1,0,115,18,14486709364,33625733630,34164081974
1790905870,46967400,103070232576,0,0,0,0,0,3,3,5224484,22,1381,0,1,0,115,18,14486709364,33625733630,34164081974
1790905871,46868728,103077687296,0,0,0,0,0,3,3,5224484,22,1381,0,1,0,115,18,14486709364,33625733630,34164081974
1790905872,46655780,103042965504,0,0,0,0,0,3,3,5230061,22,1388,0,1,0,115,18,14486709364,33625733630,34164081974
1790905873,46667512,103060127744,0,0,0,0,0,3,3,5230061,22,1388,0,1,0,115,18,14486709364,33625733630,34164081974
1790905874,46593608,103059271680,0,0,0,0,0,3,3,5235598,22,1397,0,1,0,115,18,14486709364,33625733630,34164081974
1790905875,46418476,103068950528,0,0,0,0,0,3,3,5235598,22,1397,0,1,0,115,18,14486709364,33625733630,34164081974
1790905876,46431608,103074668544,0,0,0,0,0,3,3,5240384,22,1412,0,1,0,115,18,14486709364,33625733630,34164081974
1790905877,46453456,103066525696,0,0,0,0,0,3,3,5240384,22,1412,0,1,0,115,18,14486709364,33625733630,34164081974
1790905878,46422704,103072477184,0,0,0,0,0,3,3,5246220,22,1420,0,1,0,115,18,14486709364,33625733630,34164081974
1790905879,46387172,103078961152,0,0,0,0,0,3,3,5246220,22,1420,0,1,0,115,18,14486709364,33625733630,34164081974
1790905881,46435768,103075921920,0,0,0,0,0,3,3,5254208,22,1428,0,1,0,115,18,14486709364,33625733630,34164081974
1790905882,46444988,103075405824,0,0,0,0,0,3,3,5254208,22,1428,0,1,0,115,18,14486709364,33625733630,34164081974
1790905883,46430776,99099471872,0,0,0,0,0,3,3,5262718,23,1398,0,1,0,115,19,14486709364,36129388672,36754312597
1790905884,46466148,95356989440,0,0,0,0,0,3,3,5262718,23,1398,0,1,0,115,19,14486709364,36129388672,36754312597
1790905885,46526600,92761444352,0,0,0,0,0,3,3,5271810,26,1355,0,0,0,115,22,14486709364,46705202871,47542364656
1790905886,46575784,93441970176,0,0,0,0,0,3,3,5282506,26,1350,0,0,0,115,22,14486709364,46705202871,47542364656
1790905887,46649932,91586764800,0,0,0,0,0,3,3,5282506,26,1350,0,0,0,115,22,14486709364,46705202871,47542364656
1790905888,46720944,92226605056,0,0,0,0,0,3,3,5294584,27,1311,0,0,0,115,23,14486709364,49209713439,50133792175
1790905889,46817204,92889395200,0,0,0,0,0,3,3,5294584,27,1311,0,0,0,115,23,14486709364,49209713439,50133792175
1790905890,46908472,93540147200,0,0,0,0,0,3,3,5306623,27,1311,0,0,0,115,23,14486709364,49209713439,50133792175
1790905891,46972848,94186557440,0,0,0,0,0,3,3,5306623,27,1311,0,0,0,115,23,14486709364,49209713439,50133792175
1790905892,47064368,94865670144,0,0,0,0,0,3,3,5318874,27,1311,0,0,0,115,23,14486709364,49209713439,50133792175
1790905893,47127180,95506997248,0,0,0,0,0,3,3,5318874,27,1311,0,0,0,115,23,14486709364,49209713439,50133792175
1790905894,47144948,96104316928,0,0,0,0,0,3,3,5331490,27,1311,0,0,0,115,23,14486709364,49209713439,50133792175
1790905895,47193004,96732962816,0,0,0,0,0,3,3,5331490,27,1311,0,0,0,115,23,14486709364,49209713439,50133792175
1790905896,47241028,97352351744,0,0,0,0,0,3,3,5344152,27,1311,0,0,0,115,23,14486709364,49209713439,50133792175
1790905897,47271616,97942306816,0,0,0,0,0,3,3,5344152,27,1311,0,0,0,115,23,14486709364,49209713439,50133792175
1790905898,47338108,98592493568,0,0,0,0,0,3,3,5356853,27,1311,0,0,0,115,23,14486709364,49209713439,50133792175
1790905899,47383364,99204665344,0,0,0,0,0,3,3,5356853,27,1311,0,0,0,115,23,14486709364,49209713439,50133792175
1790905900,47441340,99833839616,0,0,0,0,0,3,3,5369528,27,1311,0,0,0,115,23,14486709364,49209713439,50133792175
1790905902,47481776,100437995520,0,0,0,0,0,3,3,5369528,27,1311,0,0,0,115,23,14486709364,49209713439,50133792175
1790905903,47535468,101056851968,0,0,0,0,0,3,3,5382179,27,1311,0,0,0,115,23,14486709364,49209713439,50133792175
1790905904,47557340,101645762560,0,0,0,0,0,3,3,5382179,27,1311,0,0,0,115,23,14486709364,49209713439,50133792175
1790905905,47595684,102251819008,0,0,0,0,0,3,3,5394970,27,1311,0,0,0,115,23,14486709364,49209713439,50133792175
1790905906,47648844,102880092160,0,0,0,0,0,3,3,5394970,27,1311,0,0,0,115,23,14486709364,49209713439,50133792175
1790905907,47678020,103054417920,0,0,0,0,0,3,3,5407706,27,1311,0,0,0,115,23,14486709364,49209713439,50133792175
1790905908,47715868,103065468928,0,0,0,0,0,3,3,5407706,27,1311,0,0,0,115,23,14486709364,49209713439,50133792175
1790905909,47751148,103042379776,0,0,0,0,0,3,3,5420358,27,1311,0,0,0,115,23,14486709364,49209713439,50133792175
1790905910,47775580,103073054720,0,0,0,0,0,3,3,5433048,27,1311,0,0,0,115,23,14486709364,49209713439,50133792175
1790905911,47805060,103079133184,0,0,0,0,0,3,3,5433048,27,1311,0,0,0,115,23,14486709364,49209713439,50133792175
1790905912,47828912,103051546624,0,0,0,0,0,3,3,5444861,27,1311,0,0,0,115,23,14486709364,49209713439,50133792175
1790905913,47842268,103056928768,0,0,0,0,0,3,3,5444861,27,1311,0,0,0,115,23,14486709364,49209713439,50133792175
1790905914,47877992,103064768512,0,0,0,0,0,3,3,5456939,27,1311,0,0,0,115,23,14486709364,49209713439,50133792175
1790905915,47924452,103069691904,0,0,0,0,0,3,3,5456939,27,1311,0,0,0,115,23,14486709364,49209713439,50133792175
1790905916,47956592,103074336768,0,0,0,0,0,3,3,5469510,27,1311,0,0,0,115,23,14486709364,49209713439,50133792175
1790905917,47983872,103068876800,0,0,0,0,0,3,3,5469510,27,1311,0,0,0,115,23,14486709364,49209713439,50133792175
1790905918,48023976,103041634304,0,0,0,0,0,3,3,5482054,27,1311,0,0,0,115,23,14486709364,49209713439,50133792175
1790905919,48061364,103071854592,0,0,0,0,0,3,3,5482054,27,1311,0,0,0,115,23,14486709364,49209713439,50133792175
1790905920,48096780,103076839424,0,0,0,0,0,3,3,5494448,27,1311,0,0,0,115,23,14486709364,49209713439,50133792175
1790905921,48132600,103074115584,0,0,0,0,0,3,3,5494448,27,1311,0,0,0,115,23,14486709364,49209713439,50133792175
1790905923,48173580,103075250176,0,0,0,0,0,3,3,5507155,27,1311,0,0,0,115,23,14486709364,49209713439,50133792175
1790905924,48197488,103075008512,0,0,0,0,0,3,3,5507155,27,1311,0,0,0,115,23,14486709364,49209713439,50133792175
1790905925,48247080,103054639104,0,0,0,0,0,3,3,5519838,27,1311,0,0,0,115,23,14486709364,49209713439,50133792175
1790905926,48293860,103076904960,0,0,0,0,0,3,3,5519838,27,1311,0,0,0,115,23,14486709364,49209713439,50133792175
1790905927,48353492,103060631552,0,0,0,0,0,3,3,5532499,27,1311,0,0,0,115,23,14486709364,49209713439,50133792175
1790905928,48422292,103047643136,0,0,0,0,0,3,3,5532499,27,1311,0,0,0,115,23,14486709364,49209713439,50133792175
1790905929,48452600,103073046528,0,0,0,0,0,3,3,5545170,27,1311,0,0,0,115,23,14486709364,49209713439,50133792175
1790905930,48519200,103076597760,0,0,0,0,0,3,3,5545170,27,1311,0,0,0,115,23,14486709364,49209713439,50133792175
1790905931,48560812,103077130240,0,0,0,0,0,3,3,5557759,27,1311,0,0,0,115,23,14486709364,49209713439,50133792175
1790905932,48601596,103069671424,0,0,0,0,0,3,3,5570432,27,1311,0,0,0,115,23,14486709364,49209713439,50133792175
1790905933,48650116,103033688064,0,0,0,0,0,3,3,5570432,27,1311,0,0,0,115,23,14486709364,49209713439,50133792175
1790905934,48683608,103061037056,0,0,0,0,0,3,3,5583092,27,1311,0,0,0,115,23,14486709364,49209713439,50133792175
1790905935,48719612,103063400448,0,0,0,0,0,3,3,5583092,27,1311,0,0,0,115,23,14486709364,49209713439,50133792175
1790905936,48741976,103058468864,0,0,0,0,0,3,3,5595731,27,1311,0,0,0,115,23,14486709364,49209713439,50133792175
1790905937,48778268,103059726336,0,0,0,0,0,3,3,5595731,27,1311,0,0,0,115,23,14486709364,49209713439,50133792175
1790905938,48802376,103059640320,0,0,0,0,0,3,3,5608440,27,1311,0,0,0,115,23,14486709364,49209713439,50133792175
1790905939,48815080,103051538432,0,0,0,0,0,3,3,5608440,27,1311,0,0,0,115,23,14486709364,49209713439,50133792175
1790905940,48847648,103064862720,0,0,0,0,0,3,3,5621228,27,1311,0,0,0,115,23,14486709364,49209713439,50133792175
1790905941,48874612,103072083968,0,0,0,0,0,3,3,5621228,27,1311,0,0,0,115,23,14486709364,49209713439,50133792175
1790905942,48907612,103060295680,0,0,0,0,0,3,3,5633808,27,1311,0,0,0,115,23,14486709364,49209713439,50133792175
1790905944,48931460,103073894400,0,0,0,0,0,3,3,5633808,27,1311,0,0,0,115,23,14486709364,49209713439,50133792175
1790905945,48968092,103066595328,0,0,0,0,0,3,3,5646510,27,1311,0,0,0,115,23,14486709364,49209713439,50133792175
1790905946,49010236,103060303872,0,0,0,0,0,3,3,5646510,27,1311,0,0,0,115,23,14486709364,49209713439,50133792175
1790905947,49027468,103079100416,0,0,0,0,0,3,3,5659058,27,1311,0,0,0,115,23,14486709364,49209713439,50133792175
1790905948,49065700,103050121216,0,0,0,0,0,3,3,5659058,27,1311,0,0,0,115,23,14486709364,49209713439,50133792175
1790905949,49098600,103068864512,0,0,0,0,0,3,3,5671799,27,1311,0,0,0,115,23,14486709364,49209713439,50133792175
1790905950,49129868,103077912576,0,0,0,0,0,3,3,5671799,27,1311,0,0,0,115,23,14486709364,49209713439,50133792175
1790905951,49159012,103073562624,0,0,0,0,0,3,3,5684472,27,1311,0,0,0,115,23,14486709364,49209713439,50133792175
1790905952,49179472,103061860352,0,0,0,0,0,3,3,5684472,27,1311,0,0,0,115,23,14486709364,49209713439,50133792175
1790905953,49203076,103079030784,0,0,0,0,0,3,3,5697066,27,1311,0,0,0,115,23,14486709364,49209713439,50133792175
1790905954,49221528,103070273536,0,0,0,0,0,3,3,5697066,27,1311,0,0,0,115,23,14486709364,49209713439,50133792175
1790905955,49242828,103074095104,0,0,0,0,0,3,3,5709766,27,1311,0,0,0,115,23,14486709364,49209713439,50133792175
1790905956,49270804,103077216256,0,0,0,0,0,3,3,5722259,27,1311,0,0,0,115,23,14486709364,49209713439,50133792175
1790905957,49290352,103078952960,0,0,0,0,0,3,3,5722259,27,1311,0,0,0,115,23,14486709364,49209713439,50133792175
1790905958,49308708,103061397504,0,0,0,0,0,3,3,5734832,27,1311,0,0,0,115,23,14486709364,49209713439,50133792175
1790905959,49336848,103067267072,0,0,0,0,0,3,3,5734832,27,1311,0,0,0,115,23,14486709364,49209713439,50133792175
1790905960,49367120,103069687808,0,0,0,0,0,3,3,5747432,27,1311,0,0,0,115,23,14486709364,49209713439,50133792175
1790905961,49401704,103065153536,0,0,0,0,0,3,3,5747432,27,1311,0,0,0,115,23,14486709364,49209713439,50133792175
1790905962,49424008,103058915328,0,0,0,0,0,3,3,5760097,27,1311,0,0,0,115,23,14486709364,49209713439,50133792175
1790905963,49441312,103058460672,0,0,0,0,0,3,3,5760097,27,1311,0,0,0,115,23,14486709364,49209713439,50133792175
1790905965,49475948,103070871552,0,0,0,0,0,3,3,5772833,27,1311,0,0,0,115,23,14486709364,49209713439,50133792175
1790905966,49487792,103076896768,0,0,0,0,0,3,3,5772833,27,1311,0,0,0,115,23,14486709364,49209713439,50133792175
1790905967,49512228,103056093184,0,0,0,0,0,3,3,5785440,27,1311,0,0,0,115,23,14486709364,49209713439,50133792175
1790905968,49544828,103051501568,0,0,0,0,0,3,3,5785440,27,1311,0,0,0,115,23,14486709364,49209713439,50133792175
1790905969,49574528,103077498880,0,0,0,0,0,3,3,5798206,27,1311,0,0,0,115,23,14486709364,49209713439,50133792175
1790905970,49620992,103068758016,0,0,0,0,0,3,3,5798206,27,1311,0,0,0,115,23,14486709364,49209713439,50133792175
1790905971,49655256,103053766656,0,0,0,0,0,3,3,5810788,27,1311,0,0,0,115,23,14486709364,49209713439,50133792175
1790905972,49703160,103071789056,0,0,0,0,0,3,3,5810788,27,1311,0,0,0,115,23,14486709364,49209713439,50133792175
1790905973,49745256,103062044672,0,0,0,0,0,3,3,5823399,27,1311,0,0,0,115,23,14486709364,49209713439,50133792175
1790905974,49794804,103079153664,0,0,0,0,0,3,3,5823399,27,1311,0,0,0,115,23,14486709364,49209713439,50133792175
1790905975,49839932,103072829440,0,0,0,0,0,3,3,5836032,27,1311,0,0,0,115,23,14486709364,49209713439,50133792175
1790905976,49882380,103069347840,0,0,0,0,0,3,3,5836032,27,1311,0,0,0,115,23,14486709364,49209713439,50133792175
1790905977,49930380,103047131136,0,0,0,0,0,3,3,5848627,27,1311,0,0,0,115,23,14486709364,49209713439,50133792175
1790905978,49970604,103079194624,0,0,0,0,0,3,3,5861213,27,1311,0,0,0,115,23,14486709364,49209713439,50133792175
1790905979,50018528,103068262400,0,0,0,0,0,3,3,5861213,27,1311,0,0,0,115,23,14486709364,49209713439,50133792175
1790905980,50045416,103030349824,0,0,0,0,0,3,3,5873990,27,1311,0,0,0,115,23,14486709364,49209713439,50133792175
1790905981,50074792,103069634560,0,0,0,0,0,3,3,5873990,27,1311,0,0,0,115,23,14486709364,49209713439,50133792175
1790905982,50112496,103065448448,0,0,0,0,0,3,3,5886550,27,1311,0,0,0,115,23,14486709364,49209713439,50133792175
1790905983,50152912,103051083776,0,0,0,0,0,3,3,5886550,27,1311,0,0,0,115,23,14486709364,49209713439,50133792175
1790905984,50192436,103071846400,0,0,0,0,0,3,3,5899264,27,1311,0,0,0,115,23,14486709364,49209713439,50133792175
1790905986,50244784,103065350144,0,0,0,0,0,3,3,5899264,27,1311,0,0,0,115,23,14486709364,49209713439,50133792175
1790905987,50306916,103049326592,0,0,0,0,0,3,3,5911895,27,1311,0,0,0,115,23,14486709364,49209713439,50133792175
1790905988,50367084,103069708288,0,0,0,0,0,3,3,5911895,27,1311,0,0,0,115,23,14486709364,49209713439,50133792175
1790905989,50407712,103046963200,0,0,0,0,0,3,3,5924464,27,1311,0,0,0,115,23,14486709364,49209713439,50133792175
1790905990,50465532,103076032512,0,0,0,0,0,3,3,5924464,27,1311,0,0,0,115,23,14486709364,49209713439,50133792175
1790905991,50514580,103061987328,0,0,0,0,0,3,3,5937043,27,1311,0,0,0,115,23,14486709364,49209713439,50133792175
1790905992,50558164,103061565440,0,0,0,0,0,3,3,5937043,27,1311,0,0,0,115,23,14486709364,49209713439,50133792175
1790905993,50596032,103063486464,0,0,0,0,0,3,3,5949423,27,1311,0,0,0,115,23,14486709364,49209713439,50133792175
1790905994,50655400,103068504064,0,0,0,0,0,3,3,5949423,27,1311,0,0,0,115,23,14486709364,49209713439,50133792175
1790905995,50705664,103057092608,0,0,0,0,0,3,3,5962217,27,1311,0,0,0,115,23,14486709364,49209713439,50133792175
1790905996,50735256,103062188032,0,0,0,0,0,3,3,5962217,27,1311,0,0,0,115,23,14486709364,49209713439,50133792175
1790905997,50786676,103073189888,0,0,0,0,0,3,3,5974837,27,1311,0,0,0,115,23,14486709364,49209713439,50133792175
1790905998,50835912,103072083968,0,0,0,0,0,3,3,5974837,27,1311,0,0,0,115,23,14486709364,49209713439,50133792175
1790905999,50876120,103075741696,0,0,0,0,0,3,3,5987561,27,1311,0,0,0,115,23,14486709364,49209713439,50133792175
1790906000,50902036,103079145472,0,0,0,0,0,3,3,6000032,27,1311,0,0,0,115,23,14486709364,49209713439,50133792175
1790906001,50950840,103072407552,0,0,0,0,0,3,3,6000032,27,1311,0,0,0,115,23,14486709364,49209713439,50133792175
1790906002,51000684,103060430848,0,0,0,0,0,3,3,6012600,27,1311,0,0,0,115,23,14486709364,49209713439,50133792175
1790906003,51039244,103070765056,0,0,0,0,0,3,3,6012600,27,1311,0,0,0,115,23,14486709364,49209713439,50133792175
1790906004,51091000,103070887936,0,0,0,0,0,3,3,6025275,27,1311,0,0,0,115,23,14486709364,49209713439,50133792175
1790906005,51135096,103051816960,0,0,0,0,0,3,3,6025275,27,1311,0,0,0,115,23,14486709364,49209713439,50133792175
1790906007,51190764,103078137856,0,0,0,0,0,3,3,6037935,27,1311,0,0,0,115,23,14486709364,49209713439,50133792175
1790906008,51236512,103064330240,0,0,0,0,0,3,3,6037935,27,1311,0,0,0,115,23,14486709364,49209713439,50133792175
1790906009,51302436,103064526848,0,0,0,0,0,3,3,6050689,27,1311,0,0,0,115,23,14486709364,49209713439,50133792175
1790906010,51356664,103074213888,0,0,0,0,0,3,3,6050689,27,1311,0,0,0,115,23,14486709364,49209713439,50133792175
1790906011,51402884,103058251776,0,0,0,0,0,3,3,6063167,27,1311,0,0,0,115,23,14486709364,49209713439,50133792175
1790906012,51472084,103077888000,0,0,0,0,0,3,3,6063167,27,1311,0,0,0,115,23,14486709364,49209713439,50133792175
1790906013,51527192,103027912704,0,0,0,0,0,3,3,6075785,27,1311,0,0,0,115,23,14486709364,49209713439,50133792175
1790906014,51590812,103077908480,0,0,0,0,0,3,3,6075785,27,1311,0,0,0,115,23,14486709364,49209713439,50133792175
1790906015,51638964,103026171904,0,0,0,0,0,3,3,6088489,27,1311,0,0,0,115,23,14486709364,49209713439,50133792175
1790906016,51692612,103065493504,0,0,0,0,0,3,3,6088489,27,1311,0,0,0,115,23,14486709364,49209713439,50133792175
1790906017,51732720,103075045376,0,0,0,0,0,3,3,6101078,27,1311,0,0,0,115,23,14486709364,49209713439,50133792175
1790906018,51777144,103063957504,0,0,0,0,0,3,3,6101078,27,1311,0,0,0,115,23,14486709364,49209713439,50133792175
1790906019,51834200,103073865728,0,0,0,0,0,3,3,6113839,27,1311,0,0,0,115,23,14486709364,49209713439,50133792175
1790906020,51853404,103062257664,0,0,0,0,0,3,3,6113839,27,1311,0,0,0,115,23,14486709364,49209713439,50133792175
1790906021,51878628,103069220864,0,0,0,0,0,3,3,6126420,27,1311,0,0,0,115,23,14486709364,49209713439,50133792175
1790906022,51917876,103072768000,0,0,0,0,0,3,3,6126420,27,1311,0,0,0,115,23,14486709364,49209713439,50133792175
1790906023,51959716,103052279808,0,0,0,0,0,3,3,6139045,27,1311,0,0,0,115,23,14486709364,49209713439,50133792175
1790906024,51986852,103072681984,0,0,0,0,0,3,3,6151594,27,1311,0,0,0,115,23,14486709364,49209713439,50133792175
1790906025,52014196,103072825344,0,0,0,0,0,3,3,6151594,27,1311,0,0,0,115,23,14486709364,49209713439,50133792175
1790906026,52018324,103065395200,0,0,0,0,0,3,3,6164165,27,1311,0,0,0,115,23,14486709364,49209713439,50133792175
1790906028,52020920,103075942400,0,0,0,0,0,3,3,6164165,27,1311,0,0,0,115,23,14486709364,49209713439,50133792175
1790906029,52035928,103064915968,0,0,0,0,0,3,3,6176616,27,1311,0,0,0,115,23,14486709364,49209713439,50133792175
1790906030,52053912,103054446592,0,0,0,0,0,3,3,6176616,27,1311,0,0,0,115,23,14486709364,49209713439,50133792175
1790906031,52053424,103070617600,0,0,0,0,0,3,3,6189324,27,1311,0,0,0,115,23,14486709364,49209713439,50133792175
1790906032,52087960,103067131904,0,0,0,0,0,3,3,6189324,27,1311,0,0,0,115,23,14486709364,49209713439,50133792175
1790906033,52117424,103072059392,0,0,0,0,0,3,3,6201966,27,1311,0,0,0,115,23,14486709364,49209713439,50133792175
1790906034,52153432,103041761280,0,0,0,0,0,3,3,6201966,27,1311,0,0,0,115,23,14486709364,49209713439,50133792175
1790906035,52164872,103063871488,0,0,0,0,0,3,3,6214741,27,1311,0,0,0,115,23,14486709364,49209713439,50133792175
1790906036,52195488,103068295168,0,0,0,0,0,3,3,6214741,27,1311,0,0,0,115,23,14486709364,49209713439,50133792175
1790906037,52229892,103050235904,0,0,0,0,0,3,3,6227396,27,1311,0,0,0,115,23,14486709364,49209713439,50133792175
1790906038,52257028,103079157760,0,0,0,0,0,3,3,6227396,27,1311,0,0,0,115,23,14486709364,49209713439,50133792175
1790906039,52296364,103050272768,0,0,0,0,0,3,3,6239893,27,1311,0,0,0,115,23,14486709364,49209713439,50133792175
1790906040,52327216,103074852864,0,0,0,0,0,3,3,6239893,27,1311,0,0,0,115,23,14486709364,49209713439,50133792175
1790906041,52363816,103057076224,0,0,0,0,0,3,3,6252638,27,1311,0,0,0,115,23,14486709364,49209713439,50133792175
1790906042,52406412,103062974464,0,0,0,0,0,3,3,6252638,27,1311,0,0,0,115,23,14486709364,49209713439,50133792175
1790906043,52431804,103069331456,0,0,0,0,0,3,3,6265324,27,1311,0,0,0,115,23,14486709364,49209713439,50133792175
1790906044,52446856,103074516992,0,0,0,0,0,3,3,6265324,27,1311,0,0,0,115,23,14486709364,49209713439,50133792175
1790906045,52457220,103053533184,0,0,0,0,0,3,3,6278135,27,1311,0,0,0,115,23,14486709364,49209713439,50133792175
1790906046,52483452,103063109632,0,0,0,0,0,3,3,6290898,27,1311,0,0,0,115,23,14486709364,49209713439,50133792175
1790906047,52500408,103079075840,0,0,0,0,0,3,3,6290898,27,1311,0,0,0,115,23,14486709364,49209713439,50133792175
1790906049,52521812,103072604160,0,0,0,0,0,3,3,6303491,27,1311,0,0,0,115,23,14486709364,49209713439,50133792175
1790906050,52527388,103046750208,0,0,0,0,0,3,3,6303491,27,1311,0,0,0,115,23,14486709364,49209713439,50133792175
1790906051,52531632,103067480064,0,0,0,0,0,3,3,6316214,27,1311,0,0,0,115,23,14486709364,49209713439,50133792175
1790906052,52544692,103053889536,0,0,0,0,0,3,3,6316214,27,1311,0,0,0,115,23,14486709364,49209713439,50133792175
1790906053,52560908,103042674688,0,0,0,0,0,3,3,6328833,27,1311,0,0,0,115,23,14486709364,49209713439,50133792175
1790906054,52580624,103078043648,0,0,0,0,0,3,3,6328833,27,1311,0,0,0,115,23,14486709364,49209713439,50133792175
1790906055,52597172,103079170048,0,0,0,0,0,3,3,6341347,27,1311,0,0,0,115,23,14486709364,49209713439,50133792175
1790906056,52622652,103070248960,0,0,0,0,0,3,3,6341347,27,1311,0,0,0,115,23,14486709364,49209713439,50133792175
1790906057,52631936,103077076992,0,0,0,0,0,3,3,6353996,27,1311,0,0,0,115,23,14486709364,49209713439,50133792175
1790906058,52653272,103063416832,0,0,0,0,0,3,3,6353996,27,1311,0,0,0,115,23,14486709364,49209713439,50133792175
1790906059,52691872,103062315008,0,0,0,0,0,3,3,6366427,27,1311,0,0,0,115,23,14486709364,49209713439,50133792175
1790906060,52718652,103056314368,0,0,0,0,0,3,3,6366427,27,1311,0,0,0,115,23,14486709364,49209713439,50133792175
1790906061,52739416,103076741120,0,0,0,0,0,3,3,6379001,27,1311,0,0,0,115,23,14486709364,49209713439,50133792175
1790906062,52763304,103078821888,0,0,0,0,0,3,3,6379001,27,1311,0,0,0,115,23,14486709364,49209713439,50133792175
1790906063,52784396,103070187520,0,0,0,0,0,3,3,6391586,27,1311,0,0,0,115,23,14486709364,49209713439,50133792175
1790906064,52822212,103077351424,0,0,0,0,0,3,3,6391586,27,1311,0,0,0,115,23,14486709364,49209713439,50133792175
1790906065,52862212,103072223232,0,0,0,0,0,3,3,6404188,27,1311,0,0,0,115,23,14486709364,49209713439,50133792175
1790906066,52894528,103066411008,0,0,0,0,0,3,3,6404188,27,1311,0,0,0,115,23,14486709364,49209713439,50133792175
1790906067,52931372,103078731776,0,0,0,0,0,3,3,6416687,27,1311,0,0,0,115,23,14486709364,49209713439,50133792175
1790906068,52977412,103059046400,0,0,0,0,0,3,3,6429293,27,1311,0,0,0,115,23,14486709364,49209713439,50133792175
1790906070,53012776,103070896128,0,0,0,0,0,3,3,6429293,27,1311,0,0,0,115,23,14486709364,49209713439,50133792175
1790906071,53044028,103073542144,0,0,0,0,0,3,3,6441802,27,1311,0,0,0,115,23,14486709364,49209713439,50133792175
1790906072,53075448,103070883840,0,0,0,0,0,3,3,6441802,27,1311,0,0,0,115,23,14486709364,49209713439,50133792175
1790906073,53120228,103078105088,0,0,0,0,0,3,3,6454439,27,1311,0,0,0,115,23,14486709364,49209713439,50133792175
1790906074,53153004,103067336704,0,0,0,0,0,3,3,6454439,27,1311,0,0,0,115,23,14486709364,49209713439,50133792175
1790906075,53182288,103064481792,0,0,0,0,0,3,3,6467028,27,1311,0,0,0,115,23,14486709364,49209713439,50133792175
1790906076,53218772,103077040128,0,0,0,0,0,3,3,6467028,27,1311,0,0,0,115,23,14486709364,49209713439,50133792175
1790906077,53255132,103071367168,0,0,0,0,0,3,3,6479592,27,1311,0,0,0,115,23,14486709364,49209713439,50133792175
1790906078,53278008,103055740928,0,0,0,0,0,3,3,6479592,27,1311,0,0,0,115,23,14486709364,49209713439,50133792175
1790906079,53314920,103072104448,0,0,0,0,0,3,3,6492236,27,1311,0,0,0,115,23,14486709364,49209713439,50133792175
1790906080,53334344,103069241344,0,0,0,0,0,3,3,6492236,27,1311,0,0,0,115,23,14486709364,49209713439,50133792175
1790906081,53352528,103079059456,0,0,0,0,0,3,3,6504861,27,1311,0,0,0,115,23,14486709364,49209713439,50133792175
1790906082,53354604,103065010176,0,0,0,0,0,3,3,6504861,27,1311,0,0,0,115,23,14486709364,49209713439,50133792175
1790906083,53372668,103046021120,0,0,0,0,0,3,3,6517493,27,1311,0,0,0,115,23,14486709364,49209713439,50133792175
1790906084,53399116,103066947584,0,0,0,0,0,3,3,6517493,27,1311,0,0,0,115,23,14486709364,49209713439,50133792175
1790906085,53437300,103063732224,0,0,0,0,0,3,3,6530187,27,1311,0,0,0,115,23,14486709364,49209713439,50133792175
1790906086,53458276,103078666240,0,0,0,0,0,3,3,6530187,27,1311,0,0,0,115,23,14486709364,49209713439,50133792175
1790906087,53484932,103076958208,0,0,0,0,0,3,3,6542709,27,1311,0,0,0,115,23,14486709364,49209713439,50133792175
1790906088,53513468,103042363392,0,0,0,0,0,3,3,6542709,27,1311,0,0,0,115,23,14486709364,49209713439,50133792175
1790906089,53563080,103070941184,0,0,0,0,0,3,3,6555299,27,1311,0,0,0,115,23,14486709364,49209713439,50133792175
1790906091,53612356,103057862656,0,0,0,0,0,3,3,6567689,27,1311,0,0,0,115,23,14486709364,49209713439,50133792175
1790906092,53664748,103060992000,0,0,0,0,0,3,3,6567689,27,1311,0,0,0,115,23,14486709364,49209713439,50133792175
1790906093,53705528,103079010304,0,0,0,0,0,3,3,6580329,27,1311,0,0,0,115,23,14486709364,49209713439,50133792175
1790906094,53756272,103072337920,0,0,0,0,0,3,3,6580329,27,1311,0,0,0,115,23,14486709364,49209713439,50133792175
1790906095,53812920,103062024192,0,0,0,0,0,3,3,6592771,27,1311,0,0,0,115,23,14486709364,49209713439,50133792175
1790906096,53865868,103056699392,0,0,0,0,0,3,3,6592771,27,1311,0,0,0,115,23,14486709364,49209713439,50133792175
1790906097,53920328,103050362880,0,0,0,0,0,3,3,6605362,27,1311,0,0,0,115,23,14486709364,49209713439,50133792175
1790906098,53962940,103056723968,0,0,0,0,0,3,3,6605362,27,1311,0,0,0,115,23,14486709364,49209713439,50133792175
1790906099,54030944,103073714176,0,0,0,0,0,3,3,6617988,27,1311,0,0,0,115,23,14486709364,49209713439,50133792175
1790906100,54086908,103056461824,0,0,0,0,0,3,3,6617988,27,1311,0,0,0,115,23,14486709364,49209713439,50133792175
1790906101,54117472,103057588224,0,0,0,0,0,3,3,6630676,27,1311,0,0,0,115,23,14486709364,49209713439,50133792175
1790906102,54191920,103073406976,0,0,0,0,0,3,3,6630676,27,1311,0,0,0,115,23,14486709364,49209713439,50133792175
1790906103,54240740,103075037184,0,0,0,0,0,3,3,6643150,27,1311,0,0,0,115,23,14486709364,49209713439,50133792175
1790906104,54311104,103052763136,0,0,0,0,0,3,3,6643150,27,1311,0,0,0,115,23,14486709364,49209713439,50133792175
1790906105,54363036,103076339712,0,0,0,0,0,3,3,6655680,27,1311,0,0,0,115,23,14486709364,49209713439,50133792175
1790906106,54415524,103053127680,0,0,0,0,0,3,3,6655680,27,1311,0,0,0,115,23,14486709364,49209713439,50133792175
1790906107,54462540,103073607680,0,0,0,0,0,3,3,6668251,27,1311,0,0,0,115,23,14486709364,49209713439,50133792175
1790906108,54517128,103077847040,0,0,0,0,0,3,3,6668251,27,1311,0,0,0,115,23,14486709364,49209713439,50133792175
1790906109,54552928,103067095040,0,0,0,0,0,3,3,6680805,27,1311,0,0,0,115,23,14486709364,49209713439,50133792175
1790906110,54583504,103057367040,0,0,0,0,0,3,3,6680805,27,1311,0,0,0,115,23,14486709364,49209713439,50133792175
1790906112,54617184,103057186816,0,0,0,0,0,3,3,6693432,27,1311,0,0,0,115,23,14486709364,49209713439,50133792175
1790906113,54665372,103058546688,0,0,0,0,0,3,3,6693432,27,1311,0,0,0,115,23,14486709364,49209713439,50133792175
1790906114,54715416,103074480128,0,0,0,0,0,3,3,6706124,27,1311,0,0,0,115,23,14486709364,49209713439,50133792175
1790906115,54753940,103074119680,0,0,0,0,0,3,3,6718716,27,1311,0,0,0,115,23,14486709364,49209713439,50133792175
1790906116,54773140,103038459904,0,0,0,0,0,3,3,6718716,27,1311,0,0,0,115,23,14486709364,49209713439,50133792175
1790906117,54813632,103061291008,0,0,0,0,0,3,3,6731304,27,1311,0,0,0,115,23,14486709364,49209713439,50133792175
1790906118,54848392,103067799552,0,0,0,0,0,3,3,6731304,27,1311,0,0,0,115,23,14486709364,49209713439,50133792175
1790906119,54861916,103057776640,0,0,0,0,0,3,3,6743864,27,1311,0,0,0,115,23,14486709364,49209713439,50133792175
1790906120,54907500,103052910592,0,0,0,0,0,3,3,6743864,27,1311,0,0,0,115,23,14486709364,49209713439,50133792175
1790906121,54941196,103055470592,0,0,0,0,0,3,3,6756428,27,1311,0,0,0,115,23,14486709364,49209713439,50133792175
1790906122,54991536,103078187008,0,0,0,0,0,3,3,6756428,27,1311,0,0,0,115,23,14486709364,49209713439,50133792175
1790906123,55017056,103034957824,0,0,0,0,0,3,3,6769046,27,1311,0,0,0,115,23,14486709364,49209713439,50133792175
1790906124,55030684,103075610624,0,0,0,0,0,3,3,6769046,27,1311,0,0,0,115,23,14486709364,49209713439,50133792175
1790906125,55069324,103076679680,0,0,0,0,0,4,4,6781060,27,1311,1,0,1,115,23,14486709364,49209713439,50133792175
1790906126,55077168,103019233280,0,0,0,0,0,4,4,6781060,27,1311,1,0,1,115,23,14486709364,49209713439,50133792175
1790906127,55113124,103048306688,0,0,0,0,0,4,4,6792578,27,1315,1,0,1,115,23,14486709364,49209713439,50133792175
1790906128,55132576,103071793152,0,0,0,0,0,4,4,6792578,27,1315,1,0,1,115,23,14486709364,49209713439,50133792175
1790906129,55164040,103052423168,0,0,0,0,0,4,4,6804014,27,1321,1,0,1,115,23,14486709364,49209713439,50133792175
1790906130,55191340,103074754560,0,0,0,0,0,4,4,6804014,27,1321,1,0,1,115,23,14486709364,49209713439,50133792175
1790906132,55224344,103058350080,0,0,0,0,0,4,4,6815288,27,1329,1,0,1,115,23,14486709364,49209713439,50133792175
1790906133,55265720,103075581952,0,0,0,0,0,4,4,6815288,27,1329,1,0,1,115,23,14486709364,49209713439,50133792175
1790906134,55294044,103047979008,0,0,0,0,0,4,4,6826532,27,1337,1,0,1,115,23,14486709364,49209713439,50133792175
1790906135,55343724,103042326528,0,0,0,0,0,4,4,6826532,27,1337,1,0,1,115,23,14486709364,49209713439,50133792175
1790906136,55391704,103070896128,0,0,0,0,0,4,4,6837811,27,1346,1,0,1,115,23,14486709364,49209713439,50133792175
1790906137,55431860,103075115008,0,0,0,0,0,4,4,6849037,27,1347,1,0,1,115,23,14486709364,49209713439,50133792175
1790906138,55476300,103065120768,0,0,0,0,0,4,4,6849037,27,1347,1,0,1,115,23,14486709364,49209713439,50133792175
1790906139,55505088,103045378048,0,0,0,0,0,4,4,6859968,27,1347,1,0,1,115,23,14486709364,49209713439,50133792175
1790906140,55565784,103079014400,0,0,0,0,0,4,4,6859968,27,1347,1,0,1,115,23,14486709364,49209713439,50133792175
1790906141,55573624,103078973440,0,0,0,0,0,4,4,6871257,27,1347,1,0,1,115,23,14486709364,49209713439,50133792175
1790906142,55597760,103078113280,0,0,0,0,0,4,4,6871257,27,1347,1,0,1,115,23,14486709364,49209713439,50133792175
1790906143,55613684,103060754432,0,0,0,0,0,4,4,6882587,27,1347,1,0,1,115,23,14486709364,49209713439,50133792175
1790906144,55617280,103065296896,0,0,0,0,0,4,4,6882587,27,1347,1,0,1,115,23,14486709364,49209713439,50133792175
1790906145,52126944,100343586816,0,0,0,0,0,4,4,6893357,29,1351,0,7,0,153,24,19313095417,49213090321,50140550101
1790906146,52039020,101407203328,0,0,0,0,0,4,4,6893357,29,1351,0,7,0,153,24,19313095417,49213090321,50140550101
1790906147,51732092,102213079040,0,0,0,0,0,4,4,6898876,29,1359,0,7,0,153,24,19313095417,49213090321,50140550101
1790906148,51166732,102742503424,0,0,0,0,0,4,4,6898876,29,1359,0,7,0,153,24,19313095417,49213090321,50140550101
1790906149,50477884,103051845632,0,0,0,0,0,4,4,6904286,29,1366,0,7,0,153,24,19313095417,49213090321,50140550101
1790906151,49858832,103057743872,0,0,0,0,0,4,4,6904286,29,1366,0,7,0,153,24,19313095417,49213090321,50140550101
1790906152,48963572,103073353728,0,0,0,0,0,4,4,6909842,29,1377,0,7,0,153,24,19313095417,49213090321,50140550101
1790906153,48496628,103077675008,0,0,0,0,0,4,4,6909842,29,1377,0,7,0,153,24,19313095417,49213090321,50140550101
1790906154,47976584,102969794560,0,0,0,0,0,4,4,6915618,29,1386,0,7,0,153,24,19313095417,49213090321,50140550101
1790906155,47713748,103073660928,0,0,0,0,0,4,4,6915618,29,1386,0,7,0,153,24,19313095417,49213090321,50140550101
1790906156,47555724,102983462912,0,0,0,0,0,4,4,6920220,29,1394,0,7,0,153,24,19313095417,49213090321,50140550101
1790906157,47450592,103059595264,0,0,0,0,0,4,4,6924474,29,1406,0,7,0,153,24,19313095417,49213090321,50140550101
1790906158,47464632,103068250112,0,0,0,0,0,4,4,6924474,29,1406,0,7,0,153,24,19313095417,49213090321,50140550101
1790906159,47452296,103069888512,0,0,0,0,0,4,4,6929907,29,1415,0,7,0,153,24,19313095417,49213090321,50140550101
1790906160,47435380,103077199872,0,0,0,0,0,4,4,6929907,29,1415,0,7,0,153,24,19313095417,49213090321,50140550101
1790906161,47383016,103077355520,0,0,0,0,0,4,4,6935506,29,1423,0,7,0,153,24,19313095417,49213090321,50140550101
1790906162,47357840,103070617600,0,0,0,0,0,4,4,6935506,29,1423,0,7,0,153,24,19313095417,49213090321,50140550101
1790906163,47350980,101480206336,0,0,0,0,0,4,4,6941379,30,1404,0,6,0,153,25,19313095417,51682194788,52664901235
1790906164,47391884,102682562560,0,0,0,0,0,4,4,6941379,30,1404,0,6,0,153,25,19313095417,51682194788,52664901235
1790906165,47443712,103078768640,0,0,0,0,0,4,4,6947331,30,1410,0,6,0,153,25,19313095417,51682194788,52664901235
1790906166,47483364,103075401728,0,0,0,0,0,4,4,6947331,30,1410,0,6,0,153,25,19313095417,51682194788,52664901235
1790906168,47507644,103075389440,0,0,0,0,0,4,4,6953305,30,1420,0,6,0,153,25,19313095417,51682194788,52664901235
1790906169,47518140,103061712896,0,0,0,0,0,4,4,6953305,30,1420,0,6,0,153,25,19313095417,51682194788,52664901235
1790906170,47552256,101621960704,0,0,0,0,0,4,4,6958718,31,1397,0,5,0,153,26,19313095417,54218636977,55316621624
1790906171,47586132,102854840320,0,0,0,0,0,4,4,6958718,31,1397,0,5,0,153,26,19313095417,54218636977,55316621624
1790906172,47614712,103078199296,0,0,0,0,0,4,4,6963218,31,1411,0,5,0,153,26,19313095417,54218636977,55316621624
1790906173,47630636,102390775808,0,0,0,0,0,4,4,6963218,31,1411,0,5,0,153,26,19313095417,54218636977,55316621624
1790906174,47668240,102040600576,0,0,0,0,0,4,4,6969226,32,1383,0,4,0,153,27,19313095417,56755098620,57970079238
1790906175,47682532,103058059264,0,0,0,0,0,4,4,6969226,32,1383,0,4,0,153,27,19313095417,56755098620,57970079238
1790906176,47732508,103076827136,0,0,0,0,0,4,4,6974924,32,1394,0,4,0,153,27,19313095417,56755098620,57970079238
1790906177,47769592,103077122048,0,0,0,0,0,4,4,6980611,32,1405,0,4,0,153,27,19313095417,56755098620,57970079238
1790906178,47807868,103070564352,0,0,0,0,0,4,4,6980611,32,1405,0,4,0,153,27,19313095417,56755098620,57970079238
1790906179,47864956,103078031360,0,0,0,0,0,4,4,6986486,32,1412,0,4,0,153,27,19313095417,56755098620,57970079238
1790906180,47905732,103045160960,0,0,0,0,0,4,4,6986486,32,1412,0,4,0,153,27,19313095417,56755098620,57970079238
1790906181,47947752,103061315584,0,0,0,0,0,4,4,6992333,32,1423,0,4,0,153,27,19313095417,56755098620,57970079238
1790906182,47953120,103057674240,0,0,0,0,0,4,4,6992333,32,1423,0,4,0,153,27,19313095417,56755098620,57970079238
1790906183,47981036,103077183488,0,0,0,0,0,4,4,6997588,32,1431,0,4,0,153,27,19313095417,56755098620,57970079238
1790906185,47985708,101299687424,0,0,0,0,0,4,4,6997588,32,1431,0,4,0,153,27,19313095417,56755098620,57970079238
1790906186,47999212,102509256704,0,0,0,0,0,4,4,7003492,33,1408,0,3,0,153,28,19313095417,59290768582,60622447223
1790906187,48025000,103078449152,0,0,0,0,0,4,4,7003492,33,1408,0,3,0,153,28,19313095417,59290768582,60622447223
1790906188,48023612,103045775360,0,0,0,0,0,4,4,7009469,33,1417,0,3,0,153,28,19313095417,59290768582,60622447223
1790906189,47999796,103069151232,0,0,0,0,0,4,4,7009469,33,1417,0,3,0,153,28,19313095417,59290768582,60622447223
1790906190,47990072,102407467008,0,0,0,0,0,4,4,7015155,33,1430,0,3,0,153,28,19313095417,59290768582,60622447223
1790906191,47998584,102416973824,0,0,0,0,0,4,4,7015155,33,1430,0,3,0,153,28,19313095417,59290768582,60622447223
1790906192,47989420,103076704256,0,0,0,0,0,4,4,7020096,35,1371,0,1,0,153,30,19313095417,64295214580,65797078452
1790906193,47995484,103048204288,0,0,0,0,0,4,4,7020096,35,1371,0,1,0,153,30,19313095417,64295214580,65797078452
1790906194,48008528,103065714688,0,0,0,0,0,4,4,7025721,35,1377,0,1,0,153,30,19313095417,64295214580,65797078452
1790906195,48020264,103043862528,0,0,0,0,0,4,4,7031486,35,1391,0,1,0,153,30,19313095417,64295214580,65797078452
1790906196,48011292,103069618176,0,0,0,0,0,4,4,7031486,35,1391,0,1,0,153,30,19313095417,64295214580,65797078452
1790906197,48017736,103060062208,0,0,0,0,0,4,4,7036448,35,1399,0,1,0,153,30,19313095417,64295214580,65797078452
1790906198,48041004,103075323904,0,0,0,0,0,4,4,7036448,35,1399,0,1,0,153,30,19313095417,64295214580,65797078452
1790906199,48054872,103066083328,0,0,0,0,0,4,4,7042112,35,1406,0,1,0,153,30,19313095417,64295214580,65797078452
1790906201,48070856,103077806080,0,0,0,0,0,4,4,7042112,35,1406,0,1,0,153,30,19313095417,64295214580,65797078452
1790906202,48109356,103064973312,0,0,0,0,0,4,4,7048749,35,1411,0,1,0,153,30,19313095417,64295214580,65797078452
1790906203,48130556,103058067456,0,0,0,0,0,4,4,7048749,35,1411,0,1,0,153,30,19313095417,64295214580,65797078452
1790906204,48128764,101005627392,0,0,0,0,0,4,4,7054601,35,1413,0,1,0,153,30,19313095417,64295214580,65797078452
1790906205,48146448,102661808128,0,0,0,0,0,4,4,7054601,35,1413,0,1,0,153,30,19313095417,64295214580,65797078452
1790906206,48171344,103065497600,0,0,0,0,0,4,4,7061551,37,1391,0,0,0,153,32,19313095417,66830964616,68448096397
1790906207,48178936,103074385920,0,0,0,0,0,4,4,7061551,37,1391,0,0,0,153,32,19313095417,66830964616,68448096397
1790906208,48198860,101953126400,0,0,0,0,0,4,4,7068419,38,1365,0,0,0,153,33,19313095417,69300087082,70972288771
1790906209,48230396,103056056320,0,0,0,0,0,4,4,7068419,38,1365,0,0,0,153,33,19313095417,69300087082,70972288771
1790906210,48271516,103064371200,0,0,0,0,0,4,4,7076906,38,1357,0,0,0,153,33,19313095417,69300087082,70972288771
1790906211,48303816,103077609472,0,0,0,0,0,4,4,7076906,38,1357,0,0,0,153,33,19313095417,69300087082,70972288771
1790906212,48321308,103063674880,0,0,0,0,0,4,4,7085128,38,1359,0,0,0,153,33,19313095417,69300087082,70972288771
1790906213,48358076,103057494016,0,0,0,0,0,4,4,7085128,38,1359,0,0,0,153,33,19313095417,69300087082,70972288771
1790906214,48386508,103069851648,0,0,0,0,0,4,4,7092959,38,1359,0,0,0,153,33,19313095417,69300087082,70972288771
1790906215,48417436,103078158336,0,0,0,0,0,4,4,7100432,38,1359,0,0,0,153,33,19313095417,69300087082,70972288771
1790906216,48465048,103057022976,0,0,0,0,0,4,4,7100432,38,1359,0,0,0,153,33,19313095417,69300087082,70972288771
1790906217,48520128,103064817664,0,0,0,0,0,4,4,7108883,38,1361,0,0,0,153,33,19313095417,69300087082,70972288771
1790906218,48550836,103078006784,0,0,0,0,0,4,4,7108883,38,1361,0,0,0,153,33,19313095417,69300087082,70972288771
1790906220,48567120,103066570752,0,0,0,0,0,4,4,7117343,38,1361,0,0,0,153,33,19313095417,69300087082,70972288771
1790906221,48627724,103060615168,0,0,0,0,0,4,4,7117343,38,1361,0,0,0,153,33,19313095417,69300087082,70972288771
1790906222,48665404,103048306688,0,0,0,0,0,4,4,7125504,38,1362,0,0,0,153,33,19313095417,69300087082,70972288771
1790906223,48720708,103053914112,0,0,0,0,0,4,4,7125504,38,1362,0,0,0,153,33,19313095417,69300087082,70972288771
1790906224,48769208,103072305152,0,0,0,0,0,4,4,7133425,38,1362,0,0,0,153,33,19313095417,69300087082,70972288771
1790906225,48801144,103054000128,0,0,0,0,0,4,4,7133425,38,1362,0,0,0,153,33,19313095417,69300087082,70972288771
1790906226,48838740,103036657664,0,0,0,0,0,4,4,7141787,38,1362,0,0,0,153,33,19313095417,69300087082,70972288771
1790906227,48903452,103029501952,0,0,0,0,0,4,4,7141787,38,1362,0,0,0,153,33,19313095417,69300087082,70972288771
1790906228,48938472,103062847488,0,0,0,0,0,4,4,7150217,38,1363,0,0,0,153,33,19313095417,69300087082,70972288771
1790906229,48963804,103043530752,0,0,0,0,0,4,4,7150217,38,1363,0,0,0,153,33,19313095417,69300087082,70972288771
1790906230,49019016,103063863296,0,0,0,0,0,4,4,7158173,38,1365,0,0,0,153,33,19313095417,69300087082,70972288771
1790906231,49031224,103064563712,0,0,0,0,0,4,4,7158173,38,1365,0,0,0,153,33,19313095417,69300087082,70972288771
1790906232,49051208,103051845632,0,0,0,0,0,4,4,7166386,38,1365,0,0,0,153,33,19313095417,69300087082,70972288771
1790906233,49068584,103036596224,0,0,0,0,0,4,4,7166386,38,1365,0,0,0,153,33,19313095417,69300087082,70972288771
1790906234,49106276,103057473536,0,0,0,0,0,4,4,7174507,38,1365,0,0,0,153,33,19313095417,69300087082,70972288771
1790906235,49137440,103068938240,0,0,0,0,0,4,4,7183528,38,1365,0,0,0,153,33,19313095417,69300087082,70972288771
1790906236,49168112,103072616448,0,0,0,0,0,4,4,7183528,38,1365,0,0,0,153,33,19313095417,69300087082,70972288771
1790906237,49178196,103067140096,0,0,0,0,0,4,4,7192553,38,1365,0,0,0,153,33,19313095417,69300087082,70972288771
1790906239,49240080,100934946816,0,0,0,0,0,4,4,7192553,38,1365,0,0,0,153,33,19313095417,69300087082,70972288771
1790906240,49284836,102648430592,0,0,0,0,0,4,4,7200992,39,1306,0,0,0,153,34,19313095417,74035328394,75865560465
1790906241,49309192,103054413824,0,0,0,0,0,4,4,7200992,39,1306,0,0,0,153,34,19313095417,74035328394,75865560465
1790906242,49338428,103069540352,0,0,0,0,0,4,4,7208902,39,1306,0,0,0,153,34,19313095417,74035328394,75865560465
1790906243,49360772,103067484160,0,0,0,0,0,4,4,7208902,39,1306,0,0,0,153,34,19313095417,74035328394,75865560465
1790906244,49347944,103074594816,0,0,0,0,0,4,4,7217973,39,1306,0,0,0,153,34,19313095417,74035328394,75865560465
1790906245,49349472,103074697216,0,0,0,0,0,4,4,7217973,39,1306,0,0,0,153,34,19313095417,74035328394,75865560465
1790906246,49365280,103052791808,0,0,0,0,0,4,4,7227635,39,1306,0,0,0,153,34,19313095417,74035328394,75865560465
1790906247,49384164,103070957568,0,0,0,0,0,4,4,7227635,39,1306,0,0,0,153,34,19313095417,74035328394,75865560465
1790906248,49406288,103043764224,0,0,0,0,0,4,4,7237223,39,1306,0,0,0,153,34,19313095417,74035328394,75865560465
1790906249,49423276,103070384128,0,0,0,0,0,4,4,7237223,39,1306,0,0,0,153,34,19313095417,74035328394,75865560465
1790906250,49435068,103058632704,0,0,0,0,0,4,4,7245768,39,1306,0,0,0,153,34,19313095417,74035328394,75865560465
1790906251,49451184,103055114240,0,0,0,0,0,4,4,7245768,39,1306,0,0,0,153,34,19313095417,74035328394,75865560465
1790906252,49481204,103060443136,0,0,0,0,0,4,4,7254686,39,1306,0,0,0,153,34,19313095417,74035328394,75865560465
1790906253,49499444,103072665600,0,0,0,0,0,4,4,7254686,39,1306,0,0,0,153,34,19313095417,74035328394,75865560465
1790906254,49508788,103061852160,0,0,0,0,0,4,4,7264390,39,1306,0,0,0,153,34,19313095417,74035328394,75865560465
1790906255,49528256,103050350592,0,0,0,0,0,4,4,7264390,39,1306,0,0,0,153,34,19313095417,74035328394,75865560465
1790906256,49554264,103078772736,0,0,0,0,0,4,4,7274068,39,1306,0,0,0,153,34,19313095417,74035328394,75865560465
1790906257,49592500,103055466496,0,0,0,0,0,4,4,7283220,39,1306,0,0,0,153,34,19313095417,74035328394,75865560465
1790906259,49628796,103059476480,0,0,0,0,0,4,4,7283220,39,1306,0,0,0,153,34,19313095417,74035328394,75865560465
1790906260,49660044,103078625280,0,0,0,0,0,4,4,7293122,39,1306,0,0,0,153,34,19313095417,74035328394,75865560465
1790906261,49684444,103075237888,0,0,0,0,0,4,4,7293122,39,1306,0,0,0,153,34,19313095417,74035328394,75865560465
1790906262,49683000,103058714624,0,0,0,0,0,4,4,7301903,39,1306,0,0,0,153,34,19313095417,74035328394,75865560465
1790906263,49695964,103078412288,0,0,0,0,0,4,4,7301903,39,1306,0,0,0,153,34,19313095417,74035328394,75865560465
1790906264,49708420,103047720960,0,0,0,0,0,4,4,7310124,39,1306,0,0,0,153,34,19313095417,74035328394,75865560465
1790906265,49713940,103069323264,0,0,0,0,0,4,4,7310124,39,1306,0,0,0,153,34,19313095417,74035328394,75865560465
1790906266,49732552,103078092800,0,0,0,0,0,4,4,7319713,39,1306,0,0,0,153,34,19313095417,74035328394,75865560465
1790906267,49754172,103066279936,0,0,0,0,0,4,4,7319713,39,1306,0,0,0,153,34,19313095417,74035328394,75865560465
1790906268,49776908,103077421056,0,0,0,0,0,4,4,7329098,39,1306,0,0,0,153,34,19313095417,74035328394,75865560465
1790906269,49798264,103077347328,0,0,0,0,0,4,4,7329098,39,1306,0,0,0,153,34,19313095417,74035328394,75865560465
1790906270,49815948,103065092096,0,0,0,0,0,4,4,7335931,39,1306,0,0,0,153,34,19313095417,74035328394,75865560465
1790906271,49838664,103041257472,0,0,0,0,0,4,4,7335931,39,1306,0,0,0,153,34,19313095417,74035328394,75865560465
1790906272,49862964,103078793216,0,0,0,0,0,4,4,7344309,39,1306,0,0,0,153,34,19313095417,74035328394,75865560465
1790906273,49893776,103074447360,0,0,0,0,0,4,4,7344309,39,1306,0,0,0,153,34,19313095417,74035328394,75865560465
1790906274,49917104,103064743936,0,0,0,0,0,4,4,7353890,39,1306,0,0,0,153,34,19313095417,74035328394,75865560465
1790906275,49936036,103062515712,0,0,0,0,0,4,4,7353890,39,1306,0,0,0,153,34,19313095417,74035328394,75865560465
1790906276,49938868,103074742272,0,0,0,0,0,4,4,7362149,39,1306,0,0,0,153,34,19313095417,74035328394,75865560465
1790906277,49961372,103073501184,0,0,0,0,0,4,4,7362149,39,1306,0,0,0,153,34,19313095417,74035328394,75865560465
1790906278,49985904,103075794944,0,0,0,0,0,4,4,7368778,39,1306,0,0,0,153,34,19313095417,74035328394,75865560465
1790906280,50005252,103061508096,0,0,0,0,0,4,4,7368778,39,1306,0,0,0,153,34,19313095417,74035328394,75865560465
1790906281,50039992,103078752256,0,0,0,0,0,4,4,7378583,39,1306,0,0,0,153,34,19313095417,74035328394,75865560465
1790906282,50056404,103072972800,0,0,0,0,0,4,4,7386353,39,1306,0,0,0,153,34,19313095417,74035328394,75865560465
1790906283,50069224,103075962880,0,0,0,0,0,4,4,7386353,39,1306,0,0,0,153,34,19313095417,74035328394,75865560465
1790906284,50086652,103076024320,0,0,0,0,0,4,4,7392922,39,1306,0,0,0,153,34,19313095417,74035328394,75865560465
1790906285,50107752,103069380608,0,0,0,0,0,4,4,7392922,39,1306,0,0,0,153,34,19313095417,74035328394,75865560465
1790906286,50135224,103074861056,0,0,0,0,0,4,4,7400777,39,1306,0,0,0,153,34,19313095417,74035328394,75865560465
1790906287,50154660,103063293952,0,0,0,0,0,4,4,7400777,39,1306,0,0,0,153,34,19313095417,74035328394,75865560465
1790906288,50184064,103076851712,0,0,0,0,0,4,4,7411046,39,1306,0,0,0,153,34,19313095417,74035328394,75865560465
1790906289,50197788,103078633472,0,0,0,0,0,4,4,7411046,39,1306,0,0,0,153,34,19313095417,74035328394,75865560465
1790906290,50207132,103070130176,0,0,0,0,0,4,4,7418427,39,1306,0,0,0,153,34,19313095417,74035328394,75865560465
1790906291,50222548,103078359040,0,0,0,0,0,4,4,7418427,39,1306,0,0,0,153,34,19313095417,74035328394,75865560465
1790906292,50157468,103059709952,0,0,0,0,0,4,4,7425103,39,1307,0,0,0,153,34,19313095417,74035328394,75865560465
1790906293,50177784,103075901440,0,0,0,0,0,4,4,7425103,39,1307,0,0,0,153,34,19313095417,74035328394,75865560465
1790906294,50122856,103078412288,0,0,0,0,0,4,4,7434055,39,1307,0,0,0,153,34,19313095417,74035328394,75865560465
1790906295,50137968,103074713600,0,0,0,0,0,4,4,7434055,39,1307,0,0,0,153,34,19313095417,74035328394,75865560465
1790906296,50139148,103075221504,0,0,0,0,0,4,4,7443737,39,1308,0,0,0,153,34,19313095417,74035328394,75865560465
1790906297,50081152,103010058240,0,0,0,0,0,4,4,7443737,39,1308,0,0,0,153,34,19313095417,74035328394,75865560465
1790906298,50074772,103073759232,0,0,0,0,0,4,4,7452799,39,1309,0,0,0,153,34,19313095417,74035328394,75865560465
1790906300,50099244,103051718656,0,0,0,0,0,4,4,7452799,39,1309,0,0,0,153,34,19313095417,74035328394,75865560465
1790906301,50120852,103073910784,0,0,0,0,0,4,4,7460664,39,1309,0,0,0,153,34,19313095417,74035328394,75865560465
1790906302,50149508,103072034816,0,0,0,0,0,4,4,7460664,39,1309,0,0,0,153,34,19313095417,74035328394,75865560465
1790906303,50041772,103041568768,0,0,0,0,0,4,4,7469917,39,1309,0,0,0,153,34,19313095417,74035328394,75865560465
1790906304,50086432,103061393408,0,0,0,0,0,4,4,7479549,39,1310,0,0,0,153,34,19313095417,74035328394,75865560465
1790906305,50106388,103069507584,0,0,0,0,0,4,4,7479549,39,1310,0,0,0,153,34,19313095417,74035328394,75865560465
1790906306,50157804,103072428032,0,0,0,0,0,4,4,7488708,39,1310,0,0,0,153,34,19313095417,74035328394,75865560465
1790906307,50206076,103066386432,0,0,0,0,0,4,4,7488708,39,1310,0,0,0,153,34,19313095417,74035328394,75865560465
1790906308,50216396,103072067584,0,0,0,0,0,4,4,7497036,39,1310,0,0,0,153,34,19313095417,74035328394,75865560465
1790906309,50247896,103073013760,0,0,0,0,0,4,4,7497036,39,1310,0,0,0,153,34,19313095417,74035328394,75865560465
1790906310,50293912,103076941824,0,0,0,0,0,4,4,7506403,39,1310,0,0,0,153,34,19313095417,74035328394,75865560465
1790906311,50346388,103079153664,0,0,0,0,0,4,4,7506403,39,1310,0,0,0,153,34,19313095417,74035328394,75865560465
1790906312,50394656,103057813504,0,0,0,0,0,4,4,7516046,39,1310,0,0,0,153,34,19313095417,74035328394,75865560465
1790906313,50410564,103049744384,0,0,0,0,0,4,4,7516046,39,1310,0,0,0,153,34,19313095417,74035328394,75865560465
1790906314,50441388,103078989824,0,0,0,0,0,4,4,7524931,39,1310,0,0,0,153,34,19313095417,74035328394,75865560465
1790906315,50478840,103078739968,0,0,0,0,0,4,4,7524931,39,1310,0,0,0,153,34,19313095417,74035328394,75865560465
1790906316,50514712,103075946496,0,0,0,0,0,4,4,7533794,39,1310,0,0,0,153,34,19313095417,74035328394,75865560465
1790906317,50544672,103077916672,0,0,0,0,0,4,4,7533794,39,1310,0,0,0,153,34,19313095417,74035328394,75865560465
1790906319,50578512,103056605184,0,0,0,0,0,4,4,7542038,39,1310,0,0,0,153,34,19313095417,74035328394,75865560465
1790906320,50607092,103074664448,0,0,0,0,0,4,4,7542038,39,1310,0,0,0,153,34,19313095417,74035328394,75865560465
1790906321,50642232,103056134144,0,0,0,0,0,4,4,7551527,39,1310,0,0,0,153,34,19313095417,74035328394,75865560465
1790906322,50688948,103062241280,0,0,0,0,0,4,4,7551527,39,1310,0,0,0,153,34,19313095417,74035328394,75865560465
1790906323,50722580,103073165312,0,0,0,0,0,4,4,7561148,39,1310,0,0,0,153,34,19313095417,74035328394,75865560465
1790906324,50752180,103060529152,0,0,0,0,0,4,4,7570621,39,1310,0,0,0,153,34,19313095417,74035328394,75865560465
1790906325,50785844,103068966912,0,0,0,0,0,4,4,7570621,39,1310,0,0,0,153,34,19313095417,74035328394,75865560465
1790906326,50800952,103078969344,0,0,0,0,0,4,4,7578668,39,1310,0,0,0,153,34,19313095417,74035328394,75865560465
1790906327,50828548,103076741120,0,0,0,0,0,4,4,7578668,39,1310,0,0,0,153,34,19313095417,74035328394,75865560465
1790906328,50866800,103078379520,0,0,0,0,0,4,4,7586698,39,1310,0,0,0,153,34,19313095417,74035328394,75865560465
1790906329,50919196,103062532096,0,0,0,0,0,4,4,7586698,39,1310,0,0,0,153,34,19313095417,74035328394,75865560465
1790906330,50942844,103077994496,0,0,0,0,0,4,4,7596749,39,1310,0,0,0,153,34,19313095417,74035328394,75865560465
1790906331,50984048,103077650432,0,0,0,0,0,4,4,7596749,39,1310,0,0,0,153,34,19313095417,74035328394,75865560465
1790906332,51039416,103076962304,0,0,0,0,0,4,4,7606644,39,1310,0,0,0,153,34,19313095417,74035328394,75865560465
1790906333,51085140,103079206912,0,0,0,0,0,4,4,7606644,39,1310,0,0,0,153,34,19313095417,74035328394,75865560465
1790906334,51128308,103050018816,0,0,0,0,0,4,4,7616157,39,1310,0,0,0,153,34,19313095417,74035328394,75865560465
1790906335,51164768,103047241728,0,0,0,0,0,4,4,7616157,39,1310,0,0,0,153,34,19313095417,74035328394,75865560465
1790906336,51187392,103070867456,0,0,0,0,0,4,4,7624134,39,1310,0,0,0,153,34,19313095417,74035328394,75865560465
1790906337,51210992,103077261312,0,0,0,0,0,4,4,7624134,39,1310,0,0,0,153,34,19313095417,74035328394,75865560465
1790906339,51236924,103069949952,0,0,0,0,0,4,4,7633550,39,1310,0,0,0,153,34,19313095417,74035328394,75865560465
1790906340,51261860,103079096320,0,0,0,0,0,4,4,7633550,39,1310,0,0,0,153,34,19313095417,74035328394,75865560465
1790906341,51283408,103072104448,0,0,0,0,0,4,4,7643018,39,1310,0,0,0,153,34,19313095417,74035328394,75865560465
1790906342,51307340,103078989824,0,0,0,0,0,4,4,7643018,39,1310,0,0,0,153,34,19313095417,74035328394,75865560465
1790906343,51328332,103073247232,0,0,0,0,0,4,4,7651108,39,1310,0,0,0,153,34,19313095417,74035328394,75865560465
1790906344,51353196,103060246528,0,0,0,0,0,4,4,7651108,39,1310,0,0,0,153,34,19313095417,74035328394,75865560465
1790906345,51331328,103063756800,0,0,0,0,0,4,4,7659017,39,1310,0,0,0,153,34,19313095417,74035328394,75865560465
1790906346,51346792,103050575872,0,0,0,0,0,4,4,7668927,39,1311,0,0,0,153,34,19313095417,74035328394,75865560465
1790906347,51355116,103049347072,0,0,0,0,0,4,4,7668927,39,1311,0,0,0,153,34,19313095417,74035328394,75865560465
1790906348,51380212,103074889728,0,0,0,0,0,4,4,7679279,39,1311,0,0,0,153,34,19313095417,74035328394,75865560465
1790906349,51388132,103069347840,0,0,0,0,0,4,4,7679279,39,1311,0,0,0,153,34,19313095417,74035328394,75865560465
1790906350,51396256,103077462016,0,0,0,0,0,4,4,7689656,39,1311,0,0,0,153,34,19313095417,74035328394,75865560465
1790906351,51395540,103079104512,0,0,0,0,0,4,4,7689656,39,1311,0,0,0,153,34,19313095417,74035328394,75865560465
1790906352,51397740,103072841728,0,0,0,0,0,4,4,7698820,39,1311,0,0,0,153,34,19313095417,74035328394,75865560465
1790906353,51418100,103075033088,0,0,0,0,0,4,4,7698820,39,1311,0,0,0,153,34,19313095417,74035328394,75865560465
1790906354,51440228,103061028864,0,0,0,0,0,4,4,7709048,39,1311,0,0,0,153,34,19313095417,74035328394,75865560465
1790906355,51452500,103075921920,0,0,0,0,0,4,4,7709048,39,1311,0,0,0,153,34,19313095417,74035328394,75865560465
1790906356,51471840,103062994944,0,0,0,0,0,4,4,7719585,39,1311,0,0,0,153,34,19313095417,74035328394,75865560465
1790906357,51501252,103070990336,0,0,0,0,0,4,4,7719585,39,1311,0,0,0,153,34,19313095417,74035328394,75865560465
1790906359,51531796,103076159488,0,0,0,0,0,4,4,7729784,39,1311,0,0,0,153,34,19313095417,74035328394,75865560465
1790906360,51556296,103051636736,0,0,0,0,0,4,4,7729784,39,1311,0,0,0,153,34,19313095417,74035328394,75865560465
1790906361,51580560,103076483072,0,0,0,0,0,4,4,7738539,39,1311,0,0,0,153,34,19313095417,74035328394,75865560465
1790906362,51605892,103073587200,0,0,0,0,0,4,4,7738539,39,1311,0,0,0,153,34,19313095417,74035328394,75865560465
1790906363,51633640,103053090816,0,0,0,0,0,4,4,7748772,39,1311,0,0,0,153,34,19313095417,74035328394,75865560465
1790906364,51656720,103070306304,0,0,0,0,0,4,4,7748772,39,1311,0,0,0,153,34,19313095417,74035328394,75865560465
1790906365,51669460,103054934016,0,0,0,0,0,4,4,7759075,39,1311,0,0,0,153,34,19313095417,74035328394,75865560465
1790906366,51695140,103076544512,0,0,0,0,0,4,4,7759075,39,1311,0,0,0,153,34,19313095417,74035328394,75865560465
1790906367,51715624,103068631040,0,0,0,0,0,4,4,7768333,39,1311,0,0,0,153,34,19313095417,74035328394,75865560465
1790906368,51731164,103076339712,0,0,0,0,0,4,4,7776731,39,1311,0,0,0,153,34,19313095417,74035328394,75865560465
1790906369,51747800,103075201024,0,0,0,0,0,4,4,7776731,39,1311,0,0,0,153,34,19313095417,74035328394,75865560465
1790906370,51774668,103065223168,0,0,0,0,0,4,4,7785716,39,1311,0,0,0,153,34,19313095417,74035328394,75865560465
1790906371,51796804,103071227904,0,0,0,0,0,4,4,7785716,39,1311,0,0,0,153,34,19313095417,74035328394,75865560465
1790906372,51820792,103074308096,0,0,0,0,0,4,4,7796464,39,1311,0,0,0,153,34,19313095417,74035328394,75865560465
1790906373,51840316,103076757504,0,0,0,0,0,4,4,7796464,39,1311,0,0,0,153,34,19313095417,74035328394,75865560465
1790906374,51856072,103078592512,0,0,0,0,0,4,4,7805054,39,1311,0,0,0,153,34,19313095417,74035328394,75865560465
1790906375,51873476,103065501696,0,0,0,0,0,4,4,7805054,39,1311,0,0,0,153,34,19313095417,74035328394,75865560465
1790906376,51885416,103066980352,0,0,0,0,0,4,4,7813388,39,1311,0,0,0,153,34,19313095417,74035328394,75865560465
1790906377,51904396,103057571840,0,0,0,0,0,4,4,7813388,39,1311,0,0,0,153,34,19313095417,74035328394,75865560465
1790906378,51926552,103077761024,0,0,0,0,0,4,4,7823266,39,1311,0,0,0,153,34,19313095417,74035328394,75865560465
1790906380,51944944,103079182336,0,0,0,0,0,4,4,7823266,39,1311,0,0,0,153,34,19313095417,74035328394,75865560465
1790906381,51947936,103072235520,0,0,0,0,0,4,4,7832774,39,1311,0,0,0,153,34,19313095417,74035328394,75865560465
1790906382,51959100,103074787328,0,0,0,0,0,4,4,7832774,39,1311,0,0,0,153,34,19313095417,74035328394,75865560465
1790906383,51833104,103075102720,0,0,0,0,0,4,4,7840423,39,1312,0,0,0,153,34,19313095417,74035328394,75865560465
1790906384,51836352,103078207488,0,0,0,0,0,4,4,7840423,39,1312,0,0,0,153,34,19313095417,74035328394,75865560465
1790906385,51846720,103079116800,0,0,0,0,0,4,4,7848254,39,1312,0,0,0,153,34,19313095417,74035328394,75865560465
1790906386,51861212,103073427456,0,0,0,0,0,4,4,7848254,39,1312,0,0,0,153,34,19313095417,74035328394,75865560465
1790906387,51879008,103066537984,0,0,0,0,0,4,4,7858590,39,1312,0,0,0,153,34,19313095417,74035328394,75865560465
1790906388,51887252,103068585984,0,0,0,0,0,4,4,7858590,39,1312,0,0,0,153,34,19313095417,74035328394,75865560465
1790906389,51897724,103079124992,0,0,0,0,0,4,4,7868921,39,1312,0,0,0,153,34,19313095417,74035328394,75865560465
1790906390,51829956,103071014912,0,0,0,0,0,4,4,7868921,39,1312,0,0,0,153,34,19313095417,74035328394,75865560465
1790906391,51798044,103071752192,0,0,0,0,0,4,4,7878189,39,1313,0,0,0,153,34,19313095417,74035328394,75865560465
1790906392,51815700,103079055360,0,0,0,0,0,4,4,7887316,39,1313,0,0,0,153,34,19313095417,74035328394,75865560465
1790906393,51832124,103051620352,0,0,0,0,0,4,4,7887316,39,1313,0,0,0,153,34,19313095417,74035328394,75865560465
1790906394,51857544,103070572544,0,0,0,0,0,4,4,7896836,39,1313,0,0,0,153,34,19313095417,74035328394,75865560465
1790906395,51866472,103063121920,0,0,0,0,0,4,4,7896836,39,1313,0,0,0,153,34,19313095417,74035328394,75865560465
1790906396,51886072,103075282944,0,0,0,0,0,4,4,7906999,39,1313,0,0,0,153,34,19313095417,74035328394,75865560465
1790906397,51834984,103069405184,0,0,0,0,0,4,4,7906999,39,1313,0,0,0,153,34,19313095417,74035328394,75865560465
1790906398,51850768,103074177024,0,0,0,0,0,4,4,7916233,39,1314,0,0,0,153,34,19313095417,74035328394,75865560465
1790906400,51878484,103072268288,0,0,0,0,0,4,4,7916233,39,1314,0,0,0,153,34,19313095417,74035328394,75865560465
1790906401,51914220,103052095488,0,0,0,0,0,4,4,7925208,39,1314,0,0,0,153,34,19313095417,74035328394,75865560465
1790906402,51931896,103075536896,0,0,0,0,0,4,4,7925208,39,1314,0,0,0,153,34,19313095417,74035328394,75865560465
1790906403,51939800,103068499968,0,0,0,0,0,4,4,7934108,39,1314,0,0,0,153,34,19313095417,74035328394,75865560465
1790906404,51972200,103074410496,0,0,0,0,0,4,4,7934108,39,1314,0,0,0,153,34,19313095417,74035328394,75865560465
1790906405,51989396,103071997952,0,0,0,0,0,4,4,7944247,39,1314,0,0,0,153,34,19313095417,74035328394,75865560465
1790906406,52002612,103078481920,0,0,0,0,0,4,4,7944247,39,1314,0,0,0,153,34,19313095417,74035328394,75865560465
1790906407,52028432,103075201024,0,0,0,0,0,4,4,7954330,39,1314,0,0,0,153,34,19313095417,74035328394,75865560465
1790906408,52055256,103034703872,0,0,0,0,0,4,4,7954330,39,1314,0,0,0,153,34,19313095417,74035328394,75865560465
1790906409,52083088,103072149504,0,0,0,0,0,4,4,7964103,39,1314,0,0,0,153,34,19313095417,74035328394,75865560465
1790906410,52116816,103076712448,0,0,0,0,0,4,4,7964103,39,1314,0,0,0,153,34,19313095417,74035328394,75865560465
1790906411,52149184,103040446464,0,0,0,0,0,4,4,7974144,39,1314,0,0,0,153,34,19313095417,74035328394,75865560465
1790906412,52159432,103076610048,0,0,0,0,0,4,4,7984322,39,1314,0,0,0,153,34,19313095417,74035328394,75865560465
1790906413,52192272,103073996800,0,0,0,0,0,4,4,7984322,39,1314,0,0,0,153,34,19313095417,74035328394,75865560465
1790906414,52224804,103064793088,0,0,0,0,0,4,4,7994104,39,1314,0,0,0,153,34,19313095417,74035328394,75865560465
1790906415,52257096,103073251328,0,0,0,0,0,4,4,7994104,39,1314,0,0,0,153,34,19313095417,74035328394,75865560465
1790906416,52289224,103063904256,0,0,0,0,0,4,4,8003398,39,1314,0,0,0,153,34,19313095417,74035328394,75865560465
1790906417,52306992,103077527552,0,0,0,0,0,4,4,8003398,39,1314,0,0,0,153,34,19313095417,74035328394,75865560465
1790906419,52347248,103055253504,0,0,0,0,0,4,4,8013024,39,1314,0,0,0,153,34,19313095417,74035328394,75865560465
1790906420,52371844,103077875712,0,0,0,0,0,4,4,8013024,39,1314,0,0,0,153,34,19313095417,74035328394,75865560465
1790906421,52403096,103050317824,0,0,0,0,0,4,4,8023199,39,1314,0,0,0,153,34,19313095417,74035328394,75865560465
1790906422,52442516,103076585472,0,0,0,0,0,4,4,8023199,39,1314,0,0,0,153,34,19313095417,74035328394,75865560465
1790906423,52473136,103059947520,0,0,0,0,0,4,4,8033330,39,1314,0,0,0,153,34,19313095417,74035328394,75865560465
1790906424,52510548,103046524928,0,0,0,0,0,4,4,8033330,39,1314,0,0,0,153,34,19313095417,74035328394,75865560465
1790906425,52535844,103072997376,0,0,0,0,0,4,4,8042567,39,1314,0,0,0,153,34,19313095417,74035328394,75865560465
1790906426,52577964,103072710656,0,0,0,0,0,4,4,8042567,39,1314,0,0,0,153,34,19313095417,74035328394,75865560465
1790906427,52598684,103076708352,0,0,0,0,0,4,4,8051733,39,1314,0,0,0,153,34,19313095417,74035328394,75865560465
1790906428,52640484,103079075840,0,0,0,0,0,4,4,8051733,39,1314,0,0,0,153,34,19313095417,74035328394,75865560465
1790906429,52680156,103076274176,0,0,0,0,0,4,4,8060790,39,1314,0,0,0,153,34,19313095417,74035328394,75865560465
1790906430,52724980,103062585344,0,0,0,0,0,4,4,8060790,39,1314,0,0,0,153,34,19313095417,74035328394,75865560465
1790906431,52772556,103078920192,0,0,0,0,0,4,4,8070896,39,1314,0,0,0,153,34,19313095417,74035328394,75865560465
1790906432,52819460,103072374784,0,0,0,0,0,4,4,8070896,39,1314,0,0,0,153,34,19313095417,74035328394,75865560465
1790906433,52872960,103064375296,0,0,0,0,0,4,4,8080932,39,1314,0,0,0,153,34,19313095417,74035328394,75865560465
1790906434,52912996,103072989184,0,0,0,0,0,4,4,8080932,39,1314,0,0,0,153,34,19313095417,74035328394,75865560465
1790906435,52949596,103078973440,0,0,0,0,0,4,4,8090575,39,1314,0,0,0,153,34,19313095417,74035328394,75865560465
1790906436,52977272,103071072256,0,0,0,0,0,4,4,8099848,39,1314,0,0,0,153,34,19313095417,74035328394,75865560465
1790906437,53006988,103074324480,0,0,0,0,0,4,4,8099848,39,1314,0,0,0,153,34,19313095417,74035328394,75865560465
1790906439,53022988,103073259520,0,0,0,0,0,4,4,8109376,39,1314,0,0,0,153,34,19313095417,74035328394,75865560465
1790906440,53054884,103058374656,0,0,0,0,0,4,4,8109376,39,1314,0,0,0,153,34,19313095417,74035328394,75865560465
1790906441,53088356,103045156864,0,0,0,0,0,4,4,8119691,39,1314,0,0,0,153,34,19313095417,74035328394,75865560465
1790906442,53111192,103040016384,0,0,0,0,0,4,4,8119691,39,1314,0,0,0,153,34,19313095417,74035328394,75865560465
1790906443,53156020,103078162432,0,0,0,0,0,4,4,8130050,39,1314,0,0,0,153,34,19313095417,74035328394,75865560465
1790906444,53194268,103077130240,0,0,0,0,0,4,4,8130050,39,1314,0,0,0,153,34,19313095417,74035328394,75865560465
1790906445,53190052,103047421952,0,0,0,0,0,4,4,8139616,39,1314,0,0,0,153,34,19313095417,74035328394,75865560465
1790906446,53210120,103077527552,0,0,0,0,0,4,4,8139616,39,1314,0,0,0,153,34,19313095417,74035328394,75865560465
1790906447,53235196,103070748672,0,0,0,0,0,4,4,8148708,39,1314,0,0,0,153,34,19313095417,74035328394,75865560465
1790906448,53251820,103054598144,0,0,0,0,0,4,4,8148708,39,1314,0,0,0,153,34,19313095417,74035328394,75865560465
1790906449,53277028,103071674368,0,0,0,0,0,4,4,8159041,39,1314,0,0,0,153,34,19313095417,74035328394,75865560465
1790906450,53294820,103072178176,0,0,0,0,0,4,4,8159041,39,1314,0,0,0,153,34,19313095417,74035328394,75865560465
1790906451,53321288,103055351808,0,0,0,0,0,4,4,8169589,39,1314,0,0,0,153,34,19313095417,74035328394,75865560465
1790906452,53337180,103071580160,0,0,0,0,0,4,4,8169589,39,1314,0,0,0,153,34,19313095417,74035328394,75865560465
1790906453,53353092,103071076352,0,0,0,0,0,4,4,8179621,39,1314,0,0,0,153,34,19313095417,74035328394,75865560465
1790906454,53376064,103073914880,0,0,0,0,0,4,4,8179621,39,1314,0,0,0,153,34,19313095417,74035328394,75865560465
1790906455,53388356,103070199808,0,0,0,0,0,4,4,8188860,39,1314,0,0,0,153,34,19313095417,74035328394,75865560465
1790906456,53419188,103066497024,0,0,0,0,0,4,4,8188860,39,1314,0,0,0,153,34,19313095417,74035328394,75865560465
1790906457,53446372,103077957632,0,0,0,0,0,4,4,8197725,39,1314,0,0,0,153,34,19313095417,74035328394,75865560465
1790906458,53470600,103051038720,0,0,0,0,0,4,4,8208180,39,1314,0,0,0,153,34,19313095417,74035328394,75865560465
1790906460,53497156,103072665600,0,0,0,0,0,4,4,8208180,39,1314,0,0,0,153,34,19313095417,74035328394,75865560465
1790906461,53514012,103050539008,0,0,0,0,0,4,4,8217661,39,1314,0,0,0,153,34,19313095417,74035328394,75865560465
1790906462,53528976,103070089216,0,0,0,0,0,4,4,8217661,39,1314,0,0,0,153,34,19313095417,74035328394,75865560465
1790906463,53540248,103076704256,0,0,0,0,0,4,4,8226685,39,1314,0,0,0,153,34,19313095417,74035328394,75865560465
1790906464,53555328,103073517568,0,0,0,0,0,4,4,8226685,39,1314,0,0,0,153,34,19313095417,74035328394,75865560465
1790906465,53586576,103077130240,0,0,0,0,0,4,4,8234497,39,1314,0,0,0,153,34,19313095417,74035328394,75865560465
1790906466,53614008,103073988608,0,0,0,0,0,4,4,8234497,39,1314,0,0,0,153,34,19313095417,74035328394,75865560465
1790906467,53497140,103066316800,0,0,0,0,0,4,4,8245078,39,1314,0,0,0,153,34,19313095417,74035328394,75865560465
1790906468,53540492,103063015424,0,0,0,0,0,4,4,8245078,39,1314,0,0,0,153,34,19313095417,74035328394,75865560465
1790906469,53557724,103074013184,0,0,0,0,0,4,4,8255179,39,1315,0,0,0,153,34,19313095417,74035328394,75865560465
1790906470,53582364,103071993856,0,0,0,0,0,4,4,8255179,39,1315,0,0,0,153,34,19313095417,74035328394,75865560465
1790906471,53619120,103079034880,0,0,0,0,0,4,4,8265053,39,1315,0,0,0,153,34,19313095417,74035328394,75865560465
1790906472,53661324,103067475968,0,0,0,0,0,4,4,8265053,39,1315,0,0,0,153,34,19313095417,74035328394,75865560465
1790906473,53706624,103076569088,0,0,0,0,0,4,4,8275356,39,1315,0,0,0,153,34,19313095417,74035328394,75865560465
1790906474,53746228,103077560320,0,0,0,0,0,4,4,8275356,39,1315,0,0,0,153,34,19313095417,74035328394,75865560465
1790906475,53801680,103053754368,0,0,0,0,0,4,4,8286470,39,1315,0,0,0,153,34,19313095417,74035328394,75865560465
1790906476,53843528,103063621632,0,0,0,0,0,4,4,8286470,39,1315,0,0,0,153,34,19313095417,74035328394,75865560465
1790906477,53743176,103078195200,0,0,0,0,0,4,4,8296572,39,1315,0,0,0,153,34,19313095417,74035328394,75865560465
1790906478,53791456,103060389888,0,0,0,0,0,4,4,8296572,39,1315,0,0,0,153,34,19313095417,74035328394,75865560465
1790906479,53826904,103077048320,0,0,0,0,0,4,4,8306862,39,1316,0,0,0,153,34,19313095417,74035328394,75865560465
1790906481,53879416,103042265088,0,0,0,0,0,4,4,8316887,39,1316,0,0,0,153,34,19313095417,74035328394,75865560465
1790906482,53937208,103060156416,0,0,0,0,0,4,4,8316887,39,1316,0,0,0,153,34,19313095417,74035328394,75865560465
1790906483,53976680,103078166528,0,0,0,0,0,4,4,8328389,39,1316,0,0,0,153,34,19313095417,74035328394,75865560465
1790906484,54030620,103069876224,0,0,0,0,0,4,4,8328389,39,1316,0,0,0,153,34,19313095417,74035328394,75865560465
1790906485,54070960,103052144640,0,0,0,0,0,4,4,8339977,39,1316,0,0,0,153,34,19313095417,74035328394,75865560465
1790906486,54111536,103077126144,0,0,0,0,0,4,4,8339977,39,1316,0,0,0,153,34,19313095417,74035328394,75865560465
1790906487,54145924,103066292224,0,0,0,0,0,4,4,8350918,39,1316,0,0,0,153,34,19313095417,74035328394,75865560465
1790906488,54088736,101355270144,0,0,0,0,0,4,4,8350918,39,1316,0,0,0,153,34,19313095417,74035328394,75865560465
1790906489,54289140,94225989632,0,0,0,0,0,4,4,8360462,40,1303,0,0,0,153,35,19313095417,176464616857,189109356918
1790906490,54386124,87869366272,0,0,0,0,0,4,4,8360462,40,1303,0,0,0,153,35,19313095417,176464616857,189109356918
1790906491,54438144,81965928448,0,0,0,0,0,4,4,8370980,40,1296,0,0,0,153,35,19313095417,176464616857,189109356918
1790906492,54480992,82634788864,0,0,0,0,0,4,4,8370980,40,1296,0,0,0,153,35,19313095417,176464616857,189109356918
1790906493,54514228,83291783168,0,0,0,0,0,4,4,8382677,40,1294,0,0,0,153,35,19313095417,176464616857,189109356918
1790906494,54562176,83952627712,0,0,0,0,0,4,4,8382677,40,1294,0,0,0,153,35,19313095417,176464616857,189109356918
1790906495,54602764,84586569728,0,0,0,0,0,4,4,8394512,40,1294,0,0,0,153,35,19313095417,176464616857,189109356918
1790906496,54666780,85270654976,0,0,0,0,0,4,4,8394512,40,1294,0,0,0,153,35,19313095417,176464616857,189109356918
1790906497,54714852,85933932544,0,0,0,0,0,4,4,8406280,40,1294,0,0,0,153,35,19313095417,176464616857,189109356918
1790906498,54744028,86587596800,0,0,0,0,0,4,4,8406280,40,1294,0,0,0,153,35,19313095417,176464616857,189109356918
1790906499,54790256,87255937024,0,0,0,0,0,4,4,8418205,40,1294,0,0,0,153,35,19313095417,176464616857,189109356918
1790906500,54852836,87947780096,0,0,0,0,0,4,4,8418205,40,1294,0,0,0,153,35,19313095417,176464616857,189109356918
1790906502,54902148,88623509504,0,0,0,0,0,4,4,8430247,40,1294,0,0,0,153,35,19313095417,176464616857,189109356918
1790906503,54960108,89299644416,0,0,0,0,0,4,4,8430247,40,1294,0,0,0,153,35,19313095417,176464616857,189109356918
1790906504,55009808,89965793280,0,0,0,0,0,4,4,8442381,40,1294,0,0,0,153,35,19313095417,176464616857,189109356918
1790906505,55046120,90622468096,0,0,0,0,0,4,4,8454459,40,1294,0,0,0,153,35,19313095417,176464616857,189109356918
1790906506,55074740,91272679424,0,0,0,0,0,4,4,8454459,40,1294,0,0,0,153,35,19313095417,176464616857,189109356918
1790906507,55097192,91923533824,0,0,0,0,0,4,4,8466652,40,1294,0,0,0,153,35,19313095417,176464616857,189109356918
1790906508,55109564,92550414336,0,0,0,0,0,4,4,8466652,40,1294,0,0,0,153,35,19313095417,176464616857,189109356918
1790906509,55123112,93536071680,0,0,0,0,0,5,5,8478664,40,1294,1,0,1,153,35,19313095417,176464616857,189109356918
1790906510,55156708,94247002112,0,0,0,0,0,5,5,8478664,40,1294,1,0,1,153,35,19313095417,176464616857,189109356918
1790906511,55192568,94951473152,0,0,0,0,0,5,5,8489812,40,1297,1,0,1,153,35,19313095417,176464616857,189109356918
1790906512,55214132,95650668544,0,0,0,0,0,5,5,8489812,40,1297,1,0,1,153,35,19313095417,176464616857,189109356918
1790906513,55233368,96427499520,0,0,0,0,0,5,5,8501034,40,1302,1,0,1,153,35,19313095417,176464616857,189109356918
1790906514,55225608,97196134400,0,0,0,0,0,5,5,8501034,40,1302,1,0,1,153,35,19313095417,176464616857,189109356918
1790906515,55241052,97976111104,0,0,0,0,0,5,5,8512158,40,1310,1,0,1,153,35,19313095417,176464616857,189109356918
1790906516,55273524,98763481088,0,0,0,0,0,5,5,8512158,40,1310,1,0,1,153,35,19313095417,176464616857,189109356918
1790906517,55289480,99527979008,0,0,0,0,0,5,5,8523220,40,1319,1,0,1,153,35,19313095417,176464616857,189109356918
1790906518,55317880,100316368896,0,0,0,0,0,5,5,8523220,40,1319,1,0,1,153,35,19313095417,176464616857,189109356918
1790906519,55338272,101162926080,0,0,0,0,0,5,5,8534486,40,1328,1,0,1,153,35,19313095417,176464616857,189109356918
1790906520,55359640,102196969472,0,0,0,0,0,5,5,8534486,40,1328,1,0,1,153,35,19313095417,176464616857,189109356918
1790906521,55380224,103065268224,0,0,0,0,0,5,5,8545624,40,1330,1,0,1,153,35,19313095417,176464616857,189109356918
1790906523,55400832,103073185792,0,0,0,0,0,5,5,8545624,40,1330,1,0,1,153,35,19313095417,176464616857,189109356918
1790906524,55414708,103047286784,0,0,0,0,0,5,5,8556810,40,1330,1,0,1,153,35,19313095417,176464616857,189109356918
1790906525,55440952,103063756800,0,0,0,0,0,5,5,8556810,40,1330,1,0,1,153,35,19313095417,176464616857,189109356918
1790906526,55460352,103072575488,0,0,0,0,0,5,5,8567965,40,1330,1,0,1,153,35,19313095417,176464616857,189109356918
1790906527,55478508,103079104512,0,0,0,0,0,5,5,8579004,40,1330,1,0,1,153,35,19313095417,176464616857,189109356918
1790906528,55503192,103062388736,0,0,0,0,0,5,5,8579004,40,1330,1,0,1,153,35,19313095417,176464616857,189109356918
1790906529,52370572,99820208128,0,0,0,0,0,5,5,8588894,42,1334,0,2,0,191,36,24139749386,176467993773,189116117145
1790906530,52321488,100936593408,0,0,0,0,0,5,5,8588894,42,1334,0,2,0,191,36,24139749386,176467993773,189116117145
1790906531,52182336,101887201280,0,0,0,0,0,5,5,8594469,42,1345,0,2,0,191,36,24139749386,176467993773,189116117145
1790906532,51763776,102602330112,0,0,0,0,0,5,5,8594469,42,1345,0,2,0,191,36,24139749386,176467993773,189116117145
1790906533,51266384,103061368832,0,0,0,0,0,5,5,8599504,42,1360,0,2,0,191,36,24139749386,176467993773,189116117145
1790906534,50399164,103033913344,0,0,0,0,0,5,5,8599504,42,1360,0,2,0,191,36,24139749386,176467993773,189116117145
1790906535,49719048,103068315648,0,0,0,0,0,5,5,8603902,42,1373,0,2,0,191,36,24139749386,176467993773,189116117145
1790906536,48830480,103011815424,0,0,0,0,0,5,5,8603902,42,1373,0,2,0,191,36,24139749386,176467993773,189116117145
1790906537,48299148,103061065728,0,0,0,0,0,5,5,8609566,42,1386,0,2,0,191,36,24139749386,176467993773,189116117145
1790906538,47925580,102937571328,0,0,0,0,0,5,5,8609566,42,1386,0,2,0,191,36,24139749386,176467993773,189116117145
1790906540,47904216,103052075008,0,0,0,0,0,5,5,8615125,42,1397,0,2,0,191,36,24139749386,176467993773,189116117145
1790906541,47623812,103027552256,0,0,0,0,0,5,5,8615125,42,1397,0,2,0,191,36,24139749386,176467993773,189116117145
1790906542,47619552,103070646272,0,0,0,0,0,5,5,8620896,42,1409,0,2,0,191,36,24139749386,176467993773,189116117145
1790906543,47444724,103071232000,0,0,0,0,0,5,5,8620896,42,1409,0,2,0,191,36,24139749386,176467993773,189116117145
1790906544,47455744,103072718848,0,0,0,0,0,5,5,8626608,42,1425,0,2,0,191,36,24139749386,176467993773,189116117145
1790906545,47479752,103077371904,0,0,0,0,0,5,5,8626608,42,1425,0,2,0,191,36,24139749386,176467993773,189116117145
1790906546,47352564,103078404096,0,0,0,0,0,5,5,8632462,42,1441,0,2,0,191,36,24139749386,176467993773,189116117145
1790906547,47365880,103078891520,0,0,0,0,0,5,5,8638496,42,1449,0,2,0,191,36,24139749386,176467993773,189116117145
1790906548,47422924,103079100416,0,0,0,0,0,5,5,8638496,42,1449,0,2,0,191,36,24139749386,176467993773,189116117145
1790906549,47477272,102941126656,0,0,0,0,0,5,5,8647081,43,1414,0,1,0,191,37,24139749386,177298593604,190058856568
1790906550,47501712,103069970432,0,0,0,0,0,5,5,8647081,43,1414,0,1,0,191,37,24139749386,177298593604,190058856568
1790906551,47542252,103075274752,0,0,0,0,0,5,5,8654484,43,1421,0,1,0,191,37,24139749386,177298593604,190058856568
1790906552,47536504,95499739136,0,0,0,0,0,5,5,8654484,43,1421,0,1,0,191,37,24139749386,177298593604,190058856568
1790906553,47617768,93495095296,0,0,0,0,0,5,5,8662904,48,1323,0,0,0,191,42,24139749386,187704006108,200793309229
1790906554,47697740,94159749120,0,0,0,0,0,5,5,8662904,48,1323,0,0,0,191,42,24139749386,187704006108,200793309229
1790906555,47783888,94869131264,0,0,0,0,0,5,5,8674178,48,1323,0,0,0,191,42,24139749386,187704006108,200793309229
1790906556,47824124,95558139904,0,0,0,0,0,5,5,8674178,48,1323,0,0,0,191,42,24139749386,187704006108,200793309229
1790906557,47797168,96179576832,0,0,0,0,0,5,5,8686308,48,1323,0,0,0,191,42,24139749386,187704006108,200793309229
1790906558,47845740,96874749952,0,0,0,0,0,5,5,8686308,48,1323,0,0,0,191,42,24139749386,187704006108,200793309229
1790906560,47868644,97551429632,0,0,0,0,0,5,5,8698539,48,1323,0,0,0,191,42,24139749386,187704006108,200793309229
1790906561,47896636,98227826688,0,0,0,0,0,5,5,8698539,48,1323,0,0,0,191,42,24139749386,187704006108,200793309229
1790906562,47929352,98902134784,0,0,0,0,0,5,5,8710947,48,1323,0,0,0,191,42,24139749386,187704006108,200793309229
1790906563,47963812,99585114112,0,0,0,0,0,5,5,8710947,48,1323,0,0,0,191,42,24139749386,187704006108,200793309229
1790906564,47975812,100246036480,0,0,0,0,0,5,5,8723410,48,1323,0,0,0,191,42,24139749386,187704006108,200793309229
1790906565,47954592,100871380992,0,0,0,0,0,5,5,8723410,48,1323,0,0,0,191,42,24139749386,187704006108,200793309229
1790906566,47960428,101520478208,0,0,0,0,0,5,5,8735926,48,1323,0,0,0,191,42,24139749386,187704006108,200793309229
1790906567,47957624,102156689408,0,0,0,0,0,5,5,8735926,48,1323,0,0,0,191,42,24139749386,187704006108,200793309229
1790906568,47952848,102789165056,0,0,0,0,0,5,5,8748438,48,1323,0,0,0,191,42,24139749386,187704006108,200793309229
1790906569,47976400,103052316672,0,0,0,0,0,5,5,8760905,48,1323,0,0,0,191,42,24139749386,187704006108,200793309229
1790906570,47990656,103052754944,0,0,0,0,0,5,5,8760905,48,1323,0,0,0,191,42,24139749386,187704006108,200793309229
1790906571,47998808,103061884928,0,0,0,0,0,5,5,8773330,48,1323,0,0,0,191,42,24139749386,187704006108,200793309229
1790906572,48009988,103047315456,0,0,0,0,0,5,5,8773330,48,1323,0,0,0,191,42,24139749386,187704006108,200793309229
1790906573,48031276,103062843392,0,0,0,0,0,5,5,8785759,48,1323,0,0,0,191,42,24139749386,187704006108,200793309229
1790906574,48057380,103078375424,0,0,0,0,0,5,5,8785759,48,1323,0,0,0,191,42,24139749386,187704006108,200793309229
1790906575,48069048,103076843520,0,0,0,0,0,5,5,8798113,48,1323,0,0,0,191,42,24139749386,187704006108,200793309229
1790906576,48096068,103074783232,0,0,0,0,0,5,5,8798113,48,1323,0,0,0,191,42,24139749386,187704006108,200793309229
1790906577,48134460,103069745152,0,0,0,0,0,5,5,8810374,48,1323,0,0,0,191,42,24139749386,187704006108,200793309229
1790906578,48180328,103048962048,0,0,0,0,0,5,5,8810374,48,1323,0,0,0,191,42,24139749386,187704006108,200793309229
1790906579,48213524,103061417984,0,0,0,0,0,5,5,8822689,48,1323,0,0,0,191,42,24139749386,187704006108,200793309229
1790906581,48246340,103076327424,0,0,0,0,0,5,5,8822689,48,1323,0,0,0,191,42,24139749386,187704006108,200793309229
1790906582,48272828,103070117888,0,0,0,0,0,5,5,8833849,48,1323,0,0,0,191,42,24139749386,187704006108,200793309229
1790906583,48318668,103073611776,0,0,0,0,0,5,5,8833849,48,1323,0,0,0,191,42,24139749386,187704006108,200793309229
1790906584,48370624,103078928384,0,0,0,0,0,5,5,8845681,48,1323,0,0,0,191,42,24139749386,187704006108,200793309229
1790906585,48418320,103052242944,0,0,0,0,0,5,5,8845681,48,1323,0,0,0,191,42,24139749386,187704006108,200793309229
1790906586,48481444,103078838272,0,0,0,0,0,5,5,8857981,48,1323,0,0,0,191,42,24139749386,187704006108,200793309229
1790906587,48520896,103078789120,0,0,0,0,0,5,5,8857981,48,1323,0,0,0,191,42,24139749386,187704006108,200793309229
1790906588,48581732,103068356608,0,0,0,0,0,5,5,8870241,48,1323,0,0,0,191,42,24139749386,187704006108,200793309229
1790906589,48633664,103072104448,0,0,0,0,0,5,5,8870241,48,1323,0,0,0,191,42,24139749386,187704006108,200793309229
1790906590,48675632,103071907840,0,0,0,0,0,5,5,8882309,48,1323,0,0,0,191,42,24139749386,187704006108,200793309229
1790906591,48691272,103073173504,0,0,0,0,0,5,5,8882309,48,1323,0,0,0,191,42,24139749386,187704006108,200793309229
1790906592,48726280,103075348480,0,0,0,0,0,5,5,8894764,48,1323,0,0,0,191,42,24139749386,187704006108,200793309229
1790906593,48753796,103078555648,0,0,0,0,0,5,5,8907131,48,1323,0,0,0,191,42,24139749386,187704006108,200793309229
1790906594,48776296,103072518144,0,0,0,0,0,5,5,8907131,48,1323,0,0,0,191,42,24139749386,187704006108,200793309229
1790906595,48797868,103051841536,0,0,0,0,0,5,5,8919406,48,1323,0,0,0,191,42,24139749386,187704006108,200793309229
1790906596,48827160,103048151040,0,0,0,0,0,5,5,8919406,48,1323,0,0,0,191,42,24139749386,187704006108,200793309229
1790906597,48870544,103076491264,0,0,0,0,0,5,5,8931779,48,1323,0,0,0,191,42,24139749386,187704006108,200793309229
1790906598,48892572,103071461376,0,0,0,0,0,5,5,8931779,48,1323,0,0,0,191,42,24139749386,187704006108,200793309229
1790906599,48941788,103060787200,0,0,0,0,0,5,5,8944202,48,1323,0,0,0,191,42,24139749386,187704006108,200793309229
1790906600,48997328,103060357120,0,0,0,0,0,5,5,8944202,48,1323,0,0,0,191,42,24139749386,187704006108,200793309229
1790906601,49054432,103042387968,0,0,0,0,0,5,5,8956654,48,1323,0,0,0,191,42,24139749386,187704006108,200793309229
1790906603,49103896,103068663808,0,0,0,0,0,5,5,8956654,48,1323,0,0,0,191,42,24139749386,187704006108,200793309229
1790906604,49155268,103057518592,0,0,0,0,0,5,5,8969112,48,1323,0,0,0,191,42,24139749386,187704006108,200793309229
1790906605,49219908,103078330368,0,0,0,0,0,5,5,8969112,48,1323,0,0,0,191,42,24139749386,187704006108,200793309229
1790906606,49274888,103063855104,0,0,0,0,0,5,5,8981450,48,1323,0,0,0,191,42,24139749386,187704006108,200793309229
1790906607,49315104,103070801920,0,0,0,0,0,5,5,8981450,48,1323,0,0,0,191,42,24139749386,187704006108,200793309229
1790906608,49380556,103062999040,0,0,0,0,0,5,5,8993784,48,1323,0,0,0,191,42,24139749386,187704006108,200793309229
1790906609,49442564,103069892608,0,0,0,0,0,5,5,8993784,48,1323,0,0,0,191,42,24139749386,187704006108,200793309229
1790906610,49513712,103046287360,0,0,0,0,0,5,5,9006180,48,1323,0,0,0,191,42,24139749386,187704006108,200793309229
1790906611,49553800,103051681792,0,0,0,0,0,5,5,9006180,48,1323,0,0,0,191,42,24139749386,187704006108,200793309229
1790906612,49597464,103052103680,0,0,0,0,0,5,5,9018563,48,1323,0,0,0,191,42,24139749386,187704006108,200793309229
1790906613,49618388,103074955264,0,0,0,0,0,5,5,9018563,48,1323,0,0,0,191,42,24139749386,187704006108,200793309229
1790906614,49660428,103059513344,0,0,0,0,0,5,5,9030960,48,1323,0,0,0,191,42,24139749386,187704006108,200793309229
1790906615,49678540,103073034240,0,0,0,0,0,5,5,9043389,48,1323,0,0,0,191,42,24139749386,187704006108,200793309229
1790906616,49706988,103069794304,0,0,0,0,0,5,5,9043389,48,1323,0,0,0,191,42,24139749386,187704006108,200793309229
1790906617,49726772,103056445440,0,0,0,0,0,5,5,9055860,48,1323,0,0,0,191,42,24139749386,187704006108,200793309229
1790906618,49730020,103046877184,0,0,0,0,0,5,5,9055860,48,1323,0,0,0,191,42,24139749386,187704006108,200793309229
1790906619,49739584,103071002624,0,0,0,0,0,5,5,9067961,48,1323,0,0,0,191,42,24139749386,187704006108,200793309229
1790906620,49759452,103072374784,0,0,0,0,0,5,5,9067961,48,1323,0,0,0,191,42,24139749386,187704006108,200793309229
1790906621,49786704,103077801984,0,0,0,0,0,5,5,9080257,48,1323,0,0,0,191,42,24139749386,187704006108,200793309229
1790906622,49805872,103075082240,0,0,0,0,0,5,5,9080257,48,1323,0,0,0,191,42,24139749386,187704006108,200793309229
1790906624,49842792,103066378240,0,0,0,0,0,5,5,9092601,48,1323,0,0,0,191,42,24139749386,187704006108,200793309229
1790906625,49870004,103074197504,0,0,0,0,0,5,5,9092601,48,1323,0,0,0,191,42,24139749386,187704006108,200793309229
1790906626,49893564,103069659136,0,0,0,0,0,5,5,9105064,48,1323,0,0,0,191,42,24139749386,187704006108,200793309229
1790906627,49931600,103077064704,0,0,0,0,0,5,5,9105064,48,1323,0,0,0,191,42,24139749386,187704006108,200793309229
1790906628,49971276,103065853952,0,0,0,0,0,5,5,9117345,48,1323,0,0,0,191,42,24139749386,187704006108,200793309229
1790906629,50026824,103040770048,0,0,0,0,0,5,5,9117345,48,1323,0,0,0,191,42,24139749386,187704006108,200793309229
1790906630,50057368,103063564288,0,0,0,0,0,5,5,9129779,48,1323,0,0,0,191,42,24139749386,187704006108,200793309229
1790906631,50110528,103064702976,0,0,0,0,0,5,5,9129779,48,1323,0,0,0,191,42,24139749386,187704006108,200793309229
1790906632,50143092,103057850368,0,0,0,0,0,5,5,9142108,48,1323,0,0,0,191,42,24139749386,187704006108,200793309229
1790906633,50187372,103075811328,0,0,0,0,0,5,5,9142108,48,1323,0,0,0,191,42,24139749386,187704006108,200793309229
1790906634,50237848,103073677312,0,0,0,0,0,5,5,9154500,48,1323,0,0,0,191,42,24139749386,187704006108,200793309229
1790906635,50279996,103076663296,0,0,0,0,0,5,5,9154500,48,1323,0,0,0,191,42,24139749386,187704006108,200793309229
1790906636,50344136,103073374208,0,0,0,0,0,5,5,9166931,48,1323,0,0,0,191,42,24139749386,187704006108,200793309229
1790906637,50389576,103076225024,0,0,0,0,0,5,5,9166931,48,1323,0,0,0,191,42,24139749386,187704006108,200793309229
1790906638,50453700,103078129664,0,0,0,0,0,5,5,9179367,48,1323,0,0,0,191,42,24139749386,187704006108,200793309229
1790906639,50505676,103061102592,0,0,0,0,0,5,5,9191762,48,1323,0,0,0,191,42,24139749386,187704006108,200793309229
1790906640,50562928,103070412800,0,0,0,0,0,5,5,9191762,48,1323,0,0,0,191,42,24139749386,187704006108,200793309229
1790906641,50615336,103062474752,0,0,0,0,0,5,5,9204149,48,1323,0,0,0,191,42,24139749386,187704006108,200793309229
1790906642,50672348,103054000128,0,0,0,0,0,5,5,9204149,48,1323,0,0,0,191,42,24139749386,187704006108,200793309229
1790906643,50719256,103071563776,0,0,0,0,0,5,5,9216472,48,1323,0,0,0,191,42,24139749386,187704006108,200793309229
1790906645,50747468,103056048128,0,0,0,0,0,5,5,9216472,48,1323,0,0,0,191,42,24139749386,187704006108,200793309229
1790906646,50804268,103076843520,0,0,0,0,0,5,5,9228801,48,1323,0,0,0,191,42,24139749386,187704006108,200793309229
1790906647,50862248,103057494016,0,0,0,0,0,5,5,9228801,48,1323,0,0,0,191,42,24139749386,187704006108,200793309229
1790906648,50917268,103073206272,0,0,0,0,0,5,5,9241266,48,1323,0,0,0,191,42,24139749386,187704006108,200793309229
1790906649,50979584,103063429120,0,0,0,0,0,5,5,9241266,48,1323,0,0,0,191,42,24139749386,187704006108,200793309229
1790906650,51045044,103071379456,0,0,0,0,0,5,5,9253670,48,1323,0,0,0,191,42,24139749386,187704006108,200793309229
1790906651,51103764,103054979072,0,0,0,0,0,5,5,9253670,48,1323,0,0,0,191,42,24139749386,187704006108,200793309229
1790906652,51155404,103075241984,0,0,0,0,0,5,5,9265769,48,1323,0,0,0,191,42,24139749386,187704006108,200793309229
1790906653,51237976,103069569024,0,0,0,0,0,5,5,9265769,48,1323,0,0,0,191,42,24139749386,187704006108,200793309229
1790906654,51321804,103073579008,0,0,0,0,0,5,5,9278009,48,1323,0,0,0,191,42,24139749386,187704006108,200793309229
1790906655,51384084,103047835648,0,0,0,0,0,5,5,9278009,48,1323,0,0,0,191,42,24139749386,187704006108,200793309229
1790906656,51448864,103067852800,0,0,0,0,0,5,5,9290235,48,1323,0,0,0,191,42,24139749386,187704006108,200793309229
1790906657,51489524,103039180800,0,0,0,0,0,5,5,9290235,48,1323,0,0,0,191,42,24139749386,187704006108,200793309229
1790906658,51530856,103064993792,0,0,0,0,0,5,5,9302577,48,1323,0,0,0,191,42,24139749386,187704006108,200793309229
1790906659,51566364,103078215680,0,0,0,0,0,5,5,9302577,48,1323,0,0,0,191,42,24139749386,187704006108,200793309229
1790906660,51613452,103071473664,0,0,0,0,0,5,5,9314995,48,1323,0,0,0,191,42,24139749386,187704006108,200793309229
1790906661,51659504,103076564992,0,0,0,0,0,5,5,9327426,48,1323,0,0,0,191,42,24139749386,187704006108,200793309229
1790906662,51712624,103078313984,0,0,0,0,0,5,5,9327426,48,1323,0,0,0,191,42,24139749386,187704006108,200793309229
1790906663,51762056,103043837952,0,0,0,0,0,5,5,9339917,48,1323,0,0,0,191,42,24139749386,187704006108,200793309229
1790906664,51814176,103030308864,0,0,0,0,0,5,5,9339917,48,1323,0,0,0,191,42,24139749386,187704006108,200793309229
1790906666,51866148,103074557952,0,0,0,0,0,5,5,9352349,48,1323,0,0,0,191,42,24139749386,187704006108,200793309229
1790906667,51921384,103071469568,0,0,0,0,0,5,5,9352349,48,1323,0,0,0,191,42,24139749386,187704006108,200793309229
1790906668,51971472,103070900224,0,0,0,0,0,5,5,9364634,48,1323,0,0,0,191,42,24139749386,187704006108,200793309229
1790906669,52003032,103063121920,0,0,0,0,0,5,5,9364634,48,1323,0,0,0,191,42,24139749386,187704006108,200793309229
1790906670,52029144,103055863808,0,0,0,0,0,5,5,9377047,48,1323,0,0,0,191,42,24139749386,187704006108,200793309229
1790906671,52050860,103056990208,0,0,0,0,0,5,5,9377047,48,1323,0,0,0,191,42,24139749386,187704006108,200793309229
1790906672,52092508,103070097408,0,0,0,0,0,5,5,9389518,48,1323,0,0,0,191,42,24139749386,187704006108,200793309229
1790906673,52131036,103065608192,0,0,0,0,0,5,5,9389518,48,1323,0,0,0,191,42,24139749386,187704006108,200793309229
1790906674,52181112,103072833536,0,0,0,0,0,5,5,9401990,48,1323,0,0,0,191,42,24139749386,187704006108,200793309229
1790906675,52214188,103057747968,0,0,0,0,0,5,5,9401990,48,1323,0,0,0,191,42,24139749386,187704006108,200793309229
1790906676,52251880,103071592448,0,0,0,0,0,5,5,9414391,48,1323,0,0,0,191,42,24139749386,187704006108,200793309229
1790906677,52293164,103079141376,0,0,0,0,0,5,5,9414391,48,1323,0,0,0,191,42,24139749386,187704006108,200793309229
1790906678,52303816,103076552704,0,0,0,0,0,5,5,9426684,48,1323,0,0,0,191,42,24139749386,187704006108,200793309229
1790906679,52338908,103044280320,0,0,0,0,0,5,5,9426684,48,1323,0,0,0,191,42,24139749386,187704006108,200793309229
1790906680,52367160,103059013632,0,0,0,0,0,5,5,9439213,48,1323,0,0,0,191,42,24139749386,187704006108,200793309229
1790906681,52385144,103069638656,0,0,0,0,0,5,5,9439213,48,1323,0,0,0,191,42,24139749386,187704006108,200793309229
1790906682,52404728,103072190464,0,0,0,0,0,5,5,9451696,48,1323,0,0,0,191,42,24139749386,187704006108,200793309229
1790906683,52424236,103061020672,0,0,0,0,0,5,5,9464243,48,1323,0,0,0,191,42,24139749386,187704006108,200793309229
1790906684,52435308,103077404672,0,0,0,0,0,5,5,9464243,48,1323,0,0,0,191,42,24139749386,187704006108,200793309229
1790906685,52454328,103039438848,0,0,0,0,0,5,5,9476564,48,1323,0,0,0,191,42,24139749386,187704006108,200793309229
1790906687,52472176,103070658560,0,0,0,0,0,5,5,9476564,48,1323,0,0,0,191,42,24139749386,187704006108,200793309229
1790906688,52465680,103073927168,0,0,0,0,0,5,5,9488680,48,1323,0,0,0,191,42,24139749386,187704006108,200793309229
1790906689,52468700,103077203968,0,0,0,0,0,5,5,9488680,48,1323,0,0,0,191,42,24139749386,187704006108,200793309229
1790906690,52478792,103071784960,0,0,0,0,0,5,5,9501027,48,1323,0,0,0,191,42,24139749386,187704006108,200793309229
1790906691,52481880,103075123200,0,0,0,0,0,5,5,9501027,48,1323,0,0,0,191,42,24139749386,187704006108,200793309229
1790906692,52509108,103052263424,0,0,0,0,0,5,5,9513411,48,1323,0,0,0,191,42,24139749386,187704006108,200793309229
1790906693,52541860,103068475392,0,0,0,0,0,5,5,9513411,48,1323,0,0,0,191,42,24139749386,187704006108,200793309229
1790906694,52573212,103076708352,0,0,0,0,0,5,5,9525674,48,1323,0,0,0,191,42,24139749386,187704006108,200793309229
1790906695,52616228,103066054656,0,0,0,0,0,5,5,9525674,48,1323,0,0,0,191,42,24139749386,187704006108,200793309229
1790906696,52649704,103073742848,0,0,0,0,0,5,5,9538095,48,1323,0,0,0,191,42,24139749386,187704006108,200793309229
1790906697,52675364,103035596800,0,0,0,0,0,5,5,9538095,48,1323,0,0,0,191,42,24139749386,187704006108,200793309229
1790906698,52697404,103059300352,0,0,0,0,0,5,5,9550379,48,1323,0,0,0,191,42,24139749386,187704006108,200793309229
1790906699,52735404,103078621184,0,0,0,0,0,5,5,9550379,48,1323,0,0,0,191,42,24139749386,187704006108,200793309229
1790906700,52769732,103067971584,0,0,0,0,0,5,5,9562816,48,1323,0,0,0,191,42,24139749386,187704006108,200793309229
1790906701,52786300,103070154752,0,0,0,0,0,5,5,9562816,48,1323,0,0,0,191,42,24139749386,187704006108,200793309229
1790906702,52813736,103076253696,0,0,0,0,0,5,5,9575203,48,1323,0,0,0,191,42,24139749386,187704006108,200793309229
1790906703,52852812,103035916288,0,0,0,0,0,5,5,9575203,48,1323,0,0,0,191,42,24139749386,187704006108,200793309229
1790906704,52877048,103054049280,0,0,0,0,0,5,5,9587600,48,1323,0,0,0,191,42,24139749386,187704006108,200793309229
1790906705,52886428,103063482368,0,0,0,0,0,5,5,9600022,48,1323,0,0,0,191,42,24139749386,187704006108,200793309229
1790906706,52910836,103055884288,0,0,0,0,0,5,5,9600022,48,1323,0,0,0,191,42,24139749386,187704006108,200793309229
1790906708,52945164,103075074048,0,0,0,0,0,5,5,9612312,48,1323,0,0,0,191,42,24139749386,187704006108,200793309229
1790906709,52977548,103072309248,0,0,0,0,0,5,5,9612312,48,1323,0,0,0,191,42,24139749386,187704006108,200793309229
1790906710,52996052,103078445056,0,0,0,0,0,5,5,9624661,48,1323,0,0,0,191,42,24139749386,187704006108,200793309229
1790906711,53035496,103073210368,0,0,0,0,0,5,5,9624661,48,1323,0,0,0,191,42,24139749386,187704006108,200793309229
1790906712,53056760,103057616896,0,0,0,0,0,5,5,9637004,48,1323,0,0,0,191,42,24139749386,187704006108,200793309229
1790906713,53074580,103051370496,0,0,0,0,0,5,5,9637004,48,1323,0,0,0,191,42,24139749386,187704006108,200793309229
1790906714,53076988,103072669696,0,0,0,0,0,5,5,9649402,48,1323,0,0,0,191,42,24139749386,187704006108,200793309229
1790906715,53100664,103044927488,0,0,0,0,0,5,5,9649402,48,1323,0,0,0,191,42,24139749386,187704006108,200793309229
1790906716,53120716,103074287616,0,0,0,0,0,5,5,9661756,48,1323,0,0,0,191,42,24139749386,187704006108,200793309229
1790906717,53155456,103075504128,0,0,0,0,0,5,5,9661756,48,1323,0,0,0,191,42,24139749386,187704006108,200793309229
1790906718,53178064,103072964608,0,0,0,0,0,5,5,9673873,48,1323,0,0,0,191,42,24139749386,187704006108,200793309229
1790906719,53198584,103053410304,0,0,0,0,0,5,5,9673873,48,1323,0,0,0,191,42,24139749386,187704006108,200793309229
1790906720,53212784,103079038976,0,0,0,0,0,5,5,9686322,48,1323,0,0,0,191,42,24139749386,187704006108,200793309229
1790906721,53223676,103073923072,0,0,0,0,0,5,5,9686322,48,1323,0,0,0,191,42,24139749386,187704006108,200793309229
1790906722,53245432,103065051136,0,0,0,0,0,5,5,9698825,48,1323,0,0,0,191,42,24139749386,187704006108,200793309229
1790906723,53272772,103074684928,0,0,0,0,0,5,5,9698825,48,1323,0,0,0,191,42,24139749386,187704006108,200793309229
1790906724,53303616,103078985728,0,0,0,0,0,5,5,9711342,48,1323,0,0,0,191,42,24139749386,187704006108,200793309229
1790906725,53333484,103079096320,0,0,0,0,0,5,5,9711342,48,1323,0,0,0,191,42,24139749386,187704006108,200793309229
1790906726,53357156,103063236608,0,0,0,0,0,5,5,9723736,48,1323,0,0,0,191,42,24139749386,187704006108,200793309229
1790906727,53411596,103073255424,0,0,0,0,0,5,5,9723736,48,1323,0,0,0,191,42,24139749386,187704006108,200793309229
1790906729,53455276,103059709952,0,0,0,0,0,5,5,9736200,48,1323,0,0,0,191,42,24139749386,187704006108,200793309229
1790906730,53490052,103069618176,0,0,0,0,0,5,5,9748624,48,1323,0,0,0,191,42,24139749386,187704006108,200793309229
1790906731,53520708,103071920128,0,0,0,0,0,5,5,9748624,48,1323,0,0,0,191,42,24139749386,187704006108,200793309229
1790906732,53546376,103063646208,0,0,0,0,0,5,5,9761125,48,1323,0,0,0,191,42,24139749386,187704006108,200793309229
1790906733,53581844,103071055872,0,0,0,0,0,5,5,9761125,48,1323,0,0,0,191,42,24139749386,187704006108,200793309229
1790906734,53589560,103079178240,0,0,0,0,0,5,5,9773427,48,1323,0,0,0,191,42,24139749386,187704006108,200793309229
1790906735,53628416,103073329152,0,0,0,0,0,5,5,9773427,48,1323,0,0,0,191,42,24139749386,187704006108,200793309229
1790906736,53666700,103076843520,0,0,0,0,0,5,5,9785839,48,1323,0,0,0,191,42,24139749386,187704006108,200793309229
1790906737,53693568,103051870208,0,0,0,0,0,5,5,9785839,48,1323,0,0,0,191,42,24139749386,187704006108,200793309229
1790906738,53732204,103063523328,0,0,0,0,0,5,5,9798225,48,1323,0,0,0,191,42,24139749386,187704006108,200793309229
1790906739,53768700,103059415040,0,0,0,0,0,5,5,9798225,48,1323,0,0,0,191,42,24139749386,187704006108,200793309229
1790906740,53797668,103050321920,0,0,0,0,0,5,5,9810536,48,1323,0,0,0,191,42,24139749386,187704006108,200793309229
1790906741,53829848,103051538432,0,0,0,0,0,5,5,9810536,48,1323,0,0,0,191,42,24139749386,187704006108,200793309229
1790906742,53858328,103074988032,0,0,0,0,0,5,5,9822974,48,1323,0,0,0,191,42,24139749386,187704006108,200793309229
1790906743,53893388,103055130624,0,0,0,0,0,5,5,9822974,48,1323,0,0,0,191,42,24139749386,187704006108,200793309229
1790906744,53916000,103062921216,0,0,0,0,0,5,5,9835452,48,1323,0,0,0,191,42,24139749386,187704006108,200793309229
1790906745,53939572,103058595840,0,0,0,0,0,5,5,9835452,48,1323,0,0,0,191,42,24139749386,187704006108,200793309229
1790906746,53965056,103074803712,0,0,0,0,0,5,5,9847904,48,1323,0,0,0,191,42,24139749386,187704006108,200793309229
1790906747,53993272,103074938880,0,0,0,0,0,5,5,9847904,48,1323,0,0,0,191,42,24139749386,187704006108,200793309229
1790906748,54023864,103069315072,0,0,0,0,0,5,5,9860245,48,1323,0,0,0,191,42,24139749386,187704006108,200793309229
1790906750,54052996,103071498240,0,0,0,0,0,5,5,9860245,48,1323,0,0,0,191,42,24139749386,187704006108,200793309229
1790906751,54069632,103079153664,0,0,0,0,0,5,5,9872515,48,1323,0,0,0,191,42,24139749386,187704006108,200793309229
1790906752,54085788,103073366016,0,0,0,0,0,5,5,9885057,48,1323,0,0,0,191,42,24139749386,187704006108,200793309229
1790906753,54086088,103062540288,0,0,0,0,0,5,5,9885057,48,1323,0,0,0,191,42,24139749386,187704006108,200793309229
1790906754,54100912,103063056384,0,0,0,0,0,5,5,9897521,48,1323,0,0,0,191,42,24139749386,187704006108,200793309229
1790906755,54138708,103073259520,0,0,0,0,0,5,5,9897521,48,1323,0,0,0,191,42,24139749386,187704006108,200793309229
1790906756,54188852,103072247808,0,0,0,0,0,5,5,9909957,48,1323,0,0,0,191,42,24139749386,187704006108,200793309229
1790906757,54245824,103068356608,0,0,0,0,0,5,5,9909957,48,1323,0,0,0,191,42,24139749386,187704006108,200793309229
1790906758,54291248,103068372992,0,0,0,0,0,5,5,9922321,48,1323,0,0,0,191,42,24139749386,187704006108,200793309229
1790906759,54330184,103069782016,0,0,0,0,0,5,5,9922321,48,1323,0,0,0,191,42,24139749386,187704006108,200793309229
1790906760,54374236,103078293504,0,0,0,0,0,5,5,9934643,48,1323,0,0,0,191,42,24139749386,187704006108,200793309229
1790906761,54391368,103071592448,0,0,0,0,0,5,5,9934643,48,1323,0,0,0,191,42,24139749386,187704006108,200793309229
1790906762,54427520,103071481856,0,0,0,0,0,5,5,9947008,48,1323,0,0,0,191,42,24139749386,187704006108,200793309229
1790906763,54475528,103055503360,0,0,0,0,0,5,5,9947008,48,1323,0,0,0,191,42,24139749386,187704006108,200793309229
1790906764,54515432,103034183680,0,0,0,0,0,5,5,9959496,48,1323,0,0,0,191,42,24139749386,187704006108,200793309229
1790906765,54558424,103066828800,0,0,0,0,0,5,5,9959496,48,1323,0,0,0,191,42,24139749386,187704006108,200793309229
1790906766,54591612,103066415104,0,0,0,0,0,5,5,9971951,48,1323,0,0,0,191,42,24139749386,187704006108,200793309229
1790906767,54639728,103069999104,0,0,0,0,0,5,5,9971951,48,1323,0,0,0,191,42,24139749386,187704006108,200793309229
1790906768,54683780,103054823424,0,0,0,0,0,5,5,9984368,48,1323,0,0,0,191,42,24139749386,187704006108,200793309229
1790906769,54721548,103069728768,0,0,0,0,0,5,5,9984368,48,1323,0,0,0,191,42,24139749386,187704006108,200793309229
1790906771,54753696,103054446592,0,0,0,0,0,5,5,9996820,48,1323,0,0,0,191,42,24139749386,187704006108,200793309229
1790906772,54787900,103064739840,0,0,0,0,0,5,5,9996820,48,1323,0,0,0,191,42,24139749386,187704006108,200793309229
1790906773,54821280,103055556608,0,0,0,0,0,5,5,10009132,48,1323,0,0,0,191,42,24139749386,187704006108,200793309229
1790906774,54848776,103055261696,0,0,0,0,0,5,5,10021553,48,1323,0,0,0,191,42,24139749386,187704006108,200793309229
1790906775,54882916,103071682560,0,0,0,0,0,5,5,10021553,48,1323,0,0,0,191,42,24139749386,187704006108,200793309229
1790906776,54912036,103046242304,0,0,0,0,0,5,5,10034049,48,1323,0,0,0,191,42,24139749386,187704006108,200793309229
1790906777,54927820,103074312192,0,0,0,0,0,5,5,10034049,48,1323,0,0,0,191,42,24139749386,187704006108,200793309229
1790906778,54958280,103077056512,0,0,0,0,0,5,5,10046441,48,1323,0,0,0,191,42,24139749386,187704006108,200793309229
1790906779,54974888,103052230656,0,0,0,0,0,5,5,10046441,48,1323,0,0,0,191,42,24139749386,187704006108,200793309229
1790906780,54945216,103071727616,0,0,0,0,0,5,5,10058733,48,1323,0,0,0,191,42,24139749386,187704006108,200793309229
1790906781,54959124,103072903168,0,0,0,0,0,5,5,10058733,48,1323,0,0,0,191,42,24139749386,187704006108,200793309229
1790906782,54969480,103042818048,0,0,0,0,0,5,5,10071052,48,1323,0,0,0,191,42,24139749386,187704006108,200793309229
1790906783,55006944,103054471168,0,0,0,0,0,5,5,10071052,48,1323,0,0,0,191,42,24139749386,187704006108,200793309229
1790906784,55035768,103056310272,0,0,0,0,0,5,5,10083460,48,1323,0,0,0,191,42,24139749386,187704006108,200793309229
1790906785,55066496,103065350144,0,0,0,0,0,5,5,10083460,48,1323,0,0,0,191,42,24139749386,187704006108,200793309229
1790906786,55093564,103065022464,0,0,0,0,0,5,5,10095818,48,1323,0,0,0,191,42,24139749386,187704006108,200793309229
1790906787,55129504,103076294656,0,0,0,0,0,5,5,10095818,48,1323,0,0,0,191,42,24139749386,187704006108,200793309229
1790906788,55155580,103070801920,0,0,0,0,0,5,5,10108293,48,1323,0,0,0,191,42,24139749386,187704006108,200793309229
1790906789,55181960,103064518656,0,0,0,0,0,5,5,10108293,48,1323,0,0,0,191,42,24139749386,187704006108,200793309229
1790906790,55193916,103064956928,0,0,0,0,0,5,5,10120674,48,1323,0,0,0,191,42,24139749386,187704006108,200793309229
1790906792,55207956,103068786688,0,0,0,0,0,5,5,10120674,48,1323,0,0,0,191,42,24139749386,187704006108,200793309229
1790906793,55226236,103054999552,0,0,0,0,0,5,5,10133135,48,1323,0,0,0,191,42,24139749386,187704006108,200793309229
1790906794,55235432,103077011456,0,0,0,0,0,5,5,10133135,48,1323,0,0,0,191,42,24139749386,187704006108,200793309229
1790906795,55259596,103075799040,0,0,0,0,0,5,5,10145483,48,1323,0,0,0,191,42,24139749386,187704006108,200793309229
1790906796,55260892,103069995008,0,0,0,0,0,5,5,10145483,48,1323,0,0,0,191,42,24139749386,187704006108,200793309229
1790906797,55272192,103065436160,0,0,0,0,0,5,5,10157824,48,1323,0,0,0,191,42,24139749386,187704006108,200793309229
1790906798,55271860,103045476352,0,0,0,0,0,5,5,10169079,48,1323,0,0,0,191,42,24139749386,187704006108,200793309229
1790906799,55276900,103077679104,0,0,0,0,0,5,5,10169079,48,1323,0,0,0,191,42,24139749386,187704006108,200793309229
1790906800,55281688,103072911360,0,0,0,0,0,6,6,10173408,48,1325,1,0,1,191,42,24139749386,187704006108,200793309229
1790906801,55283244,103076306944,0,0,0,0,0,6,6,10173408,48,1325,1,0,1,191,42,24139749386,187704006108,200793309229
1790906802,55281256,103071256576,0,0,0,0,0,6,6,10174178,48,1331,1,0,1,191,42,24139749386,187704006108,200793309229
1790906803,55277860,103069384704,0,0,0,0,0,6,6,10174178,48,1331,1,0,1,191,42,24139749386,187704006108,200793309229
1790906804,55278596,103075373056,0,0,0,0,0,6,6,10174178,48,1341,1,0,1,191,42,24139749386,187704006108,200793309229
1790906805,55277708,103078555648,0,0,0,0,0,6,6,10174178,48,1341,1,0,1,191,42,24139749386,187704006108,200793309229
1790906806,55277808,103070294016,0,0,0,0,0,6,6,10174178,48,1351,1,0,1,191,42,24139749386,187704006108,200793309229
1790906807,55278328,103070720000,0,0,0,0,0,6,6,10174178,48,1351,1,0,1,191,42,24139749386,187704006108,200793309229
1790906808,55288560,103076196352,0,0,0,0,0,6,6,10174178,48,1359,1,0,1,191,42,24139749386,187704006108,200793309229
1790906809,55300644,103071092736,0,0,0,0,0,6,6,10174178,48,1359,1,0,1,191,42,24139749386,187704006108,200793309229
1790906810,55301540,103077371904,0,0,0,0,0,6,6,10174178,48,1359,1,0,1,191,42,24139749386,187704006108,200793309229
1790906811,55310540,103076544512,0,0,0,0,0,6,6,10174178,48,1359,1,0,1,191,42,24139749386,187704006108,200793309229
1790906812,55319424,103078436864,0,0,0,0,0,6,6,10174178,48,1359,1,0,1,191,42,24139749386,187704006108,200793309229
1790906813,55322668,103069679616,0,0,0,0,0,6,6,10174178,48,1359,1,0,1,191,42,24139749386,187704006108,200793309229
1790906814,55323392,103070171136,0,0,0,0,0,6,6,10174178,48,1359,1,0,1,191,42,24139749386,187704006108,200793309229
1790906815,51800896,99399520256,0,0,0,0,0,6,6,10174178,48,1359,1,0,1,191,42,24139749386,187704006108,200793309229
1790906816,51817876,100996108288,0,0,0,0,0,6,6,10174178,50,1366,0,3,0,229,43,28968254023,187707382978,200800064356
1790906818,51820968,102409838592,0,0,0,0,0,6,6,10174178,50,1366,0,3,0,229,43,28968254023,187707382978,200800064356
1790906819,51810896,103050964992,0,0,0,0,0,6,6,10174178,50,1381,0,3,0,229,43,28968254023,187707382978,200800064356
1790906820,51776348,103072493568,0,0,0,0,0,6,6,10174178,50,1381,0,3,0,229,43,28968254023,187707382978,200800064356
1790906821,51737248,103063445504,0,0,0,0,0,6,6,10174178,50,1398,0,3,0,229,43,28968254023,187707382978,200800064356
1790906822,51686864,103074111488,0,0,0,0,0,6,6,10174178,50,1398,0,3,0,229,43,28968254023,187707382978,200800064356
1790906823,51680708,103075971072,0,0,0,0,0,6,6,10174178,50,1415,0,3,0,229,43,28968254023,187707382978,200800064356
1790906824,51632984,103049805824,0,0,0,0,0,6,6,10174178,50,1434,0,3,0,229,43,28968254023,187707382978,200800064356
1790906825,51627380,103068958720,0,0,0,0,0,6,6,10174178,50,1434,0,3,0,229,43,28968254023,187707382978,200800064356
