ts,rss_kb,cg_mem_bytes,Innodb_buffer_pool_wait_free,Innodb_log_waits,Innodb_os_log_pending_fsyncs,Innodb_data_pending_reads,Innodb_data_pending_writes,Innodb_row_lock_waits,Innodb_row_lock_time,Innodb_buffer_pool_pages_dirty,Innodb_buffer_pool_read_requests,Innodb_buffer_pool_reads,Innodb_data_reads,Innodb_data_writes,Innodb_dblwr_writes
1790920756,1471380,1547935744,0,0,,0,0,0,0,0,278,147,158,0,0
1790920757,1494176,1577529344,0,0,,1,0,0,0,61,2531,949,1035,0,0
1790920758,1671508,1760436224,0,0,,3,0,0,0,2479,54091,10696,10780,0,0
1790920759,2023056,2121547776,0,0,,5,0,0,0,3718,178798,30856,30940,4029,29
1790920760,2554520,2668027904,0,0,,5,0,0,0,8042,387098,62270,62351,8058,58
1790920761,3255736,3387707392,0,0,,6,0,0,0,15848,690431,104165,104244,12087,87
1790920762,4119428,4273700864,0,0,,8,0,0,0,25833,1070239,155708,155788,16116,116
1790920763,5123136,5304406016,0,0,,7,0,0,0,39897,1554343,216034,216120,20145,145
1790920764,6307888,6519726080,0,0,,8,0,0,0,56265,2109090,287205,287282,24174,174
1790920765,7634444,7881179136,0,0,,13,0,0,0,74624,2764451,367567,367646,28203,203
1790920766,9069628,9353465856,0,0,,10,0,0,0,97181,3538977,454198,454267,32232,232
1790920767,10627936,10951299072,0,0,,18,0,0,0,122523,4407762,548314,548386,36261,261
1790920768,12289692,12656443392,0,0,,16,0,0,0,151329,5363730,649213,649285,40290,290
1790920769,14037576,14450147328,0,0,,20,0,0,0,179522,6409377,755070,755141,44319,319
1790920770,15830780,16287784960,0,0,,20,0,0,0,209917,7513189,864087,864153,48348,348
1790920771,17645768,18151354368,0,0,,19,0,0,0,243174,8678273,973896,973969,52377,377
1790920772,19546228,20099457024,0,0,,21,0,0,0,278204,9890573,1088539,1088609,56406,406
1790920773,21417988,22019608576,0,0,,23,0,0,0,313410,11154126,1201925,1201997,60435,435
1790920774,23284240,23935205376,0,0,,21,0,0,0,347568,12454130,1316294,1316369,64464,464
1790920775,25064600,25758404608,0,0,,22,0,0,0,382763,13816561,1424708,1424779,68493,493
1790920776,26779756,27516940288,0,0,,22,0,1,0,419354,15232715,1528956,1529020,72522,522
1790920777,28455800,29236576256,0,0,,16,0,1,0,456450,16671154,1631018,1631090,76551,551
1790920778,30085236,30907060224,0,0,,13,0,1,0,492696,18178530,1730930,1731002,80580,580
1790920779,31523744,32382824448,0,0,,17,0,1,0,514916,19599434,1818121,1818189,96596,694
1790920781,32948904,33841422336,0,0,,18,0,1,0,536043,21041644,1905475,1905548,114009,818
1790920782,34327768,35256975360,0,0,,20,0,1,0,556406,22442871,1989344,1989418,133605,958
1790920783,35676260,36640137216,0,0,,19,0,1,0,576436,23906586,2071417,2071493,153437,1100
1790920784,36974884,37970808832,0,0,,17,0,1,0,597468,25389513,2150194,2150268,173024,1239
1790920785,38217748,39245279232,0,0,,19,0,1,0,616259,26876137,2226003,2226083,195962,1403
1790920786,39441600,40500801536,0,0,,17,0,1,0,636183,28387158,2300404,2300483,218247,1561
1790920787,40658292,41748480000,0,0,,18,0,1,0,655686,29936869,2374152,2374230,239740,1714
1790920788,41864980,42985984000,0,0,,16,0,2,1,675089,31468690,2447798,2447878,261462,1869
1790920789,42991376,44140265472,0,0,,17,0,2,1,695551,33068997,2516735,2516816,285313,2039
1790920790,44138728,45318135808,0,0,,12,0,2,1,716047,34686705,2586376,2586455,306447,2190
1790920791,45251168,46460465152,0,0,,17,0,2,1,715958,36334954,2653654,2653730,327821,2343
1790920792,46333408,47568650240,0,0,,20,0,2,1,737223,37983618,2719905,2719983,347966,2488
1790920793,47421112,48685125632,0,0,,11,0,2,1,759292,39657594,2785911,2785990,368110,2632
1790920794,48454276,49744465920,0,0,,16,0,2,1,795638,41362081,2848464,2848543,388255,2777
1790920795,49505916,50821689344,0,0,,17,0,2,1,801518,43041671,2912766,2912843,408399,2921
1790920796,50525420,51866750976,0,0,,18,0,2,1,822885,44762407,2975070,2975148,428544,3066
1790920797,51543160,52912205824,0,0,,12,0,2,1,843832,46489722,3036918,3036994,448688,3210
1790920798,52557708,53951479808,0,0,,16,0,2,1,864805,48253120,3099040,3099112,468833,3355
1790920799,53551440,54971465728,0,0,,14,0,2,1,886322,50002542,3159760,3159840,488978,3500
1790920800,54523840,55967707136,0,0,,13,0,2,1,908116,51774562,3219317,3219395,509123,3645
1790920801,55441456,56909697024,0,0,,15,0,2,1,929548,53616222,3275333,3275410,529268,3790
1790920802,56371576,57861541888,0,0,,14,0,2,1,950507,55419540,3332272,3332351,549414,3936
1790920804,57281100,58795593728,0,0,,14,0,2,1,970144,57222954,3388329,3388406,569759,4083
1790920805,58163092,59700375552,0,0,,13,0,2,1,992474,59039814,3442915,3442996,591744,4242
1790920806,59049676,60607586304,0,0,,8,0,2,1,1013634,60851724,3497576,3497650,613699,4402
1790920807,59930316,61511753728,0,0,,18,0,2,1,1033247,62676153,3551932,3552012,635507,4562
1790920808,60794388,62396932096,0,0,,12,0,2,1,1053537,64544904,3605224,3605305,657481,4724
1790920809,61641356,63265648640,0,0,,18,0,2,1,1073095,66392625,3657892,3657971,679046,4881
1790920810,62490272,64138145792,0,0,,15,0,3,11,1092704,68234706,3710226,3710305,700988,5042
1790920811,63329824,64997289984,0,0,,20,0,3,11,1112395,70093762,3762115,3762190,722738,5202
1790920812,64167624,65856516096,0,0,,15,0,3,11,1132028,71925255,3814094,3814169,744843,5363
1790920813,64983676,66694111232,0,0,,11,0,3,11,1151802,73825622,3864717,3864798,766662,5524
1790920814,65791392,67523899392,0,0,,16,0,3,11,1171644,75736799,3914719,3914799,787725,5679
1790920815,66591668,68344029184,0,0,,23,0,3,11,1191097,77644379,3964370,3964452,809399,5840
1790920816,67397996,69171011584,0,0,,14,0,3,11,1190967,79524507,4014327,4014406,831399,6001
1790920817,68138012,69923930112,37,0,,15,0,3,11,1210424,81489535,4063168,4063252,851791,6152
1790920818,68136192,69923102720,37,0,,12,0,4,11,1254118,83634688,4117792,4117872,851990,6205
1790920819,68137236,69923401728,37,0,,15,0,4,11,1272711,85580243,4168764,4168842,872191,6376
1790920820,68137104,69923278848,37,0,,17,0,5,11,1315050,87751145,4223658,4223733,872307,6429
1790920821,68138048,69924753408,37,0,,11,0,5,11,1333460,89716577,4274090,4274165,892510,6601
1790920822,68134912,69920780288,37,0,,17,0,5,11,1375343,91880333,4328231,4328313,892623,6652
1790920823,68136392,69922557952,37,0,,12,0,5,11,1392861,93821672,4379092,4379169,912829,6824
1790920824,68137956,69924659200,37,0,,12,0,5,11,1434051,95980918,4433841,4433922,912946,6876
1790920826,68138248,69924372480,37,0,,12,0,5,11,1475213,98155559,4487772,4487844,913055,6927
1790920827,68138192,69924528128,37,0,,14,0,5,11,1492681,100101580,4537560,4537637,933251,7097
1790920828,68137408,69923610624,37,0,,3,0,5,11,1509785,102082953,4587202,4587286,953460,7268
1790920829,68139568,69927112704,37,0,,15,0,5,11,1524703,104051892,4636219,4636300,980265,7492
1790920830,68139520,69926559744,37,0,,16,0,5,11,1536485,105999587,4684487,4684569,1009362,7730
1790920831,68138992,69925216256,37,0,,12,0,5,11,1541174,107935417,4733338,4733416,1034180,7942
1790920832,68138652,69925904384,37,0,,14,0,5,11,1552672,109870579,4781488,4781570,1060532,8161
1790920833,68139584,69926612992,37,0,,17,0,5,11,1562330,111732875,4830678,4830758,1090715,8409
1790920834,68139520,69925539840,37,0,,14,0,5,11,1566773,113670888,4879653,4879736,1114898,8615
1790920835,68135436,69922349056,37,0,,16,0,5,11,1575938,115606246,4928026,4928106,1142160,8842
1790920836,68134624,69920448512,37,0,,20,0,5,11,1586173,117523151,4975152,4975228,1172422,9088
1790920837,68135416,69921574912,37,0,,2,0,5,11,1588922,119475320,5024031,5024104,1195618,9289
1790920838,68134648,69921038336,37,0,,14,0,5,11,1598934,121402601,5072395,5072476,1223671,9520
1790920839,68134456,69920018432,37,0,,13,0,5,11,1608626,123273153,5120641,5120720,1254168,9767
1790920840,68132052,69919186944,10401,0,,12,0,5,11,1591019,124429925,5150043,5150118,1288575,10034
1790920841,68133620,69919956992,17249,0,,16,0,6,13,1575979,125935354,5188031,5188115,1328641,10335
1790920842,68132820,69918400512,23507,0,,0,0,6,13,1561622,127361368,5223706,5223748,1368132,10633
1790920843,68135072,69921542144,23507,0,,21,0,6,13,1572415,129273274,5271956,5272032,1398920,10872
1790920844,68139108,69925089280,27822,0,,12,0,6,13,1557061,130683716,5306456,5306522,1437416,11160
1790920845,68139152,69926125568,32374,0,,17,0,6,13,1542049,132110708,5342877,5342957,1477174,11458
1790920847,68138592,69925068800,32374,0,,13,0,6,13,1551383,134060508,5390280,5390362,1507094,11691
1790920848,68138736,69925482496,32374,0,,13,0,6,13,1556641,135999186,5437964,5438049,1531964,11893
1790920849,68147148,69934157824,32374,0,,17,0,6,13,1566953,137931930,5484744,5484827,1562483,12130
1790920850,68147884,69934358528,32374,0,,17,0,6,13,1571930,139876677,5532773,5532853,1589252,12339
1790920851,68148676,69935411200,32374,0,,17,0,7,17,1580408,141821244,5580554,5580628,1616985,12555
1790920852,68149024,69936582656,32374,0,,14,0,7,17,1588587,143750435,5627636,5627718,1647884,12795
1790920853,68151320,69938679808,32374,0,,18,0,7,17,1591560,145718845,5676626,5676705,1671451,12980
1790920854,68149388,69936693248,32374,0,,13,0,7,17,1601066,147619172,5724359,5724434,1701632,13214
1790920855,68152356,69939699712,32374,0,,15,0,7,17,1605896,149566734,5771954,5772036,1730351,13438
1790920856,68153304,69940215808,32374,0,,16,0,7,17,1610897,151504555,5820678,5820759,1757216,13647
1790920857,68153244,69939843072,32374,0,,13,0,7,17,1619275,153429105,5867614,5867692,1786919,13878
1790920858,68152840,69940195328,32374,0,,18,0,7,17,1622070,155404820,5916147,5916226,1811516,14071
1790920859,68154620,69942292480,32374,0,,15,0,7,17,1629851,157369311,5963405,5963484,1841714,14305
1790920860,68155320,69942013952,32374,0,,18,0,7,17,1636081,159343804,6010650,6010729,1871437,14537
1790920861,68153900,69941301248,32374,0,,14,0,7,17,1639932,161302437,6059264,6059345,1895883,14728
1790920862,68155784,69942210560,32374,0,,21,0,7,17,1648469,163231536,6106620,6106698,1926885,14969
1790920863,68152476,69939322880,32374,0,,14,0,7,17,1655710,165216826,6156301,6156382,1947679,15132
1790920864,68153428,69940572160,32374,0,,16,0,7,17,1671935,167244998,6205111,6205189,1967449,15290
1790920865,68155048,69941960704,32374,0,,11,0,7,17,1689822,169242088,6254543,6254620,1990560,15472
1790920866,68155924,69942882304,32374,0,,12,0,7,17,1697900,171243542,6304725,6304803,2008017,15608
1790920867,68156480,69943447552,32374,0,,17,0,7,17,1714207,173221534,6353787,6353860,2030807,15786
1790920869,68157128,69943586816,32374,0,,9,0,7,17,1731189,175194462,6402438,6402517,2055794,15981
1790920870,68157052,69943996416,32374,0,,16,0,7,17,1739086,177249992,6452162,6452214,2072110,16110
1790920871,68157716,69944868864,32565,0,,19,0,7,17,1750672,179290678,6500643,6500725,2093560,16277
1790920872,68159524,69946810368,32565,0,,18,0,7,17,1764187,181232173,6548835,6548917,2117722,16466
1790920873,68157484,69944205312,32565,0,,17,0,7,17,1777966,183250150,6596619,6596702,2140014,16655
1790920874,68158896,69946429440,32565,0,,17,0,8,19,1790351,185314827,6645041,6645119,2162342,16843
1790920875,68160264,69948088320,32565,0,,16,0,8,19,1798940,187314457,6694094,6694176,2181421,17012
1790920876,68160624,69948469248,39614,0,,17,0,8,19,1803926,188805656,6730803,6730883,2214677,17265
1790920877,68160336,69946863616,39614,0,,11,0,8,19,1794975,190803998,6780032,6780111,2238121,17464
1790920878,68161340,69948162048,39614,0,,13,0,8,19,1807953,192809368,6829133,6829212,2260052,17652
1790920879,68162548,69949644800,39614,0,,15,0,8,19,1826200,194759244,6877370,6877451,2285627,17864
1790920880,68163668,69950521344,39614,0,,13,0,8,19,1831595,196814144,6927292,6927370,2301254,18012
1790920881,68163292,69950148608,39614,0,,15,0,8,19,1848418,198761607,6975951,6976035,2325289,18213
1790920882,68163044,69949915136,39614,0,,11,0,8,19,1862515,200715943,7025109,7025188,2347876,18405
1790920883,68162060,69948628992,46935,0,,11,0,8,19,1857784,202080656,7057839,7057919,2381734,18658
1790920884,68163536,69950660608,46935,0,,15,0,8,19,1865896,204105014,7107693,7107740,2399010,18794
1790920885,68162900,69949980672,46935,0,,14,0,8,19,1882923,206074914,7156470,7156549,2423794,18986
1790920887,68163160,69950767104,60333,0,,0,0,9,22,1877705,207465853,7190731,7190818,2454602,19213
1790920888,68159952,69947240448,60605,0,,18,0,9,22,1871032,209496107,7239396,7239471,2477199,19390
1790920889,68158460,69946023936,72717,0,,16,0,9,22,1862250,210699845,7268394,7268470,2512580,19653
1790920890,68160564,69947338752,83649,0,,12,0,9,22,1846662,211948336,7299948,7300030,2541952,19870
1790920891,68160084,69947641856,83649,0,,13,0,9,22,1866283,213874426,7347158,7347241,2569944,20092
1790920892,68159676,69946429440,87611,0,,0,0,9,22,1868032,215412703,7384954,7385041,2596711,20305
1790920893,68159768,69947609088,90818,0,,17,0,9,22,1863481,217260613,7429637,7429718,2622104,20516
1790920894,68158284,69944791040,104612,0,,0,0,9,22,1866420,218450175,7458879,7458966,2651645,20747
1790920895,68157916,69945180160,105421,0,,17,0,9,22,1861184,220428701,7506849,7506927,2673575,20935
1790920896,68159308,69946585088,105421,0,,0,0,9,22,1874998,222444031,7554892,7554961,2694464,21116
1790920897,68160852,69947678720,105421,0,,11,0,9,22,1892193,224453714,7602988,7603067,2715136,21293
1790920898,68158820,69946089472,105421,0,,13,0,9,22,1906519,226443900,7651483,7651563,2735265,21466
1790920899,68158344,69945102336,105421,0,,10,0,9,22,1921601,228397534,7700548,7700628,2755991,21646
1790920900,68156964,69943668736,109011,0,,0,0,9,22,1929244,230041589,7740842,7740929,2779202,21837
1790920901,68158340,69945331712,128771,0,,12,0,9,22,1896463,230889400,7761373,7761455,2817779,22126
1790920902,68159280,69945798656,135025,0,,16,0,9,22,1889106,232237794,7794171,7794250,2852372,22392
1790920903,68157424,69945196544,135025,0,,15,0,10,22,1905439,234249404,7841913,7841993,2872805,22565
1790920904,68159228,69945745408,135025,0,,11,0,10,22,1917509,236228204,7889043,7889118,2896150,22756
1790920905,68160196,69947011072,135025,0,,15,0,10,22,1931004,238176003,7935940,7936024,2920505,22955
1790920906,68159968,69946208256,135025,0,,14,0,10,22,1940294,240136259,7983522,7983598,2944369,23154
1790920907,68159672,69945978880,138366,0,,15,0,10,22,1921727,241304503,8010748,8010829,2971747,23370
1790920909,68158844,69946130432,138366,0,,18,0,10,22,1933642,243266057,8058795,8058875,2996934,23563
1790920910,68158716,69945470976,138366,0,,16,0,10,22,1946058,245246164,8105971,8106051,3021914,23763
1790920911,68159844,69946912768,140573,0,,13,0,10,22,1927255,246487188,8136965,8137047,3053512,24009
1790920912,68159704,69946773504,141315,0,,13,0,10,22,1934084,248088777,8175836,8175915,3090767,24290
1790920913,68160268,69947736064,141930,0,,7,0,10,22,1923414,249898643,8219224,8219311,3132055,24604
1790920914,68157560,69944815616,142083,0,,11,0,10,22,1916164,251868071,8266289,8266368,3157610,24817
1790920915,68158508,69945491456,142083,0,,19,0,10,22,1925527,253850887,8314698,8314776,3180753,25013
1790920916,68157768,69945761792,143644,0,,14,0,11,22,1931942,255372754,8352800,8352883,3218456,25298
1790920917,68156344,69943611392,144923,0,,5,0,11,22,1920662,257133708,8395683,8395770,3260642,25619
1790920918,68154580,69941493760,145050,0,,16,0,11,22,1912241,259072767,8443865,8443947,3286357,25834
1790920919,68154932,69941833728,145050,0,,16,0,11,22,1922890,261011253,8491692,8491776,3311097,26039
1790920920,68155220,69941895168,145050,0,,18,0,11,22,1935162,262992540,8538130,8538212,3337047,26248
1790920921,68157496,69944750080,145050,0,,11,0,11,22,1944919,264944418,8584931,8585013,3363727,26467
1790920922,68159428,69946732544,145050,0,,15,0,11,22,1951069,266923153,8631991,8632068,3386320,26657
1790920923,68160716,69948280832,146493,0,,14,0,11,22,1951064,268161943,8661890,8661969,3422532,26931
1790920924,68161640,69949440000,147778,0,,14,0,11,22,1924649,269658109,8697493,8697567,3458557,27205
1790920926,68161328,69947621376,149337,0,,15,0,11,22,1910525,271188055,8734445,8734526,3496012,27489
1790920927,68162352,69949140992,150029,0,,10,0,11,22,1896675,272728230,8771675,8771755,3533259,27772
1790920928,68161264,69948575744,151989,0,,13,0,11,22,1905565,274398189,8813063,8813149,3573598,28078
1790920929,68162440,69949882368,153080,0,,1,0,11,22,1894991,276125443,8856510,8856597,3615972,28401
1790920930,68161112,69947408384,153391,0,,19,0,11,22,1886799,278110401,8903473,8903556,3641904,28602
1790920931,68160860,69947666432,153391,0,,16,0,11,22,1897229,280086861,8950408,8950492,3666102,28790
1790920932,68161440,69948510208,153712,0,,15,0,11,22,1905587,282017681,8996547,8996628,3689285,28969
1790920933,68162436,69949829120,153712,0,,18,0,11,22,1917855,283968689,9043616,9043694,3718783,29199
1790920934,68162492,69949579264,155246,0,,14,0,11,22,1911943,285255229,9075114,9075191,3755847,29480
1790920935,68161876,69949476864,155246,0,,13,0,11,22,1921831,287219402,9122251,9122331,3780337,29671
1790920936,68163112,69949759488,155246,0,,10,0,11,22,1925440,289190086,9169758,9169824,3801675,29838
1790920937,68164684,69952106496,155246,0,,15,0,11,22,1934844,291225881,9217319,9217404,3825682,30025
1790920938,68165220,69952151552,155246,0,,17,0,11,22,1943439,293225022,9264277,9264357,3850777,30221
1790920939,68165700,69952897024,155246,0,,12,0,11,22,1953383,295192517,9311619,9311701,3878085,30433
1790920940,68165832,69953249280,155246,0,,5,0,11,22,1959261,297131573,9357708,9357789,3902468,30627
1790920941,68165704,69952385024,155246,0,,14,0,11,22,1964259,299109813,9404551,9404629,3923791,30810
1790920943,68165772,69952204800,155246,0,,8,0,11,22,1974032,301067102,9451518,9451594,3949636,31020
1790920944,68164988,69951897600,155246,0,,16,0,11,22,1982416,302995820,9497653,9497739,3977752,31246
1790920945,68164824,69952249856,157376,0,,18,0,11,22,1958728,304102099,9523769,9523846,4008137,31485
1790920946,68164164,69952094208,158252,0,,1,0,11,22,1962670,305589872,9558694,9558781,4045706,31772
1790920947,68163636,69951115264,159453,0,,3,0,11,22,1950078,307346292,9601243,9601330,4088124,32096
1790920948,68163328,69950967808,160070,0,,16,0,11,22,1936887,309060360,9642775,9642862,4130525,32421
1790920949,68163260,69950210048,160837,0,,18,0,11,22,1924162,310794668,9683723,9683810,4172907,32747
1790920951,68163640,69951283200,161718,0,,13,0,11,22,1910993,312514875,9724051,9724132,4215269,33073
1790920952,68162584,69948854272,161971,0,,0,0,12,24,1899701,314305900,9766302,9766389,4249662,33339
1790920953,68162200,69949640704,162421,0,,11,0,12,24,1887350,315769694,9801562,9801640,4279833,33573
1790920954,68162524,69949833216,163326,0,,16,0,12,24,1875227,316765360,9825221,9825301,4315224,33844
1790920955,68164028,69951139840,164181,0,,6,0,12,24,1860599,318325426,9862771,9862837,4352813,34131
1790920956,68161480,69948182528,165422,0,,12,0,12,24,1845690,319810204,9898120,9898204,4389057,34409
1790920957,68160460,69947740160,166866,0,,16,0,12,24,1851785,321332014,9934360,9934447,4427161,34700
1790920958,68161740,69949591552,168391,0,,21,0,12,24,1840599,323118750,9976628,9976710,4469493,35026
1790920960,68162900,69950500864,169428,0,,17,0,12,24,1829104,324850379,10018217,10018301,4511919,35353
1790920961,68164036,69951389696,170225,0,,14,0,12,24,1818150,326642463,10060567,10060649,4554355,35679
1790920962,68164020,69950926848,170929,0,,1,0,12,24,1807865,328489435,10103042,10103129,4590654,35960
1790920963,68163248,69949804544,171900,0,,11,0,12,24,1799663,330022612,10140741,10140822,4625605,36230
1790920964,68164432,69951287296,172348,0,,13,0,12,24,1789485,331495671,10175521,10175584,4661213,36505
1790920965,68163392,69950730240,172348,0,,12,0,12,24,1795505,333491246,10223498,10223579,4681390,36672
1790920966,68164144,69951512576,172348,0,,16,0,12,24,1805601,335492291,10270820,10270899,4703473,36861
1790920967,68163904,69950820352,172348,0,,16,0,12,24,1815926,337458656,10317166,10317246,4727640,37053
1790920968,68164268,69951922176,177413,0,,18,0,12,24,1824012,339324264,10361879,10361961,4750812,37233
1790920969,68165396,69952000000,178068,0,,0,0,12,24,1828256,340363766,10387270,10387357,4780135,37459
1790920970,68161132,69947961344,178794,0,,12,0,12,24,1817521,342080678,10428085,10428164,4812658,37712
1790920971,68161588,69949140992,179705,0,,18,0,12,24,1810567,343393631,10458209,10458286,4848181,37985
1790920972,68162864,69949353984,179705,0,,15,0,12,24,1812959,345367022,10506019,10506099,4868560,38164
1790920974,68163180,69951356928,180221,0,,8,0,12,24,1821429,347275065,10551190,10551277,4908903,38481
1790920975,68164204,69951057920,180720,0,,16,0,12,24,1809888,349086630,10594518,10594605,4951293,38808
1790920976,68164424,69952319488,180932,0,,11,0,12,24,1799564,350945930,10639178,10639265,4993656,39135
1790920978,68163664,69951049728,181378,0,,15,0,12,24,1788587,352802133,10683465,10683552,5036074,39462
1790920979,68164224,69950537728,181457,0,,0,0,12,24,1778488,354612483,10727482,10727569,5070489,39729
1790920980,68164568,69951688704,182413,0,,14,0,12,24,1771348,356089971,10763070,10763145,5104952,39997
1790920981,68164504,69951594496,183171,0,,10,0,12,24,1760152,357556584,10798018,10798098,5139999,40267
1790920982,68165600,69952499712,184698,0,,15,0,12,24,1745215,358996983,10831262,10831347,5173713,40527
1790920983,68166420,69953601536,185169,0,,17,0,12,24,1750012,360408610,10863764,10863841,5207155,40784
1790920984,68166544,69953961984,186237,0,,23,0,12,24,1738604,362154718,10905442,10905524,5247932,41099
1790920985,68167100,69954285568,186484,0,,3,0,12,24,1728080,364012581,10949242,10949329,5290255,41425
1790920987,68166140,69953298432,187186,0,,0,0,12,24,1718196,365894491,10994289,10994376,5332497,41750
1790920988,68168528,69955989504,188367,0,,20,0,12,24,1708210,367760578,11038138,11038220,5375090,42077
1790920989,68169260,69956718592,191819,0,,0,0,12,24,1698006,369583525,11081974,11082061,5412615,42366
1790920990,68169424,69955948544,194022,0,,17,0,12,24,1689391,371216563,11120051,11120132,5442798,42599
1790920991,68168384,69955833856,195337,0,,18,0,12,24,1681190,372474109,11149289,11149371,5477777,42867
1790920992,68166392,69953818624,196400,0,,17,0,12,24,1666567,373958021,11184217,11184297,5510944,43122
1790920993,68165104,69952221184,196400,0,,12,0,12,24,1678895,375952341,11232145,11232226,5534202,43303
1790920995,68163600,69950947328,196400,0,,14,0,12,24,1690485,377962892,11279101,11279179,5558465,43491
1790920996,68164160,69950947328,196400,0,,14,0,12,24,1701702,379931710,11326786,11326872,5584839,43697
1790920997,68164276,69951115264,198185,0,,12,0,12,24,1686813,381140652,11355016,11355091,5615656,43932
1790920998,68164924,69952057344,198185,0,,16,0,12,24,1697183,383113211,11402279,11402358,5638078,44111
1790920999,68164640,69952270336,198185,0,,14,0,12,24,1707107,385069499,11447512,11447589,5660573,44287
1790921000,68166448,69952868352,198185,0,,17,0,12,24,1719885,387078887,11493020,11493097,5686672,44493
1790921001,68166500,69954957312,199317,0,,14,0,12,24,1703048,387972118,11513589,11513669,5714531,44713
1790921002,68166368,69954039808,200122,0,,20,0,12,24,1709457,389485086,11551192,11551274,5750305,44987
1790921003,68164152,69951787008,200266,0,,18,0,12,24,1703388,391369574,11596484,11596570,5779585,45217
1790921004,68164668,69951512576,205805,0,,15,0,12,24,1696151,392719466,11628198,11628273,5812670,45471
1790921005,68166120,69954347008,208232,0,,15,0,12,24,1683038,394216276,11662959,11663040,5846248,45727
1790921006,68166332,69953806336,209027,0,,26,0,12,24,1687243,395523922,11694424,11694508,5877825,45970
1790921007,68166892,69954072576,210593,0,,13,0,12,24,1676268,396798489,11724951,11725032,5911283,46226
1790921008,68164832,69952495616,210593,0,,7,0,12,24,1671233,398756432,11770717,11770791,5941919,46464
1790921009,68165180,69952761856,211203,0,,13,0,12,24,1661935,400302613,11806457,11806536,5967449,46671
1790921010,68164396,69952028672,211203,0,,14,0,12,24,1679573,402331927,11853170,11853250,5987672,46843
1790921012,68163572,69950648320,212396,0,,20,0,12,24,1688567,404030563,11894024,11894102,6023460,47120
1790921013,68163188,69950525440,212634,0,,15,0,12,24,1684226,405943625,11939277,11939356,6054890,47363
1790921014,68163292,69950115840,213642,0,,13,0,12,24,1678890,407503760,11976280,11976361,6085310,47602
1790921015,68162404,69949747200,213642,0,,20,0,13,26,1693234,409445212,12024703,12024786,6106533,47782
1790921016,68163152,69950046208,213642,0,,14,0,13,26,1704921,411439276,12072003,12072081,6129230,47970
1790921017,68164376,69952016384,216809,0,,18,0,13,26,1685237,412369339,12094106,12094184,6155993,48181
1790921018,68163596,69950631936,216809,0,,12,0,13,26,1697701,414352037,12140916,12140999,6177360,48364
1790921019,68162988,69951348736,216809,0,,14,0,13,26,1710292,416335386,12188524,12188607,6200239,48553
1790921020,68164244,69951348736,218363,0,,21,0,13,26,1717715,417903403,12226140,12226223,6238076,48846
1790921022,68162548,69949095936,218702,0,,0,0,13,26,1708436,419803704,12271133,12271220,6274560,49128
1790921023,68163616,69951000576,221056,0,,16,0,13,26,1703644,421321675,12308354,12308438,6304126,49358
1790921024,68163856,69950410752,224428,0,,14,0,13,26,1687791,422527088,12337074,12337155,6332160,49577
1790921025,68164280,69951131648,224428,0,,13,0,13,26,1702120,424523768,12384622,12384702,6353566,49759
1790921026,68165524,69952417792,224428,0,,16,0,13,26,1714989,426493389,12431288,12431371,6378015,49958
1790921027,68165840,69952430080,224428,0,,17,0,13,26,1727476,428492507,12478613,12478650,6401041,50147
1790921028,68165708,69952602112,224428,0,,20,0,13,26,1742612,430431383,12526500,12526586,6426125,50356
1790921029,68163644,69950988288,224428,0,,14,0,13,26,1755691,432390287,12573887,12573969,6447783,50540
1790921030,68163648,69951258624,224428,0,,20,0,13,26,1763267,434375243,12621371,12621445,6466452,50702
1790921031,68163252,69950234624,224428,0,,20,0,13,26,1774153,436347702,12668574,12668656,6486638,50865
1790921032,68163796,69950537728,227051,0,,15,0,13,26,1783992,438249333,12713544,12713621,6508731,51037
1790921033,68164052,69951660032,230827,0,,14,0,13,26,1772341,439160255,12734630,12734699,6539362,51272
1790921034,68163048,69949571072,231769,0,,0,0,13,26,1773976,440676854,12770778,12770865,6572747,51528
1790921035,68160068,69947064320,233222,0,,9,0,13,26,1766724,442422647,12812382,12812465,6605353,51780
1790921036,68161752,69948526592,234633,0,,17,0,13,26,1760795,443838148,12847126,12847206,6638703,52035
1790921037,68163008,69950324736,235719,0,,13,0,13,26,1744220,445283007,12880926,12881007,6672135,52291
1790921038,68161460,69948747776,236466,0,,16,0,13,26,1731540,446798180,12917103,12917181,6707313,52560
1790921040,68162564,69949124608,237696,0,,5,0,13,26,1740738,448480656,12956841,12956928,6745173,52851
1790921041,68160532,69947781120,237768,0,,13,0,13,26,1732788,450428262,13002974,13003053,6774473,53078
1790921042,68160512,69947527168,239149,0,,16,0,13,26,1726992,451607423,13031188,13031270,6807078,53329
1790921043,68161432,69948731392,243827,0,,11,0,13,26,1713480,452973019,13062520,13062598,6839351,53577
1790921044,68162264,69949714432,244933,0,,16,0,13,26,1716910,454429702,13095870,13095948,6872569,53833
1790921045,68162768,69950087168,244933,0,,10,0,13,26,1716747,456378368,13142776,13142850,6897579,54040
1790921046,68163468,69950545920,244933,0,,16,0,13,26,1728483,458362922,13189220,13189297,6917783,54213
1790921047,68161096,69948567552,244933,0,,14,0,13,26,1738989,460307869,13236434,13236512,6937979,54383
1790921048,68161668,69949165568,244933,0,,16,0,13,26,1750285,462296603,13283000,13283081,6958950,54558
1790921049,68162848,69950918656,248586,0,,22,0,13,26,1760474,464149549,13325102,13325185,6998592,54869
1790921050,68163308,69950644224,248586,0,,16,0,13,26,1761736,466120932,13371280,13371357,7026274,55092
1790921052,68163148,69949722624,248586,0,,17,0,13,26,1772822,468123069,13419314,13419389,7046479,55265
1790921053,68164376,69952004096,248586,0,,13,0,13,26,1784315,470137503,13466650,13466731,7066681,55437
1790921054,68164632,69952053248,248586,0,,13,0,13,26,1793864,472137837,13514173,13514257,7087249,55610
1790921055,68164160,69950488576,248586,0,,10,0,13,26,1801883,474156069,13562502,13562588,7107466,55781
1790921056,68165296,69952421888,251425,0,,22,0,13,26,1811315,475989244,13605977,13606059,7147751,56096
1790921057,68164008,69951115264,251524,0,,17,0,13,26,1801440,477894397,13651506,13651592,7180123,56347
1790921058,68164408,69951266816,253261,0,,5,0,13,26,1794906,479289164,13683996,13684080,7212393,56597
1790921059,68165604,69953019904,254743,0,,14,0,13,26,1780173,480659305,13717317,13717404,7242996,56831
1790921060,68167264,69954674688,254743,0,,14,0,13,26,1793563,482651560,13764097,13764180,7265603,57014
1790921061,68168148,69955915776,254743,0,,14,0,13,26,1803469,484633180,13812313,13812393,7287216,57183
1790921062,68167940,69954617344,254743,0,,14,0,14,26,1815338,486618138,13859795,13859875,7310346,57363
1790921063,68168208,69955158016,254743,0,,15,0,14,26,1826595,488563054,13907290,13907372,7333996,57551
1790921065,68167356,69954723840,254743,0,,16,0,14,26,1837550,490574302,13954542,13954615,7358411,57741
1790921066,68166160,69953216512,254743,0,,12,0,14,26,1842340,492615031,14001883,14001945,7378840,57901
1790921067,68165984,69953204224,255024,0,,13,0,14,26,1851572,494590424,14048310,14048387,7401967,58081
1790921068,68167988,69954560000,256087,0,,0,0,14,26,1857764,496293988,14087014,14087101,7433339,58323
1790921069,68164832,69951086592,257121,0,,11,0,14,26,1848818,497898033,14124531,14124610,7465804,58574
1790921070,68165508,69952839680,259732,0,,15,0,14,26,1858285,499264846,14156381,14156445,7499907,58834
1790921071,68162004,69948817408,261167,0,,20,0,14,26,1822675,500719388,14190077,14190155,7533637,59093
1790921072,68161716,69949222912,262337,0,,17,0,14,26,1826072,502033492,14222543,14222618,7566790,59344
1790921073,68163040,69949493248,263087,0,,0,0,14,26,1815199,503902126,14266003,14266090,7605152,59639
1790921074,68163744,69950754816,263903,0,,13,0,14,26,1807489,505629840,14307109,14307187,7633142,59856
1790921075,68162824,69949804544,267097,0,,13,0,14,26,1792304,506435111,14326255,14326335,7659776,60059
1790921076,68164032,69951107072,268052,0,,16,0,14,26,1782668,507876904,14360621,14360704,7695629,60333
1790921078,68164104,69951619072,268671,0,,11,0,14,26,1790042,509740282,14403900,14403987,7735941,60642
1790921079,68164808,69951832064,269031,0,,18,0,14,26,1782192,511611963,14449744,14449822,7768856,60896
1790921080,68163544,69950578688,271753,0,,13,0,14,26,1779419,513131661,14484013,14484096,7802170,61154
1790921081,68165476,69952839680,272378,0,,21,0,14,26,1766462,514606024,14519998,14520080,7835025,61405
1790921082,68167732,69955117056,272965,0,,13,0,14,26,1751002,516024384,14553440,14553521,7867062,61651
1790921083,68166828,69953900544,273148,0,,0,0,14,26,1761124,517769322,14594222,14594309,7898729,61895
1790921084,68166796,69953597440,274199,0,,10,0,14,26,1756565,519289850,14630888,14630964,7931149,62146
1790921085,68168540,69955670016,274831,0,,18,0,14,26,1747494,520728262,14665122,14665184,7964219,62399
1790921086,68167972,69955076096,275645,0,,16,0,14,26,1731879,522178311,14699265,14699345,7997077,62651
1790921087,68167752,69955387392,276773,0,,8,0,14,26,1741631,523824596,14738684,14738763,8032603,62923
1790921088,68168348,69955203072,277053,0,,18,0,14,26,1735421,525736005,14784482,14784561,8065080,63174
1790921089,68169232,69956104192,277925,0,,17,0,14,26,1732347,527206910,14818504,14818584,8097378,63424
1790921090,68170156,69957832704,278838,0,,18,0,14,26,1719306,528650700,14852653,14852733,8129082,63667
1790921091,68170336,69957267456,280174,0,,17,0,14,26,1701869,530019485,14884894,14884972,8162390,63922
1790921092,68169216,69956624384,280174,0,,15,0,14,26,1719448,531970824,14932137,14932216,8186937,64116
1790921093,68169972,69957169152,280174,0,,12,0,14,26,1727633,533986351,14978998,14979077,8207115,64283
1790921094,68168956,69955559424,280174,0,,9,0,14,26,1740505,535966314,15026416,15026497,8229871,64469
1790921096,68169408,69956812800,280174,0,,12,0,14,26,1753025,537901059,15073254,15073339,8253935,64664
1790921097,68168768,69956165632,280174,0,,6,0,14,26,1765640,539900363,15120133,15120215,8276151,64846
1790921098,68167204,69954084864,280174,0,,16,0,14,26,1776582,541895767,15167876,15167957,8298321,65027
1790921099,68168696,69955833856,280174,0,,5,0,14,26,1790618,543822410,15213821,15213903,8321981,65217
1790921100,68168528,69955665920,280174,0,,12,0,14,26,1802370,545876005,15260280,15260356,8345022,65406
1790921101,68168700,69955588096,280174,0,,16,0,14,26,1812388,547830630,15306224,15306309,8367272,65589
1790921102,68167732,69954068480,282128,0,,15,0,14,26,1793387,548822634,15329489,15329574,8395676,65810
1790921103,68167580,69954052096,282848,0,,10,0,14,26,1799848,550291993,15365019,15365106,8431152,66082
1790921104,68166504,69953855488,285732,0,,6,0,14,26,1790707,552196903,15411175,15411262,8473497,66408
1790921105,68165352,69952135168,285871,0,,15,0,14,26,1781926,554179747,15458292,15458367,8498299,66603
1790921106,68164896,69951660032,285871,0,,17,0,14,26,1792803,556124614,15505297,15505381,8523874,66809
1790921107,68165956,69952520192,285871,0,,16,0,14,26,1803752,558074288,15551753,15551833,8547711,67003
1790921109,68164892,69952708608,285871,0,,0,0,14,26,1814521,560035648,15596805,15596891,8570719,67184
1790921110,68165792,69953347584,285871,0,,17,0,14,26,1822750,562025309,15643479,15643557,8594587,67375
1790921111,68165680,69952712704,287692,0,,18,0,14,26,1804418,562902727,15663760,15663846,8622073,67592
1790921112,68166736,69953286144,288970,0,,17,0,14,26,1809912,564459862,15699802,15699871,8660231,67885
1790921113,68164224,69950816256,289930,0,,0,0,14,26,1799329,566264595,15743968,15744055,8695429,68156
1790921114,68164328,69951090688,291760,0,,16,0,14,26,1791203,567765693,15780534,15780611,8728487,68412
1790921115,68165800,69953351680,293176,0,,15,0,14,26,1779997,569141810,15812131,15812207,8761927,68668
1790921116,68164720,69951492096,296125,0,,16,0,14,26,1764509,570467377,15844939,15845015,8795889,68928
1790921117,68166736,69953830912,297714,0,,21,0,14,26,1769531,571879464,15878399,15878481,8829659,69187
1790921118,68164476,69951483904,299840,0,,0,0,14,26,1760994,573744760,15923430,15923517,8859951,69421
1790921119,68165152,69952479232,303710,0,,15,0,14,26,1754477,575029962,15953750,15953783,8894209,69685
1790921120,68165640,69952118784,304457,0,,20,0,14,26,1741842,576425543,15987313,15987392,8928304,69945
1790921122,68167148,69955235840,307587,0,,13,0,14,26,1726923,577848039,16021210,16021290,8961509,70199
1790921123,68167024,69954375680,308216,0,,11,0,14,26,1735605,579490345,16059717,16059804,8999158,70488
1790921124,68166716,69953536000,308688,0,,18,0,14,26,1728461,581443927,16106775,16106855,9025187,70691
1790921125,68163736,69950746624,308688,0,,13,0,14,26,1741094,583460152,16153662,16153739,9047995,70869
1790921126,68165212,69952258048,308688,0,,18,0,14,26,1753250,585466762,16200059,16200138,9071848,71056
1790921127,68164668,69951844352,310257,0,,4,0,14,26,1757542,586652784,16227201,16227288,9101992,71287
1790921128,68166096,69952606208,310840,0,,0,0,14,26,1748271,588544741,16272293,16272380,9136945,71557
1790921129,68164540,69952077824,312043,0,,17,0,15,31,1742709,590042164,16308260,16308340,9170387,71816
1790921130,68164952,69951483904,315204,0,,14,0,15,31,1732044,591468847,16342288,16342371,9204498,72078
1790921131,68164988,69951475712,316111,0,,13,0,15,31,1716481,592861987,16374657,16374741,9236256,72322
1790921132,68166468,69954048000,316632,0,,16,0,15,31,1723960,594425674,16411230,16411317,9271509,72592
1790921133,68167472,69954260992,316772,0,,10,0,15,31,1716844,596487512,16458054,16458132,9293811,72766
1790921134,68166288,69953081344,316772,0,,17,0,15,31,1731424,598457801,16504832,16504916,9315585,72938
1790921136,68167340,69954740224,319306,0,,26,0,15,31,1741453,600200869,16545839,16545925,9354204,73234
1790921137,68164836,69951336448,319409,0,,13,0,15,31,1734100,602115000,16590971,16591053,9387437,73491
1790921138,68166612,69953691648,320485,0,,16,0,15,31,1728701,603678437,16628722,16628806,9416525,73715
1790921139,68165620,69952155648,320485,0,,11,0,15,31,1741039,605674464,16676317,16676396,9440148,73899
1790921140,68166192,69953757184,320485,0,,8,0,15,31,1752456,607604628,16721341,16721425,9462586,74074
1790921141,68165328,69952282624,320485,0,,12,0,15,31,1762980,609571659,16767662,16767743,9484964,74260
1790921142,68165628,69952389120,320485,0,,11,0,15,31,1770266,611593441,16815462,16815536,9506885,74444
1790921143,68165728,69952700416,320485,0,,15,0,15,31,1777218,613593244,16862946,16863022,9527842,74622
1790921144,68166560,69953638400,320485,0,,15,0,15,31,1789845,615587664,16909926,16910008,9552200,74822
1790921145,68167364,69954183168,321739,0,,0,0,15,31,1795633,617160764,16946514,16946601,9585272,75080
1790921146,68165880,69952688128,322738,0,,12,0,15,31,1785438,619044915,16991084,16991150,9609839,75271
1790921147,68164912,69952458752,322738,0,,21,0,15,31,1797661,621024748,17037714,17037796,9634384,75462
1790921148,68162784,69949489152,325818,0,,0,0,15,31,1802503,622491762,17072082,17072169,9665611,75701
1790921149,68162616,69949865984,329324,0,,14,0,15,31,1792750,624153470,17112569,17112650,9700099,75966
1790921151,68164272,69951221760,330837,0,,15,0,15,31,1785402,625578132,17147014,17147087,9735237,76236
1790921152,68165784,69953167360,332084,0,,14,0,15,31,1771670,627102662,17181506,17181587,9770542,76504
1790921153,68164128,69950885888,332861,0,,17,0,15,31,1756352,628586095,17217497,17217581,9805453,76772
1790921154,68163836,69950287872,332861,0,,9,0,15,31,1768252,630651586,17264418,17264500,9827905,76946
1790921155,68164376,69951651840,332861,0,,15,0,15,31,1778644,632692944,17311231,17311312,9851279,77128
1790921156,68163992,69951229952,332861,0,,4,0,15,31,1791673,634678733,17358218,17358299,9876665,77326
1790921157,68165392,69952692224,332861,0,,14,0,15,31,1802070,636651521,17405695,17405774,9900270,77510
1790921158,68163152,69950148608,337637,0,,16,0,15,31,1788036,637713847,17430021,17430102,9931013,77744
1790921159,68163896,69950648320,337637,0,,17,0,15,31,1798226,639731263,17477628,17477707,9954163,77925
1790921160,68166292,69953605632,337637,0,,11,0,15,31,1809520,641684453,17524880,17524963,9978911,78117
1790921161,68165680,69952978944,337637,0,,10,0,15,31,1816581,643712379,17572463,17572544,10003126,78311
1790921162,68166124,69953961984,337637,0,,21,0,15,31,1824392,645695693,17619352,17619433,10027503,78507
1790921163,68166072,69952880640,339506,0,,11,0,15,31,1829495,646912655,17648113,17648184,10062558,78776
1790921164,68166636,69953224704,340223,0,,19,0,15,31,1799889,648355913,17680962,17681040,10096684,79038
1790921165,68164728,69951520768,340223,0,,18,0,16,32,1810309,650397401,17728025,17728103,10120243,79221
1790921166,68164240,69950996480,340922,0,,17,0,16,32,1794539,651759240,17759049,17759133,10153190,79474
1790921167,68165752,69952811008,340922,0,,11,0,16,32,1806043,653724472,17807346,17807426,10177624,79665
1790921168,68166636,69953720320,340922,0,,14,0,16,32,1819997,655739414,17854134,17854213,10200884,79847
1790921169,68164464,69951807488,340922,0,,19,0,16,32,1832901,657684450,17901553,17901632,10226968,80064
1790921170,68165144,69952700416,340922,0,,16,0,16,32,1842883,659647999,17948422,17948498,10249126,80240
1790921171,68166724,69953576960,340922,0,,19,0,16,32,1851107,661614796,17995777,17995853,10269558,80408
1790921173,68167628,69954531328,341175,0,,15,0,16,32,1859747,663581024,18042924,18043008,10290630,80573
1790921174,68168464,69955104768,341175,0,,11,0,16,32,1866485,665602416,18090220,18090299,10312193,80741
1790921175,68167588,69954682880,341175,0,,14,0,16,32,1877727,667600342,18137547,18137628,10335801,80926
1790921176,68167132,69954007040,341175,0,,15,0,16,32,1888206,669586783,18184249,18184328,10359065,81113
1790921177,68165632,69953265664,341175,0,,10,0,16,32,1900241,671534925,18231594,18231675,10384018,81311
1790921178,68166976,69954125824,341175,0,,19,0,16,32,1909089,673441865,18278026,18278108,10408884,81507
1790921179,68166604,69953470464,341175,0,,12,0,16,32,1916323,675359475,18324330,18324411,10433414,81706
1790921180,68166556,69953404928,341175,0,,13,0,16,32,1921360,677353276,18371562,18371641,10453634,81881
1790921181,68167684,69954887680,341175,0,,11,0,16,32,1928012,679379428,18417738,18417820,10476639,82073
1790921182,68167976,69955923968,341175,0,,12,0,16,32,1937306,681335772,18464124,18464201,10502697,82286
1790921183,68167540,69954961408,341175,0,,17,0,16,32,1946269,683278347,18511470,18511548,10528997,82501
1790921184,68169180,69956882432,341175,0,,17,0,16,32,1953916,685198757,18558146,18558227,10554636,82712
1790921185,68167200,69954076672,341175,0,,15,0,16,32,1955748,687193464,18604339,18604418,10575010,82889
1790921186,68165632,69953404928,341175,0,,13,0,16,32,1963228,689133147,18651649,18651733,10598698,83087
1790921187,68166200,69953826816,341175,0,,13,0,16,32,1972781,691101816,18696902,18696984,10624596,83299
1790921188,68166184,69953269760,343114,0,,0,0,16,32,1973121,692286734,18724299,18724386,10655541,83545
1790921189,68165096,69952786432,343875,0,,0,0,16,32,1960870,694166968,18767522,18767609,10691067,83819
1790921190,68163000,69950496768,344786,0,,14,0,16,32,1950589,695688592,18803608,18803687,10726960,84097
1790921191,68163368,69951434752,345458,0,,6,0,16,32,1937111,697179485,18840046,18840130,10762727,84373
1790921192,68163796,69951070208,346679,0,,16,0,16,32,1925054,698627856,18872799,18872877,10798823,84649
1790921194,68165128,69952495616,347619,0,,11,0,16,32,1909585,700204898,18908807,18908886,10834678,84924
1790921195,68165856,69952987136,348595,0,,10,0,16,32,1894747,701692962,18943637,18943719,10870521,85200
1790921196,68165660,69952761856,349826,0,,1,0,16,32,1899289,703323276,18981941,18982028,10909900,85500
1790921197,68166508,69953617920,351499,0,,13,0,16,32,1887688,705186807,19024745,19024829,10952499,85826
1790921198,68163144,69949894656,351499,0,,18,0,17,39,1878577,707112170,19069327,19069406,10987167,86094
1790921199,68161840,69948563456,352937,0,,14,0,17,39,1869228,708707568,19108132,19108210,11016975,86324
1790921200,68162484,69948887040,353137,0,,14,0,17,39,1877516,710712271,19155740,19155819,11038295,86490
1790921201,68163384,69950427136,353137,0,,9,0,18,39,1887359,712727280,19202468,19202544,11062456,86678
1790921202,68163724,69950787584,353137,0,,20,0,18,39,1897302,714709323,19248848,19248924,11086119,86863
1790921203,68165656,69953024000,353137,0,,16,0,18,39,1909708,716648226,19294657,19294738,11112016,87065
1790921204,68166592,69953986560,353137,0,,15,0,18,39,1917956,718606796,19342314,19342394,11137929,87272
1790921205,68166948,69954068480,353137,0,,18,0,18,39,1922570,720616001,19390081,19390158,11158474,87432
1790921206,68167592,69955006464,353557,0,,15,0,19,40,1932860,722580391,19436775,19436856,11182761,87621
1790921207,68165676,69952753664,353557,0,,17,0,20,40,1941512,724566659,19483621,19483704,11207957,87817
1790921209,68166072,69953417216,353557,0,,13,0,20,40,1951806,726527592,19530011,19530091,11235499,88035
1790921210,68166928,69953531904,353557,0,,15,0,20,40,1954788,728502450,19577960,19578036,11258899,88221
1790921211,68165652,69952966656,353557,0,,14,0,20,40,1962012,730497005,19625849,19625933,11281493,88399
1790921212,68166636,69954031616,353557,0,,13,0,20,40,1969999,732477426,19672584,19672663,11305681,88587
1790921213,68165040,69951569920,353557,0,,14,0,20,40,1978304,734428291,19719258,19719343,11332606,88804
1790921214,68166012,69952864256,353557,0,,15,0,21,43,1986651,736371247,19765175,19765252,11358722,89016
1790921215,68165680,69953290240,353557,0,,17,0,21,43,1990321,738323384,19812369,19812451,11383529,89217
1790921216,68167636,69955526656,355517,0,,10,0,21,43,1979753,739515770,19841501,19841580,11420078,89496
1790921217,68166380,69953490944,355517,0,,16,0,21,43,1984101,741501011,19889156,19889231,11443089,89676
1790921218,68164772,69951832064,355517,0,,13,0,21,43,1988628,743538673,19936894,19936978,11464468,89843
1790921219,68166000,69952860160,357550,0,,11,0,22,44,1994443,745121481,19975081,19975154,11503501,90151
1790921221,68167088,69954990080,359386,0,,25,0,22,44,1981090,746878652,20017047,20017129,11546003,90477
1790921222,68165836,69953695744,360772,0,,9,0,22,44,1967148,748613027,20058330,20058417,11588375,90802
1790921223,68165928,69952512000,362109,0,,3,0,22,44,1953349,750349334,20098805,20098892,11630706,91127
1790921224,68161720,69948428288,362957,0,,0,0,23,45,1939978,752083410,20139412,20139499,11667673,91411
1790921225,68161732,69948231680,363811,0,,18,0,23,45,1927856,753740220,20177874,20177955,11703424,91686
1790921226,68161844,69949923328,365131,0,,8,0,23,45,1917448,755161267,20212527,20212604,11737665,91950
1790921227,68162628,69949358080,365131,0,,10,0,23,45,1921121,757100575,20259965,20260045,11764041,92155
1790921228,68164052,69950812160,366012,0,,15,0,23,45,1909712,758308824,20289306,20289384,11800282,92436
1790921229,68163268,69950279680,366012,0,,14,0,23,45,1914618,760351180,20336756,20336834,11821120,92608
1790921231,68164396,69951164416,367331,0,,16,0,23,45,1921635,761987968,20375123,20375203,11860876,92913
1790921232,68164792,69952348160,368272,0,,0,0,23,45,1909120,763731225,20416885,20416972,11903163,93238
1790921233,68164868,69951393792,368496,0,,18,0,23,45,1900069,765694949,20463408,20463487,11929132,93441
1790921234,68163936,69951483904,368496,0,,15,0,23,45,1910042,767697378,20509969,20510049,11955818,93648
1790921235,68163452,69950152704,368496,0,,13,0,23,45,1917922,769664331,20557302,20557379,11981318,93846
1790921236,68161152,69948112896,368496,0,,10,0,24,47,1923903,771598969,20602810,20602895,12006010,94039
1790921237,68163192,69949399040,368527,0,,0,0,24,47,1928928,773561372,20648450,20648537,12029789,94229
1790921238,68164668,69951459328,370120,0,,18,0,24,47,1919326,774594447,20672937,20673016,12066192,94508
1790921239,68165076,69952376832,371321,0,,17,0,24,47,1902418,775978763,20706440,20706494,12101357,94778
1790921240,68165164,69951676416,372921,0,,14,0,24,47,1886748,777422335,20739928,20740007,12137019,95051
1790921241,68163948,69951467520,374124,0,,16,0,24,47,1892234,778886516,20775572,20775649,12173826,95331
1790921242,68163600,69951107072,375050,0,,4,0,24,47,1881651,780673312,20817895,20817982,12215814,95652
1790921244,68164116,69951164416,375961,0,,0,0,24,47,1871106,782488248,20860929,20861016,12253917,95944
1790921245,68163684,69950443520,376434,0,,18,0,24,47,1861940,784126273,20901021,20901100,12289095,96215
1790921246,68163328,69949800448,377390,0,,13,0,24,47,1852440,785576513,20936949,20937027,12322805,96477
1790921247,68163608,69949816832,377390,0,,12,0,24,47,1858298,787631860,20985116,20985196,12342969,96635
1790921248,68162004,69948518400,378260,0,,0,0,24,47,1866850,789317872,21026165,21026252,12373707,96871
1790921249,68162672,69949394944,379896,0,,18,0,24,47,1858574,790740722,21059738,21059803,12409774,97148
1790921250,68163356,69950345216,381154,0,,15,0,24,47,1847506,792266601,21095856,21095931,12446047,97425
1790921251,68162196,69949702144,381154,0,,16,0,24,47,1854408,794224095,21142872,21142949,12468413,97605
1790921252,68163272,69950124032,381154,0,,15,0,24,47,1861033,796206325,21190326,21190402,12489160,97779
1790921253,68163088,69950070784,381154,0,,14,0,24,47,1872801,798194655,21237333,21237405,12514940,97980
1790921254,68163516,69950222336,383904,0,,0,0,24,47,1876340,799533491,21268782,21268869,12546691,98221
1790921255,68164264,69951299584,384291,0,,16,0,24,47,1865767,801374377,21312801,21312882,12572771,98424
1790921256,68164276,69951291392,384291,0,,17,0,24,47,1877223,803343957,21359784,21359865,12598802,98627
1790921257,68163260,69949997056,384291,0,,13,0,24,47,1887549,805270392,21406644,21406724,12625193,98832
1790921258,68163716,69950701568,384291,0,,19,0,24,47,1897395,807227981,21451869,21451952,12651657,99038
1790921259,68162948,69949915136,384291,0,,15,0,24,47,1899440,809194387,21499311,21499389,12672198,99204
1790921261,68162840,69950332928,385817,0,,14,0,24,47,1905848,810903648,21539367,21539454,12712506,99512
1790921262,68163324,69949726720,387458,0,,21,0,24,47,1893706,812693884,21582205,21582282,12754848,99836
1790921263,68165052,69951832064,387731,0,,15,0,24,47,1885374,814620690,21628797,21628871,12782274,100052
1790921264,68165792,69953363968,388753,0,,3,0,24,47,1887915,815955759,21660958,21661045,12817462,100323
1790921265,68161544,69949304832,389889,0,,25,0,24,47,1875771,817730155,21703709,21703793,12859718,100648
1790921266,68160788,69948280832,390068,0,,9,0,24,47,1866422,819726032,21750348,21750427,12886005,100855
1790921267,68162384,69950074880,390068,0,,17,0,24,47,1878771,821663134,21797403,21797486,12913795,101082
1790921269,68161172,69947842560,390068,0,,12,0,24,47,1888505,823627056,21845158,21845233,12939205,101292
1790921270,68161944,69949411328,390068,0,,15,0,24,47,1895205,825625465,21891686,21891766,12962778,101492
1790921271,68162748,69950242816,391277,0,,17,0,24,47,1876769,826588487,21913360,21913434,12989914,101703
1790921272,68164372,69952950272,392118,0,,0,0,24,47,1882017,827895359,21945477,21945564,13025378,101975
1790921273,68162536,69949734912,393191,0,,0,0,24,47,1870159,829709653,21988210,21988297,13063596,102269
1790921274,68162508,69949202432,394229,0,,14,0,24,47,1857652,831343062,22028730,22028810,13098731,102540
1790921275,68163852,69950976000,396976,0,,13,0,24,47,1848599,832683710,22062176,22062258,13134762,102817
1790921276,68166024,69953052672,398010,0,,15,0,24,47,1835603,834106357,22095942,22096025,13170843,103092
1790921277,68167280,69955129344,399139,0,,18,0,24,47,1820193,835584703,22129463,22129541,13206103,103363
1790921278,68167284,69954355200,399839,0,,13,0,24,47,1805420,837028562,22163387,22163468,13241794,103637
1790921279,68167584,69954109440,400637,0,,0,0,24,47,1811934,838603263,22199957,22200044,13277476,103910
1790921280,68167132,69953986560,401435,0,,14,0,24,47,1802360,840502253,22243578,22243661,13303459,104115
1790921282,68166620,69953712128,402740,0,,5,0,24,47,1810682,842147260,22282785,22282872,13342139,104415
1790921283,68167560,69954093056,402749,0,,12,0,24,47,1801743,844112764,22328560,22328640,13373195,104656
1790921284,68165584,69952262144,404107,0,,12,0,24,47,1794608,845483793,22360322,22360401,13409004,104932
1790921285,68165020,69952454656,405675,0,,16,0,24,47,1783654,846990595,22395606,22395684,13444692,105205
1790921286,68163036,69949726720,405675,0,,16,0,24,47,1793954,848976052,22443589,22443666,13467828,105385
1790921287,68164632,69952385024,405675,0,,11,0,24,47,1801149,850996026,22491305,22491389,13489417,105554
1790921288,68164128,69951361024,405675,0,,14,0,24,47,1809150,852940463,22537105,22537188,13509586,105717
1790921289,68162748,69949132800,405710,0,,0,0,24,47,1818603,854797683,22580491,22580578,13533328,105909
1790921290,68164148,69950328832,407033,0,,17,0,24,47,1825676,855851679,22605999,22606078,13569850,106190
1790921291,68164180,69951664128,407033,0,,16,0,24,47,1833742,857875173,22653666,22653747,13592290,106365
1790921292,68163568,69950963712,407033,0,,11,0,24,47,1841408,859941073,22701346,22701423,13612447,106522
1790921293,68163124,69949796352,407033,0,,12,0,24,47,1848187,861968178,22748946,22749024,13633236,106684
1790921294,68163088,69949521920,407033,0,,10,0,25,47,1859744,863952716,22794516,22794597,13657282,106871
1790921295,68163436,69950656512,411144,0,,8,0,25,47,1851763,865411806,22828654,22828741,13693380,107154
1790921297,68164392,69950816256,411366,0,,14,0,26,49,1843034,867412730,22875741,22875823,13718142,107347
1790921298,68165072,69951782912,411366,0,,14,0,26,49,1853214,869376561,22922983,22923059,13743786,107547
1790921299,68165436,69951787008,411366,0,,14,0,26,49,1862852,871300883,22970452,22970529,13769196,107746
1790921300,68163404,69949820928,411366,0,,13,0,26,49,1871719,873299308,23018124,23018202,13794620,107949
1790921301,68163844,69951062016,412071,0,,13,0,26,49,1853960,874298280,23041208,23041290,13824181,108179
1790921302,68163376,69950087168,413064,0,,20,0,26,49,1857911,875720339,23074745,23074825,13859516,108451
1790921303,68164228,69951201280,413610,0,,18,0,26,49,1847215,877618074,23119032,23119114,13901353,108772
1790921304,68162904,69949841408,413610,0,,14,0,26,49,1837067,879649360,23165981,23166063,13925536,108961
1790921305,68162196,69949616128,413610,0,,16,0,26,49,1846120,881625417,23213588,23213668,13950470,109155
1790921306,68163632,69951094784,413610,0,,19,0,26,49,1855884,883530132,23259936,23260021,13974891,109346
1790921307,68164408,69952401408,413610,0,,13,0,26,49,1863937,885484352,23306498,23306571,13998788,109536
1790921308,68164804,69951270912,413610,0,,7,0,26,49,1873665,887414174,23352524,23352606,14024917,109745
1790921309,68164768,69951995904,414440,0,,14,0,26,49,1859338,888580295,23379211,23379296,14060019,110014
1790921310,68165056,69952294912,416623,0,,13,0,26,49,1844354,890021378,23413699,23413780,14095843,110289
1790921311,68164868,69951336448,417499,0,,19,0,26,49,1847645,891391244,23446604,23446684,14129199,110544
1790921313,68162960,69950418944,418763,0,,19,0,26,49,1834749,893256292,23489396,23489475,14171695,110870
1790921314,68163796,69951258624,419861,0,,5,0,26,49,1823203,895073490,23532754,23532841,14213932,111194
1790921315,68160364,69947510784,420080,0,,16,0,26,49,1814375,897062705,23580289,23580350,14238234,111389
1790921316,68159252,69945581568,420080,0,,17,0,26,49,1826778,899069969,23626811,23626892,14262729,111586
1790921317,68161076,69947961344,420080,0,,10,0,27,51,1837663,901058004,23673663,23673744,14287878,111784
1790921318,68162428,69948821504,420080,0,,15,0,27,51,1847384,903051075,23720551,23720632,14313213,111984
1790921319,68162164,69949640704,420080,0,,14,0,27,51,1856518,905047086,23767819,23767901,14336998,112171
1790921320,68162684,69949628416,422955,0,,19,0,27,51,1842933,906202273,23795523,23795604,14368976,112414
1790921321,68163852,69951086592,422955,0,,14,0,27,51,1853407,908145504,23842977,23843060,14392934,112600
1790921322,68163736,69951463424,422955,0,,18,0,27,51,1864064,910137534,23889696,23889772,14417467,112791
1790921323,68163304,69950779392,422955,0,,16,0,27,51,1869917,912071452,23936046,23936123,14439847,112969
1790921324,68165164,69952389120,422955,0,,17,0,27,51,1875348,914081498,23983253,23983332,14460410,113146
1790921325,68163596,69950832640,422955,0,,1,0,27,51,1885369,916031710,24029496,24029560,14483984,113342
1790921327,68163784,69951537152,428273,0,,17,0,27,51,1891161,917574705,24066496,24066573,14521022,113630
1790921328,68163068,69950525440,429034,0,,0,0,28,51,1880460,919512320,24111581,24111668,14563291,113955
1790921329,68162712,69949251584,429270,0,,12,0,28,51,1890662,921489220,24158903,24158978,14589794,114162
1790921330,68162864,69949562880,432263,0,,0,0,28,51,1875780,923037049,24193997,24194084,14625931,114443
1790921332,68162924,69949853696,433425,0,,5,0,28,51,1865021,924887846,24237565,24237652,14668222,114768
1790921333,68161944,69948334080,433664,0,,15,0,28,51,1856579,926858064,24284733,24284814,14693823,114969
1790921334,68162568,69949489152,434773,0,,18,0,28,51,1862518,928430901,24321583,24321664,14730857,115252
1790921336,68161996,69949956096,435444,0,,21,0,28,51,1852890,930360265,24367289,24367369,14773209,115580
1790921337,68162964,69949894656,436670,0,,16,0,28,51,1841268,932192630,24410705,24410786,14815631,115907
1790921338,68161984,69949411328,436670,0,,17,0,28,51,1832413,934137423,24457871,24457952,14841465,116109
1790921339,68162176,69949345792,436670,0,,9,0,28,51,1844402,936144683,24504738,24504817,14866167,116303
1790921340,68163148,69950066688,436670,0,,19,0,28,51,1855206,938164893,24551087,24551172,14890192,116490
1790921341,68163296,69950255104,436670,0,,12,0,28,51,1863628,940202971,24597538,24597617,14913941,116674
1790921342,68163984,69950689280,438161,0,,16,0,28,51,1845579,941222030,24621437,24621511,14944675,116909
1790921343,68165128,69952126976,438161,0,,17,0,28,51,1854672,943205231,24668239,24668318,14970539,117111
1790921344,68166792,69953830912,441256,0,,23,0,28,51,1856478,944336455,24694862,24694942,15001005,117343
1790921345,68165348,69952315392,442210,0,,0,0,28,51,1844855,946161998,24738240,24738327,15038771,117633
1790921346,68163552,69951004672,442859,0,,9,0,28,51,1835349,947820109,24777776,24777842,15072513,117893
1790921347,68163544,69950996480,446958,0,,15,0,28,51,1833503,949229365,24811335,24811419,15107345,118159
1790921348,68164440,69951152128,448407,0,,17,0,28,51,1811842,950614243,24844694,24844774,15142227,118426
1790921350,68164108,69950275584,449615,0,,18,0,28,51,1796224,952021899,24879172,24879253,15176912,118692
1790921351,68162960,69950410752,450645,0,,13,0,28,51,1803762,953537790,24915298,24915379,15212976,118969
1790921352,68162424,69949054976,450645,0,,16,0,28,51,1795477,955409948,24960380,24960464,15247233,119232
1790921353,68163408,69950361600,451791,0,,17,0,28,51,1799983,957009244,24998028,24998108,15277509,119471
1790921354,68163648,69949722624,451791,0,,13,0,28,51,1808750,959045046,25045847,25045923,15297679,119634
1790921355,68162096,69948997632,451791,0,,12,0,30,51,1819456,961053696,25093494,25093571,15320910,119815
1790921356,68159896,69946728448,451791,0,,12,0,30,51,1831455,962986923,25140418,25140498,15345304,120005
1790921357,68160128,69946716160,451791,0,,15,0,30,51,1841458,964966574,25187115,25187194,15369438,120193
1790921358,68160472,69947641856,451791,0,,17,0,30,51,1852507,966970985,25234251,25234333,15393185,120378
1790921359,68161092,69947973632,451791,0,,16,0,30,51,1863586,968931170,25280693,25280773,15418621,120576
1790921360,68160388,69948043264,451791,0,,10,0,30,51,1869160,970915635,25328918,25328999,15438778,120733
1790921361,68158808,69945647104,452416,0,,14,0,30,51,1878486,972854206,25375815,25375893,15461000,120906
1790921362,68160468,69947850752,452416,0,,17,0,30,51,1887145,974809477,25423088,25423167,15486970,121108
1790921363,68162256,69949378560,452416,0,,15,0,30,51,1896305,976791054,25469196,25469274,15512590,121308
1790921364,68163416,69950607360,452416,0,,12,0,30,51,1905734,978809324,25515545,25515614,15538140,121513
1790921365,68164968,69952495616,452416,0,,13,0,30,51,1908056,980790647,25562633,25562708,15559746,121688
1790921366,68165220,69952212992,452416,0,,18,0,30,51,1916710,982727862,25609527,25609606,15583915,121880
1790921367,68166116,69952573440,452802,0,,0,0,30,51,1910829,984167170,25644567,25644654,15611881,122095
1790921368,68167104,69954117632,454695,0,,17,0,30,51,1900977,985652047,25679401,25679482,15647767,122370
1790921369,68166432,69953466368,457229,0,,7,0,30,51,1890832,987229418,25715851,25715931,15684819,122655
1790921370,68164948,69951131648,457229,0,,14,0,30,51,1894937,989263313,25763553,25763631,15704999,122821
1790921372,68165236,69952094208,457229,0,,15,0,30,51,1902874,991265093,25810956,25811037,15726581,122991
1790921373,68166428,69953953792,458877,0,,14,0,30,51,1911231,993214430,25856977,25857058,15749580,123170
1790921374,68168132,69954633728,460873,0,,0,0,30,51,1916776,994526848,25887878,25887965,15777612,123384
1790921375,68166904,69953413120,462527,0,,12,0,30,51,1905766,996001875,25923550,25923630,15811137,123642
1790921376,68167660,69954965504,464674,0,,17,0,30,51,1895530,997311870,25954215,25954297,15846554,123911
1790921377,68167436,69954723840,466220,0,,14,0,30,51,1880550,998713224,25987237,25987320,15880963,124174
1790921378,68165872,69952843776,468341,0,,16,0,30,51,1882252,1000011747,26018744,26018819,15913443,124421
1790921379,68163128,69949792256,468341,0,,18,0,30,51,1873486,1002001788,26065193,26065274,15939974,124628
1790921380,68164972,69951926272,468341,0,,15,0,30,51,1882210,1003950945,26110646,26110730,15964305,124827
1790921381,68164284,69950713856,468341,0,,21,0,30,51,1892036,1005872721,26156661,26156745,15990127,125035
1790921382,68165596,69952860160,468341,0,,17,0,30,51,1900052,1007774010,26202204,26202283,16014852,125236
1790921383,68166868,69953617920,468341,0,,17,0,31,54,1903523,1009730407,26249191,26249269,16036087,125416
1790921384,68163196,69950083072,468341,0,,19,0,31,54,1913542,1011673365,26295215,26295298,16061822,125624
1790921385,68164372,69951574016,468341,0,,21,0,31,54,1922114,1013682501,26341298,26341348,16087963,125833
1790921386,68164840,69952315392,468341,0,,17,0,31,54,1930131,1015694879,26388009,26388087,16112775,126034
1790921387,68165160,69951352832,468341,0,,13,0,31,54,1936063,1017615989,26434175,26434248,16136987,126233
1790921389,68165028,69952430080,470251,0,,14,0,31,54,1939761,1019549025,26480257,26480337,16177500,126550
1790921390,68165280,69951725568,470555,0,,1,0,31,54,1927015,1021313325,26522463,26522550,16211938,126816
1790921391,68164732,69951434752,471336,0,,16,0,31,54,1916595,1022779082,26557696,26557775,16246044,127080
1790921392,68164548,69951975424,472882,0,,20,0,31,54,1906882,1024131261,26590346,26590426,16281180,127349
1790921393,68164940,69951307776,475038,0,,18,0,31,54,1888841,1025472623,26621752,26621832,16314641,127604
1790921394,68165304,69953060864,476291,0,,19,0,31,54,1891094,1026742496,26651675,26651755,16347578,127856
1790921395,68165396,69952905216,477720,0,,17,0,31,54,1879443,1028493384,26693774,26693848,16389206,128175
1790921396,68163816,69949960192,477897,0,,0,0,31,54,1868035,1030302897,26737047,26737134,16423048,128436
1790921397,68163592,69950820352,478816,0,,15,0,31,54,1860404,1031776864,26771361,26771443,16456204,128691
1790921398,68165652,69953245184,480819,0,,12,0,31,54,1847536,1033191622,26804161,26804239,16489941,128948
1790921399,68167196,69954744320,480819,0,,16,0,31,54,1857180,1035156455,26850959,26851036,16513361,129131
1790921401,68168128,69955710976,480819,0,,13,0,31,54,1865082,1037159376,26898063,26898143,16536611,129322
1790921402,68168176,69956030464,480819,0,,13,0,31,54,1873100,1039118887,26944094,26944176,16559603,129506
1790921403,68167580,69954105344,484338,0,,11,0,31,54,1872646,1040100008,26967684,26967764,16592552,129756
1790921404,68167700,69954482176,485712,0,,17,0,31,54,1846125,1041374751,26997582,26997663,16624981,130003
1790921405,68166780,69954318336,487254,0,,20,0,31,54,1852246,1042894201,27033671,27033749,16661699,130283
1790921406,68167236,69953974272,487844,0,,0,0,31,54,1842704,1044806519,27077889,27077976,16699861,130577
1790921407,68167540,69954772992,488292,0,,14,0,31,54,1833101,1046513568,27119149,27119230,16726291,130790
1790921408,68166308,69953327104,488292,0,,16,0,31,54,1843783,1048500741,27166531,27166608,16748764,130965
1790921409,68165504,69953294336,506654,0,,16,0,31,54,1851678,1050260241,27207939,27208020,16770942,131138
1790921410,68166804,69954379776,508419,0,,18,0,31,54,1857125,1051544901,27238569,27238652,16807149,131415
1790921411,68165984,69952987136,508592,0,,14,0,31,54,1847416,1053518684,27286003,27286088,16834290,131626
1790921412,68165248,69952475136,508592,0,,13,0,31,54,1858486,1055486269,27332800,27332884,16860603,131831
1790921413,68166520,69953794048,508592,0,,17,0,31,54,1866323,1057518717,27379355,27379436,16884155,132014
1790921414,68167436,69954199552,510596,0,,14,0,31,54,1867923,1058354437,27398699,27398776,16910297,132214
1790921416,68165868,69953630208,510997,0,,3,0,31,54,1856649,1060178842,27441963,27442050,16945276,132483
1790921417,68162420,69949849600,513480,0,,12,0,31,54,1847775,1061708257,27477970,27478047,16977803,132733
1790921418,68162172,69949030400,514657,0,,15,0,31,54,1834918,1063018738,27508404,27508485,17011890,132994
1790921419,68163968,69950394368,515548,0,,16,0,32,56,1818565,1064295715,27538994,27539077,17045484,133253
1790921420,68164600,69951864832,515548,0,,19,0,32,56,1829302,1066261012,27585294,27585373,17069540,133442
1790921421,68165008,69951610880,516475,0,,21,0,32,56,1832081,1067373625,27611917,27611999,17100371,133680
1790921422,68166484,69953753088,517191,0,,26,0,32,56,1821716,1069303380,27655683,27655770,17142325,134004
1790921423,68165004,69951188992,517551,0,,19,0,32,56,1813423,1071216435,27703619,27703694,17167351,134204
1790921424,68165320,69952040960,517551,0,,10,0,32,56,1824810,1073202487,27750631,27750708,17192285,134399
1790921425,68165740,69952983040,517551,0,,15,0,32,56,1836132,1075190861,27797081,27797160,17216358,134589
1790921426,68164824,69952024576,517551,0,,13,0,32,56,1844477,1077181729,27842969,27843048,17239712,134773
1790921427,68166480,69954289664,517551,0,,14,0,32,56,1853197,1079148767,27889704,27889781,17263757,134966
1790921428,68166208,69952970752,517551,0,,5,0,32,56,1857464,1081069315,27935318,27935400,17285518,135146
1790921429,68166004,69953261568,517551,0,,13,0,32,56,1867481,1083020794,27982924,27983005,17310976,135351
1790921431,68166308,69954891776,517551,0,,15,0,32,56,1877214,1084972959,28029850,28029928,17337221,135562
1790921432,68167396,69954678784,518394,0,,15,0,32,56,1878410,1085972018,28052993,28053080,17366265,135788
1790921433,68164560,69951422464,518989,0,,26,0,32,56,1866611,1087783542,28095927,28096012,17408644,136114
1790921434,68164688,69952163840,519163,0,,14,0,32,56,1855995,1089823321,28142786,28142869,17432585,136301
1790921435,68166104,69953097728,519163,0,,17,0,32,56,1865551,1091783805,28190036,28190115,17457391,136494
1790921436,68165776,69952786432,519163,0,,13,0,32,56,1875289,1093741488,28237089,28237171,17482924,136693
1790921437,68165088,69951791104,519163,0,,17,0,32,56,1884403,1095711857,28282914,28282992,17509211,136904
1790921438,68165852,69952585728,520584,0,,12,0,32,56,1866695,1096829297,28308600,28308680,17540356,137145
1790921439,68166348,69954150400,522460,0,,5,0,32,56,1869891,1098164677,28339442,28339529,17573968,137402
1790921441,68165128,69952860160,523476,0,,10,0,32,56,1858167,1100042187,28382728,28382815,17616352,137727
1790921442,68163152,69950042112,524536,0,,0,0,32,56,1846918,1101816670,28426089,28426176,17649661,137985
1790921443,68163284,69950423040,526989,0,,15,0,32,56,1840191,1103216386,28460289,28460373,17683826,138250
1790921444,68163344,69950242816,527881,0,,17,0,32,56,1827102,1104648896,28494309,28494391,17717529,138508
1790921445,68164496,69951967232,527881,0,,15,0,32,56,1836368,1106675129,28540967,28541048,17741423,138697
1790921446,68165028,69951733760,528806,0,,12,0,32,56,1827453,1107827764,28568875,28568953,17773165,138940
1790921447,68164568,69950881792,531606,0,,18,0,32,56,1824185,1109158106,28600518,28600597,17806420,139195
1790921448,68165904,69953150976,531606,0,,20,0,32,56,1815940,1111189396,28647491,28647569,17829867,139377
1790921449,68164704,69951664128,531606,0,,18,0,32,56,1829336,1113152790,28694747,28694830,17853897,139564
1790921450,68165084,69952069632,531606,0,,17,0,32,56,1840238,1115136077,28741437,28741516,17878699,139757
1790921451,68166604,69954387968,531606,0,,14,0,32,56,1848634,1117114608,28788427,28788510,17903876,139953
1790921452,68168284,69955584000,531606,0,,17,0,32,56,1856615,1119090973,28835398,28835471,17929473,140153
1790921453,68169136,69956202496,531733,0,,18,0,32,56,1861223,1121062699,28883421,28883503,17950407,140316
1790921454,68167568,69954859008,531733,0,,16,0,32,56,1872016,1123053623,28929645,28929724,17975598,140512
1790921455,68169300,69956104192,533130,0,,19,0,33,56,1875924,1124354424,28961494,28961581,18010171,140776
1790921457,68165440,69952389120,536508,0,,20,0,33,56,1863439,1126130565,29003723,29003805,18052516,141101
1790921458,68165992,69952974848,537265,0,,19,0,33,56,1852497,1128025346,29047678,29047765,18094885,141427
1790921459,68163400,69950562304,537976,0,,2,0,33,56,1840785,1129809458,29090863,29090950,18130880,141705
1790921460,68163560,69950996480,540381,0,,17,0,33,56,1832342,1131368747,29127921,29128003,18163973,141961
1790921461,68163744,69950619648,543361,0,,18,0,33,56,1828632,1132757770,29160620,29160702,18198841,142228
1790921462,68164928,69951619072,544489,0,,15,0,33,56,1813087,1134170795,29194407,29194487,18232783,142489
1790921463,68165328,69952782336,545874,0,,17,0,33,56,1811025,1135518541,29225813,29225893,18265551,142740
1790921464,68163132,69949497344,546232,0,,0,0,33,56,1800511,1137372455,29268795,29268882,18298693,142996
1790921465,68163396,69950320640,548787,0,,12,0,33,56,1793499,1138842216,29304791,29304872,18329077,143232
1790921466,68164464,69951188992,548787,0,,16,0,34,59,1800731,1140864632,29352957,29353033,18349234,143389
1790921468,68163716,69950603264,550165,0,,1,0,34,59,1810881,1142741851,29396414,29396501,18385395,143667
1790921469,68164224,69950611456,551391,0,,10,0,34,59,1802099,1144421133,29436826,29436906,18418572,143923
1790921470,68164340,69951008768,552477,0,,17,0,34,59,1795235,1145764150,29469503,29469582,18452738,144186
1790921471,68165716,69951918080,555160,0,,19,0,34,59,1778336,1147137293,29501429,29501510,18485012,144433
1790921472,68166540,69953540096,556118,0,,16,0,34,59,1783992,1148478719,29533286,29533367,18517513,144683
1790921473,68167012,69953765376,556727,0,,19,0,34,59,1774976,1150361628,29577978,29578065,18559131,145004
1790921474,68163972,69950418944,556915,0,,6,0,34,59,1770350,1152301341,29625150,29625226,18585793,145224
1790921476,68165080,69951795200,556915,0,,13,0,34,59,1778323,1154321297,29672548,29672626,18606029,145402
1790921477,68164888,69952372736,556915,0,,17,0,34,59,1790626,1156282661,29719136,29719213,18629020,145596
1790921478,68165336,69952442368,556915,0,,18,0,34,59,1799219,1158271172,29764997,29765081,18651640,145777
1790921479,68164292,69951221760,569623,0,,9,0,34,59,1807577,1160052581,29806409,29806490,18672230,145937
1790921480,68163800,69950222336,569623,0,,11,0,34,59,1821296,1161985065,29852531,29852609,18698430,146141
1790921481,68164208,69951418368,570451,0,,10,0,34,59,1802316,1163091901,29878828,29878908,18729235,146378
1790921482,68164064,69951139840,571063,0,,15,0,34,59,1810903,1164799769,29919437,29919524,18769493,146688
1790921483,68164244,69951180800,571781,0,,17,0,35,67,1800400,1166702012,29964259,29964336,18811910,147016
1790921484,68161708,69948854272,571781,0,,7,0,35,67,1792608,1168657069,30011159,30011242,18837620,147229
1790921485,68162924,69950345216,571781,0,,14,0,35,67,1800859,1170623609,30058219,30058295,18859630,147415
1790921487,68163796,69951520768,573553,0,,14,0,35,67,1808183,1172263429,30097438,30097516,18898227,147717
1790921488,68165220,69952417792,573553,0,,14,0,35,67,1798862,1174224737,30141432,30141506,18931712,147976
1790921489,68165804,69953302528,574049,0,,18,0,35,67,1792174,1175763876,30178227,30178302,18966103,148243
1790921490,68165208,69951889408,575333,0,,8,0,36,67,1781396,1177239256,30213172,30213252,19000338,148504
1790921491,68163692,69950365696,581168,0,,16,0,36,67,1764254,1178740557,30247124,30247209,19033311,148757
1790921492,68165200,69951922176,582560,0,,14,0,36,67,1770636,1180224351,30282028,30282115,19067527,149018
1790921493,68162880,69950595072,583999,0,,23,0,36,67,1761915,1182100525,30327421,30327498,19109931,149344
1790921494,68161672,69948248064,584381,0,,18,0,36,67,1753171,1184011697,30372474,30372553,19142432,149595
1790921496,68162944,69949878272,585195,0,,15,0,36,67,1747253,1185395843,30405611,30405690,19176500,149859
1790921497,68163328,69950504960,587513,0,,15,0,36,67,1734906,1186853695,30439089,30439167,19209976,150116
1790921498,68162416,69949251584,588560,0,,26,0,36,67,1736306,1187860933,30463233,30463315,19237093,150326
1790921499,68161856,69948452864,588695,0,,13,0,36,67,1729758,1189855653,30510927,30511010,19261111,150516
1790921500,68162108,69948977152,588695,0,,12,0,36,67,1742350,1191844403,30558469,30558553,19285040,150702
1790921501,68163396,69951098880,588695,0,,18,0,36,67,1754073,1193830284,30605358,30605439,19309960,150896
1790921502,68163312,69949964288,588695,0,,17,0,36,67,1766707,1195778714,30651709,30651791,19333619,151080
1790921503,68164692,69951930368,588695,0,,17,0,36,67,1777831,1197762931,30699255,30699334,19356435,151261
1790921504,68165088,69952065536,588695,0,,18,0,36,67,1788537,1199760210,30746942,30747018,19380141,151446
1790921505,68165352,69951815680,588695,0,,4,0,36,67,1793893,1201781947,30794400,30794473,19400504,151605
1790921506,68165380,69952106496,588695,0,,15,0,36,67,1803299,1203788671,30841554,30841637,19422341,151775
1790921507,68166672,69953724416,588695,0,,14,0,36,67,1814964,1205748633,30888681,30888762,19449097,151984
1790921508,68164396,69951340544,588695,0,,18,0,36,67,1823902,1207771907,30935929,30936005,19472109,152163
1790921509,68162828,69949542400,588695,0,,12,0,36,67,1834774,1209767210,30983223,30983300,19494702,152339
1790921510,68162772,69948706816,588695,0,,13,0,36,67,1842945,1211746856,31029635,31029717,19516005,152506
1790921511,68163016,69949927424,591422,0,,26,0,36,67,1849393,1213464914,31068705,31068787,19533324,152643
1790921512,68161904,69949296640,609781,0,,17,0,36,67,1856986,1214929732,31102945,31103025,19551673,152786
1790921513,68163436,69950107648,611970,0,,23,0,36,67,1859199,1215852430,31125133,31125214,19582118,153019
1790921515,68163768,69950464000,614850,0,,5,0,36,67,1847382,1217693281,31168490,31168574,19624463,153345
1790921516,68162556,69949976576,616853,0,,12,0,36,67,1835797,1219486402,31212104,31212191,19666674,153668
1790921517,68161508,69948108800,617944,0,,0,0,36,67,1825617,1221388162,31256691,31256778,19705037,153963
1790921518,68162700,69949116416,619018,0,,12,0,36,67,1814760,1223163397,31298124,31298157,19731397,154170
1790921519,68163688,69950865408,619185,0,,16,0,36,67,1826446,1225159092,31344629,31344713,19753312,154341
1790921520,68164616,69951156224,619185,0,,13,0,37,73,1837704,1227168582,31391683,31391764,19775905,154517
1790921521,68165336,69952024576,619185,0,,18,0,37,73,1847790,1229143293,31438792,31438858,19800745,154711
1790921523,68165600,69953069056,619185,0,,16,0,37,73,1858027,1231151229,31485495,31485576,19825754,154905
1790921524,68167220,69954465792,624920,0,,16,0,37,73,1839114,1232095984,31508025,31508105,19854866,155127
1790921525,68166432,69952622592,626064,0,,1,0,37,73,1847841,1233899587,31548924,31549011,19891360,155406
1790921526,68164788,69952249856,626760,0,,23,0,37,73,1838245,1235640517,31589401,31589483,19923647,155656
1790921527,68164816,69951229952,628870,0,,11,0,37,73,1830239,1236896777,31620840,31620919,19958523,155923
1790921528,68165488,69952704512,630472,0,,15,0,37,73,1815496,1238274655,31653164,31653245,19992382,156182
1790921529,68165528,69951959040,631673,0,,13,0,37,73,1799511,1239580376,31685027,31685107,20025065,156433
1790921530,68165912,69953658880,633375,0,,4,0,37,73,1808708,1241228155,31724103,31724188,20064534,156736
1790921531,68165728,69953482752,634738,0,,18,0,37,73,1799224,1243098641,31768554,31768635,20106835,157061
1790921533,68165832,69952258048,635040,0,,13,0,37,73,1791300,1244966344,31814028,31814103,20139165,157312
1790921534,68165280,69952770048,636414,0,,14,0,37,73,1785152,1246316294,31846544,31846620,20168687,157539
1790921535,68166436,69953679360,637730,0,,14,0,37,73,1771332,1247590071,31875496,31875575,20200943,157786
1790921536,68165844,69953327104,639285,0,,14,0,37,73,1776712,1248875776,31907060,31907135,20233933,158039
1790921537,68166376,69953617920,639285,0,,14,0,37,73,1770163,1250777281,31951672,31951751,20266869,158295
1790921538,68166704,69953675264,640343,0,,12,0,37,73,1766810,1252274022,31987086,31987168,20299715,158549
1790921539,68167968,69955497984,640782,0,,16,0,37,73,1754131,1253734076,32020786,32020870,20332496,158801
1790921540,68165724,69952397312,640782,0,,14,0,37,73,1767126,1255737572,32067002,32067079,20353725,158981
1790921541,68166284,69952847872,641716,0,,14,0,37,73,1770332,1256918050,32094865,32094949,20382029,159202
1790921542,68164876,69951258624,641716,0,,15,0,37,73,1761596,1258857646,32140328,32140413,20413377,159445
1790921543,68166688,69954179072,642707,0,,11,0,38,73,1755933,1260199056,32172553,32172630,20446490,159702
1790921544,68165164,69951569920,643332,0,,9,0,38,73,1744406,1261616046,32205159,32205235,20480256,159961
1790921545,68165724,69952929792,644596,0,,16,0,38,73,1726297,1263014495,32238504,32238588,20512679,160211
1790921546,68164932,69952385024,645144,0,,24,0,38,73,1737147,1264793850,32280874,32280954,20550929,160505
1790921547,68166276,69952983040,645215,0,,11,0,38,73,1728919,1266679513,32326430,32326493,20583898,160760
1790921548,68166736,69953466368,646201,0,,16,0,38,73,1721479,1268099567,32361456,32361535,20615495,161008
1790921549,68167292,69954535424,646201,0,,9,0,38,73,1731047,1270071221,32407786,32407861,20636809,161187
1790921551,68167824,69955104768,647169,0,,14,0,38,73,1719594,1271082906,32432129,32432206,20669592,161438
1790921552,68168204,69954953216,647934,0,,14,0,38,73,1703701,1272428353,32465361,32465443,20703244,161697
1790921553,68165560,69953052672,648815,0,,13,0,38,73,1712132,1274047241,32504415,32504500,20740640,161985
1790921554,68166536,69953261568,649612,0,,24,0,38,73,1702569,1275911131,32549538,32549621,20782856,162311
1790921555,68167084,69953527808,649773,0,,16,0,38,73,1694804,1277829375,32594831,32594890,20814584,162557
1790921556,68165968,69952962560,651032,0,,16,0,38,73,1692346,1279211031,32627623,32627702,20844959,162795
1790921557,68166016,69952995328,651032,0,,10,0,38,73,1704927,1281246419,32675133,32675211,20866280,162963
1790921558,68166340,69953609728,651898,0,,13,0,38,73,1713788,1283224951,32721263,32721344,20883466,163097
1790921559,68167692,69954953216,652784,0,,15,0,38,73,1725054,1285187608,32767519,32767595,20904005,163257
1790921560,68166880,69954809856,653766,0,,14,0,38,73,1735732,1287154170,32814962,32815040,20925710,163426
1790921561,68166992,69953462272,653969,0,,19,0,39,73,1748781,1289101641,32860120,32860200,20950509,163619
1790921562,68167688,69954936832,655146,0,,12,0,39,73,1732425,1290053086,32881833,32881909,20979719,163843
1790921564,68166144,69953638400,656375,0,,11,0,39,73,1738017,1291533497,32916974,32917061,21015433,164117
1790921565,68165608,69952647168,658396,0,,18,0,39,73,1728644,1293485400,32962427,32962511,21057732,164442
1790921567,68164696,69952741376,659953,0,,0,0,39,73,1719444,1295414331,33008142,33008229,21099675,164765
1790921568,68165536,69952487424,660509,0,,17,0,39,73,1728998,1297374198,33054444,33054523,21125577,164968
1790921569,68167428,69954588672,662295,0,,2,0,39,73,1718459,1299039370,33092144,33092231,21153126,165182
1790921570,68165624,69952819200,663647,0,,9,0,39,73,1713614,1300438085,33125724,33125807,21185823,165435
1790921571,68164436,69951287296,665903,0,,15,0,40,76,1696437,1301785516,33157189,33157272,21216284,165667
1790921572,68163308,69950971904,668010,0,,16,0,40,76,1700817,1303004062,33184999,33185082,21247861,165909
1790921573,68162756,69949603840,668035,0,,1,0,40,76,1693866,1304955490,33231522,33231609,21273245,166112
1790921574,68164124,69951799296,670839,0,,16,0,40,76,1689378,1306038001,33255932,33256014,21307268,166375
1790921575,68165384,69952249856,670839,0,,19,0,40,76,1700043,1308043154,33301954,33302031,21327441,166548
1790921576,68165684,69952565248,670839,0,,20,0,40,76,1713346,1310023329,33348721,33348806,21350489,166739
1790921577,68166084,69952757760,670839,0,,15,0,40,76,1723812,1311950940,33393970,33394051,21372595,166923
1790921578,68167144,69953753088,672714,0,,21,0,40,76,1709232,1313204222,33422726,33422807,21403641,167160
1790921579,68168264,69955002368,677918,0,,18,0,40,76,1713532,1314535456,33454024,33454104,21435745,167406
1790921580,68167064,69953495040,677918,0,,13,0,40,76,1705318,1316400322,33498612,33498692,21467515,167653
1790921581,68168572,69955842048,684129,0,,15,0,40,76,1701693,1317830749,33531960,33532042,21497674,167889
1790921582,68166236,69953982464,686023,0,,17,0,40,76,1682640,1319010081,33559494,33559570,21525037,168106
1790921583,68165672,69952368640,686023,0,,18,0,40,76,1696972,1320882281,33604395,33604477,21557336,168355
1790921584,68165040,69951848448,686984,0,,13,0,40,76,1694067,1322401933,33641607,33641681,21587576,168592
1790921585,68164964,69951856640,686984,0,,0,0,40,76,1704686,1324411236,33688998,33689062,21607765,168765
1790921587,68164364,69952331776,686984,0,,1,0,40,76,1717832,1326438800,33735779,33735848,21629583,168944
1790921588,68164076,69951500288,686984,0,,14,0,40,76,1725947,1328450666,33783422,33783502,21649769,169116
1790921589,68164332,69951221760,688773,0,,17,0,40,76,1713596,1329354851,33805047,33805127,21682027,169363
1790921590,68165872,69952802816,688773,0,,21,0,40,76,1726093,1331329625,33852555,33852636,21706071,169557
1790921591,68163384,69949759488,688773,0,,15,0,40,76,1737125,1333399587,33899314,33899396,21728082,169733
1790921592,68164940,69951889408,688773,0,,13,0,40,76,1748919,1335382723,33946632,33946711,21750359,169910
1790921593,68166580,69953822720,688773,0,,14,0,40,76,1762129,1337389483,33993423,33993503,21773736,170100
1790921594,68168000,69955497984,688773,0,,14,0,40,76,1772183,1339379722,34041333,34041414,21793900,170260
1790921595,68169504,69955993600,690026,0,,21,0,40,76,1754377,1340201257,34060112,34060191,21820509,170463
1790921596,68167912,69954637824,690602,0,,24,0,40,76,1761476,1341731593,34097808,34097888,21856511,170739
1790921597,68167076,69954277376,690602,0,,10,0,40,76,1762709,1343762697,34144702,34144782,21880058,170923
1790921598,68166564,69953265664,690602,0,,14,0,40,76,1774380,1345777816,34191799,34191877,21903011,171102
1790921599,68164632,69952016384,690602,0,,11,0,40,76,1785341,1347782000,34238789,34238866,21927157,171290
1790921600,68164316,69951447040,690602,0,,14,0,40,76,1795164,1349800616,34285644,34285722,21951643,171480
1790921601,68165856,69953540096,690602,0,,13,0,40,76,1808506,1351758467,34332134,34332216,21979027,171693
1790921602,68166672,69953859584,692619,0,,16,0,40,76,1776944,1352621702,34352126,34352204,22002553,171872
1790921603,68168288,69955219456,692619,0,,14,0,40,76,1788445,1354615714,34399860,34399934,22026488,172060
1790921604,68169052,69955764224,693402,0,,1,0,40,76,1794718,1356170130,34435768,34435855,22049892,172242
1790921605,68167176,69954891776,695429,0,,16,0,40,76,1786644,1357366569,34465108,34465190,22082584,172493
1790921606,68168328,69955858432,704211,0,,14,0,40,76,1780368,1358661384,34495633,34495711,22115786,172747
1790921608,68166740,69953400832,705737,0,,19,0,40,76,1775389,1360016649,34527285,34527370,22148020,172995
1790921609,68167424,69954838528,706655,0,,1,0,40,76,1764691,1361778999,34570757,34570844,22189463,173313
1790921610,68166900,69953269760,706809,0,,12,0,40,76,1760422,1363636623,34615272,34615352,22221220,173559
1790921611,68166148,69953085440,708312,0,,21,0,40,76,1757555,1365095025,34650712,34650790,22253509,173808
1790921612,68165180,69951836160,711545,0,,16,0,40,76,1735692,1366348277,34681577,34681654,22284190,174044
1790921613,68165024,69952434176,712584,0,,0,0,40,76,1742144,1367653268,34712410,34712497,22316589,174292
1790921614,68165464,69952905216,712838,0,,11,0,40,76,1734266,1369715087,34758211,34758287,22340336,174477
1790921615,68167124,69953556480,712838,0,,12,0,40,76,1747154,1371669925,34805485,34805564,22363518,174658
1790921616,68165984,69953441792,712838,0,,18,0,40,76,1760185,1373676411,34852631,34852708,22386592,174837
1790921617,68164588,69951225856,712838,0,,14,0,40,76,1771379,1375671645,34900427,34900505,22408556,175008
1790921618,68164580,69951778816,714279,0,,2,0,40,76,1774549,1376800169,34927963,34928050,22439606,175246
1790921619,68164468,69951094784,714620,0,,17,0,40,76,1765278,1378743678,34972973,34973052,22471648,175494
1790921620,68164508,69951684608,715014,0,,13,0,40,76,1763373,1380122407,35006157,35006214,22504003,175745
1790921621,68164648,69951528960,715014,0,,12,0,40,76,1773729,1382088420,35053832,35053914,22524266,175919
1790921623,68166216,69952864256,715014,0,,14,0,40,76,1782749,1384084862,35100467,35100547,22545782,176098
1790921624,68167480,69954674688,715014,0,,15,0,40,76,1789150,1386033954,35147314,35147394,22566367,176275
1790921625,68168732,69956227072,715014,0,,16,0,40,76,1797415,1388017111,35194219,35194291,22586580,176446
1790921626,68169696,69956435968,715014,0,,16,0,41,77,1809218,1389976056,35240550,35240632,22609084,176623
1790921627,68171604,69958701056,715014,0,,9,0,41,77,1820602,1391966782,35287262,35287344,22632358,176808
1790921628,68169388,69957414912,715014,0,,13,0,41,77,1831508,1393940299,35333658,35333740,22653760,176984
1790921629,68169492,69955989504,715014,0,,17,0,41,77,1841456,1395944319,35380478,35380556,22675985,177163
1790921630,68169056,69956325376,715014,0,,9,0,42,80,1851585,1397898028,35427111,35427186,22700462,177356
1790921631,68169980,69957152768,715014,0,,17,0,42,80,1865123,1399807383,35473257,35473336,22727895,177580
1790921632,68169824,69956308992,715014,0,,10,0,42,80,1871206,1401805778,35520696,35520775,22748112,177757
1790921633,68166772,69953695744,715014,0,,15,0,42,80,1878760,1403781004,35565479,35565546,22770914,177943
1790921634,68167440,69954383872,718265,0,,14,0,42,80,1859738,1404702375,35585973,35586054,22795986,178135
1790921635,68166412,69953687552,719795,0,,0,0,42,80,1866138,1406068360,35617212,35617299,22830857,178402
1790921636,68165176,69951811584,720513,0,,0,0,42,80,1854654,1407896084,35661752,35661839,22864941,178666
1790921637,68165812,69953015808,721808,0,,13,0,42,80,1847041,1409402587,35696590,35696672,22895420,178901
1790921639,68164768,69951434752,721808,0,,11,0,42,80,1853751,1411437745,35744182,35744265,22915580,179059
1790921640,68165024,69951660032,721808,0,,19,0,42,80,1863726,1413433320,35790974,35791054,22938066,179236
1790921641,68165304,69951950848,721808,0,,11,0,42,80,1874172,1415374694,35838099,35838176,22963459,179438
1790921642,68165812,69952741376,721808,0,,16,0,42,80,1883529,1417393180,35885004,35885083,22987953,179631
1790921643,68166820,69953757184,724485,0,,18,0,42,80,1864791,1418498024,35911578,35911629,23018445,179864
1790921644,68166716,69953892352,724485,0,,17,0,42,80,1875072,1420462465,35958620,35958694,23043778,180064
1790921645,68166664,69953323008,724485,0,,16,0,43,81,1883832,1422431397,36005500,36005579,23068339,180263
1790921646,68167624,69954564096,724485,0,,13,0,43,81,1893881,1424377579,36052265,36052340,23094062,180469
1790921647,68168640,69955633152,724485,0,,19,0,43,81,1901672,1426356058,36098924,36099002,23119338,180667
1790921648,68168628,69955649536,724485,0,,18,0,43,81,1907142,1428356174,36146605,36146682,23139495,180824
1790921649,68168764,69955227648,724485,0,,18,0,43,81,1917649,1430400853,36193931,36194013,23163576,181012
1790921650,68167652,69954596864,724485,0,,13,0,43,81,1927322,1432413393,36240699,36240770,23188414,181205
1790921651,68169272,69955989504,724485,0,,16,0,43,81,1935962,1434404443,36287571,36287653,23213527,181400
1790921652,68170200,69957996544,724485,0,,17,0,43,81,1940705,1436348748,36334606,36334690,23238067,181591
1790921653,68168348,69956337664,724485,0,,18,0,43,81,1944263,1438294710,36381286,36381366,23260447,181771
1790921655,68166092,69953486848,726648,0,,19,0,43,81,1951183,1439964109,36422635,36422718,23300772,182082
1790921656,68167260,69953888256,728657,0,,22,0,43,81,1938837,1441816312,36465923,36466007,23343135,182407
1790921657,68166436,69953073152,729737,0,,0,0,43,81,1926555,1443660519,36509567,36509654,23377177,182668
1790921658,68165612,69952524288,731549,0,,20,0,43,81,1917913,1445123521,36544420,36544500,23409476,182918
1790921659,68167392,69954600960,733762,0,,15,0,43,81,1909565,1446412233,36573916,36573998,23442213,183167
1790921660,68168116,69955362816,736789,0,,15,0,43,81,1886262,1447677324,36603921,36604003,23475326,183421
1790921661,68167596,69955051520,739186,0,,19,0,43,81,1892421,1449187950,36640236,36640319,23512708,183706
1790921663,68166716,69953331200,740934,0,,0,0,43,81,1882342,1451032056,36684449,36684536,23552866,184015
1790921664,68166300,69953187840,741823,0,,15,0,43,81,1872286,1452803224,36725901,36725980,23584977,184264
1790921665,68162964,69949292544,743418,0,,14,0,43,81,1864703,1454106229,36756694,36756778,23618553,184522
1790921666,68162996,69949841408,745245,0,,15,0,43,81,1849779,1455380365,36786044,36786124,23651391,184774
1790921667,68162584,69950672896,746256,0,,17,0,43,81,1853577,1456701064,36817456,36817533,23683432,185019
1790921668,68163296,69950660608,747727,0,,19,0,43,81,1843347,1458496582,36860294,36860375,23724387,185333
1790921670,68163516,69950611456,749202,0,,9,0,43,81,1834057,1460374754,36904333,36904403,23766913,185659
1790921671,68164604,69951746048,750544,0,,17,0,44,81,1823036,1462202015,36946014,36946093,23809263,185986
1790921672,68164432,69950976000,753682,0,,19,0,44,81,1813078,1464043246,36989308,36989390,23851695,186313
1790921673,68164412,69951238144,754754,0,,2,0,44,81,1803756,1465812128,37033386,37033473,23885766,186577
1790921674,68164892,69950992384,761325,0,,16,0,44,81,1799026,1467233137,37066470,37066544,23917429,186823
1790921675,68164364,69951193088,763061,0,,15,0,44,81,1786331,1468568875,37098066,37098150,23950668,187078
1790921677,68164372,69951164416,763986,0,,19,0,44,81,1770792,1469946565,37131610,37131689,23983415,187330
1790921678,68164384,69951832064,765065,0,,0,0,44,81,1779086,1471592258,37168654,37168741,24021154,187620
1790921679,68164524,69951107072,765732,0,,7,0,44,81,1771822,1473522827,37213581,37213623,24052016,187860
1790921680,68165720,69952610304,769980,0,,16,0,44,81,1766802,1474798590,37244562,37244642,24084696,188111
1790921681,68166424,69953830912,771998,0,,16,0,44,81,1764727,1476095738,37275643,37275725,24116978,188358
1790921682,68165724,69952991232,773641,0,,15,0,44,81,1755211,1477362035,37305140,37305221,24148690,188601
1790921683,68163380,69950189568,774030,0,,0,0,44,81,1746831,1479144234,37349256,37349343,24181371,188853
1790921684,68162840,69949648896,777670,0,,14,0,44,81,1738890,1480502582,37382070,37382149,24212868,189098
1790921685,68164460,69951062016,779057,0,,15,0,44,81,1727071,1481719160,37411268,37411350,24245584,189349
1790921686,68163752,69951094784,780691,0,,20,0,44,81,1732406,1482996129,37441840,37441920,24277204,189592
1790921687,68162536,69950369792,780691,0,,14,0,44,81,1726778,1484950679,37488679,37488750,24301345,189780
1790921689,68163768,69950103552,782568,0,,24,0,44,81,1736133,1486599541,37526466,37526547,24337972,190061
1790921690,68162620,69949906944,783454,0,,20,0,44,81,1728912,1488538956,37572386,37572466,24380309,190386
1790921691,68162192,69948194816,783454,0,,15,0,44,81,1721825,1490477405,37617082,37617160,24411663,190628
1790921692,68163508,69950074880,784568,0,,15,0,44,81,1714806,1491813080,37649133,37649215,24444895,190885
1790921693,68165256,69952647168,785996,0,,11,0,44,81,1702350,1493131086,37679840,37679923,24477053,191131
1790921694,68164900,69951344640,786963,0,,17,0,44,81,1706489,1494412969,37710407,37710486,24508859,191375
1790921696,68163832,69950275584,787641,0,,23,0,44,81,1697719,1496293207,37754902,37754985,24549683,191689
1790921697,68163456,69950033920,789104,0,,13,0,44,81,1689005,1498173243,37800242,37800327,24592239,192017
1790921698,68164396,69951217664,789168,0,,15,0,46,85,1691601,1500174937,37846288,37846371,24616460,192215
1790921699,68165856,69953003520,790942,0,,7,0,46,85,1692095,1501833974,37885493,37885580,24654723,192510
1790921700,68163876,69950701568,791095,0,,16,0,46,85,1685330,1503811847,37932385,37932468,24678281,192696
1790921701,68164888,69952024576,791095,0,,18,0,46,85,1696642,1505793918,37979112,37979194,24700473,192870
1790921702,68166028,69953183744,801643,0,,16,0,46,85,1707513,1507567704,38020657,38020737,24721968,193038
1790921704,68167236,69953908736,802526,0,,19,0,46,85,1714458,1509004119,38054510,38054597,24757593,193312
1790921705,68167524,69954027520,803819,0,,0,0,46,85,1705728,1510926730,38100157,38100244,24789575,193559
1790921706,68167444,69954936832,805166,0,,18,0,46,85,1699260,1512251817,38131264,38131346,24822240,193813
1790921707,68166304,69953736704,805802,0,,15,0,46,85,1684585,1513645746,38163428,38163509,24855146,194065
1790921708,68168092,69954535424,808087,0,,23,0,46,85,1688295,1514794404,38191322,38191403,24884755,194291
1790921709,68166108,69953277952,808087,0,,15,0,46,85,1682048,1516827515,38238916,38238994,24906935,194464
1790921710,68165568,69952720896,808087,0,,18,0,46,85,1694653,1518763605,38284636,38284714,24928384,194631
1790921711,68166144,69953339392,808087,0,,13,0,46,85,1707640,1520784455,38331820,38331859,24950221,194801
1790921712,68163416,69950267392,808299,0,,10,0,46,85,1719322,1522777607,38378334,38378412,24972403,194974
1790921713,68164968,69952385024,808299,0,,15,0,46,85,1730057,1524699055,38423656,38423736,24995424,195153
1790921714,68165592,69952491520,808299,0,,15,0,46,85,1744340,1526651397,38470469,38470549,25020683,195355
1790921715,68165484,69951856640,808299,0,,14,0,46,85,1753577,1528603991,38517867,38517938,25044119,195547
1790921716,68164728,69952126976,810915,0,,19,0,46,85,1735435,1529651314,38541500,38541584,25074322,195781
1790921717,68162200,69948489728,811866,0,,1,0,46,85,1742147,1531205164,38577293,38577380,25108595,196045
1790921718,68161756,69948063744,813108,0,,15,0,46,85,1733892,1532988542,38619838,38619921,25141208,196296
1790921720,68162292,69949390848,816221,0,,14,0,46,85,1726474,1534403164,38653191,38653245,25173406,196544
1790921721,68162512,69948563456,817644,0,,14,0,46,85,1710198,1535674692,38683174,38683255,25204979,196786
1790921722,68162240,69949571072,818577,0,,19,0,46,85,1715886,1537080383,38715345,38715412,25237810,197037
1790921723,68162344,69949935616,819630,0,,10,0,46,85,1707132,1539007303,38761276,38761363,25280151,197363
1790921724,68163672,69950025728,819924,0,,14,0,46,85,1698889,1541006129,38808120,38808201,25305592,197566
1790921725,68164244,69950619648,819924,0,,14,0,46,85,1712282,1542998624,38855665,38855745,25328386,197744
1790921726,68164124,69951782912,819924,0,,17,0,46,85,1724261,1544980829,38902484,38902563,25352284,197930
1790921727,68166224,69953544192,823456,0,,5,0,47,87,1725957,1546125063,38928989,38929076,25383232,198168
1790921728,68166836,69953765376,823493,0,,19,0,47,87,1717735,1548134984,38976613,38976695,25407584,198357
1790921729,68168452,69954904064,823742,0,,14,0,47,87,1728863,1550116823,39023389,39023467,25429422,198527
1790921731,68166260,69953175552,823742,0,,15,0,47,87,1740552,1552124969,39070242,39070311,25452379,198706
1790921732,68166628,69953298432,823742,0,,15,0,47,87,1753235,1554157726,39116750,39116831,25476110,198891
1790921733,68166816,69954457600,823742,0,,11,0,47,87,1763582,1556143197,39164016,39164088,25499178,199070
1790921734,68167576,69955063808,823742,0,,19,0,47,87,1776090,1558074809,39210494,39210571,25522074,199250
1790921735,68166576,69952958464,823742,0,,19,0,47,87,1785423,1560041650,39257376,39257461,25546503,199446
1790921736,68167780,69954732032,823742,0,,9,0,47,87,1791716,1562048537,39305236,39305299,25566669,199607
1790921737,68169356,69956349952,823742,0,,9,0,47,87,1802843,1564040342,39352385,39352466,25589533,199786
1790921738,68167924,69955289088,823742,0,,13,0,47,87,1814242,1566037274,39399060,39399145,25612993,199972
1790921739,68169204,69956714496,823742,0,,16,0,47,87,1824444,1568002485,39446275,39446354,25637282,200163
1790921740,68166900,69952778240,823853,0,,12,0,47,87,1830524,1569940420,39493209,39493289,25657574,200321
1790921741,68166556,69954248704,823853,0,,13,0,47,87,1842502,1571864562,39538878,39538960,25683671,200525
1790921742,68167420,69954105344,823853,0,,16,0,47,87,1852381,1573755395,39584907,39584987,25708121,200724
1790921743,68168656,69955600384,824813,0,,12,0,47,87,1837476,1574852894,39611687,39611765,25738986,200960
1790921744,68166504,69953171456,826055,0,,17,0,47,87,1840409,1576150423,39642334,39642413,25771179,201207
1790921745,68164896,69952053248,826629,0,,11,0,47,87,1829330,1577981208,39687361,39687441,25813069,201529
1790921747,68164640,69950984192,826784,0,,12,0,47,87,1818480,1579927422,39732967,39733046,25844758,201774
1790921748,68163560,69950124032,827705,0,,15,0,47,87,1813053,1581253720,39765654,39765733,25878563,202036
1790921749,68164620,69951565824,829307,0,,12,0,47,87,1799212,1582685268,39799242,39799325,25912235,202294
1790921750,68165132,69951520768,829307,0,,18,0,47,87,1809085,1584645540,39846813,39846893,25934716,202469
1790921751,68165576,69952516096,830513,0,,14,0,47,87,1798608,1585822773,39874016,39874095,25964682,202700
1790921752,68162428,69948579840,834163,0,,0,0,48,89,1798489,1587462434,39912212,39912299,25998023,202958
1790921753,68164052,69950844928,834764,0,,18,0,48,89,1789707,1589090967,39950926,39951009,26031125,203214
1790921754,68164216,69951107072,835219,0,,19,0,48,89,1780837,1590521037,39984082,39984164,26064391,203470
1790921755,68164708,69951086592,838135,0,,12,0,48,89,1763264,1591856025,40015407,40015489,26096482,203717
1790921756,68164896,69952000000,838768,0,,8,0,48,89,1768267,1593202222,40047799,40047886,26129843,203974
1790921757,68165968,69952356352,839025,0,,14,0,48,89,1758176,1595101818,40092339,40092422,26162594,204228
1790921758,68163580,69950455808,840608,0,,17,0,48,89,1753000,1596458648,40125531,40125603,26194466,204475
1790921759,68164616,69951496192,841250,0,,12,0,48,89,1739196,1597823335,40157505,40157585,26226892,204723
1790921760,68163276,69950390272,841250,0,,18,0,49,90,1751903,1599816967,40205565,40205646,26249185,204896
1790921761,68164292,69951180800,841250,0,,14,0,49,90,1762693,1601841850,40252969,40253049,26270323,205060
1790921762,68164376,69951090688,841250,0,,16,0,49,90,1775030,1603833292,40300171,40300249,26292250,205231
1790921763,68164828,69951971328,841250,0,,15,0,49,90,1788167,1605839917,40347308,40347391,26314161,205402
1790921764,68165776,69951741952,841250,0,,12,0,49,90,1795205,1607842601,40394434,40394513,26335542,205569
1790921765,68163108,69950754816,841250,0,,9,0,49,90,1802393,1609850916,40442102,40442179,26355703,205728
1790921766,68162464,69949292544,841250,0,,12,0,49,90,1814965,1611844582,40489257,40489339,26378961,205909
1790921768,68160560,69947367424,841250,0,,16,0,49,90,1824740,1613838168,40536414,40536497,26401740,206087
1790921769,68161348,69948682240,841250,0,,13,0,49,90,1835326,1615794422,40581548,40581631,26424293,206266
1790921770,68162884,69949976576,843260,0,,18,0,51,93,1839254,1617028655,40611506,40611589,26456548,206518
1790921771,68163760,69949825024,843260,0,,17,0,51,93,1829234,1618952622,40656826,40656906,26490143,206778
1790921772,68159816,69947084800,845911,0,,19,0,51,93,1822147,1620445415,40691987,40692048,26523980,207041
1790921773,68160532,69947572224,847134,0,,18,0,51,93,1809454,1621852771,40725774,40725858,26556621,207290
1790921774,68159828,69946232832,849054,0,,14,0,51,93,1791271,1623170735,40756891,40756969,26588102,207531
1790921775,68159900,69945876480,849908,0,,0,0,51,93,1799469,1624805619,40796425,40796512,26621534,207787
1790921776,68160396,69947449344,851553,0,,17,0,51,93,1791602,1626432741,40836106,40836185,26653420,208033
1790921777,68162616,69949456384,853084,0,,17,0,51,93,1782994,1627768711,40866995,40867077,26686763,208287
1790921778,68161564,69948616704,854652,0,,19,0,51,93,1767348,1629143714,40899441,40899518,26718171,208528
1790921779,68163080,69949554688,856179,0,,1,0,51,93,1774086,1630691197,40934895,40934982,26753176,208795
1790921780,68162192,69949247488,856276,0,,13,0,51,93,1766265,1632642284,40979553,40979632,26783618,209031
1790921781,68162000,69948293120,858146,0,,16,0,51,93,1759578,1633904896,41008607,41008687,26814009,209264
1790921782,68163848,69950189568,864598,0,,19,0,51,93,1745198,1635128286,41037900,41037982,26846104,209511
1790921783,68164972,69952086016,864598,0,,18,0,51,93,1755971,1637136260,41085237,41085306,26867632,209679
1790921785,68162864,69949706240,864598,0,,9,0,51,93,1768929,1639134394,41132056,41132137,26891921,209867
1790921786,68162428,69949194240,864598,0,,12,0,51,93,1779938,1641103699,41179681,41179759,26913886,210038
1790921787,68164036,69950636032,864598,0,,17,0,51,93,1792659,1643036176,41226310,41226390,26940778,210251
1790921788,68162852,69949702144,864598,0,,12,0,51,93,1798770,1645049440,41274181,41274257,26960960,210414
1790921789,68164300,69951447040,864598,0,,14,0,51,93,1810654,1647051859,41321417,41321495,26983925,210595
1790921790,68163876,69949890560,864598,0,,15,0,51,93,1821815,1649043447,41368178,41368258,27008529,210788
1790921791,68164400,69951279104,864598,0,,20,0,51,93,1832760,1651023397,41415095,41415176,27032408,210976
1790921792,68164280,69951401984,864598,0,,13,0,51,93,1841776,1652952946,41460694,41460777,27055392,211160
1790921793,68164564,69951459328,864598,0,,17,0,51,93,1854646,1654889968,41506358,41506437,27078817,211350
1790921794,68164312,69950935040,864598,0,,20,0,51,93,1863152,1656837733,41552732,41552817,27101074,211533
1790921795,68165220,69952122880,864598,0,,14,0,51,93,1868695,1658795284,41598105,41598186,27122469,211711
1790921796,68166004,69953200128,864598,0,,17,0,51,93,1875506,1660800516,41644376,41644456,27144208,211890
1790921797,68167284,69954252800,864598,0,,18,0,51,93,1887266,1662743015,41690594,41690673,27168262,212084
1790921798,68166908,69954129920,864598,0,,18,0,51,93,1896183,1664706093,41737651,41737733,27192445,212280
1790921799,68167844,69954531328,866541,0,,1,0,51,93,1897848,1665845870,41764247,41764334,27219204,212489
1790921800,68164896,69951262720,867849,0,,15,0,51,93,1886986,1667573354,41804350,41804430,27250973,212735
1790921801,68166272,69953490944,869768,0,,15,0,51,93,1878302,1668853563,41834901,41834988,27285081,212996
1790921802,68166504,69953753088,872854,0,,17,0,51,93,1860409,1670208171,41866311,41866393,27317032,213241
1790921803,68166448,69953089536,874645,0,,0,0,51,93,1863134,1671527806,41896114,41896201,27346117,213462
1790921805,68165936,69952589824,880331,0,,19,0,52,93,1828712,1672172693,41911456,41911540,27379356,213714
1790921806,68165328,69952991232,882168,0,,23,0,52,93,1834396,1673594137,41944569,41944656,27415096,213987
1790921807,68165080,69953052672,884692,0,,20,0,52,93,1824204,1675342321,41987218,41987300,27457513,214313
1790921808,68166620,69953564672,890322,0,,17,0,52,93,1814611,1677214605,42031569,42031648,27499821,214639
1790921809,68167708,69954478080,890588,0,,0,0,53,95,1805263,1679062149,42075045,42075132,27531725,214886
1790921810,68167168,69954105344,892345,0,,19,0,53,95,1798792,1680398834,42106769,42106853,27562853,215126
1790921812,68165508,69951868928,896953,0,,16,0,53,95,1781738,1681507819,42133468,42133549,27593107,215358
1790921813,68165664,69952393216,898757,0,,0,0,53,95,1788289,1682843719,42164633,42164720,27626952,215617
1790921814,68165580,69952208896,899323,0,,0,0,53,95,1779872,1684720379,42208136,42208223,27664451,215907
1790921815,68167024,69954248704,899801,0,,14,0,53,95,1772520,1686349790,42247979,42248057,27695886,216151
1790921816,68167772,69954985984,900793,0,,14,0,54,96,1776897,1687626366,42278107,42278186,27728212,216399
1790921817,68168532,69956042752,901849,0,,16,0,54,96,1747064,1688844876,42307331,42307412,27760085,216644
1790921818,68166628,69953851392,902777,0,,11,0,54,96,1755278,1690385155,42343757,42343844,27796447,216923
1790921820,68167328,69954281472,904776,0,,0,0,54,96,1746973,1692304014,42388040,42388127,27838846,217249
1790921821,68164376,69951528960,905039,0,,12,0,54,96,1741620,1694225812,42433494,42433568,27869466,217486
1790921822,68165184,69952368640,907785,0,,14,0,54,96,1737037,1695589008,42464695,42464778,27900936,217728
1790921823,68163808,69949898752,911005,0,,16,0,55,98,1722044,1696893729,42495550,42495629,27931800,217966
1790921824,68164284,69951037440,911005,0,,15,0,55,98,1733609,1698894970,42543241,42543325,27955715,218154
1790921825,68163504,69950119936,911005,0,,19,0,55,98,1747234,1700885551,42590700,42590780,27979607,218343
1790921826,68164380,69951004672,911005,0,,15,0,55,98,1759709,1702889515,42637551,42637630,28003463,218534
1790921827,68163904,69950775296,912904,0,,18,0,55,98,1743485,1704067357,42666245,42666323,28033915,218770
1790921828,68163180,69950046208,914645,0,,20,0,55,98,1751510,1705586821,42702807,42702894,28070873,219052
1790921829,68164744,69951586304,915939,0,,0,0,55,98,1742869,1707485900,42747577,42747664,28102621,219297
1790921830,68164932,69952335872,918466,0,,14,0,55,98,1736947,1708806267,42778301,42778383,28133873,219538
1790921831,68164280,69951918080,919977,0,,15,0,55,98,1721202,1709998366,42806703,42806774,28164488,219773
1790921833,68164964,69951860736,924285,0,,20,0,55,98,1728105,1711393009,42839930,42840011,28197995,220030
1790921834,68164760,69951066112,924392,0,,16,0,55,98,1720388,1713316419,42885280,42885361,28228544,220267
1790921835,68163404,69950504960,925679,0,,14,0,55,98,1716136,1714616617,42915485,42915568,28261370,220519
1790921836,68164736,69951365120,926453,0,,20,0,55,98,1701179,1715985695,42947499,42947582,28292921,220761
1790921837,68165476,69952286720,926453,0,,11,0,56,101,1714288,1717956497,42994787,42994869,28316457,220945
1790921838,68165368,69952524288,926453,0,,16,0,56,101,1727270,1719967311,43042136,43042216,28340561,221132
1790921839,68167048,69954740224,929506,0,,14,0,56,101,1709368,1721093162,43068145,43068219,28368611,221347
1790921840,68167764,69953208320,930373,0,,22,0,56,101,1719460,1722835048,43109456,43109543,28408047,221650
1790921841,68167356,69953757184,930566,0,,15,0,56,101,1711435,1724711843,43154267,43154344,28438521,221888
1790921842,68167136,69953556480,931351,0,,12,0,56,101,1704900,1725982807,43184946,43185024,28470402,222133
1790921843,68166184,69952815104,931777,0,,10,0,56,101,1688688,1727213150,43214128,43214208,28501349,222372
1790921844,68168256,69955719168,934271,0,,21,0,56,101,1695718,1728807232,43250652,43250733,28535211,222632
1790921845,68164580,69951172608,934271,0,,18,0,56,101,1688525,1730767829,43296876,43296959,28562095,222841
1790921847,68165352,69951946752,935272,0,,15,0,56,101,1683606,1731863497,43323140,43323217,28594934,223094
1790921848,68166804,69953744896,935272,0,,11,0,56,101,1697187,1733904213,43370277,43370359,28616085,223263
1790921849,68167232,69953650688,935272,0,,21,0,56,101,1709564,1735872255,43418098,43418176,28639483,223450
1790921850,68166768,69953966080,935272,0,,12,0,57,101,1718015,1737886785,43465681,43465760,28660564,223618
1790921851,68167904,69954052096,935272,0,,13,0,57,101,1725271,1739892710,43514002,43514081,28680736,223781
1790921852,68167432,69953609728,935272,0,,15,0,57,101,1737111,1741876841,43561549,43561627,28704121,223963
1790921853,68164480,69951205376,935272,0,,15,0,58,110,1749202,1743840483,43607453,43607530,28726733,224142
1790921854,68164092,69950681088,936187,0,,0,0,58,110,1754555,1745260557,43641938,43642025,28760342,224406
1790921855,68162352,69949386752,937164,0,,14,0,58,110,1745429,1747077725,43685138,43685219,28790608,224641
1790921856,68163400,69949751296,938283,0,,16,0,58,110,1737676,1748346503,43715557,43715639,28822286,224885
1790921857,68164396,69951541248,941054,0,,17,0,58,110,1728996,1749686569,43746855,43746934,28854180,225132
1790921858,68163296,69949530112,941484,0,,0,0,58,110,1727697,1751094560,43781050,43781137,28885463,225373
1790921859,68162548,69949419520,942559,0,,13,0,58,110,1721201,1752819785,43822350,43822428,28916423,225613
1790921860,68162064,69948530688,948552,0,,13,0,58,110,1713510,1754149942,43853923,43854004,28948449,225859
1790921861,68163356,69950492672,949763,0,,15,0,58,110,1698278,1755548700,43886966,43887048,28980095,226102
1790921862,68163072,69950152704,949763,0,,14,0,58,110,1710790,1757565545,43933851,43933927,29002656,226283
1790921863,68165056,69951655936,949763,0,,15,0,58,110,1724796,1759555555,43980977,43981055,29026562,226474
1790921865,68163572,69950914560,952537,0,,0,0,58,110,1725680,1760707835,44009351,44009438,29056088,226704
1790921866,68163624,69950455808,952699,0,,18,0,58,110,1717285,1762719429,44056571,44056653,29080403,226897
1790921867,68164944,69951565824,952699,0,,16,0,58,110,1729811,1764710558,44104025,44104107,29105338,227092
1790921868,68162904,69949767680,952699,0,,20,0,59,110,1742326,1766649198,44151092,44151167,29130759,227291
1790921869,68164160,69951496192,952699,0,,17,0,59,110,1753532,1768614763,44198127,44198205,29154889,227479
1790921870,68164888,69952024576,952699,0,,18,0,59,110,1764077,1770607532,44244203,44244284,29179141,227676
1790921871,68164248,69951352832,952699,0,,11,0,59,110,1770480,1772599862,44292008,44292087,29199303,227835
1790921872,68164144,69950214144,952699,0,,11,0,59,110,1778192,1774600982,44340124,44340201,29219847,227995
1790921873,68164952,69951840256,952699,0,,12,0,59,110,1790626,1776588018,44387779,44387855,29243604,228180
1790921874,68164580,69951143936,952699,0,,20,0,59,110,1802879,1778543046,44434819,44434897,29268038,228370
1790921875,68163168,69950439424,952699,0,,14,0,59,110,1812278,1780484025,44480131,44480190,29290639,228553
1790921876,68163012,69951062016,952699,0,,16,0,59,110,1822265,1782438743,44527559,44527643,29314695,228751
1790921877,68164012,69951238144,952699,0,,12,0,59,110,1833454,1784443174,44575169,44575246,29339642,228954
1790921878,68165304,69952413696,955363,0,,17,0,59,110,1814848,1785600944,44602701,44602770,29369119,229182
1790921879,68165592,69952733184,955859,0,,18,0,59,110,1818672,1787010381,44635959,44636046,29403035,229443
1790921880,68164484,69951913984,955955,0,,15,0,59,110,1809170,1788936751,44681250,44681331,29434516,229688
1790921881,68165372,69951467520,957039,0,,13,0,59,110,1804439,1790364746,44714216,44714294,29466577,229935
1790921883,68163848,69950947328,958072,0,,13,0,59,110,1787675,1791693563,44747891,44747970,29499124,230185
1790921884,68164728,69951037440,958809,0,,0,0,59,110,1772775,1793073942,44781504,44781551,29532117,230439
1790921885,68166124,69953777664,959876,0,,23,0,59,110,1781274,1794851919,44824075,44824158,29572519,230751
1790921886,68165176,69951475712,959876,0,,13,0,59,110,1772953,1796749303,44869450,44869528,29604708,231000
1790921887,68167052,69953933312,961266,0,,17,0,59,110,1767743,1798167518,44902897,44902978,29638080,231259
1790921888,68167744,69955137536,963280,0,,18,0,59,110,1764023,1799606231,44936994,44937074,29671906,231517
1790921889,68167160,69954703360,965630,0,,13,0,59,110,1738194,1801008653,44970568,44970648,29704379,231766
1790921890,68168416,69954711552,966867,0,,0,0,59,110,1747869,1802732482,45011092,45011179,29737973,232024
1790921891,68169684,69956653056,967925,0,,18,0,59,110,1740365,1804373624,45051030,45051114,29769728,232270
1790921892,68169468,69956431872,972384,0,,13,0,59,110,1732041,1805715668,45082320,45082402,29803243,232527
1790921893,68170904,69957369856,978192,0,,16,0,59,110,1716955,1807002743,45113788,45113871,29835264,232773
1790921894,68169796,69956481024,979247,0,,22,0,59,110,1721492,1808416374,45146663,45146743,29869159,233033
1790921895,68167644,69955330048,979593,0,,15,0,60,110,1714138,1810390354,45193165,45193245,29891895,233214
1790921896,68169340,69956595712,979593,0,,14,0,60,110,1728803,1812400588,45239785,45239861,29915278,233396
1790921898,68167804,69954736128,979593,0,,22,0,60,110,1742385,1814375708,45286907,45286991,29938681,233583
1790921899,68169672,69956157440,979593,0,,15,0,60,110,1756620,1816414332,45333824,45333903,29960977,233764
1790921900,68165988,69953134592,979593,0,,14,0,61,118,1768568,1818430744,45380640,45380690,29982959,233940
1790921901,68166316,69953212416,980530,0,,1,0,61,118,1771525,1819656912,45409288,45409375,30012669,234168
1790921902,68167524,69954682880,980802,0,,15,0,61,118,1762667,1821568218,45455100,45455180,30043779,234410
1790921903,68167060,69954519040,982025,0,,15,0,61,118,1757301,1822893464,45486506,45486584,30075568,234654
1790921904,68166336,69953478656,983187,0,,13,0,61,118,1743286,1824192178,45518717,45518789,30107240,234898
1790921905,68167600,69954781184,983963,0,,9,0,61,118,1749484,1825735578,45553792,45553879,30139827,235148
1790921906,68167400,69954809856,984199,0,,19,0,61,118,1742177,1827644113,45599208,45599282,30171125,235391
1790921907,68166312,69953187840,985432,0,,19,0,61,118,1738208,1829036587,45632551,45632635,30203869,235642
1790921908,68166188,69953081344,987047,0,,18,0,61,118,1742935,1830405417,45665726,45665806,30236433,235891
1790921909,68166988,69953638400,988676,0,,19,0,61,118,1728757,1831855708,45699888,45699968,30268427,236135
1790921910,68168012,69955219456,988676,0,,15,0,61,118,1730740,1833773560,45746789,45746870,30296254,236352
1790921911,68166484,69952581632,988968,0,,10,0,61,118,1740995,1835755207,45794644,45794722,30316806,236513
1790921912,68165992,69952602112,988968,0,,17,0,61,118,1750826,1837735746,45842748,45842830,30336964,236671
1790921913,68168000,69954691072,988968,0,,17,0,61,118,1761266,1839745854,45890280,45890356,30357124,236829
1790921914,68166760,69953892352,988968,0,,11,0,61,118,1771684,1841742211,45936679,45936760,30382135,237023
1790921915,68168268,69955756032,992445,0,,10,0,61,118,1763569,1842860816,45963460,45963538,30415425,237277
1790921917,68168552,69955952640,995166,0,,13,0,61,118,1748302,1844226088,45994516,45994594,30446749,237517
1790921918,68168676,69955362816,997945,0,,14,0,61,118,1755107,1845774727,46031547,46031630,30482357,237788
1790921919,68167084,69953458176,999378,0,,0,0,61,118,1747319,1847671667,46077288,46077375,30516688,238052
1790921920,68165960,69952593920,1001918,0,,16,0,61,118,1742095,1849123042,46112327,46112410,30548079,238296
1790921921,68166912,69954854912,1005150,0,,18,0,61,118,1729312,1850430641,46143082,46143134,30580709,238545
1790921922,68167816,69954002944,1008648,0,,13,0,61,118,1713919,1851732102,46174353,46174432,30612751,238790
1790921923,68168752,69955960832,1009445,0,,0,0,61,118,1724332,1853376595,46213783,46213870,30646550,239049
1790921924,68165948,69952557056,1012263,0,,15,0,61,118,1718612,1855021882,46251733,46251812,30677931,239292
1790921925,68166292,69952929792,1013902,0,,10,0,61,118,1709884,1856331655,46283375,46283455,30710268,239540
1790921926,68167592,69955321856,1018882,0,,15,0,61,118,1694209,1857653341,46314255,46314332,30742073,239784
1790921928,68166072,69953216512,1021247,0,,15,0,62,118,1703191,1859280428,46352252,46352339,30778866,240066
1790921929,68167412,69954600960,1021392,0,,14,0,62,118,1699494,1861160420,46398225,46398307,30810720,240313
1790921930,68166772,69953925120,1022725,0,,17,0,62,118,1697074,1862639985,46433285,46433366,30843447,240567
1790921931,68165544,69952421888,1023900,0,,11,0,62,118,1680325,1864220786,46470925,46471006,30872161,240786
1790921932,68163484,69951102976,1023900,0,,12,0,62,118,1697251,1866220773,46518745,46518821,30892322,240945
1790921933,68163232,69950222336,1023900,0,,13,0,62,118,1711333,1868233839,46565054,46565140,30913294,241124
1790921934,68164892,69951746048,1023900,0,,13,0,62,118,1725520,1870164927,46612882,46612960,30935139,241309
1790921935,68165168,69952032768,1023900,0,,13,0,62,118,1739022,1872148380,46660692,46660767,30958680,241504
1790921936,68165356,69952249856,1023900,0,,16,0,62,118,1751413,1874125783,46707305,46707381,30981810,241697
1790921937,68165820,69952987136,1023900,0,,13,0,62,118,1765167,1876141488,46754051,46754131,31005400,241892
1790921938,68166256,69953327104,1023900,0,,9,0,63,120,1776764,1878102270,46801471,46801545,31028214,242081
1790921939,68166516,69953445888,1023900,0,,14,0,63,120,1787741,1880084359,46848710,46848792,31052320,242271
1790921940,68167232,69954465792,1026980,0,,15,0,63,120,1767766,1881019672,46870798,46870875,31078696,242475
1790921941,68168232,69955743744,1029078,0,,22,0,63,120,1776360,1882711720,46910206,46910285,31117304,242770
1790921943,68165580,69952208896,1029078,0,,12,0,63,120,1767585,1884650450,46955130,46955205,31147756,243006
1790921944,68165452,69952573440,1032103,0,,17,0,63,120,1759139,1885929176,46985240,46985322,31178990,243247
1790921945,68166728,69954199552,1035803,0,,15,0,63,120,1742443,1887124808,47013915,47013990,31210794,243491
1790921946,68168136,69956145152,1036779,0,,11,0,63,120,1746774,1888411555,47044280,47044367,31244314,243748
1790921947,68168848,69955293184,1036937,0,,14,0,63,120,1738730,1890315829,47089805,47089886,31274977,243985
1790921948,68168232,69954678784,1038223,0,,14,0,63,120,1732599,1891634547,47120534,47120614,31306951,244231
1790921949,68164852,69951774720,1038223,0,,15,0,63,120,1744424,1893645153,47167873,47167953,31329662,244408
1790921950,68163496,69951176704,1038223,0,,20,0,63,120,1753011,1895698666,47215881,47215960,31349847,244566
1790921951,68163648,69949960192,1038223,0,,22,0,63,120,1761807,1897691535,47263911,47263988,31370006,244724
1790921952,68164216,69951098880,1038223,0,,13,0,63,120,1773633,1899712156,47311066,47311150,31393136,244904
1790921953,68164808,69951143936,1038223,0,,17,0,63,120,1785302,1901674265,47357424,47357505,31418156,245108
1790921954,68163668,69951561728,1038223,0,,14,0,63,120,1797241,1903690865,47404191,47404272,31442239,245306
1790921955,68162688,69949018112,1038223,0,,13,0,63,120,1807609,1905649814,47451363,47451441,31466257,245503
1790921956,68164008,69950627840,1038223,0,,17,0,63,120,1817420,1907658990,47498323,47498405,31490383,245699
1790921957,68164996,69952651264,1038223,0,,12,0,64,121,1822776,1909686519,47545136,47545215,31511235,245877
1790921959,68165840,69952724992,1039762,0,,3,0,64,121,1829801,1911606235,47590499,47590586,31540542,246115
1790921960,68165380,69952528384,1041993,0,,26,0,64,121,1820383,1912860793,47621227,47621308,31571875,246357
1790921961,68165324,69952225280,1043092,0,,16,0,64,121,1803192,1914004254,47647852,47647937,31602644,246594
1790921962,68165788,69952438272,1044170,0,,7,0,64,121,1806430,1915273813,47677096,47677183,31636329,246853
1790921963,68166088,69953011712,1044427,0,,11,0,64,121,1797911,1917246439,47724167,47724249,31661201,247048
1790921964,68165792,69952696320,1044427,0,,15,0,64,121,1809621,1919238741,47771020,47771099,31685904,247242
1790921965,68164512,69950885888,1044427,0,,13,0,64,121,1819719,1921202164,47817156,47817239,31710194,247436
1790921966,68165320,69952233472,1044427,0,,12,0,64,121,1831583,1923173164,47864388,47864474,31735125,247639
1790921967,68166216,69953630208,1044427,0,,13,0,64,121,1841973,1925098684,47911220,47911297,31758607,247833
1790921968,68165128,69952589824,1044427,0,,13,0,64,121,1847357,1927064614,47958443,47958519,31779599,248014
1790921969,68165528,69952716800,1044427,0,,16,0,64,121,1853794,1929081025,48006397,48006476,31799797,248188
1790921970,68166132,69953069056,1044427,0,,15,0,64,121,1864108,1931058417,48053082,48053160,31823302,248381
1790921971,68165360,69952798720,1044427,0,,17,0,65,121,1874356,1933035089,48100018,48100084,31848391,248585
1790921972,68166528,69953761280,1044427,0,,10,0,65,121,1884029,1935036387,48147041,48147122,31873312,248786
1790921973,68163360,69950222336,1044427,0,,12,0,65,121,1893144,1937023512,48193219,48193300,31897341,248981
1790921974,68163976,69950873600,1044427,0,,11,0,65,121,1899527,1938980006,48239944,48240027,31921081,249176
1790921975,68163508,69951094784,1044427,0,,20,0,65,121,1904727,1940934275,48286452,48286531,31942072,249354
1790921976,68163520,69950111744,1044427,0,,15,0,65,121,1915524,1942889172,48333131,48333212,31967737,249561
1790921977,68163700,69950308352,1044427,0,,17,0,65,121,1924023,1944893387,48379269,48379349,31992086,249758
1790921978,68164100,69950959616,1044427,0,,16,0,65,121,1932469,1946851079,48425380,48425454,32016625,249958
1790921980,68164424,69951586304,1044427,0,,20,0,65,121,1940869,1948791220,48472014,48472095,32042140,250166
1790921981,68163156,69950271488,1044427,0,,17,0,65,121,1946649,1950794406,48519719,48519802,32063640,250346
1790921982,68163100,69949190144,1047543,0,,12,0,66,125,1930691,1951772111,48542624,48542703,32094831,250585
1790921983,68162904,69950283776,1048139,0,,17,0,66,125,1932981,1952836243,48567836,48567916,32125071,250816
1790921984,68164304,69952221184,1049804,0,,3,0,66,125,1921008,1954699215,48611277,48611360,32167355,251141
1790921985,68165352,69952294912,1050897,0,,19,0,66,125,1910162,1956623070,48655670,48655757,32209470,251464
1790921987,68167108,69953781760,1051907,0,,0,0,66,125,1898900,1958414008,48699592,48699679,32249414,251771
1790921988,68166408,69953355776,1052369,0,,20,0,66,125,1888106,1960197707,48741444,48741521,32280172,252011
1790921989,68165980,69952901120,1053275,0,,8,0,66,125,1878222,1961413698,48769813,48769878,32312479,252259
1790921990,68165080,69952749568,1054225,0,,11,0,66,125,1861406,1962661194,48798903,48798979,32344270,252504
1790921991,68164940,69952413696,1054859,0,,19,0,66,125,1865484,1964090702,48832621,48832702,32379142,252772
1790921992,68164724,69951909888,1055966,0,,10,0,66,125,1853778,1965930589,48875433,48875520,32421522,253099
1790921994,68164352,69952270336,1056424,0,,1,0,66,125,1843095,1967810504,48919935,48920022,32463605,253424
1790921995,68165020,69951922176,1057580,0,,14,0,66,125,1833705,1969775470,48966200,48966277,32489063,253632
1790921996,68165088,69952249856,1057580,0,,14,0,66,125,1844595,1971698707,49013014,49013098,32515105,253844
1790921997,68162424,69949251584,1058769,0,,15,0,66,125,1846212,1972899051,49041058,49041130,32546849,254089
1790921998,68163956,69951082496,1059546,0,,5,0,66,125,1835743,1974738443,49085886,49085973,32589071,254414
1790921999,68164248,69951619072,1059723,0,,16,0,66,125,1827890,1976720905,49133581,49133660,32612555,254600
1790922000,68163660,69950390272,1059723,0,,16,0,66,125,1839916,1978730105,49180068,49180145,32635943,254785
1790922002,68163876,69950754816,1059723,0,,14,0,66,125,1849574,1980766246,49226674,49226754,32659089,254965
1790922003,68164648,69951266816,1059723,0,,16,0,66,125,1860941,1982763770,49273798,49273879,32684556,255164
1790922004,68165140,69952319488,1059723,0,,12,0,66,125,1870620,1984719147,49319945,49319995,32708333,255349
1790922005,68166324,69953273856,1059723,0,,16,0,66,125,1879819,1986675548,49366724,49366807,32732775,255545
1790922006,68165416,69951963136,1059723,0,,15,0,66,125,1882884,1988679354,49414914,49414993,32752982,255706
1790922007,68166560,69954002944,1059723,0,,14,0,67,125,1893626,1990689396,49461777,49461856,32776970,255895
1790922008,68164828,69952233472,1059723,0,,11,0,67,125,1902608,1992644580,49508694,49508771,32803600,256105
1790922009,68163284,69950152704,1061379,0,,0,0,67,125,1903856,1993675842,49534296,49534379,32833838,256337
1790922010,68164660,69951803392,1063345,0,,12,0,67,125,1891302,1995521778,49576639,49576705,32876243,256663
1790922011,68163980,69951102976,1063345,0,,14,0,67,125,1882378,1997511988,49624310,49624378,32901323,256859
1790922012,68162564,69949845504,1063672,0,,25,0,67,125,1890921,1999463484,49671315,49671398,32925554,257047
1790922014,68162344,69950230528,1063672,0,,12,0,67,125,1901130,2001387268,49717633,49717712,32952041,257255
1790922015,68163364,69949964288,1063672,0,,18,0,67,125,1908320,2003402048,49764872,49764943,32976462,257445
1790922016,68162524,69948841984,1063672,0,,15,0,67,125,1913494,2005421100,49812778,49812860,32999213,257623
1790922017,68163092,69951037440,1063672,0,,0,0,67,125,1922281,2007329679,49857988,49858075,33022203,257802
1790922018,68162876,69949722624,1063672,0,,15,0,67,125,1930065,2009305576,49904915,49904996,33048171,258011
1790922019,68163956,69951598592,1066824,0,,18,0,67,125,1932187,2010477790,49931320,49931393,33079907,258253
1790922020,68164920,69951279104,1067520,0,,1,0,67,125,1919712,2012303629,49973215,49973302,33111211,258495
1790922021,68164784,69951938560,1069770,0,,10,0,67,125,1908314,2013593960,50003188,50003266,33141780,258730
1790922022,68163088,69950197760,1073944,0,,11,0,67,125,1891376,2014650638,50028433,50028510,33173324,258971
1790922023,68162812,69950447616,1075879,0,,1,0,67,125,1894803,2015824257,50057195,50057281,33207039,259229
1790922025,68164224,69951389696,1077551,0,,0,0,67,125,1883197,2017589448,50099597,50099684,33249399,259555
1790922026,68162564,69949153280,1079351,0,,22,0,68,128,1871187,2019335364,50142094,50142175,33291775,259881
1790922027,68161996,69948542976,1080327,0,,1,0,68,128,1860056,2021108764,50184012,50184099,33327537,260157
1790922028,68162728,69949562880,1081743,0,,18,0,68,128,1851089,2022678468,50220566,50220646,33358940,260400
1790922029,68162680,69949730816,1083080,0,,8,0,68,128,1837113,2023862312,50248913,50248965,33391326,260647
1790922030,68162844,69949452288,1084629,0,,21,0,69,129,1820764,2025054645,50276997,50277077,33423823,260897
1790922031,68164044,69951430656,1086394,0,,16,0,69,129,1827992,2026554213,50313241,50313324,33461259,261185
1790922033,68164080,69951500288,1087940,0,,3,0,69,129,1818767,2028405034,50357438,50357525,33503635,261510
1790922034,68163036,69950087168,1089779,0,,15,0,69,129,1808063,2030205595,50400154,50400237,33546044,261836
1790922035,68162860,69950017536,1090410,0,,0,0,69,129,1799187,2032066286,50443602,50443689,33581289,262108
1790922036,68162988,69950103552,1092186,0,,14,0,69,129,1792587,2033582362,50479765,50479842,33612787,262352
1790922037,68161256,69948051456,1098266,0,,13,0,69,129,1780718,2034848141,50509768,50509853,33645323,262599
1790922038,68162672,69949513728,1101259,0,,14,0,69,129,1765493,2036124031,50540057,50540140,33677145,262843
1790922040,68161804,69948624896,1103025,0,,20,0,69,129,1775315,2037730104,50579102,50579181,33715457,263135
1790922041,68161080,69947625472,1103025,0,,16,0,69,129,1769000,2039659276,50625082,50625161,33745465,263368
1790922042,68161152,69949001728,1105909,0,,16,0,70,136,1762510,2040880466,50654015,50654097,33776169,263603
1790922043,68162864,69949726720,1108051,0,,16,0,70,136,1747575,2042097163,50682940,50683024,33806217,263833
1790922044,68162968,69949034496,1109048,0,,0,0,70,136,1756827,2043624966,50719909,50719996,33836953,264069
1790922045,68162224,69949087744,1110285,0,,13,0,70,136,1751737,2045246058,50757211,50757291,33867873,264309
1790922046,68162560,69949865984,1111907,0,,11,0,70,136,1740866,2046493081,50787590,50787671,33899593,264552
1790922047,68163784,69950898176,1119777,0,,16,0,70,136,1724512,2047682575,50816131,50816209,33931224,264794
1790922048,68163524,69949849600,1120404,0,,1,0,70,136,1734368,2049292449,50855358,50855445,33968721,265083
1790922050,68164212,69951594496,1121795,0,,19,0,70,136,1725821,2051151945,50899656,50899740,34012152,265418
1790922051,68165052,69952458752,1123702,0,,4,0,70,136,1717332,2053005230,50943917,50944000,34054572,265745
1790922052,68163040,69949644800,1124375,0,,13,0,70,136,1716045,2055006562,50989836,50989917,34080365,265954
1790922053,68163076,69949939712,1124375,0,,14,0,70,136,1726102,2057010186,51037014,51037094,34100548,266124
1790922054,68164716,69951336448,1124375,0,,13,0,70,136,1738329,2058985628,51084212,51084286,34122651,266306
1790922055,68164652,69952311296,1124375,0,,14,0,70,136,1752307,2060983211,51131000,51131079,34146532,266492
1790922056,68165104,69952819200,1124610,0,,9,0,70,136,1763826,2062987163,51177994,51178069,34169938,266674
1790922057,68163992,69950840832,1124610,0,,12,0,70,136,1776845,2064931687,51224944,51225023,34193297,266856
1790922058,68164552,69951696896,1124610,0,,17,0,70,136,1787640,2066888718,51271758,51271835,34218569,267055
1790922059,68165732,69952643072,1124610,0,,0,0,70,136,1795524,2068866355,51319634,51319698,34241897,267238
1790922061,68166096,69953032192,1124610,0,,8,0,70,136,1803715,2070888186,51367177,51367258,34262960,267403
1790922062,68166096,69953273856,1124610,0,,15,0,70,136,1815633,2072865569,51414285,51414368,34288154,267599
1790922063,68167044,69953970176,1124610,0,,14,0,70,136,1824497,2074837842,51460999,51461070,34312928,267797
1790922064,68167544,69954498560,1124610,0,,15,0,70,136,1834720,2076832405,51506975,51507053,34337481,267995
1790922065,68166348,69953515520,1124610,0,,14,0,70,136,1844445,2078803914,51554177,51554263,34362949,268200
1790922066,68165872,69953835008,1124610,0,,16,0,70,136,1847001,2080810969,51601378,51601456,34383302,268375
1790922067,68166016,69952679936,1124610,0,,14,0,70,136,1857304,2082770511,51648130,51648204,34408197,268575
1790922068,68165684,69952315392,1124610,0,,15,0,70,136,1866078,2084723828,51694752,51694837,34433202,268775
1790922069,68167320,69954793472,1128901,0,,8,0,70,136,1867916,2085820360,51720064,51720147,34463921,269014
1790922070,68168376,69954818048,1129524,0,,0,0,70,136,1856268,2087618770,51763236,51763323,34492325,269235
1790922071,68169452,69956153344,1131392,0,,17,0,70,136,1841629,2088731872,51788753,51788831,34522140,269464
1790922072,68170288,69957304320,1133109,0,,15,0,70,136,1826030,2089728231,51812468,51812544,34552851,269699
1790922073,68167532,69954834432,1134434,0,,0,0,70,136,1833133,2091309698,51849962,51850048,34591173,269993
1790922075,68166496,69953630208,1135872,0,,23,0,70,136,1821524,2093075683,51892734,51892816,34633431,270319
1790922076,68164688,69951815680,1136973,0,,6,0,70,136,1810853,2094939976,51936523,51936610,34675879,270646
1790922077,68163764,69950046208,1137272,0,,1,0,71,136,1800260,2096784464,51980458,51980545,34707593,270892
1790922078,68163564,69950398464,1137950,0,,12,0,71,136,1802546,2098072308,52010882,52010959,34739669,271140
1790922079,68162512,69949575168,1139030,0,,13,0,71,136,1778340,2099402467,52041966,52042049,34772988,271395
1790922081,68163836,69951184896,1139939,0,,15,0,71,136,1762004,2100755801,52073712,52073794,34805810,271647
1790922082,68163060,69949849600,1140747,0,,0,0,71,136,1771974,2102515955,52114152,52114239,34845343,271952
1790922083,68161492,69948231680,1141362,0,,8,0,71,136,1762712,2104430115,52158977,52159064,34887757,272280
1790922084,68161284,69947502592,1142154,0,,1,0,72,138,1753468,2106382186,52204638,52204725,34924664,272565
1790922086,68162692,69948911616,1143879,0,,15,0,72,138,1745772,2107946764,52243566,52243647,34955696,272805
1790922087,68163312,69949878272,1150200,0,,16,0,72,138,1734169,2109181862,52272629,52272710,34987833,273052
1790922088,68160852,69948121088,1151190,0,,12,0,72,138,1718935,2110529234,52303575,52303660,35019367,273296
1790922089,68162596,69949882368,1151509,0,,20,0,72,138,1729550,2112304606,52345368,52345450,35057270,273588
1790922090,68163580,69950656512,1151509,0,,18,0,72,138,1724283,2114194124,52390966,52391044,35088176,273828
1790922091,68164628,69951438848,1153363,0,,20,0,72,138,1720078,2115627021,52424607,52424685,35120908,274080
1790922092,68164612,69950652416,1154122,0,,17,0,72,138,1713592,2117045038,52457792,52457870,35152983,274329
1790922093,68166168,69953298432,1156409,0,,17,0,72,138,1709529,2118473041,52490861,52490943,35184409,274570
1790922094,68167124,69954560000,1156409,0,,15,0,72,138,1703615,2120455257,52538321,52538405,35206580,274745
1790922095,68168372,69955219456,1156409,0,,11,0,72,138,1716471,2122457269,52585977,52586058,35228933,274920
1790922096,68166776,69953155072,1156409,0,,14,0,72,138,1730539,2124474156,52633090,52633168,35252318,275102
1790922097,68167448,69954625536,1156409,0,,12,0,73,138,1742451,2126446112,52680094,52680177,35274793,275279
1790922098,68167076,69954224128,1156409,0,,15,0,73,138,1752388,2128403200,52727902,52727974,35298706,275466
1790922099,68167380,69954797568,1156409,0,,16,0,73,138,1766596,2130367229,52774767,52774848,35322291,275650
1790922100,68167640,69954265088,1160848,0,,18,0,73,138,1767386,2131420858,52798208,52798287,35349168,275857
1790922101,68167888,69954269184,1160937,0,,0,0,73,138,1757200,2133215416,52842049,52842136,35380317,276098
1790922103,68166332,69953425408,1162149,0,,14,0,73,138,1750508,2134575862,52874399,52874485,35412011,276342
1790922104,68166460,69953335296,1163466,0,,12,0,73,138,1734953,2135763348,52903516,52903591,35443287,276584
1790922105,68166604,69954088960,1164615,0,,13,0,73,138,1738035,2137057368,52933432,52933513,35474954,276828
1790922106,68167232,69953589248,1164615,0,,13,0,74,139,1729368,2138992198,52978886,52978965,35505475,277064
1790922107,68166504,69954162688,1169007,0,,12,0,74,139,1722858,2140275870,53009124,53009207,35537077,277307
1790922108,68164820,69951672320,1170042,0,,12,0,74,139,1723942,2141576358,53039462,53039535,35569126,277554
1790922109,68165652,69952544768,1170773,0,,14,0,74,139,1711705,2142918214,53071392,53071478,35602018,277807
1790922110,68165000,69951586304,1170773,0,,17,0,74,139,1704214,2144859136,53116420,53116497,35633166,278049
1790922111,68164456,69951827968,1171337,0,,16,0,74,139,1700351,2146216446,53149142,53149223,35665670,278300
1790922112,68165784,69953437696,1173948,0,,15,0,74,139,1683399,2147443687,53177956,53178035,35695292,278532
1790922113,68166704,69953855488,1174421,0,,16,0,74,139,1690974,2149043720,53215767,53215844,35729086,278793
1790922114,68167360,69953753088,1174421,0,,15,0,74,139,1701885,2151057026,53263066,53263146,35751350,278981
1790922115,68166784,69954191360,1174421,0,,11,0,74,139,1713021,2153076095,53310666,53310744,35771649,279158
1790922116,68167144,69954310144,1174421,0,,15,0,74,139,1725221,2155069080,53358579,53358657,35793592,279345
1790922117,68168320,69955506176,1174421,0,,20,0,74,139,1737634,2157036985,53405044,53405123,35818331,279547
1790922119,68169376,69955989504,1175368,0,,9,0,74,139,1728827,2158543045,53438708,53438795,35852422,279816
1790922120,68168264,69954637824,1176660,0,,2,0,74,139,1719380,2160466800,53484223,53484310,35892957,280130
1790922121,68167700,69954600960,1177666,0,,11,0,74,139,1709831,2162346535,53528821,53528903,35916996,280319
1790922122,68165532,69952659456,1177666,0,,17,0,74,139,1722781,2164320475,53575967,53576043,35940635,280507
1790922123,68166696,69953032192,1177917,0,,0,0,74,139,1730773,2166025904,53615474,53615561,35970096,280734
1790922124,68167736,69954191360,1178273,0,,18,0,74,139,1723210,2167482702,53650225,53650303,36000702,280972
1790922125,68166964,69954088960,1178929,0,,19,0,74,139,1711863,2168713779,53679875,53679954,36032712,281218
1790922126,68167472,69954371584,1178929,0,,17,0,74,139,1722375,2170751854,53727486,53727564,36055036,281393
1790922127,68167836,69954740224,1178929,0,,13,0,74,139,1736892,2172719266,53774925,53775005,36079391,281583
1790922128,68165684,69952274432,1178929,0,,16,0,74,139,1746831,2174734543,53822721,53822799,36100837,281750
1790922129,68167088,69954240512,1178929,0,,14,0,75,139,1759979,2176697635,53869830,53869904,36123212,281930
1790922130,68166716,69953830912,1180166,0,,12,0,75,139,1742555,2177883167,53897887,53897967,36152095,282155
1790922132,68165748,69952589824,1181457,0,,1,0,75,139,1749164,2179410509,53933646,53933733,36185775,282413
1790922133,68167228,69954637824,1181754,0,,21,0,75,139,1746726,2181392227,53980387,53980470,36211460,282613
1790922134,68166400,69954101248,1181754,0,,15,0,75,139,1759443,2183413358,54027109,54027191,36233649,282786
1790922135,68166564,69953462272,1184980,0,,11,0,75,139,1741816,2184667882,54056417,54056497,36262130,283004
1790922136,68168076,69955276800,1187665,0,,19,0,75,139,1752079,2186407025,54098262,54098344,36301331,283304
1790922137,68167692,69954064384,1187665,0,,18,0,75,139,1745093,2188334529,54144126,54144205,36330418,283529
1790922138,68167312,69954473984,1189821,0,,8,0,75,139,1735256,2189531754,54171866,54171937,36359655,283753
1790922139,68165048,69952147456,1194284,0,,18,0,75,139,1737773,2190540393,54195566,54195644,36387681,283967
1790922140,68163796,69950562304,1195232,0,,0,0,75,139,1729614,2192389021,54240137,54240224,36418693,284207
1790922141,68161172,69948420096,1196967,0,,14,0,75,139,1721914,2193636580,54271093,54271173,36446554,284421
1790922143,68161376,69948379136,1201003,0,,14,0,75,139,1706445,2194692630,54296217,54296299,36476848,284653
1790922144,68161568,69948047360,1204098,0,,0,0,75,139,1715706,2196285336,54334324,54334411,36513294,284931
1790922145,68161500,69947727872,1204175,0,,18,0,75,139,1708974,2198189411,54380107,54380182,36543045,285162
1790922146,68163336,69950136320,1206983,0,,15,0,75,139,1704549,2199438141,54409412,54409492,36574067,285400
1790922147,68164632,69951246336,1214111,0,,14,0,75,139,1692589,2200707492,54440279,54440361,36605253,285638
1790922148,68166508,69954146304,1215727,0,,20,0,75,139,1699496,2202342029,54478650,54478724,36640451,285907
1790922149,68166668,69953519616,1215727,0,,17,0,75,139,1708360,2204340714,54525813,54525892,36664817,286100
1790922150,68167620,69954772992,1215727,0,,8,0,75,139,1720121,2206353092,54573727,54573797,36685801,286266
1790922151,68168332,69954985984,1215727,0,,15,0,75,139,1732981,2208358861,54621299,54621379,36705964,286426
1790922152,68167764,69954600960,1215727,0,,19,0,75,139,1745263,2210357032,54668822,54668902,36726856,286589
1790922153,68169172,69955555328,1216046,0,,1,0,75,139,1748182,2212206068,54711575,54711662,36754106,286800
1790922154,68168844,69955702784,1218914,0,,17,0,75,139,1741005,2213420949,54740451,54740536,36785358,287040
1790922155,68167684,69954306048,1221424,0,,14,0,75,139,1725158,2214591046,54767546,54767628,36814660,287265
1790922157,68166100,69952675840,1222808,0,,0,0,75,139,1732050,2216158357,54803995,54804082,36846191,287507
1790922158,68166024,69953642496,1224039,0,,16,0,75,139,1726390,2217713914,54842042,54842123,36875472,287735
1790922159,68166024,69953105920,1225791,0,,17,0,75,139,1713395,2218901442,54869321,54869400,36905561,287965
1790922160,68166756,69952835584,1227598,0,,5,0,75,139,1717821,2220089523,54896829,54896916,36936193,288199
1790922161,68166256,69953609728,1227740,0,,14,0,75,139,1711313,2222046256,54942016,54942096,36965770,288429
1790922162,68165072,69951631360,1229755,0,,18,0,75,139,1704009,2223307730,54970809,54970886,36997165,288671
1790922163,68164680,69951647744,1231383,0,,20,0,75,139,1689634,2224542734,55000174,55000250,37027324,288903
1790922164,68163392,69950701568,1232399,0,,14,0,75,139,1700304,2226282758,55041277,55041356,37063335,289180
1790922165,68163756,69950468096,1232543,0,,18,0,75,139,1698203,2228306445,55088545,55088623,37084310,289356
1790922166,68164072,69951098880,1232543,0,,17,0,75,139,1711252,2230327127,55135921,55135994,37104994,289532
1790922167,68163016,69949759488,1232543,0,,16,0,76,139,1724336,2232323896,55183648,55183730,37127429,289719
1790922168,68162776,69949296640,1232543,0,,16,0,76,139,1736971,2234240651,55231119,55231196,37151355,289916
1790922169,68163812,69950865408,1232543,0,,15,0,76,139,1748756,2236182831,55276945,55277021,37174499,290107
1790922170,68164032,69950795776,1232543,0,,14,0,76,139,1762340,2238153492,55323922,55323998,37197332,290296
1790922171,68164988,69951565824,1232543,0,,13,0,77,140,1774226,2240178247,55370322,55370402,37219277,290480
1790922172,68163452,69950771200,1232543,0,,15,0,77,140,1784032,2242146525,55417493,55417572,37241788,290666
1790922174,68164592,69951934464,1232543,0,,14,0,77,140,1794002,2244124882,55464444,55464519,37264853,290856
1790922175,68162604,69949554688,1232543,0,,15,0,77,140,1801234,2246090209,55512501,55512579,37286513,291037
1790922176,68163448,69950492672,1234169,0,,18,0,77,140,1786538,2246983639,55533737,55533814,37316291,291264
1790922177,68163336,69950681088,1235048,0,,2,0,77,140,1790224,2248066253,55560420,55560507,37347628,291505
1790922178,68164496,69951033344,1235356,0,,17,0,77,140,1780694,2250021972,55606102,55606172,37376784,291732
1790922179,68163196,69950001152,1236171,0,,9,0,77,140,1773733,2251166832,55633737,55633813,37408469,291976
1790922180,68160752,69947752448,1237948,0,,15,0,77,140,1757467,2252396695,55663348,55663428,37439682,292216
1790922181,68161812,69948817408,1239671,0,,13,0,77,140,1763468,2253872416,55698546,55698633,37474698,292486
1790922182,68162264,69949009920,1239841,0,,16,0,77,140,1754242,2255778798,55744163,55744244,37505002,292721
1790922183,68162780,69949030400,1243094,0,,11,0,77,140,1746524,2257013906,55773698,55773771,37536300,292962
1790922184,68163936,69951029248,1246023,0,,16,0,77,140,1730731,2258236552,55802632,55802714,37567548,293203
1790922185,68163856,69950103552,1246791,0,,0,0,77,140,1738028,2259767381,55838025,55838112,37600711,293458
1790922186,68162780,69950066688,1247306,0,,17,0,77,140,1732057,2261640548,55881486,55881562,37630391,293689
1790922187,68163360,69950402560,1249239,0,,13,0,77,140,1725814,2262949887,55912871,55912949,37661948,293932
1790922188,68164124,69951160320,1251595,0,,16,0,77,140,1710695,2264316548,55945434,55945513,37693319,294174
1790922190,68163876,69950136320,1252853,0,,17,0,77,140,1719573,2265960279,55984678,55984760,37728846,294447
1790922191,68164924,69951766528,1252974,0,,12,0,77,140,1712723,2267947843,56032024,56032103,37751205,294635
1790922192,68163476,69951295488,1252974,0,,14,0,77,140,1726854,2269931634,56079460,56079537,37773709,294821
1790922193,68165020,69951590400,1252974,0,,16,0,77,140,1741148,2271912748,56126317,56126395,37797764,295018
1790922194,68163756,69950574592,1252974,0,,17,0,77,140,1751982,2273891168,56173538,56173618,37821501,295213
1790922195,68164972,69951795200,1252974,0,,12,0,78,143,1762782,2275881355,56220522,56220603,37845472,295409
1790922196,68164836,69951180800,1252974,0,,13,0,78,143,1773234,2277869059,56267272,56267355,37869316,295603
1790922197,68166532,69952868352,1252974,0,,13,0,78,143,1780677,2279857060,56314128,56314209,37892701,295795
1790922198,68166160,69952749568,1252974,0,,18,0,78,143,1788247,2281824591,56361311,56361395,37913795,295973
1790922199,68166356,69952950272,1252974,0,,14,0,78,143,1800789,2283769545,56407788,56407865,37937347,296164
1790922200,68164504,69951283200,1252974,0,,15,0,78,143,1813064,2285735991,56454145,56454225,37960379,296353
1790922201,68166304,69953806336,1254582,0,,17,0,78,143,1816749,2287166860,56487811,56487893,37993597,296612
1790922202,68164736,69951815680,1254805,0,,9,0,78,143,1809020,2289104282,56533800,56533881,38022664,296838
1790922203,68166064,69953191936,1257789,0,,18,0,78,143,1809653,2290364162,56562663,56562744,38053401,297074
1790922204,68167356,69954252800,1260782,0,,18,0,78,143,1785234,2291690599,56593761,56593845,38084940,297318
1790922206,68168580,69955731456,1262127,0,,0,0,78,143,1793245,2293347514,56633195,56633282,38116373,297560
1790922207,68168784,69955735552,1265287,0,,17,0,78,143,1787539,2295018946,56672654,56672731,38145796,297789
1790922208,68168100,69956288512,1266296,0,,14,0,78,143,1773985,2296270914,56701479,56701554,38175757,298019
1790922209,68168184,69955362816,1266296,0,,13,0,78,143,1786619,2298182559,56748644,56748724,38199053,298212
1790922210,68170024,69957480448,1266296,0,,14,0,78,143,1798112,2300193859,56794895,56794973,38221974,298402
1790922211,68169824,69956767744,1267650,0,,19,0,78,143,1780921,2301206143,56818608,56818686,38248863,298614
1790922212,68169104,69956284416,1268324,0,,0,0,78,143,1788179,2302904248,56859678,56859765,38287751,298914
1790922214,68169212,69956919296,1269623,0,,0,0,78,143,1777318,2304716548,56903638,56903725,38330145,299241
1790922215,68168724,69955776512,1271046,0,,16,0,78,143,1766099,2306550137,56946688,56946775,38373171,299573
1790922216,68166436,69953826816,1273037,0,,15,0,78,143,1755656,2308356972,56989853,56989938,38415616,299900
1790922218,68166732,69953585152,1273899,0,,1,0,78,143,1744331,2310153733,57032257,57032344,38449863,300165
1790922219,68165392,69951754240,1278442,0,,19,0,78,143,1737758,2311653475,57066870,57066951,38481293,300410
1790922220,68167292,69954179072,1279271,0,,10,0,78,143,1723702,2312926738,57097042,57097124,38513182,300654
1790922221,68168160,69955317760,1280178,0,,13,0,78,143,1705745,2314150723,57126999,57127076,38545242,300902
1790922222,68168844,69954981888,1280497,0,,0,0,78,143,1717260,2315968440,57169789,57169876,38578574,301160
1790922223,68168720,69955375104,1281337,0,,17,0,78,143,1710615,2317536945,57206229,57206310,38610140,301405
1790922224,68167604,69953998848,1292477,0,,14,0,78,143,1701172,2318840918,57237582,57237662,38642707,301655
1790922225,68166736,69952856064,1293252,0,,16,0,78,143,1683639,2320196536,57269813,57269892,38674435,301900
1790922226,68166296,69953445888,1293958,0,,18,0,78,143,1696314,2322053506,57314110,57314193,38712199,302192
1790922227,68166280,69952946176,1294157,0,,14,0,79,148,1693119,2324015744,57361436,57361512,38733609,302372
1790922228,68166008,69952937984,1294157,0,,16,0,79,148,1708567,2325971182,57408765,57408843,38756267,302559
1790922229,68167792,69954428928,1294157,0,,13,0,79,148,1719196,2327920748,57455800,57455880,38780277,302748
1790922231,68167324,69954170880,1295592,0,,13,0,79,148,1708677,2329054593,57482739,57482817,38812681,302997
1790922232,68168072,69955260416,1299789,0,,17,0,79,148,1694492,2330380366,57514391,57514472,38844762,303244
1790922233,68165712,69952577536,1299789,0,,14,0,79,148,1713056,2332336536,57561621,57561700,38869844,303440
1790922234,68166836,69954256896,1307439,0,,13,0,79,148,1693051,2333356170,57584686,57584758,38895517,303639
1790922235,68164988,69951143936,1308154,0,,23,0,79,148,1702018,2334691127,57617523,57617608,38928079,303889
1790922236,68164372,69950861312,1313584,0,,1,0,79,148,1693707,2336284455,57655686,57655773,38962036,304150
1790922237,68162632,69949423616,1317712,0,,26,0,79,148,1684906,2337882610,57693640,57693724,39000588,304446
1790922238,68161704,69948256256,1317712,0,,11,0,79,148,1682119,2339885804,57740581,57740659,39022871,304628
1790922239,68161976,69947637760,1317712,0,,16,0,79,148,1698878,2341904313,57788246,57788323,39043171,304788
1790922240,68161768,69947772928,1317712,0,,13,0,79,148,1711481,2343891631,57835500,57835579,39064803,304958
1790922241,68162808,69949632512,1317712,0,,17,0,79,148,1724592,2345828637,57881571,57881649,39087650,305148
1790922242,68162744,69949550592,1317712,0,,18,0,79,148,1737681,2347785493,57928462,57928538,39110901,305341
1790922243,68161156,69947908096,1317712,0,,15,0,79,148,1747574,2349763115,57974847,57974926,39132469,305522
1790922244,68161236,69947744256,1317712,0,,13,0,79,148,1759832,2351758564,58020807,58020888,39156276,305719
1790922245,68160696,69947711488,1317712,0,,15,0,79,148,1770542,2353746684,58066571,58066647,39178285,305904
1790922246,68162168,69948952576,1317712,0,,15,0,79,148,1778662,2355735939,58114247,58114326,39198480,306078
1790922248,68163168,69949480960,1317712,0,,17,0,79,148,1786389,2357684756,58161062,58161140,39218880,306253
1790922249,68164308,69951127552,1320319,0,,19,0,79,148,1773204,2358613969,58183394,58183478,39249949,306490
1790922250,68165680,69953585152,1325163,0,,0,0,79,148,1775815,2359764928,58211146,58211233,39280643,306724
1790922251,68164132,69950164992,1327993,0,,0,0,79,148,1765513,2361565000,58255299,58255386,39320431,307028
1790922252,68164164,69952057344,1328946,0,,10,0,79,148,1757216,2363307811,58295853,58295932,39349030,307251
1790922253,68164664,69952053248,1331960,0,,11,0,79,148,1743227,2364351121,58320420,58320498,39379176,307480
1790922254,68165544,69952401408,1334614,0,,17,0,79,148,1727202,2365474759,58347892,58347968,39410669,307721
1790922255,68165200,69952315392,1337357,0,,0,0,79,148,1737348,2367138690,58388488,58388575,39450962,308030
1790922256,68162180,69948977152,1337546,0,,11,0,79,148,1730679,2369055107,58433088,58433165,39482123,308272
1790922258,68162060,69949616128,1339788,0,,17,0,79,148,1726959,2370448559,58465441,58465523,39514974,308525
1790922259,68162228,69948768256,1341505,0,,19,0,79,148,1712424,2371820582,58498102,58498180,39547025,308772
1790922260,68163512,69950840832,1343933,0,,20,0,79,148,1716450,2373158595,58530288,58530363,39579099,309018
1790922261,68164544,69950853120,1343933,0,,16,0,79,148,1708752,2375053228,58575611,58575693,39609968,309257
1790922262,68162512,69948821504,1349003,0,,16,0,79,148,1706004,2376385557,58606993,58607078,39641176,309497
1790922263,68162892,69949190144,1352756,0,,15,0,79,148,1689729,2377684735,58638542,58638620,39669534,309718
1790922264,68161980,69948485632,1352756,0,,14,0,79,148,1705416,2379684128,58686098,58686174,39691267,309900
1790922265,68162396,69949214720,1352756,0,,17,0,79,148,1719710,2381703186,58732796,58732873,39713214,310083
1790922266,68162616,69948878848,1352756,0,,14,0,79,148,1732333,2383715210,58779387,58779461,39736117,310273
1790922267,68162196,69949128704,1352756,0,,17,0,79,148,1744922,2385671492,58826183,58826266,39759918,310468
1790922268,68163164,69949939712,1355533,0,,1,0,79,148,1746909,2386735696,58851427,58851514,39787795,310689
1790922269,68164288,69950795776,1356009,0,,15,0,79,148,1739149,2388550482,58895398,58895482,39817872,310923
1790922270,68162220,69949251584,1358512,0,,13,0,79,148,1733642,2389776686,58923800,58923882,39849348,311165
1790922271,68161924,69948444672,1360047,0,,12,0,79,148,1717128,2391081164,58955694,58955774,39880024,311402
1790922272,68163324,69949857792,1362201,0,,0,0,79,148,1725198,2392669778,58991974,58992061,39910933,311641
1790922273,68162724,69950865408,1365539,0,,15,0,79,148,1719304,2394266183,59029850,59029920,39940267,311868
1790922274,68163320,69949353984,1367443,0,,13,0,79,148,1704794,2395381330,59057007,59057092,39970928,312102
1790922275,68164500,69951610880,1369127,0,,16,0,79,148,1711069,2396616379,59086867,59086943,40001700,312338
1790922276,68164216,69950771200,1369127,0,,15,0,79,148,1706086,2398523625,59131799,59131880,40031685,312571
1790922277,68165508,69953126400,1370097,0,,14,0,79,148,1698358,2399963115,59165815,59165892,40057951,312774
1790922279,68164344,69951422464,1370097,0,,16,0,79,148,1712470,2401958490,59213265,59213344,40080698,312954
1790922280,68161216,69947707392,1370097,0,,15,0,79,148,1725226,2403939500,59260432,59260512,40102794,313127
1790922281,68162284,69949575168,1370097,0,,15,0,79,148,1738706,2405933374,59307794,59307880,40124479,313296
1790922282,68162472,69948727296,1372883,0,,1,0,79,148,1741305,2407020785,59333826,59333913,40150663,313497
1790922283,68163240,69949530112,1373691,0,,15,0,79,148,1735727,2408826000,59376641,59376718,40180833,313730
1790922284,68162692,69949992960,1374411,0,,13,0,79,148,1729440,2410214165,59407587,59407667,40212098,313970
1790922285,68163656,69949661184,1375879,0,,10,0,79,148,1712112,2411559613,59440529,59440607,40243284,314211
1790922286,68163812,69950398464,1376600,0,,17,0,79,148,1721461,2413246092,59479484,59479566,40279536,314490
1790922287,68165136,69951967232,1376600,0,,15,0,79,148,1715345,2415153089,59524964,59525043,40310111,314727
1790922288,68165744,69952851968,1378096,0,,17,0,79,148,1727799,2416517674,59557038,59557116,40341874,314972
1790922289,68165396,69952778240,1380816,0,,17,0,79,148,1695519,2417803621,59587639,59587714,40373113,315213
1790922290,68164864,69951934464,1380816,0,,16,0,80,148,1710562,2419755883,59634657,59634740,40395674,315393
1790922291,68164788,69952942080,1380816,0,,15,0,80,148,1720865,2421741361,59681844,59681921,40418387,315575
1790922292,68166376,69953503232,1380816,0,,14,0,80,148,1733871,2423731574,59727729,59727807,40442999,315767
1790922293,68165540,69952389120,1380816,0,,11,0,80,148,1743982,2425684476,59774664,59774743,40467172,315957
1790922294,68165296,69952184320,1380816,0,,4,0,80,148,1751151,2427676041,59822166,59822239,40487334,316116
1790922295,68167860,69954232320,1380816,0,,12,0,80,148,1761221,2429620683,59869257,59869336,40509744,316293
1790922297,68165728,69952565248,1388607,0,,16,0,80,148,1763232,2430497435,59890316,59890401,40541333,316535
1790922298,68164284,69951361024,1390146,0,,15,0,80,148,1753426,2431713656,59918114,59918192,40571808,316768
1790922299,68165556,69951873024,1390146,0,,16,0,80,148,1745599,2433666477,59964964,59965041,40596379,316961
1790922300,68165268,69952356352,1390146,0,,18,0,80,148,1759183,2435636673,60012220,60012304,40619122,317139
1790922301,68166916,69953556480,1390146,0,,7,0,80,148,1772532,2437605061,60059437,60059523,40642736,317325
1790922302,68167032,69954453504,1390146,0,,15,0,80,148,1783331,2439582119,60106428,60106488,40665120,317499
1790922303,68168240,69955145728,1391670,0,,16,0,80,148,1783606,2440615702,60130895,60130975,40693058,317715
1790922304,68164964,69951254528,1391670,0,,12,0,80,148,1773510,2442535541,60177138,60177212,40723047,317947
1790922305,68165692,69952716800,1392158,0,,15,0,80,148,1766780,2443780993,60205488,60205567,40754364,318188
1790922306,68164540,69951655936,1392158,0,,14,0,80,148,1776182,2445717162,60252363,60252447,40777819,318384
1790922307,68164820,69951782912,1395764,0,,12,0,80,148,1758233,2446630652,60273563,60273637,40803279,318586
1790922308,68165400,69951709184,1396319,0,,0,0,80,148,1765159,2448223168,60311425,60311512,40838265,318856
1790922309,68165880,69952507904,1396735,0,,11,0,80,148,1757635,2449988546,60353388,60353471,40868936,319094
1790922310,68164044,69951356928,1398127,0,,16,0,80,148,1749407,2451289871,60384344,60384422,40900179,319334
1790922311,68165636,69952233472,1400131,0,,16,0,81,148,1732526,2452592617,60414520,60414597,40931710,319578
1790922313,68166704,69953855488,1400987,0,,20,0,81,148,1738399,2454115356,60450151,60450236,40967581,319853
1790922314,68166012,69952864256,1401200,0,,13,0,81,148,1731241,2456012830,60495075,60495153,40997968,320089
1790922315,68164828,69951397888,1402917,0,,16,0,81,148,1726748,2457342355,60526691,60526765,41029638,320333
1790922316,68165524,69952401408,1403847,0,,12,0,81,148,1719177,2458748838,60559556,60559630,41061157,320576
1790922317,68164232,69950861312,1412639,0,,5,0,81,148,1718818,2460358591,60598203,60598290,41094689,320834
1790922318,68163672,69951512576,1416572,0,,17,0,81,148,1705635,2461202545,60618520,60618595,41123485,321055
1790922319,68162836,69949480960,1417767,0,,27,0,81,148,1700003,2463064234,60662688,60662771,41160868,321343
1790922320,68162024,69948538880,1417969,0,,14,0,81,148,1696473,2465081180,60710007,60710089,41182994,321517
1790922322,68161752,69949038592,1417969,0,,17,0,82,148,1707896,2467088935,60758598,60758676,41203615,321678
1790922323,68161504,69948264448,1421607,0,,15,0,82,148,1719208,2468939802,60802765,60802842,41243891,321991
1790922324,68160664,69946892288,1421607,0,,15,0,82,148,1712455,2470839523,60848197,60848281,41275365,322234
1790922325,68162112,69948882944,1424119,0,,9,0,82,148,1711714,2472280135,60881952,60882031,41308325,322488
1790922326,68162820,69950070784,1424968,0,,18,0,82,148,1696504,2473692727,60916044,60916128,41339524,322728
1790922327,68163976,69950627840,1425431,0,,18,0,82,148,1702898,2475193741,60952958,60953041,41371044,322970
1790922328,68162740,69949280256,1425663,0,,11,0,82,148,1697798,2477170770,61000063,61000141,41390904,323139
1790922330,68163032,69950377984,1427013,0,,18,0,82,148,1710817,2479129757,61044917,61044998,41431063,323460
1790922331,68163320,69949579264,1427773,0,,0,0,82,148,1700736,2480390236,61076469,61076556,41459758,323681
1790922332,68163312,69949853696,1428177,0,,17,0,82,148,1693472,2482121966,61117913,61117974,41482021,323858
1790922333,68163552,69950091264,1428177,0,,15,0,83,148,1709595,2484061404,61164321,61164392,41506917,324052
1790922334,68163472,69949693952,1429976,0,,11,0,83,148,1697355,2485267589,61191462,61191539,41535264,324271
1790922335,68162240,69949259776,1429976,0,,15,0,83,148,1710982,2487236097,61239044,61239123,41557412,324448
1790922336,68163808,69951123456,1429976,0,,13,0,83,148,1721074,2489222713,61287025,61287107,41577570,324605
1790922338,68164092,69950496768,1430705,0,,19,0,84,156,1734239,2491109764,61331750,61331830,41617898,324917
1790922339,68166276,69953138688,1430972,0,,16,0,84,156,1729511,2493064347,61376792,61376857,41647399,325146
1790922340,68166460,69953568768,1432660,0,,11,0,84,156,1719953,2494473228,61409072,61409147,41679675,325394
1790922341,68165736,69953376256,1436810,0,,17,0,84,156,1705610,2495782570,61439042,61439121,41710918,325635
1790922342,68163752,69950021632,1436810,0,,14,0,84,156,1717212,2497779071,61485953,61486032,41733462,325814
1790922343,68162312,69949874176,1438416,0,,18,0,84,156,1721421,2499085392,61517125,61517208,41765264,326059
1790922344,68162792,69950087168,1438416,0,,17,0,84,156,1714475,2501079047,61564613,61564692,41787402,326236
1790922345,68163604,69949906944,1438416,0,,16,0,84,156,1726746,2503073486,61611130,61611206,41809627,326410
1790922346,68163332,69950504960,1438416,0,,10,0,84,156,1738434,2505020578,61657599,61657680,41834309,326605
1790922347,68163836,69951430656,1438416,0,,11,0,84,156,1750765,2506955084,61703773,61703851,41858864,326798
1790922348,68165112,69951684608,1438416,0,,15,0,84,156,1762185,2508941811,61750303,61750380,41883095,326997
1790922349,68165276,69952360448,1439747,0,,18,0,84,156,1761122,2509802855,61770159,61770238,41908553,327201
1790922350,68164788,69951070208,1440110,0,,1,0,84,156,1750889,2511637881,61815753,61815840,41940515,327448
1790922351,68164960,69952823296,1441675,0,,11,0,84,156,1743554,2512947071,61846819,61846903,41972210,327693
1790922352,68165896,69952487424,1442454,0,,15,0,84,156,1726740,2514148122,61875845,61875922,42003685,327937
1790922354,68165348,69952479232,1445180,0,,25,0,84,156,1730665,2515459355,61907402,61907485,42035531,328182
1790922355,68164464,69951590400,1445180,0,,13,0,84,156,1725313,2517369994,61950835,61950916,42067013,328425
1790922356,68164208,69951045632,1447346,0,,17,0,84,156,1722801,2518931954,61987480,61987556,42097982,328665
1790922357,68164976,69951549440,1447346,0,,18,0,84,156,1734194,2520908855,62034267,62034340,42118891,328830
1790922358,68166580,69953196032,1447346,0,,16,0,84,156,1747674,2522836408,62082358,62082440,42141155,329005
1790922359,68168244,69955944448,1447346,0,,15,0,84,156,1760409,2524757522,62128134,62128200,42161312,329162
1790922360,68167264,69954007040,1449314,0,,15,0,84,156,1741232,2525982473,62156861,62156938,42189210,329374
1790922361,68166656,69954052096,1450978,0,,0,0,84,156,1747242,2527437877,62191312,62191399,42223071,329633
1790922362,68167280,69953863680,1451841,0,,12,0,84,156,1738270,2529359802,62236520,62236604,42246060,329813
1790922363,68167784,69954166784,1452720,0,,0,0,84,156,1749538,2531206534,62279712,62279799,42278483,330062
1790922364,68166268,69953404928,1453936,0,,15,0,84,156,1744475,2532627021,62314428,62314508,42309002,330299
1790922365,68166604,69953523712,1455635,0,,14,0,84,156,1730555,2533900718,62344948,62345024,42340493,330539
1790922366,68163252,69949816832,1458476,0,,20,0,84,156,1734674,2535160870,62375215,62375298,42371432,330776
1790922367,68163684,69950160896,1458476,0,,19,0,84,156,1727366,2537095914,62421796,62421873,42394795,330970
1790922368,68164352,69951676416,1458476,0,,10,0,84,156,1741764,2539039607,62468648,62468722,42417497,331160
1790922369,68165960,69952589824,1458476,0,,14,0,84,156,1755210,2541014024,62515244,62515317,42440329,331349
1790922371,68166576,69953187840,1461331,0,,0,0,84,156,1762000,2542584881,62551526,62551613,42466970,331560
1790922372,68164268,69951889408,1462620,0,,14,0,84,156,1757623,2543992060,62585814,62585890,42496965,331793
1790922373,68165272,69951586304,1464845,0,,12,0,84,156,1743813,2545273068,62615974,62616057,42527682,332027
1790922374,68161916,69948170240,1466330,0,,0,0,86,160,1746773,2546625544,62647047,62647134,42557691,332257
1790922375,68162900,69950410752,1466743,0,,18,0,86,160,1741163,2548466798,62690450,62690533,42585630,332475
1790922376,68160740,69946695680,1469553,0,,15,0,86,160,1730420,2549599980,62717156,62717241,42615659,332704
1790922377,68161772,69948817408,1472426,0,,17,0,86,160,1714359,2550800623,62745811,62745891,42647056,332945
1790922378,68163468,69950341120,1476642,0,,8,0,86,160,1724486,2552482932,62786818,62786897,42685964,333243
1790922379,68164600,69950914560,1476830,0,,13,0,86,160,1719470,2554376907,62830790,62830867,42716527,333479
1790922380,68166336,69952696320,1478093,0,,12,0,86,160,1713496,2555705197,62863895,62863980,42748974,333729
1790922381,68166752,69952778240,1480366,0,,19,0,86,160,1697288,2557010126,62894646,62894729,42778042,333953
1790922382,68163724,69949906944,1480366,0,,15,0,86,160,1711170,2558908578,62939160,62939241,42806429,334174
1790922383,68162548,69949063168,1483419,0,,12,0,86,160,1720078,2560228784,62969994,62970077,42837756,334415
1790922384,68162748,69949972480,1485149,0,,19,0,86,160,1692151,2561600384,63003151,63003228,42869145,334657
1790922386,68163176,69950001152,1486309,0,,16,0,86,160,1700561,2563167125,63040642,63040724,42903268,334919
1790922387,68162228,69948481536,1486532,0,,15,0,86,160,1703808,2565119429,63086663,63086743,42928917,335121
1790922388,68162420,69949976576,1491847,0,,13,0,86,160,1703039,2566140382,63110097,63110177,42953292,335310
1790922389,68163212,69951590400,1491847,0,,10,0,86,160,1697536,2568127562,63157956,63158040,42975041,335482
1790922390,68163808,69950144512,1491847,0,,14,0,86,160,1711356,2570104833,63204553,63204632,42997274,335659
1790922391,68163232,69950779392,1491847,0,,11,0,86,160,1724007,2572079505,63250555,63250639,43020934,335855
1790922392,68165200,69952598016,1491847,0,,14,0,86,160,1735743,2574050642,63296407,63296486,43043853,336045
1790922393,68162776,69949333504,1491847,0,,13,0,86,160,1750932,2575991611,63342402,63342480,43067881,336241
1790922394,68164328,69951463424,1497150,0,,19,0,86,160,1751664,2577236896,63370763,63370844,43096702,336463
1790922395,68165212,69952585728,1497150,0,,15,0,86,160,1744858,2579148923,63414206,63414284,43126191,336692
1790922396,68165748,69952348160,1498647,0,,13,0,86,160,1738333,2580481179,63445424,63445502,43157055,336930
1790922397,68164792,69951135744,1498647,0,,20,0,86,160,1749526,2582388583,63490472,63490556,43178984,337100
1790922398,68164640,69950926848,1502726,0,,19,0,87,161,1730380,2583381022,63514057,63514144,43206250,337313
1790922399,68165256,69952614400,1503675,0,,17,0,88,169,1738543,2585013241,63552593,63552674,43243652,337600
1790922400,68164976,69951832064,1503675,0,,18,0,88,169,1731828,2586920034,63598183,63598266,43273333,337831
1790922401,68165960,69953101824,1505031,0,,12,0,88,169,1723318,2588176673,63628512,63628593,43304208,338069
1790922403,68166940,69954375680,1513960,0,,20,0,88,169,1724798,2589111706,63649950,63650032,43330072,338266
1790922404,68165824,69952446464,1513960,0,,16,0,88,169,1717033,2591045370,63695663,63695743,43354854,338465
1790922405,68164712,69951569920,1513960,0,,16,0,88,169,1731346,2593017401,63742345,63742428,43378601,338652
1790922406,68165944,69953609728,1515262,0,,22,0,88,169,1735949,2594427539,63776034,63776117,43411174,338905
1790922407,68163488,69950046208,1515542,0,,16,0,88,169,1730757,2596330249,63820245,63820324,43441219,339138
1790922408,68163636,69950701568,1516591,0,,18,0,88,169,1724424,2597749895,63852606,63852674,43472295,339377
1790922409,68165072,69951381504,1519034,0,,14,0,88,169,1708458,2599099589,63883971,63884048,43501913,339606
1790922410,68165644,69952520192,1520937,0,,15,0,89,170,1717174,2600774188,63922555,63922642,43538487,339887
1790922411,68166068,69952692224,1521446,0,,12,0,90,174,1711576,2602735717,63968999,63969078,43560822,340061
1790922412,68165476,69952114688,1521446,0,,17,0,90,174,1721963,2604699916,64015388,64015474,43582308,340229
1790922413,68165732,69952614400,1521446,0,,15,0,90,174,1736035,2606614717,64061759,64061842,43605792,340413
1790922415,68164444,69951295488,1522975,0,,22,0,90,174,1743024,2608176078,64099138,64099219,43641506,340695
1790922416,68165764,69952614400,1523159,0,,11,0,90,174,1733615,2610061053,64143687,64143763,43672413,340934
1790922417,68164100,69951188992,1524072,0,,14,0,90,174,1727648,2611342658,64175010,64175068,43704557,341182
1790922418,68163744,69949952000,1527898,0,,10,0,90,174,1710866,2612587445,64206350,64206416,43734639,341413
1790922419,68162396,69948710912,1527898,0,,13,0,90,174,1723426,2614519494,64252944,64253020,43757794,341594
1790922420,68163412,69951008768,1527898,0,,18,0,90,174,1734641,2616494785,64298851,64298928,43781446,341780
1790922421,68163224,69950443520,1527898,0,,13,0,90,174,1747527,2618438738,64344346,64344430,43805094,341966
1790922422,68163000,69949550592,1527898,0,,15,0,90,174,1759213,2620417972,64390407,64390487,43828489,342148
1790922423,68163892,69950459904,1530055,0,,17,0,90,174,1738725,2621373979,64413526,64413608,43855454,342360
1790922424,68162664,69949763584,1530942,0,,7,0,90,174,1749230,2623206448,64455923,64456010,43894691,342661
1790922425,68163916,69951275008,1530981,0,,13,0,90,174,1744326,2625041239,64500005,64500084,43925623,342901
1790922427,68163032,69949575168,1531967,0,,15,0,90,174,1739113,2626491792,64534891,64534972,43957570,343147
1790922428,68164032,69951119360,1538470,0,,13,0,90,174,1731150,2627922183,64567477,64567555,43988945,343388
1790922429,68164700,69951516672,1539337,0,,14,0,90,174,1729168,2629405048,64602746,64602822,44021933,343641
1790922430,68164904,69951754240,1539337,0,,14,0,90,174,1720924,2631238509,64647598,64647679,44052647,343880
1790922431,68164700,69951307776,1540126,0,,23,0,90,174,1715496,2632575397,64678503,64678580,44081974,344107
1790922432,68164524,69951885312,1541655,0,,22,0,90,174,1715540,2633528097,64701652,64701727,44108194,344309
1790922433,68163536,69951086592,1541655,0,,12,0,90,174,1715887,2635440144,64746818,64746898,44136361,344528
1790922434,68163108,69949652992,1541655,0,,13,0,90,174,1725464,2637331507,64793392,64793473,44156542,344693
1790922435,68163012,69950087168,1541655,0,,1,0,90,174,1734695,2639277540,64839555,64839616,44176740,344867
1790922436,68164312,69950877696,1545120,0,,12,0,90,174,1720705,2640358291,64865119,64865195,44209289,345117
1790922437,68163864,69950427136,1547034,0,,21,0,90,174,1724645,2641651078,64895612,64895693,44240808,345361
1790922438,68164388,69950689280,1547034,0,,15,0,90,174,1716252,2643629687,64941123,64941206,44262427,345544
1790922439,68164352,69951467520,1547034,0,,11,0,90,174,1729771,2645560992,64987462,64987536,44286096,345742
1790922440,68164404,69950459904,1547034,0,,17,0,90,174,1742478,2647496319,65033354,65033431,44308392,345926
1790922441,68165380,69952413696,1547034,0,,18,0,90,174,1754502,2649456563,65080302,65080382,44330332,346108
1790922442,68167604,69954560000,1547034,0,,16,0,90,174,1765272,2651411153,65125970,65126046,44353269,346299
1790922443,68168412,69955358720,1547034,0,,8,0,90,174,1775245,2653311079,65172359,65172438,44377296,346496
1790922444,68168464,69954314240,1550277,0,,15,0,90,174,1757911,2654458335,65199625,65199705,44407692,346730
1790922446,68165204,69952024576,1551159,0,,1,0,90,174,1765379,2656104272,65238153,65238240,44445687,347023
1790922447,68164568,69950873600,1551499,0,,16,0,90,174,1755584,2657966419,65282635,65282717,44476651,347264
1790922448,68164972,69952372736,1552650,0,,11,0,90,174,1746600,2659279239,65314618,65314679,44504550,347479
1790922449,68165280,69951602688,1552650,0,,19,0,90,174,1758655,2661231394,65359942,65360023,44526844,347654
1790922450,68163200,69949710336,1552650,0,,14,0,90,174,1770402,2663216359,65405252,65405328,44549649,347832
1790922451,68163252,69949542400,1552650,0,,15,0,90,174,1780231,2665139583,65451501,65451578,44572016,348008
1790922452,68164864,69951651840,1553259,0,,12,0,90,174,1781244,2666178609,65476601,65476686,44600070,348228
1790922453,68165840,69952700416,1553259,0,,18,0,90,174,1771413,2668032808,65520728,65520804,44631242,348470
1790922454,68163280,69950312448,1554298,0,,16,0,90,174,1766734,2669362665,65551770,65551855,44663353,348718
1790922455,68163544,69950128128,1557140,0,,9,0,90,174,1752705,2670647010,65583129,65583207,44693468,348951
1790922456,68164472,69951336448,1557140,0,,16,0,90,174,1764414,2672583753,65629920,65630000,44716147,349139
1790922457,68164084,69951438848,1558045,0,,12,0,90,174,1764769,2673804082,65658732,65658819,44746521,349375
1790922458,68164936,69952040960,1558160,0,,16,0,90,174,1756021,2675635248,65702896,65702975,44777300,349614
1790922459,68165860,69952737280,1559201,0,,13,0,90,174,1748498,2676925004,65733690,65733772,44809023,349858
1790922460,68167280,69954854912,1560175,0,,14,0,90,174,1731836,2678116989,65762674,65762756,44840749,350103
1790922462,68168376,69955325952,1562889,0,,24,0,90,174,1735765,2679422340,65794087,65794170,44873709,350357
1790922463,68167116,69953503232,1563031,0,,13,0,90,174,1726657,2681244723,65838263,65838345,44904957,350600
1790922464,68165504,69952397312,1564631,0,,13,0,90,174,1720576,2682582021,65870023,65870099,44936558,350844
1790922465,68165028,69951381504,1566171,0,,18,0,90,174,1705279,2683876430,65901447,65901523,44968783,351093
1790922466,68165088,69951971328,1566171,0,,14,0,90,174,1717461,2685836114,65947035,65947119,44991111,351269
1790922467,68166020,69952925696,1566171,0,,12,0,90,174,1731373,2687761620,65993087,65993169,45014222,351449
1790922468,68166344,69952974848,1568326,0,,17,0,90,174,1732128,2688867506,66019396,66019472,45042033,351664
1790922469,68167600,69954269184,1568326,0,,20,0,90,174,1731325,2690817221,66064384,66064444,45068708,351872
1790922470,68165884,69952765952,1568326,0,,16,0,90,174,1738959,2692779808,66111561,66111645,45089117,352032
1790922471,68167380,69954789376,1568326,0,,12,0,91,174,1750236,2694696530,66156421,66156501,45110415,352203
1790922472,68166064,69953724416,1570799,0,,18,0,91,174,1737337,2695790978,66183107,66183171,45142486,352449
1790922473,68165400,69952733184,1574542,0,,14,0,91,174,1719309,2697060074,66213331,66213411,45173876,352689
1790922474,68164876,69951946752,1574542,0,,17,0,91,174,1731999,2698947269,66256924,66257003,45204407,352926
1790922475,68166420,69953273856,1576873,0,,0,0,91,174,1717942,2699899460,66278052,66278139,45236900,353178
1790922476,68164664,69952024576,1577721,0,,10,0,91,174,1713107,2701507199,66316245,66316325,45264618,353393
1790922477,68165056,69951352832,1582925,0,,12,0,91,174,1700990,2702478173,66338893,66338970,45292944,353610
1790922478,68166208,69953073152,1582925,0,,15,0,91,174,1720130,2704399575,66384947,66385028,45317628,353801
1790922479,68166880,69953748992,1582925,0,,5,0,92,175,1730783,2706335552,66430926,66431007,45337575,353965
1790922480,68169124,69956247552,1582925,0,,7,0,92,175,1742630,2708311414,66477746,66477829,45357736,354123
1790922482,68168700,69956407296,1584671,0,,15,0,92,175,1726715,2709486436,66505020,66505043,45389228,354363
1790922483,68168948,69956120576,1587137,0,,15,0,93,177,1729991,2710761768,66535161,66535243,45421108,354607
1790922484,68167172,69954072576,1587137,0,,13,0,93,177,1722378,2712631184,66579288,66579361,45452080,354846
1790922485,68166988,69953077248,1589540,0,,12,0,93,177,1717419,2713950773,66610493,66610567,45483937,355090
1790922486,68167080,69954482176,1592126,0,,16,0,93,177,1699582,2715272574,66641926,66642006,45512686,355315
1790922487,68167400,69954007040,1595600,0,,8,0,93,177,1712774,2717133206,66686631,66686715,45543543,355565
1790922488,68168036,69954416640,1597210,0,,14,0,93,177,1707905,2718505268,66719359,66719440,45575625,355814
1790922489,68166152,69952761856,1599955,0,,19,0,93,177,1696519,2719824665,66751577,66751659,45607789,356060
1790922490,68167396,69954535424,1601082,0,,17,0,93,177,1680022,2721207597,66784565,66784647,45639271,356303
1790922491,68166416,69953269760,1601082,0,,18,0,93,177,1702734,2723118892,66829266,66829349,45665913,356516
1790922492,68167508,69954392064,1601082,0,,16,0,93,177,1709993,2725043694,66876195,66876271,45686593,356694
1790922493,68169432,69956104192,1601082,0,,13,0,93,177,1720931,2726993961,66922904,66922985,45708199,356876
1790922494,68166108,69953073152,1602102,0,,10,0,93,177,1708218,2727907230,66945046,66945126,45738303,357108
1790922495,68165760,69952856064,1602753,0,,8,0,93,177,1712058,2729285495,66978112,66978199,45770747,357358
1790922496,68164640,69951713280,1602875,0,,9,0,93,177,1703067,2731190000,67024662,67024741,45793183,357534
1790922497,68166120,69952458752,1602875,0,,13,0,93,177,1716625,2733106486,67070743,67070822,45815434,357711
1790922498,68165860,69953228800,1602875,0,,15,0,93,177,1729044,2734991850,67116171,67116244,45839069,357900
1790922500,68166680,69954097152,1602875,0,,12,0,93,177,1740769,2736933449,67161755,67161834,45861427,358075
1790922501,68167412,69954260992,1602875,0,,16,0,93,177,1753355,2738802878,67207378,67207456,45884619,358264
1790922502,68169008,69956198400,1602875,0,,14,0,93,177,1766097,2740729669,67252588,67252665,45906995,358450
1790922503,68168888,69955969024,1604966,0,,13,0,93,177,1766513,2741862525,67279063,67279149,45934353,358666
1790922504,68169768,69957230592,1605154,0,,15,0,93,177,1758435,2743690781,67323287,67323365,45964238,358899
1790922505,68168920,69955846144,1606556,0,,15,0,93,177,1750789,2744947875,67353831,67353908,45995402,359139
1790922506,68166920,69953404928,1607663,0,,17,0,93,177,1733782,2746192384,67384461,67384547,46026969,359382
1790922507,68168280,69954621440,1608640,0,,1,0,93,177,1741967,2747712177,67420414,67420501,46058718,359627
1790922508,68168376,69954777088,1609537,0,,11,0,93,177,1737855,2749397777,67459902,67459978,46089483,359866
1790922509,68167540,69954707456,1609902,0,,13,0,93,177,1729230,2750839280,67493438,67493521,46121304,360110
1790922510,68168236,69955293184,1610994,0,,16,0,93,177,1711922,2752234020,67525374,67525458,46152632,360352
1790922511,68168836,69955997696,1612209,0,,12,0,93,177,1719752,2753794295,67562791,67562871,46188699,360629
1790922512,68167148,69954289664,1612209,0,,12,0,93,177,1712696,2755597801,67606186,67606266,46219408,360868
1790922513,68168404,69955579904,1614955,0,,16,0,93,177,1708741,2756946214,67638806,67638887,46251135,361113
1790922514,68169384,69956878336,1619416,0,,16,0,93,177,1688204,2758015589,67665075,67665156,46277074,361319
1790922516,68169296,69957287936,1621835,0,,25,0,93,177,1700927,2759942497,67710033,67710116,46316611,361636
1790922517,68167612,69954752512,1622001,0,,16,0,93,177,1704036,2761869659,67755917,67756001,46339444,361824
1790922518,68167328,69955002368,1622001,0,,17,0,93,177,1718735,2763789756,67802397,67802475,46360501,362004
1790922519,68165760,69952614400,1622001,0,,13,0,93,177,1730358,2765694791,67848858,67848943,46382802,362193
1790922520,68165636,69951725568,1622001,0,,16,0,94,179,1740860,2767592178,67894212,67894289,46406290,362386
1790922521,68166220,69952815104,1627038,0,,12,0,94,179,1737262,2768511102,67915567,67915648,46431379,362588
1790922523,68164664,69952139264,1628402,0,,19,0,94,179,1726625,2770298360,67958254,67958334,46471834,362901
1790922524,68162812,69949095936,1628402,0,,15,0,94,179,1718269,2772247108,68003955,68004032,46495274,363087
1790922525,68162804,69949837312,1628402,0,,16,0,94,179,1731450,2774195403,68050112,68050190,46517463,363263
1790922526,68162788,69949550592,1628402,0,,20,0,94,179,1744151,2776122529,68096160,68096236,46541486,363450
1790922527,68164420,69950963712,1628402,0,,19,0,94,179,1757038,2778023950,68141702,68141781,46564840,363633
1790922528,68162576,69949775872,1628402,0,,14,0,94,179,1768347,2779962094,68187498,68187581,46586025,363798
1790922529,68160232,69946654720,1628402,0,,14,0,94,179,1778733,2781906775,68233517,68233601,46607232,363964
1790922530,68161848,69948866560,1629843,0,,18,0,94,179,1781681,2783235568,68264147,68264229,46637376,364195
1790922531,68163000,69950054400,1629843,0,,14,0,94,179,1772799,2785093846,68307885,68307939,46668007,364432
1790922532,68165052,69952004096,1630679,0,,16,0,94,179,1765191,2786384557,68339493,68339559,46699502,364675
1790922533,68164868,69951967232,1630679,0,,15,0,94,179,1775198,2788272190,68385598,68385649,46722135,364865
1790922534,68166256,69952851968,1630679,0,,15,0,94,179,1782220,2790243106,68431153,68431234,46742331,365040
1790922535,68166480,69953593344,1630679,0,,11,0,94,179,1789745,2792197629,68476495,68476576,46762533,365214
1790922536,68163360,69950398464,1630679,0,,8,0,94,179,1803246,2794125074,68521362,68521447,46784923,365399
1790922537,68164956,69951832064,1630679,0,,17,0,94,179,1810108,2796059767,68567605,68567682,46805118,365572
1790922538,68163140,69950693376,1630679,0,,19,0,95,193,1818722,2797952553,68613221,68613291,46826989,365756
1790922539,68162552,69949607936,1630679,0,,14,0,96,193,1828190,2799826559,68658985,68659066,46850911,365952
1790922540,68164560,69951901696,1630679,0,,14,0,96,193,1837324,2801719118,68704325,68704408,46875522,366153
1790922542,68164644,69952507904,1630679,0,,11,0,97,197,1846956,2803613270,68749035,68749109,46901169,366360
1790922543,68166384,69954015232,1630679,0,,14,0,97,197,1855661,2805503989,68794464,68794543,46924315,366551
1790922544,68166524,69953413120,1632000,0,,16,0,97,197,1836398,2806560605,68819299,68819351,46953528,366778
1790922545,68166920,69953552384,1633449,0,,17,0,97,197,1841976,2807980822,68853822,68853902,46988846,367049
1790922546,68166944,69953298432,1633646,0,,13,0,97,197,1830603,2809849972,68897605,68897684,47018984,367282
1790922547,68167100,69954772992,1634793,0,,8,0,97,197,1823823,2811049038,68925705,68925782,47051044,367529
1790922548,68166400,69953343488,1636095,0,,10,0,97,197,1805759,2812328022,68954774,68954824,47081556,367763
1790922549,68167528,69955112960,1637445,0,,9,0,97,197,1810684,2813715612,68989195,68989282,47116101,368029
1790922550,68167276,69953392640,1637621,0,,19,0,97,197,1800477,2815601009,69033848,69033929,47138894,368213
1790922551,68169052,69956497408,1637621,0,,19,0,97,197,1811691,2817505268,69078996,69079075,47160423,368388
1790922552,68168056,69955473408,1637621,0,,15,0,97,197,1823090,2819429697,69124965,69125043,47183414,368570
1790922553,68167224,69954097152,1637621,0,,10,0,97,197,1834829,2821346175,69170790,69170870,47206157,368749
1790922555,68167800,69955235840,1639793,0,,15,0,97,197,1838566,2822777158,69204221,69204294,47239386,369004
1790922556,68166960,69954531328,1640059,0,,13,0,97,197,1839606,2824693313,69249538,69249622,47262699,369191
1790922557,68167236,69954625536,1640059,0,,6,0,97,197,1849625,2826483901,69293456,69293532,47285582,369369
1790922558,68167336,69953929216,1640127,0,,1,0,98,198,1843614,2828069732,69330676,69330763,47317083,369613
1790922559,68162728,69950504960,1641108,0,,14,0,98,198,1826599,2828486456,69340649,69340730,47346866,369841
1790922560,68157756,69944655872,1641108,0,,1,0,98,198,1812391,2829793709,69372493,69372577,47362417,369963
1790922561,68156680,69942992896,1641108,0,,0,0,98,198,1813639,2830013102,69377696,69377783,47365119,369986
1790922562,68156724,69942996992,1641108,0,,0,0,98,198,1793345,2830013109,69377696,69377783,47385272,370139
1790922563,68157876,69944070144,1641108,0,,0,0,98,198,1773326,2830013237,69377696,69377783,47405425,370292
1790922564,68158704,69944918016,1641108,0,,0,0,98,198,1753262,2830013365,69377696,69377783,47425578,370445
1790922565,68159868,69945839616,1641108,0,,0,0,98,198,1733244,2830013493,69377696,69377783,47445731,370598
1790922566,68161052,69946937344,1641108,0,,0,0,98,198,1713185,2830013621,69377696,69377783,47465884,370751
1790922567,68162252,69948428288,1641108,0,,0,0,98,198,1693060,2830013749,69377696,69377783,47486037,370904
1790922568,68162732,69949149184,1641108,0,,0,0,98,198,1672772,2830013877,69377696,69377783,47506190,371057
1790922569,68163912,69950103552,1641108,0,,0,0,98,198,1652533,2830014005,69377696,69377783,47526344,371211
1790922570,68165072,69951295488,1641108,0,,0,0,98,198,1632453,2830014133,69377696,69377783,47546499,371365
1790922571,68166292,69952536576,1641108,0,,0,0,98,198,1612393,2830014261,69377696,69377783,47567857,371528
1790922572,68167464,69953482752,1641108,0,,0,0,98,198,1592340,2830014517,69377696,69377783,47589143,371691
1790922573,68168644,69954691072,1641108,0,,0,0,98,198,1571850,2830014645,69377696,69377783,47610098,371851
1790922574,68169776,69956120576,1641108,0,,0,0,98,198,1551678,2830014773,69377696,69377783,47632392,372021
1790922575,68170888,69956993024,1641108,0,,0,0,98,198,1531622,2830014901,69377696,69377783,47653489,372182
1790922576,68172056,69958184960,1641108,0,,0,0,98,198,1511537,2830015029,69377696,69377783,47674660,372343
1790922577,68173252,69959753728,1641108,0,,0,0,98,198,1490996,2830015157,69377696,69377783,47696035,372506
1790922579,68174428,69960957952,1641108,0,,0,0,98,198,1470544,2830015285,69377696,69377783,47716154,372659
1790922580,68174428,69960876032,1641108,0,,0,0,98,198,1450441,2830015413,69377696,69377783,47739982,372841
1790922581,68172680,69958823936,1641108,0,,0,0,98,198,1430357,2830015541,69377696,69377783,47761225,373003
1790922582,68173820,69960253440,1641108,0,,0,0,98,198,1410275,2830015669,69377696,69377783,47782481,373164
1790922583,68173820,69959991296,1641108,0,,0,0,98,198,1390133,2830015797,69377696,69377783,47803515,373324
