ts,rss_kb,cg_mem_bytes,Innodb_buffer_pool_wait_free,Innodb_log_waits,Innodb_os_log_pending_fsyncs,Innodb_data_pending_reads,Innodb_data_pending_writes,Innodb_row_lock_waits,Innodb_row_lock_time,Innodb_buffer_pool_pages_dirty,Innodb_buffer_pool_read_requests,Innodb_buffer_pool_reads,Innodb_data_reads,Innodb_data_writes,Innodb_dblwr_writes
1790926896,1471380,1547943936,0,0,,0,0,0,0,0,278,147,158,0,0
1790926897,1494680,1578205184,0,0,,1,0,0,0,134,2317,907,993,0,0
1790926898,1670320,1759092736,0,0,,3,0,0,0,2729,60848,10655,10741,0,0
1790926899,2029236,2127560704,0,0,,4,0,0,0,4482,188233,31192,31275,4029,29
1790926900,2574576,2688221184,0,0,,5,0,0,0,9186,402385,63400,63481,8058,58
1790926901,3302144,3435048960,0,0,,6,0,0,0,17691,711353,106939,107021,12087,87
1790926902,4212620,4369666048,0,0,,9,0,0,0,27811,1097995,161517,161593,16116,116
1790926903,5274848,5460180992,0,0,,10,0,0,0,42870,1598937,225328,225412,20145,145
1790926904,6500516,6717124608,0,0,,11,0,0,0,61896,2179526,299036,299108,24174,174
1790926905,7870168,8122892288,0,0,,14,0,0,0,80046,2859840,381966,382051,28203,203
1790926906,9336740,9627795456,0,0,,13,0,0,0,102808,3645911,470135,470208,32232,232
1790926907,10947184,11278307328,0,0,,19,0,0,0,128668,4552507,567717,567792,36261,261
1790926908,12545920,12917170176,0,0,,17,0,0,0,154461,5472858,665568,665643,40583,292
1790926909,14308444,14725672960,0,0,,22,0,0,0,183939,6519699,772307,772384,46430,334
1790926910,16096484,16561905664,0,0,,25,0,0,0,216218,7661796,879779,879858,52022,374
1790926911,17963644,18477772800,0,0,,15,0,0,0,246359,8875952,992478,992549,56406,406
1790926912,19853252,20415660032,0,0,,26,0,0,0,281082,10149935,1107262,1107324,60435,435
1790926913,21762936,22372610048,0,0,,21,0,0,0,317108,11476545,1223234,1223303,64464,464
1790926914,23623944,24280621056,0,0,,21,0,0,0,356208,12859707,1336883,1336960,68493,493
1790926915,25389740,26091560960,0,0,,14,0,0,0,389258,14239841,1444740,1444810,72522,522
1790926917,27140868,27888586752,0,0,,17,0,0,0,426865,15664142,1551071,1551139,76551,551
1790926918,28801752,29589860352,0,0,,23,0,0,0,464205,17181888,1651998,1652061,80580,580
1790926919,30316644,31144472576,0,0,,18,0,0,0,485356,18594792,1744691,1744766,96339,692
1790926920,31786068,32651526144,0,0,,14,0,0,0,507786,20028764,1833923,1833994,112765,810
1790926921,33184792,34084659200,0,0,,17,0,0,0,530244,21512456,1919156,1919229,129850,932
1790926922,34573992,35511824384,0,0,,14,0,0,0,559218,23005777,2003554,2003626,147608,1059
1790926923,35904472,36874801152,0,0,,14,0,0,0,572086,24493273,2084509,2084590,167070,1198
1790926924,37215612,38219915264,0,0,,14,0,0,0,593379,26028299,2164028,2164102,186076,1333
1790926925,38494172,39529889792,0,0,,17,0,0,0,613857,27565408,2241807,2241881,205701,1473
1790926926,39752168,40818810880,0,0,,12,0,0,0,633252,29102912,2318855,2318935,225844,1616
1790926927,40965676,42064805888,0,0,,18,0,0,0,654154,30676420,2392443,2392509,245988,1760
1790926928,42178640,43309232128,0,0,,7,0,0,0,674061,32281932,2466492,2466569,266131,1903
1790926929,43316204,44475195392,0,0,,10,0,0,0,694559,33900745,2535429,2535505,286275,2047
1790926930,44450620,45639032832,0,0,,13,0,0,0,715022,35549533,2604699,2604777,306419,2191
1790926931,45576256,46792171520,0,0,,14,0,0,0,736486,37206134,2673401,2673475,326563,2335
1790926932,46650424,47894880256,0,0,,18,0,1,1,758102,38900759,2738862,2738945,347794,2487
1790926933,47750620,49020735488,0,0,,20,0,1,1,778581,40571783,2805927,2806003,370324,2648
1790926934,48812812,50110521344,0,0,,16,0,2,3,800198,42268397,2870896,2870953,392346,2806
1790926935,49873048,51199369216,0,0,,14,0,2,3,821512,43974267,2935469,2935553,414527,2964
1790926936,50909616,52262051840,0,0,,17,0,2,3,842127,45698515,2998851,2998916,436910,3125
1790926937,51912476,53289795584,0,0,,17,0,2,3,863095,47428562,3060069,3060147,458060,3278
1790926938,52896612,54298820608,0,0,,16,0,2,3,883838,49149773,3120869,3120951,480681,3440
1790926940,53867708,55295524864,0,0,,10,0,2,3,904530,50940060,3180478,3180561,502614,3599
1790926941,54832548,56283668480,0,0,,20,0,2,3,925421,52745878,3239643,3239725,524460,3756
1790926942,55789252,57265881088,0,0,,21,0,2,3,946185,54540012,3298218,3298294,546103,3913
1790926943,56732004,58230644736,0,0,,18,0,2,3,967531,56370323,3356237,3356318,567122,4064
1790926944,57660480,59184082944,0,0,,13,0,2,3,967864,58206899,3413474,3413554,588447,4219
1790926945,58568800,60116189184,0,0,,16,0,2,3,989154,60053070,3469362,3469444,608592,4364
1790926946,59465904,61035151360,0,0,,14,0,2,3,1010064,61881656,3524697,3524778,628739,4511
1790926947,60343360,61935124480,0,0,,13,0,2,3,1031464,63736290,3578907,3578984,648885,4657
1790926948,61205820,62819790848,0,0,,15,0,2,3,1052779,65605308,3632126,3632202,669032,4804
1790926949,62081584,63718580224,0,0,,18,0,2,3,1073047,67470443,3686361,3686438,689180,4952
1790926950,62949956,64608985088,0,0,,15,0,2,3,1093495,69350959,3740289,3740367,709328,5100
1790926951,63786172,65466687488,0,0,,14,0,2,3,1113260,71269445,3792059,3792140,729476,5248
1790926952,64629640,66331844608,0,0,,17,0,2,3,1133751,73135742,3844569,3844647,749625,5397
1790926953,65448260,67171241984,0,0,,12,0,3,4,1153078,75041238,3895410,3895487,769773,5545
1790926954,66267936,68011372544,0,0,,17,0,3,4,1172340,76941094,3946565,3946647,790173,5696
1790926955,67073176,68836298752,0,0,,19,0,3,4,1191004,78901919,3996545,3996626,811972,5856
1790926956,67873876,69658460160,0,0,,15,0,3,4,1209958,80818587,4046269,4046346,833651,6016
1790926957,68135400,69922463744,952,0,,16,0,3,4,1227877,82675014,4094287,4094366,850658,6168
1790926958,68136136,69922177024,952,0,,10,0,3,4,1270557,84774785,4148125,4148201,855652,6250
1790926959,68135728,69921771520,952,0,,11,0,3,4,1291598,86757752,4200342,4200423,871066,6394
1790926960,68133664,69919481856,952,0,,12,0,3,4,1310713,88723241,4251711,4251787,891292,6566
1790926962,68135268,69921832960,952,0,,14,0,3,4,1331352,90688740,4301880,4301965,911518,6738
1790926963,68135072,69921615872,952,0,,14,0,3,4,1373513,92828329,4356840,4356924,911683,6791
1790926964,68135056,69921382400,952,0,,14,0,3,4,1391173,94808685,4406684,4406766,934214,6976
1790926965,68136500,69923655680,952,0,,13,0,3,4,1413592,96816058,4458719,4458795,952093,7134
1790926966,68136792,69923610624,952,0,,9,0,3,4,1455991,98915597,4513947,4514028,952212,7188
1790926967,68137112,69923926016,952,0,,16,0,3,4,1497038,101059620,4568932,4569013,952325,7240
1790926968,68138824,69925232640,952,0,,17,0,3,4,1507487,102946259,4618280,4618355,981752,7470
1790926969,68140816,69928062976,8141,0,,14,0,3,4,1492397,104285724,4651676,4651754,1018053,7747
1790926970,68139880,69927129088,14479,0,,8,0,4,10,1479423,105897415,4690408,4690488,1059059,8054
1790926971,68139924,69926637568,22319,0,,16,0,4,10,1465811,107413019,4729054,4729137,1099880,8362
1790926972,68139796,69926002688,28729,0,,16,0,4,10,1475079,108950316,4768304,4768381,1141430,8675
1790926973,68138024,69924851712,28729,0,,11,0,4,10,1468070,110894676,4817155,4817236,1170604,8904
1790926974,68149052,69936037888,28729,0,,13,0,4,10,1481175,112803249,4865281,4865356,1201402,9143
1790926975,68149836,69936566272,28729,0,,15,0,4,10,1485507,114751471,4915744,4915822,1224517,9324
1790926976,68149996,69936214016,28729,0,,15,0,5,10,1498009,116701692,4964331,4964415,1254069,9554
1790926977,68150092,69937340416,28729,0,,16,0,5,10,1508897,118611727,5012221,5012298,1283827,9786
1790926978,68147000,69933420544,28729,0,,18,0,5,10,1514707,120593603,5061665,5061746,1306351,9962
1790926979,68146676,69934133248,28729,0,,12,0,5,10,1526282,122541654,5109722,5109804,1336912,10199
1790926980,68148176,69934886912,28729,0,,11,0,5,10,1533913,124474666,5158793,5158874,1364455,10414
1790926981,68149324,69936259072,28729,0,,12,0,5,10,1541211,126443391,5208376,5208457,1389442,10609
1790926982,68148808,69935525888,28729,0,,18,0,5,10,1550821,128388788,5256799,5256874,1420121,10847
1790926984,68150448,69936922624,28875,0,,12,0,5,10,1554139,130431197,5306311,5306311,1445083,11042
1790926985,68152800,69939355648,28875,0,,17,0,5,10,1563817,132413125,5355029,5355106,1473626,11264
1790926986,68154208,69940793344,34753,0,,12,0,5,10,1546926,133721332,5387073,5387128,1509801,11535
1790926987,68154120,69940715520,34753,0,,10,0,5,10,1556289,135641587,5434759,5434838,1540911,11780
1790926988,68151584,69938905088,34753,0,,13,0,5,10,1559236,137595496,5484049,5484132,1568105,11994
1790926989,68151844,69938647040,34753,0,,17,0,5,10,1566958,139602102,5531400,5531482,1596348,12215
1790926990,68153532,69940367360,34753,0,,15,0,5,10,1575155,141553985,5579037,5579120,1627319,12456
1790926991,68155200,69941358592,38370,0,,0,0,5,10,1576604,143383842,5623793,5623880,1656331,12678
1790926992,68154904,69941231616,43435,0,,15,0,5,10,1562921,144836225,5659404,5659487,1696073,12978
1790926993,68153532,69940416512,50003,0,,11,0,5,10,1548943,146290382,5696040,5696124,1738603,13299
1790926994,68150876,69937410048,56967,0,,17,0,5,10,1535788,147824582,5733316,5733395,1779592,13608
1790926995,68148780,69935288320,64014,0,,14,0,5,10,1520816,149363622,5770922,5771002,1818235,13901
1790926996,68150504,69937287168,64014,0,,14,0,5,10,1528231,151340684,5819791,5819874,1845505,14114
1790926997,68151152,69937315840,64014,0,,14,0,5,10,1536760,153301644,5867581,5867659,1875964,14350
1790926998,68149692,69935939584,64014,0,,14,0,5,10,1542090,155278585,5915831,5915909,1900999,14547
1790926999,68150980,69937770496,64014,0,,13,0,5,10,1551297,157227233,5963513,5963593,1931076,14780
1790927000,68150432,69936713728,74747,0,,17,0,5,10,1537830,158606443,5998006,5998082,1970864,15081
1790927001,68150304,69936812032,74747,0,,13,0,5,10,1551344,160570803,6047429,6047514,1994745,15268
1790927002,68150628,69936836608,74747,0,,10,0,5,10,1567336,162564942,6096944,6096991,2017190,15443
1790927003,68150004,69936238592,74747,0,,16,0,5,10,1583627,164576955,6146103,6146182,2038779,15627
1790927005,68152624,69939453952,74747,0,,15,0,5,10,1594398,166592690,6197293,6197368,2056301,15786
1790927006,68151676,69937963008,74747,0,,13,0,5,10,1611735,168582989,6246922,6246996,2079352,15981
1790927007,68153556,69940137984,74747,0,,16,0,5,10,1623451,170587631,6296836,6296908,2098515,16153
1790927008,68152328,69938892800,74747,0,,13,0,5,10,1637847,172614543,6346658,6346736,2118840,16332
1790927009,68152284,69938864128,74747,0,,11,0,5,10,1655795,174571568,6395561,6395644,2144980,16548
1790927010,68153368,69939412992,74747,0,,15,0,6,12,1665515,176598798,6445099,6445179,2162525,16708
1790927011,68153828,69940424704,74747,0,,15,0,6,12,1677047,178587281,6494057,6494134,2187242,16912
1790927012,68153144,69940756480,76571,0,,14,0,6,12,1668143,179966084,6529083,6529167,2219639,17155
1790927013,68154216,69941346304,76571,0,,10,0,6,12,1685588,181949063,6578451,6578519,2243966,17344
1790927014,68154660,69941284864,76571,0,,16,0,6,12,1693575,183997198,6628704,6628783,2260747,17475
1790927015,68153936,69940563968,76571,0,,13,0,6,12,1708117,185979110,6678536,6678620,2282718,17647
1790927016,68154792,69941485568,76571,0,,11,0,6,12,1729339,187948456,6727053,6727129,2309598,17856
1790927017,68156680,69944360960,76571,0,,12,0,6,12,1740438,189975790,6776465,6776540,2329791,18023
1790927018,68155200,69942362112,76571,0,,12,0,6,12,1752463,192033970,6825746,6825822,2349842,18183
1790927019,68155404,69942071296,76571,0,,11,0,6,12,1768630,194038633,6874485,6874570,2374292,18373
1790927020,68156760,69943463936,81952,0,,13,0,6,12,1748749,195470232,6909008,6909084,2402027,18578
1790927021,68158472,69945167872,87985,0,,4,0,6,12,1759238,197130031,6950014,6950101,2433970,18818
1790927022,68158560,69944791040,88928,0,,13,0,6,12,1751865,198987379,6994428,6994507,2460288,19021
1790927023,68160296,69947064320,88928,0,,18,0,6,12,1764712,201007104,7043504,7043578,2481691,19188
1790927024,68158720,69945716736,88928,0,,14,0,6,12,1776711,203014342,7092715,7092793,2503133,19364
1790927025,68158996,69945720832,99126,0,,14,0,6,12,1771029,204287008,7123484,7123561,2540121,19647
1790927027,68155740,69942403072,99126,0,,10,0,6,12,1780127,206330925,7173012,7173090,2557152,19803
1790927028,68156512,69942939648,99126,0,,17,0,6,12,1797946,208286762,7221833,7221916,2580646,19992
1790927029,68158796,69946028032,105729,0,,16,0,6,12,1787044,209787131,7257765,7257848,2615131,20250
1790927030,68158948,69945458688,105729,0,,17,0,6,12,1799691,211832102,7307122,7307201,2634956,20407
1790927031,68159940,69946658816,105729,0,,12,0,6,12,1811293,213877674,7355918,7355998,2655119,20566
1790927032,68160376,69947396096,105729,0,,12,0,6,12,1827189,215821290,7403570,7403653,2679001,20767
1790927033,68159476,69946462208,105729,0,,15,0,6,12,1837736,217843412,7453262,7453347,2696981,20928
1790927034,68159880,69946621952,107833,0,,11,0,6,12,1827678,219142933,7484648,7484728,2731719,21197
1790927035,68159340,69946101760,107833,0,,14,0,6,12,1839431,221210103,7533923,7534004,2750388,21362
1790927036,68155456,69941792768,107833,0,,13,0,6,12,1856291,223228611,7582190,7582274,2773001,21554
1790927037,68155892,69942300672,109347,0,,14,0,6,12,1843063,224524631,7613804,7613881,2803606,21795
1790927038,68156228,69943164928,109347,0,,13,0,6,12,1860077,226527178,7662504,7662581,2825855,21982
1790927039,68156204,69942620160,109347,0,,15,0,6,12,1871265,228563755,7712862,7712943,2842666,22135
1790927040,68157408,69944381440,109347,0,,14,0,6,12,1890092,230587828,7760773,7760852,2865933,22329
1790927041,68157640,69944647680,113810,0,,12,0,6,12,1888408,231890165,7792493,7792574,2897381,22577
1790927042,68155460,69942390784,113810,0,,13,0,6,12,1903159,233895640,7841169,7841248,2917787,22754
1790927043,68155568,69942759424,113810,0,,14,0,6,12,1913731,235972954,7890702,7890776,2934749,22908
1790927044,68156392,69942824960,113810,0,,15,0,6,12,1926432,237972793,7938858,7938942,2957686,23099
1790927045,68155256,69941624832,113810,0,,15,0,6,12,1938322,239983499,7986404,7986488,2981828,23297
1790927046,68155500,69943189504,115849,0,,11,0,6,12,1933164,241529980,8023105,8023182,3015850,23555
1790927048,68155448,69942104064,116367,0,,13,0,6,12,1922820,243368195,8067675,8067752,3056877,23865
1790927049,68155868,69942784000,118675,0,,13,0,6,12,1914177,245292810,8114690,8114771,3099428,24197
1790927050,68155536,69942202368,118675,0,,13,0,6,12,1915504,247286471,8163109,8163190,3124426,24393
1790927051,68155420,69941841920,118675,0,,16,0,6,12,1929010,249248082,8211376,8211455,3149850,24590
1790927052,68156540,69943767040,118675,0,,20,0,6,12,1940002,251257494,8259346,8259429,3174921,24785
1790927053,68157604,69944283136,121830,0,,15,0,6,12,1915561,252705537,8293082,8293159,3209111,25043
1790927054,68155376,69942833152,124119,0,,19,0,6,12,1921140,254170758,8329270,8329347,3244590,25311
1790927055,68156036,69942996992,125495,0,,18,0,6,12,1910754,256027958,8374199,8374278,3286908,25632
1790927056,68155628,69942579200,125495,0,,12,0,7,18,1903148,258014865,8422165,8422242,3312033,25827
1790927058,68155816,69942730752,125495,0,,11,0,7,18,1916657,259990255,8470091,8470169,3339223,26038
1790927059,68157088,69944053760,125495,0,,15,0,7,18,1927916,262014517,8517546,8517624,3364116,26231
1790927060,68158972,69945995264,127235,0,,9,0,7,18,1909475,263294200,8548873,8548949,3395296,26468
1790927061,68159004,69946544128,127235,0,,9,0,7,18,1921378,265264091,8596441,8596519,3422021,26676
1790927062,68159504,69945942016,127235,0,,14,0,7,18,1933931,267269033,8644297,8644378,3449253,26886
1790927063,68159600,69946363904,127235,0,,11,0,7,18,1941601,269288097,8692094,8692171,3473665,27075
1790927064,68160616,69947686912,127235,0,,13,0,7,18,1944611,271338417,8741248,8741328,3493859,27238
1790927065,68157584,69945118720,127235,0,,15,0,7,18,1955909,273264951,8787818,8787898,3518668,27430
1790927066,68157152,69944156160,127235,0,,11,0,7,18,1965373,275236638,8835387,8835471,3545516,27649
1790927067,68158760,69946036224,127235,0,,15,0,7,18,1975994,277180875,8883538,8883615,3572107,27855
1790927068,68158160,69944954880,128397,0,,11,0,7,18,1959563,278572342,8916562,8916644,3607484,28122
1790927069,68159272,69946310656,129495,0,,11,0,7,18,1944995,280136679,8953392,8953477,3645679,28411
1790927070,68158920,69945995264,132088,0,,16,0,7,18,1948652,281404189,8984781,8984861,3679564,28667
1790927071,68158476,69945257984,132088,0,,13,0,7,18,1940373,283420325,9032133,9032213,3705885,28872
1790927072,68158768,69946056704,132088,0,,11,0,7,18,1950369,285412631,9080493,9080572,3732254,29076
1790927073,68159992,69946515456,132740,0,,18,0,7,18,1951767,286809572,9113946,9114027,3768755,29353
1790927074,68158444,69946245120,132740,0,,16,0,7,18,1961872,288791836,9161882,9161962,3795369,29560
1790927075,68159320,69946392576,132740,0,,17,0,7,18,1971075,290790072,9210259,9210340,3820432,29754
1790927076,68158460,69945204736,134836,0,,12,0,7,18,1939716,291983316,9239475,9239557,3854584,30014
1790927077,68156612,69943566336,134836,0,,17,0,7,18,1950566,293938512,9287020,9287102,3882825,30233
1790927079,68157820,69944037376,134836,0,,15,0,7,18,1957381,295940173,9334818,9334892,3907387,30425
1790927080,68159864,69946634240,134836,0,,16,0,7,18,1961061,297886533,9381765,9381841,3929457,30604
1790927081,68161284,69949124608,136308,0,,21,0,7,18,1965990,299432988,9417896,9417979,3967877,30903
1790927082,68159752,69947330560,136308,0,,13,0,7,18,1955711,301411260,9465306,9465388,3995754,31131
1790927083,68157652,69943853056,136308,0,,1,0,8,19,1965858,303367436,9511751,9511838,4023648,31358
1790927084,68158660,69946789888,136308,0,,11,0,8,19,1971661,305342785,9559119,9559199,4050658,31579
1790927085,68159832,69946609664,136308,0,,14,0,8,19,1974330,307379797,9607900,9607979,4071955,31765
1790927086,68160772,69948108800,136308,0,,15,0,8,19,1984491,309291525,9654941,9655019,4101401,32003
1790927087,68160204,69947277312,138323,0,,16,0,8,19,1984541,310445230,9681882,9681949,4132299,32243
1790927088,68160136,69946400768,138323,0,,19,0,8,19,1974453,312407767,9728778,9728860,4159771,32458
1790927089,68159968,69947256832,138323,0,,12,0,8,19,1983358,314400037,9775637,9775710,4186862,32669
1790927090,68162488,69949349888,138323,0,,12,0,8,19,1991040,316381261,9823228,9823305,4213252,32874
1790927091,68162684,69949542400,138323,0,,14,0,8,19,1991858,318447148,9871559,9871639,4235230,33046
1790927092,68164232,69951926272,140138,0,,4,0,8,19,1996541,320062943,9908317,9908404,4274606,33348
1790927093,68165184,69952094208,141249,0,,0,0,8,19,1983239,321831642,9950325,9950412,4311345,33629
1790927094,68163924,69950554112,142198,0,,15,0,8,19,1970565,323461342,9989458,9989524,4345957,33895
1790927096,68163476,69950373888,143502,0,,13,0,8,19,1957987,324908484,10025395,10025473,4381572,34168
1790927097,68163840,69950976000,143502,0,,14,0,8,19,1964783,326996290,10073070,10073125,4404720,34355
1790927098,68164044,69951438848,143502,0,,17,0,8,19,1974846,328981849,10119836,10119913,4433290,34580
1790927099,68163040,69950464000,143502,0,,17,0,8,19,1981412,330919384,10165407,10165486,4458042,34773
1790927100,68162968,69950509056,143502,0,,14,0,8,19,1986868,332827826,10211502,10211582,4482435,34972
1790927101,68164556,69950341120,143502,0,,16,0,8,19,1993320,334829158,10259198,10259276,4506966,35165
1790927102,68163344,69950754816,145036,0,,9,0,8,19,1995574,336188329,10291916,10292003,4542965,35439
1790927103,68160068,69947682816,146072,0,,5,0,9,19,1981124,337835972,10332223,10332310,4585317,35763
1790927104,68161860,69948686336,146802,0,,0,0,9,19,1967718,339532655,10373757,10373844,4625620,36072
1790927105,68160116,69946609664,147011,0,,9,0,10,24,1956943,341439731,10418746,10418826,4652754,36284
1790927106,68159908,69946462208,147011,0,,13,0,10,24,1967210,343415479,10465206,10465290,4681694,36509
1790927107,68160564,69948432384,147011,0,,17,0,11,29,1973858,345418795,10512375,10512454,4705807,36696
1790927109,68161832,69949206528,147011,0,,12,0,11,29,1978903,347409760,10559369,10559435,4730363,36888
1790927110,68161100,69949050880,147988,0,,16,0,11,29,1983712,349310491,10603334,10603408,4770888,37199
1790927111,68160672,69947924480,149057,0,,21,0,11,29,1970168,351060189,10644275,10644356,4813342,37524
1790927112,68161744,69948346368,149445,0,,0,0,11,29,1956590,352796754,10684880,10684967,4843747,37759
1790927113,68162012,69949382656,150648,0,,11,0,11,29,1945942,354175208,10717660,10717739,4880122,38040
1790927114,68162624,69949788160,151719,0,,18,0,11,29,1929340,355451148,10748935,10749016,4912199,38284
1790927115,68164232,69951209472,152757,0,,3,0,11,29,1929838,356219181,10768075,10768162,4940353,38498
1790927116,68162868,69950586880,154522,0,,12,0,11,29,1917632,357983942,10809782,10809867,4982854,38824
1790927117,68161044,69947629568,154713,0,,0,0,11,29,1905885,359763621,10851517,10851604,5019336,39106
1790927119,68161708,69948628992,155263,0,,17,0,11,29,1895546,361385154,10890055,10890137,5051495,39354
1790927120,68163800,69950951424,156726,0,,17,0,11,29,1885878,362569700,10917894,10917976,5087003,39626
1790927121,68164280,69952294912,158331,0,,13,0,11,29,1868884,363866958,10948289,10948370,5119807,39876
1790927122,68164456,69951815680,158331,0,,13,0,11,29,1879387,365835725,10995410,10995490,5147153,40089
1790927123,68164768,69952004096,158331,0,,16,0,11,29,1885986,367787833,11042866,11042946,5172410,40289
1790927124,68166092,69953089536,160378,0,,17,0,11,29,1871089,368892600,11069630,11069712,5205182,40543
1790927125,68166344,69953253376,162018,0,,10,0,11,29,1854562,370183560,11100356,11100437,5238687,40799
1790927126,68165620,69953032192,162440,0,,4,0,11,29,1861612,371733393,11138431,11138518,5277352,41096
1790927127,68165484,69953261568,163645,0,,11,0,11,29,1851177,373627303,11181684,11181771,5319701,41421
1790927128,68164256,69952274432,163772,0,,17,0,11,29,1843306,375600741,11229394,11229472,5345950,41626
1790927129,68166176,69953699840,163772,0,,14,0,11,29,1854303,377601275,11276111,11276190,5373167,41837
1790927130,68165368,69952593920,163772,0,,11,0,11,29,1861108,379616903,11323369,11323446,5396036,42015
1790927131,68164556,69952282624,163772,0,,6,0,11,29,1868404,381545792,11369546,11369615,5419987,42203
1790927132,68164484,69951266816,163772,0,,16,0,11,29,1876544,383495585,11416553,11416629,5444156,42396
1790927133,68165752,69953024000,163772,0,,18,0,11,29,1887424,385458147,11463613,11463695,5470288,42604
1790927134,68164328,69951549440,163772,0,,15,0,11,29,1897040,387415197,11510918,11510999,5496612,42808
1790927135,68167316,69955063808,163772,0,,19,0,11,29,1904031,389406748,11557845,11557925,5521242,43001
1790927137,68167344,69954502656,163772,0,,16,0,11,29,1907555,391393858,11605071,11605149,5543591,43187
1790927138,68168716,69955284992,163772,0,,20,0,11,29,1918268,393361452,11652454,11652528,5569169,43386
1790927139,68167800,69954785280,163772,0,,11,0,11,29,1927325,395316580,11699894,11699971,5595212,43589
1790927140,68167352,69955575808,163981,0,,16,0,11,29,1936062,397269812,11746614,11746692,5620460,43785
1790927141,68165528,69952163840,163981,0,,14,0,11,29,1940315,399284100,11793795,11793872,5644376,43972
1790927142,68167396,69954097152,163981,0,,14,0,11,29,1947942,401304195,11841310,11841393,5667365,44151
1790927143,68166136,69953347584,163981,0,,13,0,11,29,1955573,403270440,11888282,11888358,5693151,44352
1790927144,68167812,69954736128,163981,0,,19,0,11,29,1964887,405241028,11935066,11935143,5719959,44561
1790927145,68167712,69955239936,165052,0,,16,0,11,29,1946616,406428548,11963326,11963413,5752435,44809
1790927146,68167728,69955473408,167002,0,,15,0,11,29,1948692,407767845,11994781,11994865,5788163,45082
1790927147,68165516,69952442368,167002,0,,17,0,11,29,1938796,409769207,12041716,12041796,5814719,45290
1790927148,68165916,69953105920,167002,0,,16,0,11,29,1946478,411761968,12088640,12088715,5839974,45487
1790927149,68164704,69952118784,167002,0,,13,0,11,29,1954061,413738542,12135405,12135486,5866277,45691
1790927150,68165912,69953613824,167002,0,,10,0,11,29,1957315,415739773,12182120,12182193,5890632,45889
1790927151,68166160,69953388544,167002,0,,19,0,11,29,1964424,417709000,12229450,12229531,5915263,46092
1790927152,68166976,69953941504,167002,0,,19,0,11,29,1972294,419671571,12276672,12276749,5941715,46306
1790927153,68167620,69955084288,167002,0,,11,0,11,29,1980677,421636158,12323178,12323259,5968205,46520
1790927154,68167492,69955485696,167002,0,,8,0,11,29,1985525,423552127,12368480,12368559,5991508,46714
1790927155,68167524,69954539520,167002,0,,14,0,11,29,1989054,425563496,12414412,12414488,6013029,46896
1790927157,68167152,69955661824,167514,0,,0,0,11,29,1993373,427116248,12451532,12451619,6051715,47197
1790927158,68166360,69953806336,169431,0,,10,0,11,29,1978236,428833375,12492135,12492222,6094449,47525
1790927159,68167844,69954547712,170265,0,,11,0,11,29,1963718,430512076,12532614,12532701,6136775,47850
1790927160,68165860,69952311296,171167,0,,0,0,11,29,1950718,432264500,12574980,12575067,6173849,48134
1790927161,68166072,69953523712,171827,0,,10,0,11,29,1939684,433885250,12614088,12614170,6208575,48401
1790927162,68166476,69954871296,173210,0,,17,0,11,29,1929929,435326804,12647220,12647296,6243855,48672
1790927163,68166852,69954826240,174533,0,,12,0,11,29,1914843,436747303,12681320,12681401,6279187,48942
1790927164,68166348,69953806336,175758,0,,14,0,11,29,1897770,438120622,12712797,12712877,6313035,49202
1790927166,68167268,69955530752,178398,0,,6,0,11,29,1900882,439448258,12745072,12745159,6348635,49474
1790927167,68166292,69953204224,179210,0,,21,0,11,29,1888035,441171416,12786046,12786126,6391098,49801
1790927168,68166480,69953400832,179210,0,,10,0,11,29,1878971,443193962,12832881,12832965,6416477,50012
1790927169,68166824,69954035712,179210,0,,15,0,11,29,1889590,445170342,12878477,12878556,6441537,50218
1790927170,68166656,69953839104,179210,0,,14,0,11,29,1898703,447086579,12924528,12924608,6466446,50420
1790927171,68164532,69951934464,179210,0,,13,0,11,29,1906806,449042123,12970736,12970820,6490928,50620
1790927172,68165356,69952028672,179210,0,,12,0,11,29,1912294,451031294,13016534,13016608,6514327,50814
1790927173,68165140,69952233472,179210,0,,16,0,11,29,1920130,453028069,13063773,13063856,6537006,51001
1790927174,68165904,69953585152,179210,0,,18,0,11,29,1928674,454975471,13110003,13110071,6561764,51204
1790927175,68164928,69951324160,179210,0,,14,0,11,29,1936160,456907941,13156470,13156552,6587626,51413
1790927176,68163824,69951176704,179210,0,,15,0,11,29,1943873,458846227,13202204,13202280,6613022,51618
1790927177,68164264,69952196608,179210,0,,14,0,11,29,1949559,460782246,13249758,13249837,6635657,51802
1790927178,68165968,69953130496,179210,0,,18,0,11,29,1957125,462778116,13297333,13297410,6661010,52000
1790927180,68167364,69955059712,182501,0,,6,0,11,29,1959638,464106353,13329060,13329147,6696180,52267
1790927181,68164784,69952720896,183456,0,,19,0,11,29,1947116,465903877,13372220,13372306,6738572,52592
1790927182,68164644,69951610880,185007,0,,21,0,11,29,1934279,467647240,13414080,13414165,6780847,52915
1790927183,68162612,69949431808,185162,0,,20,0,11,29,1923897,469694282,13460104,13460185,6807352,53123
1790927185,68161700,69947953152,186246,0,,0,0,11,29,1928112,471189850,13494698,13494785,6838368,53361
1790927186,68161168,69948194816,187355,0,,18,0,11,29,1917106,472727794,13532288,13532367,6870183,53606
1790927187,68162092,69949411328,188458,0,,20,0,11,29,1905919,474047494,13563342,13563419,6905574,53877
1790927188,68161004,69948559360,190480,0,,13,0,11,29,1890596,475379987,13595343,13595425,6940134,54140
1790927189,68163764,69951852544,191755,0,,16,0,11,29,1874039,476751139,13627417,13627496,6974231,54401
1790927190,68164712,69952139264,193078,0,,19,0,11,29,1881406,478349240,13665238,13665320,7013006,54696
1790927191,68164600,69951733760,193078,0,,18,0,11,29,1873581,480360556,13713088,13713163,7037829,54890
1790927192,68163944,69951049728,193078,0,,15,0,11,29,1883378,482358930,13759497,13759582,7063138,55087
1790927193,68162568,69950173184,193078,0,,14,0,11,29,1893386,484348370,13806342,13806418,7088714,55286
1790927194,68161912,69949235200,193078,0,,13,0,11,29,1901947,486308724,13851767,13851852,7113912,55482
1790927195,68163532,69950627840,193078,0,,12,0,11,29,1905048,488277466,13899038,13899121,7136312,55671
1790927197,68165112,69952028672,194398,0,,25,0,11,29,1912575,489974854,13938435,13938517,7176695,55985
1790927198,68164992,69952397312,196056,0,,14,0,11,29,1900116,491747955,13980130,13980214,7218972,56310
1790927199,68166592,69953507328,196557,0,,1,0,11,29,1887790,493556652,14021898,14021985,7252935,56573
1790927200,68168188,69954867200,197673,0,,19,0,11,29,1878477,495016939,14056070,14056139,7286807,56834
1790927201,68168964,69956194304,200780,0,,6,0,11,29,1866971,496380131,14088893,14088958,7322103,57102
1790927202,68169404,69957451776,202076,0,,15,0,11,29,1855869,497738648,14120951,14121028,7356079,57361
1790927203,68166228,69953220608,203617,0,,9,0,11,29,1855029,499105760,14151882,14151964,7390207,57622
1790927204,68165416,69952028672,204698,0,,5,0,11,29,1843691,500841098,14192448,14192535,7430925,57934
1790927205,68164504,69951893504,204827,0,,14,0,11,29,1835358,502816914,14239189,14239264,7455291,58136
1790927207,68165496,69953626112,206402,0,,17,0,11,29,1844034,504492417,14279083,14279165,7494489,58443
1790927208,68165480,69953138688,207027,0,,2,0,11,29,1834319,506378917,14323959,14324044,7536798,58768
1790927209,68165460,69952348160,207885,0,,17,0,11,29,1824386,508218443,14367790,14367874,7579098,59094
1790927210,68164512,69951889408,207885,0,,13,0,11,29,1816518,510228347,14414576,14414656,7603919,59299
1790927212,68165400,69952806912,207885,0,,18,0,11,29,1829346,512199324,14461602,14461680,7628265,59501
1790927213,68164556,69951684608,207885,0,,14,0,11,29,1840984,514170718,14508528,14508611,7652080,59696
1790927214,68163140,69950758912,207885,0,,17,0,11,29,1851421,516095245,14554901,14554984,7676015,59892
1790927215,68164388,69950992384,209048,0,,23,0,11,29,1851571,516998681,14575657,14575740,7703297,60108
1790927216,68164548,69951492096,209937,0,,0,0,11,29,1840091,518822363,14618582,14618669,7744924,60427
1790927217,68164728,69951582208,210124,0,,10,0,11,29,1831872,520794603,14666146,14666226,7770290,60625
1790927218,68164500,69951614976,210124,0,,12,0,11,29,1842431,522762314,14712704,14712787,7796288,60828
1790927219,68164660,69951782912,210124,0,,20,0,11,29,1852370,524763330,14759187,14759267,7821450,61023
1790927220,68165148,69952552960,210124,0,,15,0,11,29,1862394,526748066,14806290,14806374,7845908,61214
1790927221,68163948,69951606784,212455,0,,16,0,11,29,1841389,527396769,14821940,14822019,7870164,61397
1790927222,68163880,69950185472,212706,0,,0,0,11,29,1849470,529086350,14861824,14861911,7901341,61637
1790927223,68165212,69952851968,213869,0,,12,0,11,29,1839377,530616264,14898075,14898153,7932454,61882
1790927224,68165660,69953073152,213869,0,,17,0,11,29,1846097,532580969,14944934,14945011,7954240,62053
1790927225,68167296,69954555904,215310,0,,17,0,11,29,1856692,534513178,14991075,14991154,7980837,62261
1790927226,68166052,69952880640,215310,0,,14,0,12,31,1868689,536528340,15037621,15037699,8006829,62463
1790927227,68166988,69954158592,215310,0,,15,0,12,31,1877918,538536287,15084512,15084597,8031761,62657
1790927229,68165708,69953372160,215310,0,,14,0,12,31,1882122,540519788,15132008,15132086,8053478,62827
1790927230,68165032,69952151552,215310,0,,22,0,12,31,1890531,542569124,15178794,15178877,8076088,63003
1790927231,68166492,69953114112,216927,0,,0,0,12,31,1895642,544133422,15215206,15215293,8105777,63231
1790927232,68169532,69956284416,217610,0,,16,0,12,31,1884662,545630292,15249369,15249451,8136200,63466
1790927233,68169932,69956960256,218790,0,,16,0,12,31,1874297,546957987,15280535,15280614,8174560,63759
1790927234,68168328,69954834432,218790,0,,19,0,12,31,1879125,548966576,15328002,15328085,8198686,63946
1790927235,68166796,69953941504,220511,0,,12,0,12,31,1864278,549952843,15352126,15352209,8229010,64177
1790927236,68167524,69954965504,221650,0,,16,0,12,31,1846097,551312219,15384097,15384177,8263541,64441
1790927237,68165036,69951897600,222663,0,,23,0,12,31,1853643,552963453,15422582,15422663,8303662,64748
1790927238,68166220,69952835584,223225,0,,1,0,12,31,1842502,554811493,15465621,15465708,8339970,65027
1790927239,68165556,69950640128,224417,0,,14,0,12,31,1832836,556385820,15503313,15503381,8373046,65283
1790927240,68165576,69952679936,227133,0,,18,0,12,31,1823711,557699644,15534697,15534779,8407924,65549
1790927241,68165272,69952315392,228901,0,,13,0,12,31,1809760,559092545,15567360,15567437,8441270,65803
1790927242,68166628,69954547712,231228,0,,13,0,12,31,1812189,560422607,15599003,15599086,8474267,66055
1790927244,68165044,69952491520,232254,0,,25,0,12,31,1802979,562221153,15642620,15642702,8515532,66371
1790927245,68165624,69952921600,232954,0,,17,0,12,31,1793214,564059165,15686761,15686843,8557877,66697
1790927246,68164800,69951909888,233798,0,,0,0,12,31,1783915,565947781,15731169,15731256,8598812,67012
1790927247,68164700,69951741952,236119,0,,15,0,13,37,1776068,567769105,15774288,15774369,8631530,67266
1790927248,68166268,69953056768,238771,0,,18,0,13,37,1771735,569188046,15807547,15807617,8665558,67529
1790927249,68165000,69952638976,239581,0,,14,0,13,37,1758140,570676427,15842202,15842277,8697883,67777
1790927251,68164492,69951635456,240346,0,,10,0,13,37,1761226,571951558,15870992,15871079,8727406,68011
1790927252,68165088,69951422464,240616,0,,0,0,13,37,1752668,573828669,15915708,15915795,8760462,68268
1790927253,68166512,69954187264,241155,0,,16,0,13,37,1746594,575211077,15949263,15949327,8794080,68527
1790927254,68165244,69952913408,242227,0,,18,0,13,37,1735182,576611099,15982380,15982459,8828255,68789
1790927255,68165584,69953093632,242850,0,,16,0,13,37,1720316,578072080,16016755,16016834,8861187,69043
1790927256,68164064,69951438848,243569,0,,6,0,13,37,1727293,579562985,16053493,16053580,8896868,69317
1790927257,68164496,69950849024,244005,0,,12,0,13,37,1719031,581473512,16097871,16097952,8929712,69572
1790927258,68166048,69953732608,244965,0,,13,0,13,37,1713725,582938110,16132544,16132622,8963171,69830
1790927259,68164068,69951188992,245548,0,,12,0,13,37,1701973,584369753,16166532,16166609,8997153,70091
1790927260,68163236,69950078976,248308,0,,11,0,13,37,1688333,585859768,16201183,16201258,9031129,70353
1790927261,68162656,69950251008,249051,0,,0,0,13,37,1697627,587494227,16240474,16240561,9064882,70612
1790927262,68162960,69950558208,252189,0,,13,0,13,37,1688990,589385431,16286013,16286095,9088619,70811
1790927263,68163480,69951631360,252189,0,,15,0,13,37,1703624,591390381,16332931,16333014,9111701,71000
1790927264,68163712,69950849024,252189,0,,18,0,13,37,1717959,593376978,16380731,16380811,9134207,71181
1790927265,68164944,69951795200,252189,0,,16,0,13,37,1732210,595407431,16427481,16427558,9156491,71354
1790927266,68165064,69952126976,252189,0,,17,0,13,37,1744537,597409395,16474858,16474936,9179104,71530
1790927267,68163432,69950533632,252559,0,,19,0,13,37,1755830,599392876,16522346,16522426,9201841,71707
1790927268,68165540,69953097728,252559,0,,17,0,13,37,1765084,601351127,16569779,16569855,9225866,71894
1790927270,68164728,69952020480,252559,0,,15,0,13,37,1774263,603372176,16616875,16616957,9249911,72082
1790927271,68164456,69951860736,252559,0,,14,0,13,37,1780022,605452247,16664626,16664707,9270068,72239
1790927272,68164960,69951844352,253942,0,,21,0,13,37,1790641,607309405,16708694,16708776,9310421,72549
1790927273,68166164,69952974848,255629,0,,15,0,13,37,1778901,609166789,16752886,16752959,9352824,72874
1790927274,68165176,69952573440,255629,0,,18,0,13,37,1778012,611162606,16799281,16799359,9377529,73080
1790927276,68164060,69951438848,255629,0,,15,0,13,37,1788762,613146177,16846658,16846732,9401730,73280
1790927277,68163328,69950693376,255629,0,,13,0,13,37,1800561,615155626,16893506,16893585,9427022,73486
1790927278,68164324,69951115264,256596,0,,14,0,13,37,1773739,616423594,16922619,16922700,9458733,73729
1790927279,68163748,69951356928,259598,0,,0,0,13,37,1782826,618173411,16964230,16964317,9498078,74031
1790927280,68164068,69950676992,260665,0,,16,0,13,37,1773782,620154659,17011230,17011311,9523858,74233
1790927281,68162868,69949968384,260665,0,,15,0,13,37,1786303,622147161,17058780,17058859,9547750,74418
1790927282,68162168,69949222912,260665,0,,12,0,13,37,1796774,624095415,17105068,17105151,9570963,74607
1790927283,68162464,69950050304,262156,0,,13,0,13,37,1799365,625328991,17133209,17133292,9601669,74842
1790927284,68163440,69950509056,262156,0,,18,0,13,37,1788784,627219222,17178713,17178787,9635752,75106
1790927285,68163644,69950205952,262750,0,,13,0,13,37,1783005,628735437,17213548,17213626,9670307,75373
1790927286,68165008,69952143360,263545,0,,10,0,13,37,1773309,630253721,17250275,17250356,9706073,75648
1790927287,68166204,69953085440,264288,0,,13,0,14,37,1758871,631807176,17286500,17286581,9741013,75918
1790927288,68167396,69954314240,267086,0,,15,0,14,37,1760916,633060614,17316118,17316197,9771180,76150
1790927289,68166372,69952712704,267086,0,,16,0,14,37,1751612,634995964,17361775,17361856,9803363,76400
1790927290,68166840,69954007040,267573,0,,15,0,14,37,1744623,636434408,17396581,17396659,9835699,76649
1790927291,68164064,69950910464,267573,0,,14,0,15,41,1752995,638498453,17444477,17444554,9855856,76806
1790927292,68165052,69952700416,267573,0,,17,0,15,41,1762414,640515797,17492046,17492123,9878054,76980
1790927294,68165840,69953236992,270656,0,,8,0,15,41,1769434,642174162,17530957,17531044,9916614,77275
1790927295,68164664,69952282624,270879,0,,11,0,15,41,1761598,644158643,17578233,17578313,9941490,77469
1790927296,68164932,69952299008,270879,0,,15,0,15,41,1773693,646157253,17626310,17626387,9963768,77648
1790927297,68166484,69954326528,275779,0,,9,0,15,41,1781524,647863803,17666423,17666510,10001526,77938
1790927298,68165948,69953093632,276263,0,,14,0,15,41,1772828,649765988,17711970,17712046,10035463,78201
1790927299,68164916,69952036864,278158,0,,13,0,15,41,1767785,651302280,17748404,17748484,10070994,78475
1790927300,68162484,69949542400,281192,0,,14,0,15,41,1761966,652928826,17786987,17787067,10106788,78748
1790927301,68163176,69949984768,282344,0,,17,0,15,41,1747475,654509356,17825619,17825699,10141499,79014
1790927302,68163956,69950533632,283289,0,,14,0,15,41,1733817,656162506,17863769,17863845,10176292,79282
1790927303,68164308,69951410176,285847,0,,12,0,15,41,1721303,657242973,17889504,17889587,10208197,79532
1790927305,68163984,69951614976,287075,0,,8,0,15,41,1730747,658863558,17928754,17928829,10244720,79812
1790927306,68162916,69949992960,287380,0,,13,0,15,41,1723422,660781990,17974154,17974228,10276071,80054
1790927307,68164640,69951242240,289019,0,,13,0,15,41,1717539,662237630,18008311,18008392,10309227,80309
1790927308,68163920,69950763008,290673,0,,16,0,15,41,1707877,663605058,18040336,18040420,10343593,80571
1790927309,68165636,69953568768,292364,0,,16,0,15,41,1694822,665241457,18079317,18079396,10378541,80838
1790927310,68165604,69952749568,292364,0,,11,0,15,41,1707755,667276802,18127319,18127397,10399252,80999
1790927311,68164888,69952585728,292364,0,,17,0,15,41,1721018,669237116,18172867,18172945,10422384,81180
1790927312,68166440,69953339392,292364,0,,17,0,15,41,1733546,671260441,18220212,18220292,10444895,81358
1790927313,68165240,69952946176,292364,0,,15,0,15,41,1745113,673272752,18267060,18267131,10468148,81540
1790927314,68165656,69952552960,294264,0,,13,0,15,41,1733512,674552910,18296332,18296412,10503511,81812
1790927315,68163648,69950476288,294264,0,,16,0,15,41,1742994,676560739,18343596,18343674,10522574,81977
1790927316,68162716,69949812736,294264,0,,14,0,15,41,1755486,678512195,18389402,18389483,10544411,82161
1790927317,68161960,69948768256,294264,0,,13,0,15,41,1767377,680471521,18434460,18434519,10565902,82336
1790927318,68162172,69949550592,294264,0,,16,0,15,41,1780434,682404619,18480758,18480835,10590091,82533
1790927319,68163492,69950590976,294264,0,,14,0,15,41,1792051,684395864,18528087,18528162,10614144,82730
1790927320,68163632,69950488576,294264,0,,17,0,15,41,1804144,686359723,18574767,18574851,10639204,82937
1790927321,68164392,69951545344,296266,0,,18,0,15,41,1782728,687446743,18599953,18600033,10666779,83158
1790927322,68165788,69952679936,296839,0,,18,0,15,41,1791904,689178432,18641571,18641655,10706200,83461
1790927323,68164544,69951410176,296851,0,,16,0,15,41,1785053,691084923,18687824,18687903,10734355,83688
1790927325,68164848,69951365120,297996,0,,8,0,15,41,1780410,692351024,18718315,18718395,10770985,83970
1790927326,68164628,69951746048,299023,0,,16,0,15,41,1768123,693915762,18756906,18756989,10806924,84245
1790927327,68165020,69952872448,301371,0,,18,0,15,41,1753953,695454181,18794257,18794331,10841310,84510
1790927328,68163208,69949513728,301371,0,,13,0,15,41,1767482,697449689,18841988,18842068,10865453,84712
1790927329,68163228,69950283776,301371,0,,19,0,15,41,1778837,699446583,18888694,18888774,10889139,84910
1790927330,68164308,69951438848,301371,0,,15,0,15,41,1791835,701495694,18935798,18935879,10911853,85100
1790927331,68166816,69955293184,301371,0,,14,0,15,41,1804269,703490706,18983381,18983460,10934790,85292
1790927332,68166852,69954027520,305215,0,,19,0,15,41,1783585,704496658,19007057,19007138,10961718,85506
1790927333,68166216,69953622016,306262,0,,3,0,16,48,1790464,706110597,19045272,19045359,10999354,85795
1790927334,68165228,69952098304,306343,0,,16,0,16,48,1782093,708171264,19092014,19092084,11023636,85987
1790927335,68165980,69952876544,306343,0,,14,0,17,48,1794228,710194991,19139282,19139366,11047514,86172
1790927336,68165996,69953155072,306343,0,,15,0,17,48,1805780,712216025,19186484,19186565,11071269,86357
1790927337,68165488,69952614400,309891,0,,16,0,17,48,1809625,713489574,19216129,19216212,11102377,86595
1790927339,68163696,69951315968,310975,0,,2,0,17,48,1799511,715408864,19261424,19261511,11144531,86918
1790927340,68164372,69952008192,311126,0,,14,0,17,48,1791328,717399517,19308886,19308966,11169152,87125
1790927341,68166284,69953187840,311126,0,,15,0,17,48,1804284,719373311,19356123,19356206,11193129,87324
1790927342,68166108,69953777664,311126,0,,13,0,17,48,1816540,721352741,19403300,19403379,11217779,87528
1790927343,68165048,69951639552,311126,0,,19,0,17,48,1829596,723351596,19450144,19450220,11241445,87725
1790927344,68166356,69953314816,311126,0,,14,0,17,48,1840344,725346026,19497505,19497583,11265421,87923
1790927345,68168784,69956259840,311126,0,,9,0,17,48,1846683,727364345,19544362,19544437,11287954,88115
1790927346,68167376,69954547712,311126,0,,14,0,17,48,1851621,729406332,19591855,19591930,11308175,88291
1790927347,68166260,69954326528,311126,0,,11,0,17,48,1862243,731394542,19639347,19639424,11331718,88486
1790927348,68166652,69954363392,311126,0,,14,0,17,48,1873542,733366294,19686681,19686760,11356418,88690
1790927349,68165920,69954215936,311126,0,,14,0,17,48,1883926,735343618,19734254,19734333,11380307,88890
1790927350,68166912,69953822720,311126,0,,18,0,17,48,1893233,737329805,19781747,19781825,11404858,89094
1790927351,68167132,69954310144,311126,0,,14,0,17,48,1902946,739287312,19828814,19828895,11430103,89302
1790927352,68168368,69955842048,311126,0,,10,0,18,48,1908837,741285105,19875856,19875935,11452644,89495
1790927353,68168280,69955231744,311126,0,,13,0,18,48,1915262,743268511,19923501,19923579,11474841,89683
1790927354,68167200,69954646016,312666,0,,20,0,18,48,1904763,744343674,19948804,19948876,11511880,89967
1790927355,68168428,69955379200,313686,0,,17,0,18,48,1888314,745824775,19984050,19984129,11547787,90243
1790927356,68168720,69956468736,316780,0,,13,0,18,48,1871781,747254932,20017475,20017557,11582735,90510
1790927357,68169340,69956538368,316780,0,,13,0,18,48,1881899,749224529,20063835,20063913,11610017,90734
1790927358,68170428,69958533120,318907,0,,10,0,18,48,1882717,750308778,20090473,20090554,11640480,90973
1790927360,68166684,69954379776,320555,0,,4,0,18,48,1870909,752125488,20133470,20133546,11682868,91298
1790927361,68166800,69953404928,321244,0,,0,0,18,48,1860732,753980980,20177860,20177947,11722905,91604
1790927362,68168024,69955461120,322130,0,,11,0,18,48,1850731,755789442,20219865,20219946,11756842,91865
1790927363,68167192,69954617344,323735,0,,10,0,18,48,1842670,757287164,20255876,20255952,11789746,92118
1790927364,68167184,69953826816,326098,0,,18,0,18,48,1828448,758381475,20281797,20281875,11820746,92354
1790927365,68166176,69953552384,326098,0,,8,0,18,48,1841122,760394118,20329333,20329418,11844841,92546
1790927366,68168624,69956329472,326098,0,,18,0,18,48,1850680,762365959,20377237,20377320,11868954,92744
1790927367,68168348,69955563520,326098,0,,11,0,18,48,1860591,764374865,20424674,20424750,11892689,92943
1790927368,68170300,69957013504,326098,0,,9,0,18,48,1867430,766374935,20471242,20471318,11912978,93119
1790927369,68167560,69955510272,326098,0,,14,0,18,48,1876785,768347505,20517905,20517987,11936533,93315
1790927370,68169000,69956476928,326098,0,,18,0,18,48,1887511,770261336,20564714,20564792,11962400,93527
1790927371,68169896,69957369856,326098,0,,13,0,18,48,1897040,772234502,20611428,20611505,11986497,93727
1790927372,68169956,69956587520,327961,0,,15,0,18,48,1879563,773490386,20640752,20640835,12018447,93975
1790927374,68168924,69956149248,328907,0,,18,0,18,48,1885469,775068592,20678485,20678568,12056261,94265
1790927375,68166444,69953622016,329414,0,,14,0,18,48,1882053,777056242,20725484,20725536,12082584,94470
1790927376,68165312,69953179648,329414,0,,12,0,18,48,1892739,779020921,20772393,20772474,12108378,94672
1790927377,68166684,69953933312,329414,0,,17,0,18,48,1902976,780962998,20820047,20820127,12132795,94862
1790927378,68165220,69951610880,329414,0,,22,0,18,48,1913395,782935626,20867281,20867365,12158759,95063
1790927379,68163412,69950533632,329414,0,,17,0,19,53,1917345,784916361,20915479,20915559,12179975,95231
1790927380,68164396,69951537152,331499,0,,14,0,19,53,1899939,785886281,20938223,20938263,12213538,95488
1790927381,68165264,69951881216,331499,0,,18,0,19,53,1909834,787809822,20985614,20985696,12240164,95698
1790927382,68166080,69953253376,331499,0,,13,0,19,53,1914450,789801270,21033022,21033099,12263180,95880
1790927383,68167928,69955403776,331499,0,,18,0,20,53,1921116,791808946,21080770,21080853,12284959,96050
1790927384,68165888,69953318912,331499,0,,19,0,20,53,1931629,793833282,21127168,21127247,12311098,96253
1790927385,68166088,69952987136,331499,0,,11,0,20,53,1940314,795826521,21174238,21174317,12337473,96458
1790927386,68163856,69950971904,331499,0,,16,0,20,53,1947482,797833969,21220680,21220766,12361810,96648
1790927387,68165144,69951782912,331499,0,,15,0,20,53,1950645,799837457,21267634,21267704,12384156,96839
1790927389,68167404,69954826240,332652,0,,3,0,20,53,1956298,801654356,21309451,21309538,12424502,97152
1790927390,68166768,69955010560,333553,0,,11,0,20,53,1943053,803475319,21351577,21351655,12466965,97478
1790927391,68166804,69953179648,333768,0,,0,0,20,53,1930816,805280018,21394447,21394534,12507229,97788
1790927392,68166856,69954015232,334144,0,,17,0,21,53,1918674,807091999,21436773,21436853,12542256,98059
1790927393,68167256,69954732032,334621,0,,17,0,21,53,1909015,808523033,21471361,21471439,12578501,98339
1790927394,68167180,69954117632,335715,0,,18,0,21,53,1894770,809941192,21505746,21505827,12612427,98599
1790927395,68166832,69953470464,336300,0,,12,0,21,53,1878940,811086428,21533345,21533422,12645809,98856
1790927396,68166996,69954662400,336818,0,,18,0,21,53,1863585,812534309,21568536,21568616,12682588,99139
1790927397,68167076,69955043328,337744,0,,9,0,21,53,1872000,814229667,21607924,21608011,12721150,99435
1790927399,68167432,69955719168,338502,0,,5,0,21,53,1861704,816120584,21652594,21652681,12763451,99760
1790927400,68165184,69951533056,338716,0,,11,0,21,53,1851873,818024674,21697906,21697984,12796891,100019
1790927401,68165664,69952585728,339414,0,,11,0,22,55,1842878,819485681,21732962,21733041,12831354,100284
1790927402,68165564,69953007616,340153,0,,16,0,22,55,1832340,820858227,21765563,21765640,12866551,100553
1790927403,68165140,69952499712,343588,0,,18,0,23,55,1817493,822295432,21800191,21800273,12901086,100818
1790927404,68163968,69950849024,344697,0,,12,0,23,55,1802232,823781809,21836109,21836186,12936318,101087
1790927405,68165536,69952933888,345876,0,,2,0,23,55,1812518,825510326,21877257,21877344,12968794,101337
1790927406,68165808,69953495040,347743,0,,16,0,23,55,1805511,827088516,21915552,21915622,13004184,101611
1790927407,68167744,69955514368,348018,0,,15,0,23,55,1796479,828581505,21950781,21950858,13039933,101887
1790927408,68167828,69955584000,348018,0,,2,0,23,55,1803219,830622114,21998820,21998901,13060090,102044
1790927409,68169336,69956222976,348018,0,,15,0,23,55,1811061,832578279,22045547,22045623,13080728,102215
1790927410,68168676,69956186112,348018,0,,12,0,23,55,1824789,834561158,22092289,22092372,13105044,102415
1790927411,68168248,69955219456,348018,0,,14,0,23,55,1835530,836550443,22139385,22139464,13130218,102621
1790927412,68169720,69956988928,348018,0,,13,0,23,55,1846145,838513842,22185570,22185641,13155673,102829
1790927413,68169556,69957685248,348742,0,,19,0,23,55,1832104,839888531,22218958,22219037,13190768,103102
1790927414,68170640,69957926912,348742,0,,16,0,23,55,1843163,841906557,22266338,22266419,13215466,103308
1790927416,68168908,69955895296,348742,0,,16,0,23,55,1852423,843905042,22313356,22313437,13239153,103505
1790927417,68169656,69956616192,348742,0,,19,0,23,55,1861132,845877352,22360755,22360834,13260758,103683
1790927418,68167636,69955084288,348742,0,,15,0,23,55,1869331,847761421,22405503,22405579,13284548,103875
1790927419,68167860,69954543616,350823,0,,18,0,23,55,1856051,848796963,22428692,22428774,13316837,104121
1790927420,68167320,69955022848,352536,0,,15,0,23,55,1839880,850251150,22463517,22463603,13351940,104390
1790927421,68167360,69954572288,353359,0,,1,0,23,55,1846604,851854764,22501411,22501498,13389478,104675
1790927422,68167480,69954146304,353929,0,,2,0,23,55,1836270,853718884,22544979,22545066,13426736,104960
1790927423,68166828,69954027520,355306,0,,16,0,23,55,1825189,855436843,22585770,22585850,13454039,105171
1790927424,68166868,69953757184,360065,0,,0,0,23,55,1835303,857259893,22628261,22628348,13489473,105442
1790927425,68167812,69955252224,361450,0,,2,0,24,56,1826113,858917269,22667755,22667806,13524287,105710
1790927426,68167684,69955276800,362644,0,,13,0,24,56,1816568,860354550,22702701,22702788,13559976,105986
1790927427,68166088,69953261568,363645,0,,18,0,24,56,1804501,861746784,22735918,22735999,13595677,106258
1790927428,68167556,69954732032,363645,0,,15,0,24,56,1814330,863722731,22783660,22783735,13620038,106447
1790927429,68168264,69955698688,363645,0,,14,0,24,56,1818707,865717994,22831343,22831421,13641647,106623
1790927431,68168376,69955608576,363645,0,,18,0,24,56,1830770,867725976,22878551,22878632,13665509,106809
1790927432,68167024,69954969600,363645,0,,15,0,24,56,1842505,869706175,22924946,22925024,13691410,107011
1790927433,68168756,69955694592,363645,0,,19,0,24,56,1852751,871675603,22970885,22970967,13717353,107215
1790927434,68168556,69955780608,363645,0,,17,0,24,56,1861481,873669727,23017558,23017640,13742050,107416
1790927435,68170104,69957627904,363645,0,,14,0,24,56,1863923,875683619,23065350,23065410,13762791,107596
1790927436,68171248,69958500352,363645,0,,18,0,24,56,1876273,877666598,23111905,23111984,13788536,107806
1790927437,68169944,69956927488,363645,0,,12,0,24,56,1884679,879609396,23159512,23159592,13814276,108015
1790927438,68170552,69957779456,363645,0,,16,0,24,56,1895275,881588928,23206278,23206354,13840895,108229
1790927439,68170960,69958500352,363645,0,,14,0,24,56,1897837,883583455,23253134,23253217,13863538,108421
1790927440,68170984,69957967872,363645,0,,15,0,24,56,1904303,885532513,23299565,23299646,13885523,108607
1790927441,68171144,69958656000,363645,0,,17,0,24,56,1913961,887518870,23345723,23345804,13910574,108812
1790927442,68168364,69955502080,363645,0,,17,0,24,56,1922645,889482430,23392170,23392250,13936179,109021
1790927443,68170308,69957566464,363645,0,,17,0,24,56,1930545,891484991,23438928,23439009,13962602,109236
1790927444,68170192,69956911104,363645,0,,14,0,24,56,1935236,893463054,23484622,23484708,13984840,109423
1790927445,68169880,69957406720,363645,0,,14,0,24,56,1940624,895455051,23530853,23530930,14006899,109610
1790927446,68170460,69957419008,363645,0,,14,0,24,56,1950698,897408798,23577532,23577605,14032202,109817
1790927447,68171740,69959028736,363645,0,,18,0,24,56,1959553,899334261,23625113,23625198,14058775,110033
1790927448,68172628,69959659520,363645,0,,16,0,24,56,1967360,901333035,23671972,23672049,14083941,110238
1790927449,68172924,69960232960,363645,0,,20,0,24,56,1970453,903325892,23719286,23719364,14106470,110428
1790927450,68173580,69961682944,365895,0,,12,0,24,56,1957646,904385465,23745394,23745473,14142464,110702
1790927451,68172640,69960462336,367035,0,,11,0,24,56,1941127,905723486,23778884,23778941,14178469,110978
1790927453,68172396,69959692288,368142,0,,15,0,24,56,1922098,907055235,23810917,23810998,14213127,111243
1790927454,68172612,69960404992,368449,0,,0,0,24,56,1929579,908725084,23850746,23850833,14247961,111510
1790927455,68169980,69956595712,371045,0,,12,0,24,56,1917556,910426043,23891125,23891201,14275470,111734
1790927456,68171504,69958983680,372792,0,,10,0,24,56,1925173,912181535,23933282,23933369,14315901,112053
1790927457,68169020,69955911680,373388,0,,0,0,24,56,1913257,913963819,23975754,23975841,14350538,112320
1790927458,68168076,69955518464,373963,0,,13,0,24,56,1902287,915470880,24011834,24011914,14385966,112593
1790927459,68167964,69954383872,375596,0,,14,0,24,56,1891817,916872801,24044815,24044876,14422103,112870
1790927460,68166828,69953163264,375596,0,,12,0,24,56,1896070,918850084,24092654,24092732,14442941,113042
1790927461,68166292,69953441792,375596,0,,12,0,24,56,1903861,920850472,24139064,24139145,14465642,113233
1790927462,68167188,69954088960,375596,0,,17,0,24,56,1913455,922797765,24184382,24184458,14490758,113431
1790927463,68165184,69952024576,375596,0,,14,0,24,56,1922889,924772476,24230010,24230077,14515671,113635
1790927464,68164324,69951942656,375596,0,,12,0,24,56,1931596,926719001,24276640,24276719,14541975,113847
1790927465,68165140,69952520192,375596,0,,15,0,25,59,1935080,928717624,24324539,24324616,14563976,114030
1790927467,68165812,69952937984,375596,0,,13,0,25,59,1944200,930671956,24371933,24372008,14588024,114222
1790927468,68166556,69953933312,376624,0,,15,0,25,59,1947849,932122005,24406378,24406456,14624471,114501
1790927469,68166840,69954506752,377873,0,,13,0,25,59,1933816,933892556,24447489,24447564,14666811,114826
1790927470,68168456,69955616768,378556,0,,0,0,25,59,1921960,935684958,24490257,24490344,14705150,115121
1790927471,68167772,69954322432,379573,0,,9,0,25,59,1909490,937404950,24530385,24530460,14739327,115385
1790927472,68167228,69954322432,380616,0,,19,0,25,59,1901718,938765665,24562656,24562740,14774754,115658
1790927473,68165940,69952815104,381210,0,,12,0,25,59,1888479,940232111,24596401,24596484,14810151,115929
1790927474,68166908,69954469888,384197,0,,14,0,25,59,1870470,941577540,24627103,24627177,14842784,116178
1790927475,68165292,69952229376,384942,0,,21,0,25,59,1875111,943077808,24661924,24662005,14878797,116454
1790927477,68166116,69952933888,385735,0,,16,0,25,59,1863075,944864816,24704811,24704887,14921046,116779
1790927478,68164628,69951770624,385754,0,,20,0,25,59,1854686,946877683,24752045,24752123,14945619,116971
1790927479,68165544,69953949696,386836,0,,20,0,25,59,1861333,948542944,24790221,24790304,14983537,117261
1790927480,68167216,69954105344,386836,0,,12,0,25,59,1852968,950557232,24837409,24837490,15008792,117458
1790927481,68169020,69956194304,386836,0,,16,0,25,59,1863442,952541913,24884194,24884272,15034376,117659
1790927482,68170228,69957451776,386836,0,,7,0,25,59,1873570,954452167,24930324,24930399,15059074,117858
1790927483,68169380,69956382720,386836,0,,11,0,25,59,1883724,956422280,24977143,24977227,15083824,118059
1790927484,68169436,69957156864,386836,0,,18,0,25,59,1891572,958376697,25024125,25024209,15107883,118257
1790927485,68169256,69955674112,388616,0,,15,0,25,59,1878876,959578915,25051897,25051980,15141456,118512
1790927486,68167864,69954519040,392878,0,,14,0,25,59,1862598,960962541,25084835,25084915,15177209,118785
1790927487,68166768,69953904640,394649,0,,19,0,25,59,1866592,962418075,25118738,25118818,15212001,119050
1790927489,68168716,69955850240,396472,0,,21,0,26,61,1855825,964216752,25162066,25162143,15254176,119374
1790927490,68168128,69954502656,397133,0,,0,0,26,61,1845272,966050576,25205023,25205110,15295003,119687
1790927491,68167616,69954232320,397317,0,,13,0,26,61,1836152,967884712,25248275,25248355,15328711,119947
1790927492,68167772,69954932736,398618,0,,15,0,26,61,1828073,969377169,25283598,25283677,15360991,120198
1790927493,68167752,69954375680,400328,0,,19,0,26,61,1814260,970567469,25313018,25313094,15394625,120457
1790927494,68168448,69955305472,401244,0,,16,0,26,61,1800434,971996871,25347097,25347175,15430079,120729
1790927495,68169772,69957001216,402048,0,,26,0,26,61,1807564,973571757,25384636,25384721,15465984,121005
1790927496,68170476,69957808128,402262,0,,16,0,26,61,1803442,975519117,25431302,25431377,15490410,121210
1790927497,68168584,69955764224,402262,0,,17,0,26,61,1814315,977507996,25479510,25479594,15512921,121399
1790927498,68169048,69955960832,402262,0,,15,0,26,61,1824739,979550818,25525954,25526024,15536863,121597
1790927499,68166404,69953261568,402262,0,,16,0,26,61,1836827,981548032,25572285,25572368,15562310,121804
1790927500,68165736,69953130496,403585,0,,13,0,26,61,1836712,982597071,25597475,25597562,15591355,122034
1790927502,68167672,69954289664,404974,0,,13,0,26,61,1826799,984516137,25641802,25641884,15633786,122360
1790927503,68166408,69952733184,405423,0,,0,0,26,61,1816692,986371098,25685937,25686024,15670042,122640
1790927504,68167200,69954600960,406008,0,,15,0,26,61,1808025,987922164,25723546,25723629,15705045,122911
1790927505,68167532,69954662400,406940,0,,10,0,27,61,1799391,989408425,25758438,25758519,15739509,123175
1790927506,68168340,69954715648,406940,0,,15,0,27,61,1803666,991387557,25806688,25806770,15760863,123350
1790927507,68167236,69955674112,408708,0,,18,0,27,61,1811300,993334399,25852865,25852949,15801984,123668
1790927508,68168336,69955514368,408708,0,,14,0,27,61,1802702,995333691,25899952,25900030,15827185,123866
1790927510,68169472,69956907008,410998,0,,0,0,27,61,1808209,996879937,25935376,25935463,15860812,124124
1790927511,68169688,69956890624,412054,0,,14,0,27,61,1798688,998618631,25975925,25976006,15894330,124383
1790927512,68167424,69955366912,413213,0,,14,0,27,61,1793124,1000041136,26010282,26010358,15928448,124645
1790927513,68168696,69956132864,414011,0,,15,0,27,61,1799245,1001478014,26044484,26044562,15965744,124931
1790927514,68167780,69955440640,415279,0,,16,0,27,61,1758700,1002651573,26071769,26071853,15993652,125144
1790927515,68167624,69954789376,416391,0,,0,0,27,61,1770529,1004566671,26116088,26116175,16033938,125452
1790927516,68169132,69956034560,419032,0,,0,0,27,61,1762090,1006452672,26161854,26161941,16068064,125715
1790927517,68169788,69957771264,422937,0,,17,0,27,61,1766081,1007942076,26197234,26197312,16098479,125950
1790927518,68171400,69958889472,423057,0,,18,0,27,61,1776795,1009954325,26244619,26244703,16118017,126102
1790927519,68170876,69959139328,428487,0,,13,0,27,61,1747795,1010514501,26257544,26257624,16142271,126286
1790927520,68170236,69957451776,430222,0,,10,0,27,61,1759771,1012444898,26304495,26304575,16166235,126473
1790927522,68170272,69957996544,432870,0,,26,0,27,61,1767389,1013834454,26337617,26337704,16201412,126743
1790927523,68171000,69958168576,433154,0,,0,0,27,61,1758421,1015684151,26382542,26382629,16234580,127000
1790927524,68170912,69957894144,433955,0,,7,0,27,61,1750673,1017169861,26416556,26416632,16265925,127243
1790927525,68170348,69957836800,433955,0,,15,0,27,61,1759030,1019183604,26463305,26463379,16286320,127418
1790927526,68171544,69959065600,435087,0,,17,0,27,61,1748276,1020238133,26488454,26488534,16321973,127692
1790927527,68172056,69959057408,436284,0,,14,0,29,62,1733546,1021710136,26523437,26523513,16356717,127959
1790927528,68171732,69959667712,438380,0,,0,0,29,62,1739234,1023205931,26557784,26557871,16391333,128224
1790927529,68169164,69955805184,439084,0,,0,0,29,62,1729446,1025084561,26602100,26602187,16428149,128508
1790927530,68168448,69955608576,445544,0,,18,0,29,62,1724306,1026709432,26641109,26641191,16461067,128761
1790927531,68164812,69952417792,447424,0,,12,0,29,62,1716210,1028168169,26675135,26675218,16495680,129026
1790927532,68165428,69952532480,449125,0,,14,0,29,62,1702610,1029553142,26708275,26708357,16529569,129285
1790927533,68164624,69951938560,449125,0,,9,0,29,62,1716540,1031543138,26755654,26755733,16553599,129472
1790927534,68165308,69951909888,449125,0,,16,0,29,62,1731780,1033551951,26802602,26802682,16576434,129650
1790927535,68166464,69954064384,449355,0,,17,0,29,62,1743034,1035536358,26849509,26849587,16596882,129809
1790927537,68167612,69954506752,449355,0,,11,0,29,62,1755148,1037541979,26897094,26897173,16619887,129988
1790927538,68165256,69951639552,453629,0,,16,0,29,62,1735855,1038409701,26919015,26919093,16647922,130202
1790927539,68167268,69954674688,454169,0,,1,0,29,62,1743844,1039979005,26955605,26955692,16683089,130471
1790927540,68164872,69951643648,455076,0,,14,0,29,62,1734455,1041851169,26999726,26999808,16716695,130730
1790927541,68166904,69953769472,456502,0,,9,0,29,62,1728164,1043307311,27033575,27033637,16750197,130989
1790927542,68168008,69955141632,457026,0,,14,0,29,62,1716707,1044716162,27065839,27065919,16785084,131256
1790927543,68167232,69954420736,458048,0,,14,0,29,62,1702840,1046177929,27100566,27100648,16819669,131523
1790927544,68166348,69953474560,458048,0,,12,0,29,62,1717769,1048182570,27148009,27148091,16841858,131700
1790927545,68166352,69953732608,458048,0,,15,0,29,62,1728286,1050204246,27194660,27194740,16863645,131873
1790927546,68168284,69955657728,458048,0,,16,0,29,62,1740814,1052169728,27242361,27242444,16887392,132059
1790927547,68167920,69954564096,458048,0,,13,0,29,62,1752111,1054198590,27288923,27289002,16911937,132251
1790927548,68168784,69955448832,458048,0,,11,0,29,62,1760175,1056173955,27336867,27336941,16935062,132432
1790927549,68169292,69957263360,458048,0,,1,0,29,62,1766778,1058159763,27385150,27385197,16956143,132597
1790927550,68168800,69955448832,458203,0,,18,0,29,62,1779442,1060138516,27431679,27431759,16977102,132762
1790927551,68169508,69956726784,458203,0,,14,0,29,62,1791356,1062102720,27479102,27479182,17001722,132953
1790927552,68167540,69953912832,458203,0,,17,0,30,65,1802783,1064102390,27526318,27526395,17025379,133137
1790927553,68166688,69953802240,458203,0,,19,0,30,65,1814087,1066133819,27573482,27573565,17048069,133315
1790927554,68167364,69954560000,458203,0,,16,0,30,65,1823139,1068101621,27620736,27620815,17071886,133500
1790927555,68165600,69952802816,458203,0,,16,0,30,65,1832864,1070095465,27667950,27668024,17096887,133696
1790927556,68164836,69952339968,458203,0,,16,0,30,65,1837115,1072091631,27715583,27715660,17117797,133865
1790927558,68166820,69954457600,458203,0,,13,0,30,65,1848539,1074103788,27763532,27763609,17139689,134037
1790927559,68167348,69954998272,458203,0,,14,0,30,65,1857807,1076114533,27810537,27810609,17164218,134229
1790927560,68167520,69954408448,458203,0,,20,0,31,68,1865890,1078103810,27857611,27857691,17189119,134422
1790927561,68166404,69953261568,458203,0,,13,0,32,68,1875940,1080076525,27904158,27904239,17214707,134622
1790927562,68167968,69956206592,458203,0,,11,0,32,68,1882810,1082037448,27949844,27949922,17238851,134812
1790927563,68168632,69957042176,462018,0,,8,0,32,68,1866237,1082930998,27971239,27971317,17268245,135044
1790927564,68167684,69955354624,463122,0,,20,0,32,68,1869011,1084330735,28004333,28004413,17302939,135309
1790927565,68167792,69955440640,463671,0,,23,0,32,68,1855705,1086058142,28045265,28045351,17343829,135624
1790927566,68169124,69956030464,463876,0,,17,0,32,68,1845736,1087974829,28090300,28090376,17377464,135884
1790927567,68165804,69953384448,466249,0,,11,0,32,68,1837306,1089442604,28126256,28126340,17412047,136151
1790927568,68166064,69952929792,466722,0,,14,0,32,68,1828754,1090861051,28160545,28160625,17446993,136419
1790927569,68165788,69952905216,469521,0,,16,0,32,68,1809531,1092212443,28192241,28192319,17477480,136652
1790927570,68167624,69955301376,469521,0,,17,0,32,68,1821189,1094211133,28240595,28240675,17499581,136825
1790927571,68169272,69956976640,469521,0,,15,0,32,68,1829400,1096206944,28288328,28288407,17521954,136999
1790927572,68168884,69956280320,469521,0,,14,0,32,68,1839292,1098155611,28335515,28335595,17546412,137191
1790927573,68168380,69955579904,469521,0,,16,0,32,68,1848808,1100107311,28381372,28381452,17570390,137380
1790927574,68166260,69953372160,469521,0,,10,0,32,68,1856309,1102040564,28427434,28427510,17593938,137571
1790927576,68165276,69952651264,469521,0,,23,0,32,68,1863786,1104059381,28474944,28475028,17615522,137750
1790927577,68167000,69953855488,470156,0,,0,0,33,68,1871355,1105709908,28515634,28515721,17647042,137995
1790927578,68164668,69951737856,471057,0,,16,0,33,68,1861346,1107190771,28551604,28551676,17679673,138248
1790927579,68164980,69952106496,472884,0,,13,0,33,68,1848369,1108498621,28580906,28580982,17712839,138500
1790927580,68165240,69953183744,473877,0,,14,0,33,68,1833067,1109973072,28614738,28614821,17746880,138762
1790927581,68165592,69952761856,474505,0,,5,0,33,68,1837995,1111388004,28649222,28649309,17781580,139028
1790927582,68165040,69951860736,474815,0,,9,0,33,68,1827362,1113247865,28694100,28694176,17815870,139293
1790927583,68164608,69951176704,475569,0,,18,0,33,68,1819246,1114739525,28729872,28729955,17849640,139553
1790927584,68165728,69953101824,476660,0,,18,0,33,68,1810965,1116145203,28763100,28763171,17884666,139821
1790927585,68163708,69950746624,476660,0,,14,0,33,68,1820760,1118151220,28811136,28811212,17906084,139988
1790927586,68164288,69951631360,476660,0,,18,0,33,68,1830588,1120186776,28858084,28858159,17928538,140163
1790927587,68165420,69951983616,476660,0,,18,0,33,68,1838893,1122156957,28905420,28905493,17949318,140326
1790927588,68165984,69953839104,479510,0,,16,0,33,68,1841544,1123178477,28929104,28929184,17981937,140574
1790927589,68165692,69952761856,479510,0,,15,0,34,73,1850498,1125174461,28976609,28976689,18004255,140748
1790927590,68165864,69953228800,479510,0,,13,0,34,73,1862467,1127124617,29023740,29023822,18029490,140946
1790927591,68167832,69954994176,479510,0,,18,0,34,73,1868790,1129162973,29070983,29071063,18052008,141128
1790927592,68168616,69956067328,479510,0,,16,0,34,73,1873925,1131180336,29118773,29118854,18072956,141297
1790927593,68168048,69954646016,479510,0,,25,0,34,73,1884253,1133179340,29165352,29165434,18097911,141493
1790927595,68168908,69955821568,479510,0,,14,0,34,73,1894165,1135217029,29211425,29211507,18121797,141678
1790927596,68166932,69953568768,479809,0,,17,0,34,73,1901398,1137208896,29257815,29257896,18146083,141867
1790927597,68167084,69954478080,479809,0,,17,0,34,73,1910097,1139167885,29304821,29304898,18170762,142059
1790927598,68167668,69954056192,481576,0,,20,0,34,73,1880853,1140227473,29329702,29329786,18202144,142300
1790927599,68166508,69953007616,483368,0,,18,0,34,73,1884136,1141515134,29360264,29360347,18235628,142557
1790927600,68167192,69954093056,484329,0,,12,0,34,73,1872638,1143372224,29403548,29403630,18277974,142882
1790927601,68165716,69953093632,485102,0,,16,0,34,73,1862011,1145194199,29447476,29447556,18320312,143208
1790927602,68165176,69952040960,485102,0,,18,0,34,73,1853037,1147169366,29494670,29494746,18346728,143414
1790927603,68164860,69951934464,485102,0,,13,0,34,73,1861988,1149152081,29541842,29541921,18370504,143599
1790927605,68166748,69953880064,485102,0,,18,0,34,73,1871911,1151140931,29588754,29588834,18394802,143789
1790927606,68165632,69953011712,485102,0,,13,0,34,73,1882637,1153107711,29635435,29635518,18420110,143985
1790927607,68166264,69953695744,485102,0,,15,0,34,73,1889831,1155074040,29682776,29682855,18443253,144166
1790927608,68167184,69954760704,485102,0,,15,0,34,73,1895806,1157008965,29727899,29727973,18463411,144324
1790927609,68167256,69954383872,485102,0,,15,0,34,73,1905845,1158983293,29774099,29774182,18489099,144530
1790927610,68166796,69953929216,485102,0,,15,0,34,73,1916546,1161001783,29821215,29821297,18515078,144741
1790927611,68168724,69955411968,485102,0,,14,0,34,73,1923641,1162991455,29868333,29868407,18540088,144938
1790927612,68168080,69956272128,485102,0,,14,0,34,73,1928860,1165004104,29914683,29914762,18562944,145117
1790927613,68167524,69954928640,485102,0,,13,0,34,73,1934223,1166940992,29961404,29961482,18584399,145286
1790927614,68168624,69955579904,490855,0,,20,0,34,73,1939835,1168546999,30000101,30000185,18624597,145595
1790927616,68168156,69955637248,492607,0,,0,0,34,73,1927824,1170317202,30043821,30043908,18667079,145919
1790927617,68167504,69954351104,493170,0,,0,0,34,73,1915103,1172165439,30086183,30086270,18700864,146180
1790927618,68165200,69951549440,495310,0,,13,0,35,75,1906588,1173634998,30120497,30120575,18735454,146445
1790927619,68165080,69952962560,496986,0,,16,0,35,75,1894944,1175036831,30154519,30154595,18770507,146713
1790927620,68166856,69953499136,498712,0,,17,0,35,75,1879618,1176372079,30187000,30187079,18805176,146976
1790927621,68166384,69953441792,500926,0,,15,0,35,75,1882922,1177616117,30217137,30217222,18836683,147216
1790927622,68166444,69953601536,502090,0,,19,0,35,75,1872785,1179444417,30260846,30260929,18879018,147541
1790927624,68168160,69954789376,502796,0,,0,0,35,75,1862854,1181283532,30305151,30305238,18912769,147801
1790927625,68166644,69954486272,503336,0,,20,0,35,75,1855817,1182768396,30339626,30339708,18947160,148066
1790927626,68167948,69955354624,504462,0,,18,0,35,75,1845453,1184218006,30373586,30373669,18981429,148329
1790927627,68165920,69953314816,505320,0,,17,0,35,75,1830472,1185680179,30407997,30408075,19016132,148595
1790927628,68167060,69953642496,505320,0,,15,0,35,75,1841322,1187692813,30455099,30455178,19041040,148795
1790927629,68167816,69955231744,505320,0,,9,0,35,75,1852573,1189698429,30501609,30501685,19065782,148989
1790927630,68167880,69955047424,505320,0,,11,0,35,75,1860460,1191648451,30549408,30549490,19089351,149174
1790927631,68168624,69955928064,507326,0,,15,0,35,75,1847972,1192742393,30575053,30575136,19122887,149429
1790927632,68165108,69952712704,508594,0,,13,0,35,75,1831759,1194144725,30608078,30608160,19156737,149688
1790927633,68166124,69953773568,510247,0,,7,0,36,78,1837526,1195672349,30644097,30644184,19193690,149970
1790927634,68166824,69954170880,512067,0,,10,0,36,78,1826745,1197440525,30686828,30686915,19236084,150294
1790927635,68168292,69954609152,512157,0,,14,0,36,78,1819366,1199411548,30733130,30733213,19260431,150497
1790927637,68167504,69954953216,512157,0,,13,0,36,78,1830281,1201374556,30779589,30779659,19285496,150700
1790927638,68166408,69953241088,512157,0,,14,0,36,78,1841702,1203359944,30826732,30826813,19311459,150911
1790927639,68164772,69951844352,512157,0,,12,0,36,78,1850682,1205355726,30873973,30874053,19334678,151100
1790927640,68165216,69952303104,512157,0,,19,0,36,78,1858282,1207332195,30921006,30921087,19359380,151299
1790927641,68165648,69952741376,512157,0,,12,0,36,78,1866130,1209290538,30968578,30968658,19380427,151472
1790927642,68165448,69952262144,513045,0,,0,0,36,78,1873225,1211006236,31007841,31007928,19409882,151705
1790927643,68166136,69953605632,514556,0,,14,0,36,78,1865027,1212378863,31039646,31039720,19443198,151963
1790927644,68167100,69954232320,516456,0,,15,0,36,78,1851761,1213721619,31070432,31070511,19477250,152223
1790927645,68166436,69953560576,517955,0,,17,0,36,78,1835675,1215139128,31103928,31104007,19511254,152484
1790927646,68166316,69953200128,519249,0,,5,0,36,78,1840725,1216576813,31138462,31138549,19547097,152758
1790927647,68165560,69952372736,519498,0,,16,0,36,78,1831917,1218467812,31183380,31183459,19579577,153010
1790927648,68165848,69953220608,521570,0,,16,0,36,78,1825325,1219869004,31216366,31216450,19612293,153263
1790927649,68165660,69952745472,523117,0,,14,0,36,78,1810978,1221239093,31248494,31248574,19645637,153517
1790927650,68165596,69952188416,524239,0,,17,0,36,78,1795850,1222580802,31279342,31279423,19679562,153777
1790927651,68167224,69954895872,526887,0,,6,0,36,78,1802706,1224131160,31315333,31315420,19716556,154061
1790927653,68165716,69952565248,528931,0,,7,0,37,78,1792842,1225927597,31359128,31359215,19758969,154387
1790927654,68164784,69951873024,530211,0,,2,0,37,78,1783867,1227801526,31403121,31403200,19801336,154713
1790927655,68165560,69952102400,532652,0,,0,0,37,78,1775045,1229662753,31447142,31447229,19840391,155013
1790927656,68165368,69952204800,533320,0,,15,0,37,78,1765899,1231341874,31488129,31488207,19872100,155259
1790927657,68166628,69954392064,534356,0,,8,0,37,78,1759060,1232561954,31518112,31518190,19906573,155524
1790927658,68167188,69954875392,535575,0,,11,0,37,78,1747032,1233897292,31549526,31549610,19940216,155783
1790927660,68167188,69953757184,537015,0,,12,0,37,78,1728736,1235293124,31582080,31582156,19973032,156036
1790927661,68164568,69951938560,537505,0,,17,0,37,78,1739413,1237012117,31623182,31623261,20013156,156345
1790927662,68164156,69950955520,537618,0,,15,0,37,78,1738309,1238956482,31668405,31668487,20040277,156563
1790927663,68165704,69953200128,538491,0,,17,0,37,78,1724708,1240211898,31698653,31698734,20073463,156817
1790927664,68164768,69951578112,539790,0,,19,0,37,78,1709602,1241528087,31730328,31730410,20105766,157065
1790927665,68163312,69951668224,540347,0,,2,0,37,78,1721704,1243333529,31773589,31773676,20144818,157366
1790927666,68163964,69951270912,540818,0,,21,0,37,78,1715001,1245309772,31820913,31820996,20168204,157554
1790927668,68164944,69952262144,542795,0,,0,0,37,78,1725992,1247105949,31863389,31863476,20207102,157853
1790927669,68164604,69951135744,543533,0,,16,0,37,78,1718404,1249036907,31909575,31909656,20236928,158084
1790927670,68165032,69951893504,544112,0,,15,0,37,78,1713183,1250287034,31939076,31939155,20271052,158348
1790927671,68164332,69951324160,544112,0,,17,0,37,78,1721206,1252312178,31987316,31987397,20292092,158512
1790927672,68164456,69951795200,544112,0,,17,0,37,78,1728939,1254343681,32035120,32035194,20312249,158669
1790927673,68164380,69951954944,544326,0,,15,0,37,78,1741373,1256361867,32081392,32081470,20333357,158834
1790927674,68164384,69950906368,544459,0,,16,0,37,78,1754594,1258315384,32128398,32128479,20356050,159010
1790927675,68162572,69949837312,544784,0,,16,0,37,78,1766600,1260260663,32175457,32175542,20379203,159196
1790927676,68164352,69951229952,544784,0,,22,0,37,78,1778460,1262206199,32221976,32222054,20402202,159382
1790927677,68164708,69951795200,544784,0,,17,0,38,80,1790218,1264170379,32268822,32268900,20426634,159579
1790927678,68166420,69953044480,544784,0,,8,0,38,80,1801996,1266128654,32315551,32315631,20450416,159770
1790927679,68164972,69951533056,544784,0,,14,0,38,80,1811953,1268100473,32363370,32363449,20472970,159946
1790927680,68164844,69951651840,544784,0,,14,0,38,80,1817191,1270097881,32411256,32411333,20493914,160110
1790927682,68164588,69951442944,545269,0,,26,0,38,80,1824804,1271938271,32454996,32455081,20534311,160420
1790927683,68165792,69952446464,545269,0,,12,0,38,80,1814765,1273927722,32502758,32502839,20560323,160625
1790927684,68166220,69953576960,545269,0,,15,0,38,80,1825018,1275919015,32549476,32549555,20584787,160825
1790927685,68165840,69952925696,545269,0,,16,0,38,80,1835480,1277884728,32595885,32595962,20608991,161022
1790927686,68164928,69951754240,545269,0,,15,0,38,80,1844595,1279832334,32642889,32642970,20633059,161217
1790927687,68164932,69952000000,545269,0,,13,0,38,80,1852158,1281774286,32689181,32689259,20657487,161415
1790927688,68166332,69952892928,545269,0,,16,0,38,80,1857767,1283771681,32735941,32736018,20681653,161610
1790927689,68167540,69954154496,548029,0,,12,0,38,80,1845589,1284774099,32760768,32760849,20714981,161865
1790927690,68169112,69955485696,549908,0,,10,0,38,80,1829436,1286062324,32789932,32789959,20747707,162118
1790927691,68165268,69952618496,550568,0,,22,0,38,80,1833358,1287442439,32823592,32823674,20782644,162386
1790927693,68165396,69953265664,550950,0,,10,0,38,80,1821313,1289309377,32867563,32867650,20824966,162713
1790927694,68166136,69952974848,552334,0,,22,0,38,80,1810497,1291171393,32912074,32912161,20867328,163039
1790927695,68166384,69952704512,553373,0,,0,0,38,80,1799687,1292997094,32956340,32956427,20900748,163298
1790927696,68165980,69952831488,554945,0,,13,0,38,80,1791513,1294409183,32990493,32990573,20934425,163558
1790927697,68166576,69954220032,556016,0,,16,0,38,80,1779508,1295721221,33022078,33022158,20968328,163818
1790927698,68167212,69954613248,560894,0,,15,0,38,80,1762637,1297081859,33055276,33055352,21001568,164074
1790927699,68168360,69955813376,561836,0,,3,0,38,80,1769318,1298522863,33090247,33090327,21036894,164344
1790927700,68167700,69954318336,562042,0,,16,0,38,80,1760981,1300429652,33135386,33135466,21069115,164594
1790927701,68166240,69953859584,563253,0,,15,0,38,80,1757678,1301767379,33167295,33167366,21100762,164838
1790927702,68164752,69951967232,564814,0,,14,0,38,80,1741219,1303101003,33198155,33198235,21130443,165067
1790927703,68164748,69952901120,566293,0,,17,0,38,80,1747128,1304569775,33233081,33233167,21163990,165325
1790927704,68166904,69954576384,566443,0,,15,0,38,80,1739428,1306564904,33280135,33280215,21188754,165518
1790927706,68168928,69955854336,566443,0,,15,0,38,80,1752321,1308568734,33327632,33327711,21210966,165691
1790927707,68165436,69953060864,566443,0,,18,0,38,80,1765965,1310567100,33374462,33374538,21234099,165871
1790927708,68166016,69953626112,566443,0,,16,0,38,80,1778072,1312518977,33422249,33422330,21258129,166058
1790927709,68167368,69955055616,566443,0,,11,0,38,80,1788876,1314517282,33469432,33469514,21282175,166246
1790927710,68167868,69954990080,566443,0,,16,0,38,80,1800697,1316536352,33516117,33516196,21306054,166431
1790927711,68167956,69955653632,566443,0,,17,0,38,80,1806878,1318576875,33563375,33563452,21327776,166601
1790927712,68168140,69955305472,566443,0,,13,0,38,80,1813349,1320582585,33611490,33611568,21348708,166764
1790927713,68167848,69955772416,567334,0,,20,0,38,80,1821884,1322347523,33652974,33653059,21388340,167070
1790927714,68169328,69956767744,567397,0,,13,0,38,80,1812033,1324367001,33700502,33700578,21412664,167277
1790927715,68168008,69954895872,567397,0,,16,0,38,80,1824522,1326347017,33747299,33747375,21435353,167466
1790927716,68169252,69956132864,567397,0,,15,0,38,80,1833566,1328362806,33793955,33794041,21456295,167633
1790927717,68169960,69957144576,567397,0,,6,0,38,80,1843433,1330398531,33841249,33841325,21479589,167816
1790927719,68170332,69958033408,567397,0,,14,0,38,80,1852495,1332383583,33888372,33888453,21503783,168008
1790927720,68169440,69956886528,567397,0,,16,0,38,80,1861232,1334338930,33934941,33935022,21527383,168199
1790927721,68170848,69958553600,567397,0,,13,0,38,80,1870172,1336307687,33981402,33981485,21552827,168401
1790927722,68170112,69957029888,567397,0,,10,0,39,80,1876088,1338317793,34028573,34028645,21576515,168589
1790927723,68170144,69957840896,569227,0,,17,0,39,80,1861021,1339192446,34049150,34049233,21607097,168822
1790927724,68171336,69959290880,570665,0,,7,0,39,80,1864223,1340520002,34080653,34080733,21640322,169076
1790927725,68169816,69956378624,571636,0,,18,0,39,80,1852221,1342269267,34123055,34123135,21681519,169392
1790927726,68169068,69956272128,572251,0,,19,0,39,80,1841220,1344091207,34166531,34166615,21723818,169718
1790927727,68168136,69956829184,572251,0,,16,0,39,80,1832333,1346100699,34213714,34213795,21749293,169917
1790927728,68167516,69954617344,572251,0,,17,0,39,80,1842744,1348078839,34260701,34260783,21774580,170114
1790927730,68165852,69952962560,572882,0,,23,0,39,80,1846021,1349298684,34290217,34290301,21806515,170358
1790927731,68167052,69953654784,573088,0,,14,0,39,80,1836960,1351291685,34337518,34337598,21831415,170555
1790927732,68166104,69953167360,573088,0,,12,0,39,80,1847140,1353244156,34383532,34383615,21855315,170741
1790927733,68166812,69954154496,573088,0,,13,0,39,80,1857608,1355197724,34429817,34429902,21879784,170942
1790927734,68167096,69953941504,573088,0,,15,0,39,80,1864654,1357108392,34476078,34476161,21902225,171124
1790927735,68167520,69955686400,573088,0,,15,0,39,80,1876286,1359065895,34522422,34522501,21929096,171337
1790927736,68168996,69956497408,573088,0,,16,0,39,80,1879906,1361051067,34569173,34569252,21950713,171518
1790927737,68170356,69957279744,575549,0,,13,0,39,80,1867856,1361941088,34591462,34591542,21984908,171779
1790927738,68169528,69956669440,577961,0,,12,0,39,80,1852188,1363360543,34625424,34625506,22018580,172038
1790927739,68167692,69954818048,580970,0,,13,0,40,81,1858600,1364973322,34662436,34662523,22054722,172314
1790927740,68164476,69950980096,581379,0,,0,0,40,81,1847872,1366846569,34706395,34706482,22086709,172559
1790927741,68165708,69952991232,583592,0,,16,0,40,81,1841333,1368212554,34738315,34738392,22119812,172814
1790927742,68167044,69953650688,585284,0,,9,0,40,81,1826920,1369564783,34769946,34770026,22153364,173069
1790927743,68166592,69953683456,586534,0,,15,0,40,81,1811173,1370962412,34802045,34802128,22184896,173309
1790927745,68166480,69954359296,588837,0,,0,0,40,81,1820603,1372704961,34842406,34842493,22224187,173609
1790927746,68166668,69953499136,588958,0,,14,0,40,81,1813633,1374628591,34887407,34887488,22257285,173864
1790927747,68167192,69954105344,589891,0,,14,0,40,81,1808594,1376115322,34922767,34922836,22290887,174123
1790927748,68169048,69956980736,591548,0,,16,0,41,81,1798485,1377592028,34956516,34956595,22324669,174380
1790927749,68167568,69954666496,594572,0,,16,0,41,81,1783589,1379105329,34991604,34991679,22357744,174632
1790927750,68167460,69955088384,594572,0,,14,0,41,81,1794743,1381150255,35039835,35039915,22378583,174796
1790927751,68165836,69952655360,594572,0,,17,0,41,81,1809019,1383157174,35086707,35086787,22402452,174981
1790927752,68163168,69949931520,594572,0,,12,0,41,81,1817521,1385102362,35131974,35132055,22424021,175149
1790927753,68163860,69951320064,602232,0,,15,0,41,81,1826571,1386928123,35175609,35175682,22443537,175301
1790927754,68163820,69950291968,612768,0,,0,0,41,81,1832935,1388135344,35205741,35205828,22469307,175499
1790927755,68164060,69951586304,614680,0,,15,0,41,81,1828162,1389441927,35237172,35237257,22499860,175735
1790927756,68161892,69948993536,615683,0,,14,0,41,81,1811245,1390677245,35267056,35267135,22530737,175972
1790927757,68161924,69949116416,616786,0,,23,0,41,81,1817283,1392001001,35299073,35299157,22563475,176223
1790927758,68162156,69949382656,616944,0,,17,0,41,81,1809329,1393976367,35346070,35346150,22587611,176421
1790927759,68162400,69948854272,616944,0,,13,0,41,81,1821783,1395933001,35393030,35393112,22612547,176616
1790927760,68164976,69951418368,616944,0,,18,0,42,90,1831414,1397952056,35439560,35439641,22635673,176796
1790927762,68165368,69953421312,619381,0,,14,0,42,90,1834199,1399029323,35465010,35465093,22666382,177030
1790927763,68164548,69951295488,619609,0,,0,0,42,90,1822713,1400831745,35507992,35508079,22700390,177292
1790927764,68162580,69950271488,621131,0,,14,0,42,90,1815948,1402317915,35542749,35542830,22732264,177539
1790927765,68163728,69950693376,623317,0,,20,0,42,90,1801011,1403554322,35570972,35571051,22763441,177775
1790927766,68163152,69950398464,625074,0,,11,0,42,90,1804167,1404783009,35600446,35600507,22795345,178018
1790927767,68163636,69950623744,628467,0,,15,0,42,90,1796338,1406611602,35642155,35642234,22835793,178327
1790927769,68163256,69949071360,630711,0,,20,0,42,90,1787234,1408504451,35687603,35687685,22878236,178651
1790927770,68163840,69951361024,632726,0,,20,0,42,90,1778026,1410365833,35731984,35732071,22920499,178975
1790927771,68164264,69951557632,634650,0,,21,0,42,90,1769997,1412334266,35776595,35776681,22962934,179300
1790927773,68166600,69953925120,636522,0,,10,0,42,90,1761195,1414155267,35821158,35821245,23005299,179626
1790927774,68164720,69952778240,636679,0,,10,0,42,90,1754736,1416123609,35866274,35866353,23036101,179865
1790927775,68164052,69951041536,637945,0,,13,0,42,90,1749355,1417450519,35898187,35898265,23068940,180117
1790927776,68165688,69952466944,638874,0,,18,0,42,90,1735523,1418786086,35929853,35929934,23102181,180373
1790927777,68165320,69951832064,639808,0,,18,0,42,90,1740344,1420102313,35960106,35960172,23134190,180619
1790927778,68166180,69952970752,640659,0,,0,0,43,95,1731528,1421921074,36002289,36002376,23167188,180875
1790927779,68164356,69951344640,643565,0,,17,0,43,95,1726279,1423364470,36037184,36037268,23199599,181127
1790927780,68165768,69952811008,644821,0,,20,0,43,95,1715605,1424674668,36068484,36068567,23233905,181390
1790927781,68165924,69953220608,645556,0,,14,0,43,95,1700396,1426079805,36101475,36101553,23267217,181647
1790927782,68166292,69953859584,646354,0,,13,0,43,95,1707633,1427496435,36135690,36135777,23302008,181915
1790927783,68166036,69952557056,646577,0,,14,0,43,95,1700135,1429403495,36181003,36181078,23334201,182165
1790927784,68167684,69955796992,646873,0,,13,0,43,95,1695452,1430793929,36213273,36213339,23367579,182424
1790927785,68167308,69954174976,647336,0,,17,0,43,95,1683379,1432201907,36245995,36246073,23401270,182683
1790927786,68165904,69953392640,648684,0,,14,0,43,95,1667230,1433592615,36278384,36278467,23432722,182927
1790927787,68164916,69951930368,648684,0,,16,0,43,95,1682645,1435563538,36326476,36326555,23457014,183129
1790927789,68166172,69952946176,649213,0,,16,0,43,95,1691375,1437214355,36364795,36364876,23491930,183404
1790927790,68166724,69953785856,649285,0,,12,0,43,95,1689333,1439228037,36412105,36412185,23516679,183599
1790927791,68162236,69949202432,649285,0,,3,0,43,95,1698575,1441285743,36459644,36459721,23536836,183756
1790927792,68162356,69949583360,649285,0,,12,0,43,95,1710709,1443290832,36506949,36507028,23557399,183918
1790927793,68164376,69950844928,649285,0,,13,0,43,95,1723926,1445254457,36553892,36553967,23580868,184102
1790927794,68164496,69951537152,649285,0,,17,0,44,95,1735408,1447272381,36600997,36601081,23604233,184285
1790927795,68165640,69952761856,649810,0,,14,0,44,95,1740930,1448552648,36632158,36632240,23637998,184546
1790927796,68163840,69951078400,649810,0,,15,0,44,95,1734423,1450475393,36677829,36677911,23670422,184798
1790927797,68163564,69950537728,650613,0,,7,0,44,95,1730182,1452006606,36713487,36713567,23703665,185056
1790927798,68164024,69951242240,651030,0,,16,0,44,95,1717531,1453472117,36748726,36748807,23736667,185308
1790927799,68165644,69952950272,651449,0,,17,0,44,95,1701110,1454934963,36783227,36783309,23768970,185558
1790927801,68165316,69953634304,652048,0,,23,0,44,95,1711795,1456653963,36825464,36825547,23807415,185852
1790927802,68167216,69953994752,652462,0,,17,0,44,95,1703497,1458600013,36870639,36870719,23840587,186108
1790927803,68167060,69953597440,653479,0,,12,0,44,95,1699575,1460049747,36905758,36905840,23873236,186361
1790927804,68166912,69954478080,655494,0,,12,0,44,95,1684388,1461278493,36934339,36934416,23901613,186578
1790927805,68167248,69954301952,655494,0,,20,0,44,95,1695577,1463258098,36981001,36981079,23927572,186779
1790927806,68166852,69955469312,656210,0,,18,0,44,95,1689253,1464550968,37010951,37011033,23958290,187015
1790927807,68165856,69953409024,656210,0,,17,0,44,95,1699403,1466569096,37058358,37058439,23979244,187184
1790927808,68166908,69953941504,656210,0,,14,0,44,95,1710686,1468537464,37106147,37106227,24001954,187361
1790927809,68165644,69953208320,656210,0,,16,0,44,95,1722607,1470524393,37153320,37153397,24025237,187542
1790927810,68166748,69954076672,656210,0,,16,0,44,95,1731853,1472534858,37200609,37200686,24048387,187724
1790927811,68164560,69951471616,656210,0,,12,0,44,95,1740542,1474529101,37247981,37248061,24069057,187893
1790927812,68165440,69952716800,656210,0,,11,0,44,95,1752413,1476465629,37295520,37295587,24092868,188082
1790927813,68164080,69951074304,656210,0,,11,0,44,95,1764023,1478421027,37341993,37342073,24118713,188284
1790927814,68165588,69952610304,657780,0,,1,0,44,95,1765104,1479556059,37369683,37369770,24149757,188530
1790927815,68163824,69950263296,658474,0,,1,0,44,95,1754691,1481441917,37414894,37414981,24184062,188796
1790927817,68163388,69950103552,659160,0,,0,0,44,95,1747240,1482851294,37449388,37449449,24216952,189051
1790927818,68165044,69952032768,659847,0,,15,0,44,95,1733849,1484152559,37481662,37481738,24251113,189313
1790927819,68161660,69948092416,660416,0,,16,0,44,95,1719114,1485490638,37514195,37514272,24284197,189568
1790927820,68162928,69950656512,660416,0,,13,0,44,95,1731694,1487505797,37561288,37561361,24307948,189753
1790927821,68161352,69948506112,660416,0,,13,0,44,95,1742274,1489552705,37608121,37608203,24330350,189928
1790927822,68162904,69950357504,660416,0,,15,0,45,96,1756459,1491525230,37654905,37654988,24354252,190114
1790927823,68164092,69951090688,661864,0,,13,0,45,96,1757623,1492620035,37681404,37681481,24383135,190336
1790927824,68164316,69950758912,661864,0,,14,0,45,96,1748329,1494520897,37727147,37727227,24415571,190586
1790927825,68164544,69952299008,662703,0,,26,0,45,96,1735544,1495670279,37753111,37753196,24455769,190895
1790927826,68163172,69950373888,662969,0,,18,0,45,96,1726935,1497708038,37801428,37801510,24478230,191071
1790927827,68163072,69950017536,663165,0,,16,0,45,96,1740810,1499698468,37848838,37848803,24501492,191254
1790927829,68164872,69952061440,663717,0,,13,0,45,96,1748432,1501392558,37888569,37888652,24538776,191541
1790927830,68163300,69950488576,663876,0,,15,0,45,96,1739997,1503392285,37935637,37935708,24562226,191729
1790927831,68162280,69949194240,663876,0,,14,0,45,96,1752083,1505367875,37983183,37983266,24586523,191922
1790927832,68162896,69949833216,663876,0,,17,0,45,96,1764770,1507307727,38029725,38029804,24610438,192113
1790927833,68163740,69950181376,664678,0,,25,0,45,96,1768057,1508538762,38059536,38059621,24641502,192360
1790927834,68165372,69952643072,664778,0,,9,0,45,96,1759326,1510558614,38107061,38107143,24667055,192559
1790927835,68164080,69951315968,664778,0,,12,0,45,96,1769682,1512446241,38151978,38152043,24689754,192747
1790927836,68165648,69952405504,664778,0,,18,0,45,96,1779975,1514411136,38198637,38198715,24713105,192938
1790927837,68162588,69949251584,664778,0,,18,0,45,96,1790097,1516394291,38245061,38245144,24736765,193131
1790927838,68162584,69949280256,664778,0,,18,0,46,96,1802374,1518383051,38291584,38291661,24761069,193328
1790927839,68164384,69951356928,664778,0,,16,0,46,96,1811572,1520379380,38338847,38338926,24783449,193505
1790927840,68164236,69951737856,664778,0,,18,0,46,96,1820820,1522394738,38385712,38385795,24805016,193673
1790927841,68164740,69951463424,664778,0,,11,0,46,96,1830034,1524403976,38431652,38431729,24825197,193842
1790927842,68164412,69951115264,664778,0,,14,0,46,96,1837585,1526465043,38478970,38479047,24845742,194002
1790927844,68166240,69953724416,664778,0,,19,0,46,96,1848848,1528463839,38525972,38526058,24869685,194190
1790927845,68166452,69952696320,665088,0,,0,0,46,96,1854100,1529927839,38561951,38562038,24896539,194401
1790927846,68163788,69950738432,666010,0,,17,0,46,96,1847521,1531336198,38595153,38595234,24927920,194643
1790927847,68165508,69952757760,667964,0,,14,0,46,96,1831852,1532519648,38623491,38623572,24959785,194889
1790927848,68166316,69953327104,667964,0,,13,0,46,96,1841146,1534532291,38671483,38671562,24982198,195068
1790927849,68165492,69952516096,667964,0,,9,0,46,96,1851208,1536504475,38718846,38718924,25005813,195252
1790927850,68165836,69952577536,667964,0,,13,0,46,96,1859760,1538444297,38766547,38766623,25029765,195438
1790927851,68166092,69953368064,667964,0,,15,0,46,96,1864224,1540423119,38813763,38813839,25051330,195607
1790927852,68163748,69950418944,668290,0,,0,0,46,96,1871181,1542199755,38853959,38854046,25077229,195812
1790927853,68164516,69952004096,669044,0,,19,0,46,96,1863981,1543327893,38880972,38881052,25111793,196077
1790927854,68165464,69952942080,670082,0,,20,0,46,96,1847944,1544735599,38915177,38915257,25145779,196339
1790927855,68165652,69952958464,670642,0,,15,0,46,96,1830765,1546199430,38949447,38949525,25179137,196597
1790927856,68162992,69949919232,671531,0,,0,0,46,96,1839180,1547944947,38991353,38991440,25218761,196901
1790927857,68161864,69949063168,671640,0,,15,0,47,102,1830127,1549938654,39038619,39038699,25243454,197094
1790927858,68161688,69948862464,671640,0,,15,0,47,102,1841289,1551909627,39085263,39085343,25268794,197297
1790927859,68162828,69949759488,671640,0,,15,0,47,102,1853962,1553878167,39132416,39132494,25293353,197496
1790927861,68163488,69950181376,673531,0,,17,0,47,102,1852895,1554992336,39157933,39158015,25321729,197721
1790927862,68162388,69949030400,673703,0,,15,0,47,102,1842419,1556922662,39203557,39203638,25354690,197976
1790927863,68163576,69950275584,677104,0,,15,0,47,102,1836791,1558383717,39237156,39237239,25386873,198225
1790927864,68163992,69951201280,679616,0,,20,0,47,102,1824425,1559764993,39270624,39270698,25420221,198478
1790927865,68163732,69950947328,681444,0,,15,0,47,102,1808266,1561181979,39304829,39304909,25453729,198734
1790927866,68164348,69951492096,681444,0,,14,0,47,102,1820625,1563174261,39352039,39352119,25477015,198916
1790927867,68166124,69952856064,685099,0,,1,0,47,102,1825052,1564587040,39384515,39384602,25508647,199158
1790927868,68163524,69950988288,685982,0,,7,0,47,102,1817398,1566371994,39427434,39427514,25533574,199360
1790927869,68164196,69950644224,685982,0,,15,0,47,102,1827175,1568412991,39474728,39474808,25554549,199525
1790927870,68164524,69951488000,685982,0,,13,0,47,102,1840340,1570419572,39522294,39522374,25578520,199711
1790927871,68165416,69952618496,685982,0,,11,0,47,102,1849075,1572400976,39570160,39570234,25601131,199887
1790927872,68166276,69953179648,687709,0,,22,0,47,102,1854845,1573655993,39599732,39599817,25634899,200145
1790927874,68167720,69955026944,689948,0,,5,0,47,102,1845146,1575602187,39645567,39645654,25677288,200471
1790927875,68166176,69953699840,690026,0,,13,0,47,102,1836285,1577566843,39689566,39689643,25712483,200743
1790927876,68166112,69952311296,691325,0,,17,0,47,102,1829136,1579185316,39727818,39727903,25745011,200994
1790927877,68165116,69952356352,692778,0,,16,0,47,102,1818366,1580484947,39759169,39759245,25778377,201249
1790927878,68166336,69953081344,695656,0,,14,0,47,102,1802942,1581823414,39791266,39791345,25811174,201500
1790927879,68165084,69953105920,700026,0,,17,0,47,102,1810424,1583397126,39828514,39828598,25846746,201771
1790927881,68167084,69954068480,701508,0,,0,0,47,102,1800932,1585272020,39873569,39873656,25884051,202057
1790927882,68165620,69952610304,703428,0,,13,0,47,102,1794061,1586921691,39912349,39912427,25914943,202297
1790927883,68166700,69953396736,705306,0,,15,0,47,102,1783735,1588135199,39941836,39941901,25947612,202545
1790927884,68168612,69955432448,707428,0,,14,0,47,102,1768830,1589464557,39972734,39972813,25980179,202794
1790927885,68166324,69954617344,709202,0,,0,0,47,102,1776879,1591025822,40010083,40010170,26016061,203069
1790927886,68165836,69952032768,712006,0,,0,0,47,102,1768846,1592880716,40054634,40054721,26052078,203345
1790927887,68165400,69951606784,713526,0,,11,0,47,102,1762361,1594456626,40091220,40091300,26083835,203590
1790927888,68165844,69952831488,715437,0,,11,0,47,102,1749174,1595694544,40120483,40120561,26116035,203836
1790927890,68165976,69954027520,719902,0,,21,0,47,102,1733461,1596812821,40147310,40147389,26165485,204211
1790927891,68166448,69953376256,720965,0,,0,0,47,102,1726558,1598724391,40193505,40193592,26205015,204515
1790927892,68166556,69953830912,723070,0,,9,0,47,102,1720443,1600500279,40235370,40235451,26236615,204760
1790927893,68165760,69952966656,724129,0,,12,0,47,102,1714056,1601825918,40266773,40266852,26270351,205019
1790927894,68166884,69954686976,725801,0,,17,0,47,102,1700627,1603160958,40297843,40297925,26303013,205269
1790927895,68167984,69955215360,726746,0,,18,0,47,102,1706398,1604497402,40330908,40330990,26336126,205524
1790927896,68168316,69954883584,726746,0,,15,0,47,102,1701071,1606461363,40377278,40377360,26357539,205708
1790927897,68165956,69953212416,726746,0,,15,0,47,102,1716261,1608427753,40425133,40425212,26380686,205898
1790927898,68166628,69954441216,726746,0,,17,0,47,102,1729614,1610367390,40471044,40471122,26402675,206079
1790927899,68165368,69952856064,726746,0,,18,0,47,102,1742837,1612317243,40517172,40517251,26424399,206258
1790927901,68167356,69954383872,727628,0,,0,0,47,102,1749013,1613718207,40550064,40550151,26456971,206510
1790927902,68164280,69950730240,730268,0,,12,0,47,102,1740436,1615536896,40593303,40593383,26488798,206757
1790927903,68166120,69952815104,731206,0,,17,0,47,102,1734850,1616864123,40623955,40624039,26521805,207011
1790927904,68165444,69952679936,732254,0,,13,0,47,102,1719860,1618192421,40655742,40655814,26554913,207267
1790927905,68165644,69952843776,733680,0,,16,0,47,102,1704287,1619508821,40688982,40689057,26587707,207519
1790927906,68164104,69951131648,734730,0,,22,0,47,102,1716476,1621289690,40732255,40732335,26628119,207830
1790927907,68164524,69951221760,734920,0,,14,0,47,102,1708954,1623216477,40778113,40778189,26659465,208073
1790927908,68165376,69952544768,736080,0,,16,0,47,102,1704699,1624577337,40810083,40810166,26692152,208325
1790927909,68163836,69950550016,737254,0,,17,0,47,102,1691535,1625967998,40842699,40842782,26724536,208575
1790927910,68164604,69952040960,737980,0,,17,0,47,102,1695075,1627275651,40873604,40873688,26755885,208815
1790927911,68165036,69951995904,737980,0,,18,0,47,102,1688411,1629218822,40918801,40918880,26787265,209057
1790927912,68165420,69952688128,738975,0,,11,0,47,102,1683316,1630589486,40952145,40952224,26818682,209299
1790927913,68165164,69951614976,738975,0,,14,0,47,102,1696573,1632592192,40999301,40999382,26841327,209476
1790927915,68166404,69953511424,738975,0,,16,0,47,102,1704510,1634582338,41045497,41045576,26861864,209638
1790927916,68164900,69951365120,738975,0,,13,0,47,102,1713323,1636610561,41093268,41093345,26882023,209796
1790927917,68164404,69950812160,739453,0,,0,0,47,102,1723718,1638372195,41136425,41136512,26921049,210097
1790927918,68165308,69952196608,740115,0,,15,0,48,105,1715705,1640159381,41178859,41178939,26951128,210331
1790927919,68164944,69951660032,741659,0,,9,0,48,105,1708578,1641459573,41209016,41209097,26984204,210585
1790927920,68165468,69952679936,742658,0,,14,0,48,105,1694005,1642768787,41239544,41239621,27016252,210831
1790927921,68164552,69951221760,748156,0,,0,0,48,105,1698665,1644154646,41273015,41273102,27047756,211073
1790927922,68165244,69951963136,750818,0,,12,0,48,105,1689655,1646033139,41318189,41318263,27071699,211265
1790927923,68163968,69950910464,750818,0,,10,0,48,105,1703416,1648001191,41365566,41365645,27095199,211452
1790927925,68165244,69952741376,751403,0,,23,0,48,105,1710577,1649679972,41403601,41403679,27132321,211737
1790927926,68164632,69951070208,751942,0,,13,0,48,105,1702347,1651586761,41449643,41449721,27163696,211980
1790927927,68164612,69951893504,753588,0,,16,0,48,105,1699883,1652901955,41480583,41480661,27196721,212234
1790927928,68164596,69952090112,755795,0,,12,0,48,105,1680431,1654044437,41506785,41506865,27223718,212442
1790927929,68164940,69952184320,755795,0,,12,0,48,105,1698093,1656020332,41554776,41554855,27248054,212633
1790927930,68165500,69953277952,756557,0,,15,0,48,105,1681850,1657080927,41578837,41578922,27275304,212842
1790927931,68164860,69951574016,756557,0,,17,0,48,105,1699449,1659096020,41625489,41625569,27300710,213040
1790927932,68162024,69949210624,756557,0,,19,0,48,105,1705749,1661084662,41674007,41674080,27320867,213197
1790927933,68161888,69948792832,756911,0,,13,0,48,105,1716838,1663073039,41720521,41720598,27341254,213356
1790927934,68162592,69950046208,757110,0,,15,0,49,107,1726547,1665059476,41768038,41768117,27362427,213521
1790927935,68160472,69947576320,757110,0,,13,0,49,107,1738541,1667060349,41814844,41814922,27386087,213705
1790927936,68161340,69947965440,757110,0,,16,0,49,107,1750581,1669065413,41861796,41861879,27409967,213891
1790927937,68162856,69949788160,757110,0,,17,0,49,107,1761204,1671024118,41908810,41908895,27433088,214071
1790927938,68162820,69949710336,757110,0,,19,0,49,107,1771705,1673001954,41955686,41955763,27458259,214267
1790927940,68162620,69948772352,757110,0,,13,0,49,107,1783061,1674986678,42001568,42001649,27482165,214462
1790927941,68163320,69951070208,757110,0,,16,0,49,107,1786854,1676964074,42049281,42049354,27502575,214636
1790927942,68164864,69952385024,757110,0,,17,0,50,108,1797186,1678915002,42096179,42096259,27525062,214822
1790927943,68165208,69951664128,757110,0,,17,0,50,108,1807662,1680868877,42142788,42142864,27548410,215013
1790927944,68163864,69950115840,757110,0,,17,0,50,108,1817070,1682804484,42189317,42189395,27572320,215207
1790927945,68164232,69950943232,757110,0,,15,0,51,110,1828541,1684761761,42235773,42235852,27597284,215409
1790927946,68165476,69953482752,757110,0,,18,0,51,110,1838460,1686743713,42281938,42282018,27620966,215602
1790927947,68164596,69952077824,757110,0,,14,0,51,110,1846741,1688764630,42328705,42328789,27643893,215792
1790927948,68164444,69951410176,758182,0,,15,0,51,110,1830225,1689624922,42349796,42349865,27671228,216009
1790927949,68163536,69950468096,758182,0,,13,0,51,110,1839920,1691665028,42396356,42396440,27694022,216201
1790927950,68165164,69952307200,758182,0,,17,0,51,110,1848901,1693602183,42443219,42443300,27717462,216396
1790927951,68164852,69951799296,758182,0,,15,0,51,110,1858311,1695540285,42489357,42489435,27741896,216594
1790927952,68166396,69953126400,758182,0,,17,0,51,110,1867680,1697434522,42536062,42536136,27766604,216795
1790927953,68166732,69953495040,758182,0,,14,0,51,110,1870672,1699430508,42582276,42582355,27787723,216974
1790927954,68166736,69954277376,758182,0,,17,0,51,110,1878964,1701428667,42630024,42630103,27811662,217169
1790927955,68165476,69951942656,758182,0,,19,0,51,110,1889202,1703383632,42677677,42677751,27835983,217367
1790927956,68166232,69952774144,758182,0,,16,0,51,110,1899627,1705344395,42724676,42724758,27859787,217562
1790927957,68164476,69951193088,758182,0,,17,0,51,110,1908328,1707300240,42772093,42772176,27884940,217767
1790927958,68165816,69952577536,758182,0,,10,0,51,110,1912603,1709276323,42817842,42817916,27908850,217963
1790927959,68164648,69951606784,758182,0,,16,0,51,110,1918796,1711293900,42865348,42865425,27930263,218142
1790927961,68163856,69950824448,758991,0,,17,0,51,110,1925373,1713009231,42905029,42905112,27969365,218449
1790927962,68164032,69951574016,759662,0,,9,0,51,110,1913971,1714921005,42950561,42950648,28011726,218775
1790927964,68164992,69953163264,760598,0,,13,0,51,110,1903348,1716854565,42996633,42996720,28054146,219103
1790927965,68165420,69952692224,761573,0,,12,0,51,110,1891476,1718777776,43041024,43041095,28096568,219430
1790927967,68164216,69951016960,763940,0,,4,0,51,110,1879885,1720708742,43085055,43085139,28138757,219754
1790927968,68166028,69953331200,765074,0,,11,0,51,110,1869051,1722578489,43129930,43130017,28181299,220081
1790927969,68161776,69948989440,765944,0,,19,0,51,110,1857440,1724367921,43174015,43174095,28223665,220407
1790927971,68163644,69950095360,766665,0,,20,0,51,110,1845808,1726222169,43217195,43217277,28266037,220733
1790927972,68163336,69950017536,766731,0,,12,0,51,110,1837044,1728200321,43264302,43264385,28290346,220923
1790927973,68163300,69949984768,766731,0,,12,0,51,110,1848392,1730214049,43311010,43311091,28314112,221108
1790927974,68164744,69951971328,766731,0,,14,0,51,110,1859588,1732212436,43357639,43357718,28338323,221298
1790927975,68164988,69952208896,766731,0,,13,0,51,110,1868181,1734207703,43405259,43405339,28362353,221487
1790927976,68166320,69954097152,768056,0,,24,0,51,110,1869149,1735162948,43427687,43427769,28389403,221697
1790927977,68164068,69951315968,768166,0,,15,0,51,110,1859967,1737176623,43474997,43475078,28414061,221891
1790927978,68164204,69951512576,769471,0,,9,0,51,110,1866712,1738836400,43513737,43513819,28451900,222183
1790927980,68165412,69952917504,770805,0,,20,0,51,110,1855576,1740708251,43557732,43557812,28494348,222511
1790927981,68163824,69950238720,771073,0,,0,0,52,112,1844691,1742592281,43602524,43602611,28528138,222773
1790927982,68165196,69952540672,773000,0,,3,0,52,112,1836714,1744008102,43635957,43636023,28560516,223024
1790927983,68166860,69953880064,775295,0,,16,0,52,112,1824229,1745351506,43667822,43667905,28593693,223277
1790927984,68167884,69955231744,776698,0,,16,0,52,112,1807910,1746719760,43700392,43700472,28625942,223523
1790927985,68167228,69954248704,777556,0,,0,0,52,112,1816927,1748490991,43740626,43740713,28660572,223789
1790927986,68166824,69954142208,778048,0,,16,0,52,112,1810641,1750260174,43781868,43781948,28692325,224036
1790927987,68165180,69951373312,779319,0,,16,0,52,112,1802652,1751699479,43815530,43815595,28725541,224291
1790927988,68165220,69952749568,784654,0,,14,0,52,112,1786997,1753061712,43848103,43848178,28758142,224540
1790927989,68165236,69952774144,784654,0,,13,0,52,112,1799960,1755018554,43893419,43893496,28781358,224721
1790927990,68167284,69954342912,784654,0,,9,0,52,112,1812131,1757022296,43940736,43940815,28805259,224914
1790927991,68167240,69954023424,784654,0,,16,0,52,112,1823854,1759020958,43987205,43987286,28828415,225096
1790927992,68165108,69951377408,784654,0,,12,0,52,112,1830772,1761001855,44034545,44034622,28851465,225285
1790927994,68164088,69951049728,784654,0,,14,0,52,112,1836441,1763041618,44081748,44081824,28871877,225460
1790927995,68165352,69952315392,787089,0,,0,0,52,112,1845672,1764755972,44122977,44123064,28903537,225705
1790927996,68164652,69952954368,788892,0,,12,0,52,112,1836597,1766183559,44157152,44157229,28934545,225944
1790927997,68166752,69954015232,790961,0,,14,0,52,112,1822971,1767372555,44184980,44185061,28967159,226193
1790927998,68166268,69953798144,793211,0,,16,0,53,114,1806417,1768687595,44216103,44216178,28998998,226435
1790927999,68167024,69954318336,795173,0,,24,0,54,117,1817364,1770519553,44259288,44259374,29039217,226741
1790928000,68168428,69955731456,796403,0,,0,0,54,117,1807423,1772415884,44304215,44304302,29073973,227007
1790928001,68166340,69953601536,797801,0,,18,0,54,117,1801085,1773888682,44338759,44338839,29105108,227247
1790928002,68165776,69952503808,801026,0,,16,0,54,117,1795153,1775198904,44368371,44368447,29137348,227491
1790928003,68165660,69952409600,803153,0,,14,0,54,117,1772604,1776493845,44398900,44398970,29169649,227737
1790928005,68165464,69952933888,805481,0,,10,0,54,117,1782268,1778129698,44438302,44438376,29208799,228035
1790928006,68166568,69954121728,807947,0,,3,0,54,117,1774091,1780037081,44482959,44483046,29251190,228360
1790928007,68165636,69952094208,808956,0,,1,0,54,117,1765413,1781949669,44527747,44527834,29285705,228627
1790928008,68165252,69952000000,810406,0,,12,0,54,117,1760072,1783450558,44562461,44562536,29316411,228864
1790928009,68167428,69954285568,813255,0,,12,0,54,117,1745272,1784585952,44589541,44589622,29346249,229091
1790928010,68165884,69952872448,814382,0,,1,0,54,117,1751425,1785723033,44618300,44618387,29378318,229336
1790928011,68165272,69952012288,814957,0,,20,0,54,117,1745016,1787633147,44663485,44663563,29408243,229568
1790928013,68163412,69950361600,816277,0,,19,0,54,117,1738593,1788912087,44693066,44693146,29440295,229814
1790928014,68164824,69952565248,819325,0,,18,0,54,117,1725491,1790117151,44722278,44722354,29472469,230062
1790928015,68164160,69951684608,820336,0,,20,0,54,117,1731212,1791528553,44756520,44756601,29505445,230315
1790928016,68166192,69953015808,820336,0,,14,0,54,117,1725377,1793558410,44803926,44804005,29528379,230498
1790928017,68163372,69949714432,820336,0,,14,0,54,117,1740333,1795567753,44851444,44851524,29550084,230668
1790928018,68165384,69952892928,820336,0,,11,0,54,117,1754522,1797537218,44898277,44898355,29575709,230870
1790928019,68164232,69950857216,824790,0,,15,0,54,117,1759820,1798918135,44931218,44931300,29609174,231126
1790928020,68165060,69952573440,826321,0,,24,0,54,117,1750582,1800789056,44975087,44975168,29651602,231453
1790928022,68166100,69954408448,827280,0,,7,0,54,117,1742136,1802658579,45019474,45019561,29693907,231780
1790928023,68164016,69950513152,827635,0,,0,0,54,117,1733990,1804635570,45064715,45064802,29724435,232017
1790928024,68163388,69950025728,829024,0,,19,0,54,117,1728379,1805849477,45094575,45094653,29756766,232266
1790928025,68162760,69950197760,829788,0,,18,0,54,117,1712534,1807089780,45123365,45123440,29787932,232505
1790928026,68164280,69951373312,829788,0,,14,0,54,117,1725555,1809047260,45170114,45170197,29812899,232710
1790928027,68163728,69950431232,829788,0,,13,0,54,117,1738860,1810984681,45216708,45216786,29837810,232915
1790928028,68165464,69952458752,829788,0,,18,0,54,117,1749823,1812938694,45263490,45263570,29861390,233102
1790928029,68165276,69952004096,829788,0,,11,0,54,117,1758211,1815011019,45310539,45310618,29881560,233264
1790928030,68165292,69952569344,829788,0,,17,0,54,117,1767467,1817045937,45358238,45358319,29901815,233429
1790928032,68165428,69952483328,830896,0,,0,0,54,117,1777692,1818836970,45400518,45400605,29942052,233739
1790928033,68166052,69953544192,832613,0,,17,0,54,117,1767761,1820762612,45445486,45445564,29984483,234065
1790928035,68166676,69953740800,833965,0,,8,0,54,117,1757966,1822666166,45489880,45489967,30026908,234393
1790928036,68165736,69951930368,834039,0,,15,0,54,117,1748202,1824551642,45534489,45534571,30057811,234633
1790928037,68165012,69951741952,835250,0,,19,0,54,117,1740335,1825807674,45564836,45564920,30089459,234877
1790928038,68165980,69952987136,836624,0,,21,0,54,117,1726058,1826987301,45592851,45592934,30121336,235123
1790928039,68166520,69953261568,839871,0,,5,0,54,117,1729998,1828313983,45624178,45624265,30154023,235373
1790928040,68163964,69950640128,839913,0,,20,0,54,117,1722000,1830264023,45669889,45669970,30184262,235607
1790928041,68164420,69951135744,842668,0,,16,0,54,117,1715044,1831535675,45700028,45700104,30216041,235853
1790928042,68163920,69951393792,843335,0,,17,0,54,117,1694899,1832412666,45721182,45721262,30242114,236053
1790928043,68163772,69950271488,843614,0,,0,0,54,117,1704932,1834081173,45762038,45762125,30272315,236298
1790928044,68164136,69951594496,843778,0,,16,0,54,117,1698965,1835495120,45795811,45795891,30303916,236544
1790928045,68165168,69952761856,846151,0,,12,0,54,117,1686973,1836804869,45827044,45827124,30337059,236799
1790928046,68165288,69952540672,850562,0,,13,0,54,117,1670421,1838181137,45859473,45859551,30368630,237044
1790928048,68165528,69953323008,851797,0,,0,0,54,117,1682470,1840002739,45902193,45902280,30408482,237361
1790928049,68164696,69951954944,851872,0,,19,0,54,117,1678998,1841936976,45947367,45947446,30440139,237608
1790928050,68166100,69953085440,852364,0,,16,0,54,117,1676294,1843458117,45983831,45983913,30472756,237860
1790928051,68166888,69953921024,852667,0,,17,0,54,117,1662558,1844924242,46018915,46018986,30504779,238107
1790928052,68168064,69954588672,852667,0,,17,0,54,117,1678333,1846944603,46066550,46066627,30525791,238275
1790928053,68166160,69953933312,852667,0,,15,0,54,117,1691941,1848988127,46114525,46114540,30546790,238442
1790928054,68166496,69954048000,852667,0,,19,0,54,117,1702795,1851027832,46162515,46162595,30568263,238616
1790928055,68167560,69954334720,852667,0,,13,0,54,117,1719268,1853009133,46209735,46209810,30591382,238799
1790928056,68167336,69954408448,852667,0,,15,0,54,117,1729120,1855015081,46257376,46257449,30614034,238981
1790928057,68167140,69954183168,852667,0,,18,0,54,117,1736021,1857056203,46305075,46305154,30634375,239140
1790928058,68166788,69953208320,852667,0,,14,0,55,121,1744306,1859083565,46352710,46352786,30654753,239299
1790928059,68167804,69954560000,852667,0,,17,0,55,121,1755457,1861091797,46399726,46399802,30678501,239485
1790928060,68168732,69956014080,852667,0,,14,0,55,121,1765842,1863046944,46446249,46446333,30703153,239686
1790928061,68168848,69956931584,852667,0,,13,0,55,121,1779123,1864964800,46492791,46492871,30727902,239880
1790928062,68167456,69954457600,852667,0,,16,0,55,121,1789644,1866986623,46540471,46540551,30750001,240060
1790928063,68167580,69954605056,854913,0,,12,0,55,121,1789475,1868029229,46564369,46564450,30777311,240271
1790928065,68167040,69953503232,854913,0,,10,0,55,121,1779648,1869898486,46608982,46609061,30806646,240499
1790928066,68166812,69954392064,855234,0,,17,0,55,121,1772393,1871175084,46639116,46639182,30838050,240742
1790928067,68165272,69953290240,855539,0,,15,0,55,121,1763473,1872204021,46663191,46663268,30864695,240955
1790928068,68166352,69953351680,856121,0,,16,0,55,121,1762326,1873989401,46704321,46704399,30902964,241251
1790928069,68167724,69953945600,856121,0,,12,0,55,121,1754528,1875904779,46750839,46750921,30931019,241470
1790928070,68169296,69956345856,856369,0,,14,0,55,121,1747765,1877122055,46778117,46778198,30963522,241720
1790928071,68170656,69957750784,857038,0,,8,0,56,121,1731960,1878498734,46810288,46810356,30995856,241971
1790928072,68169324,69956894720,857604,0,,17,0,56,121,1736691,1879945086,46845810,46845888,31030141,242234
1790928073,68165776,69952479232,857868,0,,15,0,56,121,1728681,1881877787,46890396,46890479,31061997,242480
1790928074,68166216,69953454080,858455,0,,8,0,56,121,1722275,1883289390,46924501,46924582,31094669,242733
1790928075,68166436,69953441792,859446,0,,15,0,56,121,1712619,1884733652,46958581,46958648,31125820,242974
1790928077,68167140,69954646016,860365,0,,18,0,56,121,1712836,1886154154,46993270,46993350,31160115,243248
1790928078,68166560,69953277952,860365,0,,10,0,56,121,1707779,1888169348,47040695,47040775,31182392,243436
1790928079,68166708,69953912832,860365,0,,13,0,56,121,1721952,1890127640,47086789,47086868,31205418,243628
1790928080,68168856,69956653056,860365,0,,13,0,56,121,1729426,1892058692,47134682,47134761,31225614,243804
1790928081,68166280,69953310720,860365,0,,16,0,57,129,1741835,1894014735,47181367,47181450,31249100,243999
1790928082,68166948,69953859584,860365,0,,7,0,57,129,1754554,1895983304,47228306,47228387,31273368,244200
1790928083,68168464,69955276800,860365,0,,18,0,57,129,1765575,1897950353,47274808,47274890,31296591,244392
1790928084,68167040,69954260992,860365,0,,14,0,57,129,1776864,1899917871,47322788,47322873,31320261,244588
1790928085,68167840,69955162112,860365,0,,12,0,57,129,1789845,1901914033,47369857,47369935,31344194,244786
1790928086,68166224,69953130496,860365,0,,17,0,57,129,1800729,1903946836,47417733,47417806,31366406,244973
1790928087,68167224,69954555904,860365,0,,10,0,57,129,1810709,1905970557,47465122,47465201,31387972,245156
1790928088,68168656,69955756032,860365,0,,13,0,57,129,1820564,1907975086,47513439,47513519,31408344,245331
1790928089,68167652,69954957312,860365,0,,11,0,57,129,1828669,1909936828,47561736,47561813,31428557,245505
1790928090,68167308,69954322432,860365,0,,18,0,57,129,1837699,1911958455,47609216,47609293,31449815,245685
1790928091,68165572,69953351680,860365,0,,16,0,57,129,1847804,1913892801,47655330,47655411,31473604,245881
1790928092,68166348,69953077248,860777,0,,0,0,57,129,1853247,1915426740,47690996,47691083,31501256,246103
1790928093,68167816,69954871296,861611,0,,16,0,57,129,1843672,1916866330,47725783,47725862,31532091,246343
1790928094,68169148,69955706880,865020,0,,16,0,57,129,1829191,1918083304,47754762,47754845,31564559,246591
1790928095,68171284,69957828608,867942,0,,14,0,57,129,1818282,1919383132,47785437,47785516,31596758,246839
1790928096,68170616,69956939776,868061,0,,0,0,57,129,1821176,1921150336,47827331,47827418,31628860,247087
1790928098,68170944,69958586368,869396,0,,14,0,57,129,1815791,1922603979,47861991,47862078,31660894,247335
1790928099,68167744,69954269184,870877,0,,17,0,57,129,1802658,1924056121,47894804,47894879,31693388,247583
1790928100,68167776,69955346432,873001,0,,17,0,57,129,1785736,1925403412,47927326,47927407,31726208,247835
1790928101,68168180,69956755456,874364,0,,0,0,57,129,1793879,1927077584,47966744,47966831,31763968,248125
1790928102,68169328,69956599808,874979,0,,14,0,57,129,1785992,1928977452,48012480,48012562,31795686,248371
1790928103,68170476,69957332992,876233,0,,14,0,57,129,1779763,1930379088,48044916,48044926,31827808,248619
1790928104,68171756,69959151616,878659,0,,17,0,57,129,1772516,1931715851,48075159,48075240,31859970,248867
1790928105,68169528,69957054464,880389,0,,19,0,57,129,1768830,1933016748,48106449,48106526,31892521,249116
1790928106,68170444,69957013504,880808,0,,1,0,57,129,1759875,1934862790,48149263,48149350,31924619,249363
1790928107,68167708,69954760704,882972,0,,18,0,57,129,1755941,1936285240,48182764,48182846,31956367,249609
1790928108,68169324,69956227072,884992,0,,20,0,57,129,1742173,1937619967,48215914,48215990,31989054,249857
1790928109,68168956,69956546560,887531,0,,14,0,57,129,1726378,1938955494,48247381,48247460,32021671,250106
1790928110,68169832,69955985408,889388,0,,18,0,57,129,1737672,1940701563,48289200,48289276,32060596,250403
1790928112,68170136,69956988928,889388,0,,14,0,57,129,1732728,1942608330,48334729,48334812,32091975,250646
1790928113,68169880,69956964352,891083,0,,7,0,57,129,1731573,1944066033,48367903,48367915,32125152,250901
1790928114,68168104,69954732032,892886,0,,13,0,57,129,1719774,1945609876,48402702,48402783,32156479,251139
1790928115,68169300,69956907008,896442,0,,0,0,57,129,1724735,1947019483,48435761,48435848,32187757,251376
1790928116,68168220,69955010560,896663,0,,17,0,57,129,1718427,1948936969,48481336,48481414,32218332,251612
1790928117,68168448,69956284416,898214,0,,14,0,57,129,1714074,1950276695,48511595,48511679,32250427,251858
1790928118,68167284,69954056192,900401,0,,17,0,57,129,1699095,1951562735,48542354,48542433,32282102,252100
1790928119,68166440,69953933312,903674,0,,16,0,57,129,1706747,1952950774,48574926,48575005,32314800,252350
1790928120,68164988,69952413696,903930,0,,17,0,57,129,1702464,1954860833,48619618,48619698,32345541,252587
1790928121,68165500,69952704512,906181,0,,19,0,57,129,1697872,1956282466,48652861,48652935,32375003,252814
1790928122,68166288,69953605632,906181,0,,11,0,57,129,1712774,1958314508,48700295,48700375,32396349,252984
1790928123,68168344,69956186112,908672,0,,17,0,57,129,1698148,1959551419,48729966,48730049,32426069,253211
1790928124,68165784,69952823296,908672,0,,18,0,57,129,1714732,1961543356,48777528,48777611,32448147,253386
1790928125,68166444,69954514944,908672,0,,15,0,57,129,1728483,1963573410,48824085,48824168,32471032,253570
1790928126,68167376,69954699264,910699,0,,19,0,57,129,1735012,1964979907,48857542,48857622,32504809,253829
1790928127,68166740,69953769472,910699,0,,14,0,57,129,1728822,1966917019,48902706,48902790,32535507,254066
1790928128,68167224,69954203648,916641,0,,19,0,57,129,1724380,1968263576,48934337,48934420,32567470,254312
1790928130,68166004,69953536000,918000,0,,16,0,57,129,1710717,1969581431,48966383,48966461,32599985,254561
1790928131,68165288,69952544768,918901,0,,24,0,57,129,1716599,1970990627,48999058,48999137,32631952,254807
1790928132,68165952,69953245184,918901,0,,14,0,57,129,1710477,1972926639,49044628,49044707,32662715,255045
1790928133,68165832,69953122304,920551,0,,14,0,57,129,1704797,1974297196,49076448,49076525,32694548,255290
1790928134,68163920,69951389696,922476,0,,14,0,57,129,1691362,1975589360,49106668,49106745,32725805,255530
1790928135,68164444,69951389696,922476,0,,12,0,57,129,1705568,1977593961,49154428,49154507,32748449,255717
1790928136,68165576,69952815104,922476,0,,15,0,57,129,1718914,1979608310,49200716,49200799,32770925,255906
1790928137,68164180,69951119360,923534,0,,0,0,57,129,1721208,1980724551,49227284,49227371,32798702,256125
1790928138,68163892,69951123456,923867,0,,14,0,58,130,1714993,1982603682,49271634,49271709,32829403,256363
1790928139,68164524,69952032768,926608,0,,17,0,58,130,1709155,1983950112,49303195,49303273,32861042,256607
1790928140,68165428,69952139264,927865,0,,15,0,58,130,1691759,1985297760,49335004,49335082,32890575,256837
1790928141,68165128,69952348160,927865,0,,14,0,58,130,1706740,1987248384,49382410,49382487,32913352,257026
1790928142,68163936,69950345216,928572,0,,1,0,58,130,1714322,1988838485,49419385,49419472,32945088,257276
1790928143,68163452,69950918656,930503,0,,15,0,58,130,1711209,1990415337,49456382,49456463,32975978,257516
1790928144,68164480,69951438848,931273,0,,20,0,58,130,1701137,1991824911,49489083,49489162,33007819,257760
1790928145,68165216,69952712704,932298,0,,15,0,58,130,1685491,1993245324,49523416,49523490,33039217,258004
1790928146,68166356,69953101824,932298,0,,11,0,58,130,1701054,1995205128,49571199,49571281,33060360,258185
1790928147,68163012,69949952000,932298,0,,13,0,58,130,1715325,1997131213,49618177,49618238,33083081,258376
1790928148,68163224,69950427136,932298,0,,17,0,58,130,1727238,1999128240,49664473,49664554,33106489,258571
1790928150,68163908,69950504960,932298,0,,6,0,58,130,1738955,2001102746,49711153,49711231,33130956,258772
1790928151,68164644,69951885312,932298,0,,13,0,58,130,1750411,2003059564,49757109,49757188,33155462,258972
1790928152,68165252,69952475136,932298,0,,12,0,58,130,1759562,2004984705,49804484,49804568,33179131,259166
1790928153,68166332,69953318912,932298,0,,9,0,58,130,1765990,2006935340,49851825,49851904,33199744,259343
1790928154,68167876,69955444736,932298,0,,15,0,58,130,1776027,2008926109,49898842,49898923,33222780,259534
1790928155,68168048,69955637248,932298,0,,19,0,58,130,1787643,2010892949,49946044,49946124,33247629,259737
1790928156,68166800,69953269760,932298,0,,13,0,58,130,1796245,2012874984,49992269,49992352,33270760,259927
1790928157,68165280,69952540672,932298,0,,18,0,58,130,1806102,2014875260,50039669,50039746,33293812,260115
1790928158,68163732,69950914560,932298,0,,15,0,58,130,1817021,2016800252,50086246,50086326,33318948,260318
1790928159,68164432,69952421888,932298,0,,6,0,58,130,1823644,2018717542,50131465,50131545,33341179,260501
1790928160,68166752,69954232320,932298,0,,15,0,58,130,1831185,2020708687,50178131,50178216,33361386,260672
1790928161,68167120,69954375680,932298,0,,15,0,58,130,1840508,2022730899,50224303,50224385,33384418,260860
1790928163,68165904,69953257472,933654,0,,11,0,58,130,1845159,2024284156,50261141,50261218,33421861,261155
1790928164,68166252,69953503232,934580,0,,20,0,58,130,1834009,2026160392,50305518,50305604,33464269,261482
1790928165,68165016,69951971328,938786,0,,2,0,58,130,1822978,2027977383,50350819,50350906,33497716,261741
1790928166,68163616,69950210048,941168,0,,16,0,58,130,1815528,2029415994,50383656,50383735,33528345,261978
1790928167,68164928,69951311872,941883,0,,17,0,58,130,1802264,2030671959,50411978,50412061,33559632,262220
1790928168,68164272,69952241664,942653,0,,16,0,58,130,1803113,2031960841,50442210,50442292,33591542,262467
1790928169,68166244,69953245184,942653,0,,17,0,58,130,1794974,2033836238,50487670,50487748,33622986,262711
1790928170,68165020,69951971328,943518,0,,14,0,58,130,1789096,2035230183,50520455,50520528,33655148,262960
1790928171,68165240,69952102400,944236,0,,20,0,58,130,1773884,2036567756,50552740,50552824,33687234,263208
1790928173,68164584,69951762432,944988,0,,14,0,58,130,1777039,2037901575,50584844,50584927,33719634,263458
1790928174,68164304,69952520192,945647,0,,25,0,58,130,1766522,2039719463,50628293,50628374,33761009,263778
1790928175,68165564,69952778240,945759,0,,15,0,59,131,1757420,2041633037,50674008,50674091,33791844,264018
1790928176,68165256,69951934464,947154,0,,13,0,59,131,1751764,2042918748,50705441,50705515,33823969,264265
1790928177,68164600,69951533056,947910,0,,15,0,59,131,1734358,2044200187,50736940,50737021,33856399,264516
1790928178,68164852,69952581632,948646,0,,17,0,59,131,1738953,2045430785,50765998,50766081,33888569,264764
1790928179,68164924,69951856640,949548,0,,0,0,59,131,1728325,2047238453,50809495,50809582,33927767,265068
1790928180,68161764,69948895232,951216,0,,16,0,59,131,1719902,2049065572,50850602,50850682,33958851,265310
1790928181,68161736,69948887040,954940,0,,12,0,59,131,1711986,2050424309,50881357,50881439,33990725,265556
1790928182,68163184,69950353408,954975,0,,6,0,59,131,1701360,2051876444,50914822,50914896,34022177,265801
1790928184,68164520,69951729664,954975,0,,15,0,59,131,1713188,2053851823,50962817,50962894,34044092,265986
1790928185,68164884,69951270912,954975,0,,8,0,59,131,1726266,2055861867,51009360,51009415,34067264,266180
1790928186,68164940,69952155648,954975,0,,18,0,59,131,1738874,2057879705,51056430,51056492,34090711,266374
1790928187,68165832,69952802816,954975,0,,16,0,59,131,1752693,2059939694,51102828,51102906,34113414,266565
1790928188,68166648,69953585152,954975,0,,15,0,59,131,1762652,2061916069,51150598,51150678,34137268,266763
1790928189,68164876,69952081920,955703,0,,16,0,59,131,1744159,2063129033,51179860,51179942,34168202,267003
1790928190,68165732,69952962560,956031,0,,17,0,59,131,1748537,2064508792,51212172,51212257,34200911,267256
1790928191,68165620,69951803392,956146,0,,16,0,59,131,1739498,2066425275,51257926,51258004,34232055,267498
1790928192,68166376,69953646592,957068,0,,19,0,60,136,1734116,2067735380,51289171,51289253,34264745,267751
1790928193,68165600,69952761856,957522,0,,14,0,60,136,1718563,2069076623,51321184,51321262,34296193,267993
1790928194,68162856,69949452288,958073,0,,17,0,60,136,1723064,2070403964,51354048,51354124,34328127,268238
1790928195,68162656,69949014016,958073,0,,18,0,60,136,1715010,2072433166,51402324,51402404,34350897,268419
1790928197,68164276,69951709184,958551,0,,17,0,60,136,1726987,2074323691,51446338,51446419,34390597,268726
1790928198,68162904,69949542400,958745,0,,16,0,60,136,1719190,2076313145,51494340,51494414,34412979,268905
1790928199,68163768,69950423040,958745,0,,12,0,60,136,1732763,2078299113,51541350,51541431,34435741,269086
1790928200,68162076,69948669952,958745,0,,19,0,60,136,1746230,2080310923,51588603,51588683,34458392,269266
1790928201,68162856,69949489152,958745,0,,16,0,60,136,1758041,2082291713,51635542,51635623,34480830,269443
1790928202,68164620,69951541248,958745,0,,15,0,60,136,1769763,2084271501,51682840,51682920,34505469,269636
1790928203,68166440,69953400832,958745,0,,9,0,60,136,1781645,2086277800,51729063,51729137,34529257,269823
1790928204,68167600,69954588672,958745,0,,14,0,60,136,1791723,2088276183,51776589,51776667,34552206,270008
1790928205,68165012,69951148032,960368,0,,19,0,60,136,1781784,2089558266,51806622,51806688,34583783,270252
1790928206,68165068,69952282624,961400,0,,19,0,60,136,1779341,2090956627,51839162,51839244,34616475,270503
1790928207,68163964,69951385600,961616,0,,17,0,60,136,1770624,2092902945,51884737,51884818,34645666,270729
1790928208,68163520,69950636032,963232,0,,16,0,60,136,1763728,2094171495,51914951,51915031,34678731,270983
1790928209,68163372,69949923328,964456,0,,15,0,60,136,1747885,2095534890,51946295,51946375,34711090,271231
1790928210,68165276,69953208320,967257,0,,7,0,60,136,1752630,2096907650,51979495,51979582,34743617,271479
1790928211,68163504,69950382080,967736,0,,17,0,60,136,1745309,2098880614,52026780,52026857,34767369,271666
1790928213,68164548,69951692800,970020,0,,16,0,60,136,1755264,2100685801,52067913,52068000,34806222,271965
1790928214,68164524,69950660608,970292,0,,3,0,60,136,1746672,2102642764,52113505,52113556,34837099,272204
1790928215,68165244,69951909888,972878,0,,17,0,60,136,1741657,2103993733,52144581,52144657,34869518,272452
1790928216,68164444,69951885312,978586,0,,11,0,60,136,1727329,2105365041,52177002,52177079,34901979,272700
1790928217,68166068,69953187840,980911,0,,17,0,60,136,1732160,2106717653,52209213,52209287,34933831,272943
1790928218,68165860,69952536576,980911,0,,14,0,60,136,1725041,2108635221,52255081,52255163,34964480,273179
1790928219,68164632,69952598016,983110,0,,18,0,60,136,1724231,2109946092,52285854,52285931,34996806,273427
1790928220,68163016,69949927424,983110,0,,18,0,60,136,1735717,2111953311,52332680,52332758,35018106,273599
1790928221,68163724,69950083072,983110,0,,17,0,61,136,1744842,2113972130,52380545,52380622,35038264,273757
1790928222,68163652,69951066112,983110,0,,12,0,61,136,1755047,2115989321,52428427,52428506,35058424,273915
1790928223,68164964,69952401408,983110,0,,14,0,61,136,1766303,2118016564,52475596,52475674,35079730,274082
1790928224,68165528,69953789952,983110,0,,16,0,61,136,1779205,2120022492,52522135,52522213,35104638,274276
1790928225,68164516,69951074304,983110,0,,15,0,61,136,1790968,2122010992,52568588,52568669,35128587,274463
1790928226,68163292,69950287872,983110,0,,17,0,61,136,1801451,2123980110,52615993,52616076,35152484,274649
1790928227,68163568,69950423040,983110,0,,12,0,61,136,1812397,2125978601,52663406,52663479,35176985,274848
1790928229,68164648,69951324160,983110,0,,9,0,61,136,1823221,2128007061,52709364,52709445,35199570,275036
1790928230,68163252,69949612032,983110,0,,12,0,61,136,1830142,2129981277,52757276,52757353,35219760,275207
1790928231,68165500,69951631360,983110,0,,15,0,61,136,1837910,2131972326,52804495,52804580,35241133,275386
1790928232,68164552,69951471616,988174,0,,12,0,61,136,1825489,2132823185,52824318,52824400,35271650,275617
1790928233,68166052,69953257472,994747,0,,19,0,61,136,1828063,2133986360,52851290,52851367,35302573,275852
1790928234,68167180,69954371584,995155,0,,0,0,61,136,1819228,2135840172,52896225,52896312,35334156,276097
1790928235,68166476,69953658880,997438,0,,18,0,61,136,1814123,2137134751,52927350,52927433,35364617,276331
1790928236,68166172,69953376256,1000291,0,,14,0,61,136,1799159,2138381560,52957075,52957153,35395610,276567
1790928237,68166748,69954732032,1000291,0,,10,0,61,136,1811065,2140401994,53004168,53004245,35418941,276751
1790928238,68165228,69952397312,1000291,0,,13,0,61,136,1822643,2142387781,53051404,53051486,35443189,276942
1790928239,68167556,69954506752,1000291,0,,15,0,61,136,1835150,2144402411,53098545,53098623,35467240,277131
1790928240,68167748,69954203648,1000291,0,,8,0,61,136,1842169,2146381378,53145807,53145879,35490096,277312
1790928241,68167824,69954547712,1000291,0,,8,0,61,136,1849209,2148348788,53192998,53193078,35510309,277479
1790928242,68167392,69954064384,1000291,0,,15,0,61,136,1860867,2150267644,53240128,53240203,35535951,277685
1790928243,68166636,69953044480,1000291,0,,4,0,61,136,1869161,2152206867,53286184,53286241,35560470,277884
1790928244,68167052,69953998848,1000291,0,,14,0,61,136,1877838,2154152765,53331152,53331232,35585171,278084
1790928245,68164600,69951471616,1000291,0,,14,0,61,136,1886268,2156105499,53376987,53377065,35609372,278281
1790928246,68165900,69952819200,1003424,0,,16,0,61,136,1868017,2156973245,53397741,53397819,35636976,278496
1790928248,68166792,69953466368,1004958,0,,1,0,61,136,1874186,2158497152,53433795,53433882,35671770,278762
1790928249,68164844,69951492096,1005745,0,,13,0,61,136,1863493,2160278791,53476245,53476328,35701962,278996
1790928250,68165772,69952421888,1008287,0,,10,0,61,136,1853609,2161490347,53503585,53503664,35734057,279242
1790928251,68165732,69952393216,1011010,0,,15,0,61,136,1837246,2162796919,53534581,53534660,35767918,279502
1790928252,68165904,69952802816,1012909,0,,2,0,61,136,1842489,2164064922,53565072,53565159,35801120,279756
1790928253,68164828,69951709184,1013890,0,,0,0,61,136,1832648,2165956059,53609009,53609096,35833887,280010
1790928254,68165468,69952086016,1015073,0,,15,0,61,136,1827134,2167280240,53640713,53640795,35864414,280244
1790928255,68164720,69951602688,1016858,0,,14,0,61,136,1808573,2168442054,53669213,53669294,35894521,280474
1790928256,68165492,69952192512,1022117,0,,8,0,61,136,1815133,2169695716,53700173,53700259,35928250,280733
1790928257,68167300,69953974272,1022187,0,,9,0,61,136,1806890,2171645926,53745955,53746042,35959069,280971
1790928258,68166616,69953822720,1024073,0,,12,0,61,136,1801180,2172919417,53776321,53776394,35990797,281215
1790928259,68167460,69954166784,1027423,0,,17,0,61,136,1785782,2174157862,53804885,53804966,36021547,281452
1790928260,68168304,69955190784,1033612,0,,24,0,61,136,1791194,2175530865,53837894,53837978,36055390,281712
1790928262,68165048,69953015808,1034732,0,,19,0,61,136,1783514,2177462879,53883639,53883725,36097775,282038
1790928263,68164048,69951348736,1035101,0,,14,0,61,136,1777188,2179493506,53930873,53930953,36121216,282222
1790928264,68163448,69950038016,1035445,0,,13,0,61,136,1789630,2181501525,53977818,53977891,36142845,282391
1790928265,68164620,69951242240,1035445,0,,14,0,61,136,1803619,2183469796,54025247,54025329,36166772,282578
1790928266,68165760,69952663552,1035445,0,,15,0,61,136,1815933,2185504896,54072407,54072493,36188521,282748
1790928267,68163824,69950676992,1035445,0,,14,0,61,136,1827830,2187468843,54119138,54119220,36212553,282935
1790928268,68164868,69951246336,1035445,0,,18,0,61,136,1839744,2189434046,54166479,54166556,36237101,283127
1790928269,68164988,69952159744,1035445,0,,15,0,61,136,1848020,2191455723,54212441,54212519,36261682,283328
1790928270,68163152,69950410752,1035445,0,,11,0,61,136,1854978,2193400254,54260927,54261006,36282593,283504
1790928271,68164620,69952299008,1035445,0,,14,0,61,136,1867197,2195386798,54307329,54307411,36307160,283702
1790928272,68165308,69952159744,1035445,0,,16,0,61,136,1877386,2197363530,54353915,54353995,36330570,283893
1790928273,68165184,69952266240,1035445,0,,16,0,61,136,1887911,2199322193,54401203,54401281,36355151,284093
1790928275,68167336,69955063808,1035445,0,,19,0,61,136,1897241,2201358054,54447611,54447693,36379573,284291
1790928276,68165820,69953265664,1035445,0,,10,0,61,136,1904789,2203313259,54495001,54495082,36403256,284485
1790928277,68165708,69953077248,1035445,0,,15,0,61,136,1908722,2205284806,54542394,54542474,36424361,284662
1790928278,68165040,69951696896,1035445,0,,13,0,61,136,1917680,2207265394,54588718,54588797,36450235,284868
1790928279,68166376,69952512000,1036031,0,,0,0,61,136,1920626,2208521579,54618728,54618815,36476325,285073
1790928280,68167108,69953810432,1037331,0,,15,0,61,136,1909563,2209959700,54653316,54653395,36505848,285301
1790928281,68168148,69954850816,1038782,0,,17,0,61,136,1892100,2210938150,54676473,54676555,36536478,285537
1790928282,68167512,69954519040,1039714,0,,23,0,61,136,1895409,2212101988,54704426,54704511,36569213,285789
1790928283,68168448,69955346432,1042655,0,,16,0,61,136,1882678,2213944034,54747511,54747593,36611585,286116
1790928285,68169172,69957132288,1043667,0,,21,0,61,136,1870331,2215745519,54789541,54789622,36653974,286443
1790928286,68170420,69956665344,1044569,0,,1,0,61,136,1858727,2217593454,54832536,54832623,36693949,286752
1790928287,68168388,69955891200,1045069,0,,17,0,61,136,1848074,2219349592,54874816,54874891,36724625,286990
1790928288,68166952,69953372160,1046030,0,,17,0,61,136,1837874,2220553148,54902934,54903015,36756501,287235
1790928289,68167976,69955198976,1050387,0,,15,0,61,136,1821401,2221755989,54931737,54931817,36788637,287483
1790928290,68167336,69953568768,1053015,0,,4,0,61,136,1826715,2223211126,54965396,54965483,36823453,287751
1790928292,68167172,69954412544,1054146,0,,1,0,62,137,1814874,2225046110,55008045,55008132,36865829,288078
1790928293,68166216,69952892928,1055566,0,,1,0,62,137,1804551,2226878661,55051858,55051945,36908193,288404
1790928294,68166256,69952651264,1056656,0,,0,0,62,137,1793423,2228673865,55094468,55094555,36942003,288665
1790928295,68166992,69953957888,1057208,0,,13,0,62,137,1785874,2230073853,55129083,55129159,36973516,288909
1790928296,68167004,69953433600,1057871,0,,14,0,62,137,1778517,2231311104,55158132,55158213,37005855,289158
1790928297,68167620,69955362816,1058780,0,,14,0,62,137,1753908,2232541161,55187453,55187528,37038528,289409
1790928299,68168560,69955796992,1059161,0,,18,0,62,137,1761851,2234137624,55225557,55225634,37077661,289710
1790928300,68167060,69953736704,1059161,0,,20,0,63,142,1753261,2236054015,55270969,55271048,37109159,289956
1790928301,68165864,69952532480,1060169,0,,18,0,63,142,1748341,2237395854,55301604,55301686,37141808,290208
1790928302,68166244,69953445888,1061326,0,,15,0,63,142,1732706,2238729943,55332873,55332952,37173796,290454
1790928303,68168336,69956108288,1061800,0,,21,0,63,142,1736955,2240079121,55364675,55364756,37205443,290699
1790928304,68167280,69954793472,1062078,0,,0,0,63,142,1727991,2242009854,55409591,55409678,37246979,291020
1790928305,68166268,69952933888,1062427,0,,19,0,63,142,1719463,2243925198,55454112,55454191,37278237,291263
1790928306,68165896,69953396736,1063122,0,,13,0,63,142,1716871,2245249988,55485371,55485446,37311529,291520
1790928307,68166904,69953601536,1063716,0,,12,0,63,142,1702416,2246649815,55518790,55518870,37343445,291766
1790928308,68166856,69953806336,1064314,0,,15,0,63,142,1706651,2248088013,55552777,55552858,37376240,292017
1790928310,68167512,69953961984,1064543,0,,2,0,63,142,1698973,2249947271,55597997,55598084,37402795,292225
1790928311,68167452,69954940928,1066675,0,,15,0,63,142,1692309,2251102674,55625221,55625306,37435347,292475
1790928312,68168804,69955600384,1068284,0,,14,0,63,142,1678537,2252468391,55657408,55657486,37467897,292726
1790928313,68166656,69953839104,1068284,0,,18,0,63,142,1691609,2254430712,55705016,55705098,37491360,292913
1790928314,68166132,69953318912,1068284,0,,14,0,63,142,1705497,2256393116,55752698,55752776,37514655,293095
1790928315,68166812,69953748992,1068284,0,,18,0,63,142,1720546,2258384586,55800467,55800547,37538196,293279
1790928316,68166796,69954813952,1069116,0,,15,0,63,142,1703532,2259708598,55832032,55832113,37569040,293516
1790928317,68167340,69955354624,1070264,0,,19,0,63,142,1710588,2261241585,55868395,55868477,37604532,293788
1790928318,68167844,69954572288,1070343,0,,14,0,63,142,1704520,2263133584,55914143,55914216,37636539,294035
1790928319,68168220,69955461120,1071269,0,,12,0,63,142,1698960,2264551306,55948464,55948526,37668950,294284
1790928320,68167092,69954322432,1072804,0,,14,0,63,142,1688851,2265916323,55980761,55980838,37700337,294523
1790928321,68167476,69954727936,1076235,0,,26,0,63,142,1688919,2267091647,56009364,56009451,37731626,294763
1790928322,68167096,69953253376,1076448,0,,15,0,63,142,1682151,2269022565,56055303,56055383,37761701,294996
1790928323,68167904,69954605056,1078695,0,,14,0,63,142,1678826,2270292315,56085154,56085228,37792928,295237
1790928324,68168640,69955559424,1085956,0,,14,0,63,142,1663765,2271691268,56116686,56116763,37823298,295471
1790928326,68167832,69955514368,1086798,0,,5,0,63,142,1673408,2273315865,56155485,56155572,37858764,295744
1790928327,68167232,69954179072,1086880,0,,13,0,63,142,1671268,2275278445,56202540,56202619,37882080,295937
1790928328,68166348,69953302528,1086880,0,,12,0,63,142,1684066,2277303889,56249465,56249548,37902531,296112
1790928329,68165868,69953044480,1086880,0,,16,0,63,142,1694983,2279319923,56296440,56296520,37923490,296289
1790928330,68165012,69951905792,1086880,0,,16,0,63,142,1708599,2281263662,56343546,56343625,37947503,296485
1790928331,68166436,69953908736,1086880,0,,12,0,63,142,1719694,2283233992,56389435,56389517,37971544,296682
1790928332,68165976,69953138688,1086880,0,,13,0,63,142,1731742,2285221820,56434921,56435002,37995258,296876
1790928333,68166460,69953404928,1086880,0,,23,0,63,142,1740560,2287177835,56481244,56481319,38018327,297066
1790928334,68166336,69953269760,1086880,0,,13,0,63,142,1752458,2289156790,56527257,56527336,38042776,297265
1790928335,68164240,69950873600,1086880,0,,17,0,63,142,1759978,2291071518,56573742,56573816,38064668,297447
1790928336,68165540,69952454656,1088116,0,,14,0,63,142,1757954,2292011021,56596928,56597006,38092441,297660
1790928337,68166816,69954301952,1089636,0,,19,0,63,142,1750237,2293450923,56630431,56630509,38127189,297927
1790928338,68168016,69954469888,1089953,0,,0,0,63,142,1740345,2295395992,56675866,56675953,38157470,298162
1790928339,68167212,69954678784,1091165,0,,3,0,63,142,1733699,2296601552,56705225,56705293,38188993,298405
1790928340,68167760,69954748416,1092919,0,,13,0,63,142,1718711,2297921555,56736290,56736371,38221552,298655
1790928341,68166600,69953544192,1092919,0,,16,0,63,142,1731436,2299893678,56783606,56783689,38246797,298852
1790928342,68165884,69953306624,1092919,0,,17,0,63,142,1741799,2301864438,56831301,56831376,38270860,299041
1790928343,68165248,69952684032,1092919,0,,14,0,63,142,1751542,2303838795,56878585,56878662,38294649,299229
1790928345,68164600,69951483904,1092919,0,,13,0,63,142,1761102,2305817330,56925952,56926032,38316283,299398
1790928346,68164460,69950853120,1095349,0,,15,0,63,142,1746965,2306870363,56950422,56950501,38346064,299625
1790928347,68166472,69953150976,1097187,0,,14,0,63,142,1750309,2307981027,56977894,56977974,38377290,299864
1790928348,68166616,69953552384,1097432,0,,15,0,63,142,1741623,2309966839,57022696,57022778,38407238,300097
1790928349,68167888,69955129344,1101962,0,,13,0,63,142,1734242,2311238689,57051380,57051458,38437348,300328
1790928350,68167632,69955121152,1101962,0,,15,0,63,142,1747501,2313224822,57098404,57098483,38459714,300505
1790928351,68168596,69955592192,1103782,0,,14,0,63,142,1728509,2314247468,57122010,57122089,38486526,300710
1790928352,68167164,69954072576,1104553,0,,14,0,64,145,1737411,2315914793,57161478,57161555,38525261,301007
1790928353,68164096,69950746624,1104710,0,,15,0,64,145,1730366,2317890650,57206852,57206930,38555159,301239
1790928354,68164236,69951156224,1107609,0,,17,0,64,145,1723798,2319208693,57237274,57237354,38587059,301484
1790928355,68164312,69950427136,1109106,0,,18,0,64,145,1708706,2320551501,57267388,57267468,38617789,301720
1790928356,68164344,69950529536,1111229,0,,0,0,64,145,1715081,2322071276,57303204,57303291,38652405,301984
1790928357,68166028,69953482752,1111502,0,,16,0,64,145,1707790,2324017334,57348536,57348617,38682751,302219
1790928359,68164256,69952200704,1116712,0,,19,0,64,145,1704623,2325350473,57379611,57379693,38714325,302461
1790928360,68164400,69951832064,1117733,0,,14,0,64,145,1689727,2326728923,57412003,57412085,38744921,302696
1790928361,68164244,69951111168,1118366,0,,0,0,64,145,1698586,2328344881,57450776,57450863,38776635,302940
1790928362,68164188,69951119360,1119004,0,,12,0,64,145,1696560,2330096439,57492359,57492424,38806617,303171
1790928363,68165648,69952323584,1120978,0,,12,0,64,145,1688258,2331514141,57525002,57525084,38837742,303410
1790928364,68165224,69952966656,1122531,0,,15,0,64,145,1685534,2332815866,57555342,57555420,38866058,303628
1790928365,68163812,69950689280,1122531,0,,15,0,64,145,1703295,2334841396,57602868,57602945,38886586,303794
1790928366,68165500,69952667648,1122531,0,,14,0,65,147,1718746,2336828456,57650369,57650449,38908838,303968
1790928367,68165532,69953425408,1125906,0,,17,0,65,147,1693267,2337961966,57677972,57678050,38937145,304185
1790928368,68166792,69954215936,1125906,0,,14,0,65,147,1708044,2339956912,57725625,57725706,38959825,304363
1790928369,68165196,69952589824,1125906,0,,11,0,65,147,1720674,2341972712,57772544,57772621,38982743,304542
1790928370,68166052,69953241088,1125906,0,,16,0,65,147,1734803,2343918473,57819752,57819829,39006283,304731
1790928371,68164236,69950885888,1127316,0,,0,0,65,147,1737856,2345181932,57849720,57849807,39033800,304948
1790928372,68164336,69951471616,1130320,0,,11,0,65,147,1732434,2346913330,57890413,57890488,39063975,305183
1790928373,68166088,69953458176,1131613,0,,14,0,65,147,1726727,2348184486,57920625,57920694,39094721,305419
1790928374,68165172,69952094208,1134450,0,,14,0,65,147,1705713,2349428208,57950292,57950371,39125708,305658
1790928376,68164984,69952667648,1135318,0,,23,0,65,147,1715357,2351168923,57990774,57990861,39164278,305955
1790928377,68161672,69948239872,1135617,0,,16,0,65,147,1709245,2353040679,58036788,58036862,39194552,306191
1790928378,68161904,69949276160,1136738,0,,18,0,65,147,1704705,2354395548,58068279,58068353,39224613,306426
1790928379,68162620,69949992960,1139372,0,,19,0,65,147,1705801,2355559594,58095909,58095986,39251466,306638
1790928380,68162836,69949431808,1139690,0,,17,0,65,147,1701316,2357556094,58141445,58141526,39278841,306851
1790928381,68164284,69950820352,1140126,0,,13,0,65,147,1696986,2358895520,58172849,58172929,39307522,307073
1790928382,68163312,69950439424,1140126,0,,12,0,65,147,1709540,2360894233,58221200,58221280,39325040,307212
1790928383,68162432,69949353984,1140126,0,,17,0,65,147,1718972,2362885781,58269039,58269121,39345852,307378
1790928384,68164120,69951025152,1140126,0,,16,0,65,147,1732197,2364886811,58316072,58316156,39369889,307567
1790928385,68164180,69950812160,1140126,0,,17,0,65,147,1743730,2366885848,58363205,58363284,39393135,307750
1790928386,68165064,69951160320,1140126,0,,15,0,65,147,1758355,2368848302,58410958,58410996,39417513,307945
1790928387,68163360,69950500864,1140126,0,,19,0,65,147,1769762,2370851331,58458155,58458235,39439545,308119
1790928388,68164504,69951090688,1140126,0,,16,0,65,147,1780807,2372869804,58505193,58505273,39462471,308299
1790928389,68162524,69949116416,1140126,0,,15,0,65,147,1792802,2374892308,58551729,58551808,39486210,308485
1790928390,68162696,69949321216,1140126,0,,17,0,65,147,1798140,2376867756,58599255,58599314,39506880,308649
1790928391,68163216,69949681664,1140126,0,,13,0,65,147,1805629,2378898813,58646387,58646469,39527037,308806
1790928392,68164464,69951344640,1140160,0,,0,0,66,148,1815117,2380803283,58690716,58690803,39552082,309000
1790928393,68164200,69951078400,1146948,0,,11,0,66,148,1808602,2381794325,58714460,58714546,39581971,309230
1790928394,68164636,69952286720,1148082,0,,14,0,66,148,1805351,2382869743,58739494,58739567,39611575,309457
1790928396,68164472,69951078400,1148924,0,,0,0,66,148,1794047,2384691818,58782339,58782426,39648608,309742
1790928397,68163860,69950459904,1149356,0,,15,0,66,148,1785646,2386380081,58823120,58823201,39680365,309989
1790928398,68165972,69953150976,1150940,0,,13,0,66,148,1777871,2387721216,58854717,58854797,39713306,310242
1790928399,68166652,69954633728,1151818,0,,20,0,66,148,1761631,2389043172,58885446,58885526,39744342,310481
1790928400,68166032,69952729088,1152962,0,,17,0,66,148,1769849,2390731012,58925160,58925246,39779153,310749
1790928401,68164200,69951328256,1153266,0,,15,0,66,148,1762962,2392640975,58970220,58970303,39809115,310981
1790928402,68165252,69952864256,1154599,0,,17,0,66,148,1754947,2393944924,59001578,59001660,39840586,311223
1790928403,68165032,69952188416,1158842,0,,18,0,66,148,1739606,2395239662,59031672,59031751,39871637,311463
1790928404,68164692,69952118784,1159621,0,,17,0,66,148,1747332,2396814405,59068207,59068288,39906355,311729
1790928405,68164364,69951508480,1159621,0,,7,0,67,150,1740087,2398821409,59115183,59115263,39928582,311905
1790928406,68164832,69951451136,1159621,0,,11,0,67,150,1753198,2400851485,59162041,59162117,39951006,312081
1790928407,68165480,69952913408,1159621,0,,13,0,67,150,1766159,2402827350,59210165,59210247,39974453,312265
1790928409,68165472,69952569344,1159621,0,,17,0,67,150,1777356,2404747326,59256032,59256112,39997664,312450
1790928410,68163348,69950443520,1159621,0,,16,0,67,150,1788725,2406725807,59302316,59302390,40022926,312652
1790928411,68164816,69951954944,1161019,0,,13,0,67,150,1770396,2407908245,59330834,59330913,40053058,312884
1790928412,68163940,69951324160,1162107,0,,20,0,67,150,1778755,2409506482,59370457,59370542,40091974,313184
1790928413,68163420,69949771776,1163309,0,,19,0,67,150,1769376,2411379967,59415655,59415734,40134325,313511
1790928414,68164400,69951504384,1163361,0,,11,0,67,150,1760903,2413342888,59461156,59461230,40160368,313720
1790928415,68164464,69950873600,1169786,0,,14,0,67,150,1763346,2414397217,59485474,59485554,40192317,313965
1790928416,68165452,69952339968,1170827,0,,13,0,67,150,1742009,2415709308,59516670,59516747,40223251,314206
1790928418,68165736,69952544768,1173240,0,,22,0,67,150,1746514,2417539132,59560773,59560853,40262383,314508
1790928419,68163596,69949890560,1173360,0,,20,0,67,150,1741335,2419439141,59605341,59605420,40292970,314747
1790928420,68163652,69950230528,1174056,0,,14,0,67,150,1740366,2420859398,59638868,59638944,40325293,314996
1790928421,68164228,69951868928,1175138,0,,15,0,67,150,1720930,2422250590,59671815,59671893,40357043,315241
1790928422,68164192,69950251008,1176137,0,,0,0,67,150,1726728,2423735316,59705875,59705962,40388557,315482
1790928423,68164376,69952278528,1176346,0,,8,0,67,150,1722612,2425571812,59749454,59749536,40419859,315725
1790928424,68164420,69951836160,1177587,0,,16,0,67,150,1714802,2427078157,59784700,59784780,40448148,315944
1790928425,68165216,69952102400,1177587,0,,19,0,67,150,1727073,2429115045,59831983,59832064,40470624,316120
1790928426,68165380,69952552960,1177587,0,,16,0,67,150,1740345,2431083955,59878627,59878704,40494583,316308
1790928427,68166404,69952446464,1180965,0,,13,0,67,150,1740801,2432038794,59900139,59900220,40520093,316503
1790928428,68163920,69951541248,1180965,0,,14,0,67,150,1732077,2433982309,59946123,59946206,40550845,316740
1790928429,68163908,69950504960,1182804,0,,14,0,67,150,1727436,2435252931,59976171,59976253,40582800,316986
1790928430,68163764,69950353408,1184169,0,,16,0,67,150,1725915,2436504973,60005721,60005800,40613421,317221
1790928432,68165036,69952172032,1184978,0,,17,0,67,150,1717630,2437974913,60039658,60039742,40647204,317480
1790928433,68163776,69949829120,1184978,0,,16,0,67,150,1709842,2439929474,60085057,60085137,40676628,317708
1790928434,68163864,69950902272,1186469,0,,10,0,67,150,1702094,2441060817,60113223,60113301,40707722,317947
1790928435,68164604,69951209472,1187481,0,,18,0,67,150,1687434,2442264765,60140834,60140911,40738724,318187
1790928436,68166404,69953822720,1188260,0,,27,0,67,150,1697291,2443924751,60180095,60180182,40774350,318462
1790928437,68167020,69954469888,1188322,0,,16,0,67,150,1694170,2445813339,60225727,60225802,40804857,318700
1790928438,68165240,69951864832,1189391,0,,16,0,68,153,1690855,2447256546,60259985,60260069,40836002,318939
1790928439,68164812,69952155648,1195496,0,,16,0,68,153,1677495,2448640913,60294314,60294391,40866910,319178
1790928440,68163860,69950722048,1195496,0,,12,0,68,153,1691737,2450645614,60341444,60341524,40888612,319351
1790928441,68165312,69952126976,1195496,0,,16,0,68,153,1705212,2452612356,60387623,60387698,40909235,319520
1790928442,68165552,69952688128,1197601,0,,0,0,68,153,1709511,2454101700,60421338,60421425,40939996,319761
1790928443,68166096,69952618496,1199907,0,,17,0,68,153,1708125,2455934763,60466814,60466892,40964176,319950
1790928445,68168204,69955375104,1199907,0,,14,0,68,153,1723194,2457949934,60513256,60513333,40987234,320132
1790928446,68169264,69956345856,1199907,0,,19,0,68,153,1735020,2459944721,60560570,60560650,41009150,320303
1790928447,68167684,69955231744,1199907,0,,15,0,68,153,1748761,2461915086,60606350,60606432,41030450,320471
1790928448,68167276,69953671168,1199907,0,,6,0,69,162,1757138,2463849847,60652562,60652642,41052592,320650
1790928449,68168144,69955088384,1199907,0,,14,0,70,163,1764229,2465878982,60699045,60699119,41072778,320821
1790928450,68166052,69953114112,1199907,0,,14,0,70,163,1771782,2467824625,60744993,60745075,41093872,320998
1790928451,68165420,69951471616,1199907,0,,6,0,70,163,1783387,2469750238,60790804,60790882,41117327,321191
1790928452,68166160,69952958464,1199907,0,,17,0,70,163,1794884,2471663826,60836759,60836836,41140378,321381
1790928453,68166776,69954236416,1199907,0,,11,0,70,163,1805993,2473622794,60883012,60883087,41163322,321570
1790928454,68165000,69952122880,1199907,0,,19,0,70,163,1815928,2475574062,60929331,60929414,41186407,321760
1790928455,68164560,69951172608,1199907,0,,17,0,70,163,1825863,2477566403,60976390,60976470,41210135,321953
1790928456,68165024,69951885312,1201058,0,,15,0,70,163,1806442,2478555436,61001014,61001090,41238821,322174
1790928457,68164240,69950816256,1205448,0,,0,0,70,163,1813698,2480090479,61038263,61038350,41269096,322408
1790928458,68165512,69950914560,1206227,0,,19,0,70,163,1804742,2481562533,61072458,61072535,41298852,322640
1790928459,68165144,69952290816,1213616,0,,12,0,70,163,1789713,2482744735,61100426,61100506,41329772,322875
1790928460,68165344,69952757760,1215345,0,,18,0,70,163,1793965,2484008980,61129981,61130064,41361404,323118
1790928461,68164376,69952544768,1215345,0,,13,0,70,163,1786692,2485898990,61175636,61175715,41391637,323352
1790928462,68164796,69951913984,1217174,0,,15,0,70,163,1787897,2487209468,61206964,61207050,41423713,323599
1790928463,68165352,69952450560,1219891,0,,16,0,70,163,1762364,2488350015,61234241,61234318,41452240,323818
1790928465,68165384,69952552960,1221534,0,,5,0,70,163,1769427,2489957415,61271137,61271224,41488464,324096
1790928466,68166052,69953482752,1223425,0,,25,0,70,163,1759129,2491787428,61314400,61314486,41530852,324421
1790928467,68167208,69953605632,1224175,0,,0,0,70,163,1750098,2493720137,61359366,61359453,41565042,324686
1790928468,68164760,69953171456,1227386,0,,18,0,70,163,1744081,2495138626,61393984,61394064,41595615,324922
1790928469,68165756,69952638976,1229647,0,,16,0,70,163,1729221,2496372202,61422413,61422497,41627061,325161
1790928470,68164908,69952565248,1231257,0,,13,0,70,163,1732645,2497499467,61449673,61449735,41658694,325404
1790928472,68165612,69953318912,1233154,0,,19,0,70,163,1723891,2499389587,61493352,61493421,41700324,325724
1790928473,68165464,69952139264,1235759,0,,11,0,70,163,1715329,2501220623,61538235,61538317,41742881,326052
1790928474,68164068,69951459328,1235759,0,,20,0,70,163,1708973,2503138842,61585213,61585292,41766174,326240
1790928475,68162360,69948903424,1235759,0,,17,0,70,163,1723779,2505060710,61631790,61631874,41790258,326428
1790928476,68163820,69950955520,1235759,0,,18,0,70,163,1736534,2507063177,61678321,61678406,41810656,326593
1790928477,68164560,69951725568,1235759,0,,15,0,70,163,1749153,2509013479,61725619,61725698,41832882,326768
1790928479,68164576,69951705088,1237219,0,,10,0,70,163,1755133,2510416576,61757611,61757698,41865964,327021
1790928480,68166012,69952667648,1238030,0,,15,0,70,163,1746289,2512354247,61802375,61802453,41895345,327248
1790928481,68165796,69953216512,1241637,0,,14,0,70,163,1739525,2513573599,61830615,61830680,41926285,327487
1790928482,68165140,69952040960,1243224,0,,15,0,70,163,1722893,2514771486,61859841,61859925,41956952,327722
1790928483,68165696,69952876544,1244341,0,,15,0,70,163,1730503,2516278891,61896568,61896649,41993067,327999
1790928484,68165304,69952196608,1244341,0,,16,0,70,163,1728504,2518271454,61942071,61942153,42018481,328198
1790928485,68166356,69953294336,1244341,0,,13,0,70,163,1742661,2520214250,61988568,61988648,42041966,328382
1790928486,68167356,69954564096,1244341,0,,13,0,70,163,1752260,2522221296,62035402,62035479,42062125,328540
1790928487,68167608,69954727936,1244341,0,,19,0,70,163,1761225,2524115256,62082517,62082598,42084568,328721
1790928488,68168076,69955559424,1245407,0,,15,0,70,163,1747016,2525131082,62106260,62106342,42115673,328959
1790928489,68168548,69955973120,1246603,0,,17,0,70,163,1751694,2526374677,62134770,62134849,42146134,329192
1790928491,68167648,69954838528,1247204,0,,9,0,70,163,1741940,2528208297,62178339,62178426,42187213,329509
1790928492,68164996,69951610880,1247615,0,,20,0,70,163,1732824,2530118660,62223655,62223732,42217610,329744
1790928493,68165296,69951893504,1248792,0,,18,0,70,163,1726917,2531378382,62252844,62252921,42249331,329988
1790928494,68163560,69950853120,1250644,0,,18,0,70,163,1711096,2532669313,62283169,62283251,42281280,330235
1790928495,68163560,69950644224,1251236,0,,20,0,70,163,1716077,2534030597,62316598,62316684,42314333,330489
1790928496,68163152,69950226432,1251236,0,,15,0,70,163,1706842,2535914203,62361773,62361851,42345118,330728
1790928497,68160872,69947125760,1257516,0,,12,0,70,163,1703265,2537189381,62391608,62391687,42376574,330970
1790928498,68161024,69948059648,1257516,0,,17,0,70,163,1715492,2539150561,62438767,62438848,42398355,331142
1790928499,68163004,69949833216,1257516,0,,16,0,71,165,1724554,2541120810,62485656,62485735,42419693,331314
1790928500,68163988,69950599168,1257516,0,,12,0,71,165,1732645,2543089241,62531915,62531996,42439902,331488
1790928501,68165200,69951815680,1260039,0,,12,0,71,165,1720570,2544029490,62554395,62554474,42469798,331719
1790928502,68166080,69952974848,1266461,0,,16,0,71,165,1724204,2545382613,62586859,62586938,42502401,331970
1790928503,68165852,69952983040,1266742,0,,15,0,71,165,1716513,2547271867,62631084,62631167,42533004,332208
1790928504,68164132,69950717952,1267359,0,,12,0,71,165,1710679,2548551377,62662100,62662181,42563232,332442
1790928505,68165164,69952307200,1267359,0,,14,0,71,165,1723860,2550503991,62709097,62709176,42586235,332633
1790928506,68166340,69952983040,1268610,0,,19,0,71,165,1706378,2551714031,62737916,62737981,42615958,332864
1790928508,68164824,69951455232,1269532,0,,0,0,71,165,1713555,2553259743,62774482,62774569,42651129,333135
1790928509,68165992,69953384448,1270009,0,,14,0,71,165,1707615,2555170422,62820549,62820599,42673759,333325
1790928510,68165148,69952520192,1270009,0,,17,0,71,165,1718785,2557105170,62867832,62867915,42696365,333513
1790928511,68163612,69950189568,1270009,0,,19,0,71,165,1731647,2559022558,62913357,62913437,42720067,333709
1790928512,68164072,69951447040,1270009,0,,16,0,71,165,1740310,2560988355,62959535,62959619,42741110,333886
1790928513,68166020,69953441792,1270009,0,,12,0,71,165,1751412,2563019885,63005856,63005937,42761300,334057
1790928514,68166092,69952978944,1270009,0,,10,0,71,165,1764269,2564977784,63052356,63052439,42782088,334233
1790928515,68166316,69952446464,1270009,0,,10,0,71,165,1776295,2566929163,63098205,63098286,42804752,334420
1790928516,68166144,69953286144,1270009,0,,12,0,71,165,1787427,2568875022,63144481,63144557,42828293,334613
1790928517,68164940,69951545344,1270009,0,,17,0,71,165,1797788,2570833130,63190451,63190530,42850800,334799
1790928518,68165640,69952942080,1271263,0,,22,0,71,165,1801125,2572085287,63219671,63219753,42882609,335050
1790928519,68164208,69950787584,1271277,0,,18,0,71,165,1790651,2574005281,63264602,63264678,42912223,335280
1790928520,68165488,69952630784,1272467,0,,15,0,71,165,1782428,2575181237,63292824,63292908,42942948,335517
1790928521,68164960,69951832064,1273397,0,,4,0,71,165,1764825,2576410972,63321323,63321397,42973424,335752
1790928522,68165640,69952253952,1273818,0,,0,0,71,165,1772693,2578039053,63360214,63360301,43003688,335986
1790928523,68164712,69951430656,1274709,0,,14,0,71,165,1767938,2579528110,63395961,63396040,43034157,336224
1790928525,68163432,69950275584,1276214,0,,15,0,71,165,1759280,2580809387,63426764,63426850,43063842,336451
1790928526,68163540,69950701568,1277426,0,,17,0,71,165,1756342,2581946415,63454646,63454733,43094528,336687
1790928527,68165076,69952237568,1279551,0,,18,0,71,165,1746305,2583805019,63498908,63498995,43136901,337014
1790928528,68164668,69951270912,1279980,0,,13,0,71,165,1737840,2585614165,63542536,63542615,43168206,337257
1790928529,68163696,69951033344,1281181,0,,15,0,71,165,1732905,2586989055,63573968,63574053,43199986,337502
1790928530,68162728,69950091264,1285141,0,,11,0,71,165,1715040,2588203403,63603278,63603359,43230395,337736
1790928531,68163540,69950951424,1286346,0,,22,0,71,165,1720303,2589572059,63635531,63635614,43264064,337995
1790928532,68163516,69950619648,1286346,0,,19,0,72,165,1711989,2591415044,63679909,63679984,43294185,338229
1790928533,68163680,69951033344,1287865,0,,10,0,72,165,1706545,2592751522,63710071,63710144,43325357,338469
1790928534,68163004,69949816832,1290701,0,,11,0,72,165,1704839,2594036947,63741446,63741526,43354095,338692
1790928536,68164472,69949964288,1290701,0,,9,0,72,165,1717568,2596036439,63788068,63788147,43374905,338868
1790928537,68164940,69952065536,1290701,0,,12,0,72,165,1730186,2598000239,63834778,63834860,43395618,339044
1790928538,68165780,69952970752,1290701,0,,6,0,72,165,1743939,2599969684,63881175,63881254,43417610,339228
1790928539,68165612,69952217088,1290701,0,,15,0,72,165,1755820,2601888782,63925971,63926052,43440128,339415
1790928540,68166232,69953380352,1290701,0,,17,0,72,165,1766200,2603827183,63971302,63971384,43462723,339603
1790928541,68165372,69952507904,1290701,0,,15,0,72,165,1778711,2605711213,64016490,64016569,43487356,339803
1790928542,68165576,69952716800,1290701,0,,10,0,72,165,1786708,2607578769,64061967,64062044,43509090,339985
1790928543,68165364,69951434752,1290701,0,,8,0,72,165,1797034,2609528805,64107091,64107161,43533283,340183
1790928544,68165040,69951909888,1290701,0,,15,0,72,165,1805867,2611484928,64153045,64153130,43556584,340375
1790928545,68165872,69952286720,1292297,0,,16,0,72,165,1777887,2612502094,64177578,64177653,43585130,340596
1790928546,68164036,69950087168,1293493,0,,1,0,72,165,1784148,2613880128,64210977,64211064,43615655,340832
1790928547,68163808,69950906368,1294785,0,,7,0,72,165,1776845,2615566272,64249509,64249588,43645503,341064
1790928548,68166064,69953155072,1297896,0,,16,0,72,165,1765698,2616820295,64278461,64278543,43676322,341300
1790928549,68163544,69950636032,1299764,0,,19,0,72,165,1748851,2618086745,64308910,64308991,43707500,341541
1790928550,68164932,69952090112,1300796,0,,12,0,72,165,1758429,2619815749,64349715,64349802,43746302,341839
1790928552,68164928,69951537152,1300958,0,,15,0,73,165,1751111,2621673609,64394313,64394393,43776799,342076
1790928553,68165580,69953499136,1301902,0,,14,0,73,165,1745637,2623000007,64425667,64425747,43808631,342321
1790928554,68166352,69953269760,1302469,0,,15,0,73,165,1728946,2624294092,64457139,64457218,43839812,342561
1790928555,68164520,69952155648,1303137,0,,12,0,73,165,1735222,2625735785,64491112,64491199,43873410,342818
1790928556,68166440,69954154496,1303292,0,,16,0,73,165,1727295,2627604524,64535542,64535622,43905229,343065
1790928557,68166220,69953114112,1303906,0,,12,0,73,165,1723040,2628997278,64568556,64568636,43937774,343317
1790928558,68165436,69952065536,1304892,0,,16,0,73,165,1712267,2630293252,64598959,64599038,43968925,343558
1790928559,68165536,69953212416,1306534,0,,19,0,73,165,1709802,2631615061,64630052,64630132,44000464,343801
1790928560,68166612,69953458176,1306534,0,,11,0,73,165,1704276,2633559437,64676236,64676300,44024573,343991
1790928561,68165444,69952344064,1306534,0,,15,0,73,165,1714241,2635511130,64723770,64723849,44045150,344152
1790928562,68164796,69951156224,1306768,0,,0,0,73,165,1724422,2637324672,64766491,64766578,44074625,344379
1790928563,68165564,69952712704,1307394,0,,19,0,74,167,1718825,2638585164,64797165,64797244,44105568,344617
1790928564,68166680,69953916928,1307394,0,,13,0,74,167,1727493,2640503073,64842433,64842513,44127426,344792
1790928565,68167748,69954170880,1307394,0,,19,0,74,167,1737341,2642505884,64888201,64888283,44147590,344953
1790928566,68169364,69956321280,1307394,0,,13,0,74,167,1745388,2644488283,64934342,64934422,44167750,345111
1790928567,68169424,69956145152,1307394,0,,15,0,74,167,1755420,2646443558,64981170,64981252,44188867,345277
1790928568,68169420,69956657152,1307394,0,,16,0,74,167,1767723,2648402370,65027208,65027284,44211752,345458
1790928569,68168444,69955665920,1307394,0,,15,0,74,167,1781051,2650309773,65074124,65074203,44235088,345643
1790928570,68168060,69954723840,1309568,0,,0,0,75,167,1785282,2651780568,65108669,65108756,44263172,345861
1790928572,68168800,69955784704,1312357,0,,18,0,75,167,1781449,2653380819,65145555,65145633,44291156,346080
1790928573,68169680,69957160960,1312357,0,,19,0,75,167,1792237,2655342839,65192347,65192403,44313028,346263
1790928574,68170100,69956825088,1312357,0,,19,0,75,167,1801946,2657287881,65238146,65238226,44334932,346436
1790928575,68170188,69957169152,1312357,0,,13,0,75,167,1808166,2659263291,65284432,65284510,44355834,346601
1790928576,68168348,69954768896,1312357,0,,17,0,75,167,1814023,2661218782,65330990,65331072,44375997,346761
1790928577,68168456,69955919872,1312357,0,,12,0,75,167,1826035,2663134514,65377625,65377705,44399681,346946
1790928578,68168768,69956870144,1312357,0,,13,0,75,167,1835985,2665032700,65423799,65423876,44422253,347121
1790928579,68167856,69954531328,1312357,0,,12,0,76,168,1846535,2666959744,65470158,65470237,44445830,347306
1790928580,68167816,69955510272,1312357,0,,13,0,76,168,1855488,2668919401,65515875,65515958,44468961,347487
1790928581,68168240,69955153920,1313905,0,,1,0,76,168,1855895,2669915387,65538907,65538994,44495206,347689
1790928582,68166960,69953593344,1315124,0,,14,0,76,168,1843926,2671737485,65581216,65581294,44522686,347903
1790928583,68164736,69951819776,1318410,0,,18,0,76,168,1829436,2672661265,65602532,65602608,44551647,348124
1790928584,68165196,69952581632,1320812,0,,7,0,76,168,1832026,2673645145,65625383,65625470,44581977,348356
1790928585,68165392,69952483328,1322017,0,,2,0,76,168,1821383,2675497403,65669529,65669615,44613821,348603
1790928586,68165528,69952409600,1325944,0,,8,0,76,168,1823843,2676784664,65700414,65700498,44645324,348846
1790928587,68164552,69951401984,1329216,0,,14,0,76,168,1796861,2677993366,65728864,65728948,44677304,349090
1790928588,68165904,69952339968,1334024,0,,25,0,76,168,1800723,2679162664,65757842,65757921,44709017,349333
1790928589,68163368,69949685760,1334175,0,,16,0,76,168,1792256,2681014198,65801288,65801363,44739781,349571
1790928590,68164052,69950615552,1335236,0,,16,0,76,168,1785684,2682311579,65832175,65832253,44771923,349818
1790928591,68165536,69952946176,1337922,0,,14,0,76,168,1769716,2683555129,65861720,65861788,44803324,350059
1790928593,68164956,69951557632,1339823,0,,12,0,76,168,1774614,2684863105,65893800,65893881,44836331,350312
1790928594,68166684,69953523712,1339823,0,,13,0,77,171,1766892,2686742631,65937697,65937775,44866729,350548
1790928595,68168408,69954801664,1341567,0,,19,0,78,173,1761175,2688048517,65967401,65967476,44898108,350789
1790928596,68167556,69954506752,1342809,0,,13,0,78,173,1744977,2689369460,65997452,65997535,44929159,351028
1790928597,68166860,69953458176,1343427,0,,0,0,78,173,1752391,2690856688,66033312,66033399,44961263,351275
1790928598,68166400,69953314816,1343960,0,,15,0,78,173,1747065,2692599849,66073897,66073977,44991209,351508
1790928599,68165636,69952479232,1345345,0,,10,0,78,173,1749978,2693908709,66105601,66105676,45022690,351749
1790928600,68165696,69953368064,1346392,0,,16,0,78,173,1721209,2695141098,66134670,66134753,45053831,351988
1790928601,68162372,69948919808,1347079,0,,2,0,78,173,1730292,2696777518,66172779,66172866,45090448,352269
1790928602,68164568,69951410176,1347282,0,,15,0,78,173,1722886,2698619085,66216461,66216542,45121468,352510
1790928603,68164596,69951950848,1348213,0,,17,0,78,173,1719393,2699909924,66248375,66248453,45153009,352753
1790928604,68165304,69952425984,1348213,0,,15,0,78,173,1731280,2701898584,66294866,66294948,45173691,352921
1790928605,68164428,69951008768,1351104,0,,19,0,78,173,1712217,2702924927,66319955,66320035,45200053,353125
1790928606,68162832,69949403136,1351104,0,,13,0,78,173,1725897,2704823813,66365883,66365965,45222665,353302
1790928607,68164528,69952155648,1351104,0,,14,0,78,173,1737972,2706734574,66412079,66412163,45244890,353476
1790928609,68165820,69952425984,1351104,0,,10,0,78,173,1750629,2708706329,66458526,66458609,45268575,353663
1790928610,68165704,69953355776,1351104,0,,12,0,78,173,1762499,2710627578,66503784,66503865,45292189,353847
1790928611,68165640,69953077248,1351104,0,,18,0,79,173,1773693,2712558869,66549941,66550022,45314429,354028
1790928612,68165020,69951598592,1352328,0,,15,0,80,174,1753441,2713608917,66575206,66575286,45342486,354246
1790928613,68165124,69952311296,1353070,0,,11,0,80,174,1763094,2715331537,66616510,66616591,45382372,354554
1790928614,68165944,69952577536,1353070,0,,13,0,80,174,1755921,2717271044,66661993,66662074,45405594,354735
1790928615,68165552,69952679936,1353070,0,,13,0,80,174,1765786,2719205679,66707717,66707797,45427070,354907
1790928616,68166064,69953241088,1353070,0,,16,0,80,174,1778119,2721118577,66753946,66753991,45450565,355089
1790928618,68166264,69954179072,1355557,0,,17,0,80,174,1784228,2722701132,66790445,66790526,45486362,355364
1790928619,68166800,69954592768,1355557,0,,14,0,80,174,1774963,2724653174,66836504,66836582,45509734,355546
1790928620,68166052,69952401408,1356802,0,,0,0,81,178,1784646,2726457501,66878300,66878387,45546562,355830
1790928621,68165084,69952966656,1357051,0,,13,0,81,178,1776616,2728172696,66918931,66919012,45576791,356064
1790928622,68164384,69951737856,1358132,0,,14,0,81,178,1768153,2729432310,66948615,66948697,45608431,356307
1790928623,68165612,69952212992,1359262,0,,10,0,81,178,1750561,2730703657,66978242,66978315,45639993,356551
1790928624,68165236,69952913408,1359706,0,,2,0,81,178,1757595,2732163673,67014196,67014283,45676001,356827
1790928625,68164944,69951262720,1359777,0,,13,0,81,178,1747564,2734027775,67058830,67058913,45706720,357067
1790928626,68165748,69952630784,1360832,0,,14,0,81,178,1742167,2735258459,67088230,67088311,45738622,357312
1790928627,68167464,69953937408,1361789,0,,20,0,81,178,1725427,2736600140,67119635,67119713,45770610,357559
1790928629,68167644,69955080192,1362291,0,,12,0,81,178,1730872,2737999013,67151921,67152008,45803174,357808
1790928630,68166968,69954310144,1362455,0,,16,0,81,178,1722039,2739941581,67197729,67197808,45826006,357987
1790928631,68165600,69951946752,1362455,0,,14,0,81,178,1735225,2741884952,67242980,67243059,45848506,358166
1790928632,68167648,69955354624,1362455,0,,18,0,81,178,1747599,2743840020,67288082,67288160,45870696,358354
1790928633,68167136,69954592768,1362455,0,,15,0,81,178,1758383,2745780395,67334028,67334110,45893677,358545
1790928634,68167780,69955469312,1362455,0,,17,0,81,178,1769941,2747732592,67379616,67379699,45917004,358740
1790928635,68169064,69956341760,1362455,0,,15,0,82,178,1779245,2749605703,67424289,67424367,45939236,358926
1790928636,68168412,69955919872,1364739,0,,14,0,82,178,1779120,2750526457,67446492,67446576,45966641,359141
1790928637,68168856,69955260416,1364781,0,,8,0,82,178,1768962,2752341200,67489780,67489864,45996547,359373
1790928638,68166912,69954584576,1365191,0,,14,0,82,178,1760214,2753521190,67518121,67518189,46027814,359614
1790928639,68166216,69953126400,1372774,0,,11,0,82,178,1743075,2754685418,67546938,67547020,46059271,359855
1790928640,68167332,69954256896,1376361,0,,14,0,82,178,1747921,2756081679,67580244,67580325,46093875,360120
1790928641,68165312,69951856640,1376361,0,,13,0,82,178,1741995,2757946872,67624715,67624794,46123652,360351
1790928642,68164072,69950894080,1379817,0,,14,0,82,178,1733586,2759255382,67655605,67655685,46154605,360589
1790928643,68165096,69952487424,1381136,0,,16,0,82,178,1718391,2760510321,67685041,67685120,46185619,360828
1790928645,68165932,69953855488,1382433,0,,20,0,82,178,1726225,2762030855,67722678,67722759,46220905,361099
1790928646,68164800,69951791104,1382752,0,,19,0,82,178,1719020,2763887340,67767011,67767086,46251575,361336
1790928647,68163612,69951234048,1383523,0,,18,0,82,178,1712018,2765210909,67799095,67799171,46281301,361565
1790928648,68162248,69948768256,1383523,0,,17,0,82,178,1725666,2767122014,67845334,67845411,46302889,361737
1790928649,68163840,69951479808,1384437,0,,21,0,82,178,1727280,2768134268,67870122,67870205,46329142,361940
1790928650,68164288,69951119360,1384795,0,,10,0,82,178,1722157,2770015949,67913267,67913347,46359108,362173
1790928651,68163756,69951397888,1385969,0,,11,0,82,178,1714289,2771332218,67945004,67945078,46390743,362416
1790928652,68163120,69949669376,1387068,0,,10,0,82,178,1699375,2772638047,67975806,67975886,46422476,362661
1790928653,68162708,69949255680,1387846,0,,22,0,82,178,1706420,2774138369,68012453,68012531,46456251,362920
1790928654,68164780,69951283200,1387955,0,,14,0,82,178,1699178,2776059969,68058752,68058834,46478484,363096
1790928655,68165464,69952851968,1387955,0,,14,0,82,178,1713029,2777960769,68105397,68105477,46499545,363260
1790928656,68165252,69951594496,1387955,0,,13,0,82,178,1726436,2779896673,68152529,68152607,46521895,363434
1790928657,68162816,69949079552,1387955,0,,15,0,82,178,1739396,2781822911,68199179,68199236,46544377,363609
1790928658,68164932,69951774720,1387955,0,,17,0,82,178,1750860,2783759952,68244542,68244622,46566479,363784
1790928659,68164884,69951750144,1387955,0,,16,0,82,178,1761290,2785635476,68291218,68291296,46590088,363969
1790928660,68164836,69951139840,1388971,0,,0,0,82,178,1762448,2786680867,68315966,68316053,46615337,364163
1790928661,68164520,69952155648,1389483,0,,13,0,82,178,1752871,2788304772,68354358,68354445,46645138,364394
1790928663,68164816,69952106496,1390315,0,,18,0,82,178,1741056,2789434036,68380228,68380308,46676549,364635
1790928664,68164404,69952303104,1391073,0,,14,0,82,178,1723864,2790723502,68410438,68410517,46707320,364872
1790928665,68165780,69953433600,1391968,0,,22,0,82,178,1733636,2792400095,68451631,68451716,46746600,365174
1790928666,68166824,69953474560,1392053,0,,16,0,82,178,1724362,2794264972,68494866,68494943,46777017,365410
1790928667,68166524,69953179648,1392584,0,,12,0,82,178,1718065,2795534800,68524439,68524519,46809238,365658
1790928668,68167488,69954949120,1394349,0,,16,0,82,178,1700563,2796769823,68554808,68554887,46839818,365893
1790928669,68165256,69953150976,1394728,0,,15,0,82,178,1709075,2798199576,68589839,68589924,46873981,366156
1790928670,68165440,69952241664,1394728,0,,9,0,82,178,1702487,2800040086,68633392,68633471,46904839,366395
1790928672,68166544,69954248704,1398474,0,,8,0,82,178,1687261,2800955682,68654678,68654765,46944046,366700
1790928673,68164644,69951983616,1398600,0,,1,0,82,178,1682643,2802885692,68701180,68701244,46963453,366863
1790928674,68165404,69952442368,1398600,0,,14,0,82,178,1696129,2804807073,68747141,68747222,46985924,367039
1790928675,68164356,69951451136,1399609,0,,3,0,82,178,1706019,2806566839,68788402,68788489,47024284,367337
1790928676,68164004,69950570496,1399737,0,,11,0,82,178,1696724,2808502953,68833105,68833187,47047382,367519
1790928677,68165320,69952184320,1399737,0,,11,0,82,178,1709540,2810435668,68878214,68878293,47070959,367715
1790928678,68165168,69952561152,1399737,0,,14,0,82,178,1720246,2812340143,68924513,68924588,47094258,367910
1790928680,68166868,69953323008,1400645,0,,22,0,82,178,1725402,2813747133,68957658,68957740,47127646,368170
1790928681,68168564,69955039232,1400645,0,,14,0,82,178,1716606,2815599599,69001231,69001308,47158486,368410
1790928682,68169240,69955923968,1402116,0,,15,0,82,178,1709568,2816959455,69032326,69032406,47190333,368655
1790928683,68169668,69957173248,1406956,0,,17,0,82,178,1695466,2818277139,69063153,69063233,47222255,368901
1790928684,68170696,69958205440,1406956,0,,13,0,82,178,1705402,2820196947,69109759,69109838,47242592,369061
1790928685,68171016,69958275072,1406956,0,,13,0,82,178,1720016,2822093694,69155686,69155763,47265735,369244
1790928686,68170440,69957709824,1407542,0,,1,0,82,178,1721657,2823282013,69184220,69184307,47294672,369470
1790928687,68167648,69955084288,1408130,0,,20,0,82,178,1713679,2825133240,69229075,69229155,47325058,369706
1790928688,68167616,69955063808,1409524,0,,17,0,82,178,1707869,2826420529,69258702,69258785,47356809,369951
1790928689,68169088,69956079616,1410316,0,,11,0,82,178,1689069,2827836084,69291323,69291399,47386173,370178
1790928690,68170008,69957779456,1410316,0,,13,0,82,178,1701087,2829670073,69335208,69335285,47413965,370392
1790928691,68170020,69957283840,1411563,0,,16,0,82,178,1700175,2830970853,69366166,69366247,47446126,370640
1790928692,68170900,69957656576,1412661,0,,12,0,82,178,1684664,2832533682,69403148,69403230,47474665,370860
1790928693,68171656,69958684672,1412661,0,,14,0,82,178,1699349,2834483724,69448727,69448808,47492828,371019
1790928694,68172960,69959737344,1416492,0,,0,0,82,178,1707280,2836017727,69484218,69484305,47523713,371254
1790928695,68171004,69957988352,1418933,0,,14,0,82,178,1701889,2837850750,69527729,69527814,47544644,371416
1790928696,68170968,69958455296,1418933,0,,18,0,83,179,1714035,2839762726,69573875,69573952,47565629,371581
1790928697,68167292,69954445312,1418933,0,,12,0,84,181,1727848,2841543467,69616319,69616402,47586054,371740
1790928699,68159916,69946605568,1419080,0,,1,0,84,181,1734989,2843049972,69650580,69650667,47603420,371875
1790928700,68158840,69946015744,1420142,0,,5,0,84,181,1717838,2843482862,69660541,69660627,47626780,372054
1790928701,68158140,69944709120,1420723,0,,0,0,84,181,1698227,2843685880,69665254,69665341,47648047,372216
1790928702,68159224,69945077760,1420723,0,,0,0,84,181,1698222,2843687745,69665254,69665341,47649913,372230
1790928703,68160480,69946429440,1420723,0,,0,0,84,181,1678078,2843687873,69665254,69665341,47671230,372391
1790928704,68161280,69947179008,1420723,0,,0,0,84,181,1657964,2843688001,69665254,69665341,47692441,372552
1790928705,68162460,69948375040,1420723,0,,0,0,84,181,1637733,2843688129,69665254,69665341,47716851,372737
1790928706,68163624,69949681664,1420723,0,,0,0,84,181,1617518,2843688385,69665254,69665341,47735497,372879
1790928707,68164784,69950750720,1420723,0,,0,0,84,181,1597433,2843688513,69665254,69665341,47756885,373041
1790928708,68165956,69951954944,1420723,0,,0,0,84,181,1577392,2843688641,69665254,69665341,47778039,373202
1790928709,68167148,69953433600,1420723,0,,0,0,84,181,1557315,2843688769,69665254,69665341,47797930,373353
1790928710,68168320,69954371584,1420723,0,,0,0,84,181,1537275,2843688897,69665254,69665341,47820063,373522
1790928711,68169504,69955678208,1420723,0,,0,0,84,181,1517217,2843689025,69665254,69665341,47843343,373700
1790928712,68169120,69955194880,1420723,0,,0,0,84,181,1497073,2843689153,69665254,69665341,47867610,373885
1790928713,68170284,69956386816,1420723,0,,0,0,84,181,1477029,2843689281,69665254,69665341,47886292,374028
1790928714,68171448,69957578752,1420723,0,,0,0,84,181,1456986,2843689409,69665254,69665341,47907498,374190
1790928715,68172612,69958770688,1420723,0,,0,0,84,181,1436936,2843689537,69665254,69665341,47928555,374351
1790928716,68173804,69960077312,1420723,0,,0,0,84,181,1416660,2843689665,69665254,69665341,47947573,374496
1790928717,68174972,69961183232,1420723,0,,0,0,84,181,1376537,2843689793,69665254,69665341,47970502,374671
1790928718,68176152,69962915840,1420723,0,,0,0,84,181,1356382,2843689921,69665254,69665341,47990656,374825
1790928719,68177312,69963702272,1420723,0,,0,0,84,181,1336423,2843690049,69665254,69665341,48010809,374978
1790928720,68178152,69964439552,1420723,0,,0,0,84,181,1316295,2843690177,69665254,69665341,48030963,375132
1790928721,68179316,69966159872,1420723,0,,0,0,84,181,1295907,2843690305,69665254,69665341,48051117,375286
1790928722,68180480,69967204352,1420723,0,,0,0,84,181,1275863,2843690433,69665254,69665341,48071271,375440
1790928723,68180500,69967339520,1420723,0,,0,0,84,181,1255853,2843690561,69665254,69665341,48091425,375594
