ts,rss_kb,cg_mem_bytes,Innodb_buffer_pool_wait_free,Innodb_log_waits,Innodb_os_log_pending_fsyncs,Innodb_data_pending_reads,Innodb_data_pending_writes,Innodb_row_lock_waits,Innodb_row_lock_time,Innodb_buffer_pool_pages_dirty,Innodb_buffer_pool_read_requests,Innodb_buffer_pool_reads,Innodb_data_reads,Innodb_data_writes,Innodb_dblwr_writes
1790918741,1471380,1547935744,0,0,,0,0,0,0,0,278,147,158,0,0
1790918742,1501988,1585393664,0,0,,1,0,0,0,312,5329,1356,1442,0,0
1790918743,1695676,1785630720,0,0,,3,0,0,0,3363,65508,12062,12146,0,0
1790918744,2068336,2167988224,0,0,,3,0,0,0,5257,195631,33467,33550,4029,29
1790918745,2623876,2738843648,0,0,,5,0,0,0,10144,408005,66456,66536,8058,58
1790918746,3370604,3505733632,0,0,,9,0,0,0,20951,693626,111150,111230,12087,87
1790918747,4268268,4426817536,0,0,,9,0,0,0,26892,1051009,165306,165386,16116,116
1790918748,5255808,5440974848,0,0,,7,0,0,0,41737,1460100,224320,224405,20145,145
1790918749,6365400,6579007488,0,0,,11,0,0,0,52761,1931741,291030,291106,24174,174
1790918750,7640660,7887208448,0,0,,12,0,0,0,70223,2502410,368391,368466,28203,203
1790918751,8966872,9247481856,0,0,,11,0,0,0,88834,3104166,448994,449077,32232,232
1790918752,10272068,10585595904,0,0,,11,0,0,0,108669,3753624,528401,528477,36261,261
1790918753,11578924,11925921792,0,0,,13,0,0,0,127024,4405562,608114,608188,40290,290
1790918754,12873680,13253791744,0,0,,12,0,0,0,145667,5085453,687287,687371,44319,319
1790918755,14148840,14560882688,0,0,,11,0,0,0,165314,5779707,764992,765065,48348,348
1790918756,15407296,15851241472,0,0,,8,0,0,0,185832,6493543,841804,841880,52377,377
1790918757,16657340,17133826048,0,0,,13,0,0,0,205573,7229439,918005,918090,56406,406
1790918758,17869688,18377428992,0,0,,12,0,0,0,225604,7986313,991994,992069,60435,435
1790918759,19066104,19603984384,0,0,,13,0,0,0,246185,8773777,1065182,1065256,64464,464
1790918760,20264764,20833583104,0,0,,10,0,0,0,266914,9571560,1138305,1138391,68493,493
1790918761,21454364,22053228544,0,0,,12,0,0,0,288284,10386877,1210705,1210781,72522,522
1790918762,22638384,23265824768,0,0,,9,0,0,0,308824,11220267,1283327,1283401,76551,551
1790918764,23791424,24450547712,0,0,,12,0,0,0,330478,12096755,1353738,1353822,80580,580
1790918765,24910856,25597583360,0,0,,12,0,0,0,352543,12987183,1422282,1422355,84609,609
1790918766,26039428,26754408448,0,0,,13,0,0,0,373941,13871294,1491102,1491183,90605,652
1790918767,27155572,27900153856,0,0,,14,0,0,0,390881,14791309,1558851,1558936,96696,696
1790918768,28258096,29031202816,0,0,,11,0,0,0,413415,15735932,1625748,1625824,100725,725
1790918769,29344804,30145687552,0,0,,8,0,0,0,436018,16670054,1692137,1692218,104754,754
1790918770,30414080,31241613312,0,0,,9,0,0,0,457912,17690841,1757644,1757729,108783,783
1790918771,31417152,32269058048,0,0,,5,0,0,0,483157,18650766,1819451,1819532,119659,860
1790918772,32298028,33171451904,0,0,,11,0,0,0,490743,19495218,1873179,1873260,137091,984
1790918773,33229896,34129047552,0,0,,6,0,0,0,485325,20451894,1929786,1929866,155899,1118
1790918774,34166420,35090366464,0,0,,8,0,0,0,495373,21437734,1986730,1986810,172312,1236
1790918775,35079900,36026945536,0,0,,9,0,0,0,506693,22455262,2042477,2042557,188952,1355
1790918776,35972548,36942098432,0,0,,7,0,0,0,518686,23527883,2096822,2096906,205945,1476
1790918777,36878860,37871906816,0,0,,7,0,0,0,528740,24561994,2152312,2152394,223262,1600
1790918778,37750596,38765490176,0,0,,8,0,0,0,539771,25639541,2205482,2205556,240891,1727
1790918779,38606252,39642382336,0,0,,10,0,0,0,551015,26703666,2257475,2257557,258859,1857
1790918780,39457252,40515366912,0,0,,9,0,1,0,562092,27792192,2309174,2309252,277131,1989
1790918781,40287108,41366806528,0,0,,4,0,1,0,573069,28893100,2359829,2359906,295732,2123
1790918782,41125036,42226159616,0,0,,11,0,1,0,583028,29970563,2411111,2411191,314620,2259
1790918783,41964740,43086508032,0,0,,9,0,1,0,592981,31093320,2462596,2462670,333799,2398
1790918784,42796120,43939500032,0,0,,8,0,1,0,602967,32229528,2513231,2513305,353268,2538
1790918785,43591212,44755181568,0,0,,9,0,1,0,612986,33381125,2562182,2562265,373021,2681
1790918786,44396312,45581115392,0,0,,5,0,1,0,622749,34506114,2611463,2611543,393056,2826
1790918787,45193588,46397759488,0,0,,8,0,1,0,631888,35670312,2660314,2660396,413202,2972
1790918788,45957180,47180906496,0,0,,12,0,1,0,642537,36839586,2707156,2707241,433348,3118
1790918789,46730596,47974215680,0,0,,4,0,1,0,653500,38044957,2754165,2754243,453494,3264
1790918791,47488232,48750657536,0,0,,8,0,1,0,664675,39291031,2800753,2800833,473641,3411
1790918792,48223312,49503985664,0,0,,9,0,1,0,675169,40512956,2845992,2846076,494755,3565
1790918793,48957340,50256662528,0,0,,6,0,1,0,686354,41763616,2891426,2891508,517228,3729
1790918794,49684788,51002871808,0,0,,12,0,1,0,697106,43018080,2936034,2936119,539312,3890
1790918795,50413232,51749752832,0,0,,10,0,1,0,708107,44263392,2980768,2980849,561562,4051
1790918796,51136724,52492050432,0,0,,10,0,1,0,718770,45526574,3025141,3025219,584416,4218
1790918797,51848892,53222027264,0,0,,9,0,1,0,729692,46783598,3068972,3069055,606880,4383
1790918798,52557592,53948801024,0,0,,7,0,1,0,741487,48067960,3112390,3112472,628430,4540
1790918799,53269616,54679408640,0,0,,6,0,1,0,752129,49334615,3156314,3156401,651078,4706
1790918800,53972676,55400263680,0,0,,10,0,1,0,763343,50656946,3199602,3199686,672818,4865
1790918801,54678624,56125370368,0,0,,9,0,2,4,774124,51954811,3243106,3243190,694488,5024
1790918802,55382896,56847437824,0,0,,6,0,2,4,765513,53274877,3286141,3286219,715408,5178
1790918803,56075960,57558630400,0,0,,8,0,2,4,777504,54632182,3328596,3328678,735556,5326
1790918804,56758404,58258206720,0,0,,8,0,2,4,789321,55975920,3370721,3370807,755705,5475
1790918805,57440700,58956804096,0,0,,4,0,2,4,801767,57356408,3412582,3412661,775853,5623
1790918806,58112528,59646517248,0,0,,8,0,2,4,813557,58710153,3454241,3454321,796002,5772
1790918807,58781648,60333133824,0,0,,6,0,2,4,825361,60124498,3495281,3495365,816150,5920
1790918808,59454420,61022736384,0,0,,7,0,3,7,837996,61528841,3536560,3536640,836299,6069
1790918809,60112292,61697122304,0,0,,6,0,3,7,849576,62956785,3577400,3577481,856448,6218
1790918810,60764056,62365749248,0,0,,5,0,3,7,860962,64351270,3617592,3617676,876597,6367
1790918811,61417596,63035494400,0,0,,9,0,3,7,873354,65788003,3657934,3658016,896746,6516
1790918812,62070204,63705853952,0,0,,5,0,3,7,885747,67199628,3698005,3698083,916895,6665
1790918813,62720220,64371965952,0,0,,5,0,3,7,897890,68624193,3738414,3738499,937045,6815
1790918814,63354916,65022808064,0,0,,5,0,3,7,910414,70094585,3777547,3777625,957194,6964
1790918816,63999048,65682526208,0,0,,8,0,3,7,922514,71520525,3817646,3817727,977343,7113
1790918817,64623164,66322976768,0,0,,12,0,3,7,934572,72988130,3856322,3856409,997634,7264
1790918818,65253452,66969423872,0,0,,10,0,3,7,946609,74427796,3895108,3895189,1019521,7427
1790918819,65881304,67612606464,0,0,,8,0,3,7,958892,75909040,3933878,3933961,1041149,7588
1790918820,66507008,68254715904,0,0,,6,0,3,7,971109,77351028,3972644,3972725,1062812,7750
1790918821,67122620,68886036480,0,0,,7,0,3,7,983095,78839954,4010728,4010812,1084406,7912
1790918822,67736672,69515239424,0,0,,2,0,3,7,995138,80294781,4049012,4049088,1106002,8074
1790918823,68059816,69843824640,0,0,,10,0,3,7,1010071,81845163,4088330,4088411,1118643,8185
1790918824,68074936,69860106240,0,0,,9,0,3,7,1019906,83282834,4125018,4125100,1138877,8353
1790918825,68074932,69859569664,0,0,,5,0,3,7,1031798,84804633,4163266,4163344,1159111,8529
1790918826,68074984,69859799040,0,0,,4,0,3,7,1020923,86139863,4197726,4197810,1199442,8839
1790918827,68075576,69859733504,0,0,,7,0,3,7,1032581,87616856,4234752,4234831,1224453,9046
1790918828,68077352,69862588416,0,0,,8,0,3,7,1022199,89025946,4269552,4269636,1259973,9324
1790918829,68076660,69861875712,0,0,,7,0,3,7,1058714,90695326,4312354,4312438,1260061,9366
1790918830,68076560,69861502976,0,0,,4,0,3,7,1094023,92360684,4354741,4354824,1260149,9408
1790918831,68076988,69861711872,0,0,,8,0,3,7,1105458,93857121,4392439,4392517,1280344,9579
1790918832,68075864,69860560896,0,0,,6,0,3,7,1138063,95471684,4433026,4433111,1289340,9679
1790918833,68077120,69862092800,0,0,,7,0,3,7,1147775,96932642,4469412,4469494,1318315,9913
1790918834,68077588,69863100416,0,0,,5,0,3,7,1138658,98381964,4507370,4507452,1340957,10105
1790918835,68076640,69860896768,0,0,,6,0,3,7,1173390,100045334,4549888,4549974,1341042,10147
1790918836,68077152,69862117376,0,0,,8,0,3,7,1207133,101719850,4592475,4592556,1341128,10189
1790918837,68078572,69863845888,0,0,,7,0,3,7,1240536,103388591,4635009,4635090,1341213,10231
1790918838,68077920,69863145472,0,0,,6,0,3,7,1249878,104875524,4672457,4672544,1361410,10404
1790918839,68078368,69863632896,0,0,,12,0,4,8,1257379,106302390,4707597,4707679,1394248,10664
1790918841,68078760,69864292352,0,0,,4,0,4,8,1246523,107750366,4743962,4744045,1421935,10892
1790918842,68078060,69863038976,0,0,,9,0,4,8,1279886,109419976,4785610,4785695,1422075,10933
1790918843,68079260,69864275968,0,0,,6,0,4,8,1290667,110938549,4823376,4823457,1442219,11109
1790918844,68078468,69863460864,0,0,,6,0,4,8,1278311,112287836,4857336,4857416,1482539,11420
1790918845,68078696,69863952384,0,0,,7,0,4,8,1286997,113754095,4894305,4894388,1507854,11630
1790918846,68079224,69864652800,0,0,,7,0,4,8,1274903,115150440,4929229,4929312,1543066,11909
1790918847,68077648,69862367232,0,0,,9,0,4,8,1306802,116717569,4969192,4969276,1553835,12022
1790918848,68077884,69863104512,0,0,,7,0,4,8,1295965,118151078,5005507,5005585,1583474,12264
1790918849,68076684,69861818368,0,0,,9,0,4,8,1304350,119546836,5041137,5041221,1617590,12536
1790918850,68077572,69862391808,0,0,,8,0,4,8,1294197,121031146,5077311,5077392,1644004,12754
1790918851,68077172,69861384192,1537,0,,0,0,4,8,1306346,122268284,5108084,5108171,1672479,12985
1790918852,68077592,69862326272,1838,0,,6,0,4,8,1294841,123666984,5142551,5142632,1696854,13177
1790918853,68079848,69864357888,2684,0,,9,0,4,8,1301876,124687790,5167641,5167723,1730562,13435
1790918854,68078720,69863718912,2684,0,,10,0,4,8,1290702,126222178,5204917,5204999,1753009,13612
1790918855,68077468,69862453248,3334,0,,12,0,4,8,1277762,127294195,5232049,5232128,1789128,13889
1790918856,68078396,69861830656,3976,0,,7,0,4,8,1264475,128380476,5258924,5259007,1825268,14165
1790918857,68076972,69861691392,5437,0,,5,0,4,8,1250916,129487115,5287181,5287265,1859222,14426
1790918858,68077024,69861744640,5437,0,,10,0,4,8,1262272,130997115,5324628,5324711,1882683,14613
1790918859,68078632,69863645184,6277,0,,10,0,4,8,1248609,132126792,5351290,5351372,1916334,14871
1790918860,68079892,69863374848,6743,0,,0,0,4,8,1255826,133353197,5381485,5381572,1947107,15108
1790918861,68080784,69865078784,7000,0,,10,0,4,8,1242794,134684406,5415917,5415998,1973031,15319
1790918862,68082344,69867110400,7000,0,,8,0,4,8,1251008,136186899,5453257,5453341,1995311,15512
1790918863,68079376,69864177664,7000,0,,10,0,4,8,1259811,137671360,5489635,5489722,2016909,15695
1790918864,68080304,69865361408,7000,0,,2,0,4,8,1269845,139160346,5526354,5526434,2043424,15903
1790918866,68085452,69869862912,7000,0,,9,0,4,8,1278204,140599259,5562400,5562483,2071476,16120
1790918867,68083972,69869658112,7000,0,,8,0,4,8,1266323,142107859,5598809,5598895,2098156,16333
1790918868,68084336,69869756416,9678,0,,9,0,4,8,1255999,143211287,5624819,5624898,2128808,16570
1790918869,68086036,69870727168,12271,0,,11,0,4,8,1245146,144228707,5649262,5649346,2159868,16810
1790918870,68085048,69871017984,12271,0,,12,0,4,8,1259514,145799017,5687906,5687991,2176351,16950
1790918871,68086024,69871206400,13644,0,,7,0,4,8,1248838,146837309,5713603,5713685,2207798,17193
1790918872,68085232,69870981120,15743,0,,0,0,4,8,1258918,147944809,5740715,5740802,2237521,17425
1790918873,68086528,69870440448,16659,0,,0,0,4,8,1251494,149227049,5772291,5772378,2266237,17650
1790918874,68086488,69871452160,18739,0,,12,0,4,8,1219602,150092465,5793761,5793843,2303415,17935
1790918875,68085168,69870358528,22364,0,,4,0,4,8,1209656,151153349,5819395,5819479,2334628,18177
1790918876,68084004,69868654592,24176,0,,9,0,4,8,1200436,152178881,5844537,5844620,2365231,18412
1790918877,68085256,69870653440,27580,0,,10,0,4,8,1190920,153174448,5869328,5869410,2396723,18657
1790918878,68085364,69870804992,27580,0,,8,0,4,8,1205725,154722480,5907590,5907673,2413224,18796
1790918879,68083956,69869133824,27580,0,,6,0,4,8,1221391,156233700,5946157,5946243,2429518,18930
1790918880,68085584,69870776320,27580,0,,5,0,4,8,1236091,157738668,5984305,5984384,2447053,19073
1790918881,68085384,69869273088,29380,0,,0,0,4,8,1246019,158756761,6009253,6009340,2475343,19291
1790918882,68084124,69869305856,32510,0,,7,0,4,8,1215442,159733465,6032986,6033069,2508305,19545
1790918883,68084160,69869076480,32510,0,,8,0,4,8,1231514,161290508,6071218,6071302,2522874,19668
1790918884,68086988,69871435776,32510,0,,7,0,4,8,1249706,162859596,6109802,6109885,2537123,19789
1790918885,68086316,69871554560,35107,0,,7,0,4,8,1240835,163848996,6134978,6135064,2566513,20019
1790918886,68087688,69873721344,35107,0,,13,0,4,8,1257825,165414384,6173148,6173229,2581658,20149
1790918887,68087476,69871919104,37905,0,,9,0,5,8,1263214,166406711,6198528,6198612,2610325,20374
1790918889,68087040,69872508928,37905,0,,8,0,5,8,1277883,167932289,6236522,6236607,2626887,20510
1790918890,68088144,69873385472,39576,0,,9,0,5,8,1262004,168953374,6261668,6261748,2655634,20735
1790918891,68087184,69871620096,39576,0,,5,0,5,8,1272059,170497943,6300319,6300401,2670648,20865
1790918892,68086360,69871796224,41466,0,,10,0,5,8,1262937,171528006,6326042,6326129,2700389,21098
1790918893,68085260,69870432256,41466,0,,7,0,5,8,1278499,173112518,6363941,6364022,2715860,21228
1790918894,68086764,69871734784,41466,0,,7,0,6,8,1295220,174713494,6402027,6402108,2730081,21349
1790918895,68086896,69872123904,44883,0,,5,0,6,8,1286059,175721172,6427032,6427114,2760010,21585
1790918896,68086776,69872214016,47689,0,,0,0,6,8,1299030,176908759,6456256,6456343,2789313,21820
1790918897,68087504,69873020928,48637,0,,4,0,6,8,1269018,177865585,6480173,6480253,2820113,22066
1790918898,68087600,69872586752,48637,0,,12,0,6,8,1284993,179390970,6518869,6518953,2834476,22190
1790918899,68087992,69873487872,49927,0,,9,0,6,8,1274436,180340661,6542552,6542636,2863742,22423
1790918900,68088012,69873774592,49927,0,,7,0,6,8,1290725,181932969,6581161,6581245,2878339,22552
1790918901,68088092,69872545792,52085,0,,6,0,6,8,1282126,182947864,6606128,6606215,2907136,22781
1790918902,68089336,69873569792,53370,0,,0,0,6,8,1294367,184154323,6635192,6635279,2933683,22992
1790918903,68089708,69874991104,55992,0,,8,0,6,8,1264205,185046485,6657084,6657168,2967114,23252
1790918904,68089440,69874118656,57030,0,,0,0,6,8,1278007,186363009,6689592,6689679,2988162,23426
1790918905,68089808,69874843648,57366,0,,7,0,6,8,1271484,187641607,6720715,6720799,3010421,23611
1790918906,68087836,69873348608,57366,0,,9,0,6,8,1287756,189195679,6759136,6759218,3024915,23739
1790918907,68086560,69872312320,59505,0,,9,0,6,8,1279301,190227747,6784296,6784380,3054024,23969
1790918908,68088280,69873790976,59505,0,,10,0,6,8,1295693,191770786,6822627,6822711,3068681,24100
1790918909,68088616,69874667520,61719,0,,6,0,6,8,1286618,192769485,6847306,6847388,3097614,24329
1790918911,68088212,69873745920,63098,0,,7,0,6,8,1278284,193833786,6872002,6872087,3127667,24567
1790918912,68087760,69872734208,65217,0,,7,0,6,8,1268695,194892164,6897232,6897311,3157459,24802
1790918913,68087728,69872631808,66567,0,,4,0,6,8,1259939,195905464,6921770,6921849,3186134,25030
1790918914,68086828,69870477312,67082,0,,0,0,6,8,1273178,197062310,6949512,6949599,3210812,25228
1790918915,68087516,69872758784,68637,0,,6,0,6,8,1242901,197931497,6971543,6971620,3244851,25495
1790918916,68087748,69872197632,68637,0,,8,0,6,8,1260803,199488135,7009879,7009961,3258099,25610
1790918917,68086608,69871325184,71356,0,,0,0,6,8,1251956,200348773,7031267,7031354,3289406,25856
1790918918,68086672,69871886336,72748,0,,3,0,6,8,1218341,200937544,7045449,7045530,3330850,26176
1790918919,68087512,69871689728,73537,0,,7,0,6,8,1211322,201949544,7069920,7069999,3360700,26414
1790918920,68087596,69872549888,74140,0,,7,0,6,8,1204330,202992351,7095296,7095376,3388605,26638
1790918921,68089120,69873328128,74299,0,,0,0,6,8,1222056,204442703,7130293,7130380,3407537,26799
1790918922,68090220,69875494912,75650,0,,6,0,6,8,1215574,205608849,7158387,7158467,3431370,26993
1790918923,68089832,69874593792,76357,0,,7,0,6,8,1206472,206621326,7182609,7182689,3460094,27221
1790918924,68088136,69874384896,76357,0,,10,0,6,8,1224727,208192728,7220635,7220719,3473897,27343
1790918925,68088720,69873954816,77065,0,,6,0,6,8,1221718,209210277,7245070,7245150,3503036,27575
1790918926,68088852,69874049024,78828,0,,6,0,6,8,1208104,210230623,7269921,7270006,3531902,27804
1790918927,68089136,69874401280,78828,0,,8,0,6,8,1226133,211789775,7307570,7307651,3545155,27922
1790918928,68088644,69874421760,79843,0,,6,0,6,8,1217488,212698027,7330510,7330587,3573237,28144
1790918929,68087628,69872852992,79843,0,,10,0,6,8,1234879,214295915,7368105,7368191,3587076,28266
1790918930,68088248,69873221632,81129,0,,7,0,6,8,1245728,215239369,7391081,7391161,3615544,28491
1790918931,68088044,69873287168,81129,0,,4,0,6,8,1243916,216815623,7429349,7429434,3628479,28608
1790918932,68087840,69872250880,81828,0,,0,0,6,8,1258010,218091576,7459143,7459230,3650964,28790
1790918933,68087980,69873233920,82838,0,,7,0,6,8,1252509,219411701,7491104,7491180,3670525,28952
1790918934,68089804,69875331072,82838,0,,9,0,6,8,1271156,220978714,7528699,7528781,3683904,29072
1790918936,68090232,69874737152,82838,0,,7,0,6,8,1287578,222575027,7566925,7567011,3697240,29190
1790918937,68090020,69875023872,82838,0,,10,0,6,8,1304921,224171357,7604944,7605028,3710049,29301
1790918938,68090420,69875695616,85146,0,,11,0,6,8,1315647,225092905,7627087,7627170,3736958,29515
1790918939,68090252,69875499008,88302,0,,6,0,6,8,1285483,225916794,7647008,7647091,3764900,29733
1790918940,68089464,69875793920,88302,0,,8,0,6,8,1301951,227470132,7685217,7685299,3778045,29846
1790918941,68089416,69874405376,88302,0,,8,0,6,8,1319223,229021710,7723950,7724034,3791150,29960
1790918942,68086612,69872070656,88302,0,,7,0,7,9,1336075,230626320,7762833,7762919,3804614,30076
1790918943,68087724,69872664576,90065,0,,6,0,7,9,1326520,231591695,7786703,7786783,3832974,30300
1790918944,68087596,69873070080,90065,0,,7,0,7,9,1344073,233149800,7825422,7825505,3846338,30418
1790918945,68088212,69872164864,90192,0,,0,0,7,9,1359209,234582486,7859405,7859492,3864382,30567
1790918946,68089668,69874937856,91584,0,,6,0,7,9,1351663,235740384,7886687,7886767,3887298,30749
1790918947,68088868,69874053120,91584,0,,6,0,8,12,1368900,237300416,7925407,7925490,3900718,30869
1790918948,68090696,69875748864,91584,0,,10,0,9,12,1385506,238896700,7963154,7963234,3913564,30983
1790918949,68092632,69876670464,93145,0,,0,0,9,12,1396982,240009775,7989550,7989637,3937369,31172
1790918950,68091084,69875871744,93412,0,,2,0,9,12,1391465,241439399,8023811,8023891,3954605,31316
1790918951,68089700,69874880512,93412,0,,5,0,9,12,1408059,243029300,8061816,8061894,3968329,31434
1790918952,68090300,69875249152,93412,0,,7,0,9,12,1423348,244633056,8099849,8099925,3981646,31552
1790918953,68090596,69876064256,93412,0,,11,0,9,12,1438814,246260789,8138154,8138240,3994699,31667
1790918954,68091188,69875879936,95341,0,,8,0,9,12,1427174,247126094,8159701,8159785,4022626,31888
1790918955,68091652,69875310592,96705,0,,0,0,9,12,1439949,248279792,8188159,8188246,4047015,32088
1790918956,68092264,69877231616,96951,0,,11,0,9,12,1432842,249668654,8222064,8222147,4065300,32238
1790918957,68091388,69876875264,96951,0,,3,0,9,12,1448338,251277990,8260347,8260433,4078657,32355
1790918958,68091976,69877227520,96951,0,,5,0,9,12,1463382,252854052,8298492,8298575,4092555,32477
1790918960,68091164,69876379648,96951,0,,8,0,9,12,1479293,254429117,8336928,8337010,4105928,32595
1790918961,68090832,69875527680,96951,0,,8,0,9,12,1494176,255984673,8375655,8375742,4119447,32713
1790918962,68091076,69874995200,97617,0,,0,0,9,12,1506658,257331509,8406760,8406847,4143893,32910
1790918963,68091720,69876973568,98057,0,,7,0,9,12,1499153,258676079,8438891,8438973,4162328,33065
1790918964,68091780,69877010432,98811,0,,4,0,9,12,1487854,259610980,8460585,8460670,4190887,33290
1790918965,68093108,69877858304,99189,0,,9,0,9,12,1476412,260555131,8483601,8483682,4218608,33511
1790918966,68091508,69876985856,100189,0,,8,0,9,12,1472286,261509377,8506586,8506668,4246769,33735
1790918967,68090964,69875937280,100998,0,,8,0,9,12,1456076,262471813,8529650,8529734,4275154,33963
1790918968,68092496,69878288384,100998,0,,8,0,9,12,1471344,264061575,8567530,8567612,4288110,34080
1790918969,68092876,69877866496,100998,0,,6,0,10,12,1486865,265670872,8605655,8605737,4301225,34197
1790918970,68091696,69876637696,103186,0,,2,0,10,12,1475948,266584092,8628017,8628103,4329086,34418
1790918971,68091384,69876023296,103392,0,,0,0,10,12,1489819,268025665,8662432,8662519,4349439,34585
1790918972,68086928,69870469120,104547,0,,0,0,10,12,1479151,268929043,8683990,8684077,4380011,34829
1790918973,68088140,69872500736,104963,0,,0,0,10,12,1471334,270153873,8713312,8713399,4404331,35024
1790918974,68087604,69872463872,106451,0,,6,0,10,12,1461963,271222925,8738522,8738603,4428836,35223
1790918975,68089532,69874720768,109668,0,,5,0,10,12,1451720,272147551,8761140,8761217,4456812,35445
1790918976,68090080,69875822592,113645,0,,7,0,10,12,1441318,273077188,8783837,8783917,4484769,35665
1790918978,68088824,69874008064,113645,0,,5,0,10,12,1457260,274628018,8822007,8822093,4498652,35785
1790918979,68089224,69874413568,114344,0,,5,0,10,12,1466729,275555772,8843967,8844048,4526074,36002
1790918980,68088124,69872230400,114947,0,,0,0,10,12,1435524,276431471,8864830,8864917,4558763,36257
1790918981,68088124,69873025024,117865,0,,7,0,10,12,1399951,276884244,8875176,8875255,4597956,36557
1790918982,68089448,69874905088,117865,0,,3,0,11,12,1417151,278469056,8913723,8913799,4611224,36676
1790918983,68087164,69871263744,117865,0,,6,0,11,12,1434314,280032031,8952165,8952251,4624849,36800
1790918984,68087284,69872152576,117865,0,,11,0,11,12,1449323,281606694,8989522,8989609,4638430,36916
1790918985,68088920,69874356224,119509,0,,6,0,11,12,1458662,282487643,9010775,9010860,4665390,37131
1790918986,68087268,69871325184,120066,0,,0,0,11,12,1449210,283451477,9034678,9034765,4691108,37336
1790918987,68087244,69871333376,120255,0,,0,0,11,12,1443914,284895060,9069176,9069263,4709604,37490
1790918988,68088584,69874294784,123107,0,,7,0,11,12,1433076,285894746,9092886,9092968,4734922,37693
1790918989,68087136,69872283648,123934,0,,6,0,11,12,1422638,286799555,9115083,9115169,4763026,37916
1790918990,68088128,69873291264,123934,0,,3,0,11,12,1439562,288376646,9152472,9152549,4776038,38031
1790918991,68090040,69873946624,124797,0,,1,0,11,12,1451705,289608047,9181077,9181164,4797036,38201
1790918992,68087764,69873451008,126203,0,,8,0,11,12,1417537,290240915,9195614,9195697,4831424,38468
1790918993,68089028,69873954816,127646,0,,6,0,11,12,1407374,291165195,9217776,9217858,4859209,38686
1790918994,68088852,69874028544,127646,0,,8,0,11,12,1424060,292765116,9255867,9255945,4872680,38808
1790918995,68090164,69874868224,127646,0,,9,0,11,12,1440600,294314661,9294861,9294941,4885970,38927
1790918996,68091376,69876879360,130301,0,,6,0,11,12,1430268,295214564,9316061,9316141,4913734,39145
1790918997,68089712,69873872896,131159,0,,0,0,11,12,1444132,296492167,9346942,9347029,4932655,39300
1790918998,68090804,69875531776,133148,0,,8,0,11,12,1429234,296968717,9358450,9358533,4968332,39572
1790918999,68088784,69872668672,133830,0,,0,0,11,12,1422257,298174872,9387112,9387199,4991805,39760
1790919001,68090420,69875900416,137358,0,,12,0,11,12,1409921,298917967,9404945,9405029,5025141,40020
1790919002,68091616,69876572160,137457,0,,4,0,11,12,1406675,300501585,9442788,9442871,5039188,40140
1790919003,68093012,69877264384,138063,0,,1,0,11,12,1419484,301620011,9469906,9469993,5064024,40340
1790919004,68093100,69878124544,139633,0,,4,0,11,12,1414466,303081617,9504067,9504150,5081022,40486
1790919005,68089996,69875204096,139633,0,,7,0,11,12,1430804,304681367,9541868,9541952,5094403,40607
1790919006,68091036,69876252672,139633,0,,9,0,11,12,1447926,306218381,9579503,9579588,5107473,40721
1790919007,68092184,69877710848,140704,0,,6,0,11,12,1434631,306847593,9594839,9594917,5132902,40919
1790919008,68091992,69877264384,142910,0,,7,0,11,12,1424061,307735226,9616257,9616340,5160272,41132
1790919009,68092956,69876908032,144411,0,,8,0,11,12,1419261,308721270,9640104,9640186,5188942,41356
1790919010,68092908,69877932032,145769,0,,8,0,11,12,1406007,309689055,9663741,9663822,5217150,41578
1790919011,68093368,69878124544,147127,0,,0,0,11,12,1416901,310640861,9687672,9687759,5242983,41782
1790919012,68091992,69876998144,148565,0,,6,0,11,12,1386020,311581442,9708700,9708781,5273467,42019
1790919013,68092848,69878136832,148565,0,,4,0,11,12,1403915,313209860,9746810,9746888,5286597,42134
1790919014,68093244,69878239232,150119,0,,8,0,11,12,1393089,314108326,9767390,9767475,5314147,42350
1790919015,68094600,69880193024,150119,0,,11,0,11,12,1409982,315662652,9805260,9805346,5327583,42466
1790919016,68093796,69879607296,153438,0,,13,0,11,12,1419179,316570260,9826916,9826999,5354846,42683
1790919017,68093024,69877235712,153642,0,,0,0,11,12,1413805,317867901,9858276,9858363,5375081,42850
1790919018,68089596,69875023872,155036,0,,8,0,11,12,1406197,319066167,9887567,9887650,5396635,43024
1790919019,68091076,69876297728,156916,0,,6,0,11,12,1395751,319972804,9907974,9908054,5423484,43236
1790919021,68090200,69875445760,156916,0,,4,0,11,12,1412727,321533470,9945292,9945370,5436888,43353
1790919022,68090280,69874323456,156916,0,,7,0,11,12,1429754,323142413,9983435,9983519,5450001,43465
1790919023,68090516,69875802112,156916,0,,6,0,11,12,1446043,324711612,10021505,10021587,5463506,43581
1790919024,68092008,69875720192,157199,0,,1,0,11,12,1460725,326209250,10055995,10056082,5485809,43764
1790919025,68091896,69877411840,158799,0,,6,0,11,12,1452813,327387791,10085731,10085813,5506525,43932
1790919026,68093060,69877026816,159373,0,,0,0,11,12,1463119,328375934,10109673,10109760,5531906,44132
1790919027,68093096,69878640640,160565,0,,7,0,11,12,1458451,329821835,10145709,10145796,5547842,44270
1790919028,68092852,69878902784,161199,0,,6,0,11,12,1446404,330697456,10166697,10166782,5575258,44490
1790919029,68093972,69878480896,163812,0,,0,0,11,12,1432988,331295156,10181691,10181778,5618671,44826
1790919030,68091688,69876682752,164790,0,,6,0,11,12,1401576,332149579,10202679,10202763,5649366,45070
1790919031,68092596,69877608448,166287,0,,8,0,11,12,1391310,333079405,10225276,10225362,5676639,45287
1790919032,68090976,69876723712,166759,0,,4,0,11,12,1381844,334027827,10247997,10248073,5704955,45513
1790919033,68090700,69876699136,166759,0,,6,0,11,12,1397545,335651325,10286191,10286275,5718462,45634
1790919034,68091056,69876543488,166759,0,,6,0,11,12,1414255,337260606,10323626,10323706,5732052,45752
1790919036,68089684,69874069504,167039,0,,0,0,11,12,1430135,338809181,10360709,10360796,5749798,45902
1790919037,68090052,69875494912,168278,0,,7,0,11,12,1420424,339796196,10384640,10384727,5774018,46099
1790919038,68091196,69875441664,169454,0,,0,0,11,12,1433841,341085719,10414745,10414832,5797799,46290
1790919039,68092568,69878087680,169748,0,,5,0,11,12,1427521,342439602,10447592,10447670,5815217,46437
1790919040,68090884,69876097024,169748,0,,6,0,11,12,1442620,344021026,10485199,10485283,5828914,46559
1790919041,68092772,69878276096,169748,0,,10,0,11,12,1458385,345634689,10523583,10523668,5842386,46680
1790919042,68092472,69877432320,170062,0,,0,0,11,12,1473849,347114090,10559512,10559599,5870573,46906
1790919043,68091256,69875163136,170593,0,,0,0,11,12,1463517,348154680,10583996,10584083,5891864,47078
1790919045,68089880,69875322880,171348,0,,12,0,11,12,1450467,348905212,10601695,10601779,5929220,47371
1790919046,68090160,69874782208,171348,0,,10,0,11,12,1446380,350447799,10639217,10639298,5942836,47493
1790919047,68089696,69875118080,172879,0,,5,0,11,12,1435132,351351624,10660372,10660456,5970660,47714
1790919048,68090020,69875191808,172879,0,,7,0,11,12,1450735,352911721,10697812,10697894,5984367,47833
1790919049,68090264,69874933760,172879,0,,4,0,11,12,1465844,354511633,10735398,10735480,5997330,47946
1790919050,68089932,69875351552,172879,0,,6,0,11,12,1481479,356132594,10772247,10772327,6010265,48059
1790919051,68090020,69875724288,172879,0,,4,0,11,12,1495937,357728166,10809768,10809853,6023360,48172
1790919052,68091244,69876142080,173554,0,,0,0,11,12,1505281,358650163,10831519,10831606,6050042,48383
1790919053,68090564,69874835456,173692,0,,4,0,11,12,1499619,360227474,10868360,10868445,6064138,48506
1790919054,68090472,69875658752,173692,0,,8,0,11,12,1514587,361785280,10906075,10906156,6077202,48623
1790919055,68091408,69876383744,173692,0,,7,0,11,12,1527597,363374479,10943111,10943188,6090819,48742
1790919056,68090260,69875703808,173692,0,,6,0,11,12,1542510,364879975,10979839,10979926,6104124,48858
1790919057,68091552,69877137408,173692,0,,6,0,11,12,1557269,366408562,11016287,11016368,6117039,48973
1790919058,68092052,69877051392,174886,0,,0,0,11,12,1564365,367250204,11035798,11035885,6142232,49171
1790919059,68091092,69875511296,176201,0,,0,0,11,12,1529877,367923552,11050970,11051057,6179985,49464
1790919060,68088508,69872611328,177292,0,,1,0,11,12,1520855,368975144,11076809,11076896,6214065,49735
1790919061,68088684,69873246208,178292,0,,8,0,11,12,1488913,369760421,11094944,11095026,6245394,49979
1790919063,68088512,69872619520,179610,0,,0,0,11,12,1473743,370336444,11108066,11108153,6285987,50291
1790919064,68089644,69875879936,179825,0,,7,0,11,12,1479380,371813380,11143761,11143843,6302506,50432
1790919065,68089544,69874184192,179825,0,,8,0,11,12,1494475,373381125,11182151,11182235,6316060,50551
1790919066,68089368,69874016256,179825,0,,6,0,11,12,1510059,374968751,11220148,11220234,6329184,50666
1790919067,68090436,69875113984,179825,0,,8,0,11,12,1525074,376554177,11258373,11258455,6342371,50780
1790919068,68090396,69874302976,179825,0,,7,0,11,12,1529966,378144903,11296079,11296161,6355385,50893
1790919069,68090928,69875609600,182116,0,,0,0,11,12,1511936,378369149,11301690,11301777,6394000,51186
1790919070,68091072,69876015104,183617,0,,11,0,11,12,1479596,379114969,11320752,11320837,6424461,51423
1790919071,68090676,69874774016,183617,0,,9,0,11,12,1494875,380698592,11358863,11358946,6438247,51541
1790919072,68090816,69876019200,184128,0,,0,0,11,12,1503822,381529097,11379233,11379320,6464110,51745
1790919073,68091784,69877522432,184744,0,,9,0,11,12,1482796,382464547,11401222,11401305,6493478,51974
1790919074,68093012,69878325248,185546,0,,5,0,11,12,1462404,383422747,11422969,11423048,6521986,52198
1790919075,68092984,69878247424,185546,0,,8,0,11,12,1479135,384987932,11461093,11461176,6535597,52318
1790919076,68094252,69879533568,185546,0,,11,0,11,12,1495929,386570606,11499093,11499177,6549194,52436
1790919077,68095284,69881106432,185546,0,,4,0,11,12,1511043,388150474,11536559,11536641,6562141,52548
1790919078,68093980,69879009280,187194,0,,7,0,11,12,1498896,389014168,11557370,11557456,6589464,52761
1790919079,68095392,69879402496,187437,0,,0,0,11,12,1513132,390365571,11590326,11590413,6611206,52939
1790919080,68096712,69881782272,188824,0,,6,0,11,12,1479024,390956289,11604085,11604166,6646073,53208
1790919081,68092952,69877874688,189204,0,,0,0,11,12,1490231,392019735,11629681,11629768,6669241,53393
1790919082,68093460,69879222272,189438,0,,10,0,11,12,1484597,393404480,11663259,11663342,6687185,53545
1790919083,68093696,69878423552,189438,0,,8,0,11,12,1499083,395005845,11701497,11701577,6700768,53665
1790919085,68093880,69879422976,189438,0,,9,0,11,12,1514728,396562775,11739211,11739298,6713947,53780
1790919086,68094244,69878910976,191175,0,,11,0,11,12,1525230,397581394,11762320,11762406,6741356,53997
1790919087,68094080,69879046144,192979,0,,10,0,11,12,1489586,398052547,11773131,11773216,6785582,54336
1790919088,68093452,69878956032,193969,0,,6,0,11,12,1459072,398982504,11795053,11795136,6814074,54562
1790919089,68093548,69877805056,194545,0,,0,0,11,12,1473475,400400164,11827143,11827230,6836554,54747
1790919090,68092428,69876740096,195671,0,,0,0,11,12,1465086,401487888,11853361,11853448,6863912,54964
1790919091,68091172,69875318784,196449,0,,0,0,11,12,1451948,402159047,11869036,11869123,6891664,55182
1790919092,68092220,69877678080,196830,0,,4,0,11,12,1445190,403407814,11899296,11899378,6911433,55345
1790919093,68092428,69878169600,196830,0,,2,0,11,12,1462624,404994549,11936998,11937081,6924275,55459
1790919094,68092480,69877194752,197773,0,,5,0,11,12,1451509,405868683,11957164,11957250,6951681,55675
1790919095,68092520,69878009856,197773,0,,6,0,11,12,1468107,407436128,11995225,11995308,6965533,55796
1790919096,68093420,69878964224,199356,0,,4,0,11,12,1474141,408286600,12016205,12016282,6992797,56009
1790919097,68092124,69876285440,199811,0,,0,0,11,12,1469801,409425350,12043198,12043285,7014757,56187
1790919098,68093920,69879721984,201083,0,,6,0,11,12,1435890,410076427,12058448,12058532,7048226,56447
1790919099,68093636,69879160832,201925,0,,12,0,11,12,1445876,410956642,12079225,12079307,7076129,56664
1790919100,68092740,69877977088,203501,0,,5,0,11,12,1415130,411847652,12100411,12100494,7103363,56880
1790919102,68091660,69877112832,204359,0,,8,0,12,15,1405876,412777190,12122491,12122575,7130920,57098
1790919103,68092856,69878349824,204359,0,,5,0,12,15,1422738,414349247,12160699,12160776,7144889,57222
1790919104,68093124,69878620160,204866,0,,0,0,12,15,1433354,415253218,12182239,12182326,7170689,57429
1790919105,68094120,69879422976,205468,0,,0,0,12,15,1427620,416556998,12213807,12213894,7190715,57593
1790919106,68095176,69880233984,207560,0,,13,0,12,15,1412676,417027088,12224880,12224966,7226648,57871
1790919107,68091600,69877108736,207560,0,,7,0,12,15,1409932,418613783,12262546,12262631,7240775,57993
1790919108,68092660,69876355072,207805,0,,1,0,12,15,1426402,420104453,12297901,12297988,7269481,58228
1790919109,68092724,69878398976,209726,0,,1,0,12,15,1415960,420968264,12318867,12318954,7300209,58470
1790919110,68092292,69877501952,209778,0,,5,0,12,15,1411442,422556251,12356416,12356502,7314988,58597
1790919111,68093228,69878784000,209778,0,,8,0,12,15,1427768,424119513,12394466,12394552,7328812,58718
1790919112,68093872,69879435264,210433,0,,8,0,12,15,1416693,424967591,12415149,12415228,7356238,58935
1790919113,68092960,69877710848,212827,0,,6,0,12,15,1410121,425880451,12436516,12436600,7383948,59156
1790919114,68092948,69878243328,215709,0,,8,0,12,15,1394841,426774064,12458378,12458457,7412199,59378
1790919115,68093364,69879152640,215709,0,,3,0,12,15,1412853,428314199,12496083,12496163,7424989,59492
1790919117,68092216,69877747712,215709,0,,8,0,12,15,1428779,429862831,12533407,12533491,7438515,59612
1790919118,68092636,69876604928,215709,0,,9,0,12,15,1445008,431411454,12570337,12570417,7451409,59726
1790919119,68092668,69877858304,217539,0,,7,0,12,15,1433033,432214667,12590328,12590411,7478318,59937
1790919120,68090164,69874323456,219476,0,,10,0,12,15,1422882,433154475,12611922,12612007,7507571,60165
1790919121,68091352,69876027392,221283,0,,10,0,12,15,1405933,433453325,12618960,12619046,7548191,60476
1790919122,68091024,69876510720,221283,0,,8,0,12,15,1402099,435022032,12656760,12656838,7562443,60601
1790919123,68091824,69876817920,221283,0,,4,0,12,15,1418984,436549366,12694618,12694701,7575647,60717
1790919124,68092552,69877018624,221886,0,,0,0,12,15,1431225,437684182,12721834,12721921,7597847,60898
1790919125,68093824,69878845440,223752,0,,5,0,12,15,1398282,438283044,12735963,12736043,7631404,61160
1790919126,68095512,69880336384,224328,0,,5,0,12,15,1400430,439181678,12757750,12757828,7658439,61374
1790919127,68092836,69878099968,224328,0,,4,0,12,15,1416738,440768015,12796069,12796153,7672399,61493
1790919128,68094720,69878726656,225107,0,,0,0,12,15,1415492,441956909,12823435,12823522,7699805,61708
1790919129,68092524,69877772288,225899,0,,7,0,12,15,1410888,443481666,12859429,12859509,7715353,61842
1790919130,68093672,69879218176,225899,0,,10,0,12,15,1426276,445119610,12897324,12897402,7728895,61960
1790919131,68093972,69879001088,227667,0,,4,0,12,15,1414163,445916230,12916555,12916635,7755378,62167
1790919132,68093644,69879177216,232016,0,,6,0,12,15,1403398,446763180,12937051,12937138,7782890,62383
1790919133,68094640,69879943168,232016,0,,5,0,12,15,1419398,448365146,12975195,12975276,7796381,62499
1790919134,68095324,69880381440,232016,0,,8,0,12,15,1436066,449976048,13013009,13013089,7809803,62615
1790919135,68092424,69877415936,232016,0,,8,0,12,15,1450839,451584174,13050553,13050637,7823338,62730
1790919136,68093336,69877563392,233945,0,,11,0,12,15,1458761,452416900,13070245,13070328,7849495,62936
1790919138,68093148,69878427648,234432,0,,7,0,12,15,1427708,453315976,13091799,13091881,7878818,63165
1790919139,68092680,69877702656,236689,0,,7,0,12,15,1436496,454164126,13112393,13112479,7905879,63379
1790919140,68093744,69877956608,237283,0,,0,0,12,15,1431559,455781329,13149997,13150084,7921856,63514
1790919141,68093180,69877514240,239060,0,,0,0,12,15,1420984,456748596,13171775,13171862,7952792,63757
1790919142,68092580,69878108160,240995,0,,10,0,12,15,1411583,457842762,13198148,13198233,7975982,63942
1790919143,68091852,69877088256,242277,0,,9,0,12,15,1399535,458701787,13217978,13218059,8003244,64155
1790919144,68091376,69876350976,242277,0,,8,0,12,15,1415623,460277764,13256045,13256127,8016837,64273
1790919145,68090664,69876428800,242277,0,,4,0,12,15,1431264,461810053,13293370,13293453,8030223,64390
1790919146,68092176,69876371456,242553,0,,0,0,12,15,1446148,463238152,13328812,13328899,8046976,64531
1790919147,68093584,69877690368,244899,0,,0,0,12,15,1430496,463724381,13340559,13340646,8080577,64791
1790919148,68091904,69877178368,245556,0,,7,0,12,15,1424177,465142943,13373302,13373388,8098213,64939
1790919149,68093368,69878378496,246730,0,,6,0,12,15,1412440,466034311,13394640,13394725,8126042,65158
1790919150,68094320,69879336960,250353,0,,1,0,12,15,1397095,466520442,13405118,13405205,8165048,65458
1790919151,68094836,69880426496,252255,0,,5,0,12,15,1401750,467986708,13439894,13439973,8182584,65601
1790919152,68092448,69877440512,253788,0,,5,0,12,15,1379871,468906340,13461272,13461356,8210588,65821
1790919153,68092784,69877755904,254515,0,,7,0,12,15,1369593,469824000,13483112,13483194,8238181,66038
1790919154,68094420,69880938496,255224,0,,9,0,12,15,1378699,470670567,13504085,13504166,8266326,66258
1790919155,68095872,69880926208,255528,0,,0,0,12,15,1373660,472121324,13538528,13538615,8282682,66394
1790919156,68094976,69879488512,257670,0,,0,0,12,15,1358901,472646450,13550322,13550409,8319164,66675
1790919157,68093920,69878407168,258582,0,,5,0,12,15,1354985,474121106,13585850,13585937,8335538,66813
1790919159,68093504,69878239232,259555,0,,7,0,12,15,1343203,475006010,13606255,13606340,8362419,67023
1790919160,68093540,69878546432,259555,0,,6,0,12,15,1360511,476573657,13644103,13644187,8376443,67140
1790919161,68093528,69877723136,261930,0,,1,0,12,15,1343510,476847276,13651165,13651252,8416742,67446
1790919162,68093808,69878403072,262812,0,,4,0,12,15,1313623,477761599,13673183,13673263,8446710,67681
1790919163,68094660,69880209408,262812,0,,6,0,12,15,1331315,479350172,13710837,13710918,8459912,67799
1790919164,68094732,69880283136,262812,0,,4,0,12,15,1348160,480907765,13748604,13748687,8473674,67921
1790919165,68094772,69880299520,262812,0,,3,0,12,15,1364388,482489023,13785904,13785988,8486839,68038
1790919166,68095160,69879132160,263360,0,,0,0,12,15,1377506,483747478,13814757,13814844,8515245,68263
1790919167,68093960,69878448128,264498,0,,9,0,12,15,1347853,484621712,13836093,13836180,8545384,68499
1790919168,68095320,69880856576,266460,0,,10,0,12,15,1331204,485076733,13847026,13847109,8588652,68829
1790919169,68096100,69881413632,267453,0,,11,0,12,15,1300635,486006474,13868415,13868499,8617220,69051
1790919170,68093656,69879205888,267453,0,,7,0,12,15,1318412,487599114,13906288,13906374,8630565,69167
1790919171,68093640,69877841920,267926,0,,1,0,12,15,1334349,489003277,13940344,13940431,8648669,69318
1790919172,68092604,69877305344,269054,0,,8,0,12,15,1326152,490096269,13965287,13965369,8671529,69503
1790919174,68091728,69877456896,270546,0,,7,0,12,15,1316331,490975990,13986052,13986137,8698843,69718
1790919175,68093236,69878718464,270546,0,,10,0,12,15,1332989,492573967,14024228,14024310,8712031,69833
1790919176,68094236,69879771136,272338,0,,6,0,12,15,1322401,493416878,14044131,14044214,8739193,70045
1790919177,68095740,69881004032,273270,0,,0,0,12,15,1334228,494549231,14070126,14070213,8768191,70274
1790919178,68093032,69877997568,273440,0,,5,0,12,15,1331606,496131582,14107662,14107740,8782337,70399
1790919179,68093612,69879119872,274404,0,,11,0,12,15,1345666,497425541,14137588,14137674,8812242,70636
1790919180,68094084,69878284288,275462,0,,0,0,12,15,1335935,498399779,14161024,14161111,8838196,70844
1790919181,68093632,69879144448,276584,0,,10,0,12,15,1303987,499165463,14179467,14179550,8868658,71081
1790919182,68094020,69879095296,277488,0,,1,0,12,15,1314402,500078107,14201207,14201294,8895748,71295
1790919183,68092368,69876809728,277685,0,,0,0,13,16,1310001,501423524,14234498,14234585,8912889,71436
1790919184,68093976,69877936128,278713,0,,0,0,13,16,1298331,502174352,14251926,14252013,8942472,71667
1790919185,68092672,69877338112,279278,0,,4,0,13,16,1290035,503274919,14278015,14278095,8963611,71840
1790919186,68091240,69876682752,279278,0,,5,0,13,16,1307872,504863202,14315481,14315564,8977343,71962
1790919187,68093020,69876686848,280026,0,,7,0,13,16,1297762,505717679,14335567,14335651,9005344,72182
1790919189,68093556,69878530048,280720,0,,6,0,13,16,1287176,506625191,14356965,14357045,9031942,72392
1790919190,68094492,69880262656,280720,0,,7,0,13,16,1305455,508174645,14394840,14394924,9045264,72510
1790919191,68093932,69878935552,280720,0,,7,0,13,16,1322739,509741209,14432455,14432535,9058607,72628
1790919192,68094248,69880221696,280720,0,,4,0,13,16,1340274,511313828,14469830,14469911,9071917,72743
1790919193,68093472,69878194176,280720,0,,11,0,13,16,1356115,512866476,14506930,14507017,9084938,72860
1790919194,68093496,69877936128,281952,0,,0,0,13,16,1366790,513808133,14530119,14530206,9111305,73067
1790919195,68095104,69880381440,282004,0,,0,0,13,16,1362567,515337708,14566558,14566631,9125776,73196
1790919196,68093768,69878231040,282004,0,,3,0,14,16,1378318,516921770,14603965,14604049,9139129,73313
1790919197,68094572,69879005184,282441,0,,1,0,14,16,1389882,517928678,14628654,14628741,9163350,73507
1790919198,68095404,69881200640,282630,0,,5,0,14,16,1384092,519390835,14662970,14663048,9179628,73645
1790919199,68095388,69880418304,282630,0,,3,0,14,16,1400497,520996787,14700097,14700176,9192629,73761
1790919200,68097008,69881286656,283227,0,,0,0,14,16,1410928,521994167,14723325,14723412,9216611,73952
1790919201,68095444,69880479744,283513,0,,4,0,14,16,1404738,523412291,14757071,14757155,9232717,74088
1790919202,68096820,69881610240,283513,0,,7,0,14,16,1421156,524951306,14794591,14794671,9246426,74204
1790919203,68095432,69880975360,285084,0,,5,0,14,16,1406972,525578814,14808891,14808977,9271920,74402
1790919204,68096864,69881147392,285382,0,,0,0,14,16,1423505,527220211,14847264,14847351,9294912,74588
1790919205,68096504,69881290752,286148,0,,8,0,14,16,1415159,528516879,14877977,14878062,9316053,74760
1790919207,68096348,69882449920,287001,0,,9,0,14,16,1405099,529435873,14900029,14900114,9343898,74982
1790919208,68097652,69883281408,287532,0,,7,0,14,16,1394115,530343894,14922030,14922114,9371666,75201
1790919209,68097272,69881335808,287546,0,,0,0,14,16,1410653,531907598,14959825,14959912,9385018,75317
1790919210,68095536,69880332288,288120,0,,6,0,14,16,1398813,532768019,14979791,14979874,9412553,75533
1790919211,68097316,69882949632,288120,0,,9,0,14,16,1414194,534385457,15017799,15017882,9425861,75650
1790919212,68095888,69880930304,288120,0,,5,0,14,16,1430354,536024240,15055812,15055896,9439415,75769
1790919213,68097716,69882818560,288922,0,,8,0,14,16,1438962,536956853,15077619,15077703,9466291,75982
1790919214,68098624,69883756544,289658,0,,10,0,15,16,1427373,537857504,15099032,15099117,9494330,76202
1790919215,68097096,69883224064,291027,0,,8,0,15,16,1397165,538749217,15119588,15119672,9522911,76426
1790919216,68094700,69880512512,291027,0,,4,0,15,16,1412374,540305352,15157942,15158022,9536473,76545
1790919217,68094808,69879324672,291537,0,,0,0,15,16,1424534,541446747,15185618,15185705,9558958,76730
1790919218,68094780,69880336384,292512,0,,10,0,15,16,1416900,542774208,15217139,15217225,9577731,76886
1790919219,68095408,69880971264,292512,0,,4,0,15,16,1431919,544305246,15255556,15255632,9590980,77001
1790919220,68094964,69879975936,293109,0,,7,0,15,16,1420160,545145044,15275832,15275911,9618440,77217
1790919221,68094928,69880500224,293109,0,,5,0,15,16,1435590,546710534,15313970,15314054,9632502,77340
1790919222,68095868,69881282560,293642,0,,10,0,15,16,1445428,547715252,15337204,15337289,9659920,77558
1790919223,68097068,69882028032,294315,0,,6,0,15,16,1414322,548610718,15358505,15358585,9688062,77782
1790919224,68095612,69880152064,296858,0,,7,0,15,16,1403673,549535223,15380269,15380354,9716513,78008
1790919226,68097284,69882830848,297501,0,,3,0,15,16,1392011,550448588,15402008,15402085,9744114,78225
1790919227,68098096,69883731968,298406,0,,7,0,15,16,1380967,551301041,15422571,15422653,9771119,78437
1790919228,68098276,69883666432,299449,0,,10,0,15,16,1390162,552141762,15443210,15443292,9798856,78654
1790919229,68097052,69881880576,301179,0,,5,0,15,16,1359513,553040337,15464232,15464318,9826268,78868
1790919230,68096844,69881405440,301608,0,,0,0,15,16,1372138,554274089,15493164,15493251,9853738,79086
1790919231,68096052,69881372672,302669,0,,10,0,15,16,1340298,555083587,15511790,15511874,9883472,79321
1790919232,68094940,69880492032,304552,0,,7,0,15,16,1341875,555968786,15533957,15534031,9911624,79546
1790919233,68095044,69879824384,305587,0,,7,0,15,16,1320339,556836009,15555382,15555465,9938932,79764
1790919234,68093796,69879341056,305587,0,,8,0,15,16,1337085,558403256,15593670,15593755,9952683,79886
1790919235,68094312,69880127488,308694,0,,5,0,15,16,1326687,559264427,15614074,15614147,9979790,80098
1790919236,68095980,69881049088,309334,0,,0,0,15,16,1340973,560541490,15645018,15645105,10001090,80274
1790919237,68095972,69880532992,311557,0,,0,0,15,16,1328012,561158566,15659793,15659880,10032474,80517
1790919238,68094708,69878919168,312455,0,,0,0,15,16,1322346,562484840,15691025,15691112,10058584,80726
1790919240,68095112,69879369728,313401,0,,1,0,15,16,1314607,563656897,15718436,15718523,10083699,80926
1790919241,68095324,69880373248,317318,0,,5,0,15,16,1278816,564028366,15727125,15727208,10120674,81208
1790919242,68092708,69877985280,319778,0,,7,0,15,16,1290572,565087739,15752378,15752460,10149066,81432
1790919243,68093788,69879046144,322646,0,,6,0,15,16,1261364,565988869,15774221,15774300,10177553,81655
1790919244,68091504,69877518336,325289,0,,10,0,15,16,1251553,566877615,15795618,15795702,10205340,81872
1790919245,68093984,69879263232,325289,0,,11,0,16,16,1269889,568489211,15833721,15833803,10218451,81986
1790919246,68093680,69878001664,326486,0,,1,0,16,16,1286452,569907951,15867973,15868060,10241923,82174
1790919247,68093388,69878677504,328663,0,,6,0,16,16,1252985,570515584,15881053,15881139,10275675,82433
1790919248,68094192,69879209984,331817,0,,0,0,16,16,1238831,570987251,15891324,15891411,10318651,82761
1790919249,68093916,69878661120,331878,0,,9,0,16,16,1236941,572541093,15929859,15929941,10332875,82886
1790919250,68092116,69877379072,331878,0,,5,0,16,16,1256055,574172367,15967872,15967956,10346404,83004
1790919252,68091076,69875503104,332680,0,,0,0,16,16,1269499,575266743,15994804,15994891,10373740,83221
1790919253,68091056,69875732480,333748,0,,0,0,16,16,1261563,576395883,16020804,16020891,10401153,83438
1790919254,68091292,69875658752,335316,0,,5,0,16,16,1257751,577832982,16055306,16055386,10417544,83574
1790919255,68091360,69876318208,337390,0,,6,0,16,16,1248057,578714813,16076263,16076347,10445524,83792
1790919256,68093044,69877526528,338290,0,,8,0,16,16,1238711,579635625,16097764,16097842,10472637,84007
1790919257,68093052,69878059008,340983,0,,7,0,16,16,1229673,580534965,16119406,16119484,10500658,84229
1790919258,68094504,69879525376,340983,0,,5,0,16,16,1247747,582108012,16157251,16157337,10514661,84352
1790919259,68095636,69880688640,340983,0,,6,0,16,16,1265975,583715658,16194759,16194841,10527798,84467
1790919260,68094576,69880406016,342361,0,,7,0,16,16,1254630,584541381,16214090,16214176,10554892,84681
1790919261,68094348,69879386112,342361,0,,8,0,16,16,1273114,586145280,16251389,16251473,10567768,84791
1790919262,68092764,69878259712,342361,0,,5,0,16,16,1291346,587688611,16289098,16289181,10581560,84912
1790919263,68092052,69876920320,342361,0,,5,0,16,16,1308173,589294310,16326395,16326478,10594431,85024
1790919264,68093144,69878677504,343700,0,,8,0,16,16,1318725,590226518,16348664,16348746,10621647,85238
1790919265,68093984,69878902784,343700,0,,8,0,16,16,1315925,591829253,16386526,16386608,10635700,85363
1790919266,68093040,69878296576,343700,0,,3,0,16,16,1332471,593428479,16423838,16423923,10648544,85477
1790919267,68093836,69879123968,343700,0,,7,0,16,16,1348596,595048472,16461367,16461450,10662110,85596
1790919268,68093912,69878411264,345937,0,,6,0,16,16,1336599,595750195,16478340,16478426,10694657,85849
1790919269,68092376,69878120448,346979,0,,5,0,16,16,1327465,596876505,16504965,16505051,10717870,86037
1790919270,68093696,69878951936,349322,0,,11,0,16,16,1317375,597794504,16527225,16527304,10746246,86261
1790919272,68095060,69880627200,352764,0,,5,0,16,16,1306764,598693661,16548976,16549057,10773560,86477
1790919273,68092604,69877837824,352764,0,,6,0,16,16,1324969,600283600,16586731,16586814,10786779,86594
1790919274,68093940,69879508992,352764,0,,7,0,16,16,1341246,601880973,16624927,16625009,10799828,86708
1790919275,68095520,69880061952,354773,0,,0,0,16,16,1327959,602447382,16638425,16638512,10837496,86998
1790919276,68096132,69881778176,355437,0,,12,0,16,16,1321409,603781214,16670331,16670412,10856442,87157
1790919277,68094680,69878747136,356193,0,,0,0,16,16,1335911,605122180,16702713,16702800,10884489,87383
1790919278,68094748,69879513088,356467,0,,6,0,16,16,1330678,606585867,16738171,16738252,10900830,87522
1790919279,68095388,69881196544,357626,0,,7,0,16,16,1320063,607481132,16759952,16760033,10928359,87740
1790919280,68095660,69879418880,357911,0,,0,0,16,16,1333920,608812114,16790704,16790791,10947619,87898
1790919281,68094492,69880037376,358306,0,,6,0,16,16,1324946,610000387,16818761,16818838,10969701,88079
1790919282,68093888,69879705600,358306,0,,9,0,16,16,1341406,611616393,16856485,16856572,10983093,88198
1790919283,68095304,69880090624,360893,0,,5,0,16,16,1330867,612495322,16877524,16877602,11010578,88416
1790919284,68094728,69878984704,360893,0,,8,0,16,16,1347676,614055185,16915793,16915875,11024022,88533
1790919285,68094588,69880147968,361528,0,,6,0,16,16,1336944,614929884,16936653,16936739,11051665,88754
1790919286,68094604,69879906304,361528,0,,7,0,16,16,1353704,616533568,16974650,16974730,11065109,88871
1790919287,68093776,69879042048,361528,0,,6,0,16,16,1368861,618114191,17012620,17012700,11078055,88987
1790919288,68093072,69877534720,361528,0,,10,0,16,16,1384257,619702647,17050323,17050408,11092096,89111
1790919290,68094360,69880176640,362291,0,,9,0,16,16,1393532,620549892,17070609,17070688,11119107,89325
1790919291,68094228,69879504896,362291,0,,5,0,16,16,1387798,622117499,17108452,17108534,11133678,89452
1790919292,68094536,69880086528,363133,0,,5,0,16,16,1375877,623045304,17130253,17130338,11160879,89669
1790919293,68095904,69880975360,363133,0,,6,0,16,16,1392075,624636200,17168208,17168289,11174131,89787
1790919294,68097396,69883035648,363133,0,,11,0,16,16,1407125,626235345,17206229,17206314,11188139,89909
1790919295,68095528,69879808000,364183,0,,0,0,16,16,1394017,626959173,17222712,17222799,11221294,90167
1790919296,68096296,69881909248,364897,0,,4,0,16,16,1385786,628084466,17249576,17249657,11243821,90350
1790919297,68097920,69883805696,364897,0,,4,0,16,16,1401872,629691945,17287140,17287219,11257469,90472
1790919298,68097696,69883056128,364897,0,,5,0,16,16,1416477,631271062,17325153,17325236,11270891,90589
1790919299,68099264,69884682240,365421,0,,5,0,16,16,1405273,632200788,17346116,17346199,11298196,90804
1790919300,68098696,69883011072,365756,0,,1,0,16,16,1417758,633447841,17376296,17376383,11324719,91018
1790919301,68098680,69883539456,367334,0,,0,0,16,16,1383715,634068354,17390702,17390789,11367744,91351
1790919302,68100336,69884997632,367798,0,,0,0,16,16,1378074,635420529,17422354,17422441,11392153,91551
1790919303,68099924,69885341696,368329,0,,10,0,16,16,1368248,636500995,17448274,17448356,11415450,91741
1790919304,68099220,69884583936,369696,0,,9,0,16,16,1357194,637372192,17469725,17469805,11442908,91957
1790919305,68098684,69882822656,370781,0,,0,0,16,16,1367272,638346204,17493616,17493703,11469896,92173
1790919306,68098592,69883092992,372895,0,,9,0,16,16,1332170,638816260,17504649,17504733,11515272,92521
1790919307,68097152,69881729024,372895,0,,9,0,16,16,1328771,640342248,17542605,17542689,11529800,92650
1790919308,68097328,69883187200,372895,0,,6,0,16,16,1346077,641950992,17580358,17580440,11542472,92765
1790919310,68095072,69880664064,372895,0,,9,0,16,16,1362309,643590836,17617770,17617853,11555880,92881
1790919311,68093952,69878194176,374562,0,,0,0,16,16,1372432,644523692,17639737,17639824,11581960,93088
1790919312,68095476,69880541184,375592,0,,9,0,16,16,1367033,645905647,17672396,17672477,11615074,93353
1790919313,68096360,69880389632,376878,0,,1,0,16,16,1336271,646796140,17693349,17693436,11647910,93610
1790919314,68093848,69878026240,378183,0,,6,0,16,16,1344181,647857061,17719258,17719344,11672537,93806
1790919315,68095652,69880401920,381098,0,,0,0,16,16,1315468,648534044,17735690,17735777,11709636,94094
1790919316,68094532,69879554048,383357,0,,8,0,17,16,1310155,649836493,17766590,17766674,11729693,94259
1790919317,68093864,69878091776,385297,0,,0,0,17,16,1300868,650730777,17787782,17787869,11759691,94493
1790919318,68095144,69880197120,387146,0,,5,0,17,16,1291613,651741746,17811539,17811618,11785961,94702
1790919319,68093684,69878435840,387862,0,,7,0,17,16,1283273,652693067,17833987,17834066,11813941,94922
1790919320,68093768,69878497280,387862,0,,6,0,17,16,1301439,654302783,17871927,17872012,11827595,95044
1790919321,68095620,69880971264,387862,0,,6,0,17,16,1318736,655894171,17909739,17909821,11841091,95162
1790919322,68095028,69880467456,387862,0,,3,0,17,16,1336025,657446655,17947463,17947543,11854712,95280
1790919323,68091588,69875736576,388456,0,,1,0,17,16,1348870,658648480,17974673,17974760,11876056,95455
1790919324,68092700,69878087680,389116,0,,6,0,17,16,1342643,659899266,18005429,18005508,11895700,95615
1790919326,68092812,69877252096,392732,0,,0,0,17,16,1328792,660486962,18019095,18019182,11932022,95895
1790919327,68092304,69877547008,396717,0,,6,0,17,16,1296505,661198528,18036241,18036326,11966663,96165
1790919328,68093252,69878611968,396717,0,,6,0,17,16,1315470,662787999,18073928,18074009,11980561,96285
1790919329,68091808,69876752384,397576,0,,9,0,17,16,1305492,663731244,18095922,18096003,12007826,96501
1790919330,68092196,69876355072,398612,0,,0,0,17,16,1320495,664997292,18127160,18127247,12029361,96679
1790919331,68093248,69879263232,400562,0,,5,0,17,16,1287762,665660704,18141989,18142069,12064060,96946
1790919332,68095304,69879644160,402080,0,,0,0,17,16,1299800,666712386,18167946,18168033,12090704,97157
1790919333,68095516,69880303616,402096,0,,12,0,17,16,1297625,668264378,18204925,18205006,12105835,97287
1790919334,68095908,69880434688,403003,0,,6,0,17,16,1287738,669197267,18227546,18227628,12133833,97507
1790919335,68097068,69883011072,404926,0,,5,0,17,16,1278778,670154152,18249640,18249721,12162348,97733
1790919336,68097420,69881442304,406319,0,,0,0,17,16,1268400,671008288,18270216,18270303,12193538,97976
1790919337,68095732,69880512512,409060,0,,13,0,17,16,1256773,671710671,18287218,18287303,12235341,98298
1790919338,68092720,69877932032,409060,0,,8,0,17,16,1255868,673309078,18325127,18325206,12249174,98418
1790919339,68091196,69875863552,409060,0,,6,0,17,16,1273903,674925196,18363532,18363618,12262186,98531
1790919340,68092332,69877501952,409060,0,,7,0,17,16,1291575,676545234,18401433,18401512,12276185,98651
1790919342,68092120,69876801536,410862,0,,0,0,17,16,1306853,677857817,18432737,18432824,12303490,98869
1790919343,68091420,69875830784,411774,0,,8,0,17,16,1303529,679326592,18468212,18468297,12319618,99007
1790919344,68092964,69878702080,413592,0,,11,0,17,16,1313797,680235726,18490571,18490655,12347661,99226
1790919345,68091828,69878071296,413592,0,,6,0,17,16,1310516,681843168,18528595,18528678,12360629,99341
1790919346,68091044,69875625984,414564,0,,5,0,17,16,1300687,682832307,18550977,18551063,12389162,99564
1790919347,68091992,69876953088,416298,0,,8,0,17,16,1290993,683774234,18573611,18573692,12417346,99787
1790919348,68092604,69877293056,416840,0,,0,0,17,16,1306850,685230232,18609129,18609216,12437012,99950
1790919349,68092988,69878743040,419714,0,,7,0,17,16,1292125,685723913,18620493,18620579,12473972,100235
1790919350,68091952,69876375552,421240,0,,5,0,18,20,1265527,686723898,18643982,18644062,12502533,100462
1790919351,68091004,69875798016,423079,0,,4,0,18,20,1253516,687708176,18667059,18667139,12530774,100687
1790919352,68091776,69876969472,423079,0,,4,0,19,20,1271435,689291161,18705114,18705193,12544121,100805
1790919353,68091900,69877075968,425045,0,,7,0,19,20,1262145,690250883,18727818,18727901,12572178,101027
1790919354,68091304,69876727808,425045,0,,5,0,19,20,1279880,691820540,18765849,18765930,12586206,101151
1790919355,68092768,69878472704,425841,0,,7,0,19,20,1270126,692724476,18788473,18788556,12614453,101375
1790919356,68093608,69879087104,427651,0,,4,0,19,20,1260198,693656948,18812305,18812384,12642555,101599
1790919357,68094076,69879296000,428658,0,,5,0,19,20,1250322,694594546,18835522,18835603,12671460,101831
1790919358,68095368,69880111104,428658,0,,7,0,19,20,1267741,696185166,18873538,18873617,12685074,101948
1790919359,68096952,69880942592,429048,0,,0,0,19,20,1281389,697393391,18903336,18903423,12710384,102154
1790919360,68097684,69883260928,429152,0,,8,0,19,20,1277121,698820313,18937026,18937108,12727491,102299
1790919362,68097292,69882773504,429152,0,,8,0,19,20,1293765,700412253,18974319,18974405,12741063,102419
1790919363,68095352,69880614912,431849,0,,10,0,19,20,1282914,701364411,18996014,18996093,12768652,102638
1790919364,68096464,69881999360,432990,0,,5,0,19,20,1274000,702332407,19018510,19018593,12797984,102870
1790919365,68092452,69877624832,435286,0,,5,0,19,20,1264082,703341529,19042696,19042781,12825381,103091
1790919366,68093920,69878345728,437453,0,,4,0,19,20,1260021,704328874,19066119,19066200,12853938,103319
1790919367,68095176,69880692736,437453,0,,3,0,19,20,1277473,705918315,19104777,19104857,12867722,103441
1790919368,68095688,69880963072,438072,0,,5,0,20,20,1261473,706877635,19127152,19127238,12895809,103662
1790919369,68096056,69880561664,438833,0,,7,0,20,20,1252330,707782513,19148834,19148916,12923933,103884
1790919370,68095840,69881499648,440570,0,,10,0,20,20,1262056,708733252,19171471,19171556,12951748,104105
1790919371,68095844,69879828480,442598,0,,9,0,20,20,1232593,709745481,19195277,19195364,12980233,104329
1790919372,68095792,69880815616,444933,0,,8,0,20,20,1223849,710700127,19218022,19218105,13007901,104549
1790919373,68096460,69880393728,445550,0,,0,0,20,20,1236167,711776025,19243771,19243858,13032312,104744
1790919374,68095436,69880983552,447147,0,,6,0,20,20,1204758,712593719,19263240,19263325,13063599,104988
1790919375,68095284,69880029184,447147,0,,6,0,20,20,1222487,714169035,19301956,19302037,13077859,105111
1790919376,68094620,69880381440,447147,0,,8,0,20,20,1239938,715733596,19339584,19339666,13090878,105227
1790919377,68096240,69880463360,449143,0,,0,0,20,20,1230540,716656986,19360502,19360589,13120811,105460
1790919378,68095428,69879631872,450331,0,,6,0,20,20,1221072,717638951,19384004,19384085,13146885,105666
1790919379,68096652,69881937920,451508,0,,7,0,20,20,1212973,718584889,19406039,19406121,13174741,105883
1790919380,68097956,69882249216,452389,0,,0,0,20,20,1225262,719623634,19430939,19431026,13200306,106085
1790919381,68097104,69882642432,453656,0,,3,0,20,20,1222650,721153838,19467382,19467462,13216044,106220
1790919382,68098124,69883699200,453656,0,,5,0,20,20,1241207,722739926,19505661,19505739,13229027,106335
1790919383,68098460,69883535360,456815,0,,8,0,20,20,1231714,723667510,19527560,19527645,13256841,106554
1790919385,68097940,69882269696,457746,0,,1,0,20,20,1245949,725026304,19558927,19559014,13283790,106771
1790919386,68096880,69881204736,461294,0,,0,0,20,20,1236556,726005372,19581737,19581824,13310755,106982
1790919387,68095972,69880958976,462507,0,,8,0,20,20,1206539,726773969,19599974,19600060,13343065,107233
1790919388,68096184,69881716736,462507,0,,7,0,20,20,1225605,728377849,19638367,19638447,13356230,107353
1790919389,68095440,69880897536,462507,0,,5,0,20,20,1244054,729962574,19676595,19676675,13369516,107469
1790919390,68094516,69879750656,462507,0,,7,0,21,20,1262455,731574896,19714636,19714719,13382764,107587
1790919391,68095240,69879189504,463737,0,,7,0,21,20,1272745,732689241,19741565,19741650,13405578,107769
1790919392,68096092,69881462784,464143,0,,6,0,21,20,1267628,734074687,19774639,19774722,13423920,107921
1790919393,68095980,69881237504,466149,0,,9,0,21,20,1257342,734928555,19794979,19795063,13451059,108133
1790919394,68095276,69881344000,467442,0,,8,0,21,20,1248037,735831384,19817332,19817413,13479260,108356
1790919395,68095524,69879996416,470735,0,,0,0,21,20,1236731,736587795,19835511,19835598,13511813,108606
1790919396,68095760,69881798656,472360,0,,5,0,21,20,1230032,737735339,19862511,19862595,13535076,108793
1790919397,68095924,69880938496,472360,0,,4,0,21,20,1247553,739379569,19900341,19900423,13548892,108911
1790919398,68096172,69881712640,472360,0,,5,0,21,20,1265259,740974780,19938892,19938971,13562454,109030
1790919399,68094192,69879148544,473240,0,,7,0,21,20,1254698,741822861,19959192,19959278,13589652,109242
1790919400,68095064,69879492608,474708,0,,1,0,21,20,1244291,742620367,19978326,19978412,13626612,109528
1790919401,68095136,69879844864,478673,0,,8,0,21,20,1210438,743205772,19992148,19992230,13661481,109797
1790919403,68093996,69878956032,478673,0,,4,0,21,20,1229815,744812394,20030340,20030420,13675087,109916
1790919404,68094816,69880225792,478673,0,,8,0,22,25,1247904,746407987,20067590,20067667,13688366,110030
1790919405,68095480,69880483840,481018,0,,7,0,22,25,1238143,747302664,20088954,20089033,13716071,110247
1790919406,68096332,69882138624,481018,0,,7,0,22,25,1255283,748921971,20127187,20127266,13729886,110368
1790919407,68097552,69883129856,481018,0,,4,0,22,25,1272610,750493983,20165687,20165768,13743555,110486
1790919408,68098740,69883260928,482649,0,,9,0,22,25,1261961,751399315,20186965,20187047,13771269,110706
1790919409,68100324,69885689856,483944,0,,8,0,22,25,1252151,752301534,20209073,20209156,13799113,110925
1790919410,68100160,69885431808,485764,0,,6,0,22,25,1243038,753230085,20231034,20231110,13826953,111145
1790919411,68099160,69884760064,487290,0,,9,0,22,25,1233694,754178622,20253204,20253280,13855370,111367
1790919412,68097472,69882269696,489333,0,,8,0,22,25,1223318,755073008,20275457,20275542,13883056,111584
1790919413,68098812,69883650048,489333,0,,6,0,23,25,1241577,756636464,20313339,20313419,13896317,111698
1790919414,68097664,69882466304,489333,0,,5,0,23,25,1258624,758206236,20351277,20351357,13909848,111818
1790919415,68096600,69880827904,490264,0,,0,0,23,25,1271113,759325385,20377939,20378026,13931915,111995
1790919416,68096476,69881487360,491793,0,,3,0,23,25,1265757,760668194,20409929,20409998,13950223,112147
1790919417,68096316,69881339904,491793,0,,7,0,23,25,1283881,762268069,20447567,20447648,13963746,112266
1790919418,68096992,69881503744,497010,0,,0,0,23,25,1270155,762866283,20461209,20461296,13999107,112540
1790919419,68097552,69882859520,497408,0,,7,0,23,25,1263855,764098129,20491796,20491879,14019264,112708
1790919420,68098980,69884317696,497408,0,,5,0,23,25,1281185,765690655,20529931,20530015,14033562,112830
1790919421,68097952,69882740736,497408,0,,6,0,23,25,1297570,767303148,20568147,20568233,14047440,112953
1790919423,68098352,69884203008,498225,0,,15,0,23,25,1313731,768730684,20603119,20603205,14078717,113202
1790919424,68098472,69883494400,502576,0,,6,0,23,25,1283404,769700231,20625494,20625572,14107420,113428
1790919425,68097928,69882728448,502576,0,,8,0,23,25,1300263,771298620,20663687,20663772,14120731,113545
1790919426,68100056,69884633088,504919,0,,7,0,23,25,1290046,772232514,20685215,20685296,14148403,113762
1790919427,68100140,69885509632,507045,0,,8,0,23,25,1280107,773169091,20707898,20707985,14176787,113986
1790919428,68099476,69884338176,509257,0,,8,0,23,25,1269770,774097239,20730484,20730570,14205293,114213
1790919429,68100352,69884833792,510855,0,,12,0,23,25,1260709,775073341,20753391,20753473,14233292,114433
1790919430,68099336,69884628992,511919,0,,7,0,23,25,1250503,776004233,20775306,20775393,14260848,114651
1790919431,68098716,69883301888,511919,0,,6,0,23,25,1267474,777564113,20813357,20813437,14274673,114773
1790919432,68098884,69882949632,513639,0,,0,0,23,25,1256653,778388936,20832591,20832678,14305745,115013
1790919433,68099676,69885063168,514318,0,,5,0,23,25,1251964,779428049,20857806,20857889,14330961,115215
1790919434,68097816,69882626048,515956,0,,11,0,23,25,1238394,780339084,20879470,20879557,14357799,115427
1790919435,68099372,69885267968,516945,0,,8,0,23,25,1228942,781244101,20901764,20901845,14385802,115648
1790919436,68098364,69883441152,516945,0,,8,0,23,25,1245832,782844695,20939425,20939506,14399335,115767
1790919437,68097532,69883641856,516945,0,,5,0,23,25,1264069,784408947,20977342,20977428,14412844,115886
1790919438,68098368,69883199488,516945,0,,7,0,23,25,1280146,786023489,21014739,21014821,14426128,116002
1790919439,68099124,69883727872,520826,0,,11,0,23,25,1290362,786921130,21035516,21035600,14452687,116213
1790919440,68098244,69883068416,520826,0,,7,0,23,25,1286842,788506044,21073182,21073267,14466488,116335
1790919441,68099316,69883932672,523273,0,,8,0,23,25,1276692,789394016,21094410,21094494,14494005,116552
1790919442,68099848,69884973056,524541,0,,7,0,23,25,1266592,790273278,21115151,21115233,14522922,116780
1790919444,68098388,69883494400,526492,0,,5,0,23,25,1257290,791245893,21139114,21139201,14549973,116993
1790919445,68099672,69884108800,530724,0,,0,0,23,25,1245018,791886924,21155291,21155378,14591929,117315
1790919446,68099440,69884444672,531676,0,,0,0,23,25,1239602,793166795,21185739,21185826,14617304,117520
1790919447,68097136,69882200064,533903,0,,10,0,23,25,1233786,794446485,21216205,21216292,14637631,117687
1790919448,68098852,69884465152,533903,0,,4,0,23,25,1252603,796008388,21254252,21254333,14650672,117805
1790919449,68099776,69885960192,535403,0,,11,0,23,25,1267772,797326273,21285194,21285281,14680873,118044
1790919450,68098612,69883150336,536654,0,,0,0,23,25,1261769,798550736,21314970,21315057,14704565,118236
1790919451,68098764,69883604992,538052,0,,5,0,23,25,1256761,799893267,21347473,21347554,14724033,118399
1790919452,68099148,69884530688,538052,0,,7,0,23,25,1274797,801564602,21385003,21385082,14737378,118515
1790919453,68099412,69884010496,538328,0,,0,0,23,25,1290141,802998619,21418196,21418283,14753645,118650
1790919454,68099212,69884317696,540643,0,,2,0,23,25,1272574,803217715,21423407,21423494,14790319,118929
1790919455,68100196,69885599744,540739,0,,9,0,23,25,1270027,804797402,21461784,21461862,14804276,119050
1790919457,68099544,69883621376,541135,0,,0,0,24,27,1287481,806342756,21499853,21499940,14829988,119262
1790919458,68099572,69884178432,542551,0,,0,0,24,27,1254211,806967780,21514995,21515082,14865431,119534
1790919459,68098940,69883015168,544236,0,,0,0,24,27,1242583,807629297,21531224,21531311,14899739,119800
1790919460,68097992,69882286080,546042,0,,0,0,24,27,1231770,808476646,21551191,21551278,14930494,120041
1790919461,68098652,69884276736,547291,0,,2,0,24,27,1227857,809911269,21585042,21585119,14948289,120190
1790919462,68099012,69884637184,548233,0,,4,0,24,27,1218240,810806547,21606617,21606701,14976142,120408
1790919463,68097484,69882834944,553228,0,,9,0,24,27,1209628,811738435,21628814,21628899,15004378,120630
1790919464,68099284,69884661760,556905,0,,11,0,24,27,1195213,812254638,21640840,21640921,15047384,120959
1790919465,68098992,69883379712,558306,0,,7,0,24,27,1166826,813176987,21663048,21663128,15076662,121190
1790919466,68095540,69881352192,558306,0,,10,0,25,27,1186084,814755642,21701618,21701704,15089689,121304
1790919467,68097116,69882179584,559496,0,,6,0,25,27,1177692,815656630,21723660,21723740,15118048,121528
1790919468,68097972,69883404288,560115,0,,3,0,25,27,1167692,816582905,21745347,21745429,15145873,121747
1790919469,68097712,69883437056,560115,0,,9,0,25,27,1186407,818190750,21782990,21783073,15159132,121860
1790919470,68097436,69882765312,560115,0,,6,0,25,27,1204444,819767260,21820130,21820207,15172265,121975
1790919471,68096844,69882421248,560115,0,,6,0,25,27,1223694,821350631,21857414,21857497,15186224,122095
1790919472,68095852,69881126912,562512,0,,0,0,25,27,1206922,821673116,21864362,21864449,15226854,122405
1790919473,68097136,69882195968,564480,0,,7,0,25,27,1178158,822634351,21885940,21886022,15256443,122639
1790919475,68095472,69881794560,566467,0,,8,0,25,27,1169129,823552633,21908532,21908615,15284155,122860
1790919476,68094076,69878476800,566467,0,,4,0,25,27,1187902,825109520,21947242,21947326,15297836,122979
1790919477,68095104,69881159680,567996,0,,11,0,26,27,1178273,826025996,21969004,21969088,15325751,123198
1790919478,68094908,69880184832,572026,0,,5,0,26,27,1169109,826992796,21991612,21991692,15353521,123417
1790919479,68095432,69879406592,573244,0,,0,0,26,27,1183891,828166643,22020380,22020467,15375216,123592
1790919480,68096828,69881884672,575125,0,,7,0,26,27,1178562,829479279,22051728,22051812,15394623,123753
1790919481,68094160,69879156736,575125,0,,3,0,26,27,1197438,831094119,22089585,22089664,15408302,123870
1790919482,68094048,69879324672,576284,0,,5,0,26,27,1186892,831959168,22110374,22110456,15435480,124083
1790919483,68093784,69879029760,576284,0,,8,0,26,27,1205594,833531982,22148919,22149000,15448904,124200
1790919484,68095180,69880193024,576284,0,,7,0,26,27,1223691,835144204,22187077,22187161,15462514,124316
1790919485,68096088,69880082432,579045,0,,0,0,26,27,1209446,835648507,22199477,22199564,15498378,124591
1790919486,68097276,69882105856,579605,0,,7,0,26,27,1204095,836948518,22231301,22231381,15518162,124753
1790919487,68097072,69882134528,579605,0,,7,0,26,27,1221507,838526163,22269448,22269531,15531702,124871
1790919488,68095672,69879894016,580555,0,,0,0,26,27,1231774,839421183,22290694,22290781,15557037,125072
1790919489,68097168,69881966592,581032,0,,4,0,26,27,1228647,840999158,22327898,22327978,15572246,125201
1790919490,68098288,69883613184,581927,0,,5,0,26,27,1219250,841923707,22349633,22349713,15599904,125416
1790919491,68095868,69880819712,584762,0,,7,0,26,27,1208868,842843631,22371341,22371424,15627897,125638
1790919492,68095876,69881368576,587707,0,,0,0,27,27,1219207,843793572,22393802,22393889,15654534,125848
1790919493,68097976,69882482688,589017,0,,0,0,27,27,1215542,845308301,22428976,22429063,15671166,125987
1790919494,68097524,69882527744,592059,0,,5,0,27,27,1179885,845700475,22438411,22438495,15710942,126291
1790919495,68097064,69882085376,593213,0,,4,0,27,27,1171024,846656690,22462323,22462403,15739574,126520
1790919496,68094592,69879169024,594599,0,,7,0,27,27,1162210,847630805,22484283,22484365,15767742,126744
1790919497,68094164,69879091200,597740,0,,5,0,27,27,1154115,848570549,22507029,22507113,15795800,126967
1790919498,68093544,69878218752,598558,0,,6,0,27,27,1145071,849538500,22528563,22528645,15823456,127186
1790919500,68093964,69879169024,598558,0,,9,0,27,27,1163840,851132842,22566317,22566396,15836945,127305
1790919501,68092468,69877112832,598558,0,,10,0,27,27,1182156,852721393,22603494,22603579,15849900,127416
1790919502,68093884,69879345152,600928,0,,3,0,27,27,1171909,853573440,22623810,22623890,15877370,127634
1790919503,68095112,69880582144,602860,0,,9,0,27,27,1176124,854468068,22645498,22645576,15905367,127856
1790919504,68096136,69880864768,602860,0,,5,0,27,27,1193423,856012115,22683162,22683242,15918210,127970
1790919505,68096892,69882429440,607231,0,,8,0,27,27,1170339,856891118,22703864,22703944,15945588,128187
1790919506,68096900,69881909248,607231,0,,5,0,27,27,1188601,858474089,22741618,22741698,15958783,128301
1790919507,68096784,69881253888,607646,0,,0,0,27,27,1202010,859643564,22768772,22768859,15982469,128491
1790919508,68096400,69880336384,610235,0,,1,0,27,27,1167839,860118843,22780132,22780219,16019693,128779
1790919509,68096612,69881806848,614031,0,,8,0,27,27,1160493,861286454,22807353,22807434,16042707,128965
1790919510,68097068,69882331136,618080,0,,7,0,27,27,1151189,862191263,22828576,22828651,16070550,129184
1790919511,68097696,69882712064,618903,0,,9,0,27,27,1141133,863130937,22850343,22850424,16097735,129398
1790919512,68098648,69884194816,618903,0,,5,0,27,27,1160096,864728109,22888124,22888204,16111698,129519
1790919513,68097004,69881999360,620480,0,,6,0,27,27,1151238,865647197,22909709,22909792,16139218,129736
1790919514,68098448,69883740160,620480,0,,4,0,27,27,1170093,867246443,22947975,22948055,16152117,129851
1790919515,68098860,69882609664,620823,0,,0,0,27,27,1187652,868837947,22984734,22984821,16166654,129975
1790919516,68097508,69882527744,625292,0,,10,0,27,27,1170789,869092940,22990505,22990591,16206779,130280
1790919517,68096248,69880197120,628847,0,,1,0,27,27,1137777,869749302,23006439,23006526,16242548,130555
1790919518,68096284,69882101760,632092,0,,6,0,27,27,1126070,870443809,23022967,23023052,16275911,130814
1790919519,68095020,69880492032,632092,0,,9,0,27,27,1129919,872050807,23060738,23060824,16289339,130937
1790919520,68095088,69880053760,635878,0,,7,0,27,27,1121059,872970354,23082190,23082272,16316766,131155
1790919521,68093780,69878718464,635878,0,,8,0,27,27,1139959,874608228,23120155,23120236,16329672,131266
1790919523,68093088,69877977088,640495,0,,5,0,27,27,1126786,875204458,23134275,23134362,16366046,131545
1790919524,68094424,69879881728,640495,0,,4,0,27,27,1130646,876745728,23171909,23171990,16382875,131688
1790919525,68094296,69879513088,644043,0,,9,0,27,27,1123929,877679016,23194253,23194334,16410476,131905
1790919526,68092108,69877407744,644043,0,,7,0,27,27,1142125,879211147,23232120,23232204,16423591,132023
1790919527,68092736,69876867072,645579,0,,0,0,27,27,1157843,880526583,23263583,23263670,16444361,132193
1790919528,68093948,69879201792,646366,0,,6,0,27,27,1151360,881728863,23292538,23292618,16465194,132363
1790919529,68094000,69878943744,647118,0,,10,0,27,27,1141519,882610366,23313524,23313605,16493325,132585
1790919530,68094608,69879304192,650570,0,,7,0,27,27,1132456,883503863,23335623,23335702,16520882,132804
1790919531,68095948,69881733120,652343,0,,10,0,27,27,1124533,884394112,23357740,23357823,16547701,133015
1790919532,68095320,69880291328,652343,0,,10,0,27,27,1143888,885983155,23396059,23396137,16560774,133133
1790919533,68095444,69880479744,654857,0,,0,0,27,27,1155389,886925450,23418084,23418171,16587161,133341
1790919534,68093920,69878353920,658385,0,,5,0,27,27,1125030,887802914,23439349,23439432,16616594,133576
1790919535,68095704,69880692736,660012,0,,6,0,27,27,1120758,888873236,23464379,23464460,16643080,133786
1790919536,68096888,69881389056,660012,0,,5,0,27,27,1139415,890461385,23502062,23502145,16656901,133908
1790919537,68098208,69883760640,663822,0,,8,0,27,27,1129308,891380201,23522729,23522807,16683968,134120
1790919538,68097332,69882605568,668927,0,,4,0,27,27,1127622,892569520,23550262,23550349,16709725,134327
1790919539,68099064,69883351040,668927,0,,6,0,27,27,1146119,894185462,23588408,23588493,16723001,134445
1790919540,68097604,69883154432,670862,0,,7,0,27,27,1136485,895115480,23609836,23609919,16750752,134663
1790919541,68096316,69881049088,672249,0,,4,0,27,27,1130166,896041785,23631885,23631971,16777712,134875
1790919542,68097776,69882552320,675245,0,,10,0,27,27,1128648,897066979,23656581,23656665,16810523,135131
1790919543,68097380,69882925056,675245,0,,7,0,27,27,1116637,898498187,23689564,23689644,16845481,135400
1790919545,68096440,69881729024,675245,0,,7,0,27,27,1127924,900022493,23726015,23726099,16865770,135556
1790919546,68098132,69883703296,675245,0,,6,0,27,27,1133640,901536976,23763394,23763475,16884721,135707
1790919547,68098052,69883625472,675245,0,,3,0,27,27,1151792,903104837,23801629,23801711,16898240,135823
1790919548,68097988,69883031552,675245,0,,6,0,27,27,1168869,904680097,23839864,23839949,16912337,135945
1790919549,68099216,69884444672,675245,0,,7,0,27,27,1187061,906212450,23877747,23877825,16925718,136061
1790919550,68100404,69885743104,676345,0,,5,0,27,27,1175270,907003935,23896500,23896580,16951901,136266
1790919551,68098156,69882646528,680170,0,,0,0,27,27,1185672,907922232,23919435,23919522,16977115,136465
1790919552,68097084,69882077184,683034,0,,7,0,27,27,1173315,908726745,23938939,23939018,17007113,136700
1790919553,68096932,69881913344,685624,0,,0,0,27,27,1144818,909550907,23958180,23958267,17047044,137010
1790919554,68097104,69882621952,690418,0,,9,0,27,27,1134967,910466752,23980327,23980410,17075466,137233
1790919555,68097688,69882966016,690418,0,,6,0,27,27,1124769,911962894,24015172,24015252,17102330,137443
1790919556,68097748,69882929152,693195,0,,7,0,27,27,1124217,913170629,24044680,24044761,17127435,137644
1790919557,68097668,69882945536,693195,0,,6,0,27,27,1143140,914757625,24082293,24082375,17141164,137765
1790919558,68097532,69882081280,693338,0,,0,0,27,27,1159350,916200473,24117345,24117432,17157698,137902
1790919559,68095916,69880356864,697682,0,,0,0,27,27,1145198,916712845,24129211,24129298,17196656,138203
1790919560,68095520,69880750080,697762,0,,8,0,27,27,1142612,918291416,24165906,24165992,17211181,138329
1790919562,68095688,69880664064,697762,0,,5,0,27,27,1161180,919863697,24203582,24203662,17224661,138448
1790919563,68096688,69881413632,699524,0,,9,0,27,27,1173350,920936824,24229412,24229497,17253886,138679
1790919564,68095716,69881229312,700700,0,,7,0,27,27,1143587,921847582,24251013,24251100,17282307,138906
1790919565,68097288,69882040320,702254,0,,12,0,27,27,1156437,922892377,24276880,24276964,17310971,139134
1790919566,68096792,69882060800,702254,0,,6,0,27,27,1154422,924441376,24314499,24314580,17325751,139262
1790919567,68095872,69880852480,703520,0,,7,0,27,27,1143584,925376324,24336598,24336682,17353125,139482
1790919568,68095540,69880250368,706291,0,,3,0,27,27,1133907,926231640,24358312,24358397,17380902,139702
1790919569,68096488,69881487360,707896,0,,3,0,27,27,1124639,927174057,24380069,24380148,17408491,139918
1790919570,68096760,69881507840,709956,0,,9,0,27,27,1123237,928319781,24408588,24408673,17440843,140169
1790919571,68095232,69880184832,709956,0,,7,0,27,27,1113839,929738878,24442182,24442265,17471500,140409
1790919572,68096588,69881561088,709956,0,,6,0,27,27,1122054,931258203,24478515,24478598,17493451,140583
1790919573,68095816,69881049088,712102,0,,9,0,27,27,1122470,932504222,24507825,24507908,17522802,140812
1790919574,68095836,69880561664,712102,0,,9,0,27,27,1127170,933880605,24541557,24541637,17555882,141070
1790919575,68096764,69882044416,712102,0,,5,0,27,27,1134653,935446583,24579541,24579620,17568080,141180
1790919576,68095584,69880815616,712994,0,,7,0,27,27,1124008,936257907,24598834,24598918,17594846,141389
1790919577,68096324,69882101760,714384,0,,7,0,27,27,1122989,937390357,24626721,24626801,17620268,141588
1790919579,68095332,69879762944,716393,0,,0,0,27,27,1137372,938599443,24655758,24655845,17645514,141790
1790919580,68094144,69879582720,717659,0,,4,0,27,27,1130600,939680802,24681016,24681100,17674699,142018
1790919581,68095080,69880066048,718908,0,,6,0,27,27,1118197,940996710,24713316,24713400,17699531,142213
1790919582,68095084,69880033280,718908,0,,10,0,27,27,1137372,942549148,24751565,24751646,17713065,142331
1790919583,68096608,69881843712,722329,0,,6,0,27,27,1127637,943385837,24771222,24771304,17740594,142545
1790919584,68095408,69881356288,723692,0,,9,0,27,27,1124565,944494682,24798035,24798121,17777428,142828
1790919585,68095248,69879943168,723692,0,,3,0,27,27,1119733,946014930,24832967,24833047,17800800,143013
1790919586,68097056,69882560512,726296,0,,10,0,27,27,1120037,947246210,24863107,24863187,17831702,143254
1790919587,68097780,69882290176,726296,0,,4,0,27,27,1125986,948714569,24897080,24897161,17861912,143493
1790919588,68099616,69884399616,729315,0,,7,0,27,27,1129059,949981493,24926903,24926986,17881053,143654
1790919589,68097040,69882544128,729315,0,,6,0,27,27,1118048,951423182,24960672,24960755,17910844,143888
1790919590,68098540,69883297792,729315,0,,5,0,27,27,1137342,952971481,24998218,24998297,17926030,144021
1790919591,68095944,69881421824,729315,0,,4,0,27,27,1153022,954515799,25035252,25035336,17940480,144148
1790919592,68094340,69879545856,729315,0,,7,0,27,27,1169137,956059435,25072663,25072750,17954919,144274
1790919593,68094148,69878546432,729315,0,,7,0,27,27,1187128,957600289,25110890,25110971,17967827,144387
1790919594,68095768,69879930880,731054,0,,0,0,27,27,1173794,958145962,25123754,25123841,18004288,144668
1790919595,68095316,69879201792,734747,0,,0,0,27,27,1139121,958601755,25134886,25134973,18044691,144977
1790919596,68096620,69881573376,736499,0,,5,0,27,27,1134934,959838336,25165559,25165641,18067220,145164
1790919598,68095196,69880131584,742066,0,,10,0,27,27,1128553,960772827,25188921,25189005,18107507,145477
1790919599,68094872,69880057856,742066,0,,6,0,27,27,1134874,962358757,25227286,25227371,18119654,145589
1790919600,68095852,69880799232,742066,0,,6,0,27,27,1153146,963886883,25265304,25265389,18133036,145706
1790919601,68095440,69879316480,742565,0,,0,0,27,27,1167454,965122260,25294733,25294820,18153910,145874
1790919602,68095072,69879451648,743657,0,,0,0,27,27,1157010,965952214,25314644,25314731,18181416,146087
1790919603,68096388,69881344000,744365,0,,6,0,27,27,1150045,967166658,25343702,25343786,18202323,146255
1790919604,68096648,69881597952,746393,0,,10,0,27,27,1160203,968036906,25364982,25365067,18229532,146466
1790919605,68095044,69880225792,746393,0,,11,0,27,27,1174619,969618524,25403652,25403738,18243200,146587
1790919606,68095664,69880078336,750007,0,,1,0,27,27,1169627,970543863,25425504,25425591,18268308,146784
1790919607,68096476,69881671680,751610,0,,6,0,27,27,1153007,971293981,25443495,25443576,18297843,147014
1790919608,68094932,69880373248,754003,0,,7,0,27,27,1148865,972171458,25465358,25465444,18324947,147226
1790919609,68094672,69880123392,755692,0,,6,0,27,27,1122363,973128358,25488829,25488912,18351920,147441
1790919610,68094832,69880004608,756494,0,,8,0,27,27,1120861,974254513,25514933,25515012,18380150,147664
1790919611,68093920,69879087104,756494,0,,6,0,27,27,1108362,975667074,25547740,25547824,18415254,147935
1790919612,68094928,69879853056,756494,0,,11,0,27,27,1118569,977168659,25583348,25583431,18438682,148119
1790919613,68095304,69879947264,756494,0,,5,0,27,27,1127219,978694367,25619693,25619766,18458068,148271
1790919614,68094408,69879824384,756494,0,,12,0,27,27,1146272,980294851,25657297,25657383,18471203,148385
1790919615,68094672,69879062528,756494,0,,8,0,27,27,1165249,981871200,25695101,25695184,18484680,148501
1790919616,68094348,69879238656,756494,0,,6,0,27,27,1182021,983409683,25732167,25732247,18499036,148624
1790919617,68094528,69878370304,757361,0,,0,0,27,27,1190387,984270282,25752389,25752476,18523351,148816
1790919619,68095496,69880676352,757582,0,,12,0,27,27,1183902,985721125,25787960,25788043,18541411,148972
1790919620,68096308,69880197120,759455,0,,1,0,27,27,1171542,986395006,25803335,25803422,18584199,149303
1790919621,68093716,69879619584,761911,0,,8,0,27,27,1160741,987151805,25821940,25822025,18613264,149530
1790919622,68094188,69878796288,767477,0,,7,0,27,27,1128957,987938347,25840846,25840926,18648904,149805
1790919623,68093152,69878808576,768506,0,,8,0,27,27,1131007,989230265,25871942,25872022,18674936,150015
1790919624,68093556,69878161408,768506,0,,7,0,27,27,1136328,990802018,25908342,25908427,18693022,150165
1790919625,68095216,69880639488,770701,0,,8,0,27,27,1131148,991809996,25932368,25932451,18729630,150445
1790919626,68096064,69881237504,770701,0,,5,0,27,27,1125190,993214157,25966827,25966908,18757901,150671
1790919627,68093760,69878882304,770701,0,,7,0,27,27,1130868,994717258,26002626,26002712,18778115,150840
1790919628,68094924,69880356864,771938,0,,7,0,27,27,1124673,995652653,26025015,26025095,18807349,151069
1790919629,68095004,69880180736,771938,0,,4,0,27,27,1131153,997181018,26060713,26060792,18827767,151240
1790919630,68096072,69880741888,771938,0,,8,0,27,27,1149653,998750607,26098021,26098103,18841292,151359
1790919631,68096096,69881016320,774490,0,,5,0,27,27,1138614,999607933,26118218,26118300,18869563,151581
1790919632,68096892,69882331136,775842,0,,8,0,27,27,1127670,1000461249,26138415,26138500,18897645,151802
1790919633,68096188,69881360384,778593,0,,11,0,27,27,1124798,1001617100,26165384,26165468,18924021,152014
1790919634,68095316,69879971840,778593,0,,7,0,27,27,1129012,1002975127,26198285,26198364,18958685,152282
1790919635,68094712,69879586816,779521,0,,7,0,27,27,1132924,1004357836,26232040,26232121,18982711,152479
1790919636,68093748,69879365632,779521,0,,9,0,27,27,1137830,1005874291,26268824,26268909,18999775,152627
1790919638,68094964,69879574528,779521,0,,5,0,27,27,1155583,1007451111,26305661,26305742,19014417,152755
1790919639,68096520,69880909824,781347,0,,0,0,27,27,1142674,1008121692,26320958,26321045,19045225,152993
1790919640,68093096,69877940224,783995,0,,4,0,27,27,1136064,1009183927,26345408,26345494,19067187,153172
1790919641,68093608,69877628928,786933,0,,1,0,27,27,1148128,1010256283,26370682,26370769,19092981,153379
1790919642,68094592,69878669312,788476,0,,7,0,27,27,1123742,1011275435,26394680,26394761,19120786,153602
1790919643,68093316,69877604352,788476,0,,5,0,27,27,1143518,1012866455,26432624,26432708,19133949,153718
1790919644,68094940,69879566336,789648,0,,0,0,27,27,1157759,1014158140,26462497,26462584,19153929,153881
1790919645,68095820,69880725504,793348,0,,6,0,27,27,1126863,1014703900,26475520,26475604,19188121,154145
1790919646,68094552,69879418880,795194,0,,6,0,27,27,1128001,1016011927,26506768,26506853,19213090,154346
1790919647,68095708,69880344576,796971,0,,7,0,27,27,1129913,1017362085,26538217,26538299,19241730,154572
1790919648,68095092,69880233984,796971,0,,5,0,27,27,1135889,1018892512,26573964,26574045,19263335,154750
1790919649,68093576,69877907456,797275,0,,1,0,27,27,1151373,1020120153,26603864,26603951,19282588,154905
1790919650,68094044,69878640640,799920,0,,0,0,27,27,1141316,1020984800,26624580,26624667,19309859,155120
1790919651,68094656,69879795712,801738,0,,9,0,27,27,1139708,1022398900,26658012,26658091,19330128,155289
1790919652,68092840,69877407744,801738,0,,9,0,27,27,1159147,1023945019,26694362,26694446,19342824,155399
1790919653,68094288,69878366208,802490,0,,7,0,27,27,1157594,1024761822,26712892,26712973,19369545,155609
1790919654,68094856,69880471552,805720,0,,8,0,27,27,1137938,1025534098,26731824,26731905,19405137,155883
1790919655,68095248,69879885824,805720,0,,2,0,27,27,1144287,1027067864,26768593,26768672,19421346,156023
1790919656,68096872,69882060800,807875,0,,4,0,27,27,1137722,1028042567,26792009,26792095,19445896,156220
1790919657,68097704,69882097664,807875,0,,8,0,27,27,1155949,1029613489,26828827,26828909,19459108,156336
1790919658,68097268,69882454016,808719,0,,9,0,27,27,1145144,1030428527,26848418,26848502,19487847,156563
1790919660,68098660,69882580992,809305,0,,0,0,27,27,1155730,1031514135,26874900,26874987,19510902,156751
1790919661,68097440,69883686912,810107,0,,6,0,27,27,1149346,1032794658,26905391,26905473,19530230,156912
1790919662,68098000,69882916864,812665,0,,0,0,27,27,1138675,1033623596,26924763,26924845,19558845,157135
1790919663,68097268,69883510784,818682,0,,11,0,27,27,1135368,1034786689,26951819,26951903,19583686,157334
1790919664,68097444,69883162624,821778,0,,9,0,27,27,1131129,1035855082,26977365,26977449,19609723,157540
1790919665,68096156,69881331712,823904,0,,6,0,27,27,1130911,1037090519,27005741,27005825,19634362,157739
1790919666,68097544,69882216448,825080,0,,9,0,27,27,1132579,1038357182,27036497,27036581,19664124,157973
1790919667,68095752,69881704448,825080,0,,3,0,27,27,1139132,1039909989,27072829,27072909,19682917,158131
1790919668,68094304,69879418880,825080,0,,7,0,27,27,1157183,1041461217,27109989,27110074,19695994,158248
1790919669,68095616,69881020416,825080,0,,7,0,27,27,1174218,1043028499,27146697,27146780,19709514,158367
1790919670,68097068,69882478592,825080,0,,6,0,27,27,1191375,1044587974,27183726,27183803,19723354,158488
1790919671,68096836,69881479168,826378,0,,0,0,27,27,1203645,1045781119,27211578,27211665,19742775,158647
1790919672,68097468,69882408960,831029,0,,10,0,27,27,1190686,1046392624,27225945,27226028,19778537,158925
1790919673,68097196,69882912768,832535,0,,11,0,27,27,1179741,1047204955,27245613,27245697,19806925,159147
1790919674,68094620,69878710272,834746,0,,0,0,27,27,1170281,1048246392,27270761,27270848,19830495,159334
1790919675,68095568,69881769984,835616,0,,10,0,28,28,1163834,1049586761,27303222,27303304,19850308,159494
1790919676,68096764,69881163776,836764,0,,0,0,28,28,1176576,1050694927,27329429,27329516,19876306,159700
1790919678,68095812,69880983552,836965,0,,6,0,28,28,1172926,1052118868,27363959,27364044,19894825,159852
1790919679,68096736,69882171392,836965,0,,4,0,28,28,1190163,1053721175,27402214,27402295,19907028,159959
1790919680,68098168,69883654144,836965,0,,7,0,28,28,1207666,1055318515,27439703,27439787,19920724,160073
1790919681,68099172,69884690432,836965,0,,8,0,28,28,1224504,1056859038,27476403,27476483,19934813,160191
1790919682,68100508,69885788160,839846,0,,2,0,28,28,1235240,1057905362,27501278,27501365,19962692,160410
1790919683,68098932,69883088896,843647,0,,0,0,28,28,1199827,1058480089,27514597,27514684,20000408,160699
1790919684,68099328,69884059648,844222,0,,9,0,28,28,1192736,1059752600,27544071,27544153,20021353,160867
1790919685,68096168,69881610240,844222,0,,9,0,28,28,1209731,1061385640,27581308,27581394,20036111,160990
1790919686,68097496,69882978304,847613,0,,4,0,28,28,1198921,1062177003,27599992,27600073,20062866,161198
1790919687,68097628,69883916288,847613,0,,6,0,28,28,1216445,1063762460,27638052,27638138,20076492,161319
1790919688,68097928,69882105856,848199,0,,0,0,28,28,1233038,1065242058,27674331,27674418,20101283,161519
1790919689,68097204,69881348096,849585,0,,0,0,28,28,1225667,1066406877,27701706,27701793,20125529,161713
1790919691,68096264,69881171968,850954,0,,4,0,28,28,1217061,1067493105,27727434,27727516,20148414,161895
1790919692,68097232,69882703872,852823,0,,8,0,28,28,1206643,1068297761,27746560,27746643,20175278,162106
1790919693,68096616,69881790464,855349,0,,9,0,28,28,1196732,1069134559,27767074,27767157,20203148,162326
1790919694,68097044,69880922112,857069,0,,0,0,28,28,1186357,1069955760,27786198,27786285,20233060,162558
1790919695,68096636,69881683968,858422,0,,7,0,28,28,1176855,1070904538,27809609,27809690,20258934,162762
1790919696,68096620,69881552896,858422,0,,4,0,28,28,1194428,1072484427,27847375,27847452,20274281,162889
1790919697,68095940,69881098240,859543,0,,5,0,28,28,1182546,1073258355,27866543,27866628,20301677,163103
1790919698,68096824,69881753600,864248,0,,4,0,28,28,1171766,1074144276,27887298,27887377,20329767,163322
1790919699,68096784,69882486784,864248,0,,7,0,28,28,1190386,1075696418,27925326,27925406,20343752,163446
1790919700,68096516,69881954304,864248,0,,11,0,28,28,1207877,1077293891,27963084,27963171,20357662,163562
1790919701,68096724,69882187776,867568,0,,5,0,28,28,1197237,1078076543,27981594,27981674,20384760,163774
1790919702,68098056,69882507264,867568,0,,6,0,28,28,1215567,1079644035,28020086,28020168,20397943,163892
1790919703,68097524,69882990592,869345,0,,5,0,28,28,1203825,1080439054,28038478,28038559,20424963,164099
1790919704,68096588,69881995264,869345,0,,8,0,28,28,1220918,1081993265,28076310,28076389,20439773,164224
1790919705,68097540,69883265024,870994,0,,5,0,28,28,1209931,1082868150,28096203,28096286,20466785,164436
1790919706,68096808,69882077184,872699,0,,6,0,28,28,1199364,1083715504,28116180,28116265,20493978,164649
1790919707,68096992,69882134528,872699,0,,5,0,28,28,1217154,1085315774,28154120,28154202,20507866,164767
1790919708,68096220,69880328192,873908,0,,0,0,28,28,1205107,1085975386,28170340,28170427,20542070,165032
1790919709,68096920,69882368000,875748,0,,7,0,28,28,1197979,1087116764,28197926,28198004,20564021,165209
1790919710,68096600,69881782272,876556,0,,6,0,28,28,1187519,1087981675,28217646,28217728,20591466,165422
1790919711,68098080,69883543552,877404,0,,9,0,28,28,1177990,1088892226,28238689,28238771,20618842,165637
1790919712,68097848,69883318272,878721,0,,10,0,28,28,1167815,1089828484,28260214,28260301,20647588,165864
1790919713,68099676,69885448192,881255,0,,3,0,28,28,1158553,1090693979,28281090,28281170,20674861,166079
1790919715,68100336,69885353984,881929,0,,5,0,28,28,1149486,1091547186,28301558,28301638,20702894,166297
1790919716,68099444,69884149760,884494,0,,8,0,28,28,1139586,1092405541,28322300,28322386,20731358,166520
1790919717,68098984,69884186624,886480,0,,4,0,28,28,1128905,1093204521,28342204,28342289,20758226,166731
1790919718,68099912,69885411328,889163,0,,10,0,28,28,1118428,1094086669,28363334,28363418,20786110,166948
1790919719,68098128,69883342848,889163,0,,8,0,28,28,1136931,1095677116,28401344,28401430,20800903,167072
1790919720,68098352,69883822080,891766,0,,7,0,28,28,1126832,1096525830,28421168,28421249,20828024,167283
1790919721,68096684,69881892864,893376,0,,12,0,28,28,1117936,1097386104,28441912,28441995,20855363,167497
1790919722,68096908,69882343424,896810,0,,9,0,28,28,1120211,1098701002,28474153,28474237,20880262,167698
1790919723,68097164,69882048512,897800,0,,7,0,28,28,1133481,1099752452,28500217,28500296,20906768,167905
1790919724,68097908,69882585088,899572,0,,6,0,28,28,1130595,1100867216,28526985,28527068,20928242,168077
1790919725,68095944,69881114624,899572,0,,5,0,28,28,1133494,1102354564,28564207,28564290,20945204,168217
1790919726,68095500,69881200640,900630,0,,7,0,28,28,1123931,1103183266,28583890,28583972,20973095,168437
1790919727,68096120,69881282560,900630,0,,10,0,28,28,1141694,1104776282,28621538,28621621,20986605,168551
1790919728,68095820,69880983552,901357,0,,5,0,28,28,1130855,1105622579,28641435,28641516,21013667,168762
1790919729,68097136,69882060800,901357,0,,10,0,28,28,1149904,1107182349,28679644,28679727,21027535,168882
1790919730,68097056,69882220544,901357,0,,4,0,28,28,1168444,1108750100,28718024,28718105,21041203,168998
1790919731,68096904,69881827328,904803,0,,5,0,28,28,1157156,1109541489,28736186,28736272,21067467,169202
1790919732,68096744,69882195968,904803,0,,3,0,28,28,1175080,1111127753,28774214,28774296,21080990,169320
1790919733,68097888,69883285504,904803,0,,6,0,28,28,1193228,1112729599,28811858,28811941,21094301,169433
1790919734,68098272,69883535360,909659,0,,7,0,28,28,1182547,1113590122,28831531,28831612,21121874,169648
1790919735,68097776,69882003456,910016,0,,0,0,28,28,1193214,1114577311,28855595,28855682,21145086,169830
1790919736,68096800,69881470976,911427,0,,0,0,28,28,1184894,1115668251,28882050,28882137,21169889,170028
1790919737,68096816,69880467456,913730,0,,0,0,28,28,1176694,1116753632,28907047,28907134,21193566,170218
1790919739,68096684,69881643008,914655,0,,3,0,28,28,1167535,1117773536,28931427,28931514,21217892,170411
1790919740,68098108,69883117568,916603,0,,7,0,28,28,1178367,1118682591,28952931,28953014,21244427,170620
1790919741,68098108,69882834944,921185,0,,8,0,29,31,1148105,1119590393,28973918,28974001,21272657,170842
1790919742,68097860,69882589184,921185,0,,9,0,29,31,1165662,1121195622,29012055,29012139,21286401,170961
1790919743,68096392,69881221120,921185,0,,9,0,29,31,1182726,1122815858,29049742,29049825,21300302,171080
1790919744,68094728,69880446976,921185,0,,9,0,29,31,1200313,1124424986,29087204,29087290,21313665,171195
1790919745,68095364,69880545280,923697,0,,8,0,29,31,1209282,1125262258,29106896,29106983,21340174,171403
1790919746,68093848,69877948416,923706,0,,6,0,29,31,1205316,1126884293,29145746,29145819,21354867,171530
1790919747,68094504,69878882304,923804,0,,0,0,29,31,1222441,1128371978,29180488,29180575,21371851,171672
1790919748,68095464,69880659968,926240,0,,7,0,29,31,1213003,1129432147,29205517,29205600,21396656,171870
1790919749,68095052,69880229888,927203,0,,8,0,29,31,1202027,1130260247,29225289,29225375,21423524,172080
1790919750,68094884,69879533568,930581,0,,7,0,29,31,1190160,1130997139,29242600,29242686,21450085,172288
1790919751,68095652,69881348096,932212,0,,6,0,29,31,1179984,1131788920,29262422,29262502,21477780,172504
1790919752,68093896,69878779904,932212,0,,6,0,29,31,1196840,1133355473,29300489,29300573,21490609,172615
1790919753,68094028,69879177216,932212,0,,9,0,29,31,1214593,1134958592,29338209,29338293,21504631,172735
1790919754,68095340,69880532992,933114,0,,3,0,29,31,1203498,1135750407,29356618,29356701,21531220,172943
1790919755,68095152,69880078336,933114,0,,6,0,29,31,1220844,1137324632,29394805,29394884,21545130,173061
1790919756,68094740,69878861824,936125,0,,0,0,29,31,1205949,1137772277,29404784,29404871,21579609,173325
1790919757,68095628,69879521280,938568,0,,0,0,29,31,1194629,1138547095,29423054,29423141,21611930,173575
1790919758,68095708,69880893440,938811,0,,3,0,29,31,1191682,1139991199,29458272,29458352,21628220,173713
1790919759,68095940,69881118720,938811,0,,8,0,29,31,1209131,1141558338,29495995,29496077,21642148,173831
1790919760,68094232,69879648256,938811,0,,7,0,29,31,1226723,1143159755,29533319,29533399,21655385,173945
1790919762,68096052,69881745408,939968,0,,9,0,29,31,1226476,1143991255,29553552,29553636,21682706,174159
1790919763,68096080,69880496128,939968,0,,5,0,29,31,1244548,1145557054,29592163,29592242,21696551,174278
1790919764,68096996,69882507264,942575,0,,7,0,29,31,1222515,1146387087,29611835,29611916,21723574,174489
1790919765,68097396,69882101760,945319,0,,5,0,29,31,1212474,1147319369,29633884,29633964,21751537,174709
1790919766,68096028,69881155584,946346,0,,8,0,29,31,1218100,1148217201,29655073,29655159,21779665,174928
1790919767,68096892,69881073664,948864,0,,0,0,29,31,1213327,1149206609,29678655,29678742,21804976,175128
1790919768,68096984,69882712064,950901,0,,7,0,29,31,1182404,1150035214,29697247,29697326,21834785,175359
1790919769,68094468,69879656448,950901,0,,5,0,29,31,1201263,1151615416,29735636,29735718,21848307,175479
1790919770,68094488,69879398400,950901,0,,9,0,29,31,1219155,1153167565,29773813,29773895,21861809,175595
1790919771,68095608,69880467456,951875,0,,7,0,29,31,1207638,1153970016,29793277,29793353,21889545,175811
1790919772,68095000,69880426496,951875,0,,6,0,29,31,1225051,1155538934,29830960,29831047,21903344,175930
1790919773,68096068,69880745984,953967,0,,7,0,29,31,1218376,1156410640,29851547,29851627,21930822,176143
1790919774,68096280,69881729024,953967,0,,3,0,29,31,1235808,1157996821,29889522,29889604,21944501,176261
1790919775,68096124,69879758848,956189,0,,0,0,29,31,1220577,1158659326,29904973,29905060,21975947,176502
1790919776,68097044,69882011648,957967,0,,8,0,29,31,1211840,1159700972,29930031,29930113,21999768,176693
1790919777,68096036,69880709120,957967,0,,4,0,29,31,1230663,1161286121,29967052,29967136,22013073,176811
1790919778,68096464,69880627200,959424,0,,1,0,29,31,1242246,1162263684,29990539,29990626,22036698,176999
1790919779,68097856,69883105280,960248,0,,9,0,29,31,1238400,1163664436,30024143,30024228,22053304,177140
1790919780,68098236,69883494400,961120,0,,8,0,29,31,1227945,1164500673,30044359,30044439,22080192,177352
1790919781,68099372,69884940288,961120,0,,6,0,29,31,1244955,1165977109,30082069,30082152,22093928,177475
1790919782,68100376,69885390848,961120,0,,4,0,29,31,1262034,1167527790,30120009,30120091,22107384,177594
1790919783,68100660,69885726720,961120,0,,5,0,30,34,1278671,1169059057,30157721,30157799,22121093,177714
1790919784,68100932,69885956096,963076,0,,4,0,30,34,1267615,1169964499,30179114,30179192,22148974,177934
1790919786,68097360,69881012224,965465,0,,0,0,30,34,1255830,1170711321,30197387,30197474,22185784,178220
1790919787,68096764,69882208256,967744,0,,6,0,30,34,1249880,1171933980,30227503,30227584,22205664,178384
1790919788,68097576,69881745408,968248,0,,1,0,30,34,1262473,1173004178,30254112,30254199,22226656,178556
1790919789,68097764,69883764736,968685,0,,6,0,30,34,1254885,1174184788,30282393,30282469,22245801,178716
1790919790,68094500,69879394304,968685,0,,6,0,30,34,1272873,1175724369,30320187,30320267,22259185,178833
1790919791,68094160,69878841344,971359,0,,4,0,31,36,1273756,1176518320,30339209,30339295,22285959,179044
1790919792,68095028,69879943168,973592,0,,7,0,31,36,1250552,1177384805,30359628,30359710,22313251,179260
1790919793,68096264,69881708544,976265,0,,5,0,31,36,1261662,1178299988,30380620,30380704,22341310,179481
1790919794,68094708,69879582720,976265,0,,6,0,31,36,1258749,1179864577,30418657,30418741,22354632,179598
1790919795,68095888,69880258560,979134,0,,0,0,31,36,1246728,1180588859,30436261,30436348,22385389,179838
1790919796,68095484,69881180160,980668,0,,6,0,31,36,1238930,1181609529,30460419,30460497,22408644,180027
1790919797,68094380,69878730752,981019,0,,1,0,31,36,1253272,1182779197,30489450,30489537,22429035,180192
1790919798,68095344,69879443456,983769,0,,2,0,31,36,1244068,1183731005,30511398,30511485,22461161,180446
1790919799,68095300,69879353344,985646,0,,0,0,31,36,1231865,1184470892,30529504,30529591,22490996,180678
1790919800,68093892,69879005184,986278,0,,11,0,31,36,1229598,1186005313,30565590,30565673,22506422,180809
1790919802,68094716,69880107008,988167,0,,4,0,31,36,1215226,1186572349,30578937,30579024,22550608,181147
1790919803,68096064,69880958976,989660,0,,5,0,31,36,1184825,1187448342,30600627,30600708,22579186,181371
1790919804,68094532,69878874112,989660,0,,4,0,31,36,1202825,1189043748,30639023,30639108,22592650,181485
1790919805,68094640,69878677504,989953,0,,0,0,31,36,1218277,1190376733,30670212,30670299,22613126,181651
1790919806,68094536,69879128064,991447,0,,0,0,31,36,1210024,1191434515,30694841,30694928,22650409,181942
1790919807,68095456,69880094720,992293,0,,6,0,31,36,1207391,1192985134,30731259,30731335,22665814,182073
1790919808,68095924,69881081856,992852,0,,6,0,31,36,1197640,1193840961,30751642,30751723,22693645,182291
1790919809,68096984,69880885248,995138,0,,1,0,31,36,1182206,1194237860,30761607,30761694,22734171,182601
1790919810,68096856,69881462784,995210,0,,7,0,31,36,1186978,1195724436,30797549,30797633,22749773,182732
1790919811,68097172,69882634240,995210,0,,6,0,31,36,1204947,1197267891,30836055,30836136,22763444,182849
1790919812,68098008,69883260928,995210,0,,6,0,31,36,1222088,1198860484,30873828,30873908,22777958,182975
1790919813,68099688,69884149760,997357,0,,0,0,31,36,1225503,1199867092,30897362,30897449,22799441,183147
1790919814,68100720,69885202432,997572,0,,0,0,31,36,1219588,1201125548,30927355,30927442,22820226,183315
1790919816,68102460,69887500288,998416,0,,5,0,31,36,1210231,1202105684,30950039,30950118,22844886,183510
1790919817,68101560,69885808640,1000251,0,,0,0,31,36,1197592,1202729204,30964548,30964635,22877133,183760
1790919818,68099912,69885411328,1002861,0,,6,0,31,36,1190297,1203851196,30991208,30991286,22899656,183939
1790919819,68100656,69885157376,1004170,0,,6,0,31,36,1180125,1204708051,31011281,31011362,22927864,184161
1790919820,68096756,69882458112,1004170,0,,3,0,31,36,1198008,1206290748,31049727,31049812,22940906,184273
1790919821,68097308,69882531840,1004170,0,,6,0,31,36,1216288,1207884557,31087970,31088049,22954169,184391
1790919822,68098372,69882560512,1004768,0,,0,0,31,36,1229398,1209088290,31116024,31116111,22974641,184556
1790919823,68096540,69881700352,1006732,0,,9,0,31,36,1222336,1210322938,31144624,31144709,22995252,184724
1790919824,68097444,69882376192,1006732,0,,4,0,31,36,1238499,1211892956,31182010,31182090,23008575,184838
1790919825,68097948,69882900480,1006732,0,,8,0,31,36,1255500,1213475906,31219775,31219856,23022180,184955
1790919826,68098440,69882085376,1007130,0,,0,0,31,36,1265098,1214360901,31242232,31242319,23045351,185138
1790919827,68099052,69884284928,1010073,0,,10,0,31,36,1233079,1215082236,31259079,31259163,23077014,185382
1790919828,68097452,69882695680,1010882,0,,6,0,31,36,1222648,1215958502,31279852,31279933,23104121,185596
1790919829,68095100,69879484416,1010882,0,,6,0,31,36,1239726,1217558461,31317967,31318051,23118347,185720
1790919830,68096340,69880995840,1010882,0,,5,0,31,36,1256560,1219117539,31355580,31355663,23131834,185836
1790919831,68096168,69881327616,1012835,0,,5,0,31,36,1245244,1219959842,31375431,31375514,23158949,186047
1790919832,68097036,69882875904,1012835,0,,4,0,31,36,1262546,1221536660,31413674,31413756,23172000,186163
1790919833,68097560,69881454592,1013638,0,,0,0,31,36,1278778,1223007766,31449165,31449252,23187008,186292
1790919834,68099132,69884612608,1015520,0,,5,0,31,36,1267844,1223890245,31470349,31470430,23211833,186488
1790919835,68098684,69883375616,1015520,0,,9,0,31,36,1285227,1225463394,31508332,31508416,23225130,186606
1790919836,68098896,69884145664,1015520,0,,6,0,31,36,1301734,1227024366,31545715,31545789,23238477,186722
1790919837,68100256,69885779968,1017277,0,,9,0,31,36,1291873,1227819773,31565166,31565249,23265380,186932
1790919838,68098408,69882839040,1019556,0,,5,0,31,36,1278332,1228661192,31585860,31585942,23292894,187149
1790919839,68098712,69883920384,1019556,0,,7,0,31,36,1294762,1230243515,31623494,31623573,23306659,187269
1790919841,68100216,69884686336,1023565,0,,0,0,31,36,1279628,1230671179,31633851,31633938,23345768,187568
1790919842,68098780,69884260352,1023854,0,,8,0,31,36,1274335,1232056360,31668224,31668310,23362787,187715
1790919843,68099420,69884665856,1027005,0,,4,0,31,36,1264196,1232928594,31688655,31688737,23390262,187934
1790919844,68098684,69883117568,1027110,0,,1,0,31,36,1280063,1234362323,31723687,31723774,23407572,188082
1790919845,68095648,69880320000,1028987,0,,5,0,31,36,1270734,1235350700,31748191,31748277,23431844,188275
1790919846,68096836,69882220544,1028987,0,,5,0,31,36,1287757,1236954229,31786271,31786353,23445141,188392
1790919847,68097652,69882580992,1028987,0,,6,0,31,36,1304658,1238551850,31824260,31824343,23458640,188505
1790919848,68096548,69881446400,1029712,0,,6,0,31,36,1292666,1239372304,31842228,31842312,23485253,188713
1790919849,68096176,69881180160,1033224,0,,9,0,31,36,1282883,1240218846,31863339,31863422,23513572,188935
1790919850,68097136,69882318848,1034606,0,,9,0,31,36,1272278,1241082798,31885402,31885480,23540595,189148
1790919851,68096668,69880537088,1035221,0,,0,0,31,36,1283307,1242054837,31909780,31909867,23565020,189344
1790919852,68096752,69881929728,1038716,0,,12,0,31,36,1251785,1242781172,31927971,31928053,23596458,189591
1790919853,68097300,69883015168,1039669,0,,9,0,31,36,1242234,1243734844,31950267,31950349,23623548,189806
1790919854,68095796,69880713216,1041423,0,,7,0,31,36,1231894,1244573673,31971236,31971320,23650670,190018
1790919855,68096876,69881004032,1042485,0,,10,0,31,36,1223711,1245509471,31994270,31994350,23679123,190242
1790919856,68097468,69882114048,1045967,0,,0,0,31,36,1210666,1246202772,32010051,32010138,23716666,190532
1790919857,68098448,69883912192,1050728,0,,5,0,31,36,1178787,1246938675,32026835,32026917,23751071,190798
1790919858,68100144,69885399040,1050728,0,,4,0,31,36,1198467,1248488529,32064792,32064872,23764926,190919
1790919859,68099452,69884436480,1050728,0,,6,0,31,36,1216041,1250020480,32102401,32102479,23777821,191029
1790919861,68100348,69885612032,1050728,0,,6,0,31,36,1234651,1251587320,32140305,32140389,23790850,191141
1790919862,68097808,69881954304,1050760,0,,0,0,31,36,1252457,1253118504,32177199,32177286,23805317,191262
1790919863,68098592,69883015168,1051699,0,,0,0,31,36,1241216,1253890917,32195523,32195610,23833052,191480
1790919864,68099252,69883174912,1053158,0,,0,0,31,36,1226877,1254415283,32207478,32207565,23867377,191743
1790919865,68100056,69884792832,1053588,0,,9,0,31,36,1221807,1255723953,32240005,32240085,23886084,191900
1790919866,68099340,69884567552,1057692,0,,10,0,31,36,1231407,1256560076,32260319,32260403,23912836,192111
1790919867,68097780,69882957824,1057692,0,,9,0,31,36,1229092,1258105556,32298621,32298706,23927815,192237
1790919868,68099064,69884551168,1057692,0,,8,0,31,36,1246807,1259723659,32336223,32336304,23940281,192347
1790919869,68098636,69883875328,1059041,0,,5,0,31,36,1235638,1260503139,32355192,32355274,23967340,192558
1790919870,68097524,69881675776,1059073,0,,0,0,31,36,1253449,1261975881,32391136,32391223,23981346,192677
1790919871,68098252,69881892864,1061115,0,,10,0,31,36,1235696,1262208549,32396610,32396691,24019050,192964
1790919872,68099988,69885292544,1061322,0,,5,0,31,36,1232584,1263685611,32432560,32432644,24034264,193093
1790919873,68096492,69881405440,1061322,0,,10,0,31,36,1250114,1265227356,32469797,32469884,24047871,193208
1790919874,68096492,69880074240,1061498,0,,0,0,31,36,1266180,1266638310,32501870,32501957,24063254,193334
1790919875,68097716,69882376192,1063274,0,,7,0,31,36,1257126,1267626984,32525610,32525692,24086831,193521
1790919876,68097712,69882871808,1064702,0,,9,0,31,36,1248270,1268466121,32546608,32546694,24114278,193739
1790919877,68098912,69884387328,1067647,0,,5,0,31,36,1252525,1269326759,32568456,32568538,24142011,193959
1790919878,68099636,69885124608,1069546,0,,8,0,31,36,1227988,1270179229,32588501,32588582,24169585,194178
1790919879,68097220,69882118144,1069546,0,,7,0,31,36,1245835,1271799578,32626344,32626430,24182962,194297
1790919880,68097136,69881257984,1070313,0,,0,0,31,36,1261145,1273164046,32658989,32659076,24202696,194460
1790919881,68098124,69883314176,1071502,0,,6,0,31,36,1254836,1274406245,32688640,32688720,24225065,194644
1790919882,68099668,69885177856,1072765,0,,5,0,31,36,1245657,1275305886,32710913,32710995,24252804,194862
1790919884,68100592,69886099456,1076891,0,,9,0,31,36,1255533,1276166173,32732571,32732654,24280268,195077
1790919885,68100232,69885210624,1080538,0,,6,0,31,36,1243714,1276895181,32750089,32750170,24306490,195283
1790919886,68100184,69885394944,1080538,0,,5,0,31,36,1242188,1278524956,32787670,32787750,24320742,195404
1790919887,68097384,69882568704,1082857,0,,9,0,31,36,1230647,1279275536,32805985,32806069,24346989,195608
1790919888,68099248,69884620800,1083775,0,,7,0,31,36,1220006,1280096193,32825890,32825968,24374125,195820
1790919889,68099140,69884280832,1083775,0,,9,0,31,36,1238801,1281712326,32863279,32863363,24387222,195934
1790919890,68100320,69885308928,1083775,0,,8,0,31,36,1256292,1283310110,32901049,32901132,24400901,196051
1790919891,68101448,69886459904,1086771,0,,8,0,31,36,1245865,1284062152,32918903,32918981,24427495,196259
1790919892,68100112,69885394944,1088339,0,,8,0,31,36,1234725,1284981140,32940183,32940267,24454519,196470
1790919893,68099908,69884383232,1091663,0,,6,0,31,36,1224730,1285850275,32961383,32961462,24481993,196685
1790919894,68098804,69882478592,1093536,0,,0,0,31,36,1237440,1286993604,32988384,32988471,24503959,196862
1790919895,68097984,69883453440,1094011,0,,6,0,31,36,1239397,1288272492,33018910,33018993,24523046,197020
1790919896,68097728,69883183104,1094011,0,,7,0,31,36,1249349,1289800769,33056303,33056384,24538692,197150
1790919897,68099192,69884641280,1096342,0,,7,0,31,36,1238485,1290714914,33078315,33078398,24564486,197352
1790919898,68098716,69884207104,1097219,0,,6,0,31,36,1227090,1291542180,33096870,33096955,24591165,197561
1790919899,68098856,69882785792,1102725,0,,0,0,31,36,1210877,1291880115,33104004,33104091,24630898,197864
1790919900,68098016,69882970112,1106889,0,,6,0,31,36,1179103,1292663168,33123016,33123095,24660696,198096
1790919901,68096804,69880938496,1107487,0,,0,0,31,36,1191600,1293729818,33148288,33148375,24684292,198284
1790919902,68098104,69882806272,1109299,0,,13,0,31,36,1158765,1294374668,33163752,33163836,24715342,198524
1790919903,68098048,69882777600,1110014,0,,5,0,32,39,1149853,1295290565,33185257,33185340,24743076,198741
1790919904,68098296,69883273216,1110014,0,,9,0,32,39,1168910,1296899257,33223408,33223495,24756732,198858
1790919906,68098780,69882986496,1110077,0,,0,0,32,39,1186088,1298430359,33259748,33259835,24772090,198990
1790919907,68098896,69884379136,1112366,0,,9,0,32,39,1176610,1299294052,33279546,33279631,24797340,199190
1790919908,68099072,69883084800,1115602,0,,0,0,32,39,1160174,1299653226,33287115,33287202,24833631,199468
1790919909,68100128,69885849600,1118345,0,,6,0,32,39,1147860,1300308497,33302902,33302987,24865217,199715
1790919910,68100292,69885247488,1118731,0,,1,0,32,39,1143124,1301602782,33334159,33334246,24886308,199887
1790919911,68098168,69883543552,1123327,0,,8,0,32,39,1109276,1302181217,33347541,33347624,24921746,200161
1790919912,68097208,69882146816,1124744,0,,9,0,32,39,1112680,1303573845,33380219,33380306,24946928,200362
1790919913,68098380,69883351040,1127367,0,,5,0,32,39,1113160,1304842936,33410821,33410903,24972204,200565
1790919914,68098272,69882712064,1127693,0,,0,0,32,39,1128777,1306102769,33440808,33440895,24991916,200725
1790919915,68099224,69883416576,1130694,0,,0,0,32,39,1121332,1307116993,33463666,33463753,25020088,200948
1790919916,68099156,69884665856,1131662,0,,10,0,32,39,1122556,1308612996,33498235,33498317,25039963,201110
1790919917,68098848,69884088320,1135437,0,,8,0,32,39,1118347,1309638638,33522804,33522887,25072022,201360
1790919918,68098560,69883797504,1135437,0,,6,0,32,39,1124502,1311154539,33558989,33559070,25090071,201511
1790919919,68099156,69884411904,1139558,0,,9,0,32,39,1121534,1312229677,33585028,33585110,25115282,201712
1790919920,68097600,69881503744,1141987,0,,0,0,32,39,1132528,1313192102,33607133,33607220,25138656,201896
1790919921,68098564,69884297216,1142916,0,,9,0,32,39,1126562,1314333103,33633931,33634014,25162453,202086
1790919922,68099492,69884485632,1142916,0,,6,0,32,39,1128256,1315882575,33670663,33670745,25180576,202233
1790919923,68098164,69883392000,1142916,0,,7,0,32,39,1147527,1317459712,33708432,33708517,25193717,202349
1790919924,68099224,69884465152,1144929,0,,3,0,32,39,1136441,1318226126,33726402,33726483,25221261,202565
1790919925,68099328,69884571648,1147536,0,,3,0,32,39,1125452,1319042681,33746550,33746631,25247872,202774
1790919926,68098044,69883019264,1149108,0,,6,0,32,39,1124429,1320177494,33773690,33773776,25280751,203027
1790919928,68097792,69882744832,1151658,0,,8,0,32,39,1128378,1321570221,33806022,33806102,25310481,203258
1790919929,68098016,69883228160,1154153,0,,8,0,32,39,1119343,1322985554,33838798,33838880,25333956,203446
1790919930,68097192,69882122240,1155767,0,,1,0,32,39,1133025,1324141246,33864843,33864930,25354206,203608
1790919931,68098628,69884379136,1158705,0,,7,0,32,39,1133902,1325640803,33900971,33901053,25373724,203766
1790919932,68099276,69883752448,1159608,0,,1,0,32,39,1146202,1326729307,33926255,33926342,25401723,203987
1790919933,68096736,69882724352,1159629,0,,6,0,32,39,1144864,1328291295,33963572,33963658,25415389,204107
1790919934,68097872,69881794560,1159629,0,,9,0,32,39,1161938,1329845651,34001245,34001328,25428899,204221
1790919935,68097532,69881999360,1159629,0,,7,0,33,39,1179534,1331433282,34038940,34039023,25442184,204338
1790919936,68098004,69881655296,1162611,0,,7,0,33,39,1168269,1332195994,34057397,34057475,25469704,204553
1790919937,68096448,69881622528,1163656,0,,8,0,33,39,1157534,1333040368,34078471,34078554,25496688,204767
1790919938,68096800,69880442880,1165343,0,,6,0,33,39,1147913,1333845668,34098742,34098825,25524823,204986
1790919939,68096944,69882396672,1167415,0,,10,0,33,39,1138162,1334777896,34119930,34120011,25551528,205198
1790919940,68098692,69883666432,1168370,0,,6,0,33,39,1128547,1335632119,34139017,34139099,25578827,205413
1790919941,68098716,69884227584,1172414,0,,5,0,33,39,1118472,1336546035,34159359,34159441,25604303,205614
1790919942,68096080,69881253888,1172414,0,,3,0,33,39,1138466,1338146098,34197638,34197721,25617033,205723
1790919943,68096536,69881184256,1174997,0,,0,0,33,39,1128070,1338903241,34215177,34215264,25646823,205954
1790919944,68096456,69880860672,1175845,0,,5,0,33,39,1131167,1340435341,34250902,34250982,25668822,206131
1790919945,68096992,69882974208,1175845,0,,5,0,33,39,1149508,1342054860,34288735,34288821,25682344,206248
1790919946,68098192,69883432960,1175845,0,,6,0,34,41,1167240,1343619532,34326592,34326672,25695799,206364
1790919948,68097308,69881724928,1176207,0,,0,0,34,41,1183565,1345045632,34360574,34360661,25716330,206529
1790919949,68097484,69882167296,1177011,0,,8,0,34,41,1174727,1346148360,34386346,34386432,25737567,206701
1790919950,68097488,69882949632,1179150,0,,2,0,34,41,1163962,1347016689,34406509,34406589,25764088,206909
1790919951,68098836,69884592128,1180113,0,,10,0,34,41,1175362,1347952071,34428890,34428975,25791849,207128
1790919952,68097160,69882597376,1181905,0,,10,0,34,41,1145196,1348823627,34450453,34450538,25819984,207351
1790919953,68097472,69882908672,1184685,0,,11,0,34,41,1160519,1350141654,34482253,34482337,25850537,207596
1790919954,68097492,69881630720,1185153,0,,0,0,34,41,1154247,1351345445,34510773,34510860,25873051,207781
1790919955,68097820,69882748928,1185504,0,,5,0,34,41,1148956,1352622807,34540596,34540678,25892284,207937
1790919956,68097236,69882146816,1185504,0,,5,0,34,41,1166631,1354192663,34578173,34578256,25905439,208052
1790919957,68097952,69882097664,1187035,0,,10,0,34,41,1156621,1354973031,34596760,34596843,25932397,208265
1790919958,68097888,69882286080,1187193,0,,0,0,34,41,1172228,1356397077,34631302,34631389,25949037,208409
1790919959,68099128,69883604992,1189952,0,,6,0,34,41,1162814,1357329030,34653654,34653733,25973162,208601
1790919961,68098192,69883109376,1191924,0,,5,0,34,41,1152076,1358136920,34673084,34673166,26000058,208814
1790919962,68098616,69883822080,1191924,0,,8,0,34,41,1169929,1359664980,34709948,34710029,26013793,208934
1790919963,68098836,69883531264,1192247,0,,0,0,34,41,1183369,1360920156,34739074,34739161,26032095,209085
1790919964,68098000,69883207680,1196877,0,,5,0,34,41,1147626,1361270069,34747221,34747303,26068115,209362
1790919965,68098528,69882945536,1198776,0,,0,0,34,41,1162510,1362674523,34780341,34780428,26086016,209513
1790919966,68099108,69884076032,1200671,0,,4,0,34,41,1154201,1363757578,34805604,34805685,26109511,209702
1790919967,68098448,69882118144,1201671,0,,0,0,34,41,1170142,1365156583,34839575,34839662,26130594,209876
1790919968,68098116,69883047936,1204111,0,,10,0,34,41,1161240,1366273719,34866939,34867024,26152845,210058
1790919969,68099436,69884456960,1204111,0,,5,0,34,41,1178610,1367845228,34903575,34903659,26166649,210180
1790919970,68100852,69885300736,1205058,0,,0,0,34,41,1191282,1368913191,34928408,34928495,26190227,210368
1790919971,68098856,69884583936,1206693,0,,4,0,34,41,1158944,1369577404,34944431,34944517,26221588,210612
1790919972,68100312,69885321216,1209409,0,,9,0,34,41,1149346,1370516516,34966519,34966600,26249840,210835
1790919973,68100092,69884297216,1216071,0,,0,0,34,41,1141211,1371518445,34990741,34990828,26286984,211126
1790919974,68096888,69881528320,1216641,0,,11,0,34,41,1135436,1372708591,35018964,35019049,26308410,211302
1790919975,68096080,69881208832,1216641,0,,9,0,34,41,1154220,1374278605,35056169,35056247,26321983,211422
1790919976,68094868,69879492608,1218484,0,,0,0,34,41,1162980,1374967589,35073741,35073828,26346711,211617
1790919977,68092836,69877370880,1219909,0,,2,0,34,41,1130317,1375673695,35090464,35090549,26374787,211838
1790919978,68094324,69879955456,1221603,0,,8,0,34,41,1120288,1376572903,35111166,35111248,26403819,212066
1790919980,68094468,69879062528,1222396,0,,7,0,34,41,1123033,1377904731,35142481,35142558,26441516,212357
1790919981,68094460,69879828480,1222396,0,,4,0,34,41,1115970,1379417043,35178086,35178168,26465939,212559
1790919982,68095120,69880291328,1223207,0,,8,0,34,41,1120475,1380805726,35211189,35211271,26490371,212756
1790919983,68095260,69879582720,1223207,0,,7,0,34,41,1139196,1382345153,35248788,35248868,26504079,212875
1790919984,68095280,69879869440,1227682,0,,0,0,34,41,1147823,1383021707,35265519,35265606,26527372,213059
1790919985,68096136,69880479744,1228550,0,,0,0,34,41,1140307,1384037514,35290766,35290853,26552096,213255
1790919986,68096468,69882404864,1228793,0,,9,0,34,41,1134066,1385247200,35319776,35319856,26569098,213396
1790919987,68097064,69881741312,1230326,0,,0,0,34,41,1148713,1386450229,35348277,35348364,26594171,213596
1790919988,68096880,69882609664,1232010,0,,6,0,34,41,1145779,1387909533,35383082,35383164,26611466,213743
1790919989,68098504,69882961920,1234082,0,,0,0,34,41,1158667,1389018896,35409199,35409286,26636306,213942
1790919990,68099724,69886316544,1235496,0,,6,0,34,41,1126791,1389723088,35426103,35426182,26667323,214186
1790919991,68099660,69885181952,1236251,0,,6,0,34,41,1124622,1390757949,35451171,35451252,26690877,214379
1790919992,68097300,69882761216,1236251,0,,3,0,34,41,1142909,1392321056,35488357,35488434,26703907,214492
1790919993,68097492,69882957824,1239769,0,,0,0,34,41,1152324,1393080549,35506681,35506768,26728764,214687
1790919994,68098720,69883674624,1240761,0,,7,0,34,41,1141428,1393853544,35525234,35525321,26756089,214903
1790919995,68098124,69883367424,1243255,0,,12,0,34,41,1134354,1395014857,35551982,35552067,26782186,215111
1790919997,68097048,69882232832,1243255,0,,5,0,34,41,1124954,1396477426,35587143,35587230,26806966,215313
1790919998,68099120,69884112896,1245714,0,,6,0,34,41,1128380,1397873171,35620359,35620438,26831590,215513
1790919999,68098852,69883285504,1248613,0,,0,0,34,41,1142431,1399025813,35647873,35647960,26854201,215695
1790920000,68098220,69882920960,1249430,0,,8,0,34,41,1126551,1400257310,35676813,35676897,26882525,215920
1790920001,68099188,69884981248,1251116,0,,3,0,34,41,1125736,1401465130,35706548,35706627,26907705,216119
1790920002,68098740,69883473920,1251116,0,,7,0,34,41,1132102,1402914635,35741820,35741897,26931765,216314
1790920003,68099464,69883670528,1251438,0,,0,0,34,41,1145985,1404171063,35771648,35771735,26951087,216475
1790920004,68099548,69883318272,1252183,0,,6,0,34,41,1153177,1405282713,35798443,35798524,26971273,216641
1790920005,68098380,69884145664,1254356,0,,3,0,34,41,1133465,1406244282,35820725,35820806,26997335,216848
1790920006,68094276,69878116352,1254388,0,,0,0,34,41,1151078,1407781785,35856212,35856299,27012463,216977
1790920007,68095748,69880389632,1255242,0,,7,0,34,41,1140732,1408642561,35877349,35877429,27037395,217178
1790920008,68095928,69881106432,1258574,0,,10,0,34,41,1130980,1409442648,35897194,35897280,27064343,217390
1790920009,68095948,69880606720,1258574,0,,2,0,34,41,1150212,1411011611,35934352,35934435,27077322,217506
1790920011,68097432,69883076608,1259386,0,,10,0,36,41,1165287,1412358440,35966526,35966610,27108540,217755
1790920012,68097008,69881438208,1261393,0,,6,0,36,41,1139777,1413227935,35988328,35988411,27136476,217976
1790920013,68096784,69881712640,1262988,0,,7,0,36,41,1135842,1414319816,36014890,36014972,27162777,218186
1790920014,68095820,69880733696,1262988,0,,11,0,36,41,1152983,1415871518,36052192,36052274,27176530,218306
1790920015,68096676,69881864192,1264270,0,,7,0,36,41,1137909,1416706604,36071116,36071198,27203215,218516
1790920016,68097400,69882630144,1266003,0,,6,0,37,41,1130140,1417621106,36092976,36093059,27229382,218724
1790920017,68099380,69884858368,1266376,0,,0,0,37,41,1130468,1418902719,36124431,36124508,27255242,218930
1790920018,68100824,69884817408,1266947,0,,2,0,37,41,1147721,1420350008,36159027,36159114,27277738,219113
1790920019,68099112,69883314176,1268732,0,,0,0,37,41,1141119,1421469402,36184287,36184374,27300077,219292
1790920020,68101220,69887045632,1270055,0,,9,0,37,41,1138325,1422620954,36211654,36211737,27321640,219468
1790920021,68099932,69883891712,1270679,0,,0,0,37,41,1156099,1424043640,36246140,36246227,27337520,219602
1790920022,68100136,69885165568,1271268,0,,9,0,37,41,1146358,1425008082,36267157,36267244,27361558,219795
1790920023,68101308,69886877696,1272389,0,,7,0,37,41,1161499,1426288322,36298214,36298298,27392000,220040
1790920025,68100048,69885059072,1274414,0,,9,0,37,41,1135178,1427262740,36321244,36321326,27423122,220282
1790920026,68099104,69884354560,1276587,0,,9,0,37,41,1136684,1428484292,36351295,36351380,27450702,220499
1790920027,68099020,69884010496,1277776,0,,1,0,37,41,1124481,1429853905,36384604,36384686,27482749,220748
1790920028,68099720,69885485056,1277776,0,,4,0,37,41,1131833,1431284704,36419339,36419421,27508493,220955
1790920029,68099992,69886050304,1277776,0,,9,0,37,41,1135673,1432738395,36454601,36454687,27532609,221149
1790920030,68100664,69885427712,1277776,0,,5,0,37,41,1152733,1434285304,36492203,36492284,27547013,221275
1790920031,68101096,69887176704,1279481,0,,6,0,37,41,1140454,1435089138,36510447,36510525,27574135,221487
1790920032,68101320,69886894080,1279481,0,,4,0,37,41,1156850,1436649229,36547997,36548073,27588470,221610
1790920033,68101264,69886574592,1282121,0,,6,0,37,41,1146762,1437492294,36567347,36567429,27615470,221822
1790920034,68101272,69887123456,1282121,0,,6,0,37,41,1165744,1439063960,36604803,36604883,27628608,221936
1790920035,68100260,69885800448,1286053,0,,0,0,37,41,1154618,1439866419,36623848,36623921,27655788,222149
1790920036,68099248,69883727872,1286053,0,,7,0,37,41,1173124,1441430357,36661123,36661206,27669491,222267
1790920037,68100528,69885837312,1287887,0,,7,0,37,41,1176575,1442235252,36680947,36681028,27695526,222475
1790920038,68101612,69886943232,1287887,0,,5,0,37,41,1193881,1443766535,36718507,36718588,27709175,222593
1790920039,68101912,69886455808,1288504,0,,0,0,37,41,1192841,1444865307,36745298,36745385,27730702,222766
1790920040,68100708,69885493248,1290252,0,,7,0,37,41,1193624,1446117732,36775095,36775176,27749427,222923
1790920041,68100260,69885493248,1292729,0,,8,0,37,41,1174789,1446937170,36794971,36795055,27776355,223135
1790920042,68099588,69884592128,1292729,0,,6,0,37,41,1192846,1448492565,36832798,36832877,27789816,223254
1790920043,68100508,69886328832,1293800,0,,8,0,37,41,1204099,1449493840,36857671,36857757,27818523,223482
1790920044,68099320,69885898752,1296284,0,,10,0,37,41,1174607,1450343724,36877638,36877723,27848111,223715
1790920046,68100364,69884620800,1299533,0,,5,0,37,41,1162588,1451274176,36899403,36899484,27875814,223936
1790920047,68100244,69884076032,1299533,0,,9,0,37,41,1179338,1452839208,36936663,36936742,27890284,224061
1790920048,68099596,69885095936,1300928,0,,6,0,37,41,1188817,1453644240,36955266,36955350,27916776,224268
1790920049,68099656,69884116992,1301162,0,,1,0,37,41,1184431,1455080143,36989345,36989432,27935289,224426
1790920050,68099884,69884600320,1301901,0,,9,0,37,41,1175449,1456052471,37012890,37012972,27958887,224617
1790920051,68098184,69883121664,1305133,0,,8,0,37,41,1163512,1456820504,37031843,37031929,27987206,224839
1790920052,68099832,69884030976,1306165,0,,0,0,37,41,1173941,1457790613,37054928,37055015,28012532,225043
1790920053,68100576,69885837312,1308581,0,,9,0,37,41,1142520,1458569787,37073231,37073311,28042550,225280
1790920054,68098612,69884088320,1308581,0,,6,0,37,41,1160409,1460135539,37110834,37110919,28056512,225405
1790920055,68099944,69884674048,1310214,0,,12,0,37,41,1149089,1460953662,37129913,37129995,28083626,225617
1790920056,68100608,69885882368,1310214,0,,8,0,37,41,1168270,1462533597,37167802,37167885,28097164,225737
1790920057,68099268,69885009920,1310214,0,,0,0,37,41,1185863,1464117235,37205526,37205607,28110274,225850
1790920058,68100568,69885845504,1313016,0,,10,0,37,41,1175136,1464871236,37223666,37223747,28137247,226062
1790920059,68100228,69885489152,1314544,0,,8,0,37,41,1182408,1465733731,37244344,37244426,28164888,226279
1790920060,68100000,69885267968,1314544,0,,7,0,37,41,1200542,1467325166,37282601,37282682,28178392,226397
1790920061,68101040,69886603264,1317783,0,,10,0,37,41,1193024,1468125499,37301406,37301490,28205610,226610
1790920062,68101508,69887074304,1318731,0,,7,0,37,41,1182241,1469010932,37321745,37321826,28232342,226820
1790920063,68102728,69887033344,1322015,0,,9,0,37,41,1171992,1469862696,37342530,37342612,28260437,227040
1790920064,68103292,69888344064,1322015,0,,9,0,37,41,1170625,1471470874,37380913,37380998,28274132,227157
1790920065,68103200,69889060864,1323258,0,,7,0,37,41,1159980,1472314335,37401377,37401450,28301248,227373
1790920066,68101612,69886619648,1323258,0,,5,0,37,41,1178460,1473830690,37438708,37438782,28316193,227498
1790920067,68102016,69886562304,1323258,0,,5,0,37,41,1196052,1475444556,37476199,37476275,28328867,227611
1790920068,68102284,69886570496,1323592,0,,1,0,37,41,1210000,1476693951,37506165,37506252,28347213,227760
1790920069,68101948,69887516672,1325275,0,,3,0,37,41,1209737,1477810238,37532950,37533033,28369202,227934
1790920071,68102220,69887541248,1327463,0,,6,0,37,41,1190999,1478655671,37553209,37553291,28396741,228150
1790920072,68101260,69886029824,1327463,0,,7,0,37,41,1208196,1480215554,37591053,37591135,28410406,228269
1790920073,68100992,69886283776,1327463,0,,8,0,37,41,1225513,1481804286,37628665,37628750,28423955,228384
1790920074,68102408,69886431232,1328061,0,,0,0,37,41,1235877,1482860309,37653818,37653905,28447881,228573
1790920075,68102132,69887463424,1328336,0,,2,0,37,41,1229516,1484166876,37685604,37685683,28467457,228733
1790920076,68101596,69887426560,1328336,0,,11,0,37,41,1244538,1485732627,37723076,37723162,28482675,228857
1790920077,68102376,69886926848,1328336,0,,4,0,37,41,1258562,1487267488,37760779,37760855,28498303,228984
1790920078,68102840,69887905792,1330536,0,,9,0,37,41,1247695,1488086824,37779824,37779903,28524802,229191
1790920079,68099940,69884944384,1331005,0,,0,0,37,41,1259691,1489170414,37805899,37805986,28549016,229383
1790920080,68099796,69883756544,1332471,0,,0,0,37,41,1252393,1490405399,37835057,37835144,28571426,229563
1790920081,68100796,69885075456,1333966,0,,9,0,37,41,1244297,1491514151,37860945,37861029,28595229,229752
1790920082,68100956,69887033344,1337633,0,,5,0,37,41,1233052,1492357160,37880494,37880579,28620739,229954
1790920083,68102188,69887250432,1340510,0,,10,0,37,41,1221711,1493162568,37899609,37899690,28647750,230164
1790920084,68099820,69885616128,1340510,0,,10,0,37,41,1238701,1494747885,37937836,37937921,28661659,230285
1790920085,68100036,69885571072,1340510,0,,7,0,37,41,1255610,1496288725,37976356,37976441,28675251,230402
1790920086,68099944,69884940288,1343391,0,,0,0,37,41,1243968,1497047593,37994380,37994467,28705249,230635
1790920087,68101112,69886009344,1350549,0,,5,0,37,41,1226879,1497315726,38000569,38000652,28743046,230923
1790920088,68101160,69884841984,1350549,0,,10,0,37,41,1224507,1498927546,38038135,38038218,28757077,231047
1790920089,68101400,69885136896,1352472,0,,0,0,37,41,1234792,1499748597,38058074,38058161,28782092,231244
1790920090,68102788,69887864832,1352664,0,,5,0,37,41,1231384,1501268691,38094823,38094908,28797122,231372
1790920091,68103088,69887676416,1354058,0,,0,0,37,41,1246765,1502537715,38125191,38125278,28815116,231520
1790920092,68101808,69886070784,1355351,0,,0,0,37,41,1235979,1503325568,38143440,38143527,28842528,231735
1790920094,68102180,69887778816,1357516,0,,11,0,37,41,1229433,1504494871,38170805,38170890,28863646,231905
1790920095,68102376,69886140416,1358072,0,,0,0,37,41,1242269,1505639304,38198611,38198698,28882985,232059
1790920096,68102732,69887533056,1359944,0,,7,0,37,41,1234816,1506814884,38227041,38227121,28904359,232232
1790920097,68104212,69888368640,1360884,0,,0,0,37,41,1247553,1508016539,38255353,38255440,28931838,232451
1790920098,68101184,69886734336,1361066,0,,10,0,37,41,1244561,1509514509,38290577,38290661,28947203,232580
1790920099,68101620,69886402560,1361066,0,,7,0,37,41,1261604,1511104489,38328128,38328210,28961003,232703
1790920100,68102096,69887152128,1362010,0,,8,0,37,41,1249729,1511838189,38346278,38346362,28987435,232911
1790920101,68099776,69885579264,1364301,0,,10,0,37,41,1237646,1512633354,38365333,38365419,29014760,233129
1790920102,68101324,69886115840,1365224,0,,5,0,37,41,1248446,1513456110,38385680,38385761,29042061,233344
1790920103,68099092,69884616704,1366501,0,,5,0,37,41,1218482,1514357285,38407136,38407216,29069599,233564
1790920104,68099044,69884014592,1367833,0,,10,0,37,41,1208607,1515233745,38428295,38428380,29097211,233785
1790920105,68099248,69884243968,1367833,0,,8,0,37,41,1226505,1516775722,38465976,38466056,29110331,233901
1790920106,68098892,69884129280,1367833,0,,6,0,37,41,1244396,1518320549,38503580,38503660,29123947,234021
1790920107,68098864,69884362752,1367833,0,,7,0,37,41,1261261,1519881349,38540649,38540733,29137795,234141
1790920108,68098552,69884047360,1370845,0,,6,0,37,41,1249652,1520715030,38559648,38559732,29164158,234351
1790920109,68098764,69884518400,1370845,0,,6,0,37,41,1267118,1522267773,38597015,38597092,29177741,234470
1790920110,68099036,69884014592,1374339,0,,5,0,37,41,1255804,1523052256,38615700,38615787,29204208,234677
1790920111,68097788,69882482688,1374339,0,,7,0,37,41,1272310,1524652235,38653135,38653210,29217856,234795
1790920113,68098968,69882961920,1376695,0,,1,0,37,41,1259298,1525246382,38666622,38666709,29256741,235095
1790920114,68098596,69883822080,1377559,0,,9,0,37,41,1254285,1526618879,38698475,38698559,29274295,235240
1790920115,68100428,69885702144,1378995,0,,4,0,37,41,1254789,1527385973,38716806,38716887,29301252,235451
1790920116,68100244,69885739008,1378995,0,,9,0,37,41,1272557,1528936312,38754659,38754739,29314237,235565
1790920117,68101504,69887074304,1378995,0,,8,0,37,41,1289781,1530481609,38792334,38792415,29327758,235682
1790920118,68101624,69885599744,1379533,0,,0,0,37,41,1294112,1531914491,38826071,38826158,29347378,235845
1790920119,68102216,69888307200,1383302,0,,3,0,37,41,1279854,1532480738,38839768,38839855,29384297,236130
1790920120,68101008,69886259200,1385700,0,,5,0,37,41,1249354,1533400853,38861186,38861269,29412328,236354
1790920121,68100800,69885566976,1387280,0,,6,0,37,41,1255071,1534270753,38882055,38882134,29440065,236576
1790920122,68101248,69886787584,1389962,0,,0,0,37,41,1249860,1535136177,38902347,38902434,29465991,236780
1790920123,68100096,69885083648,1390168,0,,6,0,37,41,1246853,1536715277,38939725,38939811,29480599,236905
1790920124,68101672,69886693376,1391717,0,,3,0,37,41,1236753,1537567519,38958963,38959048,29507945,237119
1790920125,68100064,69884784640,1391717,0,,5,0,37,41,1254118,1539155082,38997129,38997208,29521442,237233
1790920126,68098924,69884059648,1391717,0,,7,0,37,41,1270633,1540740969,39034808,39034891,29535742,237354
1790920127,68100036,69885534208,1393618,0,,0,0,37,41,1279341,1541524951,39053694,39053781,29561578,237555
1790920129,68100888,69886431232,1393967,0,,6,0,37,41,1276256,1543075930,39090607,39090687,29576742,237682
1790920130,68100964,69886226432,1397379,0,,7,0,37,41,1265532,1543887537,39109545,39109631,29603511,237891
1790920131,68099896,69884616704,1401388,0,,3,0,37,41,1254295,1544768234,39130625,39130706,29630892,238105
1790920132,68099656,69884628992,1401388,0,,12,0,37,41,1271392,1546368162,39168815,39168897,29644623,238223
1790920133,68097684,69883092992,1403211,0,,10,0,37,41,1261091,1547213342,39188441,39188527,29672224,238439
1790920134,68098752,69883715584,1403211,0,,4,0,37,41,1278288,1548805364,39226427,39226508,29685537,238555
1790920135,68099996,69885251584,1405598,0,,10,0,37,41,1267559,1549638873,39245873,39245955,29712323,238766
1790920136,68098768,69882691584,1405692,0,,1,0,37,41,1284652,1551196955,39281474,39281561,29727262,238893
1790920137,68100028,69885018112,1409472,0,,8,0,38,41,1274419,1552143683,39303068,39303148,29752232,239091
1790920138,68100840,69885325312,1411172,0,,7,0,38,41,1263356,1553006661,39323490,39323567,29779818,239308
1790920139,68099208,69884698624,1411172,0,,6,0,38,41,1280023,1554592036,39361235,39361316,29793551,239426
1790920140,68099264,69884489728,1411172,0,,6,0,38,41,1297321,1556215530,39399273,39399357,29806386,239540
1790920141,68098860,69883297792,1412332,0,,4,0,38,41,1286339,1557043476,39418715,39418797,29833795,239754
1790920142,68098704,69883613184,1414930,0,,4,0,38,41,1275997,1557889243,39439071,39439157,29861043,239968
1790920143,68100116,69884588032,1415865,0,,0,0,38,41,1287292,1558933988,39463658,39463745,29883824,240149
1790920144,68101360,69886087168,1416560,0,,5,0,38,41,1281508,1560294559,39496546,39496626,29902000,240301
1790920145,68100508,69885513728,1417621,0,,8,0,38,41,1291008,1561116121,39515930,39516015,29928573,240511
1790920146,68100596,69884813312,1418465,0,,1,0,38,41,1281058,1562130454,39538234,39538321,29954277,240712
1790920147,68100076,69885489152,1420301,0,,8,0,38,41,1249639,1562955923,39557919,39558000,29984035,240944
1790920148,68098328,69883817984,1420301,0,,6,0,38,41,1267998,1564530901,39596140,39596226,29997941,241067
1790920149,68098036,69882200064,1420580,0,,0,0,38,41,1284311,1566045558,39633673,39633760,30012176,241187
1790920150,68098940,69884420096,1422771,0,,8,0,38,41,1272767,1566844923,39653063,39653146,30038718,241396
1790920151,68098136,69883592704,1424605,0,,10,0,38,41,1274195,1567684045,39673478,39673563,30066491,241613
1790920152,68098404,69884407808,1425666,0,,7,0,38,41,1250925,1568574540,39694808,39694889,30094289,241832
1790920153,68100084,69884841984,1429636,0,,7,0,38,41,1240448,1569429313,39715415,39715497,30121767,242049
1790920155,68097468,69882376192,1429636,0,,8,0,38,41,1258032,1570967504,39753026,39753112,30134853,242162
1790920156,68098700,69884194816,1431036,0,,8,0,38,41,1247444,1571838926,39772413,39772495,30161613,242371
1790920157,68100708,69884903424,1431931,0,,8,0,38,41,1236866,1572694303,39792738,39792818,30189170,242590
1790920158,68099332,69884579840,1431931,0,,4,0,38,41,1253703,1574275097,39830888,39830974,30202713,242707
1790920159,68099572,69885083648,1431931,0,,3,0,38,41,1271424,1575882122,39868516,39868597,30216776,242825
1790920160,68099768,69883969536,1433484,0,,1,0,38,41,1281147,1576837623,39890991,39891078,30239933,243007
1790920161,68099440,69885194240,1435501,0,,6,0,38,41,1248580,1577559984,39908265,39908351,30271013,243249
1790920162,68101120,69885886464,1435501,0,,7,0,38,41,1266117,1579125126,39946477,39946559,30284697,243365
1790920163,68101196,69885861888,1437306,0,,9,0,38,41,1278428,1580153628,39971849,39971932,30312927,243589
1790920164,68102632,69888196608,1437306,0,,7,0,38,41,1275442,1581733979,40009219,40009301,30327080,243711
1790920165,68102376,69886115840,1438234,0,,0,0,38,41,1285703,1582663131,40032621,40032708,30350471,243896
1790920166,68101468,69887004672,1439936,0,,6,0,38,41,1280015,1584086330,40066429,40066512,30367464,244042
1790920167,68101556,69885804544,1440093,0,,0,0,38,41,1294787,1585537370,40100175,40100262,30384198,244184
1790920168,68102852,69888688128,1441847,0,,5,0,38,41,1278563,1585881544,40108732,40108819,30422329,244477
1790920169,68102828,69887610880,1441896,0,,8,0,38,41,1275682,1587452592,40146105,40146187,30436336,244599
1790920170,68102944,69888008192,1444393,0,,0,0,38,41,1260949,1587899828,40156981,40157068,30472168,244874
1790920171,68103252,69888110592,1446320,0,,3,0,38,41,1259724,1589209231,40187787,40187867,30491406,245030
1790920172,68100444,69885194240,1446320,0,,5,0,38,41,1277300,1590797558,40225908,40225989,30505195,245150
1790920174,68099616,69885132800,1446320,0,,4,0,38,41,1293620,1592402500,40263519,40263604,30518226,245265
1790920175,68099440,69884428288,1448066,0,,0,0,38,41,1299469,1593304065,40284576,40284663,30545187,245477
1790920176,68100172,69885415424,1448169,0,,8,0,38,41,1296267,1594871882,40322929,40323012,30559433,245599
1790920177,68099696,69884669952,1448169,0,,7,0,38,41,1312674,1596472901,40360695,40360781,30572986,245716
1790920178,68100896,69886164992,1450066,0,,9,0,38,41,1302375,1597317231,40379907,40379989,30600136,245928
1790920179,68100032,69884764160,1452549,0,,5,0,38,41,1290903,1598170965,40400843,40400923,30627885,246145
1790920180,68097740,69883199488,1452549,0,,8,0,38,41,1306710,1599757426,40438974,40439059,30642178,246266
1790920181,68098204,69883174912,1452549,0,,9,0,38,41,1323950,1601323372,40476674,40476759,30655245,246381
1790920182,68097096,69880979456,1457693,0,,0,0,38,41,1307590,1601682474,40484707,40484794,30692417,246664
1790920183,68095724,69880897536,1460500,0,,4,0,38,41,1275356,1602418600,40502109,40502194,30724359,246911
1790920184,68095716,69879824384,1461844,0,,8,0,38,41,1265197,1603272102,40522210,40522293,30752561,247133
1790920185,68096820,69881749504,1464384,0,,10,0,38,41,1254863,1604177235,40543534,40543614,30779305,247343
1790920186,68095784,69880688640,1465753,0,,7,0,38,41,1249871,1605044026,40564461,40564546,30806847,247558
1790920187,68097168,69882593280,1468732,0,,10,0,38,41,1234995,1606027324,40587326,40587404,30835172,247781
1790920188,68096496,69881417728,1473134,0,,8,0,38,41,1246324,1606897842,40608376,40608458,30862295,247995
1790920189,68095240,69880627200,1476415,0,,9,0,38,41,1215085,1607748645,40628586,40628664,30889950,248211
1790920190,68096428,69881585664,1476415,0,,5,0,38,41,1234480,1609285395,40666652,40666735,30903523,248328
1790920191,68096196,69880827904,1479045,0,,4,0,38,41,1224325,1610139835,40687270,40687347,30930955,248543
1790920192,68096864,69881450496,1479045,0,,8,0,38,41,1241487,1611739113,40725036,40725116,30944275,248659
1790920193,68096484,69881401344,1480477,0,,8,0,38,41,1230688,1612502457,40743868,40743949,30971946,248876
1790920194,68098536,69883482112,1480477,0,,9,0,38,41,1247685,1614094755,40781877,40781959,30985422,248991
1790920195,68097976,69883174912,1480477,0,,5,0,38,41,1264724,1615619316,40818814,40818900,30998560,249105
1790920196,68099036,69883252736,1484302,0,,0,0,38,41,1248419,1615944174,40826523,40826610,31033086,249369
1790920197,68099060,69885079552,1489627,0,,6,0,38,41,1214737,1616487459,40840089,40840170,31067143,249632
1790920199,68096920,69881036800,1490355,0,,0,0,38,41,1231188,1617953430,40873158,40873245,31083115,249765
1790920200,68097560,69882245120,1493684,0,,1,0,38,41,1216414,1618431241,40883546,40883630,31121317,250059
1790920201,68098244,69883179008,1494490,0,,0,0,38,41,1209039,1619500257,40909702,40909789,31145423,250252
1790920202,68097008,69881135104,1498013,0,,0,0,38,41,1197931,1620290189,40928115,40928202,31174473,250481
1790920203,68096224,69881651200,1498876,0,,6,0,38,41,1169942,1621123690,40947713,40947794,31204666,250716
1790920204,68096188,69880295424,1498876,0,,5,0,38,41,1188511,1622719716,40985569,40985651,31217994,250834
1790920205,68094588,69878550528,1502244,0,,10,0,38,41,1176057,1623545758,41005130,41005215,31245705,251051
1790920206,68094432,69879627776,1502244,0,,11,0,38,41,1194523,1625135766,41043479,41043562,31259272,251168
1790920207,68095644,69880778752,1505769,0,,8,0,38,41,1203887,1625926505,41062206,41062287,31285966,251378
1790920208,68094052,69879148544,1505769,0,,7,0,38,41,1201418,1627545651,41100102,41100189,31299369,251494
1790920209,68095496,69880639488,1506615,0,,5,0,38,41,1190467,1628357970,41118317,41118395,31325714,251701
1790920210,68096560,69881995264,1506615,0,,8,0,38,41,1209129,1629920413,41156530,41156612,31339071,251820
1790920211,68097820,69882761216,1506615,0,,8,0,38,41,1227428,1631516125,41194262,41194343,31352184,251934
1790920212,68098744,69883944960,1506615,0,,8,0,38,41,1244078,1633083269,41232101,41232184,31365598,252048
1790920213,68098352,69882793984,1508840,0,,12,0,38,41,1233393,1633855918,41250432,41250514,31392433,252257
1790920214,68098396,69883346944,1510657,0,,11,0,38,41,1217171,1634223237,41258597,41258681,31434759,252580
1790920215,68097388,69883088896,1510657,0,,10,0,38,41,1214466,1635825593,41296927,41297013,31449028,252701
1790920216,68098992,69884428288,1511655,0,,6,0,38,41,1202913,1636685799,41316447,41316529,31476297,252914
1790920217,68099148,69883584512,1513040,0,,0,0,38,41,1216093,1637864093,41343444,41343531,31496648,253078
1790920218,68098764,69882937344,1514416,0,,0,0,38,41,1204014,1638529040,41359713,41359800,31527470,253319
1790920219,68100340,69886152704,1518028,0,,4,0,38,41,1172624,1639340797,41379671,41379748,31558479,253561
1790920221,68097272,69882462208,1519198,0,,7,0,38,41,1162739,1640185508,41400382,41400467,31585851,253776
1790920222,68097624,69882568704,1519198,0,,7,0,38,41,1181280,1641787166,41438081,41438159,31599495,253891
1790920223,68098396,69883482112,1523336,0,,3,0,38,41,1170122,1642585437,41457415,41457496,31626182,254101
1790920224,68097180,69881323520,1523527,0,,0,0,38,41,1184933,1643912359,41487826,41487913,31646766,254265
1790920225,68098124,69883875328,1525591,0,,6,0,38,41,1150068,1644342553,41497916,41497998,31681501,254534
1790920226,68099428,69883326464,1527888,0,,0,0,38,41,1138386,1644999015,41513217,41513304,31719829,254831
1790920227,68098468,69883670528,1530093,0,,7,0,38,41,1105660,1645651175,41528604,41528687,31752314,255085
1790920228,68098664,69884022784,1530093,0,,6,0,38,41,1124925,1647213316,41567022,41567103,31766067,255208
1790920229,68098432,69882601472,1530093,0,,10,0,38,41,1143907,1648786506,41604222,41604305,31780545,255332
1790920230,68097204,69882126336,1533336,0,,6,0,38,41,1132768,1649573997,41623146,41623230,31806397,255538
1790920231,68097892,69883863040,1534644,0,,3,0,38,41,1122422,1650324779,41641844,41641922,31832949,255748
1790920232,68097404,69882589184,1534644,0,,4,0,38,41,1141633,1651858934,41679398,41679474,31846319,255866
1790920233,68096360,69880487936,1536669,0,,8,0,38,41,1135258,1652715340,41699701,41699786,31873852,256083
1790920234,68096348,69881249792,1537972,0,,8,0,38,41,1121666,1653560508,41719742,41719825,31903258,256314
1790920235,68097252,69882175488,1539549,0,,6,0,38,41,1120200,1654716595,41747763,41747845,31927012,256504
1790920236,68097576,69883043840,1541614,0,,9,0,38,41,1116489,1655679180,41770890,41770975,31950501,256694
1790920237,68098040,69883723776,1541614,0,,3,0,38,41,1134968,1657245548,41808602,41808682,31964342,256815
1790920238,68099520,69885050880,1541614,0,,7,0,38,41,1152744,1658786286,41845926,41846013,31978100,256936
1790920239,68100356,69885784064,1543629,0,,4,0,38,41,1149157,1659598805,41864842,41864920,32005150,257149
1790920240,68102104,69886873600,1543629,0,,9,0,38,41,1160103,1661148109,41902239,41902320,32018761,257271
1790920241,68100968,69887021056,1544256,0,,5,0,38,41,1148275,1661979228,41921795,41921882,32045259,257482
1790920243,68099524,69883727872,1545302,0,,0,0,38,41,1159928,1662975209,41945512,41945599,32068453,257666
1790920244,68100244,69885763584,1545707,0,,6,0,38,41,1155875,1664364499,41978641,41978720,32086550,257819
1790920245,68101524,69886545920,1545707,0,,4,0,38,41,1172840,1665895728,42016268,42016348,32100043,257940
1790920246,68099500,69884129280,1546840,0,,7,0,38,41,1161638,1666702044,42035381,42035467,32126631,258150
1790920247,68100864,69886140416,1549086,0,,15,0,38,41,1172010,1667506394,42055557,42055643,32153148,258359
1790920248,68102732,69888561152,1549086,0,,7,0,38,41,1170130,1669126593,42092802,42092882,32166773,258478
1790920249,68102908,69888491520,1549086,0,,6,0,38,41,1188464,1670652250,42130576,42130660,32179773,258594
1790920250,68103300,69887299584,1552888,0,,0,0,38,41,1177538,1671431160,42149138,42149225,32213601,258858
1790920251,68103076,69887356928,1557149,0,,3,0,38,41,1167376,1672312348,42170127,42170213,32248525,259132
1790920252,68100880,69885915136,1559042,0,,6,0,38,41,1163426,1673676036,42202655,42202739,32266772,259285
1790920253,68102136,69887430656,1561063,0,,6,0,38,41,1152876,1674506214,42222247,42222329,32293721,259498
1790920254,68101072,69886337024,1561063,0,,5,0,39,41,1170165,1676111884,42259989,42260070,32306792,259616
1790920255,68100712,69884932096,1561716,0,,0,0,39,41,1181260,1677052732,42282579,42282666,32330823,259806
1790920256,68101596,69886070784,1563155,0,,9,0,39,41,1149626,1677771532,42299674,42299756,32360946,260041
1790920257,68102020,69886971904,1563155,0,,2,0,39,41,1168793,1679365381,42337877,42337952,32373821,260154
1790920258,68100472,69885984768,1564377,0,,8,0,39,41,1158763,1680203645,42356935,42357019,32400746,260364
1790920260,68102180,69886455808,1564529,0,,0,0,39,41,1177023,1681780873,42394157,42394244,32416741,260499
1790920261,68102216,69885964288,1570828,0,,1,0,39,41,1161405,1682132535,42402151,42402238,32453681,260781
1790920262,68100836,69886029824,1573821,0,,8,0,39,41,1141683,1682910848,42420287,42420368,32483243,261013
1790920263,68100536,69885816832,1573821,0,,5,0,39,41,1161183,1684535857,42458161,42458245,32495942,261127
1790920264,68101968,69886722048,1574748,0,,9,0,39,41,1161220,1685501587,42481685,42481766,32523876,261347
1790920265,68101644,69887430656,1574748,0,,4,0,39,41,1159923,1687113386,42519497,42519580,32537816,261470
1790920266,68102012,69887070208,1576485,0,,4,0,39,41,1150028,1687941901,42539478,42539563,32565050,261681
1790920267,68103540,69887586304,1579852,0,,1,0,39,41,1163840,1689161175,42568260,42568347,32585746,261849
1790920268,68101380,69886140416,1580435,0,,8,0,39,41,1156882,1690347289,42598279,42598362,32606811,262021
1790920269,68100280,69885493248,1582897,0,,7,0,39,41,1146292,1691122926,42617062,42617144,32633371,262229
1790920270,68101272,69884989440,1585117,0,,5,0,39,41,1136375,1691985998,42637513,42637595,32660618,262442
1790920271,68100012,69885009920,1587556,0,,7,0,39,41,1128691,1692838112,42658110,42658195,32686046,262644
1790920272,68101272,69886533632,1589984,0,,8,0,39,41,1123692,1693866051,42682855,42682936,32711972,262850
1790920273,68101160,69885874176,1591672,0,,10,0,39,41,1127062,1695155720,42713811,42713898,32735565,263037
1790920274,68100756,69885771776,1591672,0,,9,0,39,41,1146286,1696711856,42752044,42752128,32748903,263153
1790920275,68100460,69885468672,1592965,0,,10,0,39,41,1135108,1697470532,42770294,42770377,32775065,263357
1790920276,68101596,69887160320,1596560,0,,4,0,39,41,1127863,1698432991,42793338,42793417,32802186,263570
1790920277,68100920,69886193664,1598739,0,,3,0,39,41,1122907,1699507290,42818805,42818888,32828252,263775
1790920279,68100736,69885964288,1598739,0,,11,0,39,41,1142388,1701091457,42856520,42856606,32841818,263890
1790920280,68100704,69885140992,1598739,0,,4,0,39,41,1160819,1702682923,42894771,42894849,32854942,264006
1790920281,68099792,69884747776,1598739,0,,6,0,39,41,1179521,1704243288,42932377,42932462,32868577,264123
1790920282,68099796,69883740160,1600320,0,,7,0,39,41,1167758,1705007798,42951094,42951172,32895172,264330
1790920283,68100396,69885128704,1604838,0,,7,0,39,41,1156107,1705806692,42970310,42970389,32922482,264544
1790920284,68099400,69884649472,1607053,0,,7,0,39,41,1146333,1706625749,42990081,42990164,32949554,264756
1790920285,68100844,69885853696,1608173,0,,8,0,39,41,1136888,1707465162,43010449,43010529,32977181,264973
1790920286,68100696,69884928000,1608173,0,,7,0,39,41,1155707,1709024745,43048292,43048376,32991320,265095
1790920287,68100232,69885747200,1610530,0,,7,0,39,41,1164978,1709866029,43068629,43068713,33018283,265306
1790920288,68100320,69885321216,1610530,0,,6,0,39,41,1162549,1711484239,43106519,43106603,33032397,265424
1790920289,68099408,69884125184,1611620,0,,5,0,39,41,1175239,1712591159,43133574,43133658,33061535,265655
1790920290,68100452,69884665856,1615351,0,,0,0,39,41,1167432,1713625798,43157846,43157933,33086225,265849
1790920291,68099660,69884379136,1618173,0,,2,0,39,41,1134770,1714307615,43174577,43174661,33116611,266085
1790920292,68101304,69885722624,1620240,0,,7,0,39,41,1132801,1715160103,43195976,43196049,33144263,266303
1790920293,68100168,69884633088,1620559,0,,0,0,39,41,1138773,1716287823,43222515,43222602,33166895,266487
1790920294,68101368,69886386176,1620822,0,,8,0,39,41,1135315,1717616501,43254714,43254797,33184361,266630
1790920295,68101532,69886816256,1620822,0,,8,0,39,41,1153477,1719186916,43292493,43292576,33198061,266751
1790920296,68100924,69886451712,1620822,0,,4,0,39,41,1171922,1720747603,43330141,43330225,33211368,266867
1790920297,68102092,69886881792,1620822,0,,9,0,40,43,1189055,1722322390,43367333,43367415,33224755,266986
1790920299,68101728,69888118784,1623225,0,,6,0,40,43,1177054,1723129108,43386414,43386498,33251754,267199
1790920300,68100340,69884813312,1623871,0,,1,0,40,43,1193757,1724626457,43421545,43421632,33267451,267333
1790920301,68102108,69887135744,1625051,0,,6,0,40,43,1184499,1725547589,43443513,43443592,33292345,267531
1790920302,68101664,69886971904,1629033,0,,9,0,40,43,1173607,1726425840,43463690,43463772,33319396,267744
1790920303,68099468,69885222912,1629033,0,,10,0,40,43,1191989,1728012262,43501525,43501610,33333948,267868
1790920304,68100508,69885243392,1629033,0,,6,0,40,43,1208491,1729609074,43539532,43539612,33346583,267980
1790920305,68101624,69887176704,1629033,0,,7,0,40,43,1225998,1731186551,43577227,43577308,33360052,268100
1790920306,68101772,69887254528,1629033,0,,8,0,40,43,1242651,1732769485,43614513,43614599,33373340,268217
1790920307,68101252,69885501440,1631665,0,,11,0,40,43,1239036,1733546119,43633220,43633304,33399776,268425
1790920308,68099836,69884301312,1633160,0,,0,0,40,43,1221097,1734339183,43653256,43653328,33427250,268642
1790920309,68098772,69884035072,1636022,0,,8,0,40,43,1210050,1735244342,43674847,43674934,33454712,268862
1790920310,68099500,69884780544,1637198,0,,5,0,40,43,1199530,1736120525,43696106,43696190,33482581,269083
1790920311,68100660,69884604416,1642316,0,,0,0,40,43,1184814,1736556865,43705776,43705863,33519757,269367
1790920312,68098240,69882699776,1643363,0,,7,0,40,43,1180258,1737916204,43738259,43738345,33537731,269520
1790920313,68099812,69885603840,1644311,0,,5,0,40,43,1170417,1738748776,43758287,43758364,33565078,269735
1790920314,68098976,69882916864,1645165,0,,1,0,40,43,1186504,1740145912,43790772,43790859,33586437,269910
1790920315,68098312,69883834368,1646977,0,,5,0,40,43,1179773,1741358182,43819594,43819674,33606601,270076
1790920316,68098748,69884014592,1649731,0,,8,0,40,43,1169129,1742205795,43838977,43839061,33633670,270290
1790920317,68098688,69883154432,1650982,0,,7,0,40,43,1159103,1743022810,43859478,43859560,33661335,270508
1790920318,68097924,69882630144,1652798,0,,0,0,41,43,1175305,1744381893,43893315,43893402,33678192,270649
1790920319,68097608,69882548224,1654393,0,,9,0,41,43,1178855,1745368619,43916794,43916872,33701605,270837
1790920321,68097576,69883584512,1655611,0,,7,0,41,43,1177291,1746267631,43937966,43938052,33728631,271051
1790920322,68097552,69881458688,1656361,0,,0,0,41,43,1173192,1747535432,43970278,43970365,33748278,271213
1790920323,68097580,69881765888,1658519,0,,0,0,41,43,1164113,1748448713,43991793,43991880,33783922,271492
1790920324,68097704,69881946112,1659851,0,,4,0,41,43,1132460,1749173082,44009160,44009240,33815205,271738
1790920325,68096188,69881872384,1663189,0,,6,0,41,43,1124138,1750097542,44031485,44031569,33844544,271969
1790920326,68095500,69880152064,1665113,0,,5,0,41,43,1117926,1751074152,44055780,44055862,33870564,272177
1790920327,68095700,69880098816,1665394,0,,1,0,41,43,1137145,1752651795,44092691,44092778,33885424,272306
1790920328,68095692,69880590336,1668532,0,,10,0,41,43,1122566,1753151049,44104009,44104093,33920698,272578
1790920329,68097204,69882155008,1669795,0,,6,0,41,43,1126132,1754546295,44137029,44137107,33946365,272785
1790920330,68098688,69883674624,1669795,0,,10,0,41,43,1130361,1756119368,44174532,44174616,33960875,272912
1790920331,68095084,69879926784,1671723,0,,6,0,41,43,1123730,1757061925,44196636,44196721,33987230,273119
1790920332,68096364,69882064896,1674574,0,,8,0,41,43,1116075,1757939636,44216405,44216486,34011997,273318
1790920333,68096388,69881573376,1677192,0,,7,0,41,43,1130211,1759091337,44244383,44244462,34035487,273509
1790920334,68095412,69880057856,1677192,0,,8,0,41,43,1130770,1760645350,44281341,44281426,34052023,273650
1790920336,68096656,69881098240,1680168,0,,9,0,41,43,1141060,1761477950,44302045,44302128,34079042,273864
1790920337,68097488,69882511360,1680168,0,,10,0,41,43,1140167,1763066696,44339144,44339225,34092864,273987
1790920338,68096136,69881593856,1680168,0,,3,0,41,43,1158367,1764601791,44376240,44376319,34105810,274101
1790920339,68097672,69883162624,1681096,0,,5,0,41,43,1147457,1765393448,44395101,44395183,34132709,274313
1790920340,68098416,69884207104,1683679,0,,8,0,41,43,1137854,1766219464,44414804,44414889,34160723,274534
1790920341,68097180,69882654720,1684745,0,,9,0,41,43,1128161,1767112164,44436507,44436592,34187173,274744
1790920342,68097216,69883097088,1684745,0,,6,0,41,43,1146556,1768706319,44473845,44473926,34200353,274861
1790920343,68098496,69883871232,1686543,0,,3,0,41,43,1145683,1769555541,44493264,44493351,34227497,275076
1790920344,68099912,69884407808,1687568,0,,0,0,41,43,1148117,1770545461,44516280,44516367,34251633,275270
1790920345,68100892,69886439424,1689186,0,,11,0,41,43,1121729,1771480063,44537513,44537593,34281305,275503
1790920346,68101776,69887315968,1690494,0,,10,0,41,43,1121075,1772615926,44564267,44564351,34305232,275697
1790920347,68098344,69883060224,1692152,0,,0,0,41,43,1124491,1773926446,44596293,44596380,34332144,275910
1790920348,68099116,69883867136,1693265,0,,5,0,41,43,1129015,1775380279,44630366,44630446,34355268,276097
1790920349,68099672,69885181952,1696436,0,,5,0,41,43,1127419,1776555263,44658516,44658594,34380208,276295
1790920350,68099500,69884256256,1696436,0,,6,0,41,43,1145760,1778105466,44696034,44696119,34393516,276412
1790920351,68101016,69887356928,1699037,0,,11,0,41,43,1155362,1778902276,44716015,44716101,34420162,276621
1790920352,68099776,69884526592,1699037,0,,7,0,41,43,1153527,1780500738,44752972,44753052,34434491,276747
1790920353,68098444,69882118144,1700067,0,,0,0,41,43,1167009,1781700576,44781422,44781509,34454316,276909
1790920354,68099472,69884727296,1701347,0,,11,0,41,43,1152080,1782168127,44792642,44792728,34488384,277172
1790920355,68100480,69885693952,1703426,0,,7,0,41,43,1124678,1783028806,44813804,44813885,34520897,277428
1790920356,68099076,69883269120,1703584,0,,0,0,41,43,1130432,1784468283,44847562,44847649,34541110,277598
1790920357,68099556,69884485632,1704782,0,,5,0,41,43,1132493,1785826402,44880109,44880188,34571607,277838
1790920358,68100500,69885517824,1704782,0,,5,0,41,43,1125249,1787261931,44914609,44914691,34598149,278051
1790920359,68100000,69885292544,1705185,0,,8,0,41,43,1127208,1788524933,44943990,44944075,34624372,278260
1790920361,68100888,69886439424,1707454,0,,6,0,41,43,1132512,1789899003,44977231,44977316,34649348,278464
1790920362,68098100,69882806272,1707454,0,,7,0,41,43,1136535,1791284046,45010406,45010484,34682545,278722
1790920363,68096832,69882277888,1707454,0,,8,0,41,43,1129544,1792719062,45045976,45046061,34705213,278908
1790920364,68097808,69882519552,1709411,0,,10,0,41,43,1142862,1793829959,45072371,45072455,34725918,279075
1790920365,68098572,69884334080,1709411,0,,7,0,41,43,1143078,1795393508,45108588,45108670,34744012,279227
1790920366,68098804,69884309504,1709411,0,,4,0,41,43,1159918,1796945873,45145639,45145719,34757948,279349
1790920367,68097560,69881737216,1712780,0,,0,0,41,43,1145008,1797382903,45155646,45155733,34790139,279596
1790920368,68098640,69884674048,1713567,0,,9,0,41,43,1140074,1798511646,45183300,45183381,34809686,279759
1790920369,68096956,69880877056,1717203,0,,9,0,41,43,1134147,1799604145,45207798,45207884,34834997,279959
1790920370,68098376,69883203584,1717203,0,,9,0,41,43,1152840,1801188940,45244402,45244483,34848342,280076
1790920371,68099852,69885358080,1718338,0,,9,0,41,43,1141251,1801986717,45262780,45262861,34875538,280290
1790920372,68096700,69881053184,1719292,0,,0,0,41,43,1156324,1803306971,45292991,45293078,34892913,280436
1790920373,68098508,69883154432,1721401,0,,6,0,41,43,1147893,1804376421,45317725,45317804,34914742,280613
1790920374,68097372,69880999936,1722058,0,,1,0,41,43,1162486,1805604514,45347817,45347904,34937538,280798
1790920375,68096920,69882642432,1722614,0,,6,0,41,43,1155526,1806828628,45377348,45377432,34956955,280961
1790920376,68098028,69881671680,1723336,0,,0,0,41,43,1171822,1808182144,45410373,45410460,34978221,281134
1790920377,68097812,69883273216,1724404,0,,6,0,42,43,1164312,1809352309,45439633,45439714,34999221,281304
1790920378,68097576,69881987072,1725358,0,,0,0,42,43,1175026,1810341680,45463721,45463808,35022830,281491
1790920379,68097044,69882486784,1725781,0,,9,0,42,43,1170310,1811724070,45496426,45496509,35040322,281635
1790920381,68097444,69882630144,1725781,0,,7,0,42,43,1187850,1813318844,45533960,45534043,35053881,281751
1790920382,68097504,69882114048,1729512,0,,0,0,42,43,1197568,1814185527,45555346,45555433,35077669,281939
1790920383,68097272,69882748928,1729751,0,,7,0,42,43,1193215,1815606486,45590320,45590401,35094191,282074
1790920384,68097636,69883142144,1729751,0,,4,0,42,43,1210168,1817209997,45627925,45628004,35107268,282189
1790920385,68096828,69881511936,1729751,0,,8,0,42,43,1228171,1818791345,45665331,45665416,35120960,282306
1790920386,68098620,69884100608,1730853,0,,7,0,42,43,1215472,1819549921,45683132,45683215,35147179,282512
1790920387,68099516,69884747776,1733972,0,,7,0,42,43,1205326,1820386296,45703261,45703338,35174843,282730
1790920388,68099324,69884588032,1735607,0,,9,0,42,43,1195879,1821304953,45724968,45725051,35202582,282948
1790920389,68100104,69884862464,1735607,0,,5,0,42,43,1214058,1822907489,45762857,45762941,35216208,283065
1790920390,68098888,69884157952,1736839,0,,12,0,42,43,1223376,1823690695,45781890,45781969,35242385,283270
1790920391,68096052,69880975360,1738710,0,,9,0,42,43,1212662,1824503759,45801728,45801810,35270268,283489
1790920392,68097116,69881098240,1738851,0,,0,0,42,43,1208766,1825991869,45838166,45838253,35285670,283617
1790920393,68098516,69883506688,1741915,0,,8,0,42,43,1197951,1826933200,45859133,45859213,35311653,283820
1790920394,68098288,69883015168,1745185,0,,0,0,42,43,1182288,1827294635,45867330,45867417,35348815,284104
1790920395,68097172,69882392576,1748316,0,,6,0,42,43,1149937,1827928837,45883003,45883082,35381608,284357
1790920396,68098508,69882667008,1749194,0,,0,0,42,43,1162157,1829143772,45912905,45912992,35402445,284523
1790920397,68094596,69879492608,1749542,0,,11,0,42,43,1172997,1830370678,45941334,45941418,35424371,284699
1790920398,68095720,69881421824,1749542,0,,6,0,42,43,1190459,1831947755,45978948,45979023,35438501,284820
1790920399,68096796,69881155584,1751283,0,,10,0,42,43,1165133,1832776009,45998072,45998153,35465593,285031
1790920400,68096288,69880700928,1751452,0,,0,0,42,43,1180565,1834328332,46035210,46035297,35479783,285153
1790920401,68095276,69880967168,1755387,0,,5,0,42,43,1169631,1835185517,46055495,46055575,35506212,285361
1790920402,68095096,69879476224,1755387,0,,7,0,42,43,1187520,1836828391,46092918,46092999,35519713,285478
1790920403,68095512,69880459264,1755387,0,,8,0,42,43,1205775,1838389046,46130809,46130895,35534128,285600
1790920404,68096288,69881716736,1755387,0,,9,0,42,43,1222076,1839915661,46168260,46168343,35547573,285714
1790920406,68095136,69878988800,1755808,0,,0,0,42,43,1236242,1841323150,46200226,46200313,35566819,285873
1790920407,68094936,69879062528,1759368,0,,0,0,42,43,1220732,1841814584,46211917,46212004,35600741,286134
1790920408,68095776,69881737216,1760551,0,,8,0,42,43,1216031,1843246688,46246584,46246662,35618423,286280
1790920409,68096440,69880860672,1763059,0,,7,0,42,43,1206890,1844079397,46266064,46266143,35646576,286500
1790920410,68095736,69880655872,1763059,0,,6,0,42,43,1223776,1845646290,46303944,46304030,35661019,286622
1790920411,68096800,69882265600,1763059,0,,5,0,42,43,1238181,1847220899,46341230,46341313,35676423,286750
1790920412,68098072,69882793984,1764004,0,,3,0,42,43,1224418,1847993378,46359865,46359949,35703764,286964
1790920413,68099496,69885026304,1764004,0,,9,0,42,43,1240949,1849552889,46397575,46397656,35717253,287079
1790920414,68098992,69884530688,1766304,0,,9,0,42,43,1230664,1850398112,46417337,46417420,35745291,287298
1790920415,68099812,69885378560,1766304,0,,6,0,42,43,1248111,1851967924,46455476,46455558,35758357,287411
1790920416,68099644,69883600896,1767314,0,,0,0,42,43,1261593,1853179059,46484302,46484389,35777868,287568
1790920417,68100572,69884555264,1771019,0,,0,0,42,43,1250995,1854049283,46505551,46505638,35804436,287779
1790920418,68100408,69886214144,1771934,0,,3,0,42,43,1242696,1855190978,46532583,46532662,35825358,287949
1790920419,68100004,69885493248,1771934,0,,7,0,42,43,1260447,1856758913,46569884,46569970,35839042,288067
1790920420,68101704,69886767104,1774765,0,,8,0,42,43,1248804,1857619950,46589843,46589924,35866423,288282
1790920421,68100912,69886717952,1775828,0,,5,0,42,43,1259103,1858542760,46612779,46612866,35893706,288498
1790920422,68098252,69883240448,1775910,0,,6,0,42,43,1256732,1860131731,46650882,46650968,35907647,288617
1790920423,68098704,69882904576,1775910,0,,8,0,42,43,1273531,1861739929,46688646,46688726,35921238,288734
1790920424,68099720,69883637760,1776806,0,,10,0,42,43,1282435,1862537181,46708211,46708295,35947853,288941
1790920425,68096592,69881278464,1776806,0,,4,0,42,43,1284975,1864122220,46746128,46746214,35961634,289062
1790920426,68096096,69880758272,1776806,0,,8,0,42,43,1302125,1865717738,46783881,46783967,35974306,289174
1790920427,68095960,69880623104,1776806,0,,9,0,42,43,1318741,1867301361,46821252,46821337,35987410,289287
1790920429,68094936,69880336384,1776806,0,,5,0,42,43,1334073,1868866074,46858460,46858544,36001021,289406
1790920430,68096496,69881434112,1776806,0,,8,0,42,43,1350304,1870451096,46895340,46895423,36013895,289519
1790920431,68096604,69881806848,1778857,0,,3,0,42,43,1332583,1871244847,46913757,46913837,36040836,289731
1790920432,68096408,69881339904,1781199,0,,7,0,42,43,1340666,1872073659,46933158,46933244,36067704,289943
1790920433,68097244,69882470400,1781951,0,,4,0,42,43,1310999,1873120267,46956563,46956641,36095711,290165
1790920434,68098944,69883158528,1784972,0,,1,0,42,43,1321709,1874148265,46980403,46980490,36121366,290368
1790920435,68093968,69878743040,1785106,0,,7,0,42,43,1317405,1875621482,47015991,47016077,36137102,290504
1790920436,68095080,69879459840,1785106,0,,9,0,42,43,1332531,1877148776,47053616,47053696,36151049,290627
1790920437,68096504,69881192448,1785106,0,,5,0,42,43,1348798,1878737560,47090901,47090981,36164350,290745
1790920438,68097204,69882146816,1785106,0,,7,0,43,47,1364293,1880318420,47127847,47127928,36177835,290863
1790920439,68097232,69882208256,1785106,0,,7,0,43,47,1379887,1881881254,47165230,47165312,36191001,290977
1790920440,68097244,69881921536,1788465,0,,9,0,43,47,1367533,1882640709,47184028,47184108,36218036,291189
1790920441,68098564,69882499072,1789256,0,,1,0,43,47,1378096,1883724554,47209545,47209632,36243319,291389
1790920442,68097336,69882494976,1792671,0,,0,0,43,47,1366149,1884481366,47227820,47227907,36272241,291616
1790920443,68097112,69881806848,1795628,0,,6,0,43,47,1335171,1885362879,47248323,47248402,36300547,291840
1790920444,68096472,69880651776,1795628,0,,12,0,43,47,1352011,1886940559,47286008,47286092,36314132,291959
1790920445,68097456,69881638912,1795628,0,,2,0,43,47,1368789,1888571455,47323422,47323504,36327258,292073
1790920446,68097996,69882716160,1795628,0,,2,0,43,47,1384859,1890129298,47361268,47361348,36340680,292189
1790920447,68097664,69882593280,1799040,0,,6,0,43,47,1372779,1890953004,47380231,47380316,36367941,292405
1790920448,68099284,69884002304,1799040,0,,9,0,43,47,1388887,1892535090,47418123,47418208,36381312,292521
1790920449,68099204,69884977152,1799040,0,,7,0,43,47,1404124,1894090367,47455634,47455714,36394823,292639
1790920450,68098136,69883613184,1800132,0,,7,0,43,47,1392046,1894860767,47473669,47473756,36422078,292853
1790920452,68099072,69884043264,1801398,0,,10,0,43,47,1379721,1895715845,47494310,47494391,36449028,293066
1790920453,68098824,69883576320,1801398,0,,5,0,43,47,1396330,1897268853,47532243,47532324,36463409,293188
1790920454,68096880,69881008128,1804265,0,,0,0,43,47,1383096,1898006376,47549279,47549366,36493288,293420
1790920455,68098348,69882503168,1805381,0,,8,0,43,47,1372980,1898961073,47572863,47572946,36518203,293618
1790920456,68099252,69883445248,1807402,0,,9,0,43,47,1362116,1899853108,47594223,47594303,36545957,293836
1790920457,68097988,69881876480,1811742,0,,0,0,43,47,1349587,1900594998,47612033,47612120,36576477,294072
1790920458,68098132,69883342848,1815068,0,,0,0,43,47,1333410,1900953478,47620725,47620812,36613560,294357
1790920459,68097720,69881880576,1816496,0,,0,0,43,47,1328788,1902380220,47655055,47655142,36632148,294512
1790920460,68097180,69882343424,1818149,0,,7,0,43,47,1319125,1903409160,47679156,47679242,36656815,294707
1790920461,68097552,69882494976,1818149,0,,9,0,43,47,1335773,1904976064,47717285,47717365,36670449,294821
1790920462,68096996,69881647104,1818970,0,,5,0,43,47,1324124,1905768199,47736387,47736469,36697594,295032
1790920463,68097284,69880881152,1818970,0,,8,0,43,47,1340329,1907347734,47773986,47774069,36711146,295153
1790920464,68096332,69880958976,1819510,0,,0,0,43,47,1356083,1908727890,47807714,47807801,36732727,295328
1790920465,68096616,69880737792,1820035,0,,8,0,44,49,1348847,1909916431,47836047,47836129,36754052,295499
1790920466,68097552,69881462784,1822803,0,,0,0,44,49,1336617,1910663743,47854148,47854235,36790801,295781
1790920467,68097156,69881589760,1826431,0,,8,0,44,49,1303271,1911243640,47867836,47867923,36824815,296045
1790920469,68098384,69883068416,1826665,0,,0,0,44,49,1321017,1912794296,47904785,47904872,36840856,296180
1790920470,68099256,69884428288,1831488,0,,9,0,44,49,1304056,1913069181,47911247,47911328,36879913,296478
1790920471,68100056,69885452288,1831488,0,,5,0,44,49,1301862,1914680948,47949055,47949135,36893763,296601
1790920472,68100020,69885014016,1832040,0,,0,0,44,49,1316606,1915923954,47978833,47978920,36916710,296789
1790920473,68099344,69884317696,1836006,0,,0,0,44,49,1303301,1916544091,47992811,47992898,36948060,297033
1790920474,68100968,69885210624,1836112,0,,9,0,44,49,1300331,1918142140,48030230,48030312,36962304,297157
1790920475,68100992,69885747200,1838223,0,,6,0,44,49,1289861,1918963354,48050244,48050326,36989686,297374
1790920476,68101332,69885550592,1838407,0,,1,0,44,49,1306330,1920446097,48086211,48086298,37005986,297511
1790920477,68100420,69885165568,1840203,0,,6,0,44,49,1296664,1921370529,48108425,48108500,37030355,297705
1790920478,68102412,69886681088,1841671,0,,0,0,44,49,1308551,1922427771,48133332,48133419,37055872,297907
1790920479,68102420,69887475712,1844625,0,,7,0,44,49,1276717,1923160352,48151555,48151640,37086015,298145
1790920480,68102152,69887451136,1844625,0,,10,0,44,49,1294508,1924733886,48189899,48189981,37099118,298260
1790920481,68103324,69888106496,1845470,0,,9,0,44,49,1305053,1925658443,48211392,48211474,37126636,298475
1790920482,68101972,69886742528,1846288,0,,0,0,44,49,1297937,1926817232,48238682,48238769,37148832,298655
1790920483,68102168,69887483904,1846661,0,,9,0,44,49,1292005,1928101025,48269142,48269224,37168574,298818
1790920484,68102164,69887475712,1846661,0,,10,0,44,49,1309138,1929678628,48307025,48307107,37181364,298930
1790920485,68099600,69884850176,1848352,0,,6,0,44,49,1297925,1930488665,48325817,48325903,37208390,299142
1790920486,68101240,69886529536,1849302,0,,6,0,44,49,1287049,1931332649,48345978,48346060,37235446,299355
1790920487,68100356,69885620224,1849302,0,,8,0,44,49,1304347,1932903394,48384187,48384269,37249349,299477
1790920489,68099044,69883752448,1849302,0,,5,0,44,49,1321634,1934517059,48421604,48421686,37262884,299597
1790920490,68099524,69885280256,1850210,0,,5,0,44,49,1310572,1935358022,48441067,48441151,37289710,299807
1790920491,68098920,69882802176,1851899,0,,0,0,44,49,1320272,1936326384,48464177,48464264,37315329,300010
1790920492,68100344,69884809216,1853979,0,,0,0,44,49,1286864,1936932797,48478490,48478577,37353766,300307
1790920493,68098984,69883187200,1857061,0,,3,0,44,49,1253961,1937596302,48494324,48494408,37389360,300583
1790920494,68099120,69883834368,1858275,0,,9,0,44,49,1243601,1938434618,48514759,48514842,37436475,300949
1790920495,68098928,69882589184,1858869,0,,0,0,44,49,1234499,1939368124,48536515,48536602,37462691,301159
1790920496,68100212,69885222912,1859839,0,,6,0,44,49,1202989,1940205216,48556724,48556808,37492321,301392
1790920498,68098600,69882253312,1861474,0,,0,0,44,49,1218276,1941495033,48588344,48588431,37516734,301588
1790920499,68097824,69881720832,1862704,0,,0,0,44,49,1209929,1942465082,48611879,48611966,37541872,301787
1790920500,68098756,69883449344,1863003,0,,4,0,44,49,1203629,1943694677,48641054,48641131,37562451,301957
1790920501,68099600,69885349888,1863857,0,,5,0,44,49,1193717,1944544713,48661618,48661700,37590351,302175
1790920502,68098756,69883224064,1864675,0,,6,0,44,49,1184178,1945403218,48682547,48682632,37617765,302392
1790920503,68099296,69884530688,1865449,0,,5,0,44,49,1199976,1946774059,48714034,48714121,37648516,302639
1790920504,68099932,69885169664,1866040,0,,2,0,44,49,1190705,1947682003,48735416,48735503,37676285,302858
1790920505,68098724,69884219392,1867660,0,,4,0,44,49,1161007,1948590563,48756172,48756257,37704212,303076
1790920506,68099472,69883928576,1869415,0,,0,0,44,49,1150910,1949360532,48774341,48774428,37738026,303340
1790920507,68098408,69882810368,1869990,0,,1,0,44,49,1144092,1950483490,48800439,48800526,37767713,303574
1790920508,68097688,69882908672,1870436,0,,4,0,44,49,1138032,1951620607,48827140,48827225,37789556,303750
1790920510,68099812,69884268544,1870436,0,,5,0,44,49,1156824,1953202206,48864283,48864359,37802921,303867
1790920511,68099912,69884891136,1870436,0,,4,0,44,49,1175241,1954785694,48901155,48901236,37815872,303977
1790920512,68099072,69884825600,1871267,0,,7,0,44,49,1164217,1955625000,48920468,48920554,37842890,304190
1790920513,68099256,69884760064,1871267,0,,4,0,44,49,1182225,1957201263,48957918,48957999,37856117,304309
1790920514,68099264,69884215296,1871612,0,,1,0,44,49,1196396,1958487643,48987725,48987812,37875415,304468
1790920515,68097956,69882392576,1872510,0,,0,0,44,49,1185333,1959249549,49006429,49006516,37903404,304690
1790920516,68098800,69883252736,1873023,0,,6,0,44,49,1178627,1960417487,49034699,49034776,37923748,304858
1790920517,68098916,69883109376,1874309,0,,6,0,44,49,1167822,1961243798,49053370,49053453,37951035,305072
1790920518,68100068,69885308928,1876308,0,,9,0,44,49,1151751,1961604734,49062172,49062255,37993079,305395
1790920519,68100048,69884256256,1877933,0,,0,0,44,49,1117226,1962091991,49073218,49073305,38030733,305686
1790920520,68098104,69883584512,1878955,0,,5,0,44,49,1103139,1963341280,49103128,49103209,38068510,305978
1790920521,68097864,69882290176,1878955,0,,6,0,44,49,1111410,1964908555,49141196,49141278,38083165,306112
1790920522,68099516,69883449344,1879661,0,,0,0,44,49,1127815,1966282559,49173198,49173285,38102736,306274
1790920523,68100040,69885030400,1883002,0,,8,0,44,49,1117583,1967151399,49192627,49192709,38131925,306502
1790920524,68098924,69884657664,1883501,0,,7,0,44,49,1106979,1968580475,49226440,49226523,38160236,306727
1790920525,68100272,69885820928,1883501,0,,8,0,44,49,1126684,1970164483,49263439,49263519,38173152,306842
1790920526,68100900,69886193664,1884619,0,,7,0,44,49,1116048,1970963039,49281950,49282034,38200010,307052
1790920527,68098796,69884284928,1884619,0,,7,0,44,49,1134875,1972544658,49320039,49320124,38213485,307167
1790920528,68099640,69885165568,1884619,0,,10,0,44,49,1153178,1974150317,49357238,49357320,38226645,307282
1790920530,68098468,69884219392,1887697,0,,7,0,44,49,1164273,1975121627,49380285,49380368,38254573,307501
1790920531,68098536,69883695104,1887765,0,,5,0,44,49,1162072,1976682558,49418677,49418762,38268564,307621
1790920532,68100100,69885341696,1888933,0,,2,0,44,49,1151550,1977486612,49437501,49437572,38295709,307834
1790920533,68098376,69883035648,1891764,0,,0,0,44,49,1139801,1978150409,49453628,49453715,38328922,308091
1790920534,68095120,69880283136,1892447,0,,9,0,44,49,1132588,1979285947,49481242,49481327,38351097,308267
1790920535,68096120,69881810944,1892447,0,,9,0,44,49,1151513,1980896876,49518791,49518873,38364703,308383
1790920536,68097248,69882187776,1895497,0,,4,0,44,49,1140507,1981687795,49537223,49537304,38390696,308586
1790920537,68096468,69880844288,1895497,0,,2,0,44,49,1158032,1983260281,49575308,49575392,38404641,308706
1790920538,68097508,69881663488,1896082,0,,0,0,44,49,1172208,1984494661,49605271,49605358,38424047,308864
1790920539,68097928,69883121664,1899659,0,,6,0,44,49,1164840,1985659332,49632200,49632282,38445420,309037
1790920540,68096792,69880934400,1900457,0,,0,0,44,49,1177509,1986786004,49659085,49659172,38466309,309205
1790920541,68096656,69882081280,1905138,0,,7,0,44,49,1164012,1987331168,49672084,49672164,38500158,309466
1790920542,68095132,69880287232,1906322,0,,8,0,44,49,1133460,1988200184,49692378,49692461,38526320,309672
1790920543,68096664,69881786368,1906322,0,,2,0,44,49,1144400,1989128231,49713659,49713743,38533903,309739
1790920544,68097744,69881597952,1906322,0,,0,0,44,49,1147421,1989407754,49720132,49720219,38536151,309760
1790920545,68098960,69882597376,1906322,0,,0,0,44,49,1147276,1989408942,49720132,49720219,38554436,309899
1790920546,68100188,69883854848,1906322,0,,0,0,44,49,1126581,1989409070,49720132,49720219,38575377,310060
1790920547,68101372,69885161472,1906322,0,,0,0,44,49,1106414,1989409198,49720132,49720219,38596266,310221
1790920548,68102584,69886664704,1906322,0,,0,0,44,49,1066476,1989409326,49720132,49720219,38616770,310379
1790920549,68102588,69887090688,1906322,0,,0,0,44,49,1046284,1989409454,49720132,49720219,38636925,310534
1790920550,68103772,69888049152,1906322,0,,0,0,44,49,1026195,1989409582,49720132,49720219,38657080,310689
1790920552,68104960,69888978944,1906322,0,,0,0,44,49,1006165,1989409710,49720132,49720219,38677235,310844
1790920553,68104960,69888983040,1906322,0,,0,0,44,49,986106,1989409966,49720132,49720219,38697390,310999
1790920554,68106068,69890121728,1906322,0,,0,0,44,49,966034,1989410094,49720132,49720219,38717545,311154
1790920555,68107232,69891317760,1906322,0,,0,0,44,49,945845,1989410222,49720132,49720219,38737700,311309
1790920556,68107232,69891321856,1906322,0,,0,0,44,49,925807,1989410350,49720132,49720219,38757855,311464
1790920557,68107056,69891559424,1906322,0,,0,0,44,49,905789,1989410478,49720132,49720219,38778010,311619
1790920558,68107056,69890887680,1906322,0,,0,0,44,49,885736,1989410606,49720132,49720219,38798165,311774
