ts,rss_kb,cg_mem_bytes,Innodb_buffer_pool_wait_free,Innodb_log_waits,Innodb_os_log_pending_fsyncs,Innodb_data_pending_reads,Innodb_data_pending_writes,Innodb_row_lock_waits,Innodb_row_lock_time,Innodb_buffer_pool_pages_dirty,Innodb_buffer_pool_read_requests,Innodb_buffer_pool_reads,Innodb_data_reads,Innodb_data_writes,Innodb_dblwr_writes
1790922789,1471380,1547935744,0,0,,0,0,0,0,0,278,147,158,0,0
1790922790,1478640,1556504576,0,0,,1,0,0,0,0,406,236,251,0,0
1790922791,1627592,1715331072,0,0,,1,0,0,0,1896,44221,8166,8250,0,0
1790922793,1956860,2053799936,0,0,,4,0,0,0,5152,167392,26727,26810,4029,29
1790922794,2452416,2562850816,0,0,,4,0,0,0,8736,387249,55870,55949,8057,57
1790922795,3131604,3260821504,0,0,,7,0,0,0,15866,700621,96413,96493,12086,86
1790922796,3965088,4116328448,0,0,,9,0,0,0,30637,1141752,146256,146336,16115,115
1790922797,4952492,5129887744,0,0,,9,0,0,0,45854,1711254,205072,205159,20144,144
1790922798,6080644,6286839808,0,0,,8,0,0,0,60245,2379996,272688,272767,24173,173
1790922799,7308612,7546322944,0,0,,9,0,0,0,81702,3176662,346617,346701,28202,202
1790922800,8660684,8933724160,0,0,,15,0,0,0,106727,4122878,428090,428176,32231,231
1790922801,10090852,10400399360,0,0,,13,0,0,0,135229,5244265,514727,514810,36260,260
1790922802,11612064,11961618432,0,0,,17,0,0,0,169994,6500214,606136,606218,40289,289
1790922803,13093188,13480501248,0,0,,16,0,0,0,198399,7758096,695830,695911,44318,318
1790922804,14635368,15063154688,0,0,,17,0,0,0,230694,9105109,789538,789619,48347,347
1790922805,16230356,16699473920,0,0,,16,0,0,0,264847,10560582,885550,885629,52376,376
1790922806,17809504,18318766080,0,0,,10,0,0,0,300561,12038378,981167,981239,56405,405
1790922807,19395748,19946242048,0,0,,22,0,0,0,337403,13625199,1077454,1077527,60434,434
1790922808,20922716,21509521408,0,0,,23,0,0,0,373498,15238238,1170552,1170624,64475,463
1790922809,22484392,23111249920,0,0,,20,0,0,0,410006,16867608,1265533,1265608,69991,503
1790922810,24070480,24738349056,0,0,,22,0,0,0,445972,18554450,1361952,1362024,75685,544
1790922811,25530420,26234937344,0,0,,27,0,0,0,471920,20141999,1450582,1450659,93631,671
1790922812,27006840,27750293504,0,0,,26,0,0,0,496949,21753095,1540189,1540260,110226,790
1790922813,28453020,29235449856,0,0,,27,0,1,4,522435,23400790,1627684,1627760,127768,915
1790922814,29904036,30721187840,0,0,,33,0,1,4,546584,25019846,1715739,1715807,145952,1045
1790922815,31335664,32190849024,0,0,,29,0,1,4,570237,26667891,1802811,1802882,165348,1185
1790922816,32797916,33687982080,0,0,,38,0,1,4,593640,28264383,1891325,1891399,184713,1325
1790922818,34225096,35154096128,0,0,,39,0,1,4,615069,29920021,1977665,1977737,205250,1473
1790922819,35673192,36639531008,0,0,,33,0,1,4,636891,31550001,2065855,2065920,226791,1629
1790922820,37107356,38108012544,0,0,,33,0,1,4,657447,33225669,2153265,2153325,247079,1775
1790922821,38529836,39570030592,0,0,,17,0,1,4,658491,34841986,2239099,2239157,269068,1934
1790922822,39937356,41012482048,0,0,,28,0,1,4,679599,36479502,2324109,2324181,289329,2080
1790922823,41332172,42441981952,0,0,,32,0,1,4,700212,38119425,2409286,2409358,309475,2226
1790922824,42674572,43818270720,0,0,,25,0,1,4,722017,39773297,2491314,2491382,329621,2372
1790922825,43986156,45163597824,0,0,,23,0,1,4,742814,41469537,2571719,2571791,349767,2518
1790922826,45301796,46513623040,0,0,,18,0,1,4,764648,43166046,2651935,2652006,369914,2665
1790922827,46570252,47813734400,0,0,,19,0,2,6,785930,44888447,2729000,2729072,390060,2811
1790922828,47782176,49058680832,0,0,,22,0,2,6,807027,46584699,2802906,2802977,410207,2958
1790922829,48960016,50264436736,0,0,,27,0,2,6,827881,48294706,2875110,2875184,430357,3104
1790922830,50116652,51450081280,0,0,,32,0,2,6,848506,50021336,2946129,2946207,451609,3260
1790922831,51239136,52600524800,0,0,,24,0,2,6,868970,51771827,3014642,3014721,472797,3414
1790922832,52345616,53735104512,0,0,,25,0,2,6,889647,53495563,3082399,3082482,494514,3572
1790922833,53440200,54856949760,0,0,,31,0,2,6,909880,55262744,3149076,3149067,515935,3728
1790922834,54489608,55933620224,0,0,,31,0,2,6,930664,57026532,3213242,3213320,537593,3888
1790922835,55523040,56995299328,0,0,,18,0,2,6,951254,58835269,3276243,3276321,558893,4043
1790922836,56544284,58042302464,0,0,,37,0,2,6,969852,60689673,3339279,3339310,580387,4200
1790922838,57548836,59071127552,0,0,,25,0,2,6,990731,62499602,3400461,3400540,601581,4355
1790922839,58527380,60074463232,0,0,,36,0,3,12,1011172,64348853,3460519,3460600,623083,4512
1790922840,59505704,61076942848,0,0,,30,0,3,12,1030972,66193514,3520700,3520766,644387,4668
1790922841,60437900,62034161664,0,0,,26,0,3,12,1050959,68010206,3577930,3578010,666018,4826
1790922842,61371132,62990991360,0,0,,47,0,3,12,1071454,69856534,3635042,3635122,687091,4981
1790922843,62267848,63910055936,0,0,,22,0,3,12,1091061,71700313,3690032,3690110,709342,5144
1790922844,63157716,64823988224,0,0,,17,0,4,26,1110862,73532807,3744732,3744809,731001,5302
1790922845,64080260,65768407040,0,0,,25,0,4,26,1131647,75394396,3800987,3801066,750859,5447
1790922846,64953296,66664853504,0,0,,29,0,4,26,1151666,77252812,3854882,3854958,772632,5607
1790922847,65805044,67538354176,0,0,,23,0,4,26,1151594,79160952,3907315,3907395,793006,5757
1790922848,66641804,68396453888,0,0,,22,0,4,26,1172160,81060340,3959088,3959175,813154,5905
1790922849,67489688,69265293312,0,0,,31,0,4,26,1192402,82979443,4011207,4011288,833301,6052
1790922850,68247212,70036918272,0,0,,37,0,5,33,1212737,84864547,4060923,4061004,853618,6203
1790922851,68259900,70050078720,0,0,,15,0,5,33,1257173,86959741,4116394,4116466,854623,6258
1790922852,68262172,70052212736,0,0,,34,0,5,33,1276709,88929902,4168644,4168723,874033,6411
1790922853,68261324,70051581952,0,0,,33,0,5,33,1319287,91032209,4224633,4224713,874189,6464
1790922854,68259784,70050054144,0,0,,19,0,5,33,1360826,93132347,4280834,4280914,874349,6517
1790922855,68260236,70051033088,0,0,,15,0,6,34,1402364,95237769,4336689,4336769,874500,6568
1790922856,68260140,70050414592,0,0,,33,0,6,34,1444010,97335994,4391835,4391911,874655,6619
1790922857,68259200,70049742848,0,0,,29,0,6,34,1484719,99465402,4447235,4447294,874815,6670
1790922859,68259272,70049787904,0,0,,39,0,6,34,1524253,101626140,4501524,4501600,874974,6720
1790922860,68261212,70052032512,12745,0,,12,0,6,34,1538267,103507197,4550598,4550679,896316,6892
1790922861,68262800,70052630528,44803,0,,27,0,6,34,1547562,105273789,4595858,4595890,920685,7082
1790922862,68263460,70053593088,66256,0,,21,0,6,34,1555973,107091829,4643047,4643123,946047,7279
1790922863,68265220,70055612416,86856,0,,28,0,6,34,1564384,108946887,4690083,4690161,971621,7478
1790922864,68265120,70055710720,110937,0,,34,0,6,34,1572180,110733786,4735658,4735732,996068,7669
1790922865,68262188,70052777984,115854,0,,7,0,6,34,1579525,112610369,4784449,4784510,1022924,7878
1790922866,68262792,70053429248,142754,0,,33,0,6,34,1587039,114405944,4829868,4829944,1047864,8072
1790922867,68262452,70053105664,181939,0,,30,0,6,34,1594147,116104772,4873160,4873229,1071630,8257
1790922868,68264388,70054535168,218838,0,,36,0,6,34,1600501,117816861,4917753,4917834,1096175,8448
1790922869,68263656,70055329792,258253,0,,24,0,6,34,1606685,119511422,4961045,4961120,1119720,8632
1790922870,68263232,70054694912,299053,0,,32,0,7,52,1612963,121214464,5004291,5004371,1143617,8818
1790922871,68262244,70053171200,333996,0,,25,0,7,52,1619319,122981558,5048144,5048221,1168217,9010
1790922872,68263868,70054301696,381336,0,,6,0,7,52,1625036,124648901,5091341,5091411,1192316,9197
1790922873,68266148,70057906176,427395,0,,42,0,8,53,1631249,126315333,5132610,5132683,1215440,9377
1790922874,68267600,70058934272,483583,0,,35,0,8,53,1636792,127951511,5173819,5173896,1238590,9558
1790922875,68266624,70057971712,545699,0,,29,0,9,77,1642431,129555432,5214016,5214098,1261127,9734
1790922876,68267932,70059257856,567972,0,,16,0,9,77,1648496,131360571,5258842,5258916,1286394,9930
1790922877,68267096,70058164224,641744,0,,18,0,9,77,1652756,132933678,5299442,5299512,1309646,10111
1790922879,68266980,70058573824,704649,0,,6,0,9,77,1657274,134563853,5339852,5339900,1332512,10289
1790922880,68265588,70057062400,789026,0,,26,0,9,77,1660765,136056627,5377142,5377225,1354830,10463
1790922881,68264088,70056148992,875170,0,,8,0,9,77,1663609,137564452,5415094,5415180,1377728,10641
1790922882,68264948,70056476672,954137,0,,26,0,9,77,1667119,139034558,5452213,5452289,1399724,10813
1790922883,68264840,70055579648,1025025,0,,30,0,9,77,1671050,140593866,5490901,5490982,1422590,10991
1790922884,68264092,70055858176,1114921,0,,4,0,9,77,1674883,142071869,5528284,5528370,1444424,11161
1790922885,68262996,70054457344,1208214,0,,3,0,9,77,1679339,143536504,5564921,5565000,1465742,11327
1790922886,68264424,70055718912,1272363,0,,11,0,9,77,1683769,145092943,5603709,5603791,1488351,11503
1790922887,68265104,70056427520,1324800,0,,5,0,9,77,1688535,146720086,5643955,5644009,1511474,11683
1790922888,68266520,70058655744,1417078,0,,4,0,9,77,1693064,148123030,5678733,5678819,1531631,11840
1790922889,68265840,70057824256,1471419,0,,0,0,9,77,1696671,149729516,5718822,5718908,1555271,12024
1790922890,68267040,70058369024,1506969,0,,4,0,9,77,1701137,151455728,5761256,5761338,1579556,12213
1790922891,68266992,70059163648,1572940,0,,0,0,9,77,1705007,153005783,5800677,5800748,1602713,12394
1790922892,68267480,70059143168,1628637,0,,31,0,9,77,1709933,154647879,5841033,5841113,1626095,12576
1790922893,68267880,70059048960,1693686,0,,30,0,9,77,1714567,156189646,5880670,5880752,1649349,12757
1790922894,68267808,70059208704,1775153,0,,2,0,9,77,1718397,157678205,5917664,5917737,1670795,12924
1790922895,68266420,70057529344,1851042,0,,34,0,9,77,1721858,159257567,5955354,5955435,1692811,13096
1790922896,68266324,70057705472,1910322,0,,34,0,9,77,1725944,160839627,5994510,5994591,1715625,13273
1790922897,68266336,70057934848,1985877,0,,12,0,9,77,1730301,162368592,6032253,6032326,1737343,13443
1790922899,68265668,70057529344,2058034,0,,16,0,9,77,1734704,163925952,6070674,6070747,1759292,13613
1790922900,68266712,70058078208,2124470,0,,30,0,9,77,1739318,165500830,6109817,6109900,1781772,13788
1790922901,68266140,70057496576,2207331,0,,26,0,9,77,1743296,166998399,6146729,6146748,1803421,13958
1790922902,68265956,70057263104,2279523,0,,7,0,9,77,1747674,168543366,6186117,6186198,1826117,14134
1790922903,68266168,70058106880,2345640,0,,34,0,9,77,1751813,170099824,6224259,6224335,1848080,14305
1790922904,68267976,70058909696,2439109,0,,1,0,9,77,1755048,171562485,6260201,6260262,1868517,14465
1790922905,68268728,70060195840,2499188,0,,32,0,9,77,1759338,173171428,6299474,6299550,1890975,14639
1790922906,68265928,70057238528,2572819,0,,13,0,9,77,1763072,174703198,6336798,6336883,1912292,14805
1790922907,68264052,70055026688,2611996,0,,29,0,9,77,1759364,175919154,6365987,6366069,1947457,15063
1790922908,68263984,70054813696,2622971,0,,0,0,9,77,1760130,177613616,6409449,6409535,1982735,15322
1790922909,68264564,70055964672,2627817,0,,37,0,9,77,1755141,179456992,6454682,6454760,2008145,15518
1790922910,68266640,70057410560,2646519,0,,32,0,9,77,1745206,180909911,6489941,6490016,2043504,15776
1790922911,68265492,70055845888,2661654,0,,9,0,9,77,1735272,182377335,6526777,6526722,2078343,16031
1790922912,68266276,70057975808,2661654,0,,15,0,9,77,1748800,184368788,6576422,6576499,2100659,16205
1790922913,68267672,70058627072,2661654,0,,35,0,9,77,1763508,186374012,6625362,6625442,2121535,16367
1790922914,68275412,70066290688,2661654,0,,33,0,10,84,1777765,188384756,6674986,6675066,2142752,16533
1790922915,68275556,70066946048,2661654,0,,14,0,11,85,1790195,190370331,6723980,6724058,2163955,16699
1790922917,68276844,70067380224,2661654,0,,30,0,12,87,1804391,192311350,6772442,6772484,2187462,16883
1790922918,68275160,70065643520,2661654,0,,21,0,12,87,1816154,194263470,6820778,6820857,2208896,17053
1790922919,68273604,70064963584,2661654,0,,37,0,12,87,1827974,196225021,6868794,6868873,2230868,17228
1790922920,68274904,70065524736,2661654,0,,32,0,13,95,1839545,198169376,6916980,6917063,2252585,17401
1790922921,68276260,70066651136,2661654,0,,22,0,13,95,1847916,200127131,6964996,6965081,2274079,17574
1790922922,68277144,70067806208,2661654,0,,14,0,14,95,1857566,202036766,7012824,7012906,2294679,17737
1790922923,68276936,70068387840,2661654,0,,31,0,14,95,1870334,203993695,7061410,7061495,2316567,17910
1790922924,68277228,70068166656,2661654,0,,18,0,14,95,1881587,205994344,7110904,7110985,2338869,18084
1790922925,68276784,70067945472,2661654,0,,27,0,14,95,1891956,207956068,7159369,7159447,2360833,18255
1790922926,68274508,70065364992,2662962,0,,20,0,14,95,1902855,209964068,7207339,7207417,2384153,18437
1790922927,68274876,70065524736,2676065,0,,29,0,14,95,1908494,211232852,7238071,7238150,2417312,18679
1790922928,68274872,70065991680,2689620,0,,33,0,14,95,1899977,213169842,7284524,7284603,2458206,18981
1790922930,68275040,70067499008,2703514,0,,1,0,14,95,1891250,215210130,7332584,7332671,2498765,19282
1790922931,68274736,70065348608,2705860,0,,25,0,14,95,1884163,217097339,7379062,7379140,2523846,19477
1790922932,68274824,70066184192,2718371,0,,26,0,14,95,1874602,218514951,7413265,7413343,2560088,19744
1790922933,68275728,70066913280,2737975,0,,11,0,14,95,1860731,219891822,7445811,7445884,2593067,19985
1790922934,68274788,70065696768,2739517,0,,21,0,14,95,1874535,221865664,7493751,7493814,2617370,20174
1790922935,68276468,70067204096,2759851,0,,31,0,14,95,1861121,223173740,7524118,7524179,2650885,20421
1790922936,68275888,70066835456,2773514,0,,0,0,14,95,1871004,224853668,7565203,7565290,2687874,20695
1790922937,68276664,70067400704,2778515,0,,35,0,15,98,1863325,226735283,7610439,7610519,2712215,20884
1790922938,68275420,70067449856,2792210,0,,29,0,15,98,1860505,228063352,7642498,7642577,2746660,21137
1790922939,68276056,70067806208,2809057,0,,32,0,15,98,1842709,229426387,7676553,7676635,2782449,21403
1790922940,68275544,70066769920,2824563,0,,33,0,15,98,1850904,230908791,7711685,7711769,2817077,21660
1790922942,68274396,70064857088,2826086,0,,0,0,16,102,1844094,232860947,7758230,7758317,2840735,21845
1790922943,68273884,70064558080,2838113,0,,28,0,16,102,1835111,234178417,7788585,7788667,2875443,22101
1790922944,68274580,70065512448,2857003,0,,25,0,16,102,1823960,235543540,7821772,7821849,2909170,22353
1790922945,68276048,70068080640,2865366,0,,0,0,16,102,1834151,237052333,7857359,7857446,2943310,22607
1790922946,68275660,70066647040,2872496,0,,32,0,16,102,1828749,238985841,7904739,7904819,2966422,22787
1790922947,68275512,70066462720,2889270,0,,26,0,16,102,1819911,240357101,7937573,7937656,3000370,23040
1790922948,68275896,70067982336,2901013,0,,20,0,16,102,1828756,241596768,7967578,7967653,3033036,23283
1790922949,68275436,70067208192,2909559,0,,20,0,16,102,1822927,243434853,8010983,8011060,3071535,23572
1790922950,68277368,70067892224,2909586,0,,35,0,16,102,1818406,245432648,8059247,8059300,3095554,23759
1790922951,68277288,70068908032,2920703,0,,30,0,16,102,1811837,246816207,8094151,8094233,3130505,24020
1790922952,68277736,70068572160,2931908,0,,3,0,16,102,1812132,248123827,8126462,8126538,3164022,24271
1790922953,68277696,70068514816,2931908,0,,26,0,18,109,1827768,250151450,8174948,8175023,3184846,24435
1790922954,68274052,70064848896,2931908,0,,16,0,18,109,1842707,252163024,8224308,8224386,3205908,24600
1790922956,68274548,70065307648,2932835,0,,31,0,18,109,1854559,254139440,8272723,8272795,3226703,24761
1790922957,68276220,70068617216,2978586,0,,30,0,18,109,1863758,255858936,8314993,8315071,3247466,24919
1790922958,68277496,70069129216,3001087,0,,0,0,18,109,1872802,257651949,8359025,8359105,3269417,25086
1790922959,68277240,70069129216,3050211,0,,20,0,19,110,1881906,259327393,8398670,8398701,3290575,25248
1790922960,68275996,70067089408,3051826,0,,36,0,19,110,1891410,261273097,8444386,8444465,3313895,25427
1790922961,68275808,70066913280,3059736,0,,15,0,19,110,1899654,263223393,8489472,8489536,3336445,25600
1790922962,68276988,70068092928,3096978,0,,24,0,20,113,1907942,264976556,8531204,8531278,3357909,25765
1790922963,68279092,70071013376,3128562,0,,38,0,21,118,1916127,266756031,8573632,8573710,3379066,25928
1790922964,68277468,70069284864,3147450,0,,23,0,21,118,1923978,268551869,8617141,8617217,3401538,26102
1790922965,68277528,70069579776,3186793,0,,31,0,22,118,1930542,270307808,8659920,8659994,3423504,26271
1790922966,68276456,70067961856,3207463,0,,22,0,22,118,1937625,272120095,8703478,8703559,3445921,26445
1790922967,68276952,70068269056,3230736,0,,1,0,22,118,1945085,273971993,8747073,8747157,3468201,26617
1790922968,68278428,70070022144,3257374,0,,26,0,22,118,1952228,275815923,8790705,8790782,3490826,26792
1790922969,68278612,70069686272,3306421,0,,20,0,22,118,1958460,277508509,8832268,8832349,3512410,26959
1790922970,68278456,70070571008,3362996,0,,0,0,22,118,1964705,279189580,8871776,8871848,3533101,27120
1790922971,68279904,70071803904,3399808,0,,31,0,22,118,1971272,280920444,8914768,8914846,3555182,27290
1790922972,68280120,70072025088,3439973,0,,29,0,22,118,1977682,282626951,8956313,8956392,3577118,27460
1790922973,68277180,70069538816,3492840,0,,3,0,22,118,1982871,284255172,8996385,8996462,3598365,27625
1790922974,68277752,70069080064,3540783,0,,23,0,23,124,1988710,285961579,9037551,9037626,3620146,27793
1790922975,68278792,70070943744,3588771,0,,20,0,23,124,1994001,287671347,9078641,9078615,3641744,27960
1790922977,68279052,70070935552,3637049,0,,7,0,24,129,1999126,289321884,9117927,9118009,3663035,28125
1790922978,68278360,70069514240,3675568,0,,11,0,24,129,2004459,291050204,9157791,9157877,3684694,28293
1790922979,68279656,70071083008,3705700,0,,22,0,24,129,2009321,292827793,9200232,9200312,3707739,28471
1790922980,68278760,70070386688,3783955,0,,28,0,24,129,2014392,294367568,9237018,9237095,3727390,28623
1790922981,68277668,70068744192,3802274,0,,11,0,24,129,2020129,296241227,9281344,9281418,3751036,28806
1790922982,68279424,70071361536,3842898,0,,25,0,24,129,2026029,297969207,9321659,9321735,3772353,28971
1790922983,68280600,70072786944,3906060,0,,7,0,24,129,2029893,299630247,9360770,9360851,3793692,29136
1790922984,68279124,70071009280,3963361,0,,31,0,24,129,2034655,301291343,9400465,9400538,3815116,29302
1790922985,68277356,70068875264,4027312,0,,36,0,24,129,2039112,302947146,9439699,9439766,3836307,29466
1790922986,68278472,70069817344,4083462,0,,1,0,24,129,2044101,304620579,9479228,9479312,3857638,29631
1790922987,68278472,70070595584,4107873,0,,22,0,25,131,2050125,306420653,9522079,9522155,3880460,29808
1790922988,68280440,70071832576,4162733,0,,2,0,25,131,2055345,308090517,9562719,9562785,3902080,29975
1790922989,68280720,70072381440,4190382,0,,40,0,25,131,2061311,309859789,9605717,9605790,3925954,30160
1790922990,68281160,70072057856,4209073,0,,0,0,25,131,2066420,311759936,9651291,9651374,3949357,30341
1790922991,68280820,70072778752,4251716,0,,11,0,25,131,2071867,313459898,9691108,9691193,3970908,30508
1790922992,68280524,70072172544,4277935,0,,30,0,25,131,2076431,315237077,9732366,9732424,3993030,30679
1790922993,68281564,70073765888,4354726,0,,7,0,25,131,2079587,316745419,9768760,9768846,4013057,30834
1790922994,68279648,70071283712,4416621,0,,12,0,25,131,2083300,318313765,9806606,9806688,4034083,30997
1790922996,68279464,70071607296,4486617,0,,17,0,26,140,2086965,319915704,9844696,9844752,4054449,31155
1790922997,68279180,70071336960,4564151,0,,21,0,26,140,2091022,321463132,9881066,9881137,4074425,31309
1790922998,68278252,70070636544,4638824,0,,13,0,26,140,2094903,323011518,9917995,9918075,4094650,31466
1790922999,68279408,70071250944,4670636,0,,29,0,26,140,2098856,324738361,9959230,9959306,4117342,31642
1790923000,68277492,70069329920,4700990,0,,16,0,26,140,2103582,326565810,10003785,10003850,4141109,31825
1790923001,68278144,70069485568,4739098,0,,24,0,26,140,2107660,328262586,10043693,10043771,4162719,31993
1790923002,68279312,70071717888,4805015,0,,22,0,28,157,2111308,329919268,10082519,10082597,4184189,32159
1790923003,68279372,70071250944,4857312,0,,27,0,28,157,2115031,331530482,10119837,10119888,4204690,32318
1790923004,68279264,70070636544,4923640,0,,30,0,28,157,2119110,333138942,10159196,10159273,4226369,32485
1790923005,68277732,70069301248,4991923,0,,20,0,28,157,2123078,334724555,10196986,10197071,4247276,32647
1790923006,68276920,70068297728,5071493,0,,14,0,28,157,2126237,336297265,10233064,10233129,4266872,32799
1790923007,68279772,70071627776,5158407,0,,20,0,28,157,2130001,337748662,10268643,10268724,4286326,32949
1790923008,68280212,70072381440,5244197,0,,35,0,28,157,2132902,339240746,10302839,10302916,4305863,33101
1790923009,68279544,70071701504,5331461,0,,1,0,28,157,2136121,340757322,10339481,10339568,4325855,33255
1790923010,68279676,70071599104,5425386,0,,22,0,28,157,2139277,342159947,10374145,10374219,4344993,33404
1790923011,68281748,70074191872,5483395,0,,15,0,28,157,2143081,343774631,10411785,10411870,4365274,33561
1790923012,68280580,70072512512,5528727,0,,26,0,28,157,2146320,345450663,10452220,10452288,4388007,33738
1790923013,68280080,70071238656,5596784,0,,32,0,28,157,2149181,347092247,10490753,10490832,4409229,33903
1790923014,68281156,70073085952,5663525,0,,0,0,28,157,2152083,348705168,10528697,10528784,4430391,34067
1790923016,68280716,70072369152,5755825,0,,28,0,28,157,2155424,350132109,10564206,10564268,4449964,34218
1790923017,68279040,70070132736,5825982,0,,28,0,28,157,2158711,351684168,10601568,10601640,4470828,34379
1790923018,68276676,70068260864,5901155,0,,21,0,29,161,2161301,353181662,10638612,10638688,4491870,34542
1790923019,68275528,70067609600,5997905,0,,27,0,29,161,2163978,354604839,10672477,10672558,4510752,34688
1790923020,68274424,70065954816,6048126,0,,9,0,29,161,2168201,356309485,10711812,10711844,4532190,34854
1790923021,68274980,70066147328,6092231,0,,26,0,29,161,2172266,357966704,10752356,10752434,4554944,35030
1790923022,68276736,70068776960,6152306,0,,3,0,30,162,2175191,359642014,10791183,10791265,4576386,35196
1790923023,68278792,70070276096,6207602,0,,29,0,30,162,2178384,361270941,10829420,10829496,4598061,35364
1790923024,68277160,70068244480,6253474,0,,26,0,30,162,2181627,362977744,10868295,10868299,4619805,35532
1790923025,68278052,70069403648,6336558,0,,25,0,30,162,2183932,364491951,10903396,10903472,4639785,35687
1790923026,68277440,70069030912,6397901,0,,3,0,30,162,2186904,366102356,10941775,10941861,4661024,35851
1790923027,68276500,70069092352,6458356,0,,26,0,30,162,2190446,367757572,10980576,10980655,4682600,36018
1790923028,68275432,70067216384,6536718,0,,24,0,30,162,2193298,369297922,11017126,11017196,4703209,36178
1790923029,68275360,70067175424,6613324,0,,20,0,30,162,2196497,370813711,11054389,11054463,4724069,36339
1790923030,68276868,70068199424,6664234,0,,22,0,30,162,2199439,372480041,11093905,11093988,4746045,36509
1790923031,68276320,70068396032,6729243,0,,19,0,30,162,2203186,374048105,11132040,11132074,4767266,36674
1790923032,68276384,70067945472,6753559,0,,1,0,30,162,2206873,375897654,11174566,11174624,4790500,36853
1790923033,68276776,70069411840,6837879,0,,17,0,30,162,2209133,377354444,11208733,11208816,4809866,37003
1790923035,68275792,70066810880,6908038,0,,11,0,30,162,2211663,378935195,11246728,11246809,4831182,37168
1790923036,68275036,70066778112,6947126,0,,6,0,30,162,2214717,380604824,11285820,11285882,4853015,37337
1790923037,68275172,70066712576,7039306,0,,30,0,30,162,2217128,382058062,11320724,11320801,4872657,37489
1790923038,68275272,70066843648,7093160,0,,14,0,30,162,2220743,383677645,11360152,11360205,4894360,37657
1790923039,68276312,70068195328,7127166,0,,33,0,30,162,2224430,385425853,11400586,11400662,4917120,37835
1790923040,68276212,70066958336,7176176,0,,30,0,30,162,2227544,387111641,11439414,11439495,4938684,38001
1790923041,68278028,70069825536,7242047,0,,5,0,30,162,2229948,388703753,11476918,11477004,4960068,38167
1790923042,68278268,70069235712,7346922,0,,24,0,30,162,2232231,390096379,11509762,11509843,4978755,38312
1790923043,68277948,70069858304,7406038,0,,14,0,30,162,2235507,391721307,11548702,11548773,5000793,38482
1790923044,68277348,70069452800,7482900,0,,30,0,30,162,2237732,393236298,11585086,11585166,5021502,38642
1790923045,68277704,70069821440,7543768,0,,31,0,30,162,2240693,394831638,11622903,11622961,5042961,38808
1790923046,68277824,70070263808,7596459,0,,25,0,30,162,2243255,396517449,11662505,11662588,5065317,38981
1790923047,68279080,70070984704,7636846,0,,22,0,30,162,2246377,398261673,11702717,11702797,5087996,39157
1790923048,68276044,70067605504,7686971,0,,8,0,31,170,2249103,399905524,11741719,11741798,5109751,39326
1790923049,68275596,70067421184,7770228,0,,27,0,31,170,2251812,401421275,11778062,11778144,5130429,39486
1790923050,68276552,70068281344,7820267,0,,0,0,31,170,2254315,403139150,11817017,11817103,5152263,39655
1790923051,68278192,70070333440,7855080,0,,0,0,31,170,2257604,404849442,11857005,11857090,5174737,39829
1790923052,68278764,70070894592,7940339,0,,11,0,31,170,2259736,406337784,11893361,11893447,5195284,39988
1790923053,68279520,70071685120,8022146,0,,12,0,31,170,2261699,407879920,11929350,11929378,5215956,40148
1790923054,68277356,70069297152,8110885,0,,5,0,31,170,2264052,409378244,11964896,11964971,5236114,40304
1790923056,68277264,70069157888,8178342,0,,29,0,31,170,2266650,410970880,12002408,12002487,5257718,40472
1790923057,68278208,70070087680,8246172,0,,3,0,31,170,2268158,412565737,12039555,12039626,5278766,40635
1790923058,68278044,70069219328,8320095,0,,16,0,31,170,2269310,414111426,12076255,12076328,5300201,40800
1790923059,68277652,70069563392,8381536,0,,19,0,31,170,2271390,415714571,12114084,12114159,5322037,40969
1790923060,68277492,70069108736,8459518,0,,14,0,31,170,2273990,417240527,12150171,12150251,5342800,41130
1790923061,68277524,70069940224,8537147,0,,10,0,31,170,2275775,418790316,12186289,12186374,5363637,41291
1790923062,68276876,70068768768,8628102,0,,26,0,31,170,2278114,420277917,12222075,12222157,5384353,41452
1790923063,68276616,70067843072,8680399,0,,5,0,31,170,2280609,421973622,12261841,12261910,5407050,41627
1790923064,68279012,70070657024,8758170,0,,34,0,31,170,2282473,423443655,12297967,12298046,5427601,41786
1790923065,68281040,70073266176,8827333,0,,29,0,31,170,2284313,425068391,12334603,12334678,5448711,41950
1790923066,68277764,70069379072,8903894,0,,1,0,31,170,2285885,426594679,12371195,12371250,5469982,42114
1790923067,68278488,70070886400,8986546,0,,14,0,32,175,2287644,428090152,12406409,12406445,5490276,42272
1790923068,68279220,70071275520,9088731,0,,26,0,32,175,2289604,429502686,12440548,12440632,5509781,42424
1790923069,68279232,70071091200,9183586,0,,19,0,32,175,2291035,430890942,12473654,12473735,5529335,42575
1790923070,68280068,70071234560,9233799,0,,28,0,32,175,2293509,432593104,12513085,12513164,5551866,42749
1790923071,68281364,70072782848,9271483,0,,31,0,33,175,2296165,434328874,12554531,12554610,5575346,42931
1790923072,68281832,70073253888,9335769,0,,35,0,33,175,2298778,435921205,12591810,12591885,5596388,43094
1790923073,68281068,70072766464,9399085,0,,12,0,33,175,2301080,437497884,12629219,12629303,5617680,43259
1790923075,68281684,70072647680,9453066,0,,24,0,33,175,2303680,439178484,12668100,12668145,5639491,43427
1790923076,68279340,70071754752,9501471,0,,10,0,33,175,2305892,440877449,12707165,12707251,5662100,43602
1790923077,68280032,70071566336,9590220,0,,27,0,33,175,2307033,442348520,12741825,12741904,5682387,43760
1790923078,68279016,70071160832,9660758,0,,11,0,33,175,2308977,443942747,12778401,12778482,5703446,43924
1790923079,68276612,70068703232,9754962,0,,14,0,33,175,2310665,445389870,12812676,12812754,5723330,44079
1790923080,68277120,70068690944,9834043,0,,2,0,33,175,2312608,446911402,12848880,12848959,5744278,44241
1790923081,68278004,70070120448,9929049,0,,15,0,33,175,2314239,448363384,12883303,12883381,5764437,44397
1790923082,68278680,70070042624,9995802,0,,20,0,33,175,2316734,449963263,12921603,12921685,5786661,44569
1790923083,68278320,70070964224,10071870,0,,22,0,33,175,2318000,451501212,12957098,12957176,5807330,44729
1790923084,68277140,70068453376,10132235,0,,21,0,33,175,2320101,453083667,12994020,12994101,5828480,44893
1790923085,68277076,70068908032,10245924,0,,30,0,33,175,2321595,454466858,13026641,13026720,5847277,45039
1790923086,68277548,70070161408,10351741,0,,2,0,33,175,2323177,455858794,13060629,13060714,5866764,45189
1790923087,68276256,70067298304,10395380,0,,0,0,33,175,2325429,457499400,13097895,13097979,5888212,45355
1790923088,68276176,70067470336,10484053,0,,1,0,33,175,2326614,458997264,13132577,13132644,5908243,45511
1790923089,68276280,70068879360,10584837,0,,9,0,33,175,2328393,460403904,13165532,13165619,5926980,45656
1790923090,68277244,70069006336,10702865,0,,21,0,33,175,2330216,461732808,13197755,13197798,5945666,45801
1790923091,68277196,70068809728,10753266,0,,26,0,34,175,2332480,463420471,13237700,13237753,5968554,45979
1790923092,68277140,70069239808,10816023,0,,21,0,34,184,2334010,465030043,13275505,13275576,5990162,46146
1790923093,68274848,70066892800,10922915,0,,0,0,34,184,2335634,466456065,13308561,13308647,6008893,46291
1790923094,68275384,70067716096,10995682,0,,1,0,34,184,2337640,468028562,13345347,13345431,6030085,46455
1790923096,68275960,70067761152,11098742,0,,27,0,34,184,2339811,469431858,13378778,13378842,6049145,46603
1790923097,68276668,70069035008,11134129,0,,26,0,34,184,2342390,471227265,13419148,13419226,6072185,46781
1790923098,68277264,70068867072,11217697,0,,22,0,34,184,2344192,472769064,13455319,13455396,6092430,46939
1790923099,68278120,70069727232,11312773,0,,11,0,35,186,2345327,474225573,13490101,13490186,6112906,47097
1790923100,68277876,70070280192,11413253,0,,23,0,35,186,2346426,475623564,13523983,13524053,6132810,47251
1790923101,68278612,70069952512,11493035,0,,16,0,35,186,2347607,477164262,13560398,13560477,6154129,47416
1790923102,68277860,70069186560,11610311,0,,17,0,35,186,2349698,478492270,13592838,13592912,6172858,47561
1790923103,68277168,70069035008,11674354,0,,30,0,35,186,2352226,480108873,13629725,13629802,6194747,47731
1790923104,68279184,70070833152,11741553,0,,32,0,35,186,2352442,481732349,13667366,13667447,6216016,47895
1790923105,68277112,70069501952,11811021,0,,0,0,35,186,2354502,483341829,13704116,13704178,6237205,48059
1790923106,68277092,70069272576,11952269,0,,13,0,35,186,2355135,484604598,13733576,13733661,6254526,48193
1790923107,68278332,70069714944,12032625,0,,23,0,35,186,2356575,486156109,13769736,13769802,6275418,48355
1790923108,68278480,70070362112,12101864,0,,22,0,36,187,2358646,487711605,13807070,13807150,6297151,48523
1790923109,68278912,70070292480,12142016,0,,0,0,36,187,2360514,489412696,13847353,13847440,6320417,48703
1790923110,68278808,70070566912,12256946,0,,7,0,36,187,2361791,490760173,13879476,13879553,6339153,48848
1790923111,68278832,70070706176,12314562,0,,22,0,36,187,2362996,492443805,13917253,13917309,6361374,49020
1790923112,68280024,70071693312,12401768,0,,0,0,36,187,2363953,493909877,13952071,13952158,6381472,49176
1790923113,68279776,70071959552,12497067,0,,3,0,36,187,2364913,495334282,13985290,13985373,6401037,49327
1790923114,68277080,70069456896,12568760,0,,21,0,36,187,2366557,496880094,14021979,14022062,6422333,49492
1790923115,68276480,70068326400,12693465,0,,21,0,36,187,2367456,498202935,14053505,14053548,6440832,49635
1790923117,68277928,70069276672,12738411,0,,23,0,36,187,2370073,499849848,14092732,14092809,6463320,49809
1790923118,68276776,70068895744,12863490,0,,3,0,36,187,2371511,501194767,14124166,14124253,6481667,49951
1790923119,68276760,70068613120,12963186,0,,5,0,36,187,2372031,502617625,14158155,14158222,6501698,50106
1790923120,68276788,70068727808,13064274,0,,23,0,36,187,2373818,504054607,14191534,14191614,6521344,50258
1790923121,68275572,70067675136,13144767,0,,25,0,38,195,2374732,505624610,14228557,14228637,6542912,50425
1790923122,68276596,70068199424,13258171,0,,19,0,38,195,2375858,507010226,14260831,14260913,6562162,50574
1790923123,68278448,70070853632,13340441,0,,28,0,38,195,2377298,508527762,14296641,14296720,6582695,50733
1790923124,68276868,70069231616,13444531,0,,14,0,38,195,2378183,510007648,14330927,14331014,6602738,50888
1790923125,68276032,70068404224,13486976,0,,18,0,38,195,2380338,511711842,14371154,14371201,6625938,51068
1790923126,68275336,70067396608,13562391,0,,28,0,38,195,2382005,513280166,14407603,14407573,6646947,51231
1790923127,68276432,70068269056,13637499,0,,12,0,38,195,2383134,514835405,14443379,14443465,6668102,51394
1790923128,68275172,70067781632,13704759,0,,34,0,38,195,2384901,516370345,14480241,14480320,6689141,51557
1790923129,68275716,70067277824,13786094,0,,5,0,38,195,2386043,517938437,14516455,14516536,6710223,51720
1790923130,68278288,70070697984,13893394,0,,26,0,38,195,2387285,519383133,14549684,14549732,6729844,51872
1790923131,68279988,70071898112,13968391,0,,9,0,38,195,2388677,520949318,14586828,14586885,6751312,52038
1790923132,68281120,70073065472,14024714,0,,6,0,38,195,2390222,522575599,14624649,14624717,6773146,52207
1790923133,68280324,70072766464,14108822,0,,33,0,38,195,2391180,524105117,14659988,14660069,6793692,52366
1790923134,68278400,70070562816,14218988,0,,12,0,38,195,2392226,525448582,14691420,14691495,6812297,52510
1790923135,68276104,70067814400,14307592,0,,9,0,38,195,2392834,526899948,14727108,14727184,6833617,52675
1790923136,68276024,70067630080,14387882,0,,21,0,38,195,2393971,528440243,14762833,14762905,6854787,52839
1790923138,68277920,70069800960,14506467,0,,7,0,38,195,2395259,529791556,14795346,14795421,6873939,52987
1790923139,68279528,70071443456,14597395,0,,1,0,39,206,2396189,531282381,14831276,14831357,6895105,53151
1790923140,68280600,70072397824,14689004,0,,13,0,39,206,2397356,532760473,14866508,14866550,6915620,53310
1790923141,68280940,70073430016,14768141,0,,32,0,39,206,2398790,534323203,14901577,14901620,6936111,53469
1790923142,68279840,70072033280,14882417,0,,24,0,39,206,2399302,535691603,14933739,14933806,6955337,53617
1790923143,68281380,70073896960,14967833,0,,27,0,39,206,2400486,537189243,14970130,14970107,6976791,53783
1790923144,68278620,70070779904,15029387,0,,20,0,39,206,2401649,538792377,15008759,15008831,6999146,53956
1790923145,68278876,70070505472,15113005,0,,29,0,39,206,2402800,540258687,15043930,15044012,7019939,54117
1790923146,68278044,70069399552,15228308,0,,1,0,39,206,2404136,541649497,15076151,15076234,7038666,54262
1790923147,68279664,70071836672,15335340,0,,31,0,39,206,2405232,543044403,15110054,15110135,7058588,54417
1790923148,68279500,70071058432,15404769,0,,27,0,39,206,2406052,544538227,15146163,15146245,7080015,54582
1790923149,68279076,70070689792,15492350,0,,2,0,39,206,2406782,546002418,15181174,15181259,7101080,54745
1790923150,68280284,70072492032,15571731,0,,29,0,40,211,2407415,547513787,15216607,15216654,7121822,54906
1790923151,68277356,70069141504,15660642,0,,5,0,40,211,2409094,549014955,15252567,15252640,7142689,55067
1790923152,68277356,70069682176,15738524,0,,20,0,40,211,2410550,550551018,15288267,15288349,7163502,55228
1790923153,68278040,70069960704,15801008,0,,14,0,40,211,2411274,552146215,15326604,15326684,7185772,55401
1790923154,68276908,70068764672,15889593,0,,30,0,40,211,2412420,553637223,15362030,15362089,7206640,55562
1790923155,68278272,70069903360,15961524,0,,19,0,41,211,2413453,555149362,15398044,15398120,7227981,55727
1790923156,68278320,70070476800,16033645,0,,26,0,41,211,2414089,556751689,15434729,15434808,7250095,55899
1790923158,68276560,70068424704,16162537,0,,1,0,41,211,2414650,558106508,15466052,15466136,7268668,56042
1790923159,68277548,70069329920,16264217,0,,30,0,41,211,2415901,559495988,15499364,15499448,7288052,56192
1790923160,68278700,70070853632,16407182,0,,2,0,41,211,2416613,560724790,15529152,15529237,7306014,56331
1790923161,68279556,70071717888,16501048,0,,20,0,41,211,2417671,562135569,15563754,15563834,7326493,56490
1790923162,68280048,70072168448,16566181,0,,0,0,41,211,2418750,563772218,15600502,15600587,7348148,56657
1790923163,68281520,70073470976,16640064,0,,15,0,41,211,2419498,565305035,15636577,15636602,7369716,56825
1790923164,68282380,70073315328,16722448,0,,30,0,41,211,2420640,566773193,15673249,15673295,7391166,56991
1790923165,68283048,70074781696,16799941,0,,13,0,41,211,2420586,568289425,15709106,15709176,7412322,57154
1790923166,68282156,70074630144,16914816,0,,27,0,42,211,2421731,569595794,15741299,15741383,7431445,57302
1790923167,68280324,70072512512,17004673,0,,30,0,42,211,2422896,571085188,15776244,15776324,7452246,57463
1790923168,68278956,70071140352,17114803,0,,11,0,42,211,2423777,572472596,15808516,15808602,7471394,57611
1790923169,68279160,70070300672,17200738,0,,1,0,42,211,2424039,573945396,15843988,15844063,7492429,57774
1790923170,68280964,70072647680,17292761,0,,28,0,42,211,2424427,575470481,15879602,15879680,7513334,57936
1790923171,68281412,70073090048,17347469,0,,3,0,42,211,2425201,577128878,15918041,15918108,7535979,58111
1790923172,68281268,70073749504,17430455,0,,34,0,42,211,2426599,578636649,15953756,15953837,7556916,58273
1790923173,68282024,70074302464,17536929,0,,2,0,43,221,2427237,580057602,15987663,15987705,7576678,58426
1790923174,68281196,70072889344,17620618,0,,26,0,43,221,2428438,581556167,16023229,16023309,7597738,58589
1790923175,68280000,70071681024,17759776,0,,22,0,43,221,2428871,582838493,16053956,16054013,7615829,58729
1790923176,68280860,70073311232,17831378,0,,6,0,43,221,2429820,584407564,16090368,16090451,7637667,58898
1790923177,68280048,70072238080,17949069,0,,10,0,43,221,2429732,585774564,16123019,16123100,7657278,59050
1790923179,68278720,70070611968,18053842,0,,26,0,43,221,2429971,587185585,16156499,16156582,7677467,59206
1790923180,68278100,70069469184,18112185,0,,30,0,43,221,2430771,588856070,16194812,16194885,7700074,59381
1790923181,68279132,70071001088,18248834,0,,16,0,45,233,2430835,590128018,16224963,16225042,7718161,59521
1790923182,68280548,70072504320,18333900,0,,7,0,45,233,2431074,591602239,16260669,16260753,7739604,59687
1790923183,68281120,70072291328,18403784,0,,28,0,46,233,2432111,593140089,16296832,16296913,7760801,59851
1790923184,68278844,70071189504,18484920,0,,27,0,46,233,2432885,594658318,16331919,16331950,7781773,60014
1790923185,68278956,70071402496,18570917,0,,28,0,46,233,2433934,596187848,16367241,16367321,7802844,60177
1790923186,68278884,70070771712,18664342,0,,30,0,46,233,2435030,597627708,16400393,16400469,7822680,60330
1790923187,68279272,70071193600,18744893,0,,1,0,47,233,2435867,599136466,16436665,16436738,7844096,60496
1790923188,68278804,70072020992,18822890,0,,28,0,47,233,2436605,600680962,16472858,16472937,7865602,60662
1790923189,68279312,70070845440,18924632,0,,10,0,47,233,2437557,602094047,16506396,16506483,7885487,60816
1790923190,68279128,70071291904,19003141,0,,26,0,47,233,2438180,603599849,16542600,16542680,7907045,60983
1790923191,68279680,70072156160,19090423,0,,9,0,47,233,2439132,605086381,16578001,16578077,7928019,61145
1790923192,68279360,70071558144,19186430,0,,1,0,47,233,2439698,606530005,16612262,16612348,7948551,61304
1790923193,68279388,70071566336,19290481,0,,10,0,47,233,2441339,607938354,16644339,16644397,7967325,61450
1790923194,68278868,70071308288,19380826,0,,18,0,47,233,2441628,609369919,16679130,16679205,7988217,61611
1790923195,68277504,70069608448,19491507,0,,10,0,47,233,2442301,610737404,16711246,16711315,8007463,61760
1790923196,68277004,70069141504,19584982,0,,4,0,47,233,2442700,612204492,16746091,16746150,8028397,61922
1790923197,68277052,70068916224,19670174,0,,4,0,47,233,2443639,613657964,16780073,16780156,8048833,62080
1790923199,68278100,70069997568,19747817,0,,0,0,47,233,2444570,615153241,16814926,16814993,8069625,62241
1790923200,68278132,70070034432,19858341,0,,5,0,47,233,2444828,616542990,16849269,16849331,8090131,62400
1790923201,68277680,70069829632,19968121,0,,12,0,47,233,2444990,617936538,16881469,16881552,8109806,62552
1790923202,68276340,70068178944,20061834,0,,1,0,47,233,2445519,619409875,16917013,16917084,8131029,62716
1790923203,68278144,70069768192,20162585,0,,6,0,47,233,2446501,620862130,16950678,16950762,8151030,62871
1790923204,68277180,70068523008,20271778,0,,25,0,47,233,2446757,622271909,16983531,16983611,8170548,63023
1790923205,68275356,70067437568,20379513,0,,4,0,47,233,2447429,623719403,17015687,17015754,8189858,63172
1790923206,68274896,70066716672,20463649,0,,0,0,48,236,2448647,625215796,17051360,17051444,8210728,63333
1790923207,68275180,70066212864,20569931,0,,11,0,49,251,2448613,626615353,17084323,17084370,8230862,63489
1790923208,68276236,70068080640,20682121,0,,16,0,49,251,2449348,627987085,17117300,17117320,8250780,63643
1790923209,68278220,70070145024,20748935,0,,29,0,49,251,2450516,629583303,17154215,17154221,8272623,63812
1790923210,68278260,70070685696,20834159,0,,2,0,49,251,2451592,631060767,17189177,17189262,8293303,63972
1790923211,68278160,70069727232,20883126,0,,6,0,51,263,2453463,632720590,17228177,17228263,8315649,64145
1790923212,68278716,70070202368,20980357,0,,22,0,51,263,2454319,634123127,17261578,17261612,8335532,64299
1790923213,68277744,70068584448,21103811,0,,0,0,51,263,2454669,635486816,17294182,17294253,8355318,64452
1790923214,68278068,70069161984,21188685,0,,26,0,52,303,2454746,637018931,17329847,17329928,8376648,64617
1790923215,68279684,70071083008,21327085,0,,17,0,52,303,2454581,638309205,17361506,17361582,8396139,64768
1790923216,68279776,70071660544,21414243,0,,5,0,52,303,2455643,639788348,17396084,17396165,8416558,64926
1790923217,68280592,70072807424,21523904,0,,14,0,52,303,2455570,641233765,17429613,17429697,8436995,65084
1790923219,68280996,70072942592,21575020,0,,25,0,52,303,2456556,642917960,17468157,17468195,8459657,65260
1790923220,68279136,70071312384,21683962,0,,20,0,52,303,2457217,644316552,17501825,17501907,8479604,65415
1790923221,68279896,70071824384,21775029,0,,26,0,52,303,2457706,645777241,17536138,17536219,8500357,65575
1790923222,68278648,70070837248,21884199,0,,6,0,52,303,2458096,647164348,17568934,17569010,8519996,65727
1790923223,68278716,70070611968,21943324,0,,32,0,52,303,2459223,648785995,17607970,17607981,8543183,65907
1790923224,68276620,70068219904,22047149,0,,21,0,53,309,2459299,650228121,17641411,17641471,8563549,66064
1790923225,68277936,70070075392,22131983,0,,29,0,53,309,2460499,651699883,17676059,17676138,8584227,66224
1790923226,68278004,70070939648,22226122,0,,15,0,54,325,2460502,653178318,17711117,17711193,8605410,66388
1790923227,68278376,70070272000,22323075,0,,29,0,55,330,2461111,654636662,17745289,17745363,8626222,66549
1790923228,68278228,70070665216,22438115,0,,30,0,56,332,2461002,656013455,17777647,17777729,8645906,66702
1790923229,68276756,70069112832,22507000,0,,7,0,56,332,2461567,657581986,17814453,17814538,8667821,66871
1790923230,68275520,70068133888,22610938,0,,5,0,56,332,2462007,659007942,17847146,17847231,8687603,67024
1790923231,68277244,70068842496,22694979,0,,1,0,56,332,2462500,660450060,17881328,17881413,8707892,67181
1790923232,68278256,70069891072,22788464,0,,8,0,56,332,2462794,661926789,17915987,17916073,8728693,67342
1790923233,68275860,70067695616,22892739,0,,2,0,56,332,2463219,663304628,17948797,17948871,8748583,67496
1790923234,68276712,70067793920,22979069,0,,2,0,56,332,2463736,664845765,17984201,17984287,8770298,67664
1790923235,68277880,70068965376,23103526,0,,31,0,56,332,2464156,666172730,18016232,18016311,8789291,67811
1790923236,68278404,70070067200,23233816,0,,11,0,56,332,2464343,667450733,18046872,18046959,8807759,67954
1790923237,68278176,70070325248,23344621,0,,25,0,56,332,2464975,668828936,18079263,18079342,8827788,68109
1790923239,68277544,70069157888,23395126,0,,25,0,56,332,2465218,670543384,18118788,18118867,8851502,68293
1790923240,68278472,70070730752,23519718,0,,26,0,56,332,2465493,671838654,18150039,18150121,8870557,68440
1790923241,68279184,70070833152,23606614,0,,21,0,57,340,2466164,673305711,18185165,18185244,8891628,68603
1790923242,68278792,70070452224,23717382,0,,0,0,58,347,2466611,674682902,18218368,18218451,8911646,68758
1790923243,68277424,70068809728,23813339,0,,21,0,58,347,2467119,676134269,18251388,18251467,8931425,68911
1790923244,68276396,70068002816,23911241,0,,12,0,58,347,2468003,677604751,18286114,18286190,8952287,69073
1790923245,68275796,70068408320,23997587,0,,24,0,58,347,2468510,679099775,18322021,18322085,8973421,69236
1790923246,68275292,70066593792,24119687,0,,2,0,58,347,2468789,680466261,18354162,18354247,8992975,69388
1790923247,68277248,70068588544,24226000,0,,26,0,58,347,2469435,681830479,18386435,18386513,9012373,69538
1790923248,68276236,70068088832,24324138,0,,0,0,58,347,2469939,683264212,18420355,18420416,9032595,69694
1790923249,68276832,70068711424,24417231,0,,30,0,58,347,2470359,684726134,18455232,18455304,9053912,69859
1790923250,68277468,70069592064,24500273,0,,13,0,58,347,2470785,686211557,18490046,18490130,9074843,70021
1790923251,68278132,70070558720,24616994,0,,9,0,58,347,2471230,687558735,18521350,18521432,9093957,70169
1790923252,68277980,70069039104,24688259,0,,0,0,58,347,2471375,689132690,18558831,18558903,9116696,70345
1790923253,68277212,70069608448,24791600,0,,17,0,58,347,2471814,690541157,18591985,18592068,9136615,70499
1790923254,68275616,70067695616,24911657,0,,8,0,58,347,2471990,691910616,18624390,18624468,9156380,70652
1790923255,68273832,70065631232,24976127,0,,2,0,58,347,2472668,693537969,18662347,18662428,9179121,70828
1790923256,68275044,70066659328,25100551,0,,6,0,58,347,2472728,694801047,18693325,18693411,9197716,70972
1790923257,68276120,70067306496,25188541,0,,33,0,58,347,2472798,696281402,18728344,18728414,9218973,71137
1790923258,68277228,70069100544,25263137,0,,2,0,58,347,2473552,697869420,18765058,18765144,9240781,71305
1790923260,68276736,70069366784,25358141,0,,19,0,59,375,2474200,699322215,18799580,18799657,9261705,71467
1790923261,68276692,70069362688,25465424,0,,9,0,59,375,2474390,700743487,18832415,18832502,9281332,71619
1790923262,68277160,70069071872,25567501,0,,21,0,59,375,2474652,702229345,18867527,18867602,9302993,71787
1790923263,68277660,70070136832,25689493,0,,23,0,59,375,2475245,703610763,18900116,18900193,9322313,71936
1790923264,68278920,70071386112,25789228,0,,13,0,59,375,2476170,705077036,18934605,18934684,9343311,72099
1790923265,68278140,70070317056,25900426,0,,16,0,59,375,2475909,706431188,18966202,18966272,9362624,72249
1790923266,68278116,70070042624,25972602,0,,14,0,59,375,2476135,707998142,19004304,19004381,9385743,72427
1790923267,68278064,70069989376,26094520,0,,3,0,59,375,2476122,709335693,19035794,19035865,9404977,72576
1790923268,68275028,70066339840,26198030,0,,3,0,59,375,2476480,710751156,19068797,19068882,9424904,72730
1790923269,68275740,70068056064,26298484,0,,5,0,59,375,2476719,712109495,19102426,19102508,9445443,72889
1790923270,68274672,70066499584,26401248,0,,28,0,59,375,2477304,713601180,19136627,19136705,9465904,73048
1790923271,68275316,70067404800,26452662,0,,25,0,60,379,2478023,715211933,19174927,19175009,9488819,73226
1790923272,68276200,70069391360,26566923,0,,18,0,60,379,2478502,716601366,19208189,19208257,9508813,73380
1790923273,68274904,70066454528,26674546,0,,1,0,60,379,2479396,718015632,19241767,19241849,9528961,73536
1790923274,68274748,70066581504,26746621,0,,1,0,60,379,2479893,719541901,19278312,19278398,9550951,73707
1790923275,68275272,70067109888,26848685,0,,8,0,60,379,2480068,720949851,19311499,19311539,9571348,73864
1790923276,68276360,70068547584,26955814,0,,28,0,60,379,2480059,722378245,19343886,19343972,9591396,74020
1790923277,68277904,70069739520,27027717,0,,34,0,60,379,2481076,723912931,19381274,19381358,9613760,74193
1790923279,68278524,70069923840,27147532,0,,9,0,60,379,2480883,725254016,19413701,19413775,9633246,74343
1790923280,68279076,70071799808,27267814,0,,27,0,60,379,2480824,726649847,19445743,19445825,9652500,74492
1790923281,68278392,70070824960,27385884,0,,8,0,60,379,2480783,728011837,19477981,19478057,9671873,74642
1790923282,68278440,70070337536,27514561,0,,8,0,60,379,2480877,729290649,19508695,19508775,9690861,74789
1790923283,68279440,70071099392,27635476,0,,10,0,60,379,2481548,730608034,19539863,19539935,9709719,74935
1790923284,68280688,70072651776,27753565,0,,33,0,60,379,2482131,731980305,19572032,19572111,9729229,75086
1790923285,68280652,70072856576,27864432,0,,7,0,60,379,2482259,733330403,19605394,19605468,9749513,75243
1790923286,68281900,70074413056,27974049,0,,2,0,60,379,2482576,734743030,19638383,19638457,9769276,75396
1790923287,68281384,70073106432,28049056,0,,5,0,60,379,2483478,736306271,19676330,19676416,9791772,75570
1790923288,68279720,70071242752,28145440,0,,8,0,60,379,2483452,737701899,19709299,19709366,9811930,75726
1790923289,68279100,70071291904,28275910,0,,12,0,61,385,2483979,739040198,19741195,19741281,9831048,75874
1790923290,68278208,70070280192,28380611,0,,14,0,61,385,2484426,740430576,19775058,19775137,9851460,76032
1790923291,68279428,70070571008,28510955,0,,12,0,61,385,2484078,741693342,19805399,19805468,9869868,76174
1790923292,68277928,70070149120,28602929,0,,19,0,61,385,2483852,743153294,19840233,19840297,9891256,76341
1790923293,68278048,70070480896,28688928,0,,1,0,61,385,2484180,744684907,19875608,19875695,9912574,76505
1790923294,68276244,70069149696,28798410,0,,2,0,61,385,2484365,746072090,19909436,19909500,9933117,76664
1790923295,68278000,70070366208,28890232,0,,14,0,61,385,2485125,747531286,19944533,19944605,9954186,76827
1790923296,68277852,70069198848,28970443,0,,3,0,61,385,2485201,749033035,19979268,19979353,9975356,76991
1790923297,68277144,70068285440,29082638,0,,29,0,61,385,2485386,750403925,20011622,20011695,9994738,77141
1790923299,68277548,70070206464,29181399,0,,1,0,61,385,2485785,751865358,20045587,20045665,10015284,77300
1790923300,68277324,70069202944,29274538,0,,21,0,61,385,2487259,753325510,20079900,20079966,10035716,77458
1790923301,68278836,70071304192,29367186,0,,4,0,61,385,2487285,754824294,20114607,20114675,10056523,77619
1790923302,68278924,70070583296,29514978,0,,2,0,61,385,2487031,756064633,20144552,20144637,10074870,77761
1790923303,68279640,70071840768,29625076,0,,6,0,61,385,2486676,757509763,20178027,20178110,10095284,77919
1790923304,68278320,70071046144,29704140,0,,18,0,61,385,2487002,759027410,20213749,20213820,10116866,78086
1790923305,68279868,70071296000,29817997,0,,13,0,61,385,2486740,760426284,20246627,20246706,10137026,78242
1790923306,68277572,70069764096,29915375,0,,4,0,61,385,2486888,761910849,20280208,20280295,10157439,78400
1790923307,68276764,70068658176,30018668,0,,6,0,61,385,2487209,763306512,20313043,20313115,10177337,78554
1790923308,68274960,70066794496,30135452,0,,32,0,61,385,2487650,764688788,20345634,20345713,10197092,78707
1790923309,68277100,70069514240,30217127,0,,2,0,61,385,2488195,766174992,20381307,20381383,10218550,78873
1790923310,68277304,70068445184,30323742,0,,25,0,61,385,2488468,767593387,20413957,20414034,10238439,79027
1790923311,68275764,70067093504,30431005,0,,18,0,61,385,2488392,768980942,20446976,20447046,10258477,79182
1790923312,68277100,70068731904,30539963,0,,19,0,61,385,2488799,770368963,20478915,20478997,10277724,79331
1790923313,68277160,70068555776,30668484,0,,0,0,61,385,2488572,771696273,20510570,20510656,10296845,79479
1790923314,68277936,70068842496,30755138,0,,12,0,61,385,2488450,773220524,20545279,20545346,10318168,79644
1790923315,68276496,70067855360,30883067,0,,0,0,61,385,2487740,774547357,20575857,20575939,10337153,79791
1790923316,68276476,70068637696,30960427,0,,36,0,61,385,2488385,776061361,20611523,20611604,10358994,79960
1790923317,68278040,70070210560,31056212,0,,5,0,61,385,2488837,777452583,20645225,20645290,10379417,80118
1790923318,68279456,70071726080,31147729,0,,13,0,62,385,2489324,778872818,20678146,20678217,10399174,80271
1790923320,68279152,70070530048,31259795,0,,5,0,62,385,2489373,780276753,20711739,20711745,10419847,80431
1790923321,68277672,70069579776,31354427,0,,15,0,62,385,2489660,781732827,20745237,20745310,10440273,80589
1790923322,68278080,70070820864,31482636,0,,5,0,62,385,2490284,783080338,20775738,20775825,10458613,80731
1790923323,68277140,70069313536,31578558,0,,32,0,62,385,2490594,784550334,20809448,20809525,10478762,80887
1790923324,68277280,70069174272,31679951,0,,25,0,62,385,2490915,785969485,20842595,20842671,10498919,81043
1790923325,68278592,70070509568,31791690,0,,21,0,62,385,2491302,787354535,20875797,20875871,10519036,81199
1790923326,68279472,70071705600,31898012,0,,22,0,62,385,2491178,788775568,20909247,20909327,10539626,81358
1790923327,68278132,70070050816,32021723,0,,23,0,62,385,2490722,790134396,20941622,20941672,10559257,81510
1790923328,68277984,70070448128,32128299,0,,26,0,62,385,2491055,791583020,20974894,20974919,10579416,81666
1790923329,68276500,70069420032,32249016,0,,15,0,62,385,2490677,792956922,21007217,21007304,10599180,81819
1790923330,68277060,70069469184,32324355,0,,10,0,62,385,2491285,794472223,21042093,21042176,10620380,81983
1790923331,68275872,70067998720,32412251,0,,15,0,62,385,2492081,795928004,21076664,21076739,10641308,82145
1790923332,68275476,70066798592,32501721,0,,27,0,62,385,2492161,797393459,21110409,21110491,10661711,82303
1790923333,68276736,70068350976,32594620,0,,28,0,62,385,2492695,798839307,21144656,21144732,10682143,82461
1790923334,68277760,70070210560,32713894,0,,6,0,62,385,2492970,800170662,21177018,21177087,10701821,82614
1790923335,68278628,70070292480,32793232,0,,0,0,62,385,2494070,801695273,21212620,21212686,10723355,82780
1790923336,68277132,70068809728,32905939,0,,10,0,62,385,2494342,803090982,21245132,21245216,10742854,82931
1790923337,68277876,70070038528,32993589,0,,10,0,63,402,2494452,804551577,21279970,21280042,10764184,83096
1790923338,68276832,70068432896,33118716,0,,24,0,63,402,2494963,805857713,21311287,21311368,10782927,83241
1790923340,68276340,70069506048,33224665,0,,33,0,63,402,2495265,807276944,21344038,21344116,10802685,83394
1790923341,68276276,70068375552,33353531,0,,23,0,63,402,2495565,808594207,21375973,21376052,10821931,83543
1790923342,68277500,70069661696,33489420,0,,0,0,64,415,2495332,809848121,21405666,21405749,10840265,83685
1790923343,68279372,70071578624,33606510,0,,28,0,64,415,2495659,811194137,21437311,21437373,10859715,83836
1790923344,68279792,70071717888,33680394,0,,28,0,64,415,2496756,812776343,21473971,21474032,10881553,84005
1790923345,68281852,70074621952,33792701,0,,7,0,64,415,2497119,814158681,21507261,21507328,10901390,84158
1790923346,68280000,70072758272,33903286,0,,20,0,64,415,2497402,815538058,21540639,21540659,10921410,84313
1790923347,68278700,70070632448,34018144,0,,14,0,64,415,2496898,816901938,21573619,21573702,10941440,84468
1790923348,68279124,70071627776,34147066,0,,31,0,64,415,2497562,818187098,21605113,21605187,10960327,84615
1790923349,68278960,70071173120,34259648,0,,7,0,64,415,2497643,819581555,21638539,21638620,10980461,84770
1790923350,68279108,70071300096,34388211,0,,12,0,64,415,2497389,820872404,21669393,21669448,10999319,84916
1790923351,68279268,70070951936,34482890,0,,25,0,64,415,2497142,822291500,21703506,21703588,11019948,85076
1790923352,68277532,70069456896,34578436,0,,24,0,64,415,2497519,823775343,21738942,21739025,11041544,85243
1790923353,68277628,70069248000,34663634,0,,0,0,64,415,2497725,825257541,21774048,21774135,11062641,85406
1790923354,68277568,70069702656,34756495,0,,2,0,64,415,2497239,826724823,21808569,21808641,11083576,85568
1790923355,68278040,70069948416,34875698,0,,24,0,64,415,2497858,828048851,21840140,21840214,11102558,85715
1790923356,68277824,70069702656,34936792,0,,28,0,64,415,2498498,829644879,21878131,21878210,11125227,85891
1790923357,68279452,70071640064,35018810,0,,10,0,64,415,2499159,831119096,21913731,21913813,11146351,86054
1790923358,68277788,70069940224,35147644,0,,4,0,65,436,2498651,832461093,21944173,21944255,11165235,86200
1790923359,68278516,70070689792,35254398,0,,29,0,65,436,2498638,833854994,21977573,21977652,11185578,86358
1790923361,68277952,70070640640,35355304,0,,6,0,65,436,2498549,835262754,22010795,22010855,11205810,86514
1790923362,68279336,70071271424,35467441,0,,10,0,65,436,2498460,836609095,22042484,22042527,11225318,86665
1790923363,68275864,70067453952,35559379,0,,33,0,65,436,2498588,838061013,22076345,22076428,11245877,86825
1790923364,68277488,70069383168,35659329,0,,2,0,65,436,2498973,839515547,22109756,22109816,11266010,86980
1790923365,68276876,70069264384,35787035,0,,29,0,65,436,2499454,840850964,22142112,22142191,11285672,87133
1790923366,68275744,70068088832,35911323,0,,13,0,65,436,2499154,842185312,22173884,22173968,11305025,87282
1790923367,68277280,70068641792,36022890,0,,0,0,65,436,2499516,843542907,22206455,22206531,11324932,87436
1790923368,68277284,70068088832,36132342,0,,2,0,65,436,2499071,844949838,22239208,22239290,11344563,87588
1790923369,68276616,70068719616,36232404,0,,9,0,65,436,2499255,846367870,22272739,22272812,11364976,87746
1790923370,68276984,70069321728,36342729,0,,2,0,65,436,2500082,847755072,22304650,22304736,11383966,87893
1790923371,68276712,70068994048,36457355,0,,13,0,65,436,2500611,849114702,22337028,22337101,11403729,88046
1790923372,68276336,70068658176,36534966,0,,37,0,65,436,2500869,850629404,22372989,22373067,11425347,88214
1790923373,68277044,70069669888,36667439,0,,19,0,66,450,2500820,851896863,22403062,22403072,11444261,88360
1790923374,68277592,70069452800,36718584,0,,22,0,66,450,2500864,853518622,22441442,22441523,11467576,88540
1790923375,68277344,70068645888,36838108,0,,10,0,66,450,2500836,854869979,22473616,22473691,11486955,88690
1790923376,68276232,70067544064,36948297,0,,21,0,66,450,2500475,856232810,22507101,22507177,11507453,88849
1790923377,68276116,70068203520,37061987,0,,15,0,66,450,2500937,857573549,22538964,22539031,11526876,88999
1790923378,68277612,70068944896,37181605,0,,6,0,66,450,2500870,858915169,22571205,22571291,11546511,89151
1790923379,68277444,70069030912,37276594,0,,25,0,67,454,2501089,860378596,22605447,22605525,11567193,89311
1790923380,68279336,70070702080,37389403,0,,0,0,67,454,2500890,861781242,22638178,22638265,11587209,89466
1790923382,68276216,70068285440,37476100,0,,3,0,67,454,2500773,863271848,22673729,22673813,11608661,89632
1790923383,68275988,70067986432,37600358,0,,17,0,67,454,2500739,864661514,22706424,22706486,11628173,89783
1790923384,68277276,70068600832,37726051,0,,17,0,67,454,2500714,865967461,22737415,22737454,11647293,89931
1790923385,68278856,70070484992,37825829,0,,26,0,67,454,2500720,867409273,22772149,22772229,11668361,90094
1790923386,68277556,70069968896,37929105,0,,24,0,67,454,2500583,868833806,22805189,22805245,11688390,90249
1790923387,68278820,70070996992,38038186,0,,25,0,67,454,2500503,870223231,22838106,22838176,11708596,90406
1790923388,68278964,70070894592,38130462,0,,12,0,67,454,2501086,871725491,22872506,22872576,11729095,90564
1790923389,68278688,70070321152,38247205,0,,9,0,67,454,2501687,873103367,22905383,22905460,11748598,90715
1790923390,68277860,70069272576,38357679,0,,27,0,67,454,2501683,874469328,22938603,22938682,11768987,90873
1790923391,68276744,70068588544,38437697,0,,33,0,67,454,2502162,875984426,22974006,22974076,11790076,91036
1790923392,68277856,70069747712,38529514,0,,14,0,67,454,2502697,877454098,23008057,23008138,11810614,91195
1790923393,68276500,70068330496,38617483,0,,3,0,68,461,2503290,878967259,23043969,23044048,11831813,91359
1790923394,68276876,70069002240,38727043,0,,22,0,68,461,2503735,880343001,23076291,23076356,11851316,91510
1790923395,68276524,70068883456,38841612,0,,7,0,68,461,2503711,881712063,23108994,23109069,11871212,91664
1790923396,68275468,70067531776,38936869,0,,22,0,68,461,2504183,883146364,23143190,23143265,11891761,91823
1790923397,68275964,70067535872,39028780,0,,28,0,68,461,2504305,884619313,23176706,23176785,11912009,91980
1790923398,68277484,70069096448,39141517,0,,4,0,68,461,2504192,886004592,23208713,23208796,11931554,92131
1790923399,68277268,70068858880,39229784,0,,25,0,69,467,2504361,887488144,23243618,23243694,11952528,92294
1790923401,68278136,70069506048,39325987,0,,12,0,69,467,2504370,888938014,23277605,23277684,11973272,92454
1790923402,68277824,70069964800,39435707,0,,25,0,69,467,2504630,890313298,23310710,23310791,11993167,92608
1790923403,68276504,70068629504,39547011,0,,12,0,69,467,2504656,891725407,23344161,23344223,12013473,92765
1790923404,68276848,70068678656,39626760,0,,3,0,69,467,2504910,893194017,23378865,23378946,12034412,92927
1790923405,68277096,70069444608,39723897,0,,7,0,69,467,2505153,894604119,23411972,23412044,12054431,93082
1790923406,68276336,70068158464,39840374,0,,9,0,69,467,2505034,895968538,23444526,23444594,12074467,93237
1790923407,68275908,70067736576,39941482,0,,7,0,69,467,2505603,897352080,23477582,23477624,12094484,93392
1790923408,68276788,70068400128,40022977,0,,2,0,69,467,2505999,898825866,23512746,23512832,12115555,93555
1790923409,68278136,70069493760,40105938,0,,3,0,69,467,2505677,900313744,23546449,23546489,12136086,93714
1790923410,68278260,70070927360,40203717,0,,37,0,69,467,2506781,901723995,23579338,23579420,12155708,93866
1790923411,68277784,70070353920,40285196,0,,28,0,69,467,2507523,903242713,23614615,23614696,12176893,94030
1790923412,68277808,70069706752,40397314,0,,17,0,69,467,2507733,904660823,23648249,23648328,12197469,94189
1790923413,68277740,70069350400,40525848,0,,1,0,69,467,2507558,905976880,23678944,23679027,12216342,94335
1790923414,68276600,70067908608,40630042,0,,31,0,69,467,2507562,907421476,23713228,23713300,12237136,94496
1790923415,68277988,70070128640,40760330,0,,4,0,69,467,2507332,908693223,23744310,23744394,12255996,94642
1790923416,68278908,70070796288,40855245,0,,21,0,69,467,2507352,910113582,23778642,23778718,12276808,94803
1790923417,68278852,70070480896,40938048,0,,1,0,69,467,2508435,911610373,23813369,23813456,12297220,94961
1790923418,68279772,70070636544,41037899,0,,17,0,69,467,2508968,913062838,23847022,23847090,12317237,95116
1790923419,68279284,70070657024,41137323,0,,28,0,69,467,2508652,914492754,23881154,23881229,12338154,95278
1790923420,68277712,70069911552,41240727,0,,15,0,69,467,2509007,915932303,23914631,23914696,12358331,95434
1790923422,68275172,70067933184,41358096,0,,30,0,69,467,2509923,917286869,23946590,23946668,12377554,95583
1790923423,68275380,70067720192,41457101,0,,20,0,69,467,2509818,918728877,23980634,23980717,12397999,95741
1790923424,68276940,70068781056,41567751,0,,5,0,69,467,2510047,920113358,24013745,24013832,12417763,95894
1790923425,68277060,70068658176,41664877,0,,35,0,69,467,2510632,921555935,24047049,24047129,12437737,96049
1790923426,68277392,70069510144,41749083,0,,5,0,69,467,2510759,923075043,24082431,24082498,12459245,96215
1790923427,68278880,70071021568,41858116,0,,5,0,69,467,2510854,924478443,24115773,24115839,12479399,96371
1790923428,68280416,70071832576,41952388,0,,5,0,69,467,2511542,925932642,24149604,24149691,12499687,96528
1790923429,68281740,70074212352,42064000,0,,0,0,69,467,2511990,927304385,24182959,24183041,12519726,96683
1790923430,68281168,70073643008,42180079,0,,12,0,69,467,2512118,928631295,24214305,24214387,12538835,96831
1790923431,68280988,70072905728,42302902,0,,15,0,69,467,2512819,929926886,24246031,24246111,12557815,96978
1790923432,68279188,70070812672,42391958,0,,9,0,69,467,2512932,931359793,24280646,24280715,12578883,97141
1790923433,68279056,70071472128,42485810,0,,15,0,69,467,2512763,932859041,24314334,24314379,12599428,97300
1790923434,68280348,70072541184,42609539,0,,2,0,69,467,2512674,934171213,24346264,24346336,12619065,97452
1790923435,68280288,70071959552,42721381,0,,33,0,69,467,2512253,935562744,24379531,24379606,12639088,97607
1790923436,68279248,70070558720,42819080,0,,25,0,69,467,2511753,936994090,24412538,24412617,12659508,97765
1790923437,68279828,70072000512,42922640,0,,7,0,70,467,2511958,938377046,24446189,24446262,12679911,97923
1790923438,68277976,70069350400,43030283,0,,28,0,70,467,2512092,939789752,24478640,24478716,12699350,98074
1790923439,68277456,70069829632,43115818,0,,29,0,70,467,2512289,941255080,24513409,24513494,12720494,98237
1790923440,68278944,70071635968,43212852,0,,2,0,70,467,2512365,942676168,24547269,24547343,12740779,98394
1790923441,68280096,70072537088,43317961,0,,10,0,70,467,2512433,944074862,24580444,24580523,12760801,98549
1790923443,68279068,70070697984,43416350,0,,21,0,71,485,2512561,945538184,24614805,24614884,12781498,98709
1790923444,68281176,70073896960,43521525,0,,28,0,71,485,2512771,946984506,24647183,24647258,12801116,98861
1790923445,68279800,70072229888,43610078,0,,2,0,71,485,2513019,948494229,24682088,24682172,12822455,99026
1790923446,68277708,70069579776,43700755,0,,14,0,71,485,2513723,949954607,24716113,24716193,12842991,99185
1790923447,68278284,70069108736,43787816,0,,7,0,71,485,2514037,951449947,24751789,24751857,12864626,99353
1790923448,68278828,70071255040,43912115,0,,5,0,71,485,2513646,952750907,24783249,24783326,12883975,99503
1790923449,68277704,70070554624,44025513,0,,15,0,71,485,2513905,954112972,24815474,24815548,12903977,99657
1790923450,68276852,70068883456,44121721,0,,10,0,71,485,2513986,955595909,24850369,24850430,12924906,99819
1790923451,68278236,70070128640,44226178,0,,20,0,71,485,2514281,957001385,24884595,24884667,12945566,99979
1790923452,68280136,70071959552,44347791,0,,6,0,71,485,2514344,958350406,24915913,24915994,12964701,100127
1790923453,68279460,70071123968,44485348,0,,10,0,72,485,2514031,959595016,24945855,24945934,12983297,100271
1790923454,68279216,70071840768,44613421,0,,2,0,72,485,2513525,960949254,24977788,24977871,13002931,100423
1790923455,68276528,70068875264,44745180,0,,3,0,72,485,2512969,962265387,25009459,25009545,13022190,100572
1790923456,68277684,70069571584,44850994,0,,19,0,72,485,2512921,963694690,25043612,25043691,13043030,100734
1790923457,68277904,70069989376,44941545,0,,31,0,72,485,2513314,965150829,25077650,25077729,13063270,100890
1790923458,68277428,70069276672,45035842,0,,10,0,72,485,2514160,966618876,25111991,25112069,13083819,101049
1790923459,68278940,70071353344,45141530,0,,0,0,72,485,2514021,968013312,25144470,25144550,13103720,101203
1790923460,68278260,70069870592,45259410,0,,26,0,72,485,2513855,969381913,25176921,25177000,13123558,101357
1790923461,68275100,70067425280,45362892,0,,22,0,72,485,2513952,970810710,25209956,25210028,13143511,101511
1790923463,68276724,70068314112,45453032,0,,5,0,72,485,2514258,972260603,25245357,25245434,13164834,101676
1790923464,68278212,70070095872,45566533,0,,0,0,72,485,2513725,973612541,25277522,25277605,13184606,101829
1790923465,68278732,70071136256,45675932,0,,16,0,72,485,2514074,975004875,25311075,25311144,13204759,101985
1790923466,68278820,70070243328,45757487,0,,12,0,72,485,2514712,976505288,25346781,25346848,13226086,102150
1790923467,68278636,70071042048,45864723,0,,1,0,72,485,2515070,977922097,25380313,25380396,13246119,102305
1790923468,68277988,70069325824,45987509,0,,6,0,72,485,2515262,979276128,25412713,25412794,13265746,102457
1790923469,68276308,70069096448,46090646,0,,22,0,72,485,2514864,980699629,25445822,25445903,13286015,102614
1790923470,68276860,70069514240,46175377,0,,9,0,72,485,2514750,982190790,25480312,25480390,13307358,102779
1790923471,68278768,70070902784,46307939,0,,1,0,72,485,2514464,983489668,25511133,25511214,13325963,102923
1790923472,68278668,70070542336,46459406,0,,30,0,72,485,2514387,984694228,25540242,25540293,13343920,103063
1790923473,68278148,70070595584,46563433,0,,20,0,72,485,2514104,986072061,25573950,25574021,13364384,103221
1790923474,68279860,70071013376,46691863,0,,28,0,72,485,2514582,987416532,25605654,25605715,13383820,103371
1790923475,68279448,70071906304,46815751,0,,3,0,72,485,2514569,988752573,25636895,25636978,13402805,103518
1790923476,68279896,70071848960,46938589,0,,39,0,72,485,2514680,990081848,25669436,25669518,13422212,103669
1790923477,68281184,70073409536,47028059,0,,1,0,73,485,2514831,991589696,25704098,25704185,13442998,103829
1790923478,68281900,70074396672,47102686,0,,6,0,73,485,2515812,993152869,25740445,25740514,13464186,103993
1790923479,68283076,70074822656,47238405,0,,16,0,74,502,2516085,994416638,25770408,25770485,13482270,104133
1790923480,68283028,70074761216,47355835,0,,19,0,74,502,2515816,995794504,25802567,25802646,13501643,104283
1790923481,68283220,70075744256,47478735,0,,27,0,74,502,2516365,997144261,25834693,25834773,13521278,104435
1790923483,68282428,70075158528,47570722,0,,9,0,74,502,2516943,998675148,25869276,25869332,13541859,104595
1790923484,68279544,70071414784,47682972,0,,19,0,74,502,2516983,1000087789,25902800,25902881,13561988,104750
1790923485,68280172,70072102912,47823534,0,,24,0,74,502,2517116,1001360489,25933482,25933552,13580447,104893
1790923486,68280220,70072659968,47915089,0,,11,0,74,502,2517022,1002811885,25968027,25968113,13601260,105054
1790923487,68282004,70073438208,48014063,0,,2,0,74,502,2516950,1004165322,26001152,26001223,13621547,105211
1790923488,68279748,70070136832,48145033,0,,7,0,74,502,2516938,1005466972,26031730,26031814,13640141,105355
1790923489,68279428,70072369152,48236649,0,,22,0,74,502,2517090,1006926238,26065789,26065775,13661195,105518
1790923490,68279948,70071595008,48357749,0,,3,0,75,507,2516794,1008312833,26097711,26097798,13680850,105670
1790923491,68279788,70071734272,48462571,0,,20,0,75,507,2517134,1009717694,26131470,26131553,13701393,105829
1790923492,68279592,70070992896,48571982,0,,26,0,76,520,2517697,1011081632,26162836,26162868,13720284,105976
1790923493,68276868,70068715520,48688276,0,,31,0,76,520,2517543,1012414116,26195430,26195502,13740436,106132
1790923494,68274672,70066708480,48793135,0,,6,0,76,520,2517793,1013835241,26228635,26228718,13760556,106287
1790923495,68275244,70066987008,48859854,0,,29,0,76,520,2518243,1015398549,26265874,26265961,13783063,106461
1790923496,68275652,70067908608,48981419,0,,29,0,76,520,2518672,1016737071,26299085,26299168,13803211,106617
1790923497,68274812,70066483200,49083511,0,,0,0,76,520,2519476,1018150104,26333323,26333409,13823500,106774
1790923498,68276672,70068301824,49205568,0,,1,0,76,520,2519611,1019537481,26366098,26366183,13843125,106926
1790923499,68276608,70068465664,49291861,0,,23,0,76,520,2520152,1021048845,26401002,26401048,13864315,107090
1790923500,68278112,70070595584,49388584,0,,7,0,76,520,2520790,1022471578,26434634,26434712,13884733,107248
1790923501,68278812,70070423552,49528794,0,,10,0,76,520,2520567,1023745626,26465452,26465511,13903468,107393
1790923503,68276152,70068817920,49601271,0,,2,0,76,520,2521060,1025302821,26501528,26501605,13924797,107558
1790923504,68276508,70068113408,49703805,0,,3,0,76,520,2521384,1026718783,26535123,26535209,13944941,107714
1790923505,68277648,70069805056,49810815,0,,24,0,76,520,2521389,1028111733,26567828,26567908,13965016,107870
1790923506,68279236,70070902784,49920707,0,,11,0,77,523,2521920,1029532213,26600824,26600904,13984867,108023
1790923507,68280760,70072471552,50016440,0,,11,0,78,539,2522377,1030980575,26634456,26634527,14005026,108179
1790923508,68279144,70070575104,50133721,0,,1,0,78,539,2522871,1032325684,26666182,26666268,14024249,108328
1790923509,68278840,70070771712,50216818,0,,27,0,79,569,2523442,1033808763,26701806,26701888,14045716,108494
1790923510,68278748,70071193600,50330300,0,,17,0,79,569,2523459,1035233568,26735537,26735614,14065947,108651
1790923511,68278744,70070874112,50444556,0,,1,0,80,569,2523944,1036568622,26766822,26766903,14086877,108810
1790923512,68279660,70071283712,50527641,0,,0,0,80,569,2521843,1037919424,26798736,26798820,14109832,108984
1790923513,68278728,70070902784,50634542,0,,9,0,80,569,2518445,1039231527,26829652,26829736,14131795,109151
1790923514,68278096,70069207040,50728815,0,,4,0,80,569,2516605,1040552828,26860676,26860737,14153679,109317
1790923515,68279788,70071730176,50847776,0,,2,0,80,569,2513602,1041853584,26891701,26891788,14175186,109481
1790923516,68280328,70072795136,50976504,0,,0,0,80,569,2511552,1043076758,26921393,26921478,14196471,109642
1790923517,68280896,70073344000,51108863,0,,2,0,80,569,2509075,1044279194,26951472,26951557,14217532,109802
1790923518,68282384,70074630144,51223485,0,,21,0,80,569,2507474,1045544654,26981454,26981534,14238392,109961
1790923519,68280764,70073536512,51329787,0,,11,0,80,569,2505979,1046830005,27012761,27012824,14260581,110129
1790923520,68281976,70073962496,51448045,0,,9,0,80,569,2503524,1048092341,27042592,27042666,14281847,110291
1790923522,68280544,70073004032,51509084,0,,15,0,80,569,2498985,1049447800,27075396,27075471,14307387,110484
1790923523,68281508,70074535936,51648799,0,,3,0,80,569,2497260,1050605131,27103792,27103853,14327185,110635
1790923524,68277508,70068899840,51770049,0,,20,0,80,569,2496291,1051902331,27133732,27133802,14348008,110793
1790923525,68276660,70068817920,51872319,0,,1,0,80,569,2494645,1053253482,27165882,27165967,14370253,110963
1790923526,68276076,70067642368,51968828,0,,14,0,80,569,2493392,1054619104,27196643,27196723,14392070,111129
1790923527,68276044,70067621888,52084823,0,,13,0,80,569,2491102,1055838924,27225939,27226020,14412438,111284
1790923528,68275188,70066786304,52180237,0,,24,0,80,569,2490499,1057208438,27257099,27257181,14433971,111449
1790923529,68276428,70068285440,52279250,0,,18,0,80,569,2488929,1058548232,27289054,27289121,14455626,111615
1790923530,68278152,70070554624,52386914,0,,0,0,80,569,2487606,1059839604,27319755,27319823,14476705,111774
1790923531,68277360,70069485568,52493003,0,,17,0,80,569,2486609,1061166010,27350552,27350636,14497651,111935
1790923532,68275516,70067093504,52617988,0,,1,0,80,569,2485204,1062417217,27381504,27381589,14518527,112095
1790923533,68276556,70068195328,52716897,0,,19,0,80,569,2484410,1063814553,27414004,27414088,14540344,112262
1790923534,68276580,70068428800,52822643,0,,3,0,80,569,2483788,1065119300,27445024,27445108,14560935,112420
1790923535,68276420,70067957760,52934647,0,,5,0,80,569,2482466,1066464462,27476438,27476509,14582194,112582
1790923536,68277820,70069972992,53035708,0,,23,0,80,569,2481721,1067779268,27508115,27508191,14603571,112746
1790923537,68277960,70069600256,53125085,0,,8,0,80,569,2480952,1069171619,27540314,27540398,14625172,112912
1790923538,68275552,70067617792,53243352,0,,1,0,80,569,2480013,1070392633,27568808,27568895,14644730,113062
1790923539,68276512,70068883456,53317146,0,,6,0,81,571,2477494,1071847878,27602487,27602573,14668940,113248
1790923540,68278228,70069862400,53428448,0,,8,0,81,571,2476891,1073175862,27633071,27633155,14689761,113408
1790923542,68280724,70072885248,53562040,0,,20,0,81,571,2475927,1074412649,27662899,27662925,14709554,113561
1790923543,68278492,70070390784,53664118,0,,23,0,81,571,2476314,1075778912,27695028,27695084,14730296,113720
1790923544,68279848,70072078336,53768384,0,,26,0,81,571,2475633,1077139959,27727222,27727299,14751758,113886
1790923545,68280764,70073462784,53873386,0,,21,0,81,571,2474933,1078477496,27759489,27759567,14772753,114047
1790923546,68281304,70072971264,53997692,0,,18,0,81,571,2473864,1079767123,27789103,27789185,14792647,114200
1790923547,68281260,70073438208,54088435,0,,1,0,81,571,2473711,1081198106,27822174,27822254,14814105,114365
1790923548,68280252,70072434688,54177735,0,,12,0,81,571,2472768,1082634068,27855703,27855788,14836154,114535
1790923549,68277784,70069641216,54263639,0,,10,0,81,571,2472393,1084076733,27889820,27889897,14858292,114705
1790923550,68277204,70069063680,54355936,0,,33,0,81,571,2471894,1085522196,27921941,27922019,14879271,114866
1790923551,68278932,70071312384,54450190,0,,0,0,81,571,2471065,1086937817,27954030,27954106,14900678,115031
1790923552,68277744,70069071872,54548538,0,,21,0,81,571,2470517,1088307876,27985403,27985486,14921232,115189
1790923553,68278480,70070620160,54662918,0,,30,0,81,571,2469328,1089577248,28015856,28015932,14941570,115346
1790923554,68280360,70072283136,54806581,0,,20,0,81,571,2467718,1090808900,28045213,28045179,14960874,115494
1790923555,68280456,70072111104,54915113,0,,29,0,82,571,2467680,1092186280,28076990,28077007,14981422,115652
1790923556,68278860,70070464512,55025989,0,,26,0,83,578,2466883,1093477544,28108266,28108339,15001931,115811
1790923557,68279840,70072504320,55146380,0,,15,0,83,578,2466638,1094743773,28140374,28140456,15022386,115969
1790923558,68278584,70071230464,55248320,0,,1,0,83,578,2466380,1096108082,28172575,28172632,15043045,116128
1790923559,68279904,70072877056,55370112,0,,11,0,83,578,2466126,1097412779,28203287,28203353,15063212,116284
1790923560,68277912,70070857728,55448318,0,,8,0,83,578,2465684,1098919114,28238494,28238510,15085525,116456
1790923562,68279540,70071689216,55562083,0,,2,0,83,578,2465656,1100209605,28268997,28269061,15105581,116611
1790923563,68278376,70069714944,55684519,0,,1,0,83,578,2464626,1101537517,28300199,28300283,15125867,116768
1790923564,68277016,70069149696,55792048,0,,29,0,83,578,2464125,1102874646,28330916,28330992,15146378,116927
1790923565,68277744,70070075392,55881580,0,,31,0,83,578,2462717,1104329121,28365279,28365325,15168379,117096
1790923566,68279716,70072418304,55970950,0,,20,0,83,578,2462887,1105773891,28398474,28398557,15189970,117263
1790923567,68278620,70070755328,56058320,0,,34,0,83,578,2460977,1107188871,28432022,28432074,15212880,117441
1790923568,68277564,70069719040,56158419,0,,27,0,84,593,2461265,1108567470,28463711,28463762,15233184,117599
1790923569,68276748,70068584448,56242932,0,,12,0,84,593,2461582,1110032363,28497788,28497862,15254762,117765
1790923570,68277612,70069207040,56344269,0,,34,0,84,593,2461409,1111402184,28529729,28529804,15275436,117924
1790923571,68277100,70068682752,56454383,0,,2,0,84,593,2461036,1112739532,28560656,28560726,15295594,118080
1790923572,68276260,70068355072,56544506,0,,7,0,84,593,2460570,1114121775,28593409,28593495,15316544,118241
1790923573,68277036,70068572160,56657355,0,,4,0,84,593,2459907,1115478900,28625827,28625907,15337461,118403
1790923574,68277060,70069178368,56757961,0,,7,0,84,593,2459596,1116877607,28659010,28659073,15358664,118567
1790923575,68277892,70069506048,56899146,0,,7,0,84,593,2459015,1118128991,28688071,28688151,15377519,118712
1790923576,68277548,70069125120,57018356,0,,20,0,84,593,2458641,1119399037,28719092,28719169,15397451,118867
1790923577,68278172,70070284288,57108960,0,,28,0,84,593,2458993,1120814707,28753695,28753768,15419347,119036
1790923578,68277920,70069772288,57225426,0,,1,0,84,593,2458986,1122113545,28785355,28785431,15439531,119192
1790923579,68277776,70070669312,57348516,0,,23,0,84,593,2458394,1123432848,28816486,28816563,15459449,119347
1790923581,68279116,70071521280,57472273,0,,1,0,84,593,2457898,1124772337,28849257,28849333,15480491,119509
1790923582,68278436,70070042624,57573666,0,,5,0,84,593,2457954,1126167181,28881297,28881383,15501044,119668
1790923583,68278672,70070517760,57667880,0,,17,0,84,593,2457196,1127561490,28913640,28913727,15521684,119828
1790923584,68278860,70070960128,57773683,0,,2,0,84,593,2456362,1128953664,28946635,28946691,15543032,119993
1790923585,68278824,70071455744,57917293,0,,0,0,84,593,2455338,1130195184,28976074,28976148,15562285,120142
1790923586,68279800,70071156736,58022910,0,,3,0,84,593,2454928,1131557873,29009000,29009086,15582960,120302
1790923587,68278200,70070034432,58143503,0,,3,0,84,593,2454445,1132852894,29039956,29040028,15602982,120457
1790923588,68278160,70070280192,58245338,0,,3,0,84,593,2454801,1134288576,29073138,29073223,15623929,120619
1790923589,68280056,70071951360,58367891,0,,32,0,84,593,2454169,1135577359,29104843,29104903,15644738,120779
1790923590,68280116,70070915072,58474204,0,,0,0,84,593,2453702,1136992245,29137635,29137721,15666100,120943
1790923591,68279324,70071730176,58592695,0,,11,0,84,593,2452900,1138307266,29167820,29167904,15685838,121094
1790923592,68279768,70071136256,58656547,0,,6,0,84,593,2452681,1139814406,29203095,29203137,15709208,121272
1790923593,68279576,70071406592,58756511,0,,14,0,84,593,2451558,1141135491,29235234,29235317,15730896,121437
1790923594,68278820,70071197696,58872175,0,,25,0,84,593,2451050,1142406286,29266169,29266252,15751515,121595
1790923595,68279224,70071382016,58952646,0,,31,0,84,593,2450151,1143925974,29301031,29301108,15774651,121772
1790923596,68278928,70070546432,59053820,0,,6,0,84,593,2447379,1145342476,29333464,29333543,15797777,121948
1790923597,68280176,70072332288,59172450,0,,8,0,84,593,2446529,1146681344,29365316,29365402,15818578,122108
1790923598,68280236,70071595008,59277462,0,,9,0,84,593,2446212,1148048283,29398467,29398545,15840000,122272
1790923599,68279620,70072033280,59367160,0,,3,0,84,593,2445810,1149420279,29431402,29431487,15861399,122436
1790923601,68281628,70073573376,59457149,0,,9,0,85,593,2445951,1150819389,29464754,29464837,15882882,122601
1790923602,68282324,70073999360,59559305,0,,11,0,85,593,2445924,1152171845,29495692,29495776,15903041,122756
1790923603,68278776,70070632448,59675217,0,,23,0,85,593,2445973,1153460201,29527189,29527267,15923777,122915
1790923604,68278340,70070693888,59780738,0,,32,0,85,593,2446193,1154805214,29558319,29558403,15943904,123070
1790923605,68279880,70072291328,59888156,0,,3,0,85,593,2446329,1156107670,29589539,29589621,15964288,123227
1790923606,68277328,70068375552,59970018,0,,39,0,85,593,2446259,1157570946,29623228,29623313,15986155,123395
1790923607,68276780,70069366784,60070721,0,,9,0,85,593,2446460,1158996638,29655908,29655988,16006924,123555
1790923608,68277748,70070091776,60187516,0,,18,0,86,599,2446834,1160340086,29687975,29688050,16027533,123714
1790923609,68278788,70070915072,60286135,0,,0,0,86,599,2446810,1161738764,29721090,29721176,16048644,123877
1790923610,68279820,70071713792,60384213,0,,20,0,86,599,2446127,1163161562,29755591,29755672,16071123,124049
1790923611,68279960,70072360960,60506882,0,,34,0,86,599,2445986,1164485850,29786750,29786833,16091036,124203
1790923612,68278364,70069415936,60630464,0,,32,0,86,599,2445394,1165748189,29816530,29816612,16110979,124357
1790923613,68278552,70070398976,60761029,0,,14,0,86,599,2445131,1167024352,29845756,29845842,16129927,124503
1790923614,68277952,70069522432,60859027,0,,7,0,86,599,2445218,1168438211,29879740,29879815,16151329,124668
1790923615,68279204,70070575104,60952728,0,,22,0,86,599,2445020,1169820182,29912519,29912600,16172722,124833
1790923616,68279288,70071410688,61066430,0,,11,0,86,599,2444300,1171178142,29944344,29944389,16193444,124991
1790923617,68280164,70072336384,61167342,0,,24,0,86,599,2444065,1172513455,29977005,29977083,16214576,125153
1790923618,68281240,70072623104,61276289,0,,5,0,86,599,2443571,1173839989,30008834,30008908,16235449,125313
1790923619,68280096,70071455744,61396195,0,,0,0,86,599,2443440,1175061222,30039165,30039252,16255562,125467
1790923620,68280864,70072778752,61519281,0,,30,0,86,599,2442462,1176356709,30069451,30069531,16275845,125622
1790923622,68279764,70071955456,61632641,0,,34,0,87,602,2441885,1177619025,30099756,30099814,16296655,125780
1790923623,68280476,70072119296,61739576,0,,5,0,87,602,2440864,1178983620,30132106,30132193,16318382,125946
1790923624,68277768,70069084160,61831736,0,,4,0,87,602,2438666,1180346344,30164705,30164777,16339900,126111
1790923625,68276784,70070169600,61919981,0,,25,0,87,602,2437921,1181682857,30197175,30197255,16363679,126290
1790923626,68273812,70065860608,62044255,0,,6,0,87,602,2436991,1182958053,30227137,30227190,16384144,126446
1790923627,68274240,70065487872,62157278,0,,23,0,88,604,2436184,1184232291,30258366,30258445,16405070,126605
1790923628,68275148,70067183616,62224112,0,,12,0,88,604,2436475,1185661881,30292215,30292291,16427739,126777
1790923629,68275300,70067105792,62322811,0,,12,0,88,604,2435636,1187043454,30324394,30324481,16449701,126944
1790923630,68275388,70067724288,62419283,0,,4,0,88,604,2435177,1188382891,30357362,30357435,16471181,127108
1790923631,68274160,70065651712,62517605,0,,3,0,89,605,2434499,1189736471,30389622,30389699,16493609,127278
1790923632,68274700,70066991104,62608109,0,,25,0,89,605,2434186,1191114204,30422836,30422915,16516213,127450
1790923633,68273464,70064939008,62698255,0,,11,0,89,605,2434063,1192594518,30457798,30457877,16539237,127625
1790923634,68274424,70065410048,62783466,0,,1,0,89,605,2433402,1193978512,30489900,30489986,16561362,127792
1790923635,68275992,70067806208,62877052,0,,20,0,89,605,2429983,1195254764,30519552,30519633,16584899,127969
1790923636,68276400,70068219904,62972060,0,,0,0,89,605,2429529,1196649932,30552490,30552558,16607284,128138
1790923637,68278224,70070251520,63082483,0,,27,0,89,605,2428829,1197942731,30583538,30583613,16628662,128300
1790923638,68275976,70067716096,63215056,0,,8,0,90,610,2427524,1199124457,30612860,30612945,16649287,128457
1790923639,68275824,70068129792,63328217,0,,2,0,90,610,2427127,1200449727,30644613,30644694,16671111,128624
1790923640,68276548,70068498432,63434186,0,,32,0,90,610,2426682,1201807822,30676131,30676214,16692780,128787
1790923642,68276588,70068387840,63516029,0,,25,0,90,610,2426100,1203243820,30709352,30709428,16715582,128960
1790923643,68276552,70067572736,63615808,0,,6,0,90,610,2425430,1204544831,30740140,30740172,16737272,129125
1790923644,68277288,70069395456,63728391,0,,27,0,90,610,2424932,1205813888,30770249,30770326,16758152,129284
1790923645,68275896,70067945472,63819060,0,,17,0,90,610,2424543,1207172761,30803065,30803133,16780401,129453
1790923646,68274412,70066147328,63924881,0,,5,0,90,610,2423853,1208467614,30834576,30834649,16802262,129619
1790923647,68275788,70067834880,64047663,0,,22,0,90,610,2423271,1209715993,30864311,30864396,16822414,129773
1790923648,68276260,70068326400,64145563,0,,7,0,90,610,2420723,1211079385,30895849,30895920,16846592,129955
1790923649,68277368,70069215232,64287841,0,,4,0,90,610,2419588,1212305330,30925531,30925590,16866850,130110
1790923650,68278348,70070206464,64406228,0,,20,0,90,610,2418685,1213650329,30956319,30956394,16887887,130272
1790923651,68275900,70067961856,64524644,0,,0,0,90,610,2418633,1214910539,30986633,30986709,16908445,130429
1790923652,68276076,70067617792,64621265,0,,0,0,90,610,2418672,1216302342,31019237,31019322,16930346,130597
1790923653,68276804,70068826112,64734114,0,,3,0,90,610,2418402,1217604964,31050407,31050493,16951229,130757
1790923654,68276744,70068076544,64844414,0,,25,0,91,636,2418817,1218990118,31082454,31082530,16971973,130917
1790923655,68278632,70069743616,64923793,0,,2,0,91,636,2419360,1220441725,31116356,31116438,16994080,131087
1790923656,68278972,70070829056,65028233,0,,13,0,91,636,2419899,1221816788,31149735,31149816,17015954,131255
1790923657,68277488,70068527104,65167490,0,,3,0,91,636,2420083,1223020372,31179716,31179783,17035839,131408
1790923658,68277548,70069084160,65243384,0,,5,0,91,636,2420445,1224502576,31214543,31214582,17058078,131579
1790923659,68276716,70068523008,65359793,0,,16,0,91,636,2420798,1225802078,31245078,31245137,17077956,131732
1790923660,68276912,70068408320,65451484,0,,24,0,91,636,2421570,1227185694,31278429,31278506,17099545,131898
1790923662,68277748,70069567488,65531800,0,,3,0,91,636,2422405,1228661458,31311454,31311541,17120471,132059
1790923663,68277884,70070501376,65644590,0,,3,0,91,636,2423202,1229899102,31341126,31341175,17140081,132210
1790923664,68275580,70067638272,65752368,0,,21,0,91,636,2423231,1231216572,31372416,31372487,17160208,132365
1790923665,68275424,70067208192,65840162,0,,1,0,91,636,2422929,1232641559,31406391,31406477,17182060,132533
1790923666,68276192,70067732480,65955945,0,,15,0,92,641,2422798,1233950444,31436598,31436676,17202055,132687
1790923667,68277412,70069248000,66083928,0,,4,0,92,641,2422345,1235265119,31467894,31467969,17222358,132843
1790923668,68277432,70068998144,66197268,0,,3,0,92,641,2422462,1236626301,31499110,31499193,17242537,132998
1790923669,68277296,70068809728,66315105,0,,17,0,92,641,2422824,1237979974,31531231,31531317,17263085,133156
1790923670,68277488,70068994048,66385246,0,,4,0,92,641,2423624,1239476372,31566506,31566580,17285439,133328
1790923671,68277868,70070288384,66501979,0,,31,0,93,683,2423312,1240797153,31597583,31597620,17305421,133482
1790923672,68277588,70069161984,66568782,0,,19,0,93,683,2422208,1242231425,31632890,31632970,17329363,133667
1790923673,68273808,70065799168,66650842,0,,17,0,93,683,2422751,1243691222,31667610,31667687,17351364,133837
1790923674,68276120,70067900416,66755899,0,,0,0,93,683,2422668,1245085941,31700142,31700217,17372166,133997
1790923675,68276536,70068645888,66876112,0,,0,0,93,683,2422998,1246399745,31731597,31731679,17392063,134151
1790923676,68275164,70067470336,66981440,0,,25,0,93,683,2423236,1247773240,31763805,31763881,17412782,134312
1790923677,68276588,70068146176,67095814,0,,9,0,93,683,2424129,1249107630,31795114,31795194,17432627,134465
1790923678,68274352,70065852416,67209404,0,,1,0,94,686,2424461,1250476199,31826834,31826919,17452652,134620
1790923679,68274504,70066270208,67305939,0,,3,0,94,686,2425130,1251878181,31859509,31859595,17473080,134778
1790923680,68275712,70067769344,67459058,0,,25,0,95,687,2424815,1253054817,31888251,31888330,17491655,134922
1790923682,68276956,70068273152,67568362,0,,4,0,96,690,2425354,1254420522,31920608,31920675,17512084,135080
1790923683,68277384,70068690944,67718448,0,,10,0,96,690,2425632,1255596228,31949592,31949673,17530539,135222
1790923684,68277520,70069092352,67798223,0,,8,0,96,690,2425969,1257062436,31984596,31984666,17552652,135393
1790923685,68277876,70069710848,67913019,0,,23,0,96,690,2426487,1258348502,32015934,32016012,17572409,135546
1790923686,68278336,70069919744,68008745,0,,3,0,96,690,2427575,1259770977,32049167,32049254,17592832,135704
1790923687,68279424,70071758848,68113795,0,,4,0,96,690,2427505,1261174090,32082206,32082267,17613891,135867
1790923688,68280176,70072328192,68219499,0,,20,0,96,690,2427487,1262520728,32114547,32114629,17634358,136026
1790923689,68280224,70071857152,68322198,0,,6,0,96,690,2428292,1263878087,32146709,32146781,17654858,136184
1790923690,68280192,70072881152,68416354,0,,14,0,96,690,2428736,1265276722,32179310,32179383,17675281,136341
1790923691,68278964,70070853632,68531210,0,,4,0,98,703,2428877,1266621376,32211457,32211525,17695559,136498
1790923692,68280000,70071619584,68623188,0,,4,0,98,703,2428944,1268051052,32245913,32245961,17717137,136665
1790923693,68278412,70069739520,68731781,0,,6,0,98,703,2429350,1269410492,32277706,32277792,17736895,136818
1790923694,68276032,70068883456,68852784,0,,1,0,99,708,2429369,1270728847,32309130,32309189,17756669,136971
1790923695,68276968,70069305344,68944203,0,,16,0,99,708,2429279,1272148136,32342225,32342307,17777940,137136
1790923696,68277936,70070325248,69050985,0,,35,0,100,716,2429835,1273481930,32375009,32375089,17798445,137295
1790923697,68276412,70067879936,69136779,0,,1,0,100,716,2430235,1274947227,32410542,32410629,17820380,137464
1790923698,68278100,70069960704,69236831,0,,4,0,100,716,2430039,1276329896,32443274,32443353,17841328,137626
1790923699,68276468,70067761152,69357556,0,,10,0,100,716,2429708,1277655094,32475207,32475286,17861747,137784
1790923700,68276236,70068039680,69448483,0,,20,0,100,716,2430279,1279119466,32508244,32508324,17882844,137948
1790923702,68277368,70068670464,69548240,0,,6,0,100,716,2431104,1280558850,32541253,32541323,17903724,138109
1790923703,68276108,70068199424,69648301,0,,32,0,100,716,2431279,1281958990,32574425,32574502,17924275,138268
1790923704,68277156,70068998144,69752470,0,,0,0,100,716,2430786,1283351389,32607341,32607422,17945079,138429
1790923705,68277316,70069407744,69844182,0,,10,0,100,716,2430776,1284818734,32641499,32641560,17966927,138598
1790923706,68275988,70068584448,69939020,0,,17,0,100,716,2430523,1286219635,32674329,32674409,17987858,138760
1790923707,68276840,70068400128,70041282,0,,0,0,100,716,2430989,1287621058,32706951,32707034,18008271,138918
1790923708,68277620,70069927936,70133809,0,,16,0,100,716,2431674,1289053165,32739730,32739802,18028303,139073
1790923709,68276136,70067183616,70210119,0,,3,0,100,716,2431770,1290567362,32775189,32775270,18050411,139244
1790923710,68276536,70068080640,70296113,0,,0,0,101,724,2432262,1292038831,32808775,32808852,18071216,139405
1790923711,68276564,70068658176,70408216,0,,16,0,101,724,2432002,1293343993,32839721,32839802,18090856,139557
1790923712,68275708,70068269056,70511687,0,,29,0,101,724,2432378,1294741573,32873680,32873703,18111795,139720
1790923713,68276660,70068482048,70608319,0,,1,0,101,724,2432667,1296219722,32907789,32907869,18133236,139885
1790923714,68274920,70066716672,70708474,0,,25,0,101,724,2433353,1297566632,32939544,32939628,18153216,140040
1790923715,68276020,70067855360,70795037,0,,2,0,101,724,2433545,1299018543,32973329,32973404,18173960,140200
1790923716,68277076,70069686272,70899384,0,,26,0,101,724,2432744,1300395142,33006609,33006649,18195589,140368
1790923717,68278580,70070657024,71005354,0,,1,0,101,724,2432819,1301760502,33039409,33039490,18215718,140523
1790923718,68276744,70068899840,71077258,0,,2,0,101,724,2432661,1303336930,33075298,33075382,18238288,140698
1790923719,68277456,70069780480,71192932,0,,19,0,101,724,2432445,1304696721,33106302,33106378,18257804,140849
1790923721,68278480,70070517760,71333424,0,,16,0,101,724,2431886,1305933943,33136459,33136545,18276963,140997
1790923722,68277976,70070599680,71449822,0,,19,0,101,724,2432405,1307278635,33168279,33168360,18296715,141150
1790923723,68278348,70070194176,71527801,0,,2,0,101,724,2432325,1308837758,33204493,33204575,18319217,141324
1790923724,68277412,70069231616,71644524,0,,21,0,102,737,2432361,1310160125,33235671,33235753,18338972,141477
1790923725,68276320,70067593216,71764931,0,,32,0,102,737,2432208,1311505058,33267476,33267553,18358749,141630
1790923726,68275896,70067957760,71873999,0,,17,0,102,737,2432060,1312875912,33299139,33299222,18378916,141786
1790923727,68277340,70070181888,71969528,0,,1,0,102,737,2431642,1314299317,33332120,33332193,18399979,141949
1790923728,68277128,70068969472,72053699,0,,21,0,102,737,2431950,1315764442,33366972,33367049,18421780,142118
1790923729,68278548,70070235136,72163447,0,,1,0,102,737,2432252,1317186365,33398979,33399057,18442103,142275
1790923730,68278584,70069907456,72267122,0,,27,0,102,737,2432441,1318569007,33431338,33431416,18462224,142431
1790923731,68275272,70067286016,72354847,0,,15,0,102,737,2433041,1320052617,33465453,33465531,18483455,142595
1790923732,68274596,70066061312,72493320,0,,3,0,102,737,2432477,1321301208,33495447,33495518,18502703,142744
1790923733,68274980,70066999296,72585551,0,,1,0,102,737,2432926,1322712666,33529067,33529146,18523723,142907
1790923734,68275000,70067269632,72710793,0,,5,0,102,737,2433102,1324030699,33559824,33559907,18542815,143055
1790923735,68275616,70067638272,72798937,0,,0,0,103,771,2433737,1325464914,33593789,33593873,18563684,143216
1790923736,68275940,70067707904,72910918,0,,6,0,103,771,2434317,1326801907,33625710,33625760,18583721,143372
1790923737,68275356,70067892224,72990501,0,,16,0,103,771,2434588,1328287032,33660781,33660853,18605274,143538
1790923738,68274876,70066368512,73100420,0,,2,0,103,771,2435230,1329610268,33692780,33692867,18624943,143690
1790923739,68274928,70067740672,73217458,0,,25,0,103,771,2434717,1330971064,33725504,33725580,18645505,143850
1790923740,68273964,70065410048,73308542,0,,27,0,103,771,2435113,1332409076,33759846,33759927,18666931,144015
1790923742,68274920,70066466816,73387836,0,,29,0,103,771,2435654,1333896830,33795011,33795089,18688514,144182
1790923743,68275560,70067077120,73491915,0,,12,0,103,771,2435271,1335270819,33827177,33827224,18708834,144340
1790923744,68276600,70069190656,73635912,0,,21,0,103,771,2434972,1336508298,33856686,33856771,18727710,144486
1790923745,68276292,70067822592,73758470,0,,6,0,103,771,2434603,1337840687,33888392,33888454,18747814,144641
1790923746,68276880,70068391936,73868505,0,,2,0,103,771,2434732,1339236723,33920588,33920660,18767704,144795
1790923747,68274900,70066634752,73983584,0,,10,0,103,771,2435406,1340563639,33953341,33953419,18787604,144949
1790923748,68275504,70067191808,74071682,0,,8,0,103,771,2435625,1342058230,33988065,33988118,18809326,145117
1790923749,68275384,70067888128,74206876,0,,2,0,103,771,2435823,1343373907,34018920,34018992,18828831,145268
1790923750,68275912,70068174848,74330670,0,,25,0,103,771,2435856,1344661533,34050934,34051015,18848702,145422
1790923751,68275600,70067617792,74429623,0,,13,0,103,771,2436037,1346090022,34084830,34084911,18869791,145585
1790923752,68273956,70065397760,74548009,0,,1,0,103,771,2436466,1347426730,34116139,34116223,18889307,145736
1790923753,68275512,70068252672,74650636,0,,28,0,103,771,2436724,1348852644,34149751,34149830,18910234,145898
1790923754,68274828,70067892224,74752923,0,,28,0,103,771,2436739,1350238713,34182753,34182828,18930771,146057
1790923755,68275948,70068744192,74842246,0,,32,0,103,771,2436792,1351702578,34217320,34217397,18952516,146226
1790923756,68277604,70068617216,74941255,0,,11,0,103,771,2436539,1353152120,34250970,34251044,18973290,146386
1790923757,68278504,70070341632,75050544,0,,21,0,103,771,2436682,1354490293,34282762,34282843,18993128,146540
1790923758,68278500,70069276672,75134784,0,,2,0,103,771,2436864,1355958993,34317292,34317354,19014649,146706
1790923759,68279300,70070870016,75234008,0,,32,0,103,771,2437045,1357358129,34349729,34349806,19034677,146861
1790923760,68277612,70069186560,75349497,0,,11,0,103,771,2437115,1358737342,34382271,34382354,19054698,147016
1790923762,68279340,70071443456,75448413,0,,20,0,104,775,2437410,1360153345,34415918,34415948,19075370,147176
1790923763,68278100,70069641216,75533939,0,,4,0,104,775,2438220,1361628934,34450038,34450105,19096318,147338
1790923764,68278860,70070657024,75625250,0,,8,0,104,775,2438909,1363159787,34485342,34485408,19118003,147506
1790923765,68279152,70070550528,75713038,0,,2,0,104,775,2439240,1364639503,34519056,34519137,19138852,147667
1790923766,68277564,70069616640,75828973,0,,22,0,104,775,2439052,1366005029,34551030,34551065,19158481,147818
1790923767,68278412,70070484992,75914460,0,,23,0,104,775,2439748,1367488385,34585576,34585649,19179667,147982
1790923768,68276752,70068002816,76005171,0,,21,0,104,775,2440271,1368957414,34619619,34619672,19200915,148147
1790923769,68277524,70069051392,76121904,0,,18,0,104,775,2441047,1370309721,34651491,34651572,19220501,148299
1790923770,68278284,70069800960,76243483,0,,26,0,104,775,2440783,1371665515,34683932,34684008,19240894,148456
1790923771,68276608,70068363264,76361019,0,,6,0,104,775,2440760,1372988518,34715790,34715872,19260862,148611
1790923772,68275740,70067474432,76487456,0,,5,0,104,775,2440419,1374282482,34746889,34746952,19280569,148763
1790923773,68276320,70067810304,76606301,0,,5,0,104,775,2440846,1375643600,34779321,34779407,19300451,148917
1790923774,68276192,70068461568,76724376,0,,23,0,104,775,2440810,1376980965,34810605,34810692,19319866,149068
1790923775,68275516,70066720768,76811257,0,,31,0,104,775,2441292,1378385283,34844578,34844660,19340775,149229
1790923776,68273104,70065049600,76899290,0,,26,0,104,775,2441691,1379878897,34879191,34879269,19362238,149395
1790923777,68274052,70066503680,77005329,0,,20,0,104,775,2441568,1381269648,34911359,34911432,19382113,149548
1790923778,68275316,70067056640,77120321,0,,5,0,104,775,2441625,1382607974,34943242,34943300,19402418,149705
1790923779,68275724,70067724288,77235377,0,,0,0,104,775,2441430,1383955891,34975523,34975607,19422694,149862
1790923780,68275720,70067343360,77345062,0,,11,0,104,775,2441816,1385316696,35007910,35007978,19442706,150017
1790923782,68276032,70068043776,77459910,0,,21,0,104,775,2442001,1386681615,35039761,35039836,19462552,150171
1790923783,68277552,70068801536,77563420,0,,31,0,104,775,2442807,1388128475,35074533,35074595,19483811,150335
1790923784,68277640,70069420032,77673631,0,,8,0,104,775,2442854,1389475360,35107353,35107430,19504111,150492
1790923785,68276812,70069346304,77776205,0,,14,0,104,775,2442966,1390918973,35140467,35140550,19524538,150651
1790923786,68277152,70069465088,77910995,0,,9,0,104,775,2443994,1392170971,35170490,35170572,19543384,150796
1790923787,68276164,70067658752,78039147,0,,3,0,104,775,2444158,1393473960,35201577,35201633,19562509,150945
1790923788,68276052,70068617216,78158532,0,,23,0,104,775,2444153,1394781962,35233293,35233370,19582136,151096
1790923789,68275212,70067232768,78224219,0,,21,0,104,775,2445064,1396353966,35269656,35269732,19604639,151270
1790923790,68275484,70067478528,78344554,0,,12,0,105,784,2444371,1397734676,35302345,35302431,19625026,151428
1790923791,68274784,70066294784,78470130,0,,2,0,105,784,2444649,1399041852,35332828,35332915,19643766,151573
1790923792,68276596,70068633600,78557786,0,,0,0,105,784,2444662,1400491212,35366550,35366596,19664828,151736
1790923793,68277064,70068563968,78650970,0,,20,0,105,784,2444790,1401958432,35400031,35400114,19685494,151896
1790923794,68277352,70069121024,78783786,0,,25,0,105,784,2444271,1403191464,35430426,35430507,19704602,152044
1790923795,68278112,70069669888,78887315,0,,8,0,105,784,2444655,1404619132,35464041,35464060,19725530,152206
1790923796,68280056,70071623680,79024915,0,,13,0,105,784,2444301,1405918270,35495006,35495081,19744685,152354
1790923797,68277580,70068592640,79120485,0,,0,0,105,784,2444800,1407299045,35528229,35528314,19764969,152511
1790923798,68278744,70071058432,79203884,0,,16,0,105,784,2445045,1408778815,35562487,35562572,19786021,152674
1790923799,68276844,70068871168,79313533,0,,0,0,105,784,2445371,1410149759,35594808,35594890,19805923,152828
1790923800,68276916,70069452800,79429878,0,,4,0,105,784,2445339,1411538853,35627314,35627381,19826339,152986
1790923802,68275820,70067531776,79513280,0,,0,0,105,784,2445474,1412993766,35662112,35662199,19848209,153156
1790923803,68276120,70068150272,79621240,0,,1,0,105,784,2445624,1414380215,35694459,35694515,19868114,153310
1790923804,68276320,70068568064,79725037,0,,6,0,105,784,2445681,1415790994,35727565,35727644,19888526,153468
1790923805,68273764,70065643520,79832280,0,,1,0,105,784,2446024,1417198435,35760046,35760129,19908695,153624
1790923806,68275056,70066933760,79938275,0,,14,0,105,784,2446373,1418571209,35792159,35792239,19928842,153780
1790923807,68274752,70066700288,80080942,0,,2,0,105,784,2446610,1419826453,35821462,35821548,19946882,153919
1790923808,68274124,70064754688,80178891,0,,12,0,105,784,2446300,1421238659,35855023,35855107,19967685,154080
1790923809,68275504,70067359744,80300569,0,,24,0,105,784,2446203,1422582649,35886739,35886819,19987149,154231
1790923810,68275748,70068502528,80384051,0,,11,0,105,784,2445584,1424030335,35921007,35921091,20009070,154401
1790923811,68276640,70067585024,80487420,0,,0,0,105,784,2445665,1425413173,35954141,35954214,20029617,154560
1790923812,68275576,70067609600,80622517,0,,20,0,105,784,2445406,1426685389,35984937,35984970,20048873,154709
1790923813,68277220,70069211136,80733700,0,,4,0,105,784,2445293,1428044801,36017152,36017233,20069411,154868
1790923814,68275988,70067175424,80837528,0,,20,0,105,784,2445186,1429460499,36049888,36049965,20089719,155026
1790923815,68276808,70068543488,80954593,0,,25,0,105,784,2445133,1430831027,36082548,36082630,20109732,155180
1790923816,68276696,70067646464,81086545,0,,12,0,106,787,2445109,1432146377,36114010,36114097,20128713,155326
1790923817,68274804,70065983488,81182642,0,,4,0,106,787,2445188,1433567256,36146737,36146801,20148992,155482
1790923818,68276280,70068817920,81297293,0,,2,0,106,787,2445103,1434948483,36179549,36179633,20169248,155638
1790923819,68274516,70066999296,81413916,0,,27,0,106,787,2445238,1436307937,36211386,36211470,20189122,155792
1790923820,68275236,70065893376,81527710,0,,8,0,106,787,2445376,1437645551,36242838,36242916,20208393,155941
1790923822,68276116,70067847168,81659094,0,,10,0,106,787,2445077,1438900430,36273714,36273794,20227875,156092
1790923823,68276468,70068998144,81743151,0,,35,0,106,787,2445352,1440417308,36308453,36308533,20249358,156258
1790923824,68278928,70070702080,81831987,0,,3,0,106,787,2444918,1441848781,36342704,36342775,20270839,156425
1790923825,68278704,70070484992,81951585,0,,3,0,106,787,2444832,1443201432,36375066,36375143,20291299,156584
1790923826,68277752,70069256192,82077154,0,,2,0,106,787,2446080,1444540315,36406467,36406552,20310200,156729
1790923827,68278528,70070312960,82206223,0,,31,0,106,787,2446203,1445829664,36438282,36438360,20329893,156882
1790923828,68278368,70069891072,82348123,0,,9,0,106,787,2446198,1447104377,36468330,36468415,20348838,157028
1790923829,68279396,70071201792,82487368,0,,17,0,106,787,2445685,1448372265,36498216,36498296,20367824,157175
1790923830,68281052,70072893440,82605383,0,,13,0,106,787,2445457,1449698630,36530609,36530690,20387950,157331
1790923831,68279112,70070697984,82709750,0,,27,0,106,787,2445911,1451091497,36563006,36563088,20407877,157485
1790923832,68279172,70071238656,82773549,0,,3,0,106,787,2446466,1452670519,36599874,36599946,20430497,157660
1790923833,68278328,70068920320,82890246,0,,1,0,106,787,2446559,1454022436,36630971,36631056,20449608,157808
1790923834,68277632,70069395456,83012016,0,,28,0,106,787,2446411,1455348292,36661588,36661664,20468854,157957
1790923835,68279564,70071373824,83110100,0,,35,0,106,787,2446891,1456765175,36695341,36695421,20489320,158116
1790923836,68280132,70071422976,83235086,0,,1,0,106,787,2446999,1458083061,36726730,36726815,20508508,158264
1790923837,68280596,70073073664,83324196,0,,4,0,106,787,2447863,1459512764,36761283,36761358,20529989,158430
1790923838,68281288,70073397248,83429059,0,,12,0,106,787,2447624,1460904514,36793093,36793164,20549747,158583
1790923839,68278924,70070468608,83527247,0,,0,0,106,787,2448048,1462310915,36826341,36826423,20569898,158739
1790923840,68276176,70067376128,83652764,0,,0,0,106,787,2448754,1463609875,36857478,36857548,20588907,158886
1790923842,68277780,70068690944,83760611,0,,7,0,106,787,2449496,1464982262,36890218,36890272,20609055,159042
1790923843,68276184,70068215808,83869617,0,,11,0,106,787,2449401,1466356044,36922421,36922491,20629462,159200
1790923844,68275828,70067269632,83976713,0,,10,0,106,787,2449560,1467738046,36954935,36955019,20649484,159355
1790923845,68276180,70067396608,84093992,0,,30,0,106,787,2449259,1469040093,36986315,36986397,20668860,159505
1790923846,68275660,70066839552,84201512,0,,5,0,106,787,2449426,1470383613,37018406,37018490,20688768,159659
1790923847,68274628,70066331648,84325981,0,,5,0,106,787,2449433,1471696793,37049483,37049569,20707894,159807
1790923848,68276852,70068592640,84470794,0,,14,0,106,787,2449218,1472940236,37078495,37078565,20725832,159946
1790923849,68276900,70067032064,84591482,0,,1,0,108,805,2448852,1474215730,37109660,37109740,20745323,160097
1790923850,68275940,70067675136,84697520,0,,20,0,108,805,2449333,1475637640,37142709,37142740,20765611,160254
1790923851,68275452,70067453952,84826014,0,,7,0,109,816,2449505,1476907664,37173934,37174021,20785156,160406
1790923852,68275492,70066966528,84916813,0,,28,0,109,816,2449932,1478398626,37208933,37209010,20806363,160570
1790923853,68276520,70068232192,85019753,0,,1,0,109,816,2450147,1479804619,37241638,37241709,20826360,160724
1790923854,68277104,70069854208,85108914,0,,32,0,109,816,2450809,1481294466,37276368,37276449,20847663,160888
1790923855,68278504,70070005760,85204685,0,,4,0,109,816,2450594,1482731621,37310175,37310217,20868616,161050
1790923856,68277256,70068928512,85298812,0,,9,0,110,818,2450898,1484179535,37343341,37343402,20889151,161208
1790923857,68279356,70071435264,85395056,0,,14,0,110,818,2450946,1485647519,37377547,37377621,20910339,161372
1790923858,68277984,70069501952,85527703,0,,8,0,110,818,2451137,1486919664,37407526,37407612,20928686,161514
1790923859,68276788,70068252672,85653920,0,,17,0,111,824,2451405,1488206867,37438856,37438935,20947717,161662
1790923861,68277420,70068408320,85769270,0,,14,0,111,824,2452083,1489615099,37471670,37471718,20967685,161816
1790923862,68276504,70066581504,85856779,0,,1,0,111,824,2452201,1491110956,37506796,37506872,20989159,161982
1790923863,68276548,70068748288,85949956,0,,0,0,111,824,2452228,1492556571,37540778,37540864,21010211,162145
1790923864,68277880,70070161408,86054925,0,,0,0,111,824,2452853,1493936061,37572315,37572401,21029722,162296
1790923865,68279808,70071889920,86171157,0,,24,0,111,824,2452306,1495314377,37604554,37604630,21050022,162453
1790923866,68277752,70069776384,86276766,0,,17,0,111,824,2452984,1496703712,37637861,37637939,21070479,162612
1790923867,68276812,70068531200,86400074,0,,3,0,111,824,2453341,1497974882,37668959,37669044,21089525,162759
1790923868,68277932,70070251520,86511968,0,,24,0,111,824,2453077,1499379360,37701997,37702079,21110085,162918
1790923869,68276512,70068502528,86627365,0,,15,0,111,824,2453236,1500766068,37734422,37734501,21129854,163071
1790923870,68276452,70068199424,86727892,0,,15,0,111,824,2452977,1502203310,37767196,37767277,21150424,163231
1790923871,68277092,70069608448,86835169,0,,24,0,111,824,2452681,1503637477,37800246,37800322,21171317,163392
1790923872,68277120,70069395456,86916324,0,,7,0,111,824,2453001,1505153291,37835499,37835580,21192904,163559
1790923873,68275724,70066933760,86997277,0,,21,0,111,824,2453674,1506615589,37870101,37870180,21214102,163723
1790923874,68276384,70067851264,87110106,0,,21,0,111,824,2453365,1507975543,37903269,37903352,21234440,163881
1790923875,68277524,70069239808,87212820,0,,2,0,111,824,2453457,1509347694,37935627,37935713,21254684,164037
1790923876,68276104,70067896320,87301502,0,,2,0,111,824,2453700,1510815690,37971467,37971538,21276661,164207
1790923877,68276552,70068797440,87377903,0,,3,0,111,824,2453044,1512341207,38006629,38006707,21298929,164380
1790923878,68278228,70069956608,87496311,0,,26,0,111,824,2453404,1513728186,38039300,38039379,21318909,164535
1790923880,68279036,70070829056,87628190,0,,0,0,111,824,2453668,1515077398,38070982,38071065,21338167,164683
1790923881,68280660,70072258560,87764383,0,,26,0,111,824,2452894,1516306427,38101027,38101105,21357525,164833
1790923882,68279168,70070947840,87842144,0,,18,0,111,824,2453291,1517774491,38136485,38136566,21379644,165004
1790923883,68276084,70068088832,87974390,0,,3,0,111,824,2453883,1519062889,38166842,38166929,21397853,165144
1790923884,68276720,70067941376,88063255,0,,7,0,111,824,2453334,1520565061,38201509,38201594,21419755,165315
1790923885,68277092,70069043200,88156294,0,,16,0,112,827,2453397,1521962267,38235279,38235362,21440801,165477
1790923886,68277588,70069063680,88280637,0,,17,0,112,827,2452914,1523247351,38266273,38266351,21460044,165626
1790923887,68278420,70070194176,88410302,0,,24,0,112,827,2453761,1524540175,38297378,38297458,21478610,165769
1790923888,68276868,70068621312,88471484,0,,13,0,112,827,2454117,1526049494,38333973,38334052,21501396,165946
1790923889,68276340,70068150272,88584089,0,,6,0,112,827,2454112,1527402376,38366320,38366378,21521164,166099
1790923890,68277084,70069624832,88710312,0,,2,0,112,827,2454306,1528692549,38398299,38398386,21540119,166245
1790923891,68276528,70068019200,88822147,0,,9,0,112,827,2455182,1530038358,38430448,38430512,21559638,166396
1790923892,68277196,70068981760,88916745,0,,0,0,112,827,2454941,1531462127,38464159,38464244,21580986,166560
1790923893,68276604,70067818496,89036076,0,,46,0,112,827,2454563,1532808744,38496251,38496334,21600871,166714
1790923894,68277472,70069293056,89160302,0,,9,0,112,827,2455224,1534153294,38527417,38527495,21619933,166861
1790923895,68277688,70069190656,89257495,0,,4,0,112,827,2454677,1535603470,38561616,38561678,21641446,167028
1790923896,68278248,70070554624,89344833,0,,26,0,112,827,2455239,1537058095,38595154,38595230,21661856,167186
1790923897,68280004,70071554048,89489193,0,,9,0,112,827,2455515,1538312979,38625202,38625288,21680302,167328
1790923898,68280712,70072762368,89567917,0,,20,0,112,827,2455529,1539814786,38659743,38659823,21701649,167494
1790923899,68281000,70073393152,89667956,0,,0,0,112,827,2456030,1541230932,38693254,38693341,21721894,167651
1790923901,68278944,70070747136,89773596,0,,9,0,112,827,2456532,1542599283,38726158,38726244,21742222,167808
1790923902,68277772,70068809728,89861688,0,,25,0,113,827,2456530,1544064841,38760520,38760593,21763590,167974
1790923903,68277364,70069391360,89976773,0,,4,0,113,827,2456888,1545424392,38792008,38792085,21782921,168123
1790923904,68279080,70070116352,90065380,0,,9,0,113,827,2456765,1546905032,38827585,38827638,21804898,168293
1790923905,68279188,70071263232,90191715,0,,27,0,113,827,2457064,1548187815,38858492,38858572,21823950,168441
1790923906,68277896,70069133312,90308841,0,,24,0,113,827,2456690,1549550350,38891546,38891625,21844486,168600
1790923907,68279664,70071463936,90414215,0,,11,0,114,848,2457183,1551016385,38925406,38925461,21865232,168760
1790923908,68278956,70071001088,90493035,0,,0,0,114,848,2457146,1552550879,38960399,38960486,21886955,168928
1790923909,68278020,70069796864,90607300,0,,10,0,114,848,2457553,1553879563,38993243,38993323,21907482,169087
1790923910,68279732,70071570432,90714474,0,,13,0,114,848,2457961,1555305105,39026951,39026991,21928215,169248
1790923911,68280272,70072410112,90811714,0,,4,0,114,848,2457702,1556752195,39061768,39061840,21949370,169411
1790923912,68280536,70072655872,90904821,0,,24,0,114,848,2458016,1558198446,39096440,39096525,21970345,169574
1790923913,68280372,70072483840,91012695,0,,1,0,114,848,2457819,1559583363,39128367,39128453,21990209,169726
1790923914,68279552,70070849536,91126133,0,,23,0,114,848,2458051,1560956049,39160534,39160614,22010056,169880
1790923915,68279784,70071115776,91227018,0,,8,0,114,848,2458461,1562326682,39193186,39193256,22030258,170036
1790923916,68280828,70072565760,91344025,0,,11,0,114,848,2458286,1563703271,39225606,39225689,22050543,170193
1790923917,68279572,70071578624,91446983,0,,17,0,114,848,2458376,1565112107,39257537,39257623,22070292,170346
1790923918,68279592,70071152640,91572885,0,,20,0,114,848,2458051,1566445714,39288642,39288718,22089686,170496
1790923919,68280296,70072803328,91693642,0,,17,0,114,848,2458024,1567781280,39321747,39321770,22109833,170651
1790923921,68280572,70072684544,91787422,0,,24,0,114,848,2458305,1569257428,39356948,39357028,22131162,170816
1790923922,68281676,70073556992,91883938,0,,28,0,114,848,2458881,1570695961,39390107,39390180,22151835,170976
1790923923,68280944,70073053184,91995279,0,,20,0,114,848,2459077,1572015546,39421820,39421897,22171082,171125
1790923924,68278424,70070480896,92127520,0,,20,0,114,848,2459024,1573298059,39452301,39452376,22190150,171273
1790923925,68279288,70072147968,92244398,0,,26,0,114,848,2459531,1574692189,39485564,39485634,22210745,171432
1790923926,68278752,70071865344,92341219,0,,14,0,114,848,2459457,1576136880,39519718,39519799,22231838,171595
1790923927,68279296,70071644160,92433217,0,,7,0,114,848,2459691,1577551082,39554950,39555011,22253130,171759
1790923928,68278244,70070550528,92526983,0,,2,0,114,848,2459537,1579021715,39588839,39588924,22274054,171921
1790923929,68278816,70070644736,92649156,0,,2,0,114,848,2459529,1580405169,39620941,39621025,22293825,172074
1790923930,68278144,70069403648,92770135,0,,13,0,114,848,2459229,1581771174,39652708,39652790,22313471,172226
1790923931,68279704,70072061952,92887705,0,,4,0,114,848,2459194,1583114351,39684896,39684980,22333122,172378
1790923932,68278680,70070489088,92984524,0,,26,0,114,848,2459955,1584549529,39719504,39719587,22354157,172540
1790923933,68278756,70070743040,93116163,0,,2,0,114,848,2460385,1585822381,39751359,39751416,22373416,172689
1790923934,68276728,70068748288,93245463,0,,12,0,114,848,2460051,1587157585,39783231,39783306,22393187,172842
1790923935,68277256,70069272576,93364713,0,,0,0,114,848,2460217,1588534140,39814649,39814734,22412444,172991
1790923936,68275288,70067544064,93461998,0,,14,0,115,900,2460771,1589977787,39848213,39848289,22432974,173150
1790923937,68275856,70067859456,93595967,0,,18,0,115,900,2460442,1591246378,39879430,39879494,22452359,173300
1790923939,68276636,70068400128,93680247,0,,15,0,115,900,2460789,1592758254,39913286,39913333,22473164,173460
1790923940,68277928,70069702656,93798295,0,,1,0,115,900,2461190,1594107180,39944717,39944801,22492667,173610
1790923941,68277920,70069198848,93899650,0,,10,0,115,900,2461512,1595503644,39978905,39978967,22513581,173772
1790923942,68278404,70070759424,94016413,0,,24,0,115,900,2461991,1596890990,40012052,40012134,22533808,173929
1790923943,68279048,70071455744,94118945,0,,16,0,116,910,2462216,1598360105,40045443,40045520,22554536,174089
1790923944,68279280,70071644160,94204827,0,,9,0,116,910,2462160,1599844657,40080952,40081036,22576155,174256
1790923945,68279400,70071525376,94338449,0,,0,0,116,910,2462275,1601142967,40111401,40111485,22594998,174402
1790923946,68278528,70069587968,94426101,0,,7,0,116,910,2462580,1602627727,40145784,40145850,22616327,174567
1790923947,68276492,70068789248,94504077,0,,13,0,116,910,2462406,1604180085,40181190,40181266,22638040,174736
1790923948,68276668,70068187136,94612784,0,,7,0,116,910,2462680,1605510986,40213304,40213383,22657802,174888
1790923949,68277612,70069575680,94731895,0,,6,0,116,910,2463200,1606890729,40246252,40246328,22677851,175043
1790923950,68277536,70069075968,94847411,0,,24,0,116,910,2462631,1608251783,40277724,40277800,22697596,175196
1790923951,68277872,70069145600,94928813,0,,3,0,117,946,2462811,1609719943,40313056,40313126,22719321,175364
1790923952,68276700,70067687424,95061263,0,,1,0,117,946,2462868,1611051684,40344570,40344649,22738683,175514
1790923953,68275496,70067490816,95218428,0,,13,0,117,946,2462457,1612257785,40373688,40373773,22756644,175653
1790923954,68276492,70067986432,95322834,0,,3,0,117,946,2462645,1613636925,40407270,40407326,22777170,175812
1790923955,68273868,70066094080,95426988,0,,15,0,117,946,2462808,1615040421,40441031,40441092,22797743,175971
1790923956,68271324,70062952448,95553721,0,,1,0,117,946,2463148,1616342339,40472664,40472751,22817224,176122
1790923957,68273168,70064570368,95669464,0,,5,0,117,946,2463110,1617695567,40504759,40504834,22837144,176276
1790923959,68273812,70065516544,95801621,0,,0,0,117,946,2462800,1618997412,40535192,40535279,22856381,176425
1790923960,68274484,70067433472,95927221,0,,2,0,117,946,2463026,1620313830,40566710,40566786,22875547,176574
1790923961,68273804,70066548736,96007758,0,,0,0,117,946,2463674,1621797929,40601057,40601131,22896562,176736
1790923962,68275276,70066462720,96082559,0,,29,0,117,946,2464104,1623306999,40637064,40637143,22918559,176907
1790923963,68274452,70066651136,96180833,0,,1,0,117,946,2464370,1624741281,40670378,40670464,22938682,177062
1790923964,68274492,70066475008,96297477,0,,2,0,117,946,2464769,1626067868,40701699,40701777,22957838,177211
1790923965,68275512,70067277824,96421901,0,,31,0,117,946,2464518,1627342585,40733125,40733204,22977582,177363
1790923966,68277884,70069956608,96504118,0,,24,0,117,946,2464789,1628845916,40768381,40768415,22999153,177530
1790923967,68279092,70070935552,96624453,0,,0,0,117,946,2464325,1630194346,40799349,40799435,23018666,177681
1790923968,68278828,70069596160,96732487,0,,13,0,117,946,2464034,1631578992,40831613,40831658,23038556,177835
1790923969,68279232,70071320576,96856844,0,,26,0,117,946,2464154,1632850306,40862736,40862813,23057675,177983
1790923970,68279196,70071545856,96944739,0,,30,0,117,946,2464750,1634330007,40897105,40897184,23078614,178145
1790923971,68279200,70070755328,97022377,0,,5,0,117,946,2464934,1635863089,40932623,40932691,23100344,178313
1790923972,68277504,70068469760,97141591,0,,4,0,117,946,2464734,1637208003,40964929,40965003,23119962,178464
1790923973,68278160,70070165504,97240087,0,,4,0,117,946,2465362,1638613701,40998132,40998216,23140255,178621
1790923974,68277756,70069538816,97330976,0,,10,0,117,946,2466087,1640068574,41031762,41031843,23160544,178778
1790923975,68279032,70070796288,97437605,0,,19,0,117,946,2465841,1641436908,41063441,41063518,23180317,178931
1790923976,68276744,70068461568,97570254,0,,25,0,118,954,2465673,1642735885,41095165,41095243,23199987,179083
1790923977,68276908,70068649984,97675083,0,,2,0,118,954,2465563,1644197288,41128825,41128890,23220738,179243
1790923979,68277332,70068789248,97794812,0,,22,0,118,954,2465423,1645556872,41160253,41160338,23240115,179393
1790923980,68276672,70068903936,97915178,0,,9,0,118,954,2465144,1646890162,41192036,41192121,23259915,179547
1790923981,68275968,70067929088,98032016,0,,1,0,118,954,2465472,1648233964,41224439,41224524,23279661,179699
1790923982,68275464,70067134464,98157910,0,,4,0,118,954,2465461,1649560791,41255626,41255686,23298912,179847
1790923983,68276348,70068531200,98287083,0,,25,0,118,954,2465020,1650871361,41286653,41286733,23318409,179998
1790923984,68277020,70067982336,98406478,0,,1,0,118,954,2465364,1652252803,41318810,41318884,23338044,180150
1790923985,68273640,70065532928,98519853,0,,2,0,118,954,2465333,1653602900,41350998,41351085,23358019,180305
1790923986,68274824,70066499584,98593439,0,,5,0,118,954,2465290,1655141682,41387235,41387290,23380309,180477
1790923987,68275448,70066380800,98672079,0,,22,0,118,954,2465407,1656635095,41422076,41422153,23401597,180642
1790923988,68274648,70066847744,98811743,0,,11,0,118,954,2464722,1657958566,41453263,41453347,23421266,180794
1790923989,68275188,70067908608,98919303,0,,28,0,118,954,2464631,1659341229,41486340,41486419,23441678,180952
1790923990,68273892,70066073600,99014852,0,,26,0,118,954,2465410,1660771965,41520477,41520553,23462223,181111
1790923991,68273108,70064496640,99148836,0,,1,0,118,954,2464990,1662072417,41551231,41551317,23481212,181258
1790923992,68275408,70067552256,99294068,0,,19,0,118,954,2464809,1663283661,41581508,41581579,23500049,181404
1790923993,68276028,70067978240,99389930,0,,13,0,118,954,2464786,1664751602,41614918,41614992,23520363,181561
1790923994,68277132,70069420032,99491048,0,,19,0,118,954,2464679,1666160180,41648130,41648209,23540782,181720
1790923995,68277756,70070542336,99579830,0,,28,0,118,954,2465038,1667627193,41683614,41683648,23562492,181886
1790923996,68279096,70071390208,99645629,0,,8,0,119,958,2465698,1669156196,41720864,41720938,23584887,182060
1790923997,68276656,70067675136,99771263,0,,10,0,119,958,2465771,1670495820,41752645,41752731,23604574,182212
1790923999,68275552,70068039680,99885055,0,,8,0,119,958,2466270,1671868762,41785062,41785131,23624255,182364
1790924000,68276392,70068887552,100001585,0,,3,0,120,987,2466044,1673196605,41816636,41816709,23644018,182517
1790924001,68277524,70069506048,100113664,0,,11,0,120,987,2465355,1674548082,41849210,41849291,23664048,182672
1790924002,68277528,70069264384,100234499,0,,9,0,120,987,2465222,1675887840,41881344,41881424,23683800,182825
1790924003,68277476,70068686848,100302449,0,,15,0,120,987,2465640,1677446249,41917669,41917743,23706152,182998
1790924004,68278388,70070681600,100375541,0,,11,0,120,987,2465915,1679000556,41953681,41953748,23728272,183169
1790924005,68278900,70070665216,100467713,0,,1,0,120,987,2464998,1680475649,41988208,41988293,23749475,183333
1790924006,68278524,70070538240,100584796,0,,17,0,120,987,2464612,1681851057,42020301,42020377,23769372,183487
1790924007,68278040,70069788672,100690448,0,,24,0,120,987,2464399,1683243408,42053697,42053772,23789786,183645
1790924008,68278060,70069796864,100814533,0,,20,0,120,987,2464429,1684574430,42083790,42083876,23808566,183791
1790924009,68278856,70070616064,100923666,0,,19,0,120,987,2464354,1685957367,42116499,42116547,23828535,183945
1790924010,68278056,70070042624,101026272,0,,24,0,120,987,2464976,1687373648,42149741,42149822,23848851,184103
1790924011,68277004,70067949568,101146396,0,,4,0,120,987,2465293,1688708318,42181392,42181465,23868325,184253
1790924012,68276316,70068023296,101253245,0,,1,0,120,987,2465583,1690100437,42214458,42214542,23888497,184409
1790924013,68276588,70068056064,101350461,0,,5,0,120,987,2465282,1691577045,42249654,42249720,23910327,184578
1790924014,68276208,70067904512,101443786,0,,11,0,120,987,2465383,1692974392,42283655,42283739,23931401,184741
1790924015,68276792,70068473856,101540829,0,,7,0,120,987,2465716,1694386914,42317418,42317505,23951818,184898
1790924016,68276548,70068269056,101665526,0,,1,0,120,987,2466361,1695665203,42349025,42349111,23971058,185047
1790924017,68277216,70068957184,101775134,0,,4,0,120,987,2465980,1697034684,42381793,42381855,23991340,185204
1790924019,68277008,70068920320,101873577,0,,26,0,120,987,2466514,1698459561,42415816,42415870,24012147,185366
1790924020,68277636,70069882880,101995838,0,,14,0,120,987,2466309,1699790384,42447982,42448023,24031945,185519
1790924021,68278044,70069788672,102094735,0,,19,0,120,987,2466910,1701221431,42481082,42481163,24052192,185675
1790924022,68278440,70070702080,102195718,0,,25,0,120,987,2467298,1702655847,42514152,42514206,24072393,185832
1790924023,68278136,70070161408,102290563,0,,10,0,120,987,2467188,1704120841,42549106,42549193,24093960,185998
1790924024,68277924,70070095872,102402020,0,,32,0,120,987,2467108,1705537514,42582010,42582089,24114241,186154
1790924025,68279464,70071533568,102521287,0,,13,0,120,987,2467229,1706892605,42613722,42613808,24133739,186305
1790924026,68278344,70069858304,102612472,0,,15,0,120,987,2467427,1708361188,42648231,42648283,24155298,186472
1790924027,68276212,70067937280,102713452,0,,4,0,120,987,2467639,1709751890,42681805,42681873,24175735,186630
1790924028,68278204,70069690368,102824719,0,,9,0,120,987,2467730,1711088468,42713903,42713985,24195367,186782
1790924029,68278992,70070513664,102952375,0,,21,0,120,987,2467580,1712412152,42744711,42744786,24214089,186927
1790924030,68279192,70071656448,103051982,0,,15,0,120,987,2467630,1713863729,42779360,42779445,24235306,187091
1790924031,68278424,70069637120,103171673,0,,5,0,121,994,2467858,1715195939,42811668,42811754,24254928,187243
1790924032,68278140,70070669312,103282225,0,,2,0,121,994,2468333,1716536930,42843234,42843307,24274309,187393
1790924033,68279036,70070812672,103400737,0,,14,0,121,994,2468031,1717877625,42874750,42874787,24293697,187543
1790924034,68276716,70068150272,103508958,0,,3,0,121,994,2467681,1719281834,42907808,42907892,24313956,187700
1790924035,68276776,70068752384,103579734,0,,24,0,121,994,2467961,1720775618,42944501,42944575,24336065,187871
1790924036,68277164,70069649408,103675341,0,,5,0,121,994,2468878,1722222932,42977673,42977753,24356225,188027
1790924037,68276876,70068854784,103791745,0,,0,0,121,994,2469030,1723589339,43010041,43010117,24376005,188180
1790924039,68278652,70070149120,103902288,0,,1,0,121,994,2468940,1724935734,43041866,43041948,24395617,188332
1790924040,68275324,70066991104,104000826,0,,0,0,121,994,2469376,1726366436,43075738,43075821,24416177,188491
1790924041,68274960,70065934336,104149410,0,,16,0,121,994,2469323,1727600914,43105974,43106058,24434966,188637
1790924042,68275652,70067605504,104245422,0,,2,0,121,994,2468804,1729095234,43139656,43139688,24455790,188798
1790924043,68275208,70067138560,104326211,0,,24,0,121,994,2469406,1730582516,43174990,43175040,24477250,188964
1790924044,68276836,70068822016,104401139,0,,30,0,121,994,2469862,1732084918,43211012,43211065,24499020,189132
1790924045,68277348,70069116928,104495017,0,,28,0,122,997,2469464,1733562273,43244593,43244671,24520067,189295
1790924046,68278280,70069780480,104596285,0,,26,0,122,997,2469803,1734992057,43278072,43278150,24540221,189451
1790924047,68279256,70071275520,104701117,0,,9,0,122,997,2469625,1736425905,43311590,43311672,24560681,189609
1790924048,68279448,70071230464,104815093,0,,9,0,122,997,2470220,1737790548,43344292,43344328,24580170,189759
1790924049,68277608,70069350400,104936373,0,,4,0,122,997,2470903,1739116210,43376011,43376076,24599394,189907
1790924050,68278424,70070972416,105054238,0,,22,0,122,997,2471301,1740422649,43407261,43407340,24618755,190057
1790924051,68279232,70070771712,105174673,0,,8,0,122,997,2471602,1741775735,43438370,43438450,24637767,190204
1790924052,68280464,70072791040,105266691,0,,14,0,122,997,2471402,1743260399,43473903,43473989,24659619,190373
1790924053,68280160,70071717888,105394437,0,,10,0,122,997,2471069,1744594911,43504860,43504900,24679093,190524
1790924054,68278800,70070042624,105501228,0,,1,0,122,997,2471029,1746024134,43538558,43538626,24700028,190686
1790924055,68279904,70071611392,105601587,0,,21,0,122,997,2470673,1747431015,43572098,43572169,24720713,190846
1790924056,68280376,70072958976,105701762,0,,31,0,122,997,2470314,1748851624,43605323,43605399,24741263,191005
1790924057,68281104,70073180160,105809659,0,,2,0,122,997,2469994,1750279143,43638648,43638718,24761424,191161
1790924059,68280892,70072709120,105916929,0,,4,0,122,997,2469794,1751686026,43671306,43671374,24781580,191317
1790924060,68280260,70072328192,106027424,0,,4,0,122,997,2470414,1753000927,43703244,43703328,24801081,191468
1790924061,68280272,70072094720,106147547,0,,2,0,122,997,2470342,1754299945,43735596,43735680,24820723,191620
1790924062,68281660,70073237504,106241739,0,,5,0,122,997,2470607,1755757217,43768409,43768490,24841061,191778
1790924063,68278952,70070661120,106357405,0,,37,0,123,1001,2470948,1757084850,43800453,43800536,24860742,191930
1790924064,68280240,70072029184,106493440,0,,2,0,123,1001,2470793,1758341374,43830980,43831052,24879766,192077
1790924065,68279848,70071095296,106610880,0,,18,0,123,1001,2470438,1759662302,43863009,43863092,24899511,192230
1790924066,68278512,70070263808,106709629,0,,24,0,123,1001,2470428,1761100810,43896935,43897003,24920331,192391
1790924067,68277460,70069186560,106843765,0,,28,0,123,1001,2469837,1762323282,43927349,43927430,24939210,192538
1790924068,68277676,70069927936,106956181,0,,15,0,123,1001,2470139,1763691478,43960359,43960444,24959489,192694
1790924069,68276972,70069358592,107065735,0,,8,0,123,1001,2470124,1765089608,43992745,43992782,24979641,192851
1790924070,68278520,70071058432,107155315,0,,24,0,123,1001,2470000,1766573117,44027309,44027386,25000892,193015
1790924071,68277112,70069108736,107253590,0,,24,0,123,1001,2469748,1767983175,44062023,44062077,25022034,193178
1790924072,68277340,70069653504,107368251,0,,6,0,123,1001,2469888,1769323263,44093645,44093721,25041158,193325
1790924073,68278660,70071214080,107486533,0,,23,0,123,1001,2470381,1770677086,44125228,44125247,25060488,193475
1790924074,68278072,70070034432,107598936,0,,21,0,123,1001,2470515,1772009423,44157673,44157751,25080564,193631
1790924075,68276932,70069059584,107716607,0,,31,0,123,1001,2470151,1773390945,44189222,44189304,25099923,193781
1790924076,68277376,70069850112,107816918,0,,5,0,123,1001,2470950,1774772985,44222486,44222557,25119825,193934
1790924077,68276444,70068117504,107894737,0,,35,0,123,1001,2471597,1776263268,44258663,44258745,25141501,194102
1790924078,68276348,70067232768,108012565,0,,5,0,123,1001,2471453,1777621301,44291031,44291107,25161550,194257
1790924080,68276196,70068117504,108137742,0,,16,0,123,1001,2471551,1778942333,44321327,44321408,25180413,194403
1790924081,68277560,70069248000,108259808,0,,0,0,123,1001,2471047,1780271431,44353051,44353112,25200174,194556
1790924082,68279236,70071250944,108380804,0,,18,0,123,1001,2471150,1781566595,44384364,44384446,25219434,194705
1790924083,68279668,70071947264,108461590,0,,2,0,123,1001,2471659,1783118202,44419333,44419415,25241011,194872
1790924084,68277452,70069395456,108554869,0,,8,0,123,1001,2471945,1784590419,44454282,44454359,25262079,195035
1790924085,68279612,70071099392,108654968,0,,32,0,123,1001,2472430,1786018245,44486509,44486587,25281467,195185
1790924086,68280128,70071894016,108770844,0,,7,0,123,1001,2472676,1787396818,44518239,44518299,25301219,195338
1790924087,68279584,70072606720,108847630,0,,14,0,123,1001,2473127,1788921870,44552916,44553002,25322339,195502
1790924088,68279140,70070837248,108949270,0,,3,0,123,1001,2473453,1790306931,44585620,44585702,25342177,195655
1790924089,68280388,70071861248,109026276,0,,1,0,123,1001,2473934,1791785174,44620322,44620404,25363249,195818
1790924090,68279576,70071824384,109103715,0,,9,0,123,1001,2474385,1793315661,44655200,44655278,25384308,195981
1790924091,68277360,70068756480,109219942,0,,21,0,123,1001,2474619,1794648158,44688133,44688216,25404726,196139
1790924092,68275964,70067531776,109350162,0,,3,0,124,1006,2474248,1795981242,44720213,44720297,25424602,196293
1790924093,68277636,70069555200,109456876,0,,19,0,125,1078,2474197,1797363122,44752425,44752497,25444500,196447
1790924094,68277048,70068482048,109560258,0,,23,0,125,1078,2474300,1798780313,44785366,44785393,25464688,196603
1790924095,68276680,70068338688,109660385,0,,7,0,125,1078,2474685,1800213028,44818504,44818568,25484962,196759
1790924096,68277924,70069383168,109767434,0,,4,0,125,1078,2474822,1801575258,44851426,44851510,25505243,196916
1790924097,68277732,70069686272,109895203,0,,21,0,126,1079,2474701,1802926517,44882289,44882370,25524505,197065
1790924098,68279124,70071123968,110006550,0,,3,0,126,1079,2474482,1804336535,44915299,44915371,25544376,197218
1790924099,68277924,70069620736,110092933,0,,4,0,126,1079,2475310,1805822531,44949331,44949406,25564680,197376
1790924101,68278448,70069633024,110193994,0,,34,0,126,1079,2475692,1807216724,44982831,44982911,25584651,197530
1790924102,68279056,70070263808,110311966,0,,12,0,126,1079,2476224,1808561282,45015087,45015171,25604321,197681
1790924103,68279052,70069997568,110446848,0,,28,0,126,1079,2476168,1809822034,45045358,45045440,25623155,197827
1790924104,68277976,70069088256,110572039,0,,9,0,126,1079,2476577,1811138566,45076947,45077023,25642438,197976
1790924105,68278184,70069641216,110700840,0,,28,0,126,1079,2476641,1812458305,45108251,45108335,25661822,198127
1790924106,68276848,70068822016,110821578,0,,18,0,126,1079,2476536,1813755514,45139670,45139748,25681474,198279
1790924107,68275948,70068142080,110901174,0,,30,0,126,1079,2477282,1815257785,45175098,45175178,25703074,198446
1790924108,68275628,70067298304,111000577,0,,24,0,126,1079,2477572,1816724271,45209435,45209506,25724083,198608
1790924109,68277316,70068998144,111137668,0,,0,0,126,1079,2477817,1817996287,45239543,45239618,25742442,198750
1790924110,68277800,70069751808,111256433,0,,19,0,126,1079,2478188,1819356603,45271123,45271197,25761716,198899
1790924111,68276172,70067560448,111345751,0,,29,0,126,1079,2478248,1820833209,45305501,45305574,25782992,199063
1790924112,68275928,70067310592,111467284,0,,4,0,126,1079,2477871,1822133888,45336651,45336736,25802004,199211
1790924113,68275672,70066786304,111569779,0,,4,0,127,1080,2477907,1823574403,45370395,45370482,25822632,199370
1790924114,68275064,70066671616,111682027,0,,2,0,127,1080,2478407,1824968819,45403294,45403381,25842452,199523
1790924115,68276804,70068453376,111793660,0,,4,0,127,1080,2478187,1826339415,45435700,45435756,25862321,199676
1790924116,68277900,70069870592,111900808,0,,3,0,127,1080,2478256,1827739482,45468839,45468923,25882880,199835
1790924117,68277964,70070173696,111989450,0,,6,0,127,1080,2478030,1829227906,45504116,45504195,25904588,200003
1790924118,68278476,70069919744,112100232,0,,28,0,127,1080,2478238,1830628841,45537159,45537239,25924669,200159
1790924119,68280028,70071562240,112216574,0,,23,0,127,1080,2478014,1831993668,45569713,45569797,25944855,200315
1790924121,68278544,70070538240,112300362,0,,11,0,127,1080,2478164,1833504860,45605523,45605600,25966567,200483
1790924122,68276768,70067916800,112392435,0,,16,0,127,1080,2477698,1834967154,45639980,45640059,25987809,200647
1790924123,68276932,70068359168,112527022,0,,2,0,128,1103,2477628,1836224392,45670735,45670816,26006922,200795
1790924124,68276844,70068576256,112672772,0,,22,0,128,1103,2477874,1837484408,45701512,45701592,26025796,200941
1790924125,68276020,70067666944,112788098,0,,23,0,128,1103,2478448,1838840324,45734322,45734400,26045886,201096
1790924126,68276616,70068027392,112896139,0,,17,0,128,1103,2477781,1840209736,45767011,45767089,26065976,201251
1790924127,68276444,70068133888,113025755,0,,5,0,129,1129,2477308,1841514085,45797958,45798021,26085291,201400
1790924128,68275744,70067097600,113132686,0,,10,0,129,1129,2477668,1842898319,45830777,45830854,26105485,201556
1790924129,68277088,70069555200,113241845,0,,22,0,129,1129,2477220,1844334056,45863632,45863710,26125855,201714
1790924130,68278672,70069874688,113363924,0,,34,0,129,1129,2477474,1845669557,45895755,45895832,26145376,201865
1790924131,68279288,70070763520,113433134,0,,31,0,129,1129,2478060,1847224585,45932006,45932080,26167535,202035
1790924132,68276440,70068371456,113556275,0,,30,0,129,1129,2477893,1848546943,45964126,45964202,26187296,202188
1790924133,68276976,70068592640,113640855,0,,12,0,129,1129,2478013,1850060342,45999698,45999755,26209015,202356
1790924134,68276360,70068285440,113778249,0,,18,0,129,1129,2477471,1851320912,46029666,46029637,26227729,202502
1790924135,68276968,70068678656,113912949,0,,23,0,129,1129,2477652,1852591436,46060438,46060481,26246593,202647
1790924136,68279032,70071541760,114011714,0,,19,0,129,1129,2477648,1854056132,46093595,46093678,26267013,202805
1790924137,68279436,70071414784,114139763,0,,1,0,129,1129,2477631,1855373453,46123607,46123694,26285495,202948
1790924138,68277440,70069420032,114247916,0,,13,0,129,1129,2477329,1856762578,46157506,46157591,26306424,203110
1790924139,68278976,70070697984,114353669,0,,1,0,129,1129,2477272,1858175635,46190342,46190417,26326570,203266
1790924140,68280688,70072713216,114453971,0,,33,0,129,1129,2477151,1859599598,46223888,46223967,26347323,203427
1790924142,68278324,70070566912,114544521,0,,1,0,129,1129,2477152,1861114525,46259559,46259645,26368833,203592
1790924143,68277500,70068699136,114668081,0,,5,0,129,1129,2476813,1862449888,46291167,46291244,26388471,203743
1790924144,68277412,70068813824,114780118,0,,17,0,129,1129,2477355,1863859654,46324308,46324393,26408232,203895
1790924145,68276620,70067949568,114918780,0,,22,0,129,1129,2476922,1865129228,46353329,46353413,26426556,204037
1790924146,68278192,70070185984,115012290,0,,2,0,129,1129,2477080,1866570125,46387869,46387955,26447640,204200
1790924147,68277756,70068916224,115101265,0,,10,0,129,1129,2477074,1868035011,46422731,46422809,26469227,204367
1790924148,68278348,70069776384,115201302,0,,18,0,131,1130,2476867,1869469034,46456600,46456680,26490487,204531
1790924149,68278752,70070714368,115298574,0,,26,0,131,1147,2476677,1870875663,46490295,46490377,26510822,204688
1790924150,68278084,70070038528,115415812,0,,27,0,131,1147,2476027,1872220035,46522188,46522224,26530734,204842
1790924151,68278464,70070702080,115524713,0,,10,0,132,1160,2475874,1873635021,46555353,46555433,26551487,205002
1790924152,68279020,70070747136,115604286,0,,23,0,132,1160,2475945,1875170620,46591001,46591083,26573369,205171
1790924153,68279888,70071382016,115725077,0,,16,0,132,1160,2475702,1876513637,46621966,46622052,26592488,205319
1790924154,68281216,70072741888,115823063,0,,0,0,132,1160,2476074,1877946908,46656011,46656095,26613167,205479
1790924155,68278544,70070284288,115909977,0,,20,0,132,1160,2477017,1879410816,46690452,46690515,26633823,205639
1790924156,68277424,70069370880,116025837,0,,0,0,132,1160,2477221,1880795597,46723689,46723776,26653983,205795
1790924157,68276088,70069055488,116163813,0,,8,0,132,1160,2476764,1882064697,46753465,46753541,26672606,205939
1790924158,68275184,70066581504,116278962,0,,20,0,132,1160,2477302,1883362731,46784631,46784707,26691542,206085
1790924159,68276428,70068105216,116349226,0,,21,0,132,1160,2477875,1884886438,46821176,46821259,26713826,206257
1790924160,68278624,70070353920,116433884,0,,1,0,133,1162,2478087,1886377136,46855244,46855326,26734473,206417
1790924161,68278024,70069739520,116538777,0,,9,0,133,1162,2477774,1887746218,46889152,46889238,26755180,206577
1790924163,68278944,70069837824,116639548,0,,5,0,133,1162,2477619,1889121681,46921535,46921617,26775057,206730
1790924164,68278844,70071091200,116728681,0,,18,0,133,1162,2478204,1890588998,46955193,46955278,26795601,206889
1790924165,68281092,70072565760,116840874,0,,6,0,133,1162,2478595,1891996032,46988002,46988085,26815639,207044
1790924166,68280492,70071730176,116968178,0,,2,0,133,1162,2478577,1893305288,47019963,47020049,26835379,207197
1790924167,68280284,70071263232,117088361,0,,18,0,133,1162,2478483,1894647652,47052114,47052187,26855144,207350
1790924168,68281128,70073679872,117201517,0,,31,0,133,1162,2478529,1896029398,47084708,47084791,26875252,207506
1790924169,68281636,70073671680,117279585,0,,3,0,134,1168,2478115,1897605775,47121192,47121277,26897291,207676
1790924170,68279936,70072238080,117379986,0,,20,0,134,1168,2478161,1899034846,47154510,47154589,26917410,207832
1790924171,68278732,70070710272,117514928,0,,8,0,134,1168,2478674,1900342425,47186103,47186181,26936708,207981
1790924172,68278860,70071185408,117622378,0,,21,0,135,1169,2479069,1901750369,47219101,47219184,26956759,208137
1790924173,68278212,70070190080,117710674,0,,5,0,135,1169,2478858,1903270542,47253666,47253752,26978123,208302
1790924174,68277888,70070067200,117830664,0,,0,0,135,1169,2479400,1904618994,47285331,47285413,26997444,208451
1790924175,68279368,70070845440,117919254,0,,26,0,136,1178,2479580,1906100436,47320110,47320194,27018794,208616
1790924176,68279684,70071939072,118004130,0,,1,0,136,1178,2479816,1907596480,47355237,47355323,27040206,208781
1790924177,68280252,70071480320,118087529,0,,2,0,136,1178,2479961,1909069521,47389799,47389886,27061003,208942
1790924178,68278704,70070956032,118213326,0,,15,0,136,1178,2480031,1910388070,47420851,47420935,27080178,209091
1790924179,68279372,70071128064,118334540,0,,1,0,136,1178,2480180,1911707403,47452811,47452844,27099754,209242
1790924180,68280180,70071484416,118449507,0,,6,0,136,1178,2479999,1913129335,47485842,47485907,27120052,209399
1790924181,68278664,70070390784,118562510,0,,30,0,136,1178,2480412,1914521333,47519099,47519178,27140211,209556
1790924182,68279648,70071672832,118659318,0,,27,0,136,1178,2480760,1915956393,47552980,47553051,27160832,209715
1790924184,68279976,70071922688,118769390,0,,0,0,136,1178,2480732,1917318737,47585452,47585534,27180787,209868
1790924185,68276624,70067785728,118875424,0,,1,0,136,1178,2480917,1918689591,47618395,47618479,27200649,210022
1790924186,68277688,70069641216,118987630,0,,1,0,136,1178,2481323,1920041722,47651054,47651137,27220449,210175
1790924187,68278696,70070419456,119072531,0,,33,0,136,1178,2481661,1921519421,47686815,47686891,27242012,210341
1790924188,68278916,70070923264,119179826,0,,31,0,136,1178,2481615,1922880103,47719288,47719368,27262156,210497
1790924189,68277664,70069616640,119287152,0,,6,0,136,1178,2481096,1924291508,47751595,47751669,27281944,210651
1790924190,68276560,70068412416,119406606,0,,5,0,136,1178,2481274,1925650148,47783818,47783898,27301447,210801
1790924191,68277296,70068576256,119521812,0,,31,0,136,1178,2480788,1927002595,47816588,47816668,27321674,210958
1790924192,68276380,70068035584,119613007,0,,12,0,136,1178,2481034,1928398302,47850805,47850868,27342540,211119
1790924193,68275864,70068019200,119717170,0,,19,0,136,1178,2481473,1929814179,47884342,47884424,27362700,211275
1790924194,68276688,70068527104,119836705,0,,13,0,136,1178,2481366,1931200064,47916624,47916688,27382602,211429
1790924195,68275872,70068035584,119939691,0,,12,0,136,1178,2482138,1932606564,47948844,47948926,27402115,211580
1790924196,68275660,70067347456,120060255,0,,21,0,136,1178,2482023,1933973873,47980670,47980751,27421776,211733
1790924197,68277580,70070050816,120182524,0,,10,0,136,1178,2481600,1935334674,48013248,48013321,27442015,211889
1790924198,68276208,70069207040,120271671,0,,21,0,136,1178,2481712,1936816952,48047926,48047971,27463346,212054
1790924199,68275000,70067638272,120333439,0,,21,0,136,1178,2481789,1938375403,48085295,48085370,27486046,212230
1790924200,68276396,70068580352,120453316,0,,22,0,136,1178,2482121,1939706624,48117515,48117516,27505593,212381
1790924201,68277364,70069575680,120553548,0,,28,0,136,1178,2481685,1941138485,48150689,48150721,27526318,212542
1790924202,68277572,70068989952,120694966,0,,28,0,136,1178,2482058,1942382513,48181436,48181520,27545277,212688
1790924204,68276412,70068834304,120750307,0,,37,0,136,1178,2482384,1944014768,48220921,48221000,27569113,212874
1790924205,68277428,70069104640,120873241,0,,24,0,136,1178,2482547,1945396080,48253440,48253514,27588863,213026
1790924206,68277764,70069460992,120981555,0,,20,0,136,1178,2482553,1946750886,48285932,48286013,27608889,213181
1790924207,68278516,70069714944,121098419,0,,8,0,137,1179,2481914,1948126914,48318393,48318450,27629177,213338
1790924208,68279620,70071087104,121209960,0,,5,0,137,1179,2482262,1949474040,48350496,48350575,27648931,213490
1790924209,68281476,70073102336,121287728,0,,6,0,137,1179,2482139,1950952441,48386508,48386581,27670914,213660
1790924210,68278236,70069968896,121396492,0,,21,0,137,1179,2482576,1952333379,48419170,48419252,27691020,213816
1790924211,68278724,70070530048,121476234,0,,16,0,137,1179,2482696,1953842434,48454585,48454665,27712267,213980
1790924212,68278484,70069927936,121569742,0,,25,0,137,1179,2482946,1955311383,48488929,48488938,27733066,214141
1790924213,68279152,70070657024,121671432,0,,10,0,137,1179,2482617,1956772394,48523392,48523479,27754517,214307
1790924214,68280652,70072143872,121769879,0,,17,0,138,1184,2482975,1958201998,48556719,48556805,27774941,214465
1790924215,68278712,70070431744,121859332,0,,20,0,138,1184,2483232,1959663791,48591845,48591901,27796595,214632
1790924216,68278740,70070185984,121983395,0,,9,0,138,1184,2482980,1960986314,48623006,48623088,27815888,214781
1790924217,68279620,70070976512,122109970,0,,6,0,138,1184,2482513,1962325808,48654307,48654392,27835267,214931
1790924218,68278656,70070611968,122194106,0,,2,0,138,1184,2482902,1963810630,48689401,48689470,27856597,215096
1790924219,68277812,70069493760,122322160,0,,0,0,138,1184,2483128,1965093901,48719707,48719793,27874939,215238
1790924220,68277708,70069657600,122438435,0,,10,0,139,1213,2482451,1966464495,48751154,48751237,27894581,215390
1790924221,68276020,70068240384,122540812,0,,22,0,139,1213,2482969,1967852248,48784262,48784339,27914725,215546
1790924222,68276040,70067720192,122637609,0,,1,0,139,1213,2482608,1969297344,48817705,48817787,27935145,215704
1790924224,68276716,70067601408,122756285,0,,4,0,139,1213,2482400,1970656876,48850561,48850646,27955419,215861
1790924225,68276576,70067716096,122868727,0,,4,0,139,1213,2482025,1971994626,48882941,48883026,27975459,216016
1790924226,68276176,70067814400,122971941,0,,6,0,139,1213,2482357,1973418761,48916797,48916872,27996133,216176
1790924227,68276636,70068637696,123072629,0,,1,0,139,1213,2483022,1974864086,48949518,48949604,28016032,216330
1790924228,68277912,70069084160,123178447,0,,8,0,140,1216,2483068,1976297558,48983436,48983516,28036847,216491
1790924229,68277928,70069874688,123284075,0,,33,0,140,1216,2482934,1977721140,49016653,49016739,28057126,216648
1790924230,68277812,70069170176,123387565,0,,27,0,140,1216,2481939,1979096795,49049093,49049171,28077391,216804
1790924231,68275712,70068064256,123483811,0,,12,0,140,1216,2481856,1980556907,49083392,49083478,28098077,216964
1790924232,68276548,70067642368,123569203,0,,23,0,140,1216,2482142,1982093194,49117941,49118019,28119152,217127
1790924233,68277420,70069088256,123651976,0,,7,0,140,1216,2483180,1983586515,49154306,49154385,28140869,217295
1790924234,68276004,70066855936,123763634,0,,1,0,140,1216,2483030,1984951623,49186942,49187028,28161019,217451
1790924235,68277280,70069211136,123893687,0,,16,0,140,1216,2483117,1986256531,49218074,49218130,28180005,217597
1790924236,68275604,70067240960,124021651,0,,1,0,140,1216,2482706,1987569005,49249831,49249915,28199626,217749
1790924237,68277464,70068899840,124151794,0,,12,0,140,1216,2482664,1988840368,49281343,49281430,28218879,217898
1790924238,68277056,70068981760,124237519,0,,9,0,140,1216,2482868,1990364124,49316364,49316448,28240407,218065
1790924239,68278656,70070886400,124331480,0,,1,0,140,1216,2482714,1991849519,49350028,49350097,28261040,218224
1790924240,68279048,70071017472,124419599,0,,27,0,140,1216,2482280,1993323917,49384100,49384180,28281833,218385
1790924241,68276624,70068006912,124537353,0,,3,0,140,1216,2481485,1994688780,49416549,49416601,28301966,218540
1790924242,68278156,70069833728,124613502,0,,28,0,140,1216,2482469,1996244527,49452204,49452286,28323326,218706
1790924244,68279844,70072168448,124732943,0,,1,0,140,1216,2482276,1997588776,49483805,49483879,28343011,218858
1790924245,68279432,70071152640,124842288,0,,15,0,140,1216,2482495,1998970912,49516859,49516946,28363225,219013
1790924246,68279596,70071619584,124963388,0,,7,0,140,1216,2482740,2000306332,49548464,49548514,28382913,219165
1790924247,68279256,70070435840,125089204,0,,22,0,140,1216,2482580,2001633025,49579616,49579695,28402606,219316
1790924248,68279060,70071570432,125201998,0,,20,0,140,1216,2482630,2002978261,49612312,49612391,28422767,219471
1790924249,68279024,70070177792,125325169,0,,19,0,140,1216,2482165,2004275718,49642801,49642879,28442159,219620
1790924250,68279340,70072086528,125427375,0,,2,0,140,1216,2481824,2005628111,49674529,49674590,28462502,219776
1790924251,68278156,70069579776,125522968,0,,19,0,140,1216,2480983,2007086083,49708679,49708751,28484444,219944
1790924252,68278768,70070480896,125596667,0,,25,0,140,1216,2480434,2008603855,49744533,49744609,28507189,220118
1790924253,68279288,70070771712,125679077,0,,29,0,141,1273,2480169,2010078541,49778658,49778725,28529000,220285
1790924254,68279664,70071926784,125782457,0,,3,0,141,1273,2479211,2011488532,49812144,49812229,28550404,220449
1790924255,68279584,70070800384,125912156,0,,10,0,141,1273,2478241,2012736694,49842183,49842251,28570150,220600
1790924256,68279720,70071201792,126015939,0,,12,0,141,1273,2477678,2014108019,49875207,49875287,28591764,220765
1790924257,68279460,70071701504,126122117,0,,15,0,141,1273,2477255,2015522468,49907736,49907804,28612687,220925
1790924258,68279696,70071418880,126203821,0,,1,0,141,1273,2475924,2016994662,49942960,49943047,28635129,221097
1790924259,68280852,70071554048,126323316,0,,37,0,141,1273,2475261,2018328830,49973968,49974046,28655134,221250
1790924260,68277956,70068846592,126438532,0,,30,0,141,1273,2475484,2019665457,50005488,50005555,28675288,221404
1790924261,68279260,70071812096,126519602,0,,13,0,142,1273,2474959,2021104898,50039828,50039888,28698723,221582
1790924262,68279136,70070865920,126633632,0,,3,0,142,1273,2474477,2022480026,50072405,50072488,28719966,221744
1790924263,68278768,70069936128,126749363,0,,2,0,142,1273,2474437,2023817525,50104151,50104232,28740055,221898
1790924265,68276384,70067519488,126886732,0,,31,0,142,1273,2473629,2025107435,50134516,50134590,28760033,222051
1790924266,68277748,70069137408,126966613,0,,22,0,142,1273,2473231,2026583521,50169819,50169897,28782644,222224
1790924267,68279096,70070575104,127061550,0,,2,0,142,1273,2473452,2027981209,50202789,50202873,28803280,222381
1790924268,68279464,70071742464,127166103,0,,28,0,142,1273,2473455,2029336087,50235647,50235696,28824352,222542
1790924269,68278288,70069968896,127258534,0,,10,0,142,1273,2472860,2030760910,50269342,50269396,28846090,222708
1790924270,68278044,70070206464,127386474,0,,7,0,142,1273,2471885,2032084683,50300358,50300445,28866520,222865
1790924271,68278188,70070661120,127471864,0,,30,0,142,1273,2472462,2033529226,50335710,50335765,28888661,223034
1790924272,68279532,70071545856,127569998,0,,25,0,142,1273,2472770,2034961755,50369398,50369424,28909993,223198
1790924273,68280192,70072217600,127644412,0,,24,0,142,1273,2472874,2036445216,50404866,50404943,28932515,223371
1790924274,68280644,70072676352,127753132,0,,23,0,142,1273,2473021,2037826987,50437102,50437184,28952863,223527
1790924275,68281780,70073798656,127844177,0,,15,0,142,1273,2472998,2039281759,50471943,50472029,28975261,223698
1790924276,68282596,70074912768,127998770,0,,17,0,142,1273,2472029,2040464929,50499871,50499949,28993720,223840
1790924277,68280756,70073827328,128101718,0,,27,0,142,1273,2471841,2041805368,50531781,50531837,29014176,223998
1790924278,68280748,70073016320,128219724,0,,29,0,142,1273,2471664,2043159181,50562774,50562841,29033788,224148
1790924279,68279444,70071160832,128292412,0,,20,0,142,1273,2472472,2044668903,50598437,50598510,29056228,224321
1790924280,68280096,70071562240,128418659,0,,6,0,142,1273,2471864,2045922521,50628795,50628878,29075765,224471
1790924281,68280776,70072774656,128506556,0,,0,0,142,1273,2472256,2047389843,50662849,50662929,29097041,224635
1790924282,68278932,70069280768,128623406,0,,9,0,142,1273,2472351,2048720731,50694937,50694993,29117603,224793
1790924284,68277340,70069264384,128722059,0,,8,0,142,1273,2471311,2050177062,50729076,50729163,29140003,224965
1790924285,68275160,70067310592,128826681,0,,9,0,142,1273,2471462,2051562888,50760916,50760973,29160246,225121
1790924286,68273784,70065922048,128943486,0,,29,0,142,1273,2471057,2052870959,50792173,50792255,29180453,225277
1790924287,68274920,70066012160,129095010,0,,11,0,142,1273,2472034,2054137183,50821821,50821896,29198473,225415
1790924288,68275608,70068023296,129190347,0,,19,0,142,1273,2470682,2055546180,50854948,50855018,29220561,225585
1790924289,68276292,70068912128,129323766,0,,31,0,142,1273,2470376,2056844009,50886019,50886100,29240623,225739
1790924290,68278308,70070226944,129440739,0,,26,0,142,1273,2470462,2058239327,50918333,50918408,29261012,225896
1790924291,68277884,70069633024,129536070,0,,3,0,142,1273,2470257,2059611653,50951591,50951664,29282334,226060
1790924292,68278692,70070636544,129636727,0,,6,0,142,1273,2470354,2061038524,50983770,50983849,29302996,226219
1790924293,68278868,70070587392,129756013,0,,27,0,142,1273,2470206,2062361182,51015347,51015425,29322892,226372
1790924294,68278336,70070071296,129876014,0,,13,0,142,1273,2470035,2063700821,51046849,51046927,29342867,226526
1790924295,68278912,70069948416,129996826,0,,10,0,142,1273,2469767,2065083008,51079572,51079649,29363461,226685
1790924296,68277624,70069809152,130104865,0,,39,0,143,1277,2470231,2066463768,51111704,51111786,29383729,226841
1790924297,68278144,70070394880,130207165,0,,23,0,143,1277,2470639,2067834507,51144164,51144239,29404083,226998
1790924298,68276528,70068707328,130297168,0,,28,0,143,1277,2470219,2069323466,51178324,51178406,29425749,227165
1790924299,68278492,70070734848,130370240,0,,4,0,143,1277,2469921,2070833534,51214260,51214342,29448090,227337
1790924300,68278360,70070050816,130485869,0,,0,0,143,1277,2469359,2072190826,51245571,51245653,29468520,227495
1790924301,68277704,70069350400,130612085,0,,4,0,143,1277,2469362,2073468461,51277380,51277460,29488524,227649
1790924302,68279052,70070755328,130720362,0,,26,0,143,1277,2469572,2074853419,51309837,51309909,29509062,227807
1790924304,68280320,70071812096,130855443,0,,6,0,143,1277,2469016,2076162330,51340473,51340525,29528848,227960
1790924305,68280192,70072451072,130983551,0,,1,0,143,1277,2469043,2077386065,51370990,51371072,29548071,228108
1790924306,68278736,70070198272,131114272,0,,3,0,143,1277,2469277,2078655623,51400698,51400743,29566946,228254
1790924307,68278432,70070165504,131222393,0,,22,0,143,1277,2468964,2080081635,51433390,51433475,29587610,228414
1790924308,68278804,70070288384,131317851,0,,0,0,143,1277,2468969,2081488907,51467404,51467489,29608815,228578
1790924309,68278968,70071193600,131441583,0,,13,0,143,1277,2469068,2082805510,51497583,51497670,29627939,228725
1790924310,68278552,70070771712,131531288,0,,3,0,144,1278,2469315,2084233901,51531263,51531347,29649129,228888
1790924311,68279944,70071934976,131646588,0,,1,0,144,1278,2469004,2085557088,51562633,51562711,29669126,229043
1790924312,68278388,70070607872,131771604,0,,3,0,144,1278,2469330,2086856601,51592811,51592878,29688126,229190
1790924313,68278176,70069878784,131893755,0,,20,0,144,1278,2469423,2088170383,51623067,51623148,29707047,229337
1790924314,68279172,70070095872,131981064,0,,13,0,144,1278,2470067,2089598967,51657867,51657939,29728698,229504
1790924315,68278988,70070427648,132091057,0,,3,0,144,1278,2469879,2090954726,51689692,51689756,29748778,229658
1790924316,68278868,70070595584,132201459,0,,19,0,144,1278,2469313,2092275206,51721793,51721876,29769082,229815
1790924317,68278520,70069702656,132323401,0,,9,0,144,1278,2468780,2093552747,51752323,51752396,29788765,229966
1790924318,68277620,70069317632,132417107,0,,25,0,144,1278,2468764,2094999653,51785850,51785871,29809753,230128
1790924319,68276352,70067720192,132520458,0,,7,0,144,1278,2468568,2096421534,51819176,51819252,29830868,230291
1790924320,68275964,70067888128,132610331,0,,25,0,144,1278,2468760,2097915782,51852387,51852472,29851913,230454
1790924321,68276468,70068690944,132734920,0,,22,0,144,1278,2468245,2099231771,51883176,51883260,29871255,230603
1790924322,68277668,70069854208,132865617,0,,29,0,144,1278,2467550,2100505940,51912992,51913072,29890497,230751
1790924324,68275400,70068125696,132982627,0,,27,0,144,1278,2467390,2101818655,51943719,51943763,29910455,230904
1790924325,68275820,70067650560,133089743,0,,8,0,144,1278,2466449,2103203333,51976303,51976369,29931389,231065
1790924326,68276532,70067552256,133184887,0,,33,0,144,1278,2466291,2104609796,52010114,52010195,29952977,231231
1790924327,68276664,70068285440,133311251,0,,10,0,144,1278,2466062,2105941282,52041122,52041196,29972753,231383
1790924328,68275728,70066884608,133383579,0,,29,0,144,1278,2466837,2107473084,52076643,52076683,29995193,231556
1790924329,68275896,70067531776,133470542,0,,26,0,144,1278,2465966,2108916867,52111174,52111195,30017465,231727
1790924330,68275080,70066929664,133568323,0,,24,0,144,1278,2465519,2110315897,52143827,52143908,30038641,231890
1790924331,68275532,70067617792,133669861,0,,8,0,144,1278,2465387,2111724888,52175936,52176014,30059327,232049
1790924332,68275880,70068289536,133774262,0,,24,0,144,1278,2464763,2113083526,52208638,52208718,30080246,232210
1790924333,68277572,70068957184,133898477,0,,11,0,144,1278,2464528,2114357483,52239351,52239437,30100031,232362
1790924334,68277960,70069870592,133995364,0,,4,0,144,1278,2464717,2115750394,52272422,52272501,30121076,232524
1790924335,68278060,70069481472,134084059,0,,13,0,144,1278,2464665,2117184174,52305470,52305553,30142262,232687
1790924336,68277300,70068449280,134211259,0,,29,0,144,1278,2464467,2118487311,52335980,52336059,30161929,232839
1790924337,68278816,70071296000,134337740,0,,6,0,144,1278,2464551,2119806591,52366909,52366974,30181545,232989
1790924338,68279624,70071304192,134411962,0,,1,0,144,1278,2465046,2121324527,52403586,52403672,30204651,233167
1790924339,68280240,70071697408,134519083,0,,24,0,144,1278,2465263,2122683573,52435539,52435615,30225132,233325
1790924340,68282440,70074470400,134640935,0,,30,0,144,1278,2464820,2123965769,52465613,52465691,30244771,233476
1790924341,68280260,70072414208,134756836,0,,15,0,144,1278,2463784,2125315125,52497372,52497458,30265378,233634
1790924342,68279100,70071222272,134872700,0,,12,0,144,1278,2463580,2126703096,52529680,52529750,30285798,233791
1790924343,68277484,70068862976,135019829,0,,29,0,144,1278,2463410,2127944608,52558802,52558877,30304502,233935
1790924345,68277808,70069489664,135139161,0,,7,0,145,1293,2463304,2129277833,52590210,52590296,30324670,234090
1790924346,68278848,70070272000,135261774,0,,4,0,145,1293,2463359,2130598474,52621662,52621743,30344690,234244
1790924347,68277860,70069530624,135346567,0,,20,0,145,1293,2463642,2132060617,52655890,52655957,30366319,234411
1790924348,68277220,70068609024,135452980,0,,13,0,145,1293,2462903,2133448092,52688279,52688331,30387396,234572
1790924349,68278124,70069002240,135557947,0,,34,0,145,1293,2462575,2134828822,52720713,52720791,30408447,234734
1790924350,68276116,70068547584,135655272,0,,13,0,145,1293,2461186,2136189548,52752683,52752761,30430456,234903
1790924351,68277868,70070054912,135731651,0,,33,0,145,1293,2461102,2137684321,52787609,52787658,30452961,235076
1790924352,68278352,70069764096,135838964,0,,28,0,145,1293,2460841,2139038614,52819698,52819727,30473883,235237
1790924353,68278616,70069514240,135953854,0,,3,0,145,1293,2460546,2140369308,52850690,52850775,30494052,235392
1790924354,68279676,70071644160,136076831,0,,6,0,145,1293,2460519,2141651519,52880435,52880514,30513690,235543
1790924355,68278896,70070722560,136162589,0,,21,0,145,1293,2460509,2143105721,52914690,52914772,30535821,235713
1790924356,68278172,70070009856,136297742,0,,23,0,145,1293,2459414,2144393635,52944780,52944842,30556238,235869
1790924357,68275556,70067412992,136400917,0,,25,0,145,1293,2458760,2145779961,52978204,52978267,30577997,236037
1790924358,68275456,70067077120,136536541,0,,24,0,145,1293,2458444,2146990191,53007812,53007889,30597322,236184
1790924359,68275260,70066601984,136650420,0,,6,0,145,1293,2457912,2148353708,53040478,53040553,30618563,236346
1790924360,68277344,70068736000,136750316,0,,16,0,145,1293,2457495,2149759417,53073832,53073918,30640310,236512
1790924361,68276152,70067515392,136876646,0,,3,0,145,1293,2456752,2151005639,53103038,53103103,30659943,236662
1790924362,68276384,70067224576,136929022,0,,24,0,145,1293,2456276,2152564686,53139052,53139129,30683480,236842
1790924364,68277112,70069284864,137028429,0,,13,0,145,1293,2455791,2153952180,53171529,53171611,30704912,237006
1790924365,68277844,70069317632,137115473,0,,34,0,145,1293,2455439,2155388488,53204733,53204812,30726881,237174
1790924366,68278664,70069661696,137238887,0,,15,0,145,1293,2454276,2156675101,53235841,53235921,30747457,237331
1790924367,68277452,70069112832,137328619,0,,16,0,145,1293,2453848,2158101597,53268378,53268462,30768817,237494
1790924368,68278148,70069301248,137434989,0,,10,0,145,1293,2453221,2159466605,53300262,53300348,30789922,237654
1790924369,68276344,70068236288,137572326,0,,14,0,145,1293,2452997,2160697768,53330013,53330072,30809838,237806
1790924370,68276628,70067744768,137683506,0,,5,0,145,1293,2452585,2162061743,53361325,53361406,30830604,237965
1790924371,68274964,70065512448,137801002,0,,26,0,145,1293,2452127,2163345408,53391334,53391412,30850625,238118
1790924372,68273820,70065094656,137922955,0,,21,0,145,1293,2451363,2164663005,53422318,53422393,30871506,238276
1790924373,68275732,70066814976,138010913,0,,13,0,146,1298,2449527,2165999760,53453840,53453917,30894517,238451
1790924374,68276800,70068973568,138139670,0,,1,0,147,1306,2448986,2167280299,53484333,53484418,30914734,238605
1790924375,68275852,70066966528,138243687,0,,15,0,147,1306,2448050,2168675817,53516777,53516855,30936488,238771
1790924376,68277128,70068248576,138365994,0,,4,0,147,1306,2447288,2169949634,53547311,53547372,30956779,238926
1790924377,68274896,70067015680,138470686,0,,6,0,147,1306,2447311,2171291734,53579960,53580033,30978323,239091
1790924378,68274092,70065684480,138587615,0,,3,0,147,1306,2446875,2172618086,53611791,53611864,30999533,239253
1790924379,68274732,70067130368,138692677,0,,17,0,148,1319,2446651,2173996890,53643596,53643678,31020596,239414
1790924380,68275416,70067294208,138797249,0,,22,0,148,1319,2445991,2175364078,53675194,53675277,31041780,239576
1790924381,68276720,70067838976,138889523,0,,14,0,148,1319,2445528,2176820078,53708380,53708457,31063800,239744
1790924382,68276564,70068191232,138994373,0,,0,0,148,1319,2445301,2178218925,53741196,53741279,31085584,239910
1790924384,68275188,70066266112,139105396,0,,4,0,148,1319,2444641,2179571533,53772549,53772618,31106515,240070
1790924385,68276468,70068355072,139235079,0,,2,0,148,1319,2443922,2180909044,53802709,53802781,31126698,240224
1790924386,68277252,70069452800,139344766,0,,30,0,148,1319,2443785,2182259875,53834751,53834825,31147690,240385
1790924387,68277940,70070124544,139434248,0,,11,0,148,1319,2443574,2183667319,53868183,53868221,31169327,240551
1790924388,68274888,70067027968,139558619,0,,26,0,148,1319,2443245,2184891834,53898160,53898235,31189543,240706
1790924389,68276528,70068416512,139646897,0,,11,0,148,1319,2442690,2186362107,53932088,53932175,31211557,240875
1790924390,68277264,70069547008,139750171,0,,8,0,148,1319,2442801,2187730718,53963868,53963946,31232422,241035
1790924391,68278140,70069829632,139850321,0,,21,0,148,1319,2442719,2189083595,53996967,53997048,31254025,241201
1790924392,68276916,70068559872,139955886,0,,2,0,148,1319,2440878,2190476157,54029762,54029848,31276667,241375
1790924393,68276892,70068797440,140053186,0,,0,0,148,1319,2440846,2191832280,54062609,54062675,31298060,241540
1790924394,68278352,70069481472,140143294,0,,5,0,148,1319,2440694,2193248865,54096275,54096362,31319809,241707
1790924395,68278140,70069813248,140256730,0,,17,0,149,1325,2440657,2194559577,54127323,54127395,31340242,241865
1790924396,68277848,70069157888,140353469,0,,17,0,149,1325,2441235,2195953708,54160460,54160530,31361566,242027
1790924397,68276708,70068609024,140480873,0,,0,0,149,1325,2440781,2197267553,54190949,54191033,31381447,242180
1790924398,68276604,70067990528,140600820,0,,0,0,149,1325,2440386,2198544545,54222255,54222342,31401842,242337
1790924399,68278148,70070087680,140721691,0,,6,0,149,1325,2440462,2199845874,54253373,54253447,31422127,242493
1790924400,68279772,70072020992,140812966,0,,17,0,149,1325,2440740,2201246898,54286882,54286962,31443794,242658
1790924401,68281104,70072279040,140908594,0,,4,0,149,1325,2441205,2202691067,54320649,54320720,31465044,242821
1790924402,68281576,70074126336,141055511,0,,0,0,149,1325,2441127,2203891172,54348524,54348606,31483525,242963
1790924404,68278948,70070640640,141198241,0,,4,0,149,1325,2440907,2205132539,54378892,54378976,31502888,243113
1790924405,68276756,70068662272,141296116,0,,1,0,149,1325,2440791,2206576438,54413508,54413552,31524844,243281
1790924406,68278076,70070317056,141420965,0,,25,0,149,1325,2440439,2207876795,54444120,54444201,31544577,243433
1790924407,68278104,70070054912,141501888,0,,19,0,149,1325,2440877,2209344073,54478317,54478393,31566647,243603
1790924408,68278224,70069870592,141568549,0,,5,0,149,1325,2441012,2210930901,54514784,54514858,31589455,243778
1790924409,68277524,70069940224,141672814,0,,15,0,149,1325,2441309,2212303532,54546757,54546806,31610116,243937
1790924410,68278956,70070661120,141760046,0,,0,0,149,1325,2441172,2213765027,54580591,54580675,31631558,244102
1790924411,68277884,70069264384,141861552,0,,25,0,149,1325,2440899,2215189709,54614264,54614341,31653346,244270
1790924412,68277752,70069428224,141987859,0,,19,0,149,1325,2440466,2216521611,54646012,54646094,31673422,244424
1790924413,68276812,70068465664,142098808,0,,14,0,149,1325,2440377,2217868929,54678817,54678877,31694228,244584
1790924414,68275884,70067515392,142202413,0,,22,0,149,1325,2440819,2219293089,54711720,54711799,31715287,244746
1790924415,68276648,70068019200,142279500,0,,0,0,149,1325,2441102,2220793661,54746539,54746626,31737248,244915
1790924416,68277144,70068588544,142411626,0,,2,0,149,1325,2440551,2222042320,54776101,54776186,31756507,245064
1790924417,68277052,70067400704,142500367,0,,7,0,149,1325,2440783,2223494921,54811233,54811307,31778909,245237
1790924418,68278268,70069690368,142621699,0,,10,0,149,1325,2441285,2224856111,54842991,54843061,31798755,245390
1790924419,68278116,70070067200,142713270,0,,4,0,150,1325,2440510,2226260000,54875839,54875920,31820613,245559
1790924420,68277272,70068887552,142833539,0,,23,0,150,1325,2440415,2227612472,54906979,54907054,31840857,245714
1790924421,68275848,70067994624,142898221,0,,11,0,150,1325,2440914,2229186750,54942786,54942873,31863717,245891
1790924422,68274044,70065639424,143030150,0,,30,0,150,1325,2441321,2230443568,54973363,54973441,31882918,246039
1790924424,68275484,70066843648,143147377,0,,3,0,150,1325,2442191,2231732629,55003702,55003787,31902030,246186
1790924425,68277548,70069460992,143273009,0,,9,0,150,1325,2442074,2233073662,55035931,55035994,31922193,246341
1790924426,68277712,70069846016,143379499,0,,9,0,150,1325,2442027,2234461035,55068899,55068956,31943383,246504
1790924427,68278940,70070898688,143469524,0,,35,0,150,1325,2442927,2235935534,55103189,55103265,31964956,246670
1790924428,68279624,70071320576,143568643,0,,22,0,150,1325,2442874,2237343341,55136549,55136633,31985758,246831
1790924429,68278892,70071357440,143616372,0,,26,0,150,1325,2443760,2238985517,55174452,55174533,32009298,247014
1790924430,68280796,70072553472,143693971,0,,13,0,150,1325,2443718,2240509204,55209858,55209943,32031402,247184
1790924431,68281632,70073131008,143797118,0,,2,0,150,1325,2443906,2241885331,55242462,55242538,32052065,247343
1790924432,68283132,70074925056,143880635,0,,10,0,150,1325,2444639,2243293506,55275689,55275776,32072749,247503
1790924433,68280388,70072107008,144007601,0,,23,0,150,1325,2444403,2244573475,55307705,55307784,32093162,247661
1790924434,68277100,70068781056,144102104,0,,23,0,150,1325,2444337,2246027143,55341155,55341237,32114476,247826
1790924435,68278024,70070214656,144204248,0,,0,0,151,1338,2444265,2247466773,55373919,55374004,32135028,247985
1790924436,68277700,70069088256,144307168,0,,18,0,151,1338,2444402,2248824300,55405444,55405524,32154997,248140
1790924437,68278392,70070124544,144417529,0,,16,0,151,1338,2444088,2250189175,55437936,55438012,32175231,248296
1790924438,68277644,70068273152,144520885,0,,1,0,151,1338,2444001,2251588837,55470936,55471021,32196021,248456
1790924439,68279248,70071226368,144630423,0,,12,0,151,1338,2443892,2252916998,55501771,55501851,32215935,248610
1790924440,68277136,70068547584,144692873,0,,3,0,151,1338,2444524,2254486883,55538378,55538464,32238534,248784
1790924441,68276920,70068310016,144808809,0,,23,0,151,1338,2444353,2255778402,55569340,55569419,32258581,248939
1790924443,68278068,70070272000,144931061,0,,29,0,151,1338,2444557,2257084749,55600000,55600075,32277802,249088
1790924444,68276944,70068101120,145044191,0,,17,0,151,1338,2444445,2258418783,55631195,55631274,32297919,249244
1790924445,68278540,70070767616,145137677,0,,30,0,151,1338,2444168,2259878657,55664931,55665005,32319301,249409
1790924446,68280340,70072782848,145224740,0,,18,0,151,1338,2444761,2261333549,55700369,55700447,32341141,249577
1790924447,68280924,70072602624,145310940,0,,16,0,151,1338,2444846,2262763473,55734151,55734231,32362457,249741
1790924448,68278908,70069825536,145405489,0,,1,0,151,1338,2445369,2264186890,55768547,55768614,32383518,249904
1790924449,68280484,70071136256,145534147,0,,1,0,151,1338,2444716,2265494000,55799659,55799734,32403173,250056
1790924450,68277864,70069063680,145637180,0,,5,0,151,1338,2443254,2266891893,55832913,55832991,32424368,250219
1790924451,68276700,70068097024,145733188,0,,27,0,151,1338,2442620,2268308940,55866159,55866240,32446233,250388
1790924452,68277800,70069481472,145834444,0,,3,0,151,1338,2442542,2269695819,55898733,55898817,32466638,250546
1790924453,68277024,70068346880,145946299,0,,4,0,151,1338,2443377,2271037629,55929797,55929880,32485887,250695
1790924454,68278184,70069866496,146046237,0,,32,0,151,1338,2443427,2272424479,55962863,55962938,32506289,250852
1790924455,68279192,70071169024,146163090,0,,7,0,151,1338,2443348,2273731631,55995317,55995404,32526318,251007
1790924456,68277712,70070169600,146301825,0,,28,0,151,1338,2443323,2274981311,56026326,56026407,32545036,251152
1790924457,68277792,70068678656,146429176,0,,25,0,151,1338,2443833,2276285046,56057408,56057490,32564995,251306
1790924458,68277136,70069059584,146516700,0,,20,0,151,1338,2442809,2277756773,56091422,56091502,32587178,251478
1790924459,68276144,70067535872,146604486,0,,4,0,151,1338,2442951,2279181559,56125837,56125919,32608760,251644
1790924460,68277800,70069202944,146704774,0,,2,0,151,1338,2442729,2280604615,56159605,56159688,32629967,251808
1790924461,68277664,70069092352,146816630,0,,4,0,151,1338,2442705,2281962437,56192214,56192299,32650517,251967
1790924462,68278296,70069764096,146907516,0,,12,0,151,1338,2442831,2283397665,56226167,56226218,32671825,252131
1790924464,68278372,70069792768,147024828,0,,14,0,151,1338,2442574,2284731123,56257397,56257479,32691846,252286
1790924465,68279012,70069927936,147120302,0,,18,0,151,1338,2441836,2286131826,56290375,56290442,32713188,252451
1790924466,68277356,70067986432,147223726,0,,4,0,151,1338,2440900,2287510960,56323758,56323830,32734498,252616
1790924467,68277340,70069305344,147333758,0,,24,0,151,1338,2441003,2288872047,56356521,56356598,32755186,252776
1790924468,68279556,70070722560,147415891,0,,16,0,151,1338,2441297,2290328328,56390696,56390774,32776636,252942
1790924469,68281008,70073020416,147493541,0,,0,0,152,1338,2441201,2291841845,56426890,56426977,32799381,253118
1790924470,68279636,70071619584,147578282,0,,21,0,152,1338,2441835,2293314890,56462308,56462367,32821377,253288
1790924471,68280444,70072492032,147682867,0,,11,0,152,1338,2441582,2294684333,56494500,56494544,32841631,253444
1790924472,68281788,70073298944,147798883,0,,18,0,153,1340,2441877,2296046829,56525649,56525727,32861287,253596
1790924473,68280632,70072020992,147895828,0,,6,0,154,1340,2441015,2297498969,56559308,56559381,32882609,253761
1790924474,68280952,70073237504,147973452,0,,0,0,154,1340,2440644,2299008819,56594121,56594195,32904700,253932
1790924475,68278324,70069534720,148071321,0,,8,0,154,1340,2440321,2300443466,56628196,56628257,32926034,254097
1790924476,68279292,70070202368,148147171,0,,10,0,154,1340,2440644,2301989570,56663609,56663689,32947765,254265
1790924477,68277808,70069133312,148237679,0,,12,0,154,1340,2440035,2303408170,56696756,56696825,32969369,254432
1790924478,68278588,70070280192,148359677,0,,2,0,154,1340,2439825,2304718361,56728121,56728172,32989386,254586
1790924479,68278616,70070579200,148445606,0,,0,0,154,1340,2440056,2306155048,56763063,56763148,33011094,254754
1790924480,68279632,70071611392,148550705,0,,12,0,154,1340,2440220,2307523824,56794953,56795030,33031005,254908
1790924481,68280152,70072164352,148651532,0,,1,0,154,1340,2440653,2308923388,56828319,56828405,33051688,255068
1790924482,68276624,70068015104,148736124,0,,8,0,154,1340,2440586,2310387712,56863086,56863155,33073761,255238
1790924483,68277264,70069714944,148846754,0,,0,0,154,1340,2440350,2311753846,56895645,56895719,33094073,255395
1790924485,68276232,70067388416,148932947,0,,9,0,154,1340,2440894,2313229225,56930530,56930607,33115764,255563
1790924486,68276448,70068084736,148970274,0,,6,0,154,1340,2441337,2314898625,56969098,56969157,33139814,255749
1790924487,68277936,70069694464,149067564,0,,7,0,154,1340,2441050,2316308554,57001773,57001851,33160381,255908
1790924488,68278368,70069993472,149147120,0,,18,0,154,1340,2440740,2317806648,57036834,57036912,33182473,256078
1790924489,68276448,70068371456,149203948,0,,25,0,154,1340,2440958,2319399747,57073492,57073576,33205242,256254
1790924490,68277268,70069440512,149284138,0,,33,0,154,1340,2441119,2320896594,57110371,57110452,33228123,256431
1790924491,68276848,70068776960,149371655,0,,24,0,154,1340,2441876,2322325351,57144783,57144870,33249170,256594
1790924492,68277816,70070022144,149421496,0,,25,0,154,1340,2441750,2323871178,57181724,57181802,33272124,256773
1790924493,68277672,70069874688,149524459,0,,21,0,154,1340,2441994,2325258726,57213812,57213895,33292360,256929
1790924494,68277836,70069800960,149620263,0,,1,0,154,1340,2441819,2326716920,57247739,57247810,33313181,257090
1790924495,68278484,70069911552,149708938,0,,24,0,154,1340,2441714,2328133562,57281833,57281916,33334711,257257
1790924496,68278980,70070722560,149808910,0,,25,0,155,1352,2442093,2329529291,57314996,57315077,33355405,257416
1790924497,68278948,70070394880,149899745,0,,17,0,155,1352,2442490,2331010821,57349558,57349639,33376528,257580
1790924498,68278048,70069768192,150000775,0,,27,0,155,1352,2442241,2332426660,57382906,57382985,33397635,257743
1790924499,68277916,70069628928,150085108,0,,5,0,155,1352,2441830,2333883158,57416896,57416980,33419011,257908
1790924500,68277560,70069252096,150204982,0,,16,0,155,1352,2442221,2335186512,57448567,57448643,33438783,258061
1790924501,68278860,70069563392,150302775,0,,31,0,155,1352,2442469,2336591830,57482030,57482115,33459735,258223
1790924502,68280004,70071488512,150380773,0,,3,0,155,1352,2443018,2338085447,57517242,57517325,33481530,258392
1790924503,68279168,70070091776,150474931,0,,14,0,155,1352,2442330,2339537446,57551134,57551214,33502746,258556
1790924505,68277436,70069628928,150581771,0,,9,0,155,1352,2442754,2340924396,57583362,57583437,33522876,258712
1790924506,68279060,70070231040,150664507,0,,24,0,155,1352,2442380,2342482212,57619366,57619445,33545405,258886
1790924507,68280496,70072025088,150714844,0,,30,0,155,1352,2443158,2344107066,57658179,57658258,33569702,259074
1790924508,68279172,70070882304,150811820,0,,30,0,155,1352,2442745,2345511502,57691809,57691889,33590273,259234
1790924509,68278152,70069841920,150880924,0,,34,0,155,1352,2441621,2347089845,57728429,57728413,33613283,259411
1790924510,68278840,70070820864,150981748,0,,14,0,155,1352,2441465,2348469468,57761221,57761301,33634716,259578
1790924511,68278652,70071136256,151072657,0,,13,0,156,1354,2440945,2349958076,57794977,57795050,33655959,259742
1790924512,68276620,70068547584,151139844,0,,16,0,156,1354,2440517,2351539811,57832543,57832554,33679122,259921
1790924513,68276016,70067650560,151269497,0,,18,0,156,1354,2440230,2352866030,57864438,57864518,33699063,260075
1790924514,68278356,70070104064,151385935,0,,21,0,157,1367,2440643,2354200320,57896545,57896627,33719117,260230
1790924515,68277764,70070013952,151450933,0,,25,0,157,1367,2441210,2355762025,57933506,57933580,33742086,260408
1790924516,68276756,70068404224,151521314,0,,33,0,157,1367,2441123,2357322517,57969683,57969759,33764536,260581
1790924517,68276868,70068269056,151577448,0,,18,0,157,1367,2441335,2358888559,58007011,58007093,33787675,260759
1790924518,68275168,70066761728,151665521,0,,26,0,157,1367,2441211,2360366890,58042026,58042111,33809119,260924
1790924519,68276804,70068744192,151772429,0,,9,0,157,1367,2441252,2361688545,58073998,58074083,33829290,261080
1790924520,68277288,70068928512,151854675,0,,4,0,157,1367,2441455,2363176309,58109303,58109360,33851248,261250
1790924521,68278560,70070005760,151949907,0,,9,0,157,1367,2441094,2364598010,58144075,58144134,33872718,261416
1790924522,68276628,70068289536,152036287,0,,2,0,157,1367,2440695,2366082691,58178622,58178706,33894562,261585
1790924523,68276868,70068781056,152095954,0,,15,0,158,1372,2440805,2367610810,58214200,58214281,33917176,261760
1790924525,68277868,70069817344,152194102,0,,11,0,158,1372,2440864,2369014535,58248001,58248078,33937912,261921
1790924526,68275824,70067720192,152274074,0,,5,0,160,1409,2440545,2370524221,58282563,58282629,33959864,262090
1790924527,68276760,70068424704,152335859,0,,29,0,160,1409,2439872,2372100436,58318986,58319070,33982741,262266
1790924528,68277832,70069522432,152415410,0,,29,0,160,1409,2440579,2373591737,58353612,58353636,34003939,262431
1790924529,68276532,70068203520,152490639,0,,12,0,160,1409,2440188,2375099808,58389303,58389380,34026293,262604
1790924530,68276992,70068142080,152544677,0,,26,0,161,1412,2440517,2376685402,58426044,58426110,34049544,262783
1790924531,68277244,70068670464,152622878,0,,4,0,161,1412,2440528,2378185022,58460304,58460389,34070541,262946
1790924532,68276988,70069178368,152729383,0,,8,0,161,1412,2440661,2379564030,58493376,58493451,34091302,263106
1790924533,68278040,70069501952,152828116,0,,8,0,161,1412,2440873,2381012562,58527495,58527582,34112207,263268
1790924534,68278956,70070665216,152941793,0,,8,0,161,1412,2441298,2382291762,58558856,58558923,34131700,263419
1790924535,68277088,70069018624,153026882,0,,17,0,161,1412,2441411,2383779243,58593110,58593163,34153042,263584
1790924536,68278540,70070231040,153102404,0,,16,0,161,1412,2441346,2385318324,58629294,58629375,34175423,263757
1790924537,68277052,70068989952,153184717,0,,21,0,161,1412,2440839,2386784466,58663144,58663224,34196873,263923
1790924538,68276096,70068264960,153248651,0,,21,0,161,1412,2440366,2388331184,58699600,58699672,34220330,264104
1790924539,68276352,70068256768,153334676,0,,8,0,161,1412,2440260,2389832151,58735202,58735272,34242303,264274
1790924540,68277148,70068846592,153406288,0,,22,0,161,1412,2441013,2391366105,58771715,58771794,34264750,264447
1790924541,68278168,70069813248,153471113,0,,17,0,161,1412,2441549,2392913141,58807852,58807933,34287339,264622
1790924542,68279172,70070702080,153563280,0,,23,0,161,1412,2441025,2394345265,58841736,58841818,34308221,264783
1790924543,68277716,70069714944,153645688,0,,19,0,161,1412,2441254,2395838693,58877311,58877396,34330580,264956
1790924545,68277504,70069178368,153723972,0,,25,0,161,1412,2441163,2397353702,58912055,58912140,34352287,265125
1790924546,68277812,70070272000,153821271,0,,21,0,161,1412,2441410,2398785418,58945055,58945140,34372709,265282
1790924547,68278352,70069776384,153924441,0,,14,0,161,1412,2440961,2400174456,58980103,58980176,34394423,265450
1790924548,68276788,70068674560,154018638,0,,1,0,161,1412,2441318,2401647236,59015574,59015645,34416635,265622
1790924549,68275884,70066999296,154087088,0,,19,0,162,1469,2441671,2403187089,59052155,59052211,34439274,265797
1790924550,68277048,70069002240,154157512,0,,16,0,162,1469,2441376,2404695289,59087671,59087749,34461828,265973
1790924551,68276176,70068600832,154233209,0,,24,0,162,1469,2441879,2406241005,59123601,59123670,34484030,266144
1790924552,68277668,70069088256,154306933,0,,21,0,162,1469,2442433,2407787884,59159789,59159873,34506136,266316
1790924553,68279100,70070939648,154400415,0,,17,0,162,1469,2443001,2409227284,59193611,59193683,34526949,266476
1790924554,68277144,70069071872,154485615,0,,29,0,162,1469,2442831,2410685341,59228200,59228281,34548725,266645
1790924555,68277412,70069096448,154555594,0,,28,0,163,1480,2442678,2412210187,59264292,59264374,34571331,266820
1790924556,68278320,70069665792,154618524,0,,6,0,163,1480,2443383,2413789788,59301209,59301290,34594119,266996
1790924557,68279896,70071607296,154703296,0,,33,0,164,1480,2444125,2415250613,59337300,59337376,34616077,267166
1790924558,68277380,70069067776,154759822,0,,16,0,164,1480,2445308,2416849049,59375445,59375513,34639141,267344
1790924559,68278344,70069788672,154829949,0,,1,0,164,1480,2444547,2418395465,59411646,59411684,34662200,267523
1790924560,68278108,70069530624,154914780,0,,24,0,164,1480,2445095,2419863193,59445644,59445722,34683371,267687
1790924561,68279264,70071234560,154992150,0,,4,0,164,1480,2445573,2421355032,59481121,59481204,34705235,267856
1790924562,68277332,70069260288,155067257,0,,6,0,164,1480,2445944,2422877766,59517126,59517211,34727337,268027
1790924564,68276992,70068162560,155140012,0,,17,0,164,1480,2445472,2424418235,59552874,59552955,34749943,268202
1790924565,68278272,70069993472,155224841,0,,17,0,164,1480,2445918,2425905467,59587386,59587469,34771406,268368
1790924566,68277120,70067777536,155278407,0,,24,0,165,1488,2446136,2427546069,59624461,59624521,34794422,268546
1790924567,68277052,70068985856,155360955,0,,18,0,165,1488,2446713,2429018994,59659409,59659487,34815629,268710
1790924568,68275940,70067060736,155458639,0,,35,0,165,1488,2447104,2430391656,59692541,59692624,34836208,268870
1790924569,68275780,70067146752,155523994,0,,30,0,165,1488,2447877,2431936824,59729003,59729085,34858797,269044
1790924570,68276308,70068105216,155595368,0,,2,0,165,1488,2447948,2433502238,59765149,59765234,34880630,269213
1790924571,68276268,70067101696,155669423,0,,23,0,165,1488,2448055,2434970788,59800660,59800741,34902859,269385
1790924572,68276492,70067171328,155758885,0,,15,0,165,1488,2447518,2436442042,59836068,59836149,34925170,269559
1790924573,68277236,70068838400,155845057,0,,17,0,165,1488,2447616,2437884363,59870773,59870847,34946711,269724
1790924574,68278024,70069428224,155912865,0,,3,0,165,1488,2447714,2439396644,59906306,59906393,34968960,269896
1790924575,68278548,70070423552,155995763,0,,27,0,165,1488,2448039,2440924339,59943120,59943202,34991455,270070
1790924576,68278184,70069342208,156068610,0,,7,0,165,1488,2448288,2442470322,59979012,59979088,35013677,270241
1790924577,68277476,70068363264,156142345,0,,13,0,165,1488,2448779,2443985691,60014804,60014889,35035639,270411
1790924578,68276404,70068011008,156210377,0,,11,0,165,1488,2448398,2445529140,60051441,60051503,35058702,270590
1790924579,68276828,70067965952,156278811,0,,20,0,165,1488,2448529,2447097003,60088069,60088141,35081096,270763
1790924580,68277364,70069280768,156379187,0,,32,0,165,1488,2448494,2448477328,60120892,60120967,35101671,270922
1790924581,68279004,70070964224,156467908,0,,30,0,165,1488,2448486,2449958335,60155819,60155853,35123674,271093
1790924582,68280508,70072242176,156584166,0,,23,0,166,1489,2449323,2451304558,60188000,60188079,35143684,271247
1790924584,68279516,70070730752,156660225,0,,9,0,166,1489,2449170,2452782774,60223778,60223860,35166230,271422
1790924585,68276300,70068494336,156723597,0,,20,0,166,1489,2449954,2454363462,60260713,60260795,35189109,271598
1790924586,68277552,70068719616,156817911,0,,13,0,166,1489,2449707,2455787238,60294805,60294886,35210557,271764
1790924587,68278448,70069628928,156891132,0,,20,0,166,1489,2449956,2457290187,60331060,60331142,35232788,271936
1790924588,68279692,70071361536,156974607,0,,32,0,166,1489,2449606,2458781811,60365327,60365408,35254384,272103
1790924589,68278348,70070054912,157045074,0,,11,0,166,1489,2450243,2460306397,60401514,60401591,35276596,272274
1790924590,68278128,70069829632,157116807,0,,6,0,166,1489,2450438,2461843010,60437752,60437836,35298842,272446
1790924591,68274812,70066425856,157185621,0,,9,0,166,1489,2450333,2463247393,60470664,60470744,35319915,272609
1790924592,68260300,70050537472,157187732,0,,16,0,166,1489,2448529,2465066800,60513260,60513341,35347585,272825
1790924593,68249912,70039851008,157187732,0,,13,0,166,1489,2451911,2466821107,60553975,60554060,35374996,273039
1790924594,68232100,70022356992,157187732,0,,8,0,166,1489,2452171,2468301117,60589296,60589378,35398827,273230
1790924595,68228332,70018129920,157187732,0,,0,0,166,1489,2451440,2468841042,60601888,60601975,35409529,273317
1790924596,68229508,70018732032,157187732,0,,0,0,166,1489,2451290,2468841170,60601888,60601975,35409541,273318
1790924597,68230524,70019674112,157187732,0,,0,0,166,1489,2451254,2468841298,60601888,60601975,35423593,273423
1790924598,68231684,70020866048,157187732,0,,0,0,166,1489,2431219,2468841426,60601888,60601975,35444558,273580
1790924599,68232904,70022213632,157187732,0,,0,0,166,1489,2411174,2468841554,60601888,60601975,35465481,273736
1790924600,68234048,70023540736,157187732,0,,0,0,166,1489,2390959,2468841682,60601888,60601975,35484332,273877
1790924601,68234888,70024585216,157187732,0,,0,0,166,1489,2350932,2468841810,60601888,60601975,35510293,274070
1790924602,68235952,70025216000,157187732,0,,0,0,166,1489,2330938,2468841938,60601888,60601975,35530443,274220
1790924603,68237116,70026670080,157187732,0,,0,0,166,1489,2310794,2468842066,60601888,60601975,35550593,274370
1790924604,68238296,70027616256,157187732,0,,0,0,166,1489,2290702,2468842194,60601888,60601975,35570743,274520
1790924605,68239460,70028922880,157187732,0,,0,0,166,1489,2270545,2468842322,60601888,60601975,35590893,274670
1790924606,68240692,70030376960,157187732,0,,0,0,166,1489,2250446,2468842450,60601888,60601975,35611043,274820
1790924607,68241880,70031421440,157187732,0,,0,0,166,1489,2230359,2468842578,60601888,60601975,35631193,274970
1790924609,68243056,70032748544,157187732,0,,0,0,166,1489,2210220,2468842706,60601888,60601975,35651343,275120
1790924610,68244240,70033698816,157187732,0,,0,0,166,1489,2190190,2468842834,60601888,60601975,35671492,275269
1790924611,68245412,70035423232,157187732,0,,0,0,166,1489,2170059,2468842962,60601888,60601975,35691641,275418
1790924612,68246592,70036205568,157187732,0,,0,0,166,1489,2149861,2468843090,60601888,60601975,35711791,275568
1790924613,68247784,70037594112,157187732,0,,0,0,166,1489,2129876,2468843218,60601888,60601975,35731940,275717
1790924614,68248272,70037852160,157187732,0,,0,0,166,1489,2109580,2468843346,60601888,60601975,35752233,275866
1790924615,68249256,70038839296,157187732,0,,0,0,166,1489,2089059,2468843474,60601888,60601975,35773607,276022
1790924616,68250444,70040309760,157187732,0,,0,0,166,1489,2068433,2468843602,60601888,60601975,35794994,276178
1790924617,68250468,70040576000,157187732,0,,0,0,166,1489,2047517,2468843858,60601888,60601975,35816246,276334
1790924618,68249248,70039064576,157187732,0,,0,0,166,1489,2026858,2468843986,60601888,60601975,35837702,276492
1790924619,68250440,70040051712,157187732,0,,0,0,166,1489,2006178,2468844114,60601888,60601975,35857955,276642
1790924620,68251308,70041202688,157187732,0,,0,0,166,1489,1985701,2468844242,60601888,60601975,35878836,276797
1790924621,68252148,70041804800,157187732,0,,0,0,166,1489,1965325,2468844370,60601888,60601975,35901787,276967
1790924622,68252192,70042095616,157187732,0,,0,0,166,1489,1945014,2468844498,60601888,60601975,35921803,277116
