ts,rss_kb,cg_mem_bytes,Tidesdb_write_stall_ceiling_hits,Tidesdb_writes_throttled,Tidesdb_writes_blocked,Tidesdb_write_stall_us,Tidesdb_stall_admission,Tidesdb_stall_rotate_lock,Tidesdb_stall_rotate_work,Tidesdb_stall_wal_append,Tidesdb_stall_manifest_commit,Tidesdb_open_sstables,Tidesdb_flush_pending,Tidesdb_compaction_queue,Tidesdb_immutable_memtables,Tidesdb_flush_count,Tidesdb_compaction_count,Tidesdb_flush_bytes_written,Tidesdb_compaction_bytes_written,Tidesdb_compaction_bytes_read
1790900976,783788,840437760,0,0,0,0,0,0,0,0,1,1,0,0,0,1,0,290,0,0
1790900977,786016,843206656,0,0,0,0,0,0,0,0,1,1,0,0,0,1,0,290,0,0
1790900978,919172,1078534144,0,0,0,0,0,0,0,65,1,1233,0,0,0,1,0,290,0,0
1790900979,1159916,1552891904,0,0,0,0,0,0,0,65,1,1233,0,0,0,1,0,290,0,0
1790900980,1499732,2226380800,0,0,0,0,0,0,0,1972,1,1233,0,0,0,1,0,290,0,0
1790900982,1924516,3075735552,0,0,0,0,0,0,0,1972,1,1233,0,0,0,1,0,290,0,0
1790900983,2427104,4104323072,0,0,0,0,0,0,0,6886,1,1233,0,0,0,1,0,290,0,0
1790900984,2994600,5273894912,0,0,0,0,0,0,0,6886,1,1233,0,0,0,1,0,290,0,0
1790900985,3633376,6603030528,0,0,0,0,0,0,0,14729,1,1233,0,0,0,1,0,290,0,0
1790900986,4330668,8052600832,0,0,0,0,0,0,0,14729,1,1233,0,0,0,1,0,290,0,0
1790900987,5029524,9511481344,0,0,0,0,0,0,0,25040,1,1233,0,0,0,1,0,290,0,0
1790900988,5721720,10947592192,0,0,0,0,0,0,0,25040,1,1233,0,0,0,1,0,290,0,0
1790900989,6429180,12425805824,0,0,0,0,0,0,0,35548,1,1233,0,0,0,1,0,290,0,0
1790900990,7138396,13900144640,0,0,0,0,0,0,0,35548,1,1233,0,0,0,1,0,290,0,0
1790900991,7871644,15424540672,0,0,0,0,0,0,0,46845,1,1233,0,0,0,1,0,290,0,0
1790900992,8624864,16996909056,0,0,0,0,0,0,0,46845,1,1233,0,0,0,1,0,290,0,0
1790900993,9364632,18531565568,0,0,0,0,0,0,0,58530,1,1233,0,0,0,1,0,290,0,0
1790900994,10112784,20084940800,0,0,0,0,0,0,0,58530,1,1233,0,0,0,1,0,290,0,0
1790900995,10850512,21616930816,0,0,0,0,0,0,0,70759,1,1233,0,0,0,1,0,290,0,0
1790900996,11573908,23117750272,0,0,0,0,0,0,0,70759,1,1233,0,0,0,1,0,290,0,0
1790900997,12308168,24652259328,0,0,0,0,0,0,0,85945,1,1233,0,0,0,1,0,290,0,0
1790900998,13054952,26200965120,0,0,0,0,0,0,0,85945,1,1233,0,0,0,1,0,290,0,0
1790900999,13792796,27725176832,0,0,0,0,0,0,0,98460,1,1233,0,0,0,1,0,290,0,0
1790901000,14536564,29266190336,0,0,0,0,0,0,0,98460,1,1233,0,0,0,1,0,290,0,0
1790901001,15278200,30802636800,0,0,0,0,0,0,0,111131,1,1233,0,0,0,1,0,290,0,0
1790901002,16011076,32311869440,0,0,0,0,0,0,0,111131,1,1233,0,0,0,1,0,290,0,0
1790901003,16738876,33821933568,0,0,0,0,0,0,0,123440,1,1233,0,0,0,1,0,290,0,0
1790901005,17482040,35360186368,0,0,0,0,0,0,0,123440,1,1233,0,0,0,1,0,290,0,0
1790901006,18222000,36890599424,0,0,0,0,0,0,0,135887,1,1233,0,0,0,1,0,290,0,0
1790901007,18948432,38410932224,0,0,0,0,0,0,0,135887,1,1233,0,0,0,1,0,290,0,0
1790901008,19670448,39919263744,0,0,0,0,0,0,0,147893,1,1233,0,0,0,1,0,290,0,0
1790901009,20396232,41419735040,0,0,0,0,0,0,0,147893,1,1233,0,0,0,1,0,290,0,0
1790901010,21118128,42909237248,0,0,0,0,0,0,0,160398,1,1233,0,0,0,1,0,290,0,0
1790901011,21846792,44417486848,0,0,0,0,0,0,0,160398,1,1233,0,0,0,1,0,290,0,0
1790901012,22559528,45899575296,0,0,0,0,0,0,0,172522,1,1233,0,0,0,1,0,290,0,0
1790901013,23265984,47366672384,0,0,0,0,0,0,0,172522,1,1233,0,0,0,1,0,290,0,0
1790901014,23975384,48849186816,0,0,0,0,0,0,0,184788,1,1233,0,0,0,1,0,290,0,0
1790901015,24674028,50300796928,0,0,0,0,0,0,0,184788,1,1233,0,0,0,1,0,290,0,0
1790901016,25389148,51793125376,0,0,0,0,0,0,0,196996,1,1233,0,0,0,1,0,290,0,0
1790901017,26107872,53287518208,0,0,0,0,0,0,0,196996,1,1233,0,0,0,1,0,290,0,0
1790901018,26805124,54738350080,0,0,0,0,0,0,0,209192,1,1233,0,0,0,1,0,290,0,0
1790901019,27510360,56206442496,0,0,0,0,0,0,0,209192,1,1233,0,0,0,1,0,290,0,0
1790901020,28223964,57699155968,0,0,0,0,0,0,0,221321,1,1233,0,0,0,1,0,290,0,0
1790901021,28928980,59160768512,0,0,0,0,0,0,0,221321,1,1233,0,0,0,1,0,290,0,0
1790901022,29621484,60610662400,0,0,0,0,0,0,0,233493,1,1233,0,0,0,1,0,290,0,0
1790901023,30313644,62049976320,0,0,0,0,0,0,0,233493,1,1233,0,0,0,1,0,290,0,0
1790901024,31022352,63521386496,0,0,0,0,0,0,0,245641,1,1233,0,0,0,1,0,290,0,0
1790901026,31736132,65010073600,0,0,0,0,0,0,0,257850,1,1233,0,0,0,1,0,290,0,0
1790901027,32427552,66446688256,0,0,0,0,0,0,0,257850,1,1233,0,0,0,1,0,290,0,0
1790901028,33139896,67932409856,0,0,0,0,0,0,0,270153,1,1233,0,0,0,1,0,290,0,0
1790901029,33830668,69372485632,0,0,0,0,0,0,0,270153,1,1233,0,0,0,1,0,290,0,0
1790901030,34536868,70842970112,0,0,0,0,0,0,0,282427,1,1233,0,0,0,1,0,290,0,0
1790901031,35245312,72322621440,0,0,0,0,0,0,0,282427,1,1233,0,0,0,1,0,290,0,0
1790901032,35938120,73757544448,0,0,0,0,0,0,0,294836,1,1233,0,0,0,1,0,290,0,0
1790901033,36648024,75233685504,0,0,0,0,0,0,0,294836,1,1233,0,0,0,1,0,290,0,0
1790901034,37328984,76648398848,0,0,0,0,0,0,0,307090,1,1233,0,0,0,1,0,290,0,0
1790901035,37950336,78012170240,0,0,0,0,0,0,0,307090,1,1233,0,0,0,1,0,290,0,0
1790901036,38245212,79061463040,0,0,0,0,0,0,0,319299,1,1233,0,0,0,1,0,290,0,0
1790901037,38441856,80001871872,0,0,0,0,0,0,0,319299,1,1233,0,0,0,1,0,290,0,0
1790901038,38594672,80919310336,0,0,0,0,0,0,0,331666,1,1233,0,0,0,1,0,290,0,0
1790901039,38697592,81753370624,0,0,0,0,0,0,0,331666,1,1233,0,0,0,1,0,290,0,0
1790901040,38786728,82569478144,0,0,0,0,0,0,0,344318,1,1233,0,0,0,1,0,290,0,0
1790901041,38885628,83389771776,0,0,0,0,0,0,0,344318,1,1233,0,0,0,1,0,290,0,0
1790901042,39009060,84211130368,0,0,0,0,0,0,0,356794,1,1233,0,0,0,1,0,290,0,0
1790901043,39083340,84987711488,0,0,0,0,0,0,0,356794,1,1233,0,0,0,1,0,290,0,0
1790901044,39199688,85815463936,0,0,0,0,0,0,0,369054,1,1233,0,0,0,1,0,290,0,0
1790901046,39314524,86641737728,0,0,0,0,0,0,0,369054,1,1233,0,0,0,1,0,290,0,0
1790901047,39423920,87442337792,0,0,0,0,0,0,0,381482,1,1233,0,0,0,1,0,290,0,0
1790901048,39518708,88226975744,0,0,0,0,0,0,0,394084,1,1233,0,0,0,1,0,290,0,0
1790901049,39614108,89014988800,0,0,0,0,0,0,0,394084,1,1233,0,0,0,1,0,290,0,0
1790901050,39724900,89821851648,0,0,0,0,0,0,0,406714,1,1233,0,0,0,1,0,290,0,0
1790901051,39832876,90615607296,0,0,0,0,0,0,0,406714,1,1233,0,0,0,1,0,290,0,0
1790901052,39947992,91408297984,0,0,0,0,0,0,0,419428,1,1233,0,0,0,1,0,290,0,0
1790901053,40071856,92187840512,0,0,0,0,0,0,0,419428,1,1233,0,0,0,1,0,290,0,0
1790901054,40191592,92965007360,0,0,0,0,0,0,0,432181,1,1233,0,0,0,1,0,290,0,0
1790901055,40311080,93744459776,0,0,0,0,0,0,0,432181,1,1233,0,0,0,1,0,290,0,0
1790901056,40423328,94509395968,0,0,0,0,0,0,0,445018,1,1233,0,0,0,1,0,290,0,0
1790901057,40520544,95254794240,0,0,0,0,0,0,0,445018,1,1233,0,0,0,1,0,290,0,0
1790901058,40591556,95976820736,0,0,0,0,0,0,0,457806,1,1233,0,0,0,1,0,290,0,0
1790901059,40639784,96666324992,0,0,0,0,0,0,0,457806,1,1233,0,0,0,1,0,290,0,0
1790901060,40710000,97385373696,0,0,0,0,0,0,0,470726,1,1233,0,0,0,1,0,290,0,0
1790901061,40791312,98108633088,0,0,0,0,0,0,0,470726,1,1233,0,0,0,1,0,290,0,0
1790901062,40873336,98830405632,0,0,0,0,0,0,0,483550,1,1233,0,0,0,1,0,290,0,0
1790901064,40930516,99526078464,0,0,0,0,0,0,0,483550,1,1233,0,0,0,1,0,290,0,0
1790901065,41005164,100232953856,0,0,0,0,0,0,0,496523,1,1233,0,0,0,1,0,290,0,0
1790901066,41064768,100913795072,0,0,0,0,0,0,0,496523,1,1233,0,0,0,1,0,290,0,0
1790901067,41136096,101614313472,0,0,0,0,0,0,0,509498,1,1233,0,0,0,1,0,290,0,0
1790901068,41221112,102321266688,0,0,0,0,0,0,0,509498,1,1233,0,0,0,1,0,290,0,0
1790901069,41298568,103014354944,0,0,0,0,0,0,0,522450,1,1233,0,0,0,1,0,290,0,0
1790901070,41389568,103054057472,0,0,0,0,0,0,0,522450,1,1233,0,0,0,1,0,290,0,0
1790901071,41458868,103058333696,0,0,0,0,0,0,0,535342,1,1233,0,0,0,1,0,290,0,0
1790901072,41546944,103073906688,0,0,0,0,0,0,0,548092,1,1233,0,0,0,1,0,290,0,0
1790901073,41632240,103078825984,0,0,0,0,0,0,0,548092,1,1233,0,0,0,1,0,290,0,0
1790901074,41722020,103035662336,0,0,0,0,0,0,0,560721,1,1233,0,0,0,1,0,290,0,0
1790901075,41807204,103077478400,0,0,0,0,0,0,0,560721,1,1233,0,0,0,1,0,290,0,0
1790901076,41886488,103065767936,0,0,0,0,0,0,0,573718,1,1233,0,0,0,1,0,290,0,0
1790901077,41959696,103074570240,0,0,0,0,0,0,0,573718,1,1233,0,0,0,1,0,290,0,0
1790901078,42023676,103069913088,0,0,0,0,0,0,0,586630,1,1233,0,0,0,1,0,290,0,0
1790901079,42089868,103046660096,0,0,0,0,0,0,0,586630,1,1233,0,0,0,1,0,290,0,0
1790901080,42149848,103059554304,0,0,0,0,0,0,0,599391,1,1233,0,0,0,1,0,290,0,0
1790901081,42211508,103054176256,0,0,0,0,0,0,0,599391,1,1233,0,0,0,1,0,290,0,0
1790901082,42255376,103058362368,0,0,0,0,0,0,0,612342,1,1233,0,0,0,1,0,290,0,0
1790901084,42312556,103076032512,0,0,0,0,0,0,0,612342,1,1233,0,0,0,1,0,290,0,0
1790901085,42361632,103061647360,0,0,0,0,0,0,0,625241,1,1233,0,0,0,1,0,290,0,0
1790901086,42408976,103055663104,0,0,0,0,0,0,0,625241,1,1233,0,0,0,1,0,290,0,0
1790901087,42468272,103072018432,0,0,0,0,0,0,0,638027,1,1233,0,0,0,1,0,290,0,0
1790901088,42522740,103033896960,0,0,0,0,0,0,0,638027,1,1233,0,0,0,1,0,290,0,0
1790901089,42576640,103052570624,0,0,0,0,0,0,0,650850,1,1233,0,0,0,1,0,290,0,0
1790901090,42633232,103064383488,0,0,0,0,0,0,0,650850,1,1233,0,0,0,1,0,290,0,0
1790901091,42690960,103057006592,0,0,0,0,0,0,0,663696,1,1233,0,0,0,1,0,290,0,0
1790901092,42746232,103041392640,0,0,0,0,0,0,0,676615,1,1233,0,0,0,1,0,290,0,0
1790901093,42813036,103077261312,0,0,0,0,0,0,0,676615,1,1233,0,0,0,1,0,290,0,0
1790901094,42887376,103050723328,0,0,0,0,0,0,0,689434,1,1233,0,0,0,1,0,290,0,0
1790901095,42943172,103068250112,0,0,0,0,0,0,0,689434,1,1233,0,0,0,1,0,290,0,0
1790901096,43007036,103048638464,0,0,0,0,0,0,0,702306,1,1233,0,0,0,1,0,290,0,0
1790901097,43061280,103060434944,0,0,0,0,0,0,0,702306,1,1233,0,0,0,1,0,290,0,0
1790901098,43125540,103065186304,0,0,0,0,0,0,0,715100,1,1233,0,0,0,1,0,290,0,0
1790901099,43186452,103072157696,0,0,0,0,0,0,0,715100,1,1233,0,0,0,1,0,290,0,0
1790901100,43258192,103078473728,0,0,0,0,0,0,0,728003,1,1233,0,0,0,1,0,290,0,0
1790901102,43331332,103072075776,0,0,0,0,0,0,0,728003,1,1233,0,0,0,1,0,290,0,0
1790901103,43399064,103074615296,0,0,0,0,0,0,0,740759,1,1233,0,0,0,1,0,290,0,0
1790901104,43471804,103026786304,0,0,0,0,0,0,0,740759,1,1233,0,0,0,1,0,290,0,0
1790901105,43540028,103054245888,0,0,0,0,0,0,0,753633,1,1233,0,0,0,1,0,290,0,0
1790901106,43604000,103067385856,0,0,0,0,0,0,0,753633,1,1233,0,0,0,1,0,290,0,0
1790901107,43664712,103057379328,0,0,0,0,0,0,0,766305,1,1233,0,0,0,1,0,290,0,0
1790901108,43731944,103047843840,0,0,0,0,0,0,0,766305,1,1233,0,0,0,1,0,290,0,0
1790901109,43796456,103079149568,0,0,0,0,0,0,0,779173,1,1233,0,0,0,1,0,290,0,0
1790901110,43858092,103058567168,0,0,0,0,0,0,0,779173,1,1233,0,0,0,1,0,290,0,0
1790901111,43906248,103072813056,0,0,0,0,0,0,0,791945,1,1233,0,0,0,1,0,290,0,0
1790901112,43948176,103024504832,0,0,0,0,0,0,0,791945,1,1233,0,0,0,1,0,290,0,0
1790901113,43991656,103071723520,0,0,0,0,0,0,0,804733,1,1233,0,0,0,1,0,290,0,0
1790901114,44038016,103048384512,0,0,0,0,0,0,0,817471,1,1233,0,0,0,1,0,290,0,0
1790901115,44082888,103059640320,0,0,0,0,0,0,0,817471,1,1233,0,0,0,1,0,290,0,0
1790901116,44137140,103041396736,0,0,0,0,0,0,0,830414,1,1233,0,0,0,1,0,290,0,0
1790901117,44192904,103065731072,0,0,0,0,0,0,0,830414,1,1233,0,0,0,1,0,290,0,0
1790901118,44238724,103077617664,0,0,0,0,0,0,0,843263,1,1233,0,0,0,1,0,290,0,0
1790901119,44289672,103074742272,0,0,0,0,0,0,0,843263,1,1233,0,0,0,1,0,290,0,0
1790901121,44341552,103058792448,0,0,0,0,0,0,0,856186,1,1233,0,0,0,1,0,290,0,0
1790901122,44383080,103070289920,0,0,0,0,0,0,0,856186,1,1233,0,0,0,1,0,290,0,0
1790901123,44425320,103072849920,0,0,0,0,0,0,0,869104,1,1233,0,0,0,1,0,290,0,0
1790901124,44479000,103059234816,0,0,0,0,0,0,0,869104,1,1233,0,0,0,1,0,290,0,0
1790901125,44541612,103067987968,0,0,0,0,0,0,0,882014,1,1233,0,0,0,1,0,290,0,0
1790901126,44616392,103049388032,0,0,0,0,0,0,0,882014,1,1233,0,0,0,1,0,290,0,0
1790901127,44702360,103062990848,0,0,0,0,0,0,0,894882,1,1233,0,0,0,1,0,290,0,0
1790901128,44779620,103050600448,0,0,0,0,0,0,0,894882,1,1233,0,0,0,1,0,290,0,0
1790901129,44852284,103070494720,0,0,0,0,0,0,0,907685,1,1233,0,0,0,1,0,290,0,0
1790901130,44917308,103078629376,0,0,0,0,0,0,0,907685,1,1233,0,0,0,1,0,290,0,0
1790901131,45000084,103063367680,0,0,0,0,0,0,0,920572,1,1233,0,0,0,1,0,290,0,0
1790901132,45076208,103044775936,0,0,0,0,0,0,0,920572,1,1233,0,0,0,1,0,290,0,0
1790901133,45166628,103079215104,0,0,0,0,0,0,0,933323,1,1233,0,0,0,1,0,290,0,0
1790901134,45252892,103062859776,0,0,0,0,0,0,0,933323,1,1233,0,0,0,1,0,290,0,0
1790901135,45334728,103051407360,0,0,0,0,0,0,0,946290,1,1233,0,0,0,1,0,290,0,0
1790901136,45415536,103077773312,0,0,0,0,0,0,0,959227,1,1233,0,0,0,1,0,290,0,0
1790901137,45486876,103029329920,0,0,0,0,0,0,0,959227,1,1233,0,0,0,1,0,290,0,0
1790901138,45566408,103059357696,0,0,0,0,0,0,0,971938,1,1233,0,0,0,1,0,290,0,0
1790901140,45637716,103068225536,0,0,0,0,0,0,0,971938,1,1233,0,0,0,1,0,290,0,0
1790901141,45714004,103055290368,0,0,0,0,0,0,0,984569,1,1233,0,0,0,1,0,290,0,0
1790901142,45781924,103053598720,0,0,0,0,0,0,0,984569,1,1233,0,0,0,1,0,290,0,0
1790901143,45856900,103059070976,0,0,0,0,0,0,0,997160,1,1233,0,0,0,1,0,290,0,0
1790901144,45923376,103074123776,0,0,0,0,0,0,0,997160,1,1233,0,0,0,1,0,290,0,0
1790901145,45988180,103065042944,0,0,0,0,0,0,0,1009893,1,1233,0,0,0,1,0,290,0,0
1790901146,46057496,103052840960,0,0,0,0,0,0,0,1009893,1,1233,0,0,0,1,0,290,0,0
1790901147,46112656,103064903680,0,0,0,0,0,0,0,1022481,1,1233,0,0,0,1,0,290,0,0
1790901148,46165840,103055319040,0,0,0,0,0,0,0,1022481,1,1233,0,0,0,1,0,290,0,0
1790901149,46232020,103059795968,0,0,0,0,0,0,0,1035243,1,1233,0,0,0,1,0,290,0,0
1790901150,46281160,103066853376,0,0,0,0,0,0,0,1035243,1,1233,0,0,0,1,0,290,0,0
1790901151,46338080,103075598336,0,0,0,0,0,0,0,1048071,1,1233,0,0,0,1,0,290,0,0
1790901152,46395160,103078674432,0,0,0,0,0,0,0,1048071,1,1233,0,0,0,1,0,290,0,0
1790901153,46440300,103005188096,0,0,0,0,0,0,0,1060924,1,1233,0,0,0,1,0,290,0,0
1790901154,46495552,103060103168,0,0,0,0,0,0,0,1060924,1,1233,0,0,0,1,0,290,0,0
1790901155,46542852,103060738048,0,0,0,0,0,0,0,1073626,1,1233,0,0,0,1,0,290,0,0
1790901156,46605008,103048220672,0,0,0,0,0,0,0,1073626,1,1233,0,0,0,1,0,290,0,0
1790901157,46660656,103057297408,0,0,0,0,0,0,0,1086240,1,1233,0,0,0,1,0,290,0,0
1790901159,46722892,103035199488,0,0,0,0,0,0,0,1098962,1,1233,0,0,0,1,0,290,0,0
1790901160,46796420,103064223744,0,0,0,0,0,0,0,1098962,1,1233,0,0,0,1,0,290,0,0
1790901161,46849960,103058735104,0,0,0,0,0,0,0,1111709,1,1233,0,0,0,1,0,290,0,0
1790901162,46901280,103013150720,0,0,0,0,0,0,0,1111709,1,1233,0,0,0,1,0,290,0,0
1790901163,46950164,103026388992,0,0,0,0,0,0,0,1124656,1,1233,0,0,0,1,0,290,0,0
1790901164,47003548,103051870208,0,0,0,0,0,0,0,1124656,1,1233,0,0,0,1,0,290,0,0
1790901165,47061820,103071019008,0,0,0,0,0,0,0,1137454,1,1233,0,0,0,1,0,290,0,0
1790901166,47129400,103073107968,0,0,0,0,0,0,0,1137454,1,1233,0,0,0,1,0,290,0,0
1790901167,47192332,103077568512,0,0,0,0,0,0,0,1150212,1,1233,0,0,0,1,0,290,0,0
1790901168,47244164,103060389888,0,0,0,0,0,0,0,1150212,1,1233,0,0,0,1,0,290,0,0
1790901169,47308280,103075475456,0,0,0,0,0,0,0,1163025,1,1233,0,0,0,1,0,290,0,0
1790901170,47359584,103052214272,0,0,0,0,0,0,0,1163025,1,1233,0,0,0,1,0,290,0,0
1790901171,47407796,103075160064,0,0,0,0,0,0,0,1175793,1,1233,0,0,0,1,0,290,0,0
1790901172,47451176,103063699456,0,0,0,0,0,0,0,1175793,1,1233,0,0,0,1,0,290,0,0
1790901173,47494152,103074586624,0,0,0,0,0,0,0,1188444,1,1233,0,0,0,1,0,290,0,0
1790901174,47540904,103063367680,0,0,0,0,0,0,0,1188444,1,1233,0,0,0,1,0,290,0,0
1790901175,47579620,103050752000,0,0,0,0,0,0,0,1201216,1,1233,0,0,0,1,0,290,0,0
1790901176,47623484,103075196928,0,0,0,0,0,0,0,1201216,1,1233,0,0,0,1,0,290,0,0
1790901178,47666308,103061884928,0,0,0,0,0,0,0,1214046,1,1233,0,0,0,1,0,290,0,0
1790901179,47704224,103072997376,0,0,0,0,0,0,0,1214046,1,1233,0,0,0,1,0,290,0,0
1790901180,47752176,103070195712,0,0,0,0,0,0,0,1226778,1,1233,0,0,0,1,0,290,0,0
1790901181,47796568,103061843968,0,0,0,0,0,0,0,1239620,1,1233,0,0,0,1,0,290,0,0
1790901182,47841784,103071657984,0,0,0,0,0,0,0,1239620,1,1233,0,0,0,1,0,290,0,0
1790901183,47893944,103066464256,0,0,0,0,0,0,0,1252441,1,1233,0,0,0,1,0,290,0,0
1790901184,47950384,103077502976,0,0,0,0,0,0,0,1252441,1,1233,0,0,0,1,0,290,0,0
1790901185,47998584,103060115456,0,0,0,0,0,0,0,1265101,1,1233,0,0,0,1,0,290,0,0
1790901186,48039404,103066787840,0,0,0,0,0,0,0,1265101,1,1233,0,0,0,1,0,290,0,0
1790901187,48080348,103056748544,0,0,0,0,0,0,0,1278091,1,1233,0,0,0,1,0,290,0,0
1790901188,48118952,103075930112,0,0,0,0,0,0,0,1278091,1,1233,0,0,0,1,0,290,0,0
1790901189,48163972,103060877312,0,0,0,0,0,0,0,1290862,1,1233,0,0,0,1,0,290,0,0
1790901190,48210024,103078252544,0,0,0,0,0,0,0,1290862,1,1233,0,0,0,1,0,290,0,0
1790901191,48264992,103050285056,0,0,0,0,0,0,0,1303534,1,1233,0,0,0,1,0,290,0,0
1790901192,48337684,103073681408,0,0,0,0,0,0,0,1303534,1,1233,0,0,0,1,0,290,0,0
1790901193,48401368,103078731776,0,0,0,0,0,0,0,1316129,1,1233,0,0,0,1,0,290,0,0
1790901194,48467664,103061188608,0,0,0,0,0,0,0,1316129,1,1233,0,0,0,1,0,290,0,0
1790901195,48539748,103063576576,0,0,0,0,0,0,0,1328775,1,1233,0,0,0,1,0,290,0,0
1790901197,48612124,103066304512,0,0,0,0,0,0,0,1328775,1,1233,0,0,0,1,0,290,0,0
1790901198,48697920,103064420352,0,0,0,0,0,0,0,1341564,1,1233,0,0,0,1,0,290,0,0
1790901199,48758124,103071760384,0,0,0,0,0,0,0,1341564,1,1233,0,0,0,1,0,290,0,0
1790901200,48839284,103078711296,0,0,0,0,0,0,0,1354099,1,1233,0,0,0,1,0,290,0,0
1790901201,48914832,103040815104,0,0,0,0,0,0,0,1354099,1,1233,0,0,0,1,0,290,0,0
1790901202,48970056,103072313344,0,0,0,0,0,0,0,1366755,1,1233,0,0,0,1,0,290,0,0
1790901203,49036744,103078260736,0,0,0,0,0,0,0,1366755,1,1233,0,0,0,1,0,290,0,0
1790901204,49108756,103076429824,0,0,0,0,0,0,0,1379401,1,1233,0,0,0,1,0,290,0,0
1790901205,49173580,103043510272,0,0,0,0,0,0,0,1392131,1,1233,0,0,0,1,0,290,0,0
1790901206,49226936,103079194624,0,0,0,0,0,0,0,1392131,1,1233,0,0,0,1,0,290,0,0
1790901207,49286044,103074963456,0,0,0,0,0,0,0,1404894,1,1233,0,0,0,1,0,290,0,0
1790901208,49347528,103056936960,0,0,0,0,0,0,0,1404894,1,1233,0,0,0,1,0,290,0,0
1790901209,49388920,103048716288,0,0,0,0,0,0,0,1417342,1,1233,0,0,0,1,0,290,0,0
1790901210,49438796,103058759680,0,0,0,0,0,0,0,1417342,1,1233,0,0,0,1,0,290,0,0
1790901211,49474632,103064354816,0,0,0,0,0,0,0,1430049,1,1233,0,0,0,1,0,290,0,0
1790901212,49515248,103060217856,0,0,0,0,0,0,0,1430049,1,1233,0,0,0,1,0,290,0,0
1790901213,49573048,103079190528,0,0,0,0,0,0,0,1442730,1,1233,0,0,0,1,0,290,0,0
1790901214,49617008,103062577152,0,0,0,0,0,0,0,1442730,1,1233,0,0,0,1,0,290,0,0
1790901215,49652396,103075397632,0,0,0,0,0,0,0,1455524,1,1233,0,0,0,1,0,290,0,0
1790901217,49694744,103069696000,0,0,0,0,0,0,0,1455524,1,1233,0,0,0,1,0,290,0,0
1790901218,49748780,103062196224,0,0,0,0,0,0,0,1468246,1,1233,0,0,0,1,0,290,0,0
1790901219,49803840,103075164160,0,0,0,0,0,0,0,1468246,1,1233,0,0,0,1,0,290,0,0
1790901220,49861956,103076433920,0,0,0,0,0,0,0,1481051,1,1233,0,0,0,1,0,290,0,0
1790901221,49919544,103069007872,0,0,0,0,0,0,0,1481051,1,1233,0,0,0,1,0,290,0,0
1790901222,49986740,103038521344,0,0,0,0,0,0,0,1493673,1,1233,0,0,0,1,0,290,0,0
1790901223,50053832,103077027840,0,0,0,0,0,0,0,1493673,1,1233,0,0,0,1,0,290,0,0
1790901224,50118336,103070625792,0,0,0,0,0,0,0,1506429,1,1233,0,0,0,1,0,290,0,0
1790901225,50176468,103074291712,0,0,0,0,0,0,0,1506429,1,1233,0,0,0,1,0,290,0,0
1790901226,50239692,103047192576,0,0,0,0,0,0,0,1519219,1,1233,0,0,0,1,0,290,0,0
1790901227,50294600,103070666752,0,0,0,0,0,0,0,1532054,1,1233,0,0,0,1,0,290,0,0
1790901228,50348028,103076044800,0,0,0,0,0,0,0,1532054,1,1233,0,0,0,1,0,290,0,0
1790901229,50398280,103050092544,0,0,0,0,0,0,0,1544831,1,1233,0,0,0,1,0,290,0,0
1790901230,50455068,103056556032,0,0,0,0,0,0,0,1544831,1,1233,0,0,0,1,0,290,0,0
1790901231,50511416,103077650432,0,0,0,0,0,0,0,1557461,1,1233,0,0,0,1,0,290,0,0
1790901232,50580152,103063195648,0,0,0,0,0,0,0,1557461,1,1233,0,0,0,1,0,290,0,0
1790901233,50644576,103072219136,0,0,0,0,0,0,0,1570310,1,1233,0,0,0,1,0,290,0,0
1790901234,50701028,103062310912,0,0,0,0,0,0,0,1570310,1,1233,0,0,0,1,0,290,0,0
1790901236,50753264,103060881408,0,0,0,0,0,0,0,1582949,1,1233,0,0,0,1,0,290,0,0
1790901237,50807644,103058223104,0,0,0,0,0,0,0,1582949,1,1233,0,0,0,1,0,290,0,0
1790901238,50872104,103055605760,0,0,0,0,0,0,0,1595736,1,1233,0,0,0,1,0,290,0,0
1790901239,50925724,103079014400,0,0,0,0,0,0,0,1595736,1,1233,0,0,0,1,0,290,0,0
1790901240,50978916,103071092736,0,0,0,0,0,0,0,1608442,1,1233,0,0,0,1,0,290,0,0
1790901241,51027160,103073374208,0,0,0,0,0,0,0,1608442,1,1233,0,0,0,1,0,290,0,0
1790901242,51077744,103064870912,0,0,0,0,0,0,0,1620943,1,1233,0,0,0,1,0,290,0,0
1790901243,51124212,103078363136,0,0,0,0,0,0,0,1620943,1,1233,0,0,0,1,0,290,0,0
1790901244,51189356,103069376512,0,0,0,0,0,0,0,1633651,1,1233,0,0,0,1,0,290,0,0
1790901245,51248228,103066406912,0,0,0,0,0,0,0,1633651,1,1233,0,0,0,1,0,290,0,0
1790901246,51307608,103070011392,0,0,0,0,0,0,0,1646205,1,1233,0,0,0,1,0,290,0,0
1790901247,51354168,103060684800,0,0,0,0,0,0,0,1646205,1,1233,0,0,0,1,0,290,0,0
1790901248,51412472,103075266560,0,0,0,0,0,0,0,1658873,1,1233,0,0,0,1,0,290,0,0
1790901249,51466800,103065681920,0,0,0,0,0,0,0,1658873,1,1233,0,0,0,1,0,290,0,0
1790901250,51507248,103064027136,0,0,0,0,0,0,0,1671547,1,1233,0,0,0,1,0,290,0,0
1790901251,51557184,103054409728,0,0,0,0,0,0,0,1684093,1,1233,0,0,0,1,0,290,0,0
1790901252,51622724,103073755136,0,0,0,0,0,0,0,1684093,1,1233,0,0,0,1,0,290,0,0
1790901253,51664196,103051259904,0,0,0,0,0,1,1,1695951,1,1234,1,0,1,1,0,290,0,0
1790901255,51702268,103078289408,0,0,0,0,0,1,1,1695951,1,1234,1,0,1,1,0,290,0,0
1790901256,51738796,103078866944,0,0,0,0,0,1,1,1707415,1,1237,1,0,1,1,0,290,0,0
1790901257,51773060,103068749824,0,0,0,0,0,1,1,1707415,1,1237,1,0,1,1,0,290,0,0
1790901258,51807312,103051476992,0,0,0,0,0,1,1,1718837,1,1245,1,0,1,1,0,290,0,0
1790901259,51845816,103055925248,0,0,0,0,0,1,1,1718837,1,1245,1,0,1,1,0,290,0,0
1790901260,51849152,103070740480,0,0,0,0,0,1,1,1730312,1,1253,1,0,1,1,0,290,0,0
1790901261,51855896,103066468352,0,0,0,0,0,1,1,1730312,1,1253,1,0,1,1,0,290,0,0
1790901262,51869012,103079043072,0,0,0,0,0,1,1,1741771,1,1262,1,0,1,1,0,290,0,0
1790901263,51872768,103071326208,0,0,0,0,0,1,1,1741771,1,1262,1,0,1,1,0,290,0,0
1790901264,51901044,103071272960,0,0,0,0,0,1,1,1753158,1,1269,1,0,1,1,0,290,0,0
1790901265,51917484,103052435456,0,0,0,0,0,1,1,1753158,1,1269,1,0,1,1,0,290,0,0
1790901266,51952280,103060471808,0,0,0,0,0,1,1,1764505,1,1269,1,0,1,1,0,290,0,0
1790901267,51985236,103073894400,0,0,0,0,0,1,1,1764505,1,1269,1,0,1,1,0,290,0,0
1790901268,52006588,103072768000,0,0,0,0,0,1,1,1775850,1,1269,1,0,1,1,0,290,0,0
1790901269,52037292,103056936960,0,0,0,0,0,1,1,1775850,1,1269,1,0,1,1,0,290,0,0
1790901270,52060012,103066873856,0,0,0,0,0,1,1,1787271,1,1269,1,0,1,1,0,290,0,0
1790901271,52079784,103077228544,0,0,0,0,0,1,1,1787271,1,1269,1,0,1,1,0,290,0,0
1790901272,50589508,100864417792,0,0,0,0,0,1,1,1798583,1,1269,1,0,1,1,0,290,0,0
1790901274,49874200,102032076800,0,0,0,0,0,1,1,1807530,3,1277,0,1,0,39,1,4831352465,3376770,6736868
1790901275,49750088,103065055232,0,0,0,0,0,1,1,1807530,3,1277,0,1,0,39,1,4831352465,3376770,6736868
1790901276,49322332,103069609984,0,0,0,0,0,1,1,1813286,3,1287,0,1,0,39,1,4831352465,3376770,6736868
1790901277,48730644,103071797248,0,0,0,0,0,1,1,1813286,3,1287,0,1,0,39,1,4831352465,3376770,6736868
1790901278,47753712,100780621824,0,0,0,0,0,1,1,1818144,3,1302,0,1,0,39,1,4831352465,3376770,6736868
1790901279,46562120,100211822592,0,0,0,0,0,1,1,1818144,3,1302,0,1,0,39,1,4831352465,3376770,6736868
1790901280,45476832,100405637120,0,0,0,0,0,1,1,1824568,5,1311,0,0,0,39,3,4831352465,2798488564,2802156514
1790901281,44697752,100831551488,0,0,0,0,0,1,1,1824568,5,1311,0,0,0,39,3,4831352465,2798488564,2802156514
1790901282,44439924,101817036800,0,0,0,0,0,1,1,1831288,5,1325,0,0,0,39,3,4831352465,2798488564,2802156514
1790901283,44216448,102766374912,0,0,0,0,0,1,1,1831288,5,1325,0,0,0,39,3,4831352465,2798488564,2802156514
1790901284,44135696,103070916608,0,0,0,0,0,1,1,1838294,5,1335,0,0,0,39,3,4831352465,2798488564,2802156514
1790901285,44070188,103061569536,0,0,0,0,0,1,1,1838294,5,1335,0,0,0,39,3,4831352465,2798488564,2802156514
1790901286,44056544,103071879168,0,0,0,0,0,1,1,1843769,5,1351,0,0,0,39,3,4831352465,2798488564,2802156514
1790901287,44054196,103053815808,0,0,0,0,0,1,1,1843769,5,1351,0,0,0,39,3,4831352465,2798488564,2802156514
1790901288,44078188,103054311424,0,0,0,0,0,1,1,1851688,5,1362,0,0,0,39,3,4831352465,2798488564,2802156514
1790901290,44112312,103060705280,0,0,0,0,0,1,1,1851688,5,1362,0,0,0,39,3,4831352465,2798488564,2802156514
1790901291,44159488,103058374656,0,0,0,0,0,1,1,1860747,5,1369,0,0,0,39,3,4831352465,2798488564,2802156514
1790901292,44215076,103075201024,0,0,0,0,0,1,1,1860747,5,1369,0,0,0,39,3,4831352465,2798488564,2802156514
1790901293,44251000,100783947776,0,0,0,0,0,1,1,1871072,5,1374,0,0,0,39,3,4831352465,2798488564,2802156514
1790901294,44302168,99125927936,0,0,0,0,0,1,1,1882060,7,1311,0,0,0,39,5,4831352465,7663376339,7709596299
1790901295,44360552,97394450432,0,0,0,0,0,1,1,1882060,7,1311,0,0,0,39,5,4831352465,7663376339,7709596299
1790901296,44418204,98082521088,0,0,0,0,0,1,1,1894390,8,1270,0,0,0,39,6,4831352465,10095788970,10162496052
1790901297,44486772,98764107776,0,0,0,0,0,1,1,1894390,8,1270,0,0,0,39,6,4831352465,10095788970,10162496052
1790901298,44528716,99412402176,0,0,0,0,0,1,1,1907070,8,1270,0,0,0,39,6,4831352465,10095788970,10162496052
1790901299,44573236,100077604864,0,0,0,0,0,1,1,1907070,8,1270,0,0,0,39,6,4831352465,10095788970,10162496052
1790901300,44626900,100750954496,0,0,0,0,0,1,1,1919657,8,1270,0,0,0,39,6,4831352465,10095788970,10162496052
1790901301,44697436,101430517760,0,0,0,0,0,1,1,1919657,8,1270,0,0,0,39,6,4831352465,10095788970,10162496052
1790901302,44726596,102078914560,0,0,0,0,0,1,1,1932255,8,1270,0,0,0,39,6,4831352465,10095788970,10162496052
1790901303,44767452,102737797120,0,0,0,0,0,1,1,1932255,8,1270,0,0,0,39,6,4831352465,10095788970,10162496052
1790901304,44813172,103050743808,0,0,0,0,0,1,1,1945018,8,1270,0,0,0,39,6,4831352465,10095788970,10162496052
1790901305,44849420,103039590400,0,0,0,0,0,1,1,1945018,8,1270,0,0,0,39,6,4831352465,10095788970,10162496052
1790901306,44901928,103078912000,0,0,0,0,0,1,1,1957657,8,1270,0,0,0,39,6,4831352465,10095788970,10162496052
1790901307,44925748,103074017280,0,0,0,0,0,1,1,1957657,8,1270,0,0,0,39,6,4831352465,10095788970,10162496052
1790901309,44967264,103074775040,0,0,0,0,0,1,1,1969337,8,1270,0,0,0,39,6,4831352465,10095788970,10162496052
1790901310,45019460,103073955840,0,0,0,0,0,1,1,1969337,8,1270,0,0,0,39,6,4831352465,10095788970,10162496052
1790901311,45050528,103072387072,0,0,0,0,0,1,1,1980859,8,1270,0,0,0,39,6,4831352465,10095788970,10162496052
1790901312,45100268,103069024256,0,0,0,0,0,1,1,1980859,8,1270,0,0,0,39,6,4831352465,10095788970,10162496052
1790901313,45165600,103077052416,0,0,0,0,0,1,1,1993402,8,1270,0,0,0,39,6,4831352465,10095788970,10162496052
1790901314,45236560,103059374080,0,0,0,0,0,1,1,1993402,8,1270,0,0,0,39,6,4831352465,10095788970,10162496052
1790901315,45303912,103064219648,0,0,0,0,0,1,1,2005973,8,1270,0,0,0,39,6,4831352465,10095788970,10162496052
1790901316,45368940,103069163520,0,0,0,0,0,1,1,2018579,8,1270,0,0,0,39,6,4831352465,10095788970,10162496052
1790901317,45427744,103075729408,0,0,0,0,0,1,1,2018579,8,1270,0,0,0,39,6,4831352465,10095788970,10162496052
1790901318,45491164,103055171584,0,0,0,0,0,1,1,2031110,8,1270,0,0,0,39,6,4831352465,10095788970,10162496052
1790901319,45552204,103068733440,0,0,0,0,0,1,1,2031110,8,1270,0,0,0,39,6,4831352465,10095788970,10162496052
1790901320,45600068,103079108608,0,0,0,0,0,1,1,2043728,8,1270,0,0,0,39,6,4831352465,10095788970,10162496052
1790901321,45654068,103035015168,0,0,0,0,0,1,1,2043728,8,1270,0,0,0,39,6,4831352465,10095788970,10162496052
1790901322,45723500,103051608064,0,0,0,0,0,1,1,2056220,8,1270,0,0,0,39,6,4831352465,10095788970,10162496052
1790901323,45771060,103056887808,0,0,0,0,0,1,1,2056220,8,1270,0,0,0,39,6,4831352465,10095788970,10162496052
1790901324,45817200,103075205120,0,0,0,0,0,1,1,2068735,8,1270,0,0,0,39,6,4831352465,10095788970,10162496052
1790901325,45867516,103069609984,0,0,0,0,0,1,1,2068735,8,1270,0,0,0,39,6,4831352465,10095788970,10162496052
1790901326,45887892,103036796928,0,0,0,0,0,1,1,2081262,8,1270,0,0,0,39,6,4831352465,10095788970,10162496052
1790901328,45910856,103057068032,0,0,0,0,0,1,1,2081262,8,1270,0,0,0,39,6,4831352465,10095788970,10162496052
1790901329,45938960,103076003840,0,0,0,0,0,1,1,2093707,8,1270,0,0,0,39,6,4831352465,10095788970,10162496052
1790901330,45978236,103077826560,0,0,0,0,0,1,1,2093707,8,1270,0,0,0,39,6,4831352465,10095788970,10162496052
1790901331,46016532,103071617024,0,0,0,0,0,1,1,2106258,8,1270,0,0,0,39,6,4831352465,10095788970,10162496052
1790901332,46059292,103060418560,0,0,0,0,0,1,1,2106258,8,1270,0,0,0,39,6,4831352465,10095788970,10162496052
1790901333,46097432,103062683648,0,0,0,0,0,1,1,2118928,8,1270,0,0,0,39,6,4831352465,10095788970,10162496052
1790901334,46147380,103059742720,0,0,0,0,0,1,1,2118928,8,1270,0,0,0,39,6,4831352465,10095788970,10162496052
1790901335,46191692,103071281152,0,0,0,0,0,1,1,2131496,8,1270,0,0,0,39,6,4831352465,10095788970,10162496052
1790901336,46239064,103053832192,0,0,0,0,0,1,1,2131496,8,1270,0,0,0,39,6,4831352465,10095788970,10162496052
1790901337,46294652,103036542976,0,0,0,0,0,1,1,2143865,8,1270,0,0,0,39,6,4831352465,10095788970,10162496052
1790901338,46347184,103070105600,0,0,0,0,0,1,1,2156360,8,1270,0,0,0,39,6,4831352465,10095788970,10162496052
1790901339,46402764,103065370624,0,0,0,0,0,1,1,2156360,8,1270,0,0,0,39,6,4831352465,10095788970,10162496052
1790901340,46446656,103078846464,0,0,0,0,0,1,1,2168879,8,1270,0,0,0,39,6,4831352465,10095788970,10162496052
1790901341,46484272,103072366592,0,0,0,0,0,1,1,2168879,8,1270,0,0,0,39,6,4831352465,10095788970,10162496052
1790901342,46515616,103072030720,0,0,0,0,0,1,1,2181533,8,1270,0,0,0,39,6,4831352465,10095788970,10162496052
1790901343,46556440,103048572928,0,0,0,0,0,1,1,2181533,8,1270,0,0,0,39,6,4831352465,10095788970,10162496052
1790901344,46596520,103075708928,0,0,0,0,0,1,1,2194113,8,1270,0,0,0,39,6,4831352465,10095788970,10162496052
1790901345,46635312,103073132544,0,0,0,0,0,1,1,2194113,8,1270,0,0,0,39,6,4831352465,10095788970,10162496052
1790901347,46660280,103072841728,0,0,0,0,0,1,1,2206366,8,1270,0,0,0,39,6,4831352465,10095788970,10162496052
1790901348,46689944,103077797888,0,0,0,0,0,1,1,2206366,8,1270,0,0,0,39,6,4831352465,10095788970,10162496052
1790901349,46716576,103050801152,0,0,0,0,0,1,1,2218896,8,1270,0,0,0,39,6,4831352465,10095788970,10162496052
1790901350,46727576,103079129088,0,0,0,0,0,1,1,2218896,8,1270,0,0,0,39,6,4831352465,10095788970,10162496052
1790901351,46750056,103066578944,0,0,0,0,0,1,1,2231407,8,1270,0,0,0,39,6,4831352465,10095788970,10162496052
1790901352,46773312,103073779712,0,0,0,0,0,1,1,2231407,8,1270,0,0,0,39,6,4831352465,10095788970,10162496052
1790901353,46802372,103073738752,0,0,0,0,0,1,1,2243887,8,1270,0,0,0,39,6,4831352465,10095788970,10162496052
1790901354,46831316,103048953856,0,0,0,0,0,1,1,2243887,8,1270,0,0,0,39,6,4831352465,10095788970,10162496052
1790901355,46866044,103071719424,0,0,0,0,0,1,1,2256432,8,1270,0,0,0,39,6,4831352465,10095788970,10162496052
1790901356,46893804,103073624064,0,0,0,0,0,1,1,2256432,8,1270,0,0,0,39,6,4831352465,10095788970,10162496052
1790901357,46937836,103054651392,0,0,0,0,0,1,1,2269070,8,1270,0,0,0,39,6,4831352465,10095788970,10162496052
1790901358,46964764,103072743424,0,0,0,0,0,1,1,2269070,8,1270,0,0,0,39,6,4831352465,10095788970,10162496052
1790901359,47001428,103072432128,0,0,0,0,0,1,1,2281791,8,1270,0,0,0,39,6,4831352465,10095788970,10162496052
1790901360,47030944,103059705856,0,0,0,0,0,1,1,2294255,8,1270,0,0,0,39,6,4831352465,10095788970,10162496052
1790901361,47068840,103051755520,0,0,0,0,0,1,1,2294255,8,1270,0,0,0,39,6,4831352465,10095788970,10162496052
1790901362,47115212,103049838592,0,0,0,0,0,1,1,2306951,8,1270,0,0,0,39,6,4831352465,10095788970,10162496052
1790901363,47162572,103048708096,0,0,0,0,0,1,1,2306951,8,1270,0,0,0,39,6,4831352465,10095788970,10162496052
1790901364,47199888,103076229120,0,0,0,0,0,1,1,2319668,8,1270,0,0,0,39,6,4831352465,10095788970,10162496052
1790901366,47239728,103076151296,0,0,0,0,0,1,1,2319668,8,1270,0,0,0,39,6,4831352465,10095788970,10162496052
1790901367,47256652,103071789056,0,0,0,0,0,1,1,2332208,8,1270,0,0,0,39,6,4831352465,10095788970,10162496052
1790901368,47282820,103072473088,0,0,0,0,0,1,1,2332208,8,1270,0,0,0,39,6,4831352465,10095788970,10162496052
1790901369,47308300,103046668288,0,0,0,0,0,1,1,2344875,8,1270,0,0,0,39,6,4831352465,10095788970,10162496052
1790901370,47354316,103007694848,0,0,0,0,0,1,1,2344875,8,1270,0,0,0,39,6,4831352465,10095788970,10162496052
1790901371,47400544,103075549184,0,0,0,0,0,1,1,2357360,8,1270,0,0,0,39,6,4831352465,10095788970,10162496052
1790901372,47457176,103036309504,0,0,0,0,0,1,1,2357360,8,1270,0,0,0,39,6,4831352465,10095788970,10162496052
1790901373,47512828,103077912576,0,0,0,0,0,1,1,2369966,8,1270,0,0,0,39,6,4831352465,10095788970,10162496052
1790901374,47554496,103052824576,0,0,0,0,0,1,1,2369966,8,1270,0,0,0,39,6,4831352465,10095788970,10162496052
1790901375,47589884,103055863808,0,0,0,0,0,1,1,2382530,8,1270,0,0,0,39,6,4831352465,10095788970,10162496052
1790901376,47625356,103067279360,0,0,0,0,0,1,1,2382530,8,1270,0,0,0,39,6,4831352465,10095788970,10162496052
1790901377,47671784,103054233600,0,0,0,0,0,1,1,2394972,8,1270,0,0,0,39,6,4831352465,10095788970,10162496052
1790901378,47728488,103067844608,0,0,0,0,0,1,1,2394972,8,1270,0,0,0,39,6,4831352465,10095788970,10162496052
1790901379,47790604,103049007104,0,0,0,0,0,1,1,2407509,8,1270,0,0,0,39,6,4831352465,10095788970,10162496052
1790901380,47848068,103036231680,0,0,0,0,0,1,1,2407509,8,1270,0,0,0,39,6,4831352465,10095788970,10162496052
1790901381,47914128,103078604800,0,0,0,0,0,1,1,2420084,8,1270,0,0,0,39,6,4831352465,10095788970,10162496052
1790901382,47979256,103034802176,0,0,0,0,0,1,1,2432464,8,1270,0,0,0,39,6,4831352465,10095788970,10162496052
1790901383,48051276,103065927680,0,0,0,0,0,1,1,2432464,8,1270,0,0,0,39,6,4831352465,10095788970,10162496052
1790901385,48113364,103074795520,0,0,0,0,0,1,1,2445014,8,1270,0,0,0,39,6,4831352465,10095788970,10162496052
1790901386,48181128,103060512768,0,0,0,0,0,1,1,2445014,8,1270,0,0,0,39,6,4831352465,10095788970,10162496052
1790901387,48251456,103074840576,0,0,0,0,0,1,1,2457490,8,1270,0,0,0,39,6,4831352465,10095788970,10162496052
1790901388,48316676,103077867520,0,0,0,0,0,1,1,2457490,8,1270,0,0,0,39,6,4831352465,10095788970,10162496052
1790901389,48374580,103077302272,0,0,0,0,0,1,1,2469917,8,1270,0,0,0,39,6,4831352465,10095788970,10162496052
1790901390,48425524,103065698304,0,0,0,0,0,1,1,2469917,8,1270,0,0,0,39,6,4831352465,10095788970,10162496052
1790901391,48472864,103054520320,0,0,0,0,0,1,1,2482461,8,1270,0,0,0,39,6,4831352465,10095788970,10162496052
1790901392,48522764,103040147456,0,0,0,0,0,1,1,2482461,8,1270,0,0,0,39,6,4831352465,10095788970,10162496052
1790901393,48574724,103062990848,0,0,0,0,0,1,1,2495044,8,1270,0,0,0,39,6,4831352465,10095788970,10162496052
1790901394,48637712,103073501184,0,0,0,0,0,1,1,2495044,8,1270,0,0,0,39,6,4831352465,10095788970,10162496052
1790901395,48693068,103066615808,0,0,0,0,0,1,1,2507490,8,1270,0,0,0,39,6,4831352465,10095788970,10162496052
1790901396,48749952,103046975488,0,0,0,0,0,1,1,2507490,8,1270,0,0,0,39,6,4831352465,10095788970,10162496052
1790901397,48792816,103070765056,0,0,0,0,0,1,1,2520008,8,1270,0,0,0,39,6,4831352465,10095788970,10162496052
1790901398,48850504,103067394048,0,0,0,0,0,1,1,2520008,8,1270,0,0,0,39,6,4831352465,10095788970,10162496052
1790901399,48895348,103073763328,0,0,0,0,0,1,1,2532520,8,1270,0,0,0,39,6,4831352465,10095788970,10162496052
1790901400,48932872,103050768384,0,0,0,0,0,1,1,2532520,8,1270,0,0,0,39,6,4831352465,10095788970,10162496052
1790901401,48969360,103072243712,0,0,0,0,0,1,1,2544953,8,1270,0,0,0,39,6,4831352465,10095788970,10162496052
1790901402,49000404,103058800640,0,0,0,0,0,1,1,2544953,8,1270,0,0,0,39,6,4831352465,10095788970,10162496052
1790901404,49029304,103071444992,0,0,0,0,0,1,1,2557553,8,1270,0,0,0,39,6,4831352465,10095788970,10162496052
1790901405,49062252,103065059328,0,0,0,0,0,1,1,2570318,8,1270,0,0,0,39,6,4831352465,10095788970,10162496052
1790901406,49087888,103077494784,0,0,0,0,0,1,1,2570318,8,1270,0,0,0,39,6,4831352465,10095788970,10162496052
1790901407,49118540,103059181568,0,0,0,0,0,1,1,2583076,8,1270,0,0,0,39,6,4831352465,10095788970,10162496052
1790901408,49154888,103077670912,0,0,0,0,0,1,1,2583076,8,1270,0,0,0,39,6,4831352465,10095788970,10162496052
1790901409,49175440,103049105408,0,0,0,0,0,1,1,2595656,8,1270,0,0,0,39,6,4831352465,10095788970,10162496052
1790901410,49204296,103072133120,0,0,0,0,0,1,1,2595656,8,1270,0,0,0,39,6,4831352465,10095788970,10162496052
1790901411,49221948,103069229056,0,0,0,0,0,1,1,2608331,8,1270,0,0,0,39,6,4831352465,10095788970,10162496052
1790901412,49238496,103064190976,0,0,0,0,0,1,1,2608331,8,1270,0,0,0,39,6,4831352465,10095788970,10162496052
1790901413,49261352,103057371136,0,0,0,0,0,1,1,2621114,8,1270,0,0,0,39,6,4831352465,10095788970,10162496052
1790901414,49288864,103055007744,0,0,0,0,0,1,1,2621114,8,1270,0,0,0,39,6,4831352465,10095788970,10162496052
1790901415,49317856,103077609472,0,0,0,0,0,1,1,2633541,8,1270,0,0,0,39,6,4831352465,10095788970,10162496052
1790901416,49333120,103056261120,0,0,0,0,0,1,1,2633541,8,1270,0,0,0,39,6,4831352465,10095788970,10162496052
1790901417,49359484,103069310976,0,0,0,0,0,1,1,2646227,8,1270,0,0,0,39,6,4831352465,10095788970,10162496052
1790901418,49380528,103077367808,0,0,0,0,0,1,1,2646227,8,1270,0,0,0,39,6,4831352465,10095788970,10162496052
1790901419,49410200,103051743232,0,0,0,0,0,1,1,2658668,8,1270,0,0,0,39,6,4831352465,10095788970,10162496052
1790901420,49443068,103061303296,0,0,0,0,0,1,1,2658668,8,1270,0,0,0,39,6,4831352465,10095788970,10162496052
1790901421,49472536,103076372480,0,0,0,0,0,1,1,2671065,8,1270,0,0,0,39,6,4831352465,10095788970,10162496052
1790901423,49522004,103069335552,0,0,0,0,0,1,1,2671065,8,1270,0,0,0,39,6,4831352465,10095788970,10162496052
1790901424,49573864,103073341440,0,0,0,0,0,1,1,2683757,8,1270,0,0,0,39,6,4831352465,10095788970,10162496052
1790901425,49619064,103063515136,0,0,0,0,0,1,1,2683757,8,1270,0,0,0,39,6,4831352465,10095788970,10162496052
1790901426,49661700,103079006208,0,0,0,0,0,1,1,2696302,8,1270,0,0,0,39,6,4831352465,10095788970,10162496052
1790901427,49706464,103076016128,0,0,0,0,0,1,1,2696302,8,1270,0,0,0,39,6,4831352465,10095788970,10162496052
1790901428,49737344,103074603008,0,0,0,0,0,1,1,2708892,8,1270,0,0,0,39,6,4831352465,10095788970,10162496052
1790901429,49779700,103049555968,0,0,0,0,0,1,1,2721647,8,1270,0,0,0,39,6,4831352465,10095788970,10162496052
1790901430,49818716,103078817792,0,0,0,0,0,1,1,2721647,8,1270,0,0,0,39,6,4831352465,10095788970,10162496052
1790901431,49874792,103068897280,0,0,0,0,0,1,1,2734163,8,1270,0,0,0,39,6,4831352465,10095788970,10162496052
1790901432,49921212,103072940032,0,0,0,0,0,1,1,2734163,8,1270,0,0,0,39,6,4831352465,10095788970,10162496052
1790901433,49977040,103043874816,0,0,0,0,0,1,1,2746681,8,1270,0,0,0,39,6,4831352465,10095788970,10162496052
1790901434,50028256,103073472512,0,0,0,0,0,1,1,2746681,8,1270,0,0,0,39,6,4831352465,10095788970,10162496052
1790901435,50080344,103074598912,0,0,0,0,0,1,1,2759235,8,1270,0,0,0,39,6,4831352465,10095788970,10162496052
1790901436,50123644,103077421056,0,0,0,0,0,1,1,2759235,8,1270,0,0,0,39,6,4831352465,10095788970,10162496052
1790901437,50171292,103051915264,0,0,0,0,0,1,1,2771850,8,1270,0,0,0,39,6,4831352465,10095788970,10162496052
1790901438,50218936,103061491712,0,0,0,0,0,1,1,2771850,8,1270,0,0,0,39,6,4831352465,10095788970,10162496052
1790901439,50282740,103063494656,0,0,0,0,0,1,1,2784356,8,1270,0,0,0,39,6,4831352465,10095788970,10162496052
1790901440,50330040,103040094208,0,0,0,0,0,1,1,2784356,8,1270,0,0,0,39,6,4831352465,10095788970,10162496052
1790901442,50372368,103059689472,0,0,0,0,0,1,1,2796884,8,1270,0,0,0,39,6,4831352465,10095788970,10162496052
1790901443,50418120,103062011904,0,0,0,0,0,1,1,2796884,8,1270,0,0,0,39,6,4831352465,10095788970,10162496052
1790901444,50460588,103073554432,0,0,0,0,0,1,1,2809500,8,1270,0,0,0,39,6,4831352465,10095788970,10162496052
1790901445,50493540,103057723392,0,0,0,0,0,1,1,2809500,8,1270,0,0,0,39,6,4831352465,10095788970,10162496052
1790901446,50539180,103053172736,0,0,0,0,0,1,1,2822168,8,1270,0,0,0,39,6,4831352465,10095788970,10162496052
1790901447,50573980,103076483072,0,0,0,0,0,1,1,2822168,8,1270,0,0,0,39,6,4831352465,10095788970,10162496052
1790901448,50601064,103063752704,0,0,0,0,0,1,1,2834745,8,1270,0,0,0,39,6,4831352465,10095788970,10162496052
1790901449,50629132,103074955264,0,0,0,0,0,1,1,2847347,8,1270,0,0,0,39,6,4831352465,10095788970,10162496052
1790901450,50667172,103074357248,0,0,0,0,0,1,1,2847347,8,1270,0,0,0,39,6,4831352465,10095788970,10162496052
1790901451,50686832,103074316288,0,0,0,0,0,1,1,2859706,8,1270,0,0,0,39,6,4831352465,10095788970,10162496052
1790901452,50708040,103073423360,0,0,0,0,0,1,1,2859706,8,1270,0,0,0,39,6,4831352465,10095788970,10162496052
1790901453,50739156,103041196032,0,0,0,0,0,1,1,2872284,8,1270,0,0,0,39,6,4831352465,10095788970,10162496052
1790901454,50751376,103050436608,0,0,0,0,0,1,1,2872284,8,1270,0,0,0,39,6,4831352465,10095788970,10162496052
1790901455,50772512,103072813056,0,0,0,0,0,1,1,2884755,8,1270,0,0,0,39,6,4831352465,10095788970,10162496052
1790901456,50804912,103074852864,0,0,0,0,0,1,1,2884755,8,1270,0,0,0,39,6,4831352465,10095788970,10162496052
1790901457,50838548,103048019968,0,0,0,0,0,1,1,2897155,8,1270,0,0,0,39,6,4831352465,10095788970,10162496052
1790901458,50885584,103055458304,0,0,0,0,0,1,1,2897155,8,1270,0,0,0,39,6,4831352465,10095788970,10162496052
1790901459,50925316,103063072768,0,0,0,0,0,1,1,2909697,8,1270,0,0,0,39,6,4831352465,10095788970,10162496052
1790901461,50961012,103062212608,0,0,0,0,0,1,1,2909697,8,1270,0,0,0,39,6,4831352465,10095788970,10162496052
1790901462,51014380,103078391808,0,0,0,0,0,1,1,2922103,8,1270,0,0,0,39,6,4831352465,10095788970,10162496052
1790901463,51068608,103076208640,0,0,0,0,0,1,1,2922103,8,1270,0,0,0,39,6,4831352465,10095788970,10162496052
1790901464,51121108,103075983360,0,0,0,0,0,1,1,2934635,8,1270,0,0,0,39,6,4831352465,10095788970,10162496052
1790901465,51176152,103069659136,0,0,0,0,0,1,1,2934635,8,1270,0,0,0,39,6,4831352465,10095788970,10162496052
1790901466,51208708,103076360192,0,0,0,0,0,1,1,2947165,8,1270,0,0,0,39,6,4831352465,10095788970,10162496052
1790901467,51268812,103065800704,0,0,0,0,0,1,1,2947165,8,1270,0,0,0,39,6,4831352465,10095788970,10162496052
1790901468,51326364,103072493568,0,0,0,0,0,1,1,2959815,8,1270,0,0,0,39,6,4831352465,10095788970,10162496052
1790901469,51365356,103078633472,0,0,0,0,0,1,1,2959815,8,1270,0,0,0,39,6,4831352465,10095788970,10162496052
1790901470,51417220,103075090432,0,0,0,0,0,1,1,2972183,8,1270,0,0,0,39,6,4831352465,10095788970,10162496052
1790901471,51472536,103075835904,0,0,0,0,0,1,1,2972183,8,1270,0,0,0,39,6,4831352465,10095788970,10162496052
1790901472,51522712,103049097216,0,0,0,0,0,1,1,2984747,8,1270,0,0,0,39,6,4831352465,10095788970,10162496052
1790901473,51564964,103060500480,0,0,0,0,0,1,1,2997310,8,1270,0,0,0,39,6,4831352465,10095788970,10162496052
1790901474,51602252,103071617024,0,0,0,0,0,1,1,2997310,8,1270,0,0,0,39,6,4831352465,10095788970,10162496052
1790901475,51641040,103074177024,0,0,0,0,0,1,1,3009913,8,1270,0,0,0,39,6,4831352465,10095788970,10162496052
1790901476,51682092,103068303360,0,0,0,0,0,1,1,3009913,8,1270,0,0,0,39,6,4831352465,10095788970,10162496052
1790901477,51714964,103073492992,0,0,0,0,0,1,1,3022309,8,1270,0,0,0,39,6,4831352465,10095788970,10162496052
1790901478,51739308,103077974016,0,0,0,0,0,1,1,3022309,8,1270,0,0,0,39,6,4831352465,10095788970,10162496052
1790901479,51773768,103068360704,0,0,0,0,0,1,1,3034933,8,1270,0,0,0,39,6,4831352465,10095788970,10162496052
1790901481,51809868,103072686080,0,0,0,0,0,1,1,3034933,8,1270,0,0,0,39,6,4831352465,10095788970,10162496052
1790901482,51852536,103063908352,0,0,0,0,0,1,1,3047412,8,1270,0,0,0,39,6,4831352465,10095788970,10162496052
1790901483,51899788,103070048256,0,0,0,0,0,1,1,3047412,8,1270,0,0,0,39,6,4831352465,10095788970,10162496052
1790901484,51965432,103068577792,0,0,0,0,0,1,1,3059917,8,1270,0,0,0,39,6,4831352465,10095788970,10162496052
1790901485,52042936,103078055936,0,0,0,0,0,1,1,3059917,8,1270,0,0,0,39,6,4831352465,10095788970,10162496052
1790901486,52104268,103068495872,0,0,0,0,0,1,1,3072311,8,1270,0,0,0,39,6,4831352465,10095788970,10162496052
1790901487,52172520,103079202816,0,0,0,0,0,1,1,3072311,8,1270,0,0,0,39,6,4831352465,10095788970,10162496052
1790901488,52231656,103073738752,0,0,0,0,0,1,1,3084958,8,1270,0,0,0,39,6,4831352465,10095788970,10162496052
1790901489,52298004,103043915776,0,0,0,0,0,1,1,3084958,8,1270,0,0,0,39,6,4831352465,10095788970,10162496052
1790901490,52359524,103079002112,0,0,0,0,0,1,1,3097498,8,1270,0,0,0,39,6,4831352465,10095788970,10162496052
1790901491,52413340,103067021312,0,0,0,0,0,1,1,3097498,8,1270,0,0,0,39,6,4831352465,10095788970,10162496052
1790901492,52470228,103064190976,0,0,0,0,0,1,1,3109999,8,1270,0,0,0,39,6,4831352465,10095788970,10162496052
1790901493,52521616,103075082240,0,0,0,0,0,1,1,3109999,8,1270,0,0,0,39,6,4831352465,10095788970,10162496052
1790901494,52581604,103077638144,0,0,0,0,0,1,1,3122397,8,1270,0,0,0,39,6,4831352465,10095788970,10162496052
1790901495,52641540,103076716544,0,0,0,0,0,1,1,3135012,8,1270,0,0,0,39,6,4831352465,10095788970,10162496052
1790901496,52696924,103071100928,0,0,0,0,0,1,1,3135012,8,1270,0,0,0,39,6,4831352465,10095788970,10162496052
1790901497,52749700,103076225024,0,0,0,0,0,1,1,3147471,8,1270,0,0,0,39,6,4831352465,10095788970,10162496052
1790901498,52813308,103058829312,0,0,0,0,0,1,1,3147471,8,1270,0,0,0,39,6,4831352465,10095788970,10162496052
1790901500,52880152,103065243648,0,0,0,0,0,1,1,3159901,8,1270,0,0,0,39,6,4831352465,10095788970,10162496052
1790901501,52941052,103077453824,0,0,0,0,0,1,1,3159901,8,1270,0,0,0,39,6,4831352465,10095788970,10162496052
1790901502,52998184,103058366464,0,0,0,0,0,1,1,3172483,8,1270,0,0,0,39,6,4831352465,10095788970,10162496052
1790901503,53055508,103064088576,0,0,0,0,0,1,1,3172483,8,1270,0,0,0,39,6,4831352465,10095788970,10162496052
1790901504,53100768,103078080512,0,0,0,0,0,1,1,3185054,8,1270,0,0,0,39,6,4831352465,10095788970,10162496052
1790901505,53145708,103079145472,0,0,0,0,0,1,1,3185054,8,1270,0,0,0,39,6,4831352465,10095788970,10162496052
1790901506,53177584,103048802304,0,0,0,0,0,1,1,3197713,8,1270,0,0,0,39,6,4831352465,10095788970,10162496052
1790901507,53194352,103054229504,0,0,0,0,0,1,1,3197713,8,1270,0,0,0,39,6,4831352465,10095788970,10162496052
1790901508,53218696,103063552000,0,0,0,0,0,1,1,3210324,8,1270,0,0,0,39,6,4831352465,10095788970,10162496052
1790901509,53242372,103078273024,0,0,0,0,0,1,1,3210324,8,1270,0,0,0,39,6,4831352465,10095788970,10162496052
1790901510,53273240,103078293504,0,0,0,0,0,1,1,3222901,8,1270,0,0,0,39,6,4831352465,10095788970,10162496052
1790901511,53310820,103045632000,0,0,0,0,0,1,1,3222901,8,1270,0,0,0,39,6,4831352465,10095788970,10162496052
1790901512,53339056,103068631040,0,0,0,0,0,1,1,3235520,8,1270,0,0,0,39,6,4831352465,10095788970,10162496052
1790901513,53378516,103073550336,0,0,0,0,0,1,1,3235520,8,1270,0,0,0,39,6,4831352465,10095788970,10162496052
1790901514,53429492,103076712448,0,0,0,0,0,1,1,3248053,8,1270,0,0,0,39,6,4831352465,10095788970,10162496052
1790901515,53481668,103073005568,0,0,0,0,0,1,1,3248053,8,1270,0,0,0,39,6,4831352465,10095788970,10162496052
1790901516,53507384,103064031232,0,0,0,0,0,1,1,3260559,8,1270,0,0,0,39,6,4831352465,10095788970,10162496052
1790901517,53551248,103073488896,0,0,0,0,0,1,1,3260559,8,1270,0,0,0,39,6,4831352465,10095788970,10162496052
1790901519,53585476,103067774976,0,0,0,0,0,1,1,3273136,8,1270,0,0,0,39,6,4831352465,10095788970,10162496052
1790901520,53607512,103078354944,0,0,0,0,0,1,1,3285628,8,1270,0,0,0,39,6,4831352465,10095788970,10162496052
1790901521,53661408,103065976832,0,0,0,0,0,1,1,3285628,8,1270,0,0,0,39,6,4831352465,10095788970,10162496052
1790901522,53703024,103065149440,0,0,0,0,0,1,1,3298087,8,1270,0,0,0,39,6,4831352465,10095788970,10162496052
1790901523,53718680,103065210880,0,0,0,0,0,1,1,3298087,8,1270,0,0,0,39,6,4831352465,10095788970,10162496052
1790901524,53743016,103079194624,0,0,0,0,0,1,1,3310487,8,1270,0,0,0,39,6,4831352465,10095788970,10162496052
1790901525,53767724,103073771520,0,0,0,0,0,1,1,3310487,8,1270,0,0,0,39,6,4831352465,10095788970,10162496052
1790901526,53786796,103069421568,0,0,0,0,0,1,1,3323079,8,1270,0,0,0,39,6,4831352465,10095788970,10162496052
1790901527,53810028,103065628672,0,0,0,0,0,1,1,3323079,8,1270,0,0,0,39,6,4831352465,10095788970,10162496052
1790901528,53846236,103065362432,0,0,0,0,0,1,1,3335623,8,1270,0,0,0,39,6,4831352465,10095788970,10162496052
1790901529,53876784,103049568256,0,0,0,0,0,1,1,3335623,8,1270,0,0,0,39,6,4831352465,10095788970,10162496052
1790901530,53914352,103076732928,0,0,0,0,0,1,1,3348083,8,1270,0,0,0,39,6,4831352465,10095788970,10162496052
1790901531,53945896,103057739776,0,0,0,0,0,1,1,3348083,8,1270,0,0,0,39,6,4831352465,10095788970,10162496052
1790901532,53981828,103072620544,0,0,0,0,0,1,1,3360581,8,1270,0,0,0,39,6,4831352465,10095788970,10162496052
1790901533,54013180,103070236672,0,0,0,0,0,1,1,3360581,8,1270,0,0,0,39,6,4831352465,10095788970,10162496052
1790901534,54087020,103069077504,0,0,0,0,0,2,2,3373099,8,1270,1,0,1,39,6,4831352465,10095788970,10162496052
1790901535,54110148,103073628160,0,0,0,0,0,2,2,3373099,8,1270,1,0,1,39,6,4831352465,10095788970,10162496052
1790901536,54146192,103075557376,0,0,0,0,0,2,2,3384633,8,1272,1,0,1,39,6,4831352465,10095788970,10162496052
1790901538,54159580,103042064384,0,0,0,0,0,2,2,3384633,8,1272,1,0,1,39,6,4831352465,10095788970,10162496052
1790901539,54175304,103052484608,0,0,0,0,0,2,2,3395966,8,1276,1,0,1,39,6,4831352465,10095788970,10162496052
1790901540,54191796,103074095104,0,0,0,0,0,2,2,3395966,8,1276,1,0,1,39,6,4831352465,10095788970,10162496052
1790901541,54218392,103056809984,0,0,0,0,0,2,2,3407281,8,1284,1,0,1,39,6,4831352465,10095788970,10162496052
1790901542,54243452,103072575488,0,0,0,0,0,2,2,3418629,8,1293,1,0,1,39,6,4831352465,10095788970,10162496052
1790901543,54275188,103068602368,0,0,0,0,0,2,2,3418629,8,1293,1,0,1,39,6,4831352465,10095788970,10162496052
1790901544,54301500,103056822272,0,0,0,0,0,2,2,3429906,8,1301,1,0,1,39,6,4831352465,10095788970,10162496052
1790901545,54329976,103046025216,0,0,0,0,0,2,2,3429906,8,1301,1,0,1,39,6,4831352465,10095788970,10162496052
1790901546,54354140,103074488320,0,0,0,0,0,2,2,3441318,8,1306,1,0,1,39,6,4831352465,10095788970,10162496052
1790901547,54394820,103066112000,0,0,0,0,0,2,2,3441318,8,1306,1,0,1,39,6,4831352465,10095788970,10162496052
1790901548,54425328,103070437376,0,0,0,0,0,2,2,3452427,8,1306,1,0,1,39,6,4831352465,10095788970,10162496052
1790901549,54451820,103050424320,0,0,0,0,0,2,2,3452427,8,1306,1,0,1,39,6,4831352465,10095788970,10162496052
1790901550,54468736,103050194944,0,0,0,0,0,2,2,3463621,8,1306,1,0,1,39,6,4831352465,10095788970,10162496052
1790901551,54483096,103075393536,0,0,0,0,0,2,2,3463621,8,1306,1,0,1,39,6,4831352465,10095788970,10162496052
1790901552,54504028,103078821888,0,0,0,0,0,2,2,3474839,8,1306,1,0,1,39,6,4831352465,10095788970,10162496052
1790901553,54510276,103066574848,0,0,0,0,0,2,2,3474839,8,1306,1,0,1,39,6,4831352465,10095788970,10162496052
1790901554,52372932,100780896256,0,0,0,0,0,2,2,3486066,8,1306,1,0,1,39,6,4831352465,10095788970,10162496052
1790901555,50903840,100375187456,0,0,0,0,0,2,2,3486066,8,1306,1,0,1,39,6,4831352465,10095788970,10162496052
1790901557,50773436,101391822848,0,0,0,0,0,2,2,3493910,10,1311,0,7,0,77,7,9665965422,10099165748,10169255256
1790901558,50439264,102180077568,0,0,0,0,0,2,2,3493910,10,1311,0,7,0,77,7,9665965422,10099165748,10169255256
1790901559,49892028,102741024768,0,0,0,0,0,2,2,3499703,10,1318,0,7,0,77,7,9665965422,10099165748,10169255256
1790901560,49041224,103043944448,0,0,0,0,0,2,2,3499703,10,1318,0,7,0,77,7,9665965422,10099165748,10169255256
1790901561,48285064,103061651456,0,0,0,0,0,2,2,3505118,10,1334,0,7,0,77,7,9665965422,10099165748,10169255256
1790901562,47492796,102965391360,0,0,0,0,0,2,2,3509446,10,1353,0,7,0,77,7,9665965422,10099165748,10169255256
1790901563,46855436,103034019840,0,0,0,0,0,2,2,3509446,10,1353,0,7,0,77,7,9665965422,10099165748,10169255256
1790901564,46558960,103070224384,0,0,0,0,0,2,2,3515689,10,1360,0,7,0,77,7,9665965422,10099165748,10169255256
1790901565,46409720,103074217984,0,0,0,0,0,2,2,3515689,10,1360,0,7,0,77,7,9665965422,10099165748,10169255256
1790901566,46388904,103067365376,0,0,0,0,0,2,2,3521566,10,1384,0,7,0,77,7,9665965422,10099165748,10169255256
1790901567,46388720,103077130240,0,0,0,0,0,2,2,3521566,10,1384,0,7,0,77,7,9665965422,10099165748,10169255256
1790901568,46376024,103074693120,0,0,0,0,0,2,2,3527411,10,1397,0,7,0,77,7,9665965422,10099165748,10169255256
1790901569,46407672,103041589248,0,0,0,0,0,2,2,3527411,10,1397,0,7,0,77,7,9665965422,10099165748,10169255256
1790901570,46427004,103076827136,0,0,0,0,0,2,2,3533320,10,1405,0,7,0,77,7,9665965422,10099165748,10169255256
1790901572,46411356,103075389440,0,0,0,0,0,2,2,3533320,10,1405,0,7,0,77,7,9665965422,10099165748,10169255256
1790901573,46420452,103059779584,0,0,0,0,0,2,2,3539859,10,1428,0,7,0,77,7,9665965422,10099165748,10169255256
1790901574,46437528,103049302016,0,0,0,0,0,2,2,3539859,10,1428,0,7,0,77,7,9665965422,10099165748,10169255256
1790901575,46456816,103078453248,0,0,0,0,0,2,2,3547285,10,1436,0,7,0,77,7,9665965422,10099165748,10169255256
1790901576,46493804,100697149440,0,0,0,0,0,2,2,3547285,10,1436,0,7,0,77,7,9665965422,10099165748,10169255256
1790901577,46518120,99640115200,0,0,0,0,0,2,2,3555101,13,1332,0,4,0,77,10,9665965422,15836463524,16066010141
1790901578,46553688,98608734208,0,0,0,0,0,2,2,3555101,13,1332,0,4,0,77,10,9665965422,15836463524,16066010141
1790901579,46580744,99955040256,0,0,0,0,0,2,2,3561188,14,1307,0,3,0,77,11,9665965422,18292685532,18564635146
1790901580,46600304,101348737024,0,0,0,0,0,2,2,3561188,14,1307,0,3,0,77,11,9665965422,18292685532,18564635146
1790901581,46608472,102730412032,0,0,0,0,0,2,2,3566144,14,1321,0,3,0,77,11,9665965422,18292685532,18564635146
1790901582,46620560,103062560768,0,0,0,0,0,2,2,3566144,14,1321,0,3,0,77,11,9665965422,18292685532,18564635146
1790901583,46627852,103044222976,0,0,0,0,0,2,2,3570807,14,1334,0,3,0,77,11,9665965422,18292685532,18564635146
1790901584,46636556,103067897856,0,0,0,0,0,2,2,3576795,14,1353,0,3,0,77,11,9665965422,18292685532,18564635146
1790901585,46635112,103064637440,0,0,0,0,0,2,2,3576795,14,1353,0,3,0,77,11,9665965422,18292685532,18564635146
1790901587,46638604,103066013696,0,0,0,0,0,2,2,3582876,14,1367,0,3,0,77,11,9665965422,18292685532,18564635146
1790901588,46655864,103053467648,0,0,0,0,0,2,2,3582876,14,1367,0,3,0,77,11,9665965422,18292685532,18564635146
1790901589,46666488,103078588416,0,0,0,0,0,2,2,3588113,14,1377,0,3,0,77,11,9665965422,18292685532,18564635146
1790901590,46674492,103079190528,0,0,0,0,0,2,2,3588113,14,1377,0,3,0,77,11,9665965422,18292685532,18564635146
1790901591,46663784,103070834688,0,0,0,0,0,2,2,3594172,14,1399,0,3,0,77,11,9665965422,18292685532,18564635146
1790901592,46665104,103078989824,0,0,0,0,0,2,2,3594172,14,1399,0,3,0,77,11,9665965422,18292685532,18564635146
1790901593,46673876,103059730432,0,0,0,0,0,2,2,3600617,14,1407,0,3,0,77,11,9665965422,18292685532,18564635146
1790901594,46656312,103070588928,0,0,0,0,0,2,2,3600617,14,1407,0,3,0,77,11,9665965422,18292685532,18564635146
1790901595,46644652,101067964416,0,0,0,0,0,2,2,3606972,14,1418,0,3,0,77,11,9665965422,18292685532,18564635146
1790901596,46661388,100194639872,0,0,0,0,0,2,2,3606972,14,1418,0,3,0,77,11,9665965422,18292685532,18564635146
1790901597,46681592,101800873984,0,0,0,0,0,2,2,3613107,16,1368,0,1,0,77,13,9665965422,23201520621,23555617323
1790901598,46698312,103071797248,0,0,0,0,0,2,2,3613107,16,1368,0,1,0,77,13,9665965422,23201520621,23555617323
1790901599,46693116,103056920576,0,0,0,0,0,2,2,3620315,16,1371,0,1,0,77,13,9665965422,23201520621,23555617323
1790901600,46705012,102123999232,0,0,0,0,0,2,2,3620315,16,1371,0,1,0,77,13,9665965422,23201520621,23555617323
1790901601,46723712,101301092352,0,0,0,0,0,2,2,3627536,18,1343,0,0,0,77,15,9665965422,25657438846,26054822018
1790901602,46738844,102793748480,0,0,0,0,0,2,2,3627536,18,1343,0,0,0,77,15,9665965422,25657438846,26054822018
1790901604,46770640,103075848192,0,0,0,0,0,2,2,3634721,19,1313,0,0,0,77,16,9665965422,28112627491,28552758012
1790901605,46795748,103044390912,0,0,0,0,0,2,2,3634721,19,1313,0,0,0,77,16,9665965422,28112627491,28552758012
1790901606,46811956,103047135232,0,0,0,0,0,2,2,3642960,19,1321,0,0,0,77,16,9665965422,28112627491,28552758012
1790901607,46834248,103076614144,0,0,0,0,0,2,2,3651699,19,1324,0,0,0,77,16,9665965422,28112627491,28552758012
1790901608,46846004,103026761728,0,0,0,0,0,2,2,3651699,19,1324,0,0,0,77,16,9665965422,28112627491,28552758012
1790901609,46856844,103043067904,0,0,0,0,0,2,2,3661198,19,1330,0,0,0,77,16,9665965422,28112627491,28552758012
1790901610,46863508,103071141888,0,0,0,0,0,2,2,3661198,19,1330,0,0,0,77,16,9665965422,28112627491,28552758012
1790901611,46887536,99269378048,0,0,0,0,0,2,2,3670805,20,1332,0,0,0,77,17,9665965422,33628853289,34144944778
1790901612,46946232,98639106048,0,0,0,0,0,2,2,3670805,20,1332,0,0,0,77,17,9665965422,33628853289,34144944778
1790901613,46975444,96753065984,0,0,0,0,0,2,2,3682043,21,1284,0,0,0,77,18,9665965422,36084311907,36643272064
1790901614,47051984,97390972928,0,0,0,0,0,2,2,3682043,21,1284,0,0,0,77,18,9665965422,36084311907,36643272064
1790901615,47111852,98009165824,0,0,0,0,0,2,2,3694478,21,1284,0,0,0,77,18,9665965422,36084311907,36643272064
1790901616,47177760,98635051008,0,0,0,0,0,2,2,3694478,21,1284,0,0,0,77,18,9665965422,36084311907,36643272064
1790901617,47232932,99253047296,0,0,0,0,0,2,2,3706934,21,1284,0,0,0,77,18,9665965422,36084311907,36643272064
1790901618,47281752,99861835776,0,0,0,0,0,2,2,3706934,21,1284,0,0,0,77,18,9665965422,36084311907,36643272064
1790901619,47292680,100426838016,0,0,0,0,0,2,2,3719563,21,1284,0,0,0,77,18,9665965422,36084311907,36643272064
1790901620,47304960,100990849024,0,0,0,0,0,2,2,3719563,21,1284,0,0,0,77,18,9665965422,36084311907,36643272064
1790901622,47331168,101572313088,0,0,0,0,0,2,2,3732062,21,1284,0,0,0,77,18,9665965422,36084311907,36643272064
1790901623,47365888,102161395712,0,0,0,0,0,2,2,3732062,21,1284,0,0,0,77,18,9665965422,36084311907,36643272064
1790901624,47393448,102753796096,0,0,0,0,0,2,2,3744729,21,1284,0,0,0,77,18,9665965422,36084311907,36643272064
1790901625,47438364,103066587136,0,0,0,0,0,2,2,3744729,21,1284,0,0,0,77,18,9665965422,36084311907,36643272064
1790901626,47498684,103058890752,0,0,0,0,0,2,2,3757320,21,1284,0,0,0,77,18,9665965422,36084311907,36643272064
1790901627,47546792,103059230720,0,0,0,0,0,2,2,3757320,21,1284,0,0,0,77,18,9665965422,36084311907,36643272064
1790901628,47600896,103061848064,0,0,0,0,0,2,2,3769876,21,1284,0,0,0,77,18,9665965422,36084311907,36643272064
1790901629,47664648,103053082624,0,0,0,0,0,2,2,3769876,21,1284,0,0,0,77,18,9665965422,36084311907,36643272064
1790901630,47722100,103073132544,0,0,0,0,0,2,2,3782386,21,1284,0,0,0,77,18,9665965422,36084311907,36643272064
1790901631,47773392,103072215040,0,0,0,0,0,2,2,3794839,21,1284,0,0,0,77,18,9665965422,36084311907,36643272064
1790901632,47822796,103078215680,0,0,0,0,0,2,2,3794839,21,1284,0,0,0,77,18,9665965422,36084311907,36643272064
1790901633,47862588,103072497664,0,0,0,0,0,2,2,3807067,21,1284,0,0,0,77,18,9665965422,36084311907,36643272064
1790901634,47901556,103050657792,0,0,0,0,0,2,2,3807067,21,1284,0,0,0,77,18,9665965422,36084311907,36643272064
1790901635,47937108,103076544512,0,0,0,0,0,2,2,3819529,21,1284,0,0,0,77,18,9665965422,36084311907,36643272064
1790901636,47983996,103061426176,0,0,0,0,0,2,2,3819529,21,1284,0,0,0,77,18,9665965422,36084311907,36643272064
1790901637,48012972,103063449600,0,0,0,0,0,2,2,3831901,21,1284,0,0,0,77,18,9665965422,36084311907,36643272064
1790901638,48055732,103059890176,0,0,0,0,0,2,2,3831901,21,1284,0,0,0,77,18,9665965422,36084311907,36643272064
1790901639,48092356,103076990976,0,0,0,0,0,2,2,3843950,21,1284,0,0,0,77,18,9665965422,36084311907,36643272064
1790901641,48113056,103065137152,0,0,0,0,0,2,2,3843950,21,1284,0,0,0,77,18,9665965422,36084311907,36643272064
1790901642,48141772,103077638144,0,0,0,0,0,2,2,3856089,21,1284,0,0,0,77,18,9665965422,36084311907,36643272064
1790901643,48170372,103051083776,0,0,0,0,0,2,2,3856089,21,1284,0,0,0,77,18,9665965422,36084311907,36643272064
1790901644,48190748,103079120896,0,0,0,0,0,2,2,3868760,21,1284,0,0,0,77,18,9665965422,36084311907,36643272064
1790901645,48232956,103062695936,0,0,0,0,0,2,2,3868760,21,1284,0,0,0,77,18,9665965422,36084311907,36643272064
1790901646,48287588,103067168768,0,0,0,0,0,2,2,3881290,21,1284,0,0,0,77,18,9665965422,36084311907,36643272064
1790901647,48332460,103077113856,0,0,0,0,0,2,2,3881290,21,1284,0,0,0,77,18,9665965422,36084311907,36643272064
1790901648,48374128,103061327872,0,0,0,0,0,2,2,3893891,21,1284,0,0,0,77,18,9665965422,36084311907,36643272064
1790901649,48423148,103059226624,0,0,0,0,0,2,2,3893891,21,1284,0,0,0,77,18,9665965422,36084311907,36643272064
1790901650,48460064,103068815360,0,0,0,0,0,2,2,3906259,21,1284,0,0,0,77,18,9665965422,36084311907,36643272064
1790901651,48481900,103077097472,0,0,0,0,0,2,2,3906259,21,1284,0,0,0,77,18,9665965422,36084311907,36643272064
1790901652,48508380,103064715264,0,0,0,0,0,2,2,3918776,21,1284,0,0,0,77,18,9665965422,36084311907,36643272064
1790901653,48554568,103078518784,0,0,0,0,0,2,2,3931223,21,1284,0,0,0,77,18,9665965422,36084311907,36643272064
1790901654,48588156,103063035904,0,0,0,0,0,2,2,3931223,21,1284,0,0,0,77,18,9665965422,36084311907,36643272064
1790901655,48622848,103068418048,0,0,0,0,0,2,2,3943661,21,1284,0,0,0,77,18,9665965422,36084311907,36643272064
1790901656,48652916,103068639232,0,0,0,0,0,2,2,3943661,21,1284,0,0,0,77,18,9665965422,36084311907,36643272064
1790901657,48698008,103070883840,0,0,0,0,0,2,2,3956006,21,1284,0,0,0,77,18,9665965422,36084311907,36643272064
1790901658,48746848,103076990976,0,0,0,0,0,2,2,3956006,21,1284,0,0,0,77,18,9665965422,36084311907,36643272064
1790901660,48795060,103074238464,0,0,0,0,0,2,2,3968391,21,1284,0,0,0,77,18,9665965422,36084311907,36643272064
1790901661,48840956,103076917248,0,0,0,0,0,2,2,3968391,21,1284,0,0,0,77,18,9665965422,36084311907,36643272064
1790901662,48880596,103066349568,0,0,0,0,0,2,2,3980843,21,1284,0,0,0,77,18,9665965422,36084311907,36643272064
1790901663,48914720,103070314496,0,0,0,0,0,2,2,3980843,21,1284,0,0,0,77,18,9665965422,36084311907,36643272064
1790901664,48959828,103061188608,0,0,0,0,0,2,2,3993395,21,1284,0,0,0,77,18,9665965422,36084311907,36643272064
1790901665,48998524,103069204480,0,0,0,0,0,2,2,3993395,21,1284,0,0,0,77,18,9665965422,36084311907,36643272064
1790901666,49034040,103030501376,0,0,0,0,0,2,2,4005829,21,1284,0,0,0,77,18,9665965422,36084311907,36643272064
1790901667,49076212,103065935872,0,0,0,0,0,2,2,4005829,21,1284,0,0,0,77,18,9665965422,36084311907,36643272064
1790901668,49106940,103063887872,0,0,0,0,0,2,2,4018461,21,1284,0,0,0,77,18,9665965422,36084311907,36643272064
1790901669,49124236,103045840896,0,0,0,0,0,2,2,4018461,21,1284,0,0,0,77,18,9665965422,36084311907,36643272064
1790901670,49143900,103052275712,0,0,0,0,0,2,2,4030914,21,1284,0,0,0,77,18,9665965422,36084311907,36643272064
1790901671,49164480,103061086208,0,0,0,0,0,2,2,4030914,21,1284,0,0,0,77,18,9665965422,36084311907,36643272064
1790901672,49189248,103057047552,0,0,0,0,0,2,2,4043259,21,1284,0,0,0,77,18,9665965422,36084311907,36643272064
1790901673,49193568,103047147520,0,0,0,0,0,2,2,4043259,21,1284,0,0,0,77,18,9665965422,36084311907,36643272064
1790901674,49219276,103044239360,0,0,0,0,0,2,2,4055694,21,1284,0,0,0,77,18,9665965422,36084311907,36643272064
1790901675,49244428,103076491264,0,0,0,0,0,2,2,4068358,21,1284,0,0,0,77,18,9665965422,36084311907,36643272064
1790901676,49270576,103057936384,0,0,0,0,0,2,2,4068358,21,1284,0,0,0,77,18,9665965422,36084311907,36643272064
1790901677,49305652,103063642112,0,0,0,0,0,2,2,4080738,21,1284,0,0,0,77,18,9665965422,36084311907,36643272064
1790901679,49346076,103078608896,0,0,0,0,0,2,2,4080738,21,1284,0,0,0,77,18,9665965422,36084311907,36643272064
1790901680,49385140,103073648640,0,0,0,0,0,2,2,4093152,21,1284,0,0,0,77,18,9665965422,36084311907,36643272064
1790901681,49436932,103073607680,0,0,0,0,0,2,2,4093152,21,1284,0,0,0,77,18,9665965422,36084311907,36643272064
1790901682,49485844,103065845760,0,0,0,0,0,2,2,4105740,21,1284,0,0,0,77,18,9665965422,36084311907,36643272064
1790901683,49530512,103074607104,0,0,0,0,0,2,2,4105740,21,1284,0,0,0,77,18,9665965422,36084311907,36643272064
1790901684,49588544,103052627968,0,0,0,0,0,2,2,4118108,21,1284,0,0,0,77,18,9665965422,36084311907,36643272064
1790901685,49641816,103057383424,0,0,0,0,0,2,2,4118108,21,1284,0,0,0,77,18,9665965422,36084311907,36643272064
1790901686,49677172,103061217280,0,0,0,0,0,2,2,4130589,21,1284,0,0,0,77,18,9665965422,36084311907,36643272064
1790901687,49711016,103071387648,0,0,0,0,0,2,2,4130589,21,1284,0,0,0,77,18,9665965422,36084311907,36643272064
1790901688,49759192,103066677248,0,0,0,0,0,2,2,4143022,21,1284,0,0,0,77,18,9665965422,36084311907,36643272064
1790901689,49807596,103065960448,0,0,0,0,0,2,2,4143022,21,1284,0,0,0,77,18,9665965422,36084311907,36643272064
1790901690,49854172,103079153664,0,0,0,0,0,2,2,4155418,21,1284,0,0,0,77,18,9665965422,36084311907,36643272064
1790901691,49896804,103075684352,0,0,0,0,0,2,2,4155418,21,1284,0,0,0,77,18,9665965422,36084311907,36643272064
1790901692,49943792,103054610432,0,0,0,0,0,2,2,4167786,21,1284,0,0,0,77,18,9665965422,36084311907,36643272064
1790901693,49986592,103078989824,0,0,0,0,0,2,2,4167786,21,1284,0,0,0,77,18,9665965422,36084311907,36643272064
1790901694,50029896,103068491776,0,0,0,0,0,2,2,4180447,21,1284,0,0,0,77,18,9665965422,36084311907,36643272064
1790901695,50062004,103077707776,0,0,0,0,0,2,2,4180447,21,1284,0,0,0,77,18,9665965422,36084311907,36643272064
1790901696,50094216,103077855232,0,0,0,0,0,2,2,4192954,21,1284,0,0,0,77,18,9665965422,36084311907,36643272064
1790901698,50131296,103072178176,0,0,0,0,0,2,2,4205516,21,1284,0,0,0,77,18,9665965422,36084311907,36643272064
1790901699,50156392,103069282304,0,0,0,0,0,2,2,4205516,21,1284,0,0,0,77,18,9665965422,36084311907,36643272064
1790901700,50182272,103053582336,0,0,0,0,0,2,2,4218059,21,1284,0,0,0,77,18,9665965422,36084311907,36643272064
1790901701,50205572,103045513216,0,0,0,0,0,2,2,4218059,21,1284,0,0,0,77,18,9665965422,36084311907,36643272064
1790901702,50247136,103070994432,0,0,0,0,0,2,2,4230636,21,1284,0,0,0,77,18,9665965422,36084311907,36643272064
1790901703,50269696,103064989696,0,0,0,0,0,2,2,4230636,21,1284,0,0,0,77,18,9665965422,36084311907,36643272064
1790901704,50311800,103059066880,0,0,0,0,0,2,2,4242931,21,1284,0,0,0,77,18,9665965422,36084311907,36643272064
1790901705,50349888,103074189312,0,0,0,0,0,2,2,4242931,21,1284,0,0,0,77,18,9665965422,36084311907,36643272064
1790901706,50385456,103056429056,0,0,0,0,0,2,2,4255305,21,1284,0,0,0,77,18,9665965422,36084311907,36643272064
1790901707,50425784,103064342528,0,0,0,0,0,2,2,4255305,21,1284,0,0,0,77,18,9665965422,36084311907,36643272064
1790901708,50471608,103064580096,0,0,0,0,0,2,2,4267691,21,1284,0,0,0,77,18,9665965422,36084311907,36643272064
1790901709,50507940,103070425088,0,0,0,0,0,2,2,4267691,21,1284,0,0,0,77,18,9665965422,36084311907,36643272064
1790901710,50540360,103077961728,0,0,0,0,0,2,2,4280017,21,1284,0,0,0,77,18,9665965422,36084311907,36643272064
1790901711,50567716,103066632192,0,0,0,0,0,2,2,4280017,21,1284,0,0,0,77,18,9665965422,36084311907,36643272064
1790901712,50589812,103075688448,0,0,0,0,0,2,2,4292518,21,1284,0,0,0,77,18,9665965422,36084311907,36643272064
1790901713,50615284,103072538624,0,0,0,0,0,2,2,4292518,21,1284,0,0,0,77,18,9665965422,36084311907,36643272064
1790901714,50633660,103058997248,0,0,0,0,0,2,2,4304832,21,1284,0,0,0,77,18,9665965422,36084311907,36643272064
1790901715,50665952,103033311232,0,0,0,0,0,2,2,4304832,21,1284,0,0,0,77,18,9665965422,36084311907,36643272064
1790901716,50692424,103058841600,0,0,0,0,0,2,2,4317219,21,1284,0,0,0,77,18,9665965422,36084311907,36643272064
1790901718,50726716,103049351168,0,0,0,0,0,2,2,4317219,21,1284,0,0,0,77,18,9665965422,36084311907,36643272064
1790901719,50759672,103071092736,0,0,0,0,0,2,2,4329769,21,1284,0,0,0,77,18,9665965422,36084311907,36643272064
1790901720,50784532,103056936960,0,0,0,0,0,2,2,4329769,21,1284,0,0,0,77,18,9665965422,36084311907,36643272064
1790901721,50802132,103076868096,0,0,0,0,0,2,2,4342190,21,1284,0,0,0,77,18,9665965422,36084311907,36643272064
1790901722,50821180,103063101440,0,0,0,0,0,2,2,4354600,21,1284,0,0,0,77,18,9665965422,36084311907,36643272064
1790901723,50842848,103053950976,0,0,0,0,0,2,2,4354600,21,1284,0,0,0,77,18,9665965422,36084311907,36643272064
1790901724,50858424,103076560896,0,0,0,0,0,2,2,4366896,21,1284,0,0,0,77,18,9665965422,36084311907,36643272064
1790901725,50891572,103071535104,0,0,0,0,0,2,2,4366896,21,1284,0,0,0,77,18,9665965422,36084311907,36643272064
1790901726,50908388,103065034752,0,0,0,0,0,2,2,4379309,21,1284,0,0,0,77,18,9665965422,36084311907,36643272064
1790901727,50944512,103066689536,0,0,0,0,0,2,2,4379309,21,1284,0,0,0,77,18,9665965422,36084311907,36643272064
1790901728,50975444,103059988480,0,0,0,0,0,2,2,4391733,21,1284,0,0,0,77,18,9665965422,36084311907,36643272064
1790901729,51012896,103075557376,0,0,0,0,0,2,2,4391733,21,1284,0,0,0,77,18,9665965422,36084311907,36643272064
1790901730,51043084,103052529664,0,0,0,0,0,2,2,4404269,21,1284,0,0,0,77,18,9665965422,36084311907,36643272064
1790901731,51081916,103071555584,0,0,0,0,0,2,2,4404269,21,1284,0,0,0,77,18,9665965422,36084311907,36643272064
1790901732,51129640,103070605312,0,0,0,0,0,2,2,4416735,21,1284,0,0,0,77,18,9665965422,36084311907,36643272064
1790901733,51181872,103076954112,0,0,0,0,0,2,2,4416735,21,1284,0,0,0,77,18,9665965422,36084311907,36643272064
1790901734,51242772,103075012608,0,0,0,0,0,2,2,4429173,21,1284,0,0,0,77,18,9665965422,36084311907,36643272064
1790901735,51292156,103046213632,0,0,0,0,0,2,2,4429173,21,1284,0,0,0,77,18,9665965422,36084311907,36643272064
1790901737,51338896,103071375360,0,0,0,0,0,2,2,4441581,21,1284,0,0,0,77,18,9665965422,36084311907,36643272064
1790901738,51394132,103077642240,0,0,0,0,0,2,2,4441581,21,1284,0,0,0,77,18,9665965422,36084311907,36643272064
1790901739,51437500,103074652160,0,0,0,0,0,2,2,4453942,21,1284,0,0,0,77,18,9665965422,36084311907,36643272064
1790901740,51485268,103076880384,0,0,0,0,0,2,2,4453942,21,1284,0,0,0,77,18,9665965422,36084311907,36643272064
1790901741,51544172,103073325056,0,0,0,0,0,2,2,4466172,21,1284,0,0,0,77,18,9665965422,36084311907,36643272064
1790901742,51586972,103062499328,0,0,0,0,0,2,2,4466172,21,1284,0,0,0,77,18,9665965422,36084311907,36643272064
1790901743,51630888,103066873856,0,0,0,0,0,2,2,4478569,21,1284,0,0,0,77,18,9665965422,36084311907,36643272064
1790901744,51681856,103048671232,0,0,0,0,0,2,2,4478569,21,1284,0,0,0,77,18,9665965422,36084311907,36643272064
1790901745,51737512,103065767936,0,0,0,0,0,2,2,4491000,21,1284,0,0,0,77,18,9665965422,36084311907,36643272064
1790901746,51788956,103043588096,0,0,0,0,0,2,2,4503283,21,1284,0,0,0,77,18,9665965422,36084311907,36643272064
1790901747,51826768,103015948288,0,0,0,0,0,2,2,4503283,21,1284,0,0,0,77,18,9665965422,36084311907,36643272064
1790901748,51870248,103077380096,0,0,0,0,0,2,2,4515687,21,1284,0,0,0,77,18,9665965422,36084311907,36643272064
1790901749,51917280,103073341440,0,0,0,0,0,2,2,4515687,21,1284,0,0,0,77,18,9665965422,36084311907,36643272064
1790901750,51972408,103078776832,0,0,0,0,0,2,2,4528067,21,1284,0,0,0,77,18,9665965422,36084311907,36643272064
1790901751,52025392,103054737408,0,0,0,0,0,2,2,4528067,21,1284,0,0,0,77,18,9665965422,36084311907,36643272064
1790901752,52079176,103073378304,0,0,0,0,0,2,2,4540476,21,1284,0,0,0,77,18,9665965422,36084311907,36643272064
1790901753,52133692,103074246656,0,0,0,0,0,2,2,4540476,21,1284,0,0,0,77,18,9665965422,36084311907,36643272064
1790901754,52167592,103056416768,0,0,0,0,0,2,2,4552792,21,1284,0,0,0,77,18,9665965422,36084311907,36643272064
1790901755,52208216,103034920960,0,0,0,0,0,2,2,4552792,21,1284,0,0,0,77,18,9665965422,36084311907,36643272064
1790901757,52239916,103060398080,0,0,0,0,0,2,2,4565186,21,1284,0,0,0,77,18,9665965422,36084311907,36643272064
1790901758,52262104,103071227904,0,0,0,0,0,2,2,4565186,21,1284,0,0,0,77,18,9665965422,36084311907,36643272064
1790901759,52282260,103078735872,0,0,0,0,0,2,2,4577694,21,1284,0,0,0,77,18,9665965422,36084311907,36643272064
1790901760,52304980,103078326272,0,0,0,0,0,2,2,4577694,21,1284,0,0,0,77,18,9665965422,36084311907,36643272064
1790901761,52335676,103079088128,0,0,0,0,0,2,2,4590089,21,1284,0,0,0,77,18,9665965422,36084311907,36643272064
1790901762,52384844,103053115392,0,0,0,0,0,2,2,4590089,21,1284,0,0,0,77,18,9665965422,36084311907,36643272064
1790901763,52439088,103068237824,0,0,0,0,0,2,2,4602394,21,1284,0,0,0,77,18,9665965422,36084311907,36643272064
1790901764,52486812,103070928896,0,0,0,0,0,2,2,4602394,21,1284,0,0,0,77,18,9665965422,36084311907,36643272064
1790901765,52522800,103062659072,0,0,0,0,0,2,2,4614751,21,1284,0,0,0,77,18,9665965422,36084311907,36643272064
1790901766,52570444,103050285056,0,0,0,0,0,2,2,4614751,21,1284,0,0,0,77,18,9665965422,36084311907,36643272064
1790901767,52617208,103073517568,0,0,0,0,0,2,2,4627205,21,1284,0,0,0,77,18,9665965422,36084311907,36643272064
1790901768,52653584,103078928384,0,0,0,0,0,2,2,4639534,21,1284,0,0,0,77,18,9665965422,36084311907,36643272064
1790901769,52699476,103062683648,0,0,0,0,0,2,2,4639534,21,1284,0,0,0,77,18,9665965422,36084311907,36643272064
1790901770,52747004,103052165120,0,0,0,0,0,2,2,4651879,21,1284,0,0,0,77,18,9665965422,36084311907,36643272064
1790901771,52783864,103064965120,0,0,0,0,0,2,2,4651879,21,1284,0,0,0,77,18,9665965422,36084311907,36643272064
1790901772,52821076,103068303360,0,0,0,0,0,2,2,4664391,21,1284,0,0,0,77,18,9665965422,36084311907,36643272064
1790901773,52863804,103044448256,0,0,0,0,0,2,2,4664391,21,1284,0,0,0,77,18,9665965422,36084311907,36643272064
1790901774,52911224,103073828864,0,0,0,0,0,2,2,4676785,21,1284,0,0,0,77,18,9665965422,36084311907,36643272064
1790901776,52958844,103073529856,0,0,0,0,0,2,2,4676785,21,1284,0,0,0,77,18,9665965422,36084311907,36643272064
1790901777,53008204,103071354880,0,0,0,0,0,2,2,4688912,21,1284,0,0,0,77,18,9665965422,36084311907,36643272064
1790901778,53045672,103069765632,0,0,0,0,0,2,2,4688912,21,1284,0,0,0,77,18,9665965422,36084311907,36643272064
1790901779,53082312,103040716800,0,0,0,0,0,2,2,4701349,21,1284,0,0,0,77,18,9665965422,36084311907,36643272064
1790901780,53107264,103073976320,0,0,0,0,0,2,2,4701349,21,1284,0,0,0,77,18,9665965422,36084311907,36643272064
1790901781,53131052,103077908480,0,0,0,0,0,2,2,4713751,21,1284,0,0,0,77,18,9665965422,36084311907,36643272064
1790901782,53154748,103074115584,0,0,0,0,0,2,2,4713751,21,1284,0,0,0,77,18,9665965422,36084311907,36643272064
1790901783,53174148,103040188416,0,0,0,0,0,2,2,4726201,21,1284,0,0,0,77,18,9665965422,36084311907,36643272064
1790901784,53200264,103058296832,0,0,0,0,0,2,2,4726201,21,1284,0,0,0,77,18,9665965422,36084311907,36643272064
1790901785,53224976,103058739200,0,0,0,0,0,2,2,4738804,21,1284,0,0,0,77,18,9665965422,36084311907,36643272064
1790901786,53266556,103061860352,0,0,0,0,0,2,2,4738804,21,1284,0,0,0,77,18,9665965422,36084311907,36643272064
1790901787,53295712,103064514560,0,0,0,0,0,2,2,4751356,21,1284,0,0,0,77,18,9665965422,36084311907,36643272064
1790901788,53323248,103078166528,0,0,0,0,0,2,2,4763844,21,1284,0,0,0,77,18,9665965422,36084311907,36643272064
1790901789,53351856,103076044800,0,0,0,0,0,2,2,4763844,21,1284,0,0,0,77,18,9665965422,36084311907,36643272064
1790901790,53379140,103079211008,0,0,0,0,0,2,2,4776225,21,1284,0,0,0,77,18,9665965422,36084311907,36643272064
1790901791,53415728,103077519360,0,0,0,0,0,2,2,4776225,21,1284,0,0,0,77,18,9665965422,36084311907,36643272064
1790901792,53450492,103046864896,0,0,0,0,0,2,2,4788606,21,1284,0,0,0,77,18,9665965422,36084311907,36643272064
1790901793,53498124,103071862784,0,0,0,0,0,2,2,4788606,21,1284,0,0,0,77,18,9665965422,36084311907,36643272064
1790901795,53535536,103053656064,0,0,0,0,0,2,2,4801101,21,1284,0,0,0,77,18,9665965422,36084311907,36643272064
1790901796,53568080,103054835712,0,0,0,0,0,2,2,4801101,21,1284,0,0,0,77,18,9665965422,36084311907,36643272064
1790901797,53590392,103068463104,0,0,0,0,0,2,2,4813588,21,1284,0,0,0,77,18,9665965422,36084311907,36643272064
1790901798,53616092,103075610624,0,0,0,0,0,2,2,4813588,21,1284,0,0,0,77,18,9665965422,36084311907,36643272064
1790901799,53657948,103075704832,0,0,0,0,0,2,2,4826008,21,1284,0,0,0,77,18,9665965422,36084311907,36643272064
1790901800,53686612,103077974016,0,0,0,0,0,2,2,4826008,21,1284,0,0,0,77,18,9665965422,36084311907,36643272064
1790901801,53721088,103076986880,0,0,0,0,0,2,2,4838315,21,1284,0,0,0,77,18,9665965422,36084311907,36643272064
1790901802,53748920,103069450240,0,0,0,0,0,2,2,4838315,21,1284,0,0,0,77,18,9665965422,36084311907,36643272064
1790901803,53783096,103078436864,0,0,0,0,0,2,2,4850686,21,1284,0,0,0,77,18,9665965422,36084311907,36643272064
1790901804,53819772,103077449728,0,0,0,0,0,2,2,4850686,21,1284,0,0,0,77,18,9665965422,36084311907,36643272064
1790901805,53858052,103049576448,0,0,0,0,0,2,2,4863213,21,1284,0,0,0,77,18,9665965422,36084311907,36643272064
1790901806,53885576,103077904384,0,0,0,0,0,2,2,4863213,21,1284,0,0,0,77,18,9665965422,36084311907,36643272064
1790901807,53918476,103067602944,0,0,0,0,0,2,2,4875760,21,1284,0,0,0,77,18,9665965422,36084311907,36643272064
1790901808,53936336,103047602176,0,0,0,0,0,2,2,4875760,21,1284,0,0,0,77,18,9665965422,36084311907,36643272064
1790901809,53966560,103073148928,0,0,0,0,0,2,2,4888254,21,1284,0,0,0,77,18,9665965422,36084311907,36643272064
1790901810,54000516,103077752832,0,0,0,0,0,2,2,4900643,21,1284,0,0,0,77,18,9665965422,36084311907,36643272064
1790901811,54036512,103069044736,0,0,0,0,0,2,2,4900643,21,1284,0,0,0,77,18,9665965422,36084311907,36643272064
1790901812,54068180,103074402304,0,0,0,0,0,2,2,4912787,21,1284,0,0,0,77,18,9665965422,36084311907,36643272064
1790901814,54094520,103011467264,0,0,0,0,0,2,2,4912787,21,1284,0,0,0,77,18,9665965422,36084311907,36643272064
1790901815,54120296,103069466624,0,0,0,0,0,2,2,4925213,21,1284,0,0,0,77,18,9665965422,36084311907,36643272064
1790901816,54139244,103070408704,0,0,0,0,0,2,2,4925213,21,1284,0,0,0,77,18,9665965422,36084311907,36643272064
1790901817,54155096,103071420416,0,0,0,0,0,2,2,4937589,21,1284,0,0,0,77,18,9665965422,36084311907,36643272064
1790901818,54190140,103076720640,0,0,0,0,0,2,2,4937589,21,1284,0,0,0,77,18,9665965422,36084311907,36643272064
1790901819,54203496,103072423936,0,0,0,0,0,2,2,4950030,21,1284,0,0,0,77,18,9665965422,36084311907,36643272064
1790901820,54226824,103069188096,0,0,0,0,0,2,2,4950030,21,1284,0,0,0,77,18,9665965422,36084311907,36643272064
1790901821,54270136,103060844544,0,0,0,0,0,2,2,4962532,21,1284,0,0,0,77,18,9665965422,36084311907,36643272064
1790901822,54311424,103064887296,0,0,0,0,0,2,2,4962532,21,1284,0,0,0,77,18,9665965422,36084311907,36643272064
1790901823,54358648,103074455552,0,0,0,0,0,2,2,4974967,21,1284,0,0,0,77,18,9665965422,36084311907,36643272064
1790901824,54403116,103078952960,0,0,0,0,0,2,2,4974967,21,1284,0,0,0,77,18,9665965422,36084311907,36643272064
1790901825,54442808,103073144832,0,0,0,0,0,2,2,4987591,21,1284,0,0,0,77,18,9665965422,36084311907,36643272064
1790901826,54479336,103064154112,0,0,0,0,0,2,2,4987591,21,1284,0,0,0,77,18,9665965422,36084311907,36643272064
1790901827,54517536,103074131968,0,0,0,0,0,2,2,4999979,21,1284,0,0,0,77,18,9665965422,36084311907,36643272064
1790901828,54548224,103053250560,0,0,0,0,0,2,2,4999979,21,1284,0,0,0,77,18,9665965422,36084311907,36643272064
1790901829,54592564,103066853376,0,0,0,0,0,2,2,5012229,21,1284,0,0,0,77,18,9665965422,36084311907,36643272064
1790901830,54626560,103075889152,0,0,0,0,0,2,2,5012229,21,1284,0,0,0,77,18,9665965422,36084311907,36643272064
1790901831,54659356,103062814720,0,0,0,0,0,2,2,5024600,21,1284,0,0,0,77,18,9665965422,36084311907,36643272064
1790901833,54694092,103071932416,0,0,0,0,0,2,2,5037151,21,1284,0,0,0,77,18,9665965422,36084311907,36643272064
1790901834,54711452,103070576640,0,0,0,0,0,2,2,5037151,21,1284,0,0,0,77,18,9665965422,36084311907,36643272064
1790901835,54744884,103079202816,0,0,0,0,0,2,2,5049617,21,1284,0,0,0,77,18,9665965422,36084311907,36643272064
1790901836,54766732,103074680832,0,0,0,0,0,2,2,5049617,21,1284,0,0,0,77,18,9665965422,36084311907,36643272064
1790901837,54789136,103071465472,0,0,0,0,0,3,3,5061935,21,1284,1,0,1,77,18,9665965422,36084311907,36643272064
1790901838,54807384,103074045952,0,0,0,0,0,3,3,5061935,21,1284,1,0,1,77,18,9665965422,36084311907,36643272064
1790901839,54828968,103056777216,0,0,0,0,0,3,3,5073246,21,1286,1,0,1,77,18,9665965422,36084311907,36643272064
1790901840,54849536,103066439680,0,0,0,0,0,3,3,5073246,21,1286,1,0,1,77,18,9665965422,36084311907,36643272064
1790901841,54867192,103053099008,0,0,0,0,0,3,3,5084549,21,1290,1,0,1,77,18,9665965422,36084311907,36643272064
1790901842,54880192,103072092160,0,0,0,0,0,3,3,5084549,21,1290,1,0,1,77,18,9665965422,36084311907,36643272064
1790901843,54901532,103073517568,0,0,0,0,0,3,3,5095849,21,1299,1,0,1,77,18,9665965422,36084311907,36643272064
1790901844,54929372,103074672640,0,0,0,0,0,3,3,5095849,21,1299,1,0,1,77,18,9665965422,36084311907,36643272064
1790901845,54963424,103077642240,0,0,0,0,0,3,3,5106914,21,1307,1,0,1,77,18,9665965422,36084311907,36643272064
1790901846,55003192,103076413440,0,0,0,0,0,3,3,5106914,21,1307,1,0,1,77,18,9665965422,36084311907,36643272064
1790901847,55038172,103076728832,0,0,0,0,0,3,3,5118231,21,1315,1,0,1,77,18,9665965422,36084311907,36643272064
1790901848,55060820,103074304000,0,0,0,0,0,3,3,5118231,21,1315,1,0,1,77,18,9665965422,36084311907,36643272064
1790901849,55090808,103032385536,0,0,0,0,0,3,3,5129530,21,1320,1,0,1,77,18,9665965422,36084311907,36643272064
1790901851,55122656,103076315136,0,0,0,0,0,3,3,5129530,21,1320,1,0,1,77,18,9665965422,36084311907,36643272064
1790901852,55146636,103069437952,0,0,0,0,0,3,3,5140732,21,1320,1,0,1,77,18,9665965422,36084311907,36643272064
1790901853,55175588,103073939456,0,0,0,0,0,3,3,5140732,21,1320,1,0,1,77,18,9665965422,36084311907,36643272064
1790901854,55201856,103070642176,0,0,0,0,0,3,3,5151981,21,1320,1,0,1,77,18,9665965422,36084311907,36643272064
1790901855,55231428,103057223680,0,0,0,0,0,3,3,5162897,21,1320,1,0,1,77,18,9665965422,36084311907,36643272064
1790901856,55250028,103066370048,0,0,0,0,0,3,3,5162897,21,1320,1,0,1,77,18,9665965422,36084311907,36643272064
1790901857,55246892,103078879232,0,0,0,0,0,3,3,5174173,21,1320,1,0,1,77,18,9665965422,36084311907,36643272064
1790901858,51952168,100295819264,0,0,0,0,0,3,3,5174173,21,1320,1,0,1,77,18,9665965422,36084311907,36643272064
1790901859,51897840,101954519040,0,0,0,0,0,3,3,5181443,23,1326,0,1,0,115,19,14497623695,36087688694,36650028515
1790901860,51628928,103066767360,0,0,0,0,0,3,3,5181443,23,1326,0,1,0,115,19,14497623695,36087688694,36650028515
1790901861,50959596,102936154112,0,0,0,0,0,3,3,5185802,23,1333,0,1,0,115,19,14497623695,36087688694,36650028515
1790901862,50229016,103034609664,0,0,0,0,0,3,3,5185802,23,1333,0,1,0,115,19,14497623695,36087688694,36650028515
1790901863,49461028,103024615424,0,0,0,0,0,3,3,5191253,23,1344,0,1,0,115,19,14497623695,36087688694,36650028515
1790901864,48676596,103078473728,0,0,0,0,0,3,3,5191253,23,1344,0,1,0,115,19,14497623695,36087688694,36650028515
1790901865,48019072,103070306304,0,0,0,0,0,3,3,5197343,23,1356,0,1,0,115,19,14497623695,36087688694,36650028515
1790901866,47585200,103073087488,0,0,0,0,0,3,3,5197343,23,1356,0,1,0,115,19,14497623695,36087688694,36650028515
1790901868,47317948,103073738752,0,0,0,0,0,3,3,5202985,23,1371,0,1,0,115,19,14497623695,36087688694,36650028515
1790901869,47252280,103062630400,0,0,0,0,0,3,3,5202985,23,1371,0,1,0,115,19,14497623695,36087688694,36650028515
1790901870,47153236,103058669568,0,0,0,0,0,3,3,5207869,23,1378,0,1,0,115,19,14497623695,36087688694,36650028515
1790901871,47082056,103073349632,0,0,0,0,0,3,3,5207869,23,1378,0,1,0,115,19,14497623695,36087688694,36650028515
1790901872,47090796,103073062912,0,0,0,0,0,3,3,5213731,23,1388,0,1,0,115,19,14497623695,36087688694,36650028515
1790901873,47084648,103074762752,0,0,0,0,0,3,3,5213731,23,1388,0,1,0,115,19,14497623695,36087688694,36650028515
1790901874,47099684,103055925248,0,0,0,0,0,3,3,5219179,23,1397,0,1,0,115,19,14497623695,36087688694,36650028515
1790901875,47062792,103060934656,0,0,0,0,0,3,3,5224361,23,1414,0,1,0,115,19,14497623695,36087688694,36650028515
1790901876,47093752,101369237504,0,0,0,0,0,3,3,5224361,23,1414,0,1,0,115,19,14497623695,36087688694,36650028515
1790901877,47136484,102833123328,0,0,0,0,0,3,3,5233242,25,1382,0,0,0,115,21,14497623695,38568215501,39195812785
1790901878,47162168,101460443136,0,0,0,0,0,3,3,5233242,25,1382,0,0,0,115,21,14497623695,38568215501,39195812785
1790901879,47209384,100435668992,0,0,0,0,0,3,3,5243025,27,1317,0,0,0,115,23,14497623695,43525631168,44278228523
1790901880,47220004,101302362112,0,0,0,0,0,3,3,5243025,27,1317,0,0,0,115,23,14497623695,43525631168,44278228523
1790901881,47266148,99899293696,0,0,0,0,0,3,3,5253914,27,1319,0,0,0,115,23,14497623695,43525631168,44278228523
1790901882,47325684,94434136064,0,0,0,0,0,3,3,5253914,27,1319,0,0,0,115,23,14497623695,43525631168,44278228523
1790901884,47373236,95051448320,0,0,0,0,0,3,3,5265326,28,1308,0,0,0,115,24,14497623695,51679641010,52585853186
1790901885,47408456,95669669888,0,0,0,0,0,3,3,5265326,28,1308,0,0,0,115,24,14497623695,51679641010,52585853186
1790901886,47443604,96281972736,0,0,0,0,0,3,3,5277575,28,1308,0,0,0,115,24,14497623695,51679641010,52585853186
1790901887,47478132,96896774144,0,0,0,0,0,3,3,5277575,28,1308,0,0,0,115,24,14497623695,51679641010,52585853186
1790901888,47506780,97486807040,0,0,0,0,0,3,3,5289839,28,1308,0,0,0,115,24,14497623695,51679641010,52585853186
1790901889,47535780,98046111744,0,0,0,0,0,3,3,5289839,28,1308,0,0,0,115,24,14497623695,51679641010,52585853186
1790901890,47565540,98594529280,0,0,0,0,0,3,3,5301006,28,1308,0,0,0,115,24,14497623695,51679641010,52585853186
1790901891,47595824,99168251904,0,0,0,0,0,3,3,5301006,28,1308,0,0,0,115,24,14497623695,51679641010,52585853186
1790901892,47615452,99771301888,0,0,0,0,0,3,3,5312469,28,1308,0,0,0,115,24,14497623695,51679641010,52585853186
1790901893,47661044,100401958912,0,0,0,0,0,3,3,5312469,28,1308,0,0,0,115,24,14497623695,51679641010,52585853186
1790901894,47686460,101000904704,0,0,0,0,0,3,3,5324808,28,1308,0,0,0,115,24,14497623695,51679641010,52585853186
1790901895,47698340,101581033472,0,0,0,0,0,3,3,5324808,28,1308,0,0,0,115,24,14497623695,51679641010,52585853186
1790901896,47711328,102165192704,0,0,0,0,0,3,3,5337204,28,1308,0,0,0,115,24,14497623695,51679641010,52585853186
1790901897,47727796,102752382976,0,0,0,0,0,3,3,5337204,28,1308,0,0,0,115,24,14497623695,51679641010,52585853186
1790901898,47748392,103078518784,0,0,0,0,0,3,3,5349657,28,1308,0,0,0,115,24,14497623695,51679641010,52585853186
1790901899,47780040,103078588416,0,0,0,0,0,3,3,5362033,28,1308,0,0,0,115,24,14497623695,51679641010,52585853186
1790901900,47803004,103052898304,0,0,0,0,0,3,3,5362033,28,1308,0,0,0,115,24,14497623695,51679641010,52585853186
1790901901,47825780,103063007232,0,0,0,0,0,3,3,5374406,28,1308,0,0,0,115,24,14497623695,51679641010,52585853186
1790901903,47861944,103073689600,0,0,0,0,0,3,3,5374406,28,1308,0,0,0,115,24,14497623695,51679641010,52585853186
1790901904,47904472,103038038016,0,0,0,0,0,3,3,5386635,28,1308,0,0,0,115,24,14497623695,51679641010,52585853186
1790901905,47951840,103079079936,0,0,0,0,0,3,3,5386635,28,1308,0,0,0,115,24,14497623695,51679641010,52585853186
1790901906,47990088,103078449152,0,0,0,0,0,3,3,5398963,28,1308,0,0,0,115,24,14497623695,51679641010,52585853186
1790901907,48034960,103071993856,0,0,0,0,0,3,3,5398963,28,1308,0,0,0,115,24,14497623695,51679641010,52585853186
1790901908,48050240,103070838784,0,0,0,0,0,3,3,5411359,28,1308,0,0,0,115,24,14497623695,51679641010,52585853186
1790901909,48081436,103078948864,0,0,0,0,0,3,3,5411359,28,1308,0,0,0,115,24,14497623695,51679641010,52585853186
1790901910,48095304,103078342656,0,0,0,0,0,3,3,5423690,28,1308,0,0,0,115,24,14497623695,51679641010,52585853186
1790901911,48111960,103072702464,0,0,0,0,0,3,3,5423690,28,1308,0,0,0,115,24,14497623695,51679641010,52585853186
1790901912,48128412,103048060928,0,0,0,0,0,3,3,5436082,28,1308,0,0,0,115,24,14497623695,51679641010,52585853186
1790901913,48147688,103071559680,0,0,0,0,0,3,3,5436082,28,1308,0,0,0,115,24,14497623695,51679641010,52585853186
1790901914,48170200,103073230848,0,0,0,0,0,3,3,5448445,28,1308,0,0,0,115,24,14497623695,51679641010,52585853186
1790901915,48203392,103065464832,0,0,0,0,0,3,3,5448445,28,1308,0,0,0,115,24,14497623695,51679641010,52585853186
1790901916,48247688,103045787648,0,0,0,0,0,3,3,5460832,28,1308,0,0,0,115,24,14497623695,51679641010,52585853186
1790901917,48285704,103062339584,0,0,0,0,0,3,3,5460832,28,1308,0,0,0,115,24,14497623695,51679641010,52585853186
1790901918,48330116,103068778496,0,0,0,0,0,3,3,5473158,28,1308,0,0,0,115,24,14497623695,51679641010,52585853186
1790901919,48373192,103074508800,0,0,0,0,0,3,3,5485609,28,1308,0,0,0,115,24,14497623695,51679641010,52585853186
1790901920,48406092,103073697792,0,0,0,0,0,3,3,5485609,28,1308,0,0,0,115,24,14497623695,51679641010,52585853186
1790901922,48426608,103061204992,0,0,0,0,0,3,3,5498047,28,1308,0,0,0,115,24,14497623695,51679641010,52585853186
1790901923,48434508,103076130816,0,0,0,0,0,3,3,5498047,28,1308,0,0,0,115,24,14497623695,51679641010,52585853186
1790901924,48460604,103076786176,0,0,0,0,0,3,3,5510547,28,1308,0,0,0,115,24,14497623695,51679641010,52585853186
1790901925,48488656,103029456896,0,0,0,0,0,3,3,5510547,28,1308,0,0,0,115,24,14497623695,51679641010,52585853186
1790901926,48531456,103058345984,0,0,0,0,0,3,3,5523042,28,1308,0,0,0,115,24,14497623695,51679641010,52585853186
1790901927,48562764,103042117632,0,0,0,0,0,3,3,5523042,28,1308,0,0,0,115,24,14497623695,51679641010,52585853186
1790901928,48595068,103068213248,0,0,0,0,0,3,3,5535551,28,1308,0,0,0,115,24,14497623695,51679641010,52585853186
1790901929,48612416,103071875072,0,0,0,0,0,3,3,5535551,28,1308,0,0,0,115,24,14497623695,51679641010,52585853186
1790901930,48639576,103060578304,0,0,0,0,0,3,3,5548080,28,1308,0,0,0,115,24,14497623695,51679641010,52585853186
1790901931,48654376,103060426752,0,0,0,0,0,3,3,5548080,28,1308,0,0,0,115,24,14497623695,51679641010,52585853186
1790901932,48671048,103063293952,0,0,0,0,0,3,3,5560498,28,1308,0,0,0,115,24,14497623695,51679641010,52585853186
1790901933,48700636,103039598592,0,0,0,0,0,3,3,5560498,28,1308,0,0,0,115,24,14497623695,51679641010,52585853186
1790901934,48725604,103063658496,0,0,0,0,0,3,3,5572596,28,1308,0,0,0,115,24,14497623695,51679641010,52585853186
1790901935,48757664,103063666688,0,0,0,0,0,3,3,5572596,28,1308,0,0,0,115,24,14497623695,51679641010,52585853186
1790901936,48797444,103062032384,0,0,0,0,0,3,3,5584915,28,1308,0,0,0,115,24,14497623695,51679641010,52585853186
1790901937,48825596,103063126016,0,0,0,0,0,3,3,5584915,28,1308,0,0,0,115,24,14497623695,51679641010,52585853186
1790901938,48849920,103078854656,0,0,0,0,0,3,3,5597277,28,1308,0,0,0,115,24,14497623695,51679641010,52585853186
1790901939,48871668,103069605888,0,0,0,0,0,3,3,5597277,28,1308,0,0,0,115,24,14497623695,51679641010,52585853186
1790901941,48900776,103039729664,0,0,0,0,0,3,3,5609749,28,1308,0,0,0,115,24,14497623695,51679641010,52585853186
1790901942,48933024,103067963392,0,0,0,0,0,3,3,5622187,28,1308,0,0,0,115,24,14497623695,51679641010,52585853186
1790901943,48955968,103077965824,0,0,0,0,0,3,3,5622187,28,1308,0,0,0,115,24,14497623695,51679641010,52585853186
1790901944,48976260,103078113280,0,0,0,0,0,3,3,5634665,28,1308,0,0,0,115,24,14497623695,51679641010,52585853186
1790901945,49000304,103068241920,0,0,0,0,0,3,3,5634665,28,1308,0,0,0,115,24,14497623695,51679641010,52585853186
1790901946,49034864,103074033664,0,0,0,0,0,3,3,5647206,28,1308,0,0,0,115,24,14497623695,51679641010,52585853186
1790901947,49056452,103061663744,0,0,0,0,0,3,3,5647206,28,1308,0,0,0,115,24,14497623695,51679641010,52585853186
1790901948,49097148,103067697152,0,0,0,0,0,3,3,5659786,28,1308,0,0,0,115,24,14497623695,51679641010,52585853186
1790901949,49127092,103079043072,0,0,0,0,0,3,3,5659786,28,1308,0,0,0,115,24,14497623695,51679641010,52585853186
1790901950,49163052,103070113792,0,0,0,0,0,3,3,5672271,28,1308,0,0,0,115,24,14497623695,51679641010,52585853186
1790901951,49189784,103066816512,0,0,0,0,0,3,3,5672271,28,1308,0,0,0,115,24,14497623695,51679641010,52585853186
1790901952,49217124,103075491840,0,0,0,0,0,3,3,5684695,28,1308,0,0,0,115,24,14497623695,51679641010,52585853186
1790901953,49242916,103059955712,0,0,0,0,0,3,3,5684695,28,1308,0,0,0,115,24,14497623695,51679641010,52585853186
1790901954,49275828,103077068800,0,0,0,0,0,3,3,5697080,28,1308,0,0,0,115,24,14497623695,51679641010,52585853186
1790901955,49309968,103067480064,0,0,0,0,0,3,3,5697080,28,1308,0,0,0,115,24,14497623695,51679641010,52585853186
1790901956,49345124,103067836416,0,0,0,0,0,3,3,5709501,28,1308,0,0,0,115,24,14497623695,51679641010,52585853186
1790901957,49380796,103072845824,0,0,0,0,0,3,3,5709501,28,1308,0,0,0,115,24,14497623695,51679641010,52585853186
1790901958,49406040,103070351360,0,0,0,0,0,3,3,5721908,28,1308,0,0,0,115,24,14497623695,51679641010,52585853186
1790901960,49429860,103034667008,0,0,0,0,0,3,3,5721908,28,1308,0,0,0,115,24,14497623695,51679641010,52585853186
1790901961,49454900,103060901888,0,0,0,0,0,3,3,5734466,28,1308,0,0,0,115,24,14497623695,51679641010,52585853186
1790901962,49475280,103073157120,0,0,0,0,0,3,3,5734466,28,1308,0,0,0,115,24,14497623695,51679641010,52585853186
1790901963,49497620,103078965248,0,0,0,0,0,3,3,5746822,28,1308,0,0,0,115,24,14497623695,51679641010,52585853186
1790901964,49522748,103076220928,0,0,0,0,0,3,3,5759209,28,1308,0,0,0,115,24,14497623695,51679641010,52585853186
1790901965,49548112,103066877952,0,0,0,0,0,3,3,5759209,28,1308,0,0,0,115,24,14497623695,51679641010,52585853186
1790901966,49582092,103077212160,0,0,0,0,0,3,3,5771439,28,1308,0,0,0,115,24,14497623695,51679641010,52585853186
1790901967,49612168,103058206720,0,0,0,0,0,3,3,5771439,28,1308,0,0,0,115,24,14497623695,51679641010,52585853186
1790901968,49651644,103079182336,0,0,0,0,0,3,3,5783772,28,1308,0,0,0,115,24,14497623695,51679641010,52585853186
1790901969,49687636,103076356096,0,0,0,0,0,3,3,5783772,28,1308,0,0,0,115,24,14497623695,51679641010,52585853186
1790901970,49727748,103069474816,0,0,0,0,0,3,3,5796199,28,1308,0,0,0,115,24,14497623695,51679641010,52585853186
1790901971,49771756,103079145472,0,0,0,0,0,3,3,5796199,28,1308,0,0,0,115,24,14497623695,51679641010,52585853186
1790901972,49817508,103064764416,0,0,0,0,0,3,3,5808696,28,1308,0,0,0,115,24,14497623695,51679641010,52585853186
1790901973,49863672,103010316288,0,0,0,0,0,3,3,5808696,28,1308,0,0,0,115,24,14497623695,51679641010,52585853186
1790901974,49900116,103072505856,0,0,0,0,0,3,3,5821029,28,1308,0,0,0,115,24,14497623695,51679641010,52585853186
1790901975,49942264,103056633856,0,0,0,0,0,3,3,5821029,28,1308,0,0,0,115,24,14497623695,51679641010,52585853186
1790901976,49991968,103074947072,0,0,0,0,0,3,3,5833449,28,1308,0,0,0,115,24,14497623695,51679641010,52585853186
1790901978,50042384,103058046976,0,0,0,0,0,3,3,5833449,28,1308,0,0,0,115,24,14497623695,51679641010,52585853186
1790901979,50060916,103074684928,0,0,0,0,0,3,3,5845951,28,1308,0,0,0,115,24,14497623695,51679641010,52585853186
1790901980,50092092,103061602304,0,0,0,0,0,3,3,5845951,28,1308,0,0,0,115,24,14497623695,51679641010,52585853186
1790901981,50129364,103073157120,0,0,0,0,0,3,3,5858412,28,1308,0,0,0,115,24,14497623695,51679641010,52585853186
1790901982,50157272,103065358336,0,0,0,0,0,3,3,5858412,28,1308,0,0,0,115,24,14497623695,51679641010,52585853186
1790901983,50182764,103071268864,0,0,0,0,0,3,3,5870895,28,1308,0,0,0,115,24,14497623695,51679641010,52585853186
1790901984,50217908,103063314432,0,0,0,0,0,3,3,5870895,28,1308,0,0,0,115,24,14497623695,51679641010,52585853186
1790901985,50252500,103052414976,0,0,0,0,0,3,3,5883309,28,1308,0,0,0,115,24,14497623695,51679641010,52585853186
1790901986,50286200,103072575488,0,0,0,0,0,3,3,5895747,28,1308,0,0,0,115,24,14497623695,51679641010,52585853186
1790901987,50324656,103058632704,0,0,0,0,0,3,3,5895747,28,1308,0,0,0,115,24,14497623695,51679641010,52585853186
1790901988,50369644,103063433216,0,0,0,0,0,3,3,5908254,28,1308,0,0,0,115,24,14497623695,51679641010,52585853186
1790901989,50424420,103074676736,0,0,0,0,0,3,3,5908254,28,1308,0,0,0,115,24,14497623695,51679641010,52585853186
1790901990,50469980,103077384192,0,0,0,0,0,3,3,5920659,28,1308,0,0,0,115,24,14497623695,51679641010,52585853186
1790901991,50511288,103058382848,0,0,0,0,0,3,3,5920659,28,1308,0,0,0,115,24,14497623695,51679641010,52585853186
1790901992,50562344,103074312192,0,0,0,0,0,3,3,5932937,28,1308,0,0,0,115,24,14497623695,51679641010,52585853186
1790901993,50591340,103072395264,0,0,0,0,0,3,3,5932937,28,1308,0,0,0,115,24,14497623695,51679641010,52585853186
1790901994,50629632,103075221504,0,0,0,0,0,3,3,5945434,28,1308,0,0,0,115,24,14497623695,51679641010,52585853186
1790901995,50671212,103059963904,0,0,0,0,0,3,3,5945434,28,1308,0,0,0,115,24,14497623695,51679641010,52585853186
1790901997,50707180,103079141376,0,0,0,0,0,3,3,5957660,28,1308,0,0,0,115,24,14497623695,51679641010,52585853186
1790901998,50763140,103070273536,0,0,0,0,0,3,3,5957660,28,1308,0,0,0,115,24,14497623695,51679641010,52585853186
1790901999,50807656,103056080896,0,0,0,0,0,3,3,5970139,28,1308,0,0,0,115,24,14497623695,51679641010,52585853186
1790902000,50847176,103079124992,0,0,0,0,0,3,3,5970139,28,1308,0,0,0,115,24,14497623695,51679641010,52585853186
1790902001,50871648,103071318016,0,0,0,0,0,3,3,5982442,28,1308,0,0,0,115,24,14497623695,51679641010,52585853186
1790902002,50907732,103052636160,0,0,0,0,0,3,3,5982442,28,1308,0,0,0,115,24,14497623695,51679641010,52585853186
1790902003,50935568,103075450880,0,0,0,0,0,3,3,5994777,28,1308,0,0,0,115,24,14497623695,51679641010,52585853186
1790902004,50955772,103075184640,0,0,0,0,0,3,3,5994777,28,1308,0,0,0,115,24,14497623695,51679641010,52585853186
1790902005,50974548,103069810688,0,0,0,0,0,3,3,6007082,28,1308,0,0,0,115,24,14497623695,51679641010,52585853186
1790902006,50998060,103053201408,0,0,0,0,0,3,3,6007082,28,1308,0,0,0,115,24,14497623695,51679641010,52585853186
1790902007,51020576,103071526912,0,0,0,0,0,3,3,6019489,28,1308,0,0,0,115,24,14497623695,51679641010,52585853186
1790902008,51044036,103070916608,0,0,0,0,0,3,3,6019489,28,1308,0,0,0,115,24,14497623695,51679641010,52585853186
1790902009,51054628,103050473472,0,0,0,0,0,3,3,6032017,28,1308,0,0,0,115,24,14497623695,51679641010,52585853186
1790902010,51064856,103068499968,0,0,0,0,0,3,3,6044475,28,1308,0,0,0,115,24,14497623695,51679641010,52585853186
1790902011,51077220,103068225536,0,0,0,0,0,3,3,6044475,28,1308,0,0,0,115,24,14497623695,51679641010,52585853186
1790902012,51101944,103072075776,0,0,0,0,0,3,3,6056807,28,1308,0,0,0,115,24,14497623695,51679641010,52585853186
1790902013,51122580,103077949440,0,0,0,0,0,3,3,6056807,28,1308,0,0,0,115,24,14497623695,51679641010,52585853186
1790902014,51147860,103059361792,0,0,0,0,0,3,3,6069174,28,1308,0,0,0,115,24,14497623695,51679641010,52585853186
1790902016,51169776,103077560320,0,0,0,0,0,3,3,6069174,28,1308,0,0,0,115,24,14497623695,51679641010,52585853186
1790902017,51205428,103059947520,0,0,0,0,0,3,3,6081565,28,1308,0,0,0,115,24,14497623695,51679641010,52585853186
1790902018,51251208,103063146496,0,0,0,0,0,3,3,6081565,28,1308,0,0,0,115,24,14497623695,51679641010,52585853186
1790902019,51302888,103071039488,0,0,0,0,0,3,3,6093922,28,1308,0,0,0,115,24,14497623695,51679641010,52585853186
1790902020,51348356,103075004416,0,0,0,0,0,3,3,6093922,28,1308,0,0,0,115,24,14497623695,51679641010,52585853186
1790902021,51404532,103077621760,0,0,0,0,0,3,3,6106367,28,1308,0,0,0,115,24,14497623695,51679641010,52585853186
1790902022,51457808,103043284992,0,0,0,0,0,3,3,6106367,28,1308,0,0,0,115,24,14497623695,51679641010,52585853186
1790902023,51511856,103077634048,0,0,0,0,0,3,3,6118683,28,1308,0,0,0,115,24,14497623695,51679641010,52585853186
1790902024,51575332,103059652608,0,0,0,0,0,3,3,6118683,28,1308,0,0,0,115,24,14497623695,51679641010,52585853186
1790902025,51621524,103075274752,0,0,0,0,0,3,3,6131051,28,1308,0,0,0,115,24,14497623695,51679641010,52585853186
1790902026,51670732,103059845120,0,0,0,0,0,3,3,6131051,28,1308,0,0,0,115,24,14497623695,51679641010,52585853186
1790902027,51716616,103072337920,0,0,0,0,0,3,3,6143424,28,1308,0,0,0,115,24,14497623695,51679641010,52585853186
1790902028,51759792,103059292160,0,0,0,0,0,3,3,6143424,28,1308,0,0,0,115,24,14497623695,51679641010,52585853186
1790902029,51813632,103069085696,0,0,0,0,0,3,3,6155778,28,1308,0,0,0,115,24,14497623695,51679641010,52585853186
1790902030,51876356,103065497600,0,0,0,0,0,3,3,6155778,28,1308,0,0,0,115,24,14497623695,51679641010,52585853186
1790902031,51923860,103059640320,0,0,0,0,0,3,3,6168244,28,1308,0,0,0,115,24,14497623695,51679641010,52585853186
1790902032,51977148,103073345536,0,0,0,0,0,3,3,6180444,28,1308,0,0,0,115,24,14497623695,51679641010,52585853186
1790902033,52036876,103072677888,0,0,0,0,0,3,3,6180444,28,1308,0,0,0,115,24,14497623695,51679641010,52585853186
1790902035,52092180,103055601664,0,0,0,0,0,3,3,6192746,28,1308,0,0,0,115,24,14497623695,51679641010,52585853186
1790902036,52149720,103073042432,0,0,0,0,0,3,3,6192746,28,1308,0,0,0,115,24,14497623695,51679641010,52585853186
1790902037,52207616,103050010624,0,0,0,0,0,3,3,6205192,28,1308,0,0,0,115,24,14497623695,51679641010,52585853186
1790902038,52262148,103062376448,0,0,0,0,0,3,3,6205192,28,1308,0,0,0,115,24,14497623695,51679641010,52585853186
1790902039,52316076,103078883328,0,0,0,0,0,3,3,6217559,28,1308,0,0,0,115,24,14497623695,51679641010,52585853186
1790902040,52359384,103073587200,0,0,0,0,0,3,3,6217559,28,1308,0,0,0,115,24,14497623695,51679641010,52585853186
1790902041,52402780,103077982208,0,0,0,0,0,3,3,6229983,28,1308,0,0,0,115,24,14497623695,51679641010,52585853186
1790902042,52438236,103043956736,0,0,0,0,0,3,3,6229983,28,1308,0,0,0,115,24,14497623695,51679641010,52585853186
1790902043,52470252,103063121920,0,0,0,0,0,3,3,6242408,28,1308,0,0,0,115,24,14497623695,51679641010,52585853186
1790902044,52508772,103064850432,0,0,0,0,0,3,3,6242408,28,1308,0,0,0,115,24,14497623695,51679641010,52585853186
1790902045,52539692,103062061056,0,0,0,0,0,3,3,6254839,28,1308,0,0,0,115,24,14497623695,51679641010,52585853186
1790902046,52562800,103057080320,0,0,0,0,0,3,3,6254839,28,1308,0,0,0,115,24,14497623695,51679641010,52585853186
1790902047,52580236,103061094400,0,0,0,0,0,3,3,6267210,28,1308,0,0,0,115,24,14497623695,51679641010,52585853186
1790902048,52611584,103063658496,0,0,0,0,0,3,3,6267210,28,1308,0,0,0,115,24,14497623695,51679641010,52585853186
1790902049,52632308,103032758272,0,0,0,0,0,3,3,6279502,28,1308,0,0,0,115,24,14497623695,51679641010,52585853186
1790902050,52653304,103066886144,0,0,0,0,0,3,3,6279502,28,1308,0,0,0,115,24,14497623695,51679641010,52585853186
1790902051,52669792,103077257216,0,0,0,0,0,3,3,6291814,28,1308,0,0,0,115,24,14497623695,51679641010,52585853186
1790902052,52714512,103064449024,0,0,0,0,0,3,3,6291814,28,1308,0,0,0,115,24,14497623695,51679641010,52585853186
1790902054,52772604,103069532160,0,0,0,0,0,3,3,6304116,28,1308,0,0,0,115,24,14497623695,51679641010,52585853186
1790902055,52807488,103077752832,0,0,0,0,0,3,3,6316484,28,1308,0,0,0,115,24,14497623695,51679641010,52585853186
1790902056,52850352,103079071744,0,0,0,0,0,3,3,6316484,28,1308,0,0,0,115,24,14497623695,51679641010,52585853186
1790902057,52889840,103056064512,0,0,0,0,0,3,3,6329047,28,1308,0,0,0,115,24,14497623695,51679641010,52585853186
1790902058,52914452,103078957056,0,0,0,0,0,3,3,6329047,28,1308,0,0,0,115,24,14497623695,51679641010,52585853186
1790902059,52929596,103041617920,0,0,0,0,0,3,3,6341331,28,1308,0,0,0,115,24,14497623695,51679641010,52585853186
1790902060,52938956,103063994368,0,0,0,0,0,3,3,6341331,28,1308,0,0,0,115,24,14497623695,51679641010,52585853186
1790902061,52941780,103065763840,0,0,0,0,0,3,3,6353711,28,1308,0,0,0,115,24,14497623695,51679641010,52585853186
1790902062,52949952,103043387392,0,0,0,0,0,3,3,6353711,28,1308,0,0,0,115,24,14497623695,51679641010,52585853186
1790902063,52965800,103062241280,0,0,0,0,0,3,3,6366187,28,1308,0,0,0,115,24,14497623695,51679641010,52585853186
1790902064,52979396,103075794944,0,0,0,0,0,3,3,6366187,28,1308,0,0,0,115,24,14497623695,51679641010,52585853186
1790902065,53006908,103074865152,0,0,0,0,0,3,3,6378560,28,1308,0,0,0,115,24,14497623695,51679641010,52585853186
1790902066,53016500,103076200448,0,0,0,0,0,3,3,6378560,28,1308,0,0,0,115,24,14497623695,51679641010,52585853186
1790902067,53028564,103077572608,0,0,0,0,0,3,3,6390947,28,1308,0,0,0,115,24,14497623695,51679641010,52585853186
1790902068,53053368,103068008448,0,0,0,0,0,3,3,6390947,28,1308,0,0,0,115,24,14497623695,51679641010,52585853186
1790902069,53086008,103069777920,0,0,0,0,0,3,3,6403229,28,1308,0,0,0,115,24,14497623695,51679641010,52585853186
1790902070,53111532,103045357568,0,0,0,0,0,3,3,6403229,28,1308,0,0,0,115,24,14497623695,51679641010,52585853186
1790902071,53139472,103072227328,0,0,0,0,0,3,3,6415660,28,1308,0,0,0,115,24,14497623695,51679641010,52585853186
1790902073,53171832,103078825984,0,0,0,0,0,3,3,6415660,28,1308,0,0,0,115,24,14497623695,51679641010,52585853186
1790902074,53192576,103033798656,0,0,0,0,0,3,3,6428150,28,1308,0,0,0,115,24,14497623695,51679641010,52585853186
1790902075,53198392,103067246592,0,0,0,0,0,3,3,6428150,28,1308,0,0,0,115,24,14497623695,51679641010,52585853186
1790902076,53232328,103077707776,0,0,0,0,0,3,3,6440547,28,1308,0,0,0,115,24,14497623695,51679641010,52585853186
1790902077,53259736,103079055360,0,0,0,0,0,3,3,6440547,28,1308,0,0,0,115,24,14497623695,51679641010,52585853186
1790902078,53279116,103015809024,0,0,0,0,0,3,3,6452886,28,1308,0,0,0,115,24,14497623695,51679641010,52585853186
1790902079,53319008,103072329728,0,0,0,0,0,3,3,6465311,28,1308,0,0,0,115,24,14497623695,51679641010,52585853186
1790902080,53355340,103062355968,0,0,0,0,0,3,3,6465311,28,1308,0,0,0,115,24,14497623695,51679641010,52585853186
1790902081,53394136,103057989632,0,0,0,0,0,3,3,6477772,28,1308,0,0,0,115,24,14497623695,51679641010,52585853186
1790902082,53433220,103076581376,0,0,0,0,0,3,3,6477772,28,1308,0,0,0,115,24,14497623695,51679641010,52585853186
1790902083,53484964,103048720384,0,0,0,0,0,3,3,6490260,28,1308,0,0,0,115,24,14497623695,51679641010,52585853186
1790902084,53545020,103053922304,0,0,0,0,0,3,3,6490260,28,1308,0,0,0,115,24,14497623695,51679641010,52585853186
1790902085,53596740,103071363072,0,0,0,0,0,3,3,6502639,28,1308,0,0,0,115,24,14497623695,51679641010,52585853186
1790902086,53643824,103078510592,0,0,0,0,0,3,3,6502639,28,1308,0,0,0,115,24,14497623695,51679641010,52585853186
1790902087,53695544,103078723584,0,0,0,0,0,3,3,6515129,28,1308,0,0,0,115,24,14497623695,51679641010,52585853186
1790902088,53752200,103063838720,0,0,0,0,0,3,3,6515129,28,1308,0,0,0,115,24,14497623695,51679641010,52585853186
1790902089,53817504,103062802432,0,0,0,0,0,3,3,6527574,28,1308,0,0,0,115,24,14497623695,51679641010,52585853186
1790902090,53868840,103065051136,0,0,0,0,0,3,3,6527574,28,1308,0,0,0,115,24,14497623695,51679641010,52585853186
1790902092,53922528,103063420928,0,0,0,0,0,3,3,6540009,28,1308,0,0,0,115,24,14497623695,51679641010,52585853186
1790902093,53980120,103070441472,0,0,0,0,0,3,3,6540009,28,1308,0,0,0,115,24,14497623695,51679641010,52585853186
1790902094,54031308,103077609472,0,0,0,0,0,3,3,6552325,28,1308,0,0,0,115,24,14497623695,51679641010,52585853186
1790902095,54074672,103074590720,0,0,0,0,0,3,3,6552325,28,1308,0,0,0,115,24,14497623695,51679641010,52585853186
1790902096,54115772,103071662080,0,0,0,0,0,3,3,6564724,28,1308,0,0,0,115,24,14497623695,51679641010,52585853186
1790902097,54151404,103072051200,0,0,0,0,0,3,3,6564724,28,1308,0,0,0,115,24,14497623695,51679641010,52585853186
1790902098,54194076,103077220352,0,0,0,0,0,3,3,6577190,28,1308,0,0,0,115,24,14497623695,51679641010,52585853186
1790902099,54224152,103071461376,0,0,0,0,0,3,3,6577190,28,1308,0,0,0,115,24,14497623695,51679641010,52585853186
1790902100,54254816,103057264640,0,0,0,0,0,3,3,6589541,28,1308,0,0,0,115,24,14497623695,51679641010,52585853186
1790902101,54290544,103047925760,0,0,0,0,0,3,3,6601830,28,1308,0,0,0,115,24,14497623695,51679641010,52585853186
1790902102,54323168,103066284032,0,0,0,0,0,3,3,6601830,28,1308,0,0,0,115,24,14497623695,51679641010,52585853186
1790902103,54358240,103078260736,0,0,0,0,0,3,3,6614299,28,1308,0,0,0,115,24,14497623695,51679641010,52585853186
1790902104,54396708,103072108544,0,0,0,0,0,3,3,6614299,28,1308,0,0,0,115,24,14497623695,51679641010,52585853186
1790902105,54431072,103051243520,0,0,0,0,0,3,3,6626706,28,1308,0,0,0,115,24,14497623695,51679641010,52585853186
1790902106,54467500,103065899008,0,0,0,0,0,3,3,6626706,28,1308,0,0,0,115,24,14497623695,51679641010,52585853186
1790902107,54495004,103072727040,0,0,0,0,0,3,3,6639057,28,1308,0,0,0,115,24,14497623695,51679641010,52585853186
1790902108,54530680,103073775616,0,0,0,0,0,3,3,6639057,28,1308,0,0,0,115,24,14497623695,51679641010,52585853186
1790902109,54564160,103072661504,0,0,0,0,0,3,3,6651333,28,1308,0,0,0,115,24,14497623695,51679641010,52585853186
1790902111,54604984,103077269504,0,0,0,0,0,3,3,6651333,28,1308,0,0,0,115,24,14497623695,51679641010,52585853186
1790902112,54634672,103076487168,0,0,0,0,0,3,3,6663840,28,1308,0,0,0,115,24,14497623695,51679641010,52585853186
1790902113,54681020,103072296960,0,0,0,0,0,3,3,6663840,28,1308,0,0,0,115,24,14497623695,51679641010,52585853186
1790902114,54733328,103076253696,0,0,0,0,0,3,3,6676249,28,1308,0,0,0,115,24,14497623695,51679641010,52585853186
1790902115,54795004,103073906688,0,0,0,0,0,3,3,6676249,28,1308,0,0,0,115,24,14497623695,51679641010,52585853186
1790902116,54849892,103075688448,0,0,0,0,0,3,3,6688572,28,1308,0,0,0,115,24,14497623695,51679641010,52585853186
1790902117,54910404,103076216832,0,0,0,0,0,3,3,6688572,28,1308,0,0,0,115,24,14497623695,51679641010,52585853186
1790902118,54956104,103052099584,0,0,0,0,0,3,3,6700874,28,1308,0,0,0,115,24,14497623695,51679641010,52585853186
1790902119,55001352,103073628160,0,0,0,0,0,3,3,6700874,28,1308,0,0,0,115,24,14497623695,51679641010,52585853186
1790902120,55036856,103060905984,0,0,0,0,0,3,3,6713177,28,1308,0,0,0,115,24,14497623695,51679641010,52585853186
1790902121,55076072,103052255232,0,0,0,0,0,3,3,6713177,28,1308,0,0,0,115,24,14497623695,51679641010,52585853186
1790902122,55116476,103071133696,0,0,0,0,0,3,3,6725480,28,1308,0,0,0,115,24,14497623695,51679641010,52585853186
1790902123,55161932,103061110784,0,0,0,0,0,3,3,6737880,28,1308,0,0,0,115,24,14497623695,51679641010,52585853186
1790902124,55196628,103078596608,0,0,0,0,0,3,3,6737880,28,1308,0,0,0,115,24,14497623695,51679641010,52585853186
1790902125,55230356,103076225024,0,0,0,0,0,4,4,6749926,28,1308,1,0,1,115,24,14497623695,51679641010,52585853186
1790902126,55258612,103055351808,0,0,0,0,0,4,4,6749926,28,1308,1,0,1,115,24,14497623695,51679641010,52585853186
1790902127,55288220,103063658496,0,0,0,0,0,4,4,6761269,28,1311,1,0,1,115,24,14497623695,51679641010,52585853186
1790902128,55317064,103055331328,0,0,0,0,0,4,4,6761269,28,1311,1,0,1,115,24,14497623695,51679641010,52585853186
1790902130,55349116,103065882624,0,0,0,0,0,4,4,6772550,28,1317,1,0,1,115,24,14497623695,51679641010,52585853186
1790902131,55381828,103072116736,0,0,0,0,0,4,4,6772550,28,1317,1,0,1,115,24,14497623695,51679641010,52585853186
1790902132,55414444,103075209216,0,0,0,0,0,4,4,6783718,28,1325,1,0,1,115,24,14497623695,51679641010,52585853186
1790902133,55445088,103055695872,0,0,0,0,0,4,4,6783718,28,1325,1,0,1,115,24,14497623695,51679641010,52585853186
1790902134,55483248,103077650432,0,0,0,0,0,4,4,6794808,28,1333,1,0,1,115,24,14497623695,51679641010,52585853186
1790902135,55510056,103060721664,0,0,0,0,0,4,4,6794808,28,1333,1,0,1,115,24,14497623695,51679641010,52585853186
1790902136,55542552,103051878400,0,0,0,0,0,4,4,6805852,28,1342,1,0,1,115,24,14497623695,51679641010,52585853186
1790902137,55588652,103056625664,0,0,0,0,0,4,4,6805852,28,1342,1,0,1,115,24,14497623695,51679641010,52585853186
1790902138,55618472,103066046464,0,0,0,0,0,4,4,6817017,28,1344,1,0,1,115,24,14497623695,51679641010,52585853186
1790902139,55650452,103056867328,0,0,0,0,0,4,4,6817017,28,1344,1,0,1,115,24,14497623695,51679641010,52585853186
1790902140,55679388,103072272384,0,0,0,0,0,4,4,6828137,28,1344,1,0,1,115,24,14497623695,51679641010,52585853186
1790902141,55706444,103076081664,0,0,0,0,0,4,4,6828137,28,1344,1,0,1,115,24,14497623695,51679641010,52585853186
1790902142,55736800,103071657984,0,0,0,0,0,4,4,6838944,28,1344,1,0,1,115,24,14497623695,51679641010,52585853186
1790902143,55761608,103053115392,0,0,0,0,0,4,4,6838944,28,1344,1,0,1,115,24,14497623695,51679641010,52585853186
1790902144,55803368,103061594112,0,0,0,0,0,4,4,6849797,28,1344,1,0,1,115,24,14497623695,51679641010,52585853186
1790902145,52450412,99668656128,0,0,0,0,0,4,4,6860838,29,1346,0,0,0,115,24,14497623695,51679641010,52585853186
1790902146,52358040,100705779712,0,0,0,0,0,4,4,6860838,29,1346,0,0,0,115,24,14497623695,51679641010,52585853186
1790902148,52156016,101554475008,0,0,0,0,0,4,4,6866768,30,1360,0,4,0,153,25,19330570489,51683017766,52592610060
1790902149,51781288,102248988672,0,0,0,0,0,4,4,6866768,30,1360,0,4,0,153,25,19330570489,51683017766,52592610060
1790902150,51170352,102676332544,0,0,0,0,0,4,4,6872551,30,1369,0,4,0,153,25,19330570489,51683017766,52592610060
1790902151,50362436,102907633664,0,0,0,0,0,4,4,6872551,30,1369,0,4,0,153,25,19330570489,51683017766,52592610060
1790902152,49390536,102953582592,0,0,0,0,0,4,4,6878378,30,1377,0,4,0,153,25,19330570489,51683017766,52592610060
1790902153,48726136,103042375680,0,0,0,0,0,4,4,6878378,30,1377,0,4,0,153,25,19330570489,51683017766,52592610060
1790902154,48244928,103077187584,0,0,0,0,0,4,4,6883951,30,1390,0,4,0,153,25,19330570489,51683017766,52592610060
1790902155,47943368,103053328384,0,0,0,0,0,4,4,6883951,30,1390,0,4,0,153,25,19330570489,51683017766,52592610060
1790902156,47753224,103073546240,0,0,0,0,0,4,4,6889899,30,1400,0,4,0,153,25,19330570489,51683017766,52592610060
1790902157,47745068,103079215104,0,0,0,0,0,4,4,6889899,30,1400,0,4,0,153,25,19330570489,51683017766,52592610060
1790902158,47767004,103071068160,0,0,0,0,0,4,4,6895743,30,1406,0,4,0,153,25,19330570489,51683017766,52592610060
1790902159,47774164,103079165952,0,0,0,0,0,4,4,6895743,30,1406,0,4,0,153,25,19330570489,51683017766,52592610060
1790902160,47700828,103012274176,0,0,0,0,0,4,4,6900812,30,1415,0,4,0,153,25,19330570489,51683017766,52592610060
1790902162,47704740,103047192576,0,0,0,0,0,4,4,6900812,30,1415,0,4,0,153,25,19330570489,51683017766,52592610060
1790902163,47713528,103061970944,0,0,0,0,0,4,4,6905422,30,1428,0,4,0,153,25,19330570489,51683017766,52592610060
1790902164,47718584,103064055808,0,0,0,0,0,4,4,6911272,30,1436,0,4,0,153,25,19330570489,51683017766,52592610060
1790902165,47734304,103072108544,0,0,0,0,0,4,4,6911272,30,1436,0,4,0,153,25,19330570489,51683017766,52592610060
1790902166,47731044,103069245440,0,0,0,0,0,4,4,6917712,30,1447,0,4,0,153,25,19330570489,51683017766,52592610060
1790902167,47728480,103079170048,0,0,0,0,0,4,4,6917712,30,1447,0,4,0,153,25,19330570489,51683017766,52592610060
1790902168,47717148,103076352000,0,0,0,0,0,4,4,6923966,30,1460,0,4,0,153,25,19330570489,51683017766,52592610060
1790902169,47715292,103078928384,0,0,0,0,0,4,4,6923966,30,1460,0,4,0,153,25,19330570489,51683017766,52592610060
1790902170,47719584,103077842944,0,0,0,0,0,4,4,6931418,30,1473,0,4,0,153,25,19330570489,51683017766,52592610060
1790902171,47731376,101603663872,0,0,0,0,0,4,4,6931418,30,1473,0,4,0,153,25,19330570489,51683017766,52592610060
1790902172,47731440,101243400192,0,0,0,0,0,4,4,6938452,31,1446,0,3,0,153,26,19330570489,54185784941,55180530660
1790902173,47753472,101442461696,0,0,0,0,0,4,4,6938452,31,1446,0,3,0,153,26,19330570489,54185784941,55180530660
1790902174,47767616,102500855808,0,0,0,0,0,4,4,6944105,32,1408,0,2,0,153,27,19330570489,56688081209,57768838666
1790902175,47759696,103048531968,0,0,0,0,0,4,4,6944105,32,1408,0,2,0,153,27,19330570489,56688081209,57768838666
1790902177,47771416,101446234112,0,0,0,0,0,4,4,6950713,32,1422,0,2,0,153,27,19330570489,56688081209,57768838666
1790902178,47795164,103049420800,0,0,0,0,0,4,4,6950713,32,1422,0,2,0,153,27,19330570489,56688081209,57768838666
1790902179,47807928,103045419008,0,0,0,0,0,4,4,6956662,33,1387,0,1,0,153,28,19330570489,59191465717,60357657914
1790902180,47826464,103076270080,0,0,0,0,0,4,4,6956662,33,1387,0,1,0,153,28,19330570489,59191465717,60357657914
1790902181,47827988,103022546944,0,0,0,0,0,4,4,6961217,33,1393,0,1,0,153,28,19330570489,59191465717,60357657914
1790902182,47844764,103068581888,0,0,0,0,0,4,4,6961217,33,1393,0,1,0,153,28,19330570489,59191465717,60357657914
1790902183,47870608,103075446784,0,0,0,0,0,4,4,6966499,33,1398,0,1,0,153,28,19330570489,59191465717,60357657914
1790902184,47883120,103075905536,0,0,0,0,0,4,4,6966499,33,1398,0,1,0,153,28,19330570489,59191465717,60357657914
1790902185,47906252,103073828864,0,0,0,0,0,4,4,6972770,33,1409,0,1,0,153,28,19330570489,59191465717,60357657914
1790902186,47929708,103067856896,0,0,0,0,0,4,4,6972770,33,1409,0,1,0,153,28,19330570489,59191465717,60357657914
1790902187,47951920,103073566720,0,0,0,0,0,4,4,6979296,33,1418,0,1,0,153,28,19330570489,59191465717,60357657914
1790902188,47973672,103035494400,0,0,0,0,0,4,4,6984771,33,1422,0,1,0,153,28,19330570489,59191465717,60357657914
1790902189,48010184,103069581312,0,0,0,0,0,4,4,6984771,33,1422,0,1,0,153,28,19330570489,59191465717,60357657914
1790902191,48058404,103023185920,0,0,0,0,0,4,4,6991915,35,1388,0,0,0,153,30,19330570489,61693536513,62944427734
1790902192,48106164,103031869440,0,0,0,0,0,4,4,6991915,35,1388,0,0,0,153,30,19330570489,61693536513,62944427734
1790902193,48137428,103066517504,0,0,0,0,0,4,4,6999743,35,1395,0,0,0,153,30,19330570489,61693536513,62944427734
1790902194,48177180,103070261248,0,0,0,0,0,4,4,6999743,35,1395,0,0,0,153,30,19330570489,61693536513,62944427734
1790902195,48211196,103038271488,0,0,0,0,0,4,4,7007207,35,1397,0,0,0,153,30,19330570489,61693536513,62944427734
1790902196,48219492,103058649088,0,0,0,0,0,4,4,7007207,35,1397,0,0,0,153,30,19330570489,61693536513,62944427734
1790902197,48250040,102838734848,0,0,0,0,0,4,4,7014564,35,1401,0,0,0,153,30,19330570489,61693536513,62944427734
1790902198,48278232,103072890880,0,0,0,0,0,4,4,7014564,35,1401,0,0,0,153,30,19330570489,61693536513,62944427734
1790902199,48306972,103058464768,0,0,0,0,0,4,4,7022770,36,1367,0,0,0,153,31,19330570489,64194809629,65529646992
1790902200,48353616,103061635072,0,0,0,0,0,4,4,7022770,36,1367,0,0,0,153,31,19330570489,64194809629,65529646992
1790902201,48381656,103077834752,0,0,0,0,0,4,4,7031471,36,1367,0,0,0,153,31,19330570489,64194809629,65529646992
1790902202,48419292,103067234304,0,0,0,0,0,4,4,7031471,36,1367,0,0,0,153,31,19330570489,64194809629,65529646992
1790902203,48444208,103072808960,0,0,0,0,0,4,4,7040202,36,1368,0,0,0,153,31,19330570489,64194809629,65529646992
1790902204,48484544,103053389824,0,0,0,0,0,4,4,7040202,36,1368,0,0,0,153,31,19330570489,64194809629,65529646992
1790902205,48515384,103040225280,0,0,0,0,0,4,4,7048871,36,1368,0,0,0,153,31,19330570489,64194809629,65529646992
1790902206,48542916,103058649088,0,0,0,0,0,4,4,7048871,36,1368,0,0,0,153,31,19330570489,64194809629,65529646992
1790902208,48569680,103077761024,0,0,0,0,0,4,4,7056958,36,1370,0,0,0,153,31,19330570489,64194809629,65529646992
1790902209,48593568,103076679680,0,0,0,0,0,4,4,7064974,36,1370,0,0,0,153,31,19330570489,64194809629,65529646992
1790902210,48628068,103071789056,0,0,0,0,0,4,4,7064974,36,1370,0,0,0,153,31,19330570489,64194809629,65529646992
1790902211,48665100,103076483072,0,0,0,0,0,4,4,7073487,36,1370,0,0,0,153,31,19330570489,64194809629,65529646992
1790902212,48691532,103069642752,0,0,0,0,0,4,4,7073487,36,1370,0,0,0,153,31,19330570489,64194809629,65529646992
1790902213,48715564,103055183872,0,0,0,0,0,4,4,7082005,36,1372,0,0,0,153,31,19330570489,64194809629,65529646992
1790902214,48740556,103061708800,0,0,0,0,0,4,4,7082005,36,1372,0,0,0,153,31,19330570489,64194809629,65529646992
1790902215,48767680,103047573504,0,0,0,0,0,4,4,7090462,36,1373,0,0,0,153,31,19330570489,64194809629,65529646992
1790902216,48804756,103063359488,0,0,0,0,0,4,4,7090462,36,1373,0,0,0,153,31,19330570489,64194809629,65529646992
1790902217,48849292,103074869248,0,0,0,0,0,4,4,7099095,36,1374,0,0,0,153,31,19330570489,64194809629,65529646992
1790902218,48893584,103076577280,0,0,0,0,0,4,4,7099095,36,1374,0,0,0,153,31,19330570489,64194809629,65529646992
1790902219,48926304,103064571904,0,0,0,0,0,4,4,7107884,36,1374,0,0,0,153,31,19330570489,64194809629,65529646992
1790902220,48959648,103070523392,0,0,0,0,0,4,4,7107884,36,1374,0,0,0,153,31,19330570489,64194809629,65529646992
1790902221,48988312,103076212736,0,0,0,0,0,4,4,7116165,36,1374,0,0,0,153,31,19330570489,64194809629,65529646992
1790902222,49019492,103074111488,0,0,0,0,0,4,4,7116165,36,1374,0,0,0,153,31,19330570489,64194809629,65529646992
1790902223,49029940,103078744064,0,0,0,0,0,4,4,7124254,36,1374,0,0,0,153,31,19330570489,64194809629,65529646992
1790902225,49055616,103072530432,0,0,0,0,0,4,4,7124254,36,1374,0,0,0,153,31,19330570489,64194809629,65529646992
1790902226,49080064,103051730944,0,0,0,0,0,4,4,7132242,36,1375,0,0,0,153,31,19330570489,64194809629,65529646992
1790902227,49091036,103073378304,0,0,0,0,0,4,4,7132242,36,1375,0,0,0,153,31,19330570489,64194809629,65529646992
1790902228,49120572,103077109760,0,0,0,0,0,4,4,7140723,36,1377,0,0,0,153,31,19330570489,64194809629,65529646992
1790902229,49139640,103050838016,0,0,0,0,0,4,4,7140723,36,1377,0,0,0,153,31,19330570489,64194809629,65529646992
1790902230,49167856,103041441792,0,0,0,0,0,4,4,7150223,36,1377,0,0,0,153,31,19330570489,64194809629,65529646992
1790902231,49176052,103064043520,0,0,0,0,0,4,4,7159363,36,1378,0,0,0,153,31,19330570489,64194809629,65529646992
1790902232,49197740,103057022976,0,0,0,0,0,4,4,7159363,36,1378,0,0,0,153,31,19330570489,64194809629,65529646992
1790902233,49220940,103065214976,0,0,0,0,0,4,4,7168074,36,1378,0,0,0,153,31,19330570489,64194809629,65529646992
1790902234,49250376,103069941760,0,0,0,0,0,4,4,7168074,36,1378,0,0,0,153,31,19330570489,64194809629,65529646992
1790902235,49279580,103046709248,0,0,0,0,0,4,4,7176613,36,1378,0,0,0,153,31,19330570489,64194809629,65529646992
1790902236,49311904,103073382400,0,0,0,0,0,4,4,7176613,36,1378,0,0,0,153,31,19330570489,64194809629,65529646992
1790902237,49356228,103077801984,0,0,0,0,0,4,4,7184815,36,1378,0,0,0,153,31,19330570489,64194809629,65529646992
1790902238,49392952,103041351680,0,0,0,0,0,4,4,7184815,36,1378,0,0,0,153,31,19330570489,64194809629,65529646992
1790902239,49425892,103032897536,0,0,0,0,0,4,4,7193947,36,1378,0,0,0,153,31,19330570489,64194809629,65529646992
1790902240,49451740,102509768704,0,0,0,0,0,4,4,7193947,36,1378,0,0,0,153,31,19330570489,64194809629,65529646992
1790902241,49561888,102541746176,0,0,0,0,0,4,4,7203236,37,1319,0,0,0,153,32,19330570489,68930338455,70422605590
1790902243,49591796,103026106368,0,0,0,0,0,4,4,7203236,37,1319,0,0,0,153,32,19330570489,68930338455,70422605590
1790902244,49627184,103076892672,0,0,0,0,0,4,4,7212527,37,1319,0,0,0,153,32,19330570489,68930338455,70422605590
1790902245,49654240,103032696832,0,0,0,0,0,4,4,7212527,37,1319,0,0,0,153,32,19330570489,68930338455,70422605590
1790902246,49668780,103068483584,0,0,0,0,0,4,4,7221551,37,1319,0,0,0,153,32,19330570489,68930338455,70422605590
1790902247,49679472,103048876032,0,0,0,0,0,4,4,7221551,37,1319,0,0,0,153,32,19330570489,68930338455,70422605590
1790902248,49699260,103023513600,0,0,0,0,0,4,4,7230509,37,1319,0,0,0,153,32,19330570489,68930338455,70422605590
1790902249,49717044,103059210240,0,0,0,0,0,4,4,7230509,37,1319,0,0,0,153,32,19330570489,68930338455,70422605590
1790902250,49720632,103036067840,0,0,0,0,0,4,4,7240416,37,1319,0,0,0,153,32,19330570489,68930338455,70422605590
1790902251,49739984,103066873856,0,0,0,0,0,4,4,7240416,37,1319,0,0,0,153,32,19330570489,68930338455,70422605590
1790902252,49763860,103059566592,0,0,0,0,0,4,4,7250204,37,1319,0,0,0,153,32,19330570489,68930338455,70422605590
1790902253,49777356,103077449728,0,0,0,0,0,4,4,7259742,37,1319,0,0,0,153,32,19330570489,68930338455,70422605590
1790902254,49801596,103040966656,0,0,0,0,0,4,4,7259742,37,1319,0,0,0,153,32,19330570489,68930338455,70422605590
1790902255,49820976,103077224448,0,0,0,0,0,4,4,7269082,37,1319,0,0,0,153,32,19330570489,68930338455,70422605590
1790902256,49849124,103075708928,0,0,0,0,0,4,4,7269082,37,1319,0,0,0,153,32,19330570489,68930338455,70422605590
1790902257,49872452,103077711872,0,0,0,0,0,4,4,7277097,37,1319,0,0,0,153,32,19330570489,68930338455,70422605590
1790902258,49904076,103078379520,0,0,0,0,0,4,4,7277097,37,1319,0,0,0,153,32,19330570489,68930338455,70422605590
1790902259,49949372,103074189312,0,0,0,0,0,4,4,7287369,37,1319,0,0,0,153,32,19330570489,68930338455,70422605590
1790902261,49982360,103077994496,0,0,0,0,0,4,4,7287369,37,1319,0,0,0,153,32,19330570489,68930338455,70422605590
1790902262,50011504,103040757760,0,0,0,0,0,4,4,7297363,37,1319,0,0,0,153,32,19330570489,68930338455,70422605590
1790902263,50039532,103071080448,0,0,0,0,0,4,4,7297363,37,1319,0,0,0,153,32,19330570489,68930338455,70422605590
1790902264,50055852,103050534912,0,0,0,0,0,4,4,7306915,37,1319,0,0,0,153,32,19330570489,68930338455,70422605590
1790902265,50069460,103073091584,0,0,0,0,0,4,4,7306915,37,1319,0,0,0,153,32,19330570489,68930338455,70422605590
1790902266,50085968,103073124352,0,0,0,0,0,4,4,7315862,37,1319,0,0,0,153,32,19330570489,68930338455,70422605590
1790902267,50086136,103070892032,0,0,0,0,0,4,4,7315862,37,1319,0,0,0,153,32,19330570489,68930338455,70422605590
1790902268,50101308,103078207488,0,0,0,0,0,4,4,7322485,37,1319,0,0,0,153,32,19330570489,68930338455,70422605590
1790902269,50118280,103074844672,0,0,0,0,0,4,4,7322485,37,1319,0,0,0,153,32,19330570489,68930338455,70422605590
1790902270,50149048,103074725888,0,0,0,0,0,4,4,7331287,37,1319,0,0,0,153,32,19330570489,68930338455,70422605590
1790902271,50175904,103078735872,0,0,0,0,0,4,4,7331287,37,1319,0,0,0,153,32,19330570489,68930338455,70422605590
1790902272,50204972,103069503488,0,0,0,0,0,4,4,7341523,37,1319,0,0,0,153,32,19330570489,68930338455,70422605590
1790902273,50228912,103072899072,0,0,0,0,0,4,4,7341523,37,1319,0,0,0,153,32,19330570489,68930338455,70422605590
1790902274,50250512,103071236096,0,0,0,0,0,4,4,7351587,37,1319,0,0,0,153,32,19330570489,68930338455,70422605590
1790902275,50268732,103078555648,0,0,0,0,0,4,4,7351587,37,1319,0,0,0,153,32,19330570489,68930338455,70422605590
1790902276,50280968,103077601280,0,0,0,0,0,4,4,7360226,37,1319,0,0,0,153,32,19330570489,68930338455,70422605590
1790902277,50285344,103074828288,0,0,0,0,0,4,4,7367938,37,1319,0,0,0,153,32,19330570489,68930338455,70422605590
1790902279,50294628,103070023680,0,0,0,0,0,4,4,7367938,37,1319,0,0,0,153,32,19330570489,68930338455,70422605590
1790902280,50306236,103079092224,0,0,0,0,0,4,4,7375406,37,1319,0,0,0,153,32,19330570489,68930338455,70422605590
1790902281,50316256,103078981632,0,0,0,0,0,4,4,7375406,37,1319,0,0,0,153,32,19330570489,68930338455,70422605590
1790902282,50336128,103068205056,0,0,0,0,0,4,4,7385611,37,1319,0,0,0,153,32,19330570489,68930338455,70422605590
1790902283,50350620,103073841152,0,0,0,0,0,4,4,7385611,37,1319,0,0,0,153,32,19330570489,68930338455,70422605590
1790902284,50363236,103074148352,0,0,0,0,0,4,4,7395307,37,1319,0,0,0,153,32,19330570489,68930338455,70422605590
1790902285,50382632,103079067648,0,0,0,0,0,4,4,7395307,37,1319,0,0,0,153,32,19330570489,68930338455,70422605590
1790902286,50336276,103064657920,0,0,0,0,0,4,4,7405074,37,1319,0,0,0,153,32,19330570489,68930338455,70422605590
1790902287,50355628,103074373632,0,0,0,0,0,4,4,7405074,37,1319,0,0,0,153,32,19330570489,68930338455,70422605590
1790902288,50371396,103056556032,0,0,0,0,0,4,4,7412858,37,1320,0,0,0,153,32,19330570489,68930338455,70422605590
1790902289,50374096,103075729408,0,0,0,0,0,4,4,7412858,37,1320,0,0,0,153,32,19330570489,68930338455,70422605590
1790902290,50299264,103062773760,0,0,0,0,0,4,4,7420621,37,1320,0,0,0,153,32,19330570489,68930338455,70422605590
1790902291,50303040,103078641664,0,0,0,0,0,4,4,7420621,37,1320,0,0,0,153,32,19330570489,68930338455,70422605590
1790902292,50322060,103062425600,0,0,0,0,0,4,4,7428967,37,1321,0,0,0,153,32,19330570489,68930338455,70422605590
1790902293,50268260,103076970496,0,0,0,0,0,4,4,7428967,37,1321,0,0,0,153,32,19330570489,68930338455,70422605590
1790902294,50294908,103057760256,0,0,0,0,0,4,4,7439144,37,1322,0,0,0,153,32,19330570489,68930338455,70422605590
1790902295,50328160,103075487744,0,0,0,0,0,4,4,7439144,37,1322,0,0,0,153,32,19330570489,68930338455,70422605590
1790902296,50357976,103058501632,0,0,0,0,0,4,4,7448695,37,1322,0,0,0,153,32,19330570489,68930338455,70422605590
1790902298,50328544,103070765056,0,0,0,0,0,4,4,7448695,37,1322,0,0,0,153,32,19330570489,68930338455,70422605590
1790902299,50350508,103073988608,0,0,0,0,0,4,4,7458201,37,1322,0,0,0,153,32,19330570489,68930338455,70422605590
1790902300,50258972,103070576640,0,0,0,0,0,4,4,7466541,37,1323,0,0,0,153,32,19330570489,68930338455,70422605590
1790902301,50252024,103070482432,0,0,0,0,0,4,4,7466541,37,1323,0,0,0,153,32,19330570489,68930338455,70422605590
1790902302,50281008,103072174080,0,0,0,0,0,4,4,7475703,37,1323,0,0,0,153,32,19330570489,68930338455,70422605590
1790902303,50299820,103076597760,0,0,0,0,0,4,4,7475703,37,1323,0,0,0,153,32,19330570489,68930338455,70422605590
1790902304,50316428,103059304448,0,0,0,0,0,4,4,7485419,37,1323,0,0,0,153,32,19330570489,68930338455,70422605590
1790902305,50327996,103073689600,0,0,0,0,0,4,4,7485419,37,1323,0,0,0,153,32,19330570489,68930338455,70422605590
1790902306,50352992,103065071616,0,0,0,0,0,4,4,7495102,37,1323,0,0,0,153,32,19330570489,68930338455,70422605590
1790902307,50382576,103063724032,0,0,0,0,0,4,4,7495102,37,1323,0,0,0,153,32,19330570489,68930338455,70422605590
1790902308,50398344,103074918400,0,0,0,0,0,4,4,7504078,37,1323,0,0,0,153,32,19330570489,68930338455,70422605590
1790902309,50383380,103079153664,0,0,0,0,0,4,4,7504078,37,1323,0,0,0,153,32,19330570489,68930338455,70422605590
1790902310,50406876,103050149888,0,0,0,0,0,4,4,7513043,37,1323,0,0,0,153,32,19330570489,68930338455,70422605590
1790902311,50431024,103077220352,0,0,0,0,0,4,4,7513043,37,1323,0,0,0,153,32,19330570489,68930338455,70422605590
1790902312,50452020,103057133568,0,0,0,0,0,4,4,7522774,37,1323,0,0,0,153,32,19330570489,68930338455,70422605590
1790902313,50493464,103071600640,0,0,0,0,0,4,4,7522774,37,1323,0,0,0,153,32,19330570489,68930338455,70422605590
1790902314,50527496,103078612992,0,0,0,0,0,4,4,7532435,37,1323,0,0,0,153,32,19330570489,68930338455,70422605590
1790902316,50568328,103065706496,0,0,0,0,0,4,4,7532435,37,1323,0,0,0,153,32,19330570489,68930338455,70422605590
1790902317,50610008,103077117952,0,0,0,0,0,4,4,7541262,37,1323,0,0,0,153,32,19330570489,68930338455,70422605590
1790902318,50653744,103071141888,0,0,0,0,0,4,4,7541262,37,1323,0,0,0,153,32,19330570489,68930338455,70422605590
1790902319,50691372,103067340800,0,0,0,0,0,4,4,7549866,37,1323,0,0,0,153,32,19330570489,68930338455,70422605590
1790902320,50722644,103060701184,0,0,0,0,0,4,4,7549866,37,1323,0,0,0,153,32,19330570489,68930338455,70422605590
1790902321,50755916,103077429248,0,0,0,0,0,4,4,7556258,37,1323,0,0,0,153,32,19330570489,68930338455,70422605590
1790902322,50797676,103077244928,0,0,0,0,0,4,4,7566181,37,1323,0,0,0,153,32,19330570489,68930338455,70422605590
1790902323,50849284,103076933632,0,0,0,0,0,4,4,7566181,37,1323,0,0,0,153,32,19330570489,68930338455,70422605590
1790902324,50886480,103079141376,0,0,0,0,0,4,4,7575943,37,1323,0,0,0,153,32,19330570489,68930338455,70422605590
1790902325,50919128,103074512896,0,0,0,0,0,4,4,7575943,37,1323,0,0,0,153,32,19330570489,68930338455,70422605590
1790902326,50943336,103079084032,0,0,0,0,0,4,4,7585018,37,1323,0,0,0,153,32,19330570489,68930338455,70422605590
1790902327,50972180,103068581888,0,0,0,0,0,4,4,7585018,37,1323,0,0,0,153,32,19330570489,68930338455,70422605590
1790902328,50992280,103076577280,0,0,0,0,0,4,4,7594065,37,1323,0,0,0,153,32,19330570489,68930338455,70422605590
1790902329,51008852,103072014336,0,0,0,0,0,4,4,7594065,37,1323,0,0,0,153,32,19330570489,68930338455,70422605590
1790902330,51038012,103054929920,0,0,0,0,0,4,4,7602462,37,1323,0,0,0,153,32,19330570489,68930338455,70422605590
1790902331,51068236,103068434432,0,0,0,0,0,4,4,7602462,37,1323,0,0,0,153,32,19330570489,68930338455,70422605590
1790902333,51094768,103079215104,0,0,0,0,0,4,4,7612246,37,1323,0,0,0,153,32,19330570489,68930338455,70422605590
1790902334,51127136,103074906112,0,0,0,0,0,4,4,7612246,37,1323,0,0,0,153,32,19330570489,68930338455,70422605590
1790902335,51167788,103068934144,0,0,0,0,0,4,4,7622049,37,1323,0,0,0,153,32,19330570489,68930338455,70422605590
1790902336,51201760,103075155968,0,0,0,0,0,4,4,7622049,37,1323,0,0,0,153,32,19330570489,68930338455,70422605590
1790902337,51234284,103067979776,0,0,0,0,0,4,4,7631620,37,1323,0,0,0,153,32,19330570489,68930338455,70422605590
1790902338,51275832,103079002112,0,0,0,0,0,4,4,7631620,37,1323,0,0,0,153,32,19330570489,68930338455,70422605590
1790902339,51318980,103069847552,0,0,0,0,0,4,4,7640881,37,1323,0,0,0,153,32,19330570489,68930338455,70422605590
1790902340,51349276,103074422784,0,0,0,0,0,4,4,7640881,37,1323,0,0,0,153,32,19330570489,68930338455,70422605590
1790902341,51381448,103070224384,0,0,0,0,0,4,4,7649390,37,1323,0,0,0,153,32,19330570489,68930338455,70422605590
1790902342,51368784,103069171712,0,0,0,0,0,4,4,7649390,37,1323,0,0,0,153,32,19330570489,68930338455,70422605590
1790902343,51417672,103078879232,0,0,0,0,0,4,4,7658274,37,1324,0,0,0,153,32,19330570489,68930338455,70422605590
1790902344,51469280,103075713024,0,0,0,0,0,4,4,7668522,37,1324,0,0,0,153,32,19330570489,68930338455,70422605590
1790902345,51524200,103062679552,0,0,0,0,0,4,4,7668522,37,1324,0,0,0,153,32,19330570489,68930338455,70422605590
1790902346,51591380,103067111424,0,0,0,0,0,4,4,7679100,37,1324,0,0,0,153,32,19330570489,68930338455,70422605590
1790902347,51636140,103061561344,0,0,0,0,0,4,4,7679100,37,1324,0,0,0,153,32,19330570489,68930338455,70422605590
1790902348,51691840,103070457856,0,0,0,0,0,4,4,7688987,37,1324,0,0,0,153,32,19330570489,68930338455,70422605590
1790902350,51696332,103068917760,0,0,0,0,0,4,4,7688987,37,1324,0,0,0,153,32,19330570489,68930338455,70422605590
1790902351,51709248,103048544256,0,0,0,0,0,4,4,7698607,37,1324,0,0,0,153,32,19330570489,68930338455,70422605590
1790902352,51740152,103077814272,0,0,0,0,0,4,4,7698607,37,1324,0,0,0,153,32,19330570489,68930338455,70422605590
1790902353,51772684,103077801984,0,0,0,0,0,4,4,7708033,37,1324,0,0,0,153,32,19330570489,68930338455,70422605590
1790902354,51791428,103072411648,0,0,0,0,0,4,4,7708033,37,1324,0,0,0,153,32,19330570489,68930338455,70422605590
1790902355,51820632,103067828224,0,0,0,0,0,4,4,7718632,37,1324,0,0,0,153,32,19330570489,68930338455,70422605590
1790902356,51846312,103070187520,0,0,0,0,0,4,4,7718632,37,1324,0,0,0,153,32,19330570489,68930338455,70422605590
1790902357,51874044,103077818368,0,0,0,0,0,4,4,7729019,37,1324,0,0,0,153,32,19330570489,68930338455,70422605590
1790902358,51901716,103070613504,0,0,0,0,0,4,4,7729019,37,1324,0,0,0,153,32,19330570489,68930338455,70422605590
1790902359,51921524,103067242496,0,0,0,0,0,4,4,7739278,37,1324,0,0,0,153,32,19330570489,68930338455,70422605590
1790902360,51927884,103074242560,0,0,0,0,0,4,4,7739278,37,1324,0,0,0,153,32,19330570489,68930338455,70422605590
1790902361,51942412,103075209216,0,0,0,0,0,4,4,7749462,37,1324,0,0,0,153,32,19330570489,68930338455,70422605590
1790902362,51965148,103063707648,0,0,0,0,0,4,4,7749462,37,1324,0,0,0,153,32,19330570489,68930338455,70422605590
1790902363,51985692,103076880384,0,0,0,0,0,4,4,7759823,37,1324,0,0,0,153,32,19330570489,68930338455,70422605590
1790902364,52004824,103041576960,0,0,0,0,0,4,4,7759823,37,1324,0,0,0,153,32,19330570489,68930338455,70422605590
1790902365,52019560,103052566528,0,0,0,0,0,4,4,7769143,37,1324,0,0,0,153,32,19330570489,68930338455,70422605590
1790902366,52038792,103077703680,0,0,0,0,0,4,4,7769143,37,1324,0,0,0,153,32,19330570489,68930338455,70422605590
1790902367,52057868,103073497088,0,0,0,0,0,4,4,7778821,37,1324,0,0,0,153,32,19330570489,68930338455,70422605590
1790902369,52073756,103072292864,0,0,0,0,0,4,4,7789113,37,1324,0,0,0,153,32,19330570489,68930338455,70422605590
1790902370,52079728,103054123008,0,0,0,0,0,4,4,7789113,37,1324,0,0,0,153,32,19330570489,68930338455,70422605590
1790902371,52096124,103076827136,0,0,0,0,0,4,4,7798259,37,1324,0,0,0,153,32,19330570489,68930338455,70422605590
1790902372,52105168,103077613568,0,0,0,0,0,4,4,7798259,37,1324,0,0,0,153,32,19330570489,68930338455,70422605590
1790902373,52116840,103066025984,0,0,0,0,0,4,4,7807606,37,1324,0,0,0,153,32,19330570489,68930338455,70422605590
1790902374,52127116,103074369536,0,0,0,0,0,4,4,7807606,37,1324,0,0,0,153,32,19330570489,68930338455,70422605590
1790902375,52150272,103067713536,0,0,0,0,0,4,4,7816473,37,1324,0,0,0,153,32,19330570489,68930338455,70422605590
1790902376,52175656,103070973952,0,0,0,0,0,4,4,7816473,37,1324,0,0,0,153,32,19330570489,68930338455,70422605590
1790902377,52188268,103073251328,0,0,0,0,0,4,4,7827211,37,1324,0,0,0,153,32,19330570489,68930338455,70422605590
1790902378,52213076,103078539264,0,0,0,0,0,4,4,7827211,37,1324,0,0,0,153,32,19330570489,68930338455,70422605590
1790902379,52239340,103077765120,0,0,0,0,0,4,4,7836956,37,1324,0,0,0,153,32,19330570489,68930338455,70422605590
1790902380,52274052,103073685504,0,0,0,0,0,4,4,7836956,37,1324,0,0,0,153,32,19330570489,68930338455,70422605590
1790902381,52306752,103063289856,0,0,0,0,0,4,4,7846707,37,1324,0,0,0,153,32,19330570489,68930338455,70422605590
1790902382,52256180,103072346112,0,0,0,0,0,4,4,7846707,37,1324,0,0,0,153,32,19330570489,68930338455,70422605590
1790902383,52283284,103076401152,0,0,0,0,0,4,4,7854885,37,1325,0,0,0,153,32,19330570489,68930338455,70422605590
1790902384,52324388,103061749760,0,0,0,0,0,4,4,7854885,37,1325,0,0,0,153,32,19330570489,68930338455,70422605590
1790902385,52357484,103071895552,0,0,0,0,0,4,4,7865013,37,1325,0,0,0,153,32,19330570489,68930338455,70422605590
1790902386,52396816,103073435648,0,0,0,0,0,4,4,7865013,37,1325,0,0,0,153,32,19330570489,68930338455,70422605590
1790902388,52409868,103065063424,0,0,0,0,0,4,4,7874962,37,1325,0,0,0,153,32,19330570489,68930338455,70422605590
1790902389,52435052,103073320960,0,0,0,0,0,4,4,7874962,37,1325,0,0,0,153,32,19330570489,68930338455,70422605590
1790902390,52372276,103078432768,0,0,0,0,0,4,4,7884659,37,1325,0,0,0,153,32,19330570489,68930338455,70422605590
1790902391,52404148,103068606464,0,0,0,0,0,4,4,7893719,37,1326,0,0,0,153,32,19330570489,68930338455,70422605590
1790902392,52411972,103073857536,0,0,0,0,0,4,4,7893719,37,1326,0,0,0,153,32,19330570489,68930338455,70422605590
1790902393,52435912,103064219648,0,0,0,0,0,4,4,7903136,37,1326,0,0,0,153,32,19330570489,68930338455,70422605590
1790902394,52451960,103069581312,0,0,0,0,0,4,4,7903136,37,1326,0,0,0,153,32,19330570489,68930338455,70422605590
1790902395,52460032,103075033088,0,0,0,0,0,4,4,7913359,37,1326,0,0,0,153,32,19330570489,68930338455,70422605590
1790902396,52475904,103071744000,0,0,0,0,0,4,4,7913359,37,1326,0,0,0,153,32,19330570489,68930338455,70422605590
1790902397,52485948,103076253696,0,0,0,0,0,4,4,7923600,37,1326,0,0,0,153,32,19330570489,68930338455,70422605590
1790902398,52495572,103068958720,0,0,0,0,0,4,4,7923600,37,1326,0,0,0,153,32,19330570489,68930338455,70422605590
1790902399,52433592,103078998016,0,0,0,0,0,4,4,7932499,37,1326,0,0,0,153,32,19330570489,68930338455,70422605590
1790902400,52446732,103067590656,0,0,0,0,0,4,4,7932499,37,1326,0,0,0,153,32,19330570489,68930338455,70422605590
1790902401,52464524,103071657984,0,0,0,0,0,4,4,7941697,37,1327,0,0,0,153,32,19330570489,68930338455,70422605590
1790902402,52481036,103076519936,0,0,0,0,0,4,4,7941697,37,1327,0,0,0,153,32,19330570489,68930338455,70422605590
1790902403,52476224,103037579264,0,0,0,0,0,4,4,7951807,37,1327,0,0,0,153,32,19330570489,68930338455,70422605590
1790902404,52478256,103063584768,0,0,0,0,0,4,4,7951807,37,1327,0,0,0,153,32,19330570489,68930338455,70422605590
1790902405,52498776,103072542720,0,0,0,0,0,4,4,7961873,37,1327,0,0,0,153,32,19330570489,68930338455,70422605590
1790902407,52512008,103078027264,0,0,0,0,0,4,4,7961873,37,1327,0,0,0,153,32,19330570489,68930338455,70422605590
1790902408,52525684,103038595072,0,0,0,0,0,4,4,7971294,37,1327,0,0,0,153,32,19330570489,68930338455,70422605590
1790902409,52544472,103077388288,0,0,0,0,0,4,4,7971294,37,1327,0,0,0,153,32,19330570489,68930338455,70422605590
1790902410,52524216,103074824192,0,0,0,0,0,4,4,7981043,37,1327,0,0,0,153,32,19330570489,68930338455,70422605590
1790902411,52554388,103067471872,0,0,0,0,0,4,4,7981043,37,1327,0,0,0,153,32,19330570489,68930338455,70422605590
1790902412,52583328,103074246656,0,0,0,0,0,4,4,7991143,37,1327,0,0,0,153,32,19330570489,68930338455,70422605590
1790902413,52603460,103072477184,0,0,0,0,0,4,4,8001216,37,1327,0,0,0,153,32,19330570489,68930338455,70422605590
1790902414,52634204,103075696640,0,0,0,0,0,4,4,8001216,37,1327,0,0,0,153,32,19330570489,68930338455,70422605590
1790902415,52663540,103078072320,0,0,0,0,0,4,4,8010354,37,1327,0,0,0,153,32,19330570489,68930338455,70422605590
1790902416,52690200,103038185472,0,0,0,0,0,4,4,8010354,37,1327,0,0,0,153,32,19330570489,68930338455,70422605590
1790902417,52711060,103063080960,0,0,0,0,0,4,4,8019519,37,1327,0,0,0,153,32,19330570489,68930338455,70422605590
1790902418,52738796,103074312192,0,0,0,0,0,4,4,8019519,37,1327,0,0,0,153,32,19330570489,68930338455,70422605590
1790902419,52772332,103067475968,0,0,0,0,0,4,4,8029409,37,1327,0,0,0,153,32,19330570489,68930338455,70422605590
1790902420,52806156,103075373056,0,0,0,0,0,4,4,8029409,37,1327,0,0,0,153,32,19330570489,68930338455,70422605590
1790902421,52838384,103070568448,0,0,0,0,0,4,4,8039691,37,1327,0,0,0,153,32,19330570489,68930338455,70422605590
1790902422,52867508,103077662720,0,0,0,0,0,4,4,8039691,37,1327,0,0,0,153,32,19330570489,68930338455,70422605590
1790902423,52894880,103075278848,0,0,0,0,0,4,4,8049699,37,1327,0,0,0,153,32,19330570489,68930338455,70422605590
1790902425,52916584,103073705984,0,0,0,0,0,4,4,8049699,37,1327,0,0,0,153,32,19330570489,68930338455,70422605590
1790902426,52937872,103072980992,0,0,0,0,0,4,4,8058910,37,1327,0,0,0,153,32,19330570489,68930338455,70422605590
1790902427,52961144,103066882048,0,0,0,0,0,4,4,8058910,37,1327,0,0,0,153,32,19330570489,68930338455,70422605590
1790902428,52986488,103050285056,0,0,0,0,0,4,4,8068863,37,1327,0,0,0,153,32,19330570489,68930338455,70422605590
1790902429,53009540,103045136384,0,0,0,0,0,4,4,8068863,37,1327,0,0,0,153,32,19330570489,68930338455,70422605590
1790902430,53036048,103020916736,0,0,0,0,0,4,4,8079093,37,1327,0,0,0,153,32,19330570489,68930338455,70422605590
1790902431,53069312,103073509376,0,0,0,0,0,4,4,8079093,37,1327,0,0,0,153,32,19330570489,68930338455,70422605590
1790902432,53110260,103052435456,0,0,0,0,0,4,4,8089195,37,1327,0,0,0,153,32,19330570489,68930338455,70422605590
1790902433,53153284,103060660224,0,0,0,0,0,4,4,8099344,37,1327,0,0,0,153,32,19330570489,68930338455,70422605590
1790902434,53186376,103052857344,0,0,0,0,0,4,4,8099344,37,1327,0,0,0,153,32,19330570489,68930338455,70422605590
1790902435,53237844,103057457152,0,0,0,0,0,4,4,8109598,37,1327,0,0,0,153,32,19330570489,68930338455,70422605590
1790902436,53283252,103056687104,0,0,0,0,0,4,4,8109598,37,1327,0,0,0,153,32,19330570489,68930338455,70422605590
1790902437,53316108,103074459648,0,0,0,0,0,4,4,8119064,37,1327,0,0,0,153,32,19330570489,68930338455,70422605590
1790902438,53366596,103078408192,0,0,0,0,0,4,4,8119064,37,1327,0,0,0,153,32,19330570489,68930338455,70422605590
1790902439,53408156,103066542080,0,0,0,0,0,4,4,8129241,37,1327,0,0,0,153,32,19330570489,68930338455,70422605590
1790902440,53449428,103077466112,0,0,0,0,0,4,4,8129241,37,1327,0,0,0,153,32,19330570489,68930338455,70422605590
1790902441,53484260,103077801984,0,0,0,0,0,4,4,8139277,37,1327,0,0,0,153,32,19330570489,68930338455,70422605590
1790902443,53506072,103068983296,0,0,0,0,0,4,4,8139277,37,1327,0,0,0,153,32,19330570489,68930338455,70422605590
1790902444,53534388,103069290496,0,0,0,0,0,4,4,8149043,37,1327,0,0,0,153,32,19330570489,68930338455,70422605590
1790902445,53567712,103075393536,0,0,0,0,0,4,4,8149043,37,1327,0,0,0,153,32,19330570489,68930338455,70422605590
1790902446,53603240,103063334912,0,0,0,0,0,4,4,8158594,37,1327,0,0,0,153,32,19330570489,68930338455,70422605590
1790902447,53630596,103079071744,0,0,0,0,0,4,4,8158594,37,1327,0,0,0,153,32,19330570489,68930338455,70422605590
1790902448,53653136,103061606400,0,0,0,0,0,4,4,8167804,37,1327,0,0,0,153,32,19330570489,68930338455,70422605590
1790902449,53691804,103072464896,0,0,0,0,0,4,4,8167804,37,1327,0,0,0,153,32,19330570489,68930338455,70422605590
1790902450,53738684,103055130624,0,0,0,0,0,4,4,8178302,37,1327,0,0,0,153,32,19330570489,68930338455,70422605590
1790902451,53785012,103073148928,0,0,0,0,0,4,4,8178302,37,1327,0,0,0,153,32,19330570489,68930338455,70422605590
1790902452,53826472,103070093312,0,0,0,0,0,4,4,8188750,37,1327,0,0,0,153,32,19330570489,68930338455,70422605590
1790902453,53857612,103072448512,0,0,0,0,0,4,4,8188750,37,1327,0,0,0,153,32,19330570489,68930338455,70422605590
1790902454,53876236,103078412288,0,0,0,0,0,4,4,8198815,37,1327,0,0,0,153,32,19330570489,68930338455,70422605590
1790902455,53899048,103070969856,0,0,0,0,0,4,4,8198815,37,1327,0,0,0,153,32,19330570489,68930338455,70422605590
1790902456,53916004,103073357824,0,0,0,0,0,4,4,8207960,37,1327,0,0,0,153,32,19330570489,68930338455,70422605590
1790902457,53933564,103063363584,0,0,0,0,0,4,4,8218363,37,1327,0,0,0,153,32,19330570489,68930338455,70422605590
1790902458,53955936,103075004416,0,0,0,0,0,4,4,8218363,37,1327,0,0,0,153,32,19330570489,68930338455,70422605590
1790902459,53966992,103074988032,0,0,0,0,0,4,4,8227501,37,1327,0,0,0,153,32,19330570489,68930338455,70422605590
1790902461,53979360,103074430976,0,0,0,0,0,4,4,8227501,37,1327,0,0,0,153,32,19330570489,68930338455,70422605590
1790902462,53996132,103050887168,0,0,0,0,0,4,4,8236379,37,1327,0,0,0,153,32,19330570489,68930338455,70422605590
1790902463,54023984,103074709504,0,0,0,0,0,4,4,8236379,37,1327,0,0,0,153,32,19330570489,68930338455,70422605590
1790902464,54050696,103078604800,0,0,0,0,0,4,4,8246317,37,1327,0,0,0,153,32,19330570489,68930338455,70422605590
1790902465,54072032,103071326208,0,0,0,0,0,4,4,8246317,37,1327,0,0,0,153,32,19330570489,68930338455,70422605590
1790902466,54106504,103073382400,0,0,0,0,0,4,4,8256643,37,1327,0,0,0,153,32,19330570489,68930338455,70422605590
1790902467,54125212,103077625856,0,0,0,0,0,4,4,8256643,37,1327,0,0,0,153,32,19330570489,68930338455,70422605590
1790902468,54129492,103079190528,0,0,0,0,0,4,4,8265131,37,1327,0,0,0,153,32,19330570489,68930338455,70422605590
1790902469,54143848,103078535168,0,0,0,0,0,4,4,8265131,37,1327,0,0,0,153,32,19330570489,68930338455,70422605590
1790902470,54169108,103074856960,0,0,0,0,0,4,4,8273415,37,1327,0,0,0,153,32,19330570489,68930338455,70422605590
1790902471,54201780,103066189824,0,0,0,0,0,4,4,8273415,37,1327,0,0,0,153,32,19330570489,68930338455,70422605590
1790902472,54234560,103078612992,0,0,0,0,0,4,4,8284103,37,1327,0,0,0,153,32,19330570489,68930338455,70422605590
1790902473,54109788,103077670912,0,0,0,0,0,4,4,8284103,37,1327,0,0,0,153,32,19330570489,68930338455,70422605590
1790902474,54145840,103073316864,0,0,0,0,0,4,4,8293397,37,1328,0,0,0,153,32,19330570489,68930338455,70422605590
1790902475,54164636,103076474880,0,0,0,0,0,4,4,8293397,37,1328,0,0,0,153,32,19330570489,68930338455,70422605590
1790902476,54182948,103073304576,0,0,0,0,0,4,4,8303138,37,1328,0,0,0,153,32,19330570489,68930338455,70422605590
1790902477,54203140,103070625792,0,0,0,0,0,4,4,8303138,37,1328,0,0,0,153,32,19330570489,68930338455,70422605590
1790902478,54222300,103078244352,0,0,0,0,0,4,4,8313567,37,1328,0,0,0,153,32,19330570489,68930338455,70422605590
1790902479,54245336,103072788480,0,0,0,0,0,4,4,8313567,37,1328,0,0,0,153,32,19330570489,68930338455,70422605590
1790902481,54283720,103066542080,0,0,0,0,0,4,4,8324758,37,1328,0,0,0,153,32,19330570489,68930338455,70422605590
1790902482,54327864,103073689600,0,0,0,0,0,4,4,8335752,37,1328,0,0,0,153,32,19330570489,68930338455,70422605590
1790902483,54371036,103061700608,0,0,0,0,0,4,4,8335752,37,1328,0,0,0,153,32,19330570489,68930338455,70422605590
1790902484,54411484,103076999168,0,0,0,0,0,4,4,8345416,37,1328,0,0,0,153,32,19330570489,68930338455,70422605590
1790902485,54306716,103056642048,0,0,0,0,0,4,4,8345416,37,1328,0,0,0,153,32,19330570489,68930338455,70422605590
1790902486,54349496,103072960512,0,0,0,0,0,4,4,8356323,37,1329,0,0,0,153,32,19330570489,68930338455,70422605590
1790902487,54404368,103068975104,0,0,0,0,0,4,4,8356323,37,1329,0,0,0,153,32,19330570489,68930338455,70422605590
1790902488,54445720,103079157760,0,0,0,0,0,4,4,8367745,37,1329,0,0,0,153,32,19330570489,68930338455,70422605590
1790902489,54494948,103070076928,0,0,0,0,0,4,4,8367745,37,1329,0,0,0,153,32,19330570489,68930338455,70422605590
1790902490,54540444,103072751616,0,0,0,0,0,4,4,8379180,37,1329,0,0,0,153,32,19330570489,68930338455,70422605590
1790902491,54582372,103071002624,0,0,0,0,0,4,4,8379180,37,1329,0,0,0,153,32,19330570489,68930338455,70422605590
1790902492,54624292,103064031232,0,0,0,0,0,4,4,8389541,37,1329,0,0,0,153,32,19330570489,68930338455,70422605590
1790902493,54668160,103073267712,0,0,0,0,0,4,4,8389541,37,1329,0,0,0,153,32,19330570489,68930338455,70422605590
1790902494,54722148,103075889152,0,0,0,0,0,4,4,8399958,37,1329,0,0,0,153,32,19330570489,68930338455,70422605590
1790902495,54690500,103020564480,0,0,0,0,0,4,4,8399958,37,1329,0,0,0,153,32,19330570489,68930338455,70422605590
1790902496,54907992,97019568128,0,0,0,0,0,4,4,8410968,38,1320,0,0,0,153,33,19330570489,171360173265,183707061485
1790902497,55022264,89795264512,0,0,0,0,0,4,4,8410968,38,1320,0,0,0,153,33,19330570489,171360173265,183707061485
1790902498,55062236,83715330048,0,0,0,0,0,4,4,8421647,38,1311,0,0,0,153,33,19330570489,171360173265,183707061485
1790902500,55088708,83488796672,0,0,0,0,0,4,4,8421647,38,1311,0,0,0,153,33,19330570489,171360173265,183707061485
1790902501,55103620,84072697856,0,0,0,0,0,4,4,8433025,38,1307,0,0,0,153,33,19330570489,171360173265,183707061485
1790902502,55129664,85126086656,0,0,0,0,0,4,4,8433025,38,1307,0,0,0,153,33,19330570489,171360173265,183707061485
1790902503,55140164,85749104640,0,0,0,0,0,5,5,8444033,38,1307,1,0,1,153,33,19330570489,171360173265,183707061485
1790902504,55166544,86421606400,0,0,0,0,0,5,5,8454999,38,1311,1,0,1,153,33,19330570489,171360173265,183707061485
1790902505,55196068,87124508672,0,0,0,0,0,5,5,8454999,38,1311,1,0,1,153,33,19330570489,171360173265,183707061485
1790902506,55233580,87933501440,0,0,0,0,0,5,5,8465912,38,1317,1,0,1,153,33,19330570489,171360173265,183707061485
1790902507,55261576,88716587008,0,0,0,0,0,5,5,8465912,38,1317,1,0,1,153,33,19330570489,171360173265,183707061485
1790902508,55320892,89528360960,0,0,0,0,0,5,5,8476825,38,1326,1,0,1,153,33,19330570489,171360173265,183707061485
1790902509,55375008,90340712448,0,0,0,0,0,5,5,8476825,38,1326,1,0,1,153,33,19330570489,171360173265,183707061485
1790902510,55402028,91106844672,0,0,0,0,0,5,5,8487683,38,1334,1,0,1,153,33,19330570489,171360173265,183707061485
1790902511,55441356,91892436992,0,0,0,0,0,5,5,8487683,38,1334,1,0,1,153,33,19330570489,171360173265,183707061485
1790902512,55482556,92789084160,0,0,0,0,0,5,5,8498637,38,1343,1,0,1,153,33,19330570489,171360173265,183707061485
1790902513,55530748,93835472896,0,0,0,0,0,5,5,8498637,38,1343,1,0,1,153,33,19330570489,171360173265,183707061485
1790902514,55576912,94901387264,0,0,0,0,0,5,5,8509504,38,1343,1,0,1,153,33,19330570489,171360173265,183707061485
1790902515,55623328,95964049408,0,0,0,0,0,5,5,8509504,38,1343,1,0,1,153,33,19330570489,171360173265,183707061485
1790902516,55672048,97019523072,0,0,0,0,0,5,5,8520406,38,1343,1,0,1,153,33,19330570489,171360173265,183707061485
1790902517,55716656,98077282304,0,0,0,0,0,5,5,8520406,38,1343,1,0,1,153,33,19330570489,171360173265,183707061485
1790902518,55763820,98978754560,0,0,0,0,0,5,5,8531301,38,1343,1,0,1,153,33,19330570489,171360173265,183707061485
1790902520,55805580,99573866496,0,0,0,0,0,5,5,8531301,38,1343,1,0,1,153,33,19330570489,171360173265,183707061485
1790902521,55820792,100171755520,0,0,0,0,0,5,5,8542256,38,1343,1,0,1,153,33,19330570489,171360173265,183707061485
1790902522,53872892,98582126592,0,0,0,0,0,5,5,8542256,38,1343,1,0,1,153,33,19330570489,171360173265,183707061485
1790902523,53055712,98911047680,0,0,0,0,0,5,5,8550270,40,1348,0,2,0,191,34,24164241759,171363550041,183713820288
1790902524,52929368,99895394304,0,0,0,0,0,5,5,8550270,40,1348,0,2,0,191,34,24164241759,171363550041,183713820288
1790902525,52541920,100631351296,0,0,0,0,0,5,5,8556128,40,1352,0,2,0,191,34,24164241759,171363550041,183713820288
1790902526,51811024,100999974912,0,0,0,0,0,5,5,8561916,40,1362,0,2,0,191,34,24164241759,171363550041,183713820288
1790902527,51048204,101322113024,0,0,0,0,0,5,5,8561916,40,1362,0,2,0,191,34,24164241759,171363550041,183713820288
1790902528,50191752,101626449920,0,0,0,0,0,5,5,8566525,40,1379,0,2,0,191,34,24164241759,171363550041,183713820288
1790902529,49418068,101991501824,0,0,0,0,0,5,5,8566525,40,1379,0,2,0,191,34,24164241759,171363550041,183713820288
1790902530,48637392,102339641344,0,0,0,0,0,5,5,8571710,40,1390,0,2,0,191,34,24164241759,171363550041,183713820288
1790902531,48202460,103048871936,0,0,0,0,0,5,5,8571710,40,1390,0,2,0,191,34,24164241759,171363550041,183713820288
1790902532,48103088,103065010176,0,0,0,0,0,5,5,8577721,40,1402,0,2,0,191,34,24164241759,171363550041,183713820288
1790902533,47860552,103075966976,0,0,0,0,0,5,5,8577721,40,1402,0,2,0,191,34,24164241759,171363550041,183713820288
1790902535,47854796,103069884416,0,0,0,0,0,5,5,8583908,40,1412,0,2,0,191,34,24164241759,171363550041,183713820288
1790902536,47754772,103077269504,0,0,0,0,0,5,5,8583908,40,1412,0,2,0,191,34,24164241759,171363550041,183713820288
1790902537,47673324,103078219776,0,0,0,0,0,5,5,8589621,40,1431,0,2,0,191,34,24164241759,171363550041,183713820288
1790902538,47675176,103074177024,0,0,0,0,0,5,5,8589621,40,1431,0,2,0,191,34,24164241759,171363550041,183713820288
1790902539,47575096,103072051200,0,0,0,0,0,5,5,8595937,40,1448,0,2,0,191,34,24164241759,171363550041,183713820288
1790902540,47594720,103069868032,0,0,0,0,0,5,5,8595937,40,1448,0,2,0,191,34,24164241759,171363550041,183713820288
1790902541,47605904,103064227840,0,0,0,0,0,5,5,8602381,40,1455,0,2,0,191,34,24164241759,171363550041,183713820288
1790902542,47604744,103064616960,0,0,0,0,0,5,5,8602381,40,1455,0,2,0,191,34,24164241759,171363550041,183713820288
1790902543,47651408,103070085120,0,0,0,0,0,5,5,8609236,41,1422,0,1,0,191,35,24164241759,172194580614,184656599313
1790902544,47667424,98673467392,0,0,0,0,0,5,5,8609236,41,1422,0,1,0,191,35,24164241759,172194580614,184656599313
1790902545,47701628,97490079744,0,0,0,0,0,5,5,8616568,44,1362,0,0,0,191,38,24164241759,177245103554,189921117013
1790902546,47734244,95352590336,0,0,0,0,0,5,5,8616568,44,1362,0,0,0,191,38,24164241759,177245103554,189921117013
1790902547,47754544,95989854208,0,0,0,0,0,5,5,8627032,46,1333,0,0,0,191,40,24164241759,182569100281,195353181510
1790902548,47781700,96626651136,0,0,0,0,0,5,5,8639035,46,1333,0,0,0,191,40,24164241759,182569100281,195353181510
1790902549,47789772,97249783808,0,0,0,0,0,5,5,8639035,46,1333,0,0,0,191,40,24164241759,182569100281,195353181510
1790902550,47799556,97893421056,0,0,0,0,0,5,5,8651107,46,1333,0,0,0,191,40,24164241759,182569100281,195353181510
1790902552,47799308,98523504640,0,0,0,0,0,5,5,8651107,46,1333,0,0,0,191,40,24164241759,182569100281,195353181510
1790902553,47834024,99184402432,0,0,0,0,0,5,5,8663349,46,1333,0,0,0,191,40,24164241759,182569100281,195353181510
1790902554,47862648,99832369152,0,0,0,0,0,5,5,8663349,46,1333,0,0,0,191,40,24164241759,182569100281,195353181510
1790902555,47884612,100413984768,0,0,0,0,0,5,5,8674970,46,1333,0,0,0,191,40,24164241759,182569100281,195353181510
1790902556,47925904,101014564864,0,0,0,0,0,5,5,8674970,46,1333,0,0,0,191,40,24164241759,182569100281,195353181510
1790902557,47935012,101579333632,0,0,0,0,0,5,5,8685851,46,1333,0,0,0,191,40,24164241759,182569100281,195353181510
1790902558,47984000,102262099968,0,0,0,0,0,5,5,8685851,46,1333,0,0,0,191,40,24164241759,182569100281,195353181510
1790902559,48028872,102935302144,0,0,0,0,0,5,5,8697769,46,1333,0,0,0,191,40,24164241759,182569100281,195353181510
1790902560,48070480,103060279296,0,0,0,0,0,5,5,8697769,46,1333,0,0,0,191,40,24164241759,182569100281,195353181510
1790902561,48121456,103075987456,0,0,0,0,0,5,5,8710123,46,1333,0,0,0,191,40,24164241759,182569100281,195353181510
1790902562,48176948,103067963392,0,0,0,0,0,5,5,8710123,46,1333,0,0,0,191,40,24164241759,182569100281,195353181510
1790902563,48223724,103067328512,0,0,0,0,0,5,5,8722500,46,1333,0,0,0,191,40,24164241759,182569100281,195353181510
1790902564,48260964,103062949888,0,0,0,0,0,5,5,8722500,46,1333,0,0,0,191,40,24164241759,182569100281,195353181510
1790902565,48284272,103074009088,0,0,0,0,0,5,5,8734767,46,1333,0,0,0,191,40,24164241759,182569100281,195353181510
1790902566,48315020,103077031936,0,0,0,0,0,5,5,8734767,46,1333,0,0,0,191,40,24164241759,182569100281,195353181510
1790902567,48353956,103062224896,0,0,0,0,0,5,5,8746957,46,1333,0,0,0,191,40,24164241759,182569100281,195353181510
1790902568,48375208,103077793792,0,0,0,0,0,5,5,8746957,46,1333,0,0,0,191,40,24164241759,182569100281,195353181510
1790902569,48400272,103076794368,0,0,0,0,0,5,5,8759073,46,1333,0,0,0,191,40,24164241759,182569100281,195353181510
1790902571,48421332,103077093376,0,0,0,0,0,5,5,8771305,46,1333,0,0,0,191,40,24164241759,182569100281,195353181510
1790902572,48433040,103063220224,0,0,0,0,0,5,5,8771305,46,1333,0,0,0,191,40,24164241759,182569100281,195353181510
1790902573,48451832,103064571904,0,0,0,0,0,5,5,8783545,46,1333,0,0,0,191,40,24164241759,182569100281,195353181510
1790902574,48465044,103063277568,0,0,0,0,0,5,5,8783545,46,1333,0,0,0,191,40,24164241759,182569100281,195353181510
1790902575,48478920,103072784384,0,0,0,0,0,5,5,8795665,46,1333,0,0,0,191,40,24164241759,182569100281,195353181510
1790902576,48503104,103041449984,0,0,0,0,0,5,5,8795665,46,1333,0,0,0,191,40,24164241759,182569100281,195353181510
1790902577,48516460,103063003136,0,0,0,0,0,5,5,8807761,46,1333,0,0,0,191,40,24164241759,182569100281,195353181510
1790902578,48527936,103062126592,0,0,0,0,0,5,5,8807761,46,1333,0,0,0,191,40,24164241759,182569100281,195353181510
1790902579,48547828,103070253056,0,0,0,0,0,5,5,8819866,46,1333,0,0,0,191,40,24164241759,182569100281,195353181510
1790902580,48562328,103062007808,0,0,0,0,0,5,5,8819866,46,1333,0,0,0,191,40,24164241759,182569100281,195353181510
1790902581,48578676,103058849792,0,0,0,0,0,5,5,8832029,46,1333,0,0,0,191,40,24164241759,182569100281,195353181510
1790902582,48599672,103060230144,0,0,0,0,0,5,5,8832029,46,1333,0,0,0,191,40,24164241759,182569100281,195353181510
1790902583,48610696,103033524224,0,0,0,0,0,5,5,8844142,46,1333,0,0,0,191,40,24164241759,182569100281,195353181510
1790902584,48624024,103046803456,0,0,0,0,0,5,5,8844142,46,1333,0,0,0,191,40,24164241759,182569100281,195353181510
1790902585,48654840,103077474304,0,0,0,0,0,5,5,8856295,46,1333,0,0,0,191,40,24164241759,182569100281,195353181510
1790902586,48686364,103064862720,0,0,0,0,0,5,5,8856295,46,1333,0,0,0,191,40,24164241759,182569100281,195353181510
1790902587,48705556,103071350784,0,0,0,0,0,5,5,8868310,46,1333,0,0,0,191,40,24164241759,182569100281,195353181510
1790902589,48750216,103073796096,0,0,0,0,0,5,5,8868310,46,1333,0,0,0,191,40,24164241759,182569100281,195353181510
1790902590,48791868,103057170432,0,0,0,0,0,5,5,8880462,46,1333,0,0,0,191,40,24164241759,182569100281,195353181510
1790902591,48827548,103068520448,0,0,0,0,0,5,5,8892629,46,1333,0,0,0,191,40,24164241759,182569100281,195353181510
1790902592,48865372,103077888000,0,0,0,0,0,5,5,8892629,46,1333,0,0,0,191,40,24164241759,182569100281,195353181510
1790902593,48902896,103059169280,0,0,0,0,0,5,5,8904797,46,1333,0,0,0,191,40,24164241759,182569100281,195353181510
1790902594,48942096,103051755520,0,0,0,0,0,5,5,8904797,46,1333,0,0,0,191,40,24164241759,182569100281,195353181510
1790902595,48978020,103065894912,0,0,0,0,0,5,5,8917030,46,1333,0,0,0,191,40,24164241759,182569100281,195353181510
1790902596,49012088,103025377280,0,0,0,0,0,5,5,8917030,46,1333,0,0,0,191,40,24164241759,182569100281,195353181510
1790902597,49040548,103062024192,0,0,0,0,0,5,5,8929254,46,1333,0,0,0,191,40,24164241759,182569100281,195353181510
1790902598,49064800,103066660864,0,0,0,0,0,5,5,8929254,46,1333,0,0,0,191,40,24164241759,182569100281,195353181510
1790902599,49088464,103048593408,0,0,0,0,0,5,5,8941463,46,1333,0,0,0,191,40,24164241759,182569100281,195353181510
1790902600,49125692,103045537792,0,0,0,0,0,5,5,8941463,46,1333,0,0,0,191,40,24164241759,182569100281,195353181510
1790902601,49156412,103078760448,0,0,0,0,0,5,5,8953670,46,1333,0,0,0,191,40,24164241759,182569100281,195353181510
1790902602,49186144,103065067520,0,0,0,0,0,5,5,8953670,46,1333,0,0,0,191,40,24164241759,182569100281,195353181510
1790902603,49231672,103046668288,0,0,0,0,0,5,5,8965810,46,1333,0,0,0,191,40,24164241759,182569100281,195353181510
1790902604,49276464,103072866304,0,0,0,0,0,5,5,8965810,46,1333,0,0,0,191,40,24164241759,182569100281,195353181510
1790902605,49336804,103076712448,0,0,0,0,0,5,5,8977895,46,1333,0,0,0,191,40,24164241759,182569100281,195353181510
1790902606,49376004,103071752192,0,0,0,0,0,5,5,8977895,46,1333,0,0,0,191,40,24164241759,182569100281,195353181510
1790902608,49413884,103056240640,0,0,0,0,0,5,5,8990070,46,1333,0,0,0,191,40,24164241759,182569100281,195353181510
1790902609,49457156,103072489472,0,0,0,0,0,5,5,8990070,46,1333,0,0,0,191,40,24164241759,182569100281,195353181510
1790902610,49497472,103073632256,0,0,0,0,0,5,5,9002320,46,1333,0,0,0,191,40,24164241759,182569100281,195353181510
1790902611,49525324,103073423360,0,0,0,0,0,5,5,9002320,46,1333,0,0,0,191,40,24164241759,182569100281,195353181510
1790902612,49567188,103067156480,0,0,0,0,0,5,5,9014472,46,1333,0,0,0,191,40,24164241759,182569100281,195353181510
1790902613,49612980,103074119680,0,0,0,0,0,5,5,9014472,46,1333,0,0,0,191,40,24164241759,182569100281,195353181510
1790902614,49672164,103064862720,0,0,0,0,0,5,5,9026605,46,1333,0,0,0,191,40,24164241759,182569100281,195353181510
1790902615,49714192,103061778432,0,0,0,0,0,5,5,9038718,46,1333,0,0,0,191,40,24164241759,182569100281,195353181510
1790902616,49765416,103069712384,0,0,0,0,0,5,5,9038718,46,1333,0,0,0,191,40,24164241759,182569100281,195353181510
1790902617,49822596,103055302656,0,0,0,0,0,5,5,9050864,46,1333,0,0,0,191,40,24164241759,182569100281,195353181510
1790902618,49867752,103077335040,0,0,0,0,0,5,5,9050864,46,1333,0,0,0,191,40,24164241759,182569100281,195353181510
1790902619,49921268,103074549760,0,0,0,0,0,5,5,9063041,46,1333,0,0,0,191,40,24164241759,182569100281,195353181510
1790902620,49977048,103072681984,0,0,0,0,0,5,5,9063041,46,1333,0,0,0,191,40,24164241759,182569100281,195353181510
1790902621,50021524,103068594176,0,0,0,0,0,5,5,9075189,46,1333,0,0,0,191,40,24164241759,182569100281,195353181510
1790902622,50057436,103051313152,0,0,0,0,0,5,5,9075189,46,1333,0,0,0,191,40,24164241759,182569100281,195353181510
1790902623,50098576,103064248320,0,0,0,0,0,5,5,9087393,46,1333,0,0,0,191,40,24164241759,182569100281,195353181510
1790902624,50134508,103077740544,0,0,0,0,0,5,5,9087393,46,1333,0,0,0,191,40,24164241759,182569100281,195353181510
1790902625,50164428,103056715776,0,0,0,0,0,5,5,9099518,46,1333,0,0,0,191,40,24164241759,182569100281,195353181510
1790902627,50201912,103069396992,0,0,0,0,0,5,5,9099518,46,1333,0,0,0,191,40,24164241759,182569100281,195353181510
1790902628,50227636,103069495296,0,0,0,0,0,5,5,9111581,46,1333,0,0,0,191,40,24164241759,182569100281,195353181510
1790902629,50263076,103079137280,0,0,0,0,0,5,5,9111581,46,1333,0,0,0,191,40,24164241759,182569100281,195353181510
1790902630,50285992,103062568960,0,0,0,0,0,5,5,9123937,46,1333,0,0,0,191,40,24164241759,182569100281,195353181510
1790902631,50330112,103071145984,0,0,0,0,0,5,5,9123937,46,1333,0,0,0,191,40,24164241759,182569100281,195353181510
1790902632,50357656,103066521600,0,0,0,0,0,5,5,9136129,46,1333,0,0,0,191,40,24164241759,182569100281,195353181510
1790902633,50395920,103078666240,0,0,0,0,0,5,5,9136129,46,1333,0,0,0,191,40,24164241759,182569100281,195353181510
1790902634,50432016,103077736448,0,0,0,0,0,5,5,9148238,46,1333,0,0,0,191,40,24164241759,182569100281,195353181510
1790902635,50467908,103065530368,0,0,0,0,0,5,5,9148238,46,1333,0,0,0,191,40,24164241759,182569100281,195353181510
1790902636,50497312,103032549376,0,0,0,0,0,5,5,9160273,46,1333,0,0,0,191,40,24164241759,182569100281,195353181510
1790902637,50543864,103071289344,0,0,0,0,0,5,5,9172441,46,1333,0,0,0,191,40,24164241759,182569100281,195353181510
1790902638,50570208,103060615168,0,0,0,0,0,5,5,9172441,46,1333,0,0,0,191,40,24164241759,182569100281,195353181510
1790902639,50598224,103060779008,0,0,0,0,0,5,5,9184639,46,1333,0,0,0,191,40,24164241759,182569100281,195353181510
1790902640,50637472,103076700160,0,0,0,0,0,5,5,9184639,46,1333,0,0,0,191,40,24164241759,182569100281,195353181510
1790902641,50663104,103063289856,0,0,0,0,0,5,5,9196713,46,1333,0,0,0,191,40,24164241759,182569100281,195353181510
1790902642,50693760,103073296384,0,0,0,0,0,5,5,9196713,46,1333,0,0,0,191,40,24164241759,182569100281,195353181510
1790902643,50743716,103063019520,0,0,0,0,0,5,5,9208873,46,1333,0,0,0,191,40,24164241759,182569100281,195353181510
1790902644,50794572,103054274560,0,0,0,0,0,5,5,9208873,46,1333,0,0,0,191,40,24164241759,182569100281,195353181510
1790902646,50836300,103072653312,0,0,0,0,0,5,5,9221030,46,1333,0,0,0,191,40,24164241759,182569100281,195353181510
1790902647,50877256,103064076288,0,0,0,0,0,5,5,9221030,46,1333,0,0,0,191,40,24164241759,182569100281,195353181510
1790902648,50928888,103068454912,0,0,0,0,0,5,5,9233125,46,1333,0,0,0,191,40,24164241759,182569100281,195353181510
1790902649,50959612,103063764992,0,0,0,0,0,5,5,9233125,46,1333,0,0,0,191,40,24164241759,182569100281,195353181510
1790902650,50999004,103060627456,0,0,0,0,0,5,5,9245409,46,1333,0,0,0,191,40,24164241759,182569100281,195353181510
1790902651,51026252,103068749824,0,0,0,0,0,5,5,9245409,46,1333,0,0,0,191,40,24164241759,182569100281,195353181510
1790902652,51058812,103062888448,0,0,0,0,0,5,5,9257638,46,1333,0,0,0,191,40,24164241759,182569100281,195353181510
1790902653,51093072,103065931776,0,0,0,0,0,5,5,9257638,46,1333,0,0,0,191,40,24164241759,182569100281,195353181510
1790902654,51109396,103070711808,0,0,0,0,0,5,5,9269960,46,1333,0,0,0,191,40,24164241759,182569100281,195353181510
1790902655,51120004,103070797824,0,0,0,0,0,5,5,9269960,46,1333,0,0,0,191,40,24164241759,182569100281,195353181510
1790902656,51142244,103056224256,0,0,0,0,0,5,5,9282207,46,1333,0,0,0,191,40,24164241759,182569100281,195353181510
1790902657,51164156,103077347328,0,0,0,0,0,5,5,9282207,46,1333,0,0,0,191,40,24164241759,182569100281,195353181510
1790902658,51188684,103067267072,0,0,0,0,0,5,5,9294281,46,1333,0,0,0,191,40,24164241759,182569100281,195353181510
1790902659,51209576,103052603392,0,0,0,0,0,5,5,9306454,46,1333,0,0,0,191,40,24164241759,182569100281,195353181510
1790902660,51234660,103077883904,0,0,0,0,0,5,5,9306454,46,1333,0,0,0,191,40,24164241759,182569100281,195353181510
1790902661,51270132,103060226048,0,0,0,0,0,5,5,9318637,46,1333,0,0,0,191,40,24164241759,182569100281,195353181510
1790902662,51299828,103054811136,0,0,0,0,0,5,5,9318637,46,1333,0,0,0,191,40,24164241759,182569100281,195353181510
1790902663,51332508,103074136064,0,0,0,0,0,5,5,9330807,46,1333,0,0,0,191,40,24164241759,182569100281,195353181510
1790902665,51373516,103046533120,0,0,0,0,0,5,5,9330807,46,1333,0,0,0,191,40,24164241759,182569100281,195353181510
1790902666,51405352,103076601856,0,0,0,0,0,5,5,9342946,46,1333,0,0,0,191,40,24164241759,182569100281,195353181510
1790902667,51437192,103051497472,0,0,0,0,0,5,5,9342946,46,1333,0,0,0,191,40,24164241759,182569100281,195353181510
1790902668,51460852,103078998016,0,0,0,0,0,5,5,9354981,46,1333,0,0,0,191,40,24164241759,182569100281,195353181510
1790902669,51486136,103067975680,0,0,0,0,0,5,5,9354981,46,1333,0,0,0,191,40,24164241759,182569100281,195353181510
1790902670,51510576,103068905472,0,0,0,0,0,5,5,9367236,46,1333,0,0,0,191,40,24164241759,182569100281,195353181510
1790902671,51529708,103033548800,0,0,0,0,0,5,5,9367236,46,1333,0,0,0,191,40,24164241759,182569100281,195353181510
1790902672,51548840,103073947648,0,0,0,0,0,5,5,9379460,46,1333,0,0,0,191,40,24164241759,182569100281,195353181510
1790902673,51571748,103078699008,0,0,0,0,0,5,5,9379460,46,1333,0,0,0,191,40,24164241759,182569100281,195353181510
1790902674,51593288,103070580736,0,0,0,0,0,5,5,9391697,46,1333,0,0,0,191,40,24164241759,182569100281,195353181510
1790902675,51611292,103069618176,0,0,0,0,0,5,5,9391697,46,1333,0,0,0,191,40,24164241759,182569100281,195353181510
1790902676,51631316,103069298688,0,0,0,0,0,5,5,9403827,46,1333,0,0,0,191,40,24164241759,182569100281,195353181510
1790902677,51660324,103050387456,0,0,0,0,0,5,5,9403827,46,1333,0,0,0,191,40,24164241759,182569100281,195353181510
1790902678,51682180,103050289152,0,0,0,0,0,5,5,9416009,46,1333,0,0,0,191,40,24164241759,182569100281,195353181510
1790902679,51706920,103055642624,0,0,0,0,0,5,5,9416009,46,1333,0,0,0,191,40,24164241759,182569100281,195353181510
1790902680,51729632,103067148288,0,0,0,0,0,5,5,9428276,46,1333,0,0,0,191,40,24164241759,182569100281,195353181510
1790902681,51758968,103079129088,0,0,0,0,0,5,5,9428276,46,1333,0,0,0,191,40,24164241759,182569100281,195353181510
1790902682,51789668,103065346048,0,0,0,0,0,5,5,9440395,46,1333,0,0,0,191,40,24164241759,182569100281,195353181510
1790902683,51817880,103052853248,0,0,0,0,0,5,5,9452664,46,1333,0,0,0,191,40,24164241759,182569100281,195353181510
1790902685,51834912,103074066432,0,0,0,0,0,5,5,9452664,46,1333,0,0,0,191,40,24164241759,182569100281,195353181510
1790902686,51877272,103054921728,0,0,0,0,0,5,5,9464841,46,1333,0,0,0,191,40,24164241759,182569100281,195353181510
1790902687,51907812,103064612864,0,0,0,0,0,5,5,9464841,46,1333,0,0,0,191,40,24164241759,182569100281,195353181510
1790902688,51941756,103070228480,0,0,0,0,0,5,5,9476966,46,1333,0,0,0,191,40,24164241759,182569100281,195353181510
1790902689,51982384,103051763712,0,0,0,0,0,5,5,9476966,46,1333,0,0,0,191,40,24164241759,182569100281,195353181510
1790902690,52023584,103071330304,0,0,0,0,0,5,5,9489207,46,1333,0,0,0,191,40,24164241759,182569100281,195353181510
1790902691,52054848,103057723392,0,0,0,0,0,5,5,9489207,46,1333,0,0,0,191,40,24164241759,182569100281,195353181510
1790902692,52085788,103048425472,0,0,0,0,0,5,5,9501316,46,1333,0,0,0,191,40,24164241759,182569100281,195353181510
1790902693,52108252,103077826560,0,0,0,0,0,5,5,9501316,46,1333,0,0,0,191,40,24164241759,182569100281,195353181510
1790902694,52133944,103055679488,0,0,0,0,0,5,5,9513367,46,1333,0,0,0,191,40,24164241759,182569100281,195353181510
1790902695,52169640,103074488320,0,0,0,0,0,5,5,9513367,46,1333,0,0,0,191,40,24164241759,182569100281,195353181510
1790902696,52189096,103075377152,0,0,0,0,0,5,5,9525467,46,1333,0,0,0,191,40,24164241759,182569100281,195353181510
1790902697,52213932,103078080512,0,0,0,0,0,5,5,9525467,46,1333,0,0,0,191,40,24164241759,182569100281,195353181510
1790902698,52227800,103078744064,0,0,0,0,0,5,5,9537601,46,1333,0,0,0,191,40,24164241759,182569100281,195353181510
1790902699,52254432,103074217984,0,0,0,0,0,5,5,9537601,46,1333,0,0,0,191,40,24164241759,182569100281,195353181510
1790902700,52280380,103064928256,0,0,0,0,0,5,5,9549747,46,1333,0,0,0,191,40,24164241759,182569100281,195353181510
1790902701,52308716,103055781888,0,0,0,0,0,5,5,9549747,46,1333,0,0,0,191,40,24164241759,182569100281,195353181510
1790902703,52346000,103073480704,0,0,0,0,0,5,5,9561985,46,1333,0,0,0,191,40,24164241759,182569100281,195353181510
1790902704,52387932,103063449600,0,0,0,0,0,5,5,9561985,46,1333,0,0,0,191,40,24164241759,182569100281,195353181510
1790902705,52431064,103063257088,0,0,0,0,0,5,5,9574147,46,1333,0,0,0,191,40,24164241759,182569100281,195353181510
1790902706,52490148,103049064448,0,0,0,0,0,5,5,9586285,46,1333,0,0,0,191,40,24164241759,182569100281,195353181510
1790902707,52531520,103073357824,0,0,0,0,0,5,5,9586285,46,1333,0,0,0,191,40,24164241759,182569100281,195353181510
1790902708,52573800,103073271808,0,0,0,0,0,5,5,9598402,46,1333,0,0,0,191,40,24164241759,182569100281,195353181510
1790902709,52615108,103065550848,0,0,0,0,0,5,5,9598402,46,1333,0,0,0,191,40,24164241759,182569100281,195353181510
1790902710,52648812,103068422144,0,0,0,0,0,5,5,9610519,46,1333,0,0,0,191,40,24164241759,182569100281,195353181510
1790902711,52692608,103076700160,0,0,0,0,0,5,5,9610519,46,1333,0,0,0,191,40,24164241759,182569100281,195353181510
1790902712,52735552,103057018880,0,0,0,0,0,5,5,9622590,46,1333,0,0,0,191,40,24164241759,182569100281,195353181510
1790902713,52790172,103079084032,0,0,0,0,0,5,5,9622590,46,1333,0,0,0,191,40,24164241759,182569100281,195353181510
1790902714,52799400,103075024896,0,0,0,0,0,5,5,9634756,46,1333,0,0,0,191,40,24164241759,182569100281,195353181510
1790902715,52827624,103054512128,0,0,0,0,0,5,5,9634756,46,1333,0,0,0,191,40,24164241759,182569100281,195353181510
1790902716,52852864,103048658944,0,0,0,0,0,5,5,9646872,46,1333,0,0,0,191,40,24164241759,182569100281,195353181510
1790902717,52890792,103060983808,0,0,0,0,0,5,5,9646872,46,1333,0,0,0,191,40,24164241759,182569100281,195353181510
1790902718,52935064,103073943552,0,0,0,0,0,5,5,9659037,46,1333,0,0,0,191,40,24164241759,182569100281,195353181510
1790902719,52984912,103073251328,0,0,0,0,0,5,5,9659037,46,1333,0,0,0,191,40,24164241759,182569100281,195353181510
1790902720,53036960,103064383488,0,0,0,0,0,5,5,9671150,46,1333,0,0,0,191,40,24164241759,182569100281,195353181510
1790902722,53081904,103054221312,0,0,0,0,0,5,5,9671150,46,1333,0,0,0,191,40,24164241759,182569100281,195353181510
1790902723,53109204,103074619392,0,0,0,0,0,5,5,9683233,46,1333,0,0,0,191,40,24164241759,182569100281,195353181510
1790902724,53144692,103020150784,0,0,0,0,0,5,5,9683233,46,1333,0,0,0,191,40,24164241759,182569100281,195353181510
1790902725,53162576,103077253120,0,0,0,0,0,5,5,9695544,46,1333,0,0,0,191,40,24164241759,182569100281,195353181510
1790902726,53183396,103072497664,0,0,0,0,0,5,5,9695544,46,1333,0,0,0,191,40,24164241759,182569100281,195353181510
1790902727,53211164,103062474752,0,0,0,0,0,5,5,9707680,46,1333,0,0,0,191,40,24164241759,182569100281,195353181510
1790902728,53255376,103065079808,0,0,0,0,0,5,5,9719854,46,1333,0,0,0,191,40,24164241759,182569100281,195353181510
1790902729,53295260,103063674880,0,0,0,0,0,5,5,9719854,46,1333,0,0,0,191,40,24164241759,182569100281,195353181510
1790902730,53326924,103062085632,0,0,0,0,0,5,5,9731884,46,1333,0,0,0,191,40,24164241759,182569100281,195353181510
1790902731,53358080,103073083392,0,0,0,0,0,5,5,9731884,46,1333,0,0,0,191,40,24164241759,182569100281,195353181510
1790902732,53389468,103051079680,0,0,0,0,0,5,5,9744144,46,1333,0,0,0,191,40,24164241759,182569100281,195353181510
1790902733,53416268,103075295232,0,0,0,0,0,5,5,9744144,46,1333,0,0,0,191,40,24164241759,182569100281,195353181510
1790902734,53443408,103068131328,0,0,0,0,0,5,5,9756348,46,1333,0,0,0,191,40,24164241759,182569100281,195353181510
1790902735,53471004,103076155392,0,0,0,0,0,5,5,9756348,46,1333,0,0,0,191,40,24164241759,182569100281,195353181510
1790902736,53492528,103077052416,0,0,0,0,0,5,5,9768540,46,1333,0,0,0,191,40,24164241759,182569100281,195353181510
1790902737,53515088,103069753344,0,0,0,0,0,5,5,9768540,46,1333,0,0,0,191,40,24164241759,182569100281,195353181510
1790902738,53548512,103078400000,0,0,0,0,0,5,5,9780754,46,1333,0,0,0,191,40,24164241759,182569100281,195353181510
1790902739,53594480,103020507136,0,0,0,0,0,5,5,9780754,46,1333,0,0,0,191,40,24164241759,182569100281,195353181510
1790902740,53637608,103061463040,0,0,0,0,0,5,5,9792837,46,1333,0,0,0,191,40,24164241759,182569100281,195353181510
1790902742,53671336,103068958720,0,0,0,0,0,5,5,9792837,46,1333,0,0,0,191,40,24164241759,182569100281,195353181510
1790902743,53707968,103068839936,0,0,0,0,0,5,5,9805126,46,1333,0,0,0,191,40,24164241759,182569100281,195353181510
1790902744,53747908,103078420480,0,0,0,0,0,5,5,9805126,46,1333,0,0,0,191,40,24164241759,182569100281,195353181510
1790902745,53779932,103075377152,0,0,0,0,0,5,5,9817370,46,1333,0,0,0,191,40,24164241759,182569100281,195353181510
1790902746,53821740,103071760384,0,0,0,0,0,5,5,9817370,46,1333,0,0,0,191,40,24164241759,182569100281,195353181510
1790902747,53839496,103059640320,0,0,0,0,0,5,5,9829643,46,1333,0,0,0,191,40,24164241759,182569100281,195353181510
1790902748,53874352,103062179840,0,0,0,0,0,5,5,9829643,46,1333,0,0,0,191,40,24164241759,182569100281,195353181510
1790902749,53905396,103053287424,0,0,0,0,0,5,5,9841692,46,1333,0,0,0,191,40,24164241759,182569100281,195353181510
1790902750,53924980,103070130176,0,0,0,0,0,5,5,9853870,46,1333,0,0,0,191,40,24164241759,182569100281,195353181510
1790902751,53952532,103063416832,0,0,0,0,0,5,5,9853870,46,1333,0,0,0,191,40,24164241759,182569100281,195353181510
1790902752,53982240,103067348992,0,0,0,0,0,5,5,9866116,46,1333,0,0,0,191,40,24164241759,182569100281,195353181510
1790902753,54024160,103065477120,0,0,0,0,0,5,5,9866116,46,1333,0,0,0,191,40,24164241759,182569100281,195353181510
1790902754,54059360,103045124096,0,0,0,0,0,5,5,9878246,46,1333,0,0,0,191,40,24164241759,182569100281,195353181510
1790902755,54107548,103059021824,0,0,0,0,0,5,5,9878246,46,1333,0,0,0,191,40,24164241759,182569100281,195353181510
1790902756,54136548,103076667392,0,0,0,0,0,5,5,9890448,46,1333,0,0,0,191,40,24164241759,182569100281,195353181510
1790902757,54167176,103075278848,0,0,0,0,0,5,5,9890448,46,1333,0,0,0,191,40,24164241759,182569100281,195353181510
1790902758,54200556,103053021184,0,0,0,0,0,5,5,9902531,46,1333,0,0,0,191,40,24164241759,182569100281,195353181510
1790902759,54224700,103044538368,0,0,0,0,0,5,5,9902531,46,1333,0,0,0,191,40,24164241759,182569100281,195353181510
1790902761,54244440,103066034176,0,0,0,0,0,5,5,9914686,46,1333,0,0,0,191,40,24164241759,182569100281,195353181510
1790902762,54271748,103054815232,0,0,0,0,0,5,5,9914686,46,1333,0,0,0,191,40,24164241759,182569100281,195353181510
1790902763,54290160,103042428928,0,0,0,0,0,5,5,9926901,46,1333,0,0,0,191,40,24164241759,182569100281,195353181510
1790902764,54312440,103073951744,0,0,0,0,0,5,5,9926901,46,1333,0,0,0,191,40,24164241759,182569100281,195353181510
1790902765,54336400,103070728192,0,0,0,0,0,5,5,9939112,46,1333,0,0,0,191,40,24164241759,182569100281,195353181510
1790902766,54373072,103072083968,0,0,0,0,0,5,5,9939112,46,1333,0,0,0,191,40,24164241759,182569100281,195353181510
1790902767,54413308,103079038976,0,0,0,0,0,5,5,9951175,46,1333,0,0,0,191,40,24164241759,182569100281,195353181510
1790902768,54456864,103062761472,0,0,0,0,0,5,5,9951175,46,1333,0,0,0,191,40,24164241759,182569100281,195353181510
1790902769,54521096,103052509184,0,0,0,0,0,5,5,9963299,46,1333,0,0,0,191,40,24164241759,182569100281,195353181510
1790902770,54579472,103061508096,0,0,0,0,0,5,5,9963299,46,1333,0,0,0,191,40,24164241759,182569100281,195353181510
1790902771,54615232,103070556160,0,0,0,0,0,5,5,9975335,46,1333,0,0,0,191,40,24164241759,182569100281,195353181510
1790902772,54659504,103065059328,0,0,0,0,0,5,5,9987618,46,1333,0,0,0,191,40,24164241759,182569100281,195353181510
1790902773,54706044,103071404032,0,0,0,0,0,5,5,9987618,46,1333,0,0,0,191,40,24164241759,182569100281,195353181510
1790902774,54739824,103078789120,0,0,0,0,0,5,5,9999807,46,1333,0,0,0,191,40,24164241759,182569100281,195353181510
1790902775,54781488,103073042432,0,0,0,0,0,5,5,9999807,46,1333,0,0,0,191,40,24164241759,182569100281,195353181510
1790902776,54804864,103072948224,0,0,0,0,0,5,5,10011859,46,1333,0,0,0,191,40,24164241759,182569100281,195353181510
1790902777,54838528,103031730176,0,0,0,0,0,5,5,10011859,46,1333,0,0,0,191,40,24164241759,182569100281,195353181510
1790902778,54863336,103055933440,0,0,0,0,0,5,5,10023528,46,1333,0,0,0,191,40,24164241759,182569100281,195353181510
1790902780,54875120,103068491776,0,0,0,0,0,5,5,10023528,46,1333,0,0,0,191,40,24164241759,182569100281,195353181510
1790902781,54880236,103051886592,0,0,0,0,0,5,5,10034673,46,1333,0,0,0,191,40,24164241759,182569100281,195353181510
1790902782,54880052,103072030720,0,0,0,0,0,5,5,10034673,46,1333,0,0,0,191,40,24164241759,182569100281,195353181510
1790902783,54871128,103064256512,0,0,0,0,0,5,5,10045097,46,1333,0,0,0,191,40,24164241759,182569100281,195353181510
1790902784,54869020,103070117888,0,0,0,0,0,5,5,10045097,46,1333,0,0,0,191,40,24164241759,182569100281,195353181510
1790902785,54864984,103070875648,0,0,0,0,0,5,5,10051247,46,1333,0,0,0,191,40,24164241759,182569100281,195353181510
1790902786,54857620,103075418112,0,0,0,0,0,5,5,10051247,46,1333,0,0,0,191,40,24164241759,182569100281,195353181510
1790902787,54852204,103071535104,0,0,0,0,0,5,5,10053140,46,1333,0,0,0,191,40,24164241759,182569100281,195353181510
1790902788,54852936,103071875072,0,0,0,0,0,5,5,10053140,46,1333,0,0,0,191,40,24164241759,182569100281,195353181510
1790902789,54853672,103072624640,0,0,0,0,0,5,5,10053140,46,1333,0,0,0,191,40,24164241759,182569100281,195353181510
1790902790,54853672,103072628736,0,0,0,0,0,5,5,10053140,46,1333,0,0,0,191,40,24164241759,182569100281,195353181510
1790902791,54854392,103073366016,0,0,0,0,0,5,5,10053140,46,1333,0,0,0,191,40,24164241759,182569100281,195353181510
1790902792,54855056,103074045952,0,0,0,0,0,5,5,10053140,46,1333,0,0,0,191,40,24164241759,182569100281,195353181510
1790902793,54855084,103074074624,0,0,0,0,0,5,5,10053140,46,1333,0,0,0,191,40,24164241759,182569100281,195353181510
1790902794,54855852,103075123200,0,0,0,0,0,5,5,10053140,46,1333,0,0,0,191,40,24164241759,182569100281,195353181510
1790902795,54856576,103075860480,0,0,0,0,0,5,5,10053140,46,1333,0,0,0,191,40,24164241759,182569100281,195353181510
1790902796,54857292,103076388864,0,0,0,0,0,5,5,10053140,46,1333,0,0,0,191,40,24164241759,182569100281,195353181510
1790902797,54858020,103077339136,0,0,0,0,0,5,5,10053140,46,1333,0,0,0,191,40,24164241759,182569100281,195353181510
1790902798,54858760,103078105088,0,0,0,0,0,5,5,10053140,46,1333,0,0,0,191,40,24164241759,182569100281,195353181510
1790902799,54859484,103078838272,0,0,0,0,0,5,5,10053140,46,1333,0,0,0,191,40,24164241759,182569100281,195353181510
1790902800,54860212,103069052928,0,0,0,0,0,5,5,10053140,46,1333,0,0,0,191,40,24164241759,182569100281,195353181510
1790902801,54856196,103065210880,0,0,0,0,0,5,5,10053140,46,1333,0,0,0,191,40,24164241759,182569100281,195353181510
1790902802,54857016,103066025984,0,0,0,0,0,5,5,10053140,46,1333,0,0,0,191,40,24164241759,182569100281,195353181510
1790902803,54857732,103066767360,0,0,0,0,0,5,5,10053140,46,1333,0,0,0,191,40,24164241759,182569100281,195353181510
1790902804,54858468,103067525120,0,0,0,0,0,5,5,10053140,46,1333,0,0,0,191,40,24164241759,182569100281,195353181510
1790902805,54856432,103065706496,0,0,0,0,0,5,5,10053140,46,1333,0,0,0,191,40,24164241759,182569100281,195353181510
1790902806,54856436,103065452544,0,0,0,0,0,5,5,10053140,46,1333,0,0,0,191,40,24164241759,182569100281,195353181510
1790902807,54856436,103065452544,0,0,0,0,0,5,5,10053140,46,1333,0,0,0,191,40,24164241759,182569100281,195353181510
1790902809,54856440,103065456640,0,0,0,0,0,5,5,10053140,46,1333,0,0,0,191,40,24164241759,182569100281,195353181510
1790902810,54856480,103065759744,0,0,0,0,0,5,5,10053140,46,1333,0,0,0,191,40,24164241759,182569100281,195353181510
1790902811,54856484,103065501696,0,0,0,0,0,5,5,10053140,46,1333,0,0,0,191,40,24164241759,182569100281,195353181510
1790902812,54856496,103065767936,0,0,0,0,0,5,5,10053140,46,1333,0,0,0,191,40,24164241759,182569100281,195353181510
1790902813,54856496,103065513984,0,0,0,0,0,5,5,10053140,46,1333,0,0,0,191,40,24164241759,182569100281,195353181510
1790902814,54856516,103065530368,0,0,0,0,0,5,5,10053140,46,1333,0,0,0,191,40,24164241759,182569100281,195353181510
1790902815,54856520,103065792512,0,0,0,0,0,5,5,10053140,46,1333,0,0,0,191,40,24164241759,182569100281,195353181510
1790902816,54856528,103065542656,0,0,0,0,0,5,5,10053140,46,1333,0,0,0,191,40,24164241759,182569100281,195353181510
1790902817,54856532,103065288704,0,0,0,0,0,5,5,10053140,46,1333,0,0,0,191,40,24164241759,182569100281,195353181510
1790902818,54857236,103066009600,0,0,0,0,0,5,5,10053140,46,1333,0,0,0,191,40,24164241759,182569100281,195353181510
1790902819,54857236,103066013696,0,0,0,0,0,5,5,10053140,46,1333,0,0,0,191,40,24164241759,182569100281,195353181510
1790902820,54857264,103066525696,0,0,0,0,0,5,5,10053140,46,1333,0,0,0,191,40,24164241759,182569100281,195353181510
1790902821,54857264,103066296320,0,0,0,0,0,5,5,10053140,46,1333,0,0,0,191,40,24164241759,182569100281,195353181510
