ts,rss_kb,cg_mem_bytes,Tidesdb_write_stall_ceiling_hits,Tidesdb_writes_throttled,Tidesdb_writes_blocked,Tidesdb_write_stall_us,Tidesdb_stall_admission,Tidesdb_stall_rotate_lock,Tidesdb_stall_rotate_work,Tidesdb_stall_wal_append,Tidesdb_stall_manifest_commit,Tidesdb_open_sstables,Tidesdb_flush_pending,Tidesdb_compaction_queue,Tidesdb_immutable_memtables,Tidesdb_flush_count,Tidesdb_compaction_count,Tidesdb_flush_bytes_written,Tidesdb_compaction_bytes_written,Tidesdb_compaction_bytes_read
1790902984,783796,840765440,0,0,0,0,0,0,0,0,1,1,0,0,0,1,0,290,0,0
1790902985,823352,895381504,0,0,0,0,0,0,0,0,1,1,0,0,0,1,0,290,0,0
1790902986,1031052,1335922688,0,0,0,0,0,0,0,233,1,1233,0,0,0,1,0,290,0,0
1790902987,1388104,2063925248,0,0,0,0,0,0,0,233,1,1233,0,0,0,1,0,290,0,0
1790902988,1893604,3045212160,0,0,0,0,0,0,0,2341,1,1233,0,0,0,1,0,290,0,0
1790902989,2530260,4276072448,0,0,0,0,0,0,0,2341,1,1233,0,0,0,1,0,290,0,0
1790902990,3292772,5734273024,0,0,0,0,0,0,0,6631,1,1233,0,0,0,1,0,290,0,0
1790902991,4141632,7365898240,0,0,0,0,0,0,0,6631,1,1233,0,0,0,1,0,290,0,0
1790902992,5066512,9147293696,0,0,0,0,0,0,0,13649,1,1233,0,0,0,1,0,290,0,0
1790902993,6042448,11031400448,0,0,0,0,0,0,0,13649,1,1233,0,0,0,1,0,290,0,0
1790902994,7011624,12908208128,0,0,0,0,0,0,0,22339,1,1233,0,0,0,1,0,290,0,0
1790902995,7972524,14785597440,0,0,0,0,0,0,0,22339,1,1233,0,0,0,1,0,290,0,0
1790902996,8965812,16737222656,0,0,0,0,0,0,0,30987,1,1233,0,0,0,1,0,290,0,0
1790902997,9968016,18702905344,0,0,0,0,0,0,0,30987,1,1233,0,0,0,1,0,290,0,0
1790902998,10982472,20694097920,0,0,0,0,0,0,0,40405,1,1233,0,0,0,1,0,290,0,0
1790902999,11993460,22684491776,0,0,0,0,0,0,0,40405,1,1233,0,0,0,1,0,290,0,0
1790903000,13041480,24742408192,0,0,0,0,0,0,0,50605,1,1233,0,0,0,1,0,290,0,0
1790903001,14045980,26707443712,0,0,0,0,0,0,0,50605,1,1233,0,0,0,1,0,290,0,0
1790903003,14994040,28594049024,0,0,0,0,0,0,0,61679,1,1233,0,0,0,1,0,290,0,0
1790903004,15885548,30377787392,0,0,0,0,0,0,0,61679,1,1233,0,0,0,1,0,290,0,0
1790903005,16746628,32125906944,0,0,0,0,0,0,0,72739,1,1233,0,0,0,1,0,290,0,0
1790903006,17576824,33826770944,0,0,0,0,0,0,0,72739,1,1233,0,0,0,1,0,290,0,0
1790903007,18355760,35437121536,0,0,0,0,0,0,0,84154,1,1233,0,0,0,1,0,290,0,0
1790903008,19141764,37074866176,0,0,0,0,0,0,0,84154,1,1233,0,0,0,1,0,290,0,0
1790903009,19863568,38588678144,0,0,0,0,0,0,0,95709,1,1233,0,0,0,1,0,290,0,0
1790903010,20604008,40146341888,0,0,0,0,0,0,0,95709,1,1233,0,0,0,1,0,290,0,0
1790903011,21317064,41657597952,0,0,0,0,0,0,0,107181,1,1233,0,0,0,1,0,290,0,0
1790903012,22023880,43162943488,0,0,0,0,0,0,0,107181,1,1233,0,0,0,1,0,290,0,0
1790903013,22707104,44620214272,0,0,0,0,0,0,0,119018,1,1233,0,0,0,1,0,290,0,0
1790903014,23379604,46059753472,0,0,0,0,0,0,0,119018,1,1233,0,0,0,1,0,290,0,0
1790903015,24041832,47485739008,0,0,0,0,0,0,0,130993,1,1233,0,0,0,1,0,290,0,0
1790903016,24699972,48897830912,0,0,0,0,0,0,0,130993,1,1233,0,0,0,1,0,290,0,0
1790903017,25360680,50322759680,0,0,0,0,0,0,0,143087,1,1233,0,0,0,1,0,290,0,0
1790903018,26008024,51722776576,0,0,0,0,0,0,0,155179,1,1233,0,0,0,1,0,290,0,0
1790903019,26648464,53115166720,0,0,0,0,0,0,0,155179,1,1233,0,0,0,1,0,290,0,0
1790903020,27289224,54508793856,0,0,0,0,0,0,0,167498,1,1233,0,0,0,1,0,290,0,0
1790903021,27907008,55846117376,0,0,0,0,0,0,0,167498,1,1233,0,0,0,1,0,290,0,0
1790903022,28521200,57177657344,0,0,0,0,0,0,0,179874,1,1233,0,0,0,1,0,290,0,0
1790903024,29125460,58496020480,0,0,0,0,0,0,0,179874,1,1233,0,0,0,1,0,290,0,0
1790903025,29736772,59825819648,0,0,0,0,0,0,0,192235,1,1233,0,0,0,1,0,290,0,0
1790903026,30341864,61144231936,0,0,0,0,0,0,0,192235,1,1233,0,0,0,1,0,290,0,0
1790903027,30942012,62446006272,0,0,0,0,0,0,0,204638,1,1233,0,0,0,1,0,290,0,0
1790903028,31539460,63753089024,0,0,0,0,0,0,0,204638,1,1233,0,0,0,1,0,290,0,0
1790903029,32142512,65065897984,0,0,0,0,0,0,0,217214,1,1233,0,0,0,1,0,290,0,0
1790903030,32737636,66366885888,0,0,0,0,0,0,0,217214,1,1233,0,0,0,1,0,290,0,0
1790903031,33331224,67668516864,0,0,0,0,0,0,0,229750,1,1233,0,0,0,1,0,290,0,0
1790903032,33915664,68955262976,0,0,0,0,0,0,0,229750,1,1233,0,0,0,1,0,290,0,0
1790903033,34504088,70242643968,0,0,0,0,0,0,0,242241,1,1233,0,0,0,1,0,290,0,0
1790903034,35080000,71503802368,0,0,0,0,0,0,0,242241,1,1233,0,0,0,1,0,290,0,0
1790903035,35650364,72753160192,0,0,0,0,0,0,0,254949,1,1233,0,0,0,1,0,290,0,0
1790903036,36232320,74026639360,0,0,0,0,0,0,0,254949,1,1233,0,0,0,1,0,290,0,0
1790903037,36813608,75297873920,0,0,0,0,0,0,0,267512,1,1233,0,0,0,1,0,290,0,0
1790903038,37387488,76561440768,0,0,0,0,0,0,0,267512,1,1233,0,0,0,1,0,290,0,0
1790903039,37745320,77591351296,0,0,0,0,0,0,0,280174,1,1233,0,0,0,1,0,290,0,0
1790903040,37918244,78406340608,0,0,0,0,0,0,0,292691,1,1233,0,0,0,1,0,290,0,0
1790903041,38049592,79213584384,0,0,0,0,0,0,0,292691,1,1233,0,0,0,1,0,290,0,0
1790903042,38167208,79993352192,0,0,0,0,0,0,0,305570,1,1233,0,0,0,1,0,290,0,0
1790903043,38237616,80730832896,0,0,0,0,0,0,0,305570,1,1233,0,0,0,1,0,290,0,0
1790903044,38305672,81468006400,0,0,0,0,0,0,0,318408,1,1233,0,0,0,1,0,290,0,0
1790903046,38392292,82224500736,0,0,0,0,0,0,0,318408,1,1233,0,0,0,1,0,290,0,0
1790903047,38441868,82939838464,0,0,0,0,0,0,0,331206,1,1233,0,0,0,1,0,290,0,0
1790903048,38520100,83674910720,0,0,0,0,0,0,0,331206,1,1233,0,0,0,1,0,290,0,0
1790903049,38617592,84432777216,0,0,0,0,0,0,0,344008,1,1233,0,0,0,1,0,290,0,0
1790903050,38716280,85199044608,0,0,0,0,0,0,0,344008,1,1233,0,0,0,1,0,290,0,0
1790903051,38832524,85973729280,0,0,0,0,0,0,0,357063,1,1233,0,0,0,1,0,290,0,0
1790903052,38952636,86750855168,0,0,0,0,0,0,0,357063,1,1233,0,0,0,1,0,290,0,0
1790903053,39072100,87508156416,0,0,0,0,0,0,0,369971,1,1233,0,0,0,1,0,290,0,0
1790903054,39186164,88277794816,0,0,0,0,0,0,0,369971,1,1233,0,0,0,1,0,290,0,0
1790903055,39287176,89031458816,0,0,0,0,0,0,0,383002,1,1233,0,0,0,1,0,290,0,0
1790903056,39386112,89782706176,0,0,0,0,0,0,0,383002,1,1233,0,0,0,1,0,290,0,0
1790903057,39490068,90529660928,0,0,0,0,0,0,0,396024,1,1233,0,0,0,1,0,290,0,0
1790903058,39586128,91281506304,0,0,0,0,0,0,0,396024,1,1233,0,0,0,1,0,290,0,0
1790903059,39686204,92028801024,0,0,0,0,0,0,0,409303,1,1233,0,0,0,1,0,290,0,0
1790903060,39771616,92763860992,0,0,0,0,0,0,0,409303,1,1233,0,0,0,1,0,290,0,0
1790903061,39863080,93496270848,0,0,0,0,0,0,0,422469,1,1233,0,0,0,1,0,290,0,0
1790903062,39966580,94239916032,0,0,0,0,0,0,0,422469,1,1233,0,0,0,1,0,290,0,0
1790903063,40062396,94970970112,0,0,0,0,0,0,0,435622,1,1233,0,0,0,1,0,290,0,0
1790903064,40177984,95732711424,0,0,0,0,0,0,0,448820,1,1233,0,0,0,1,0,290,0,0
1790903065,40293392,96491298816,0,0,0,0,0,0,0,448820,1,1233,0,0,0,1,0,290,0,0
1790903067,40396348,97232863232,0,0,0,0,0,0,0,462117,1,1233,0,0,0,1,0,290,0,0
1790903068,40512108,97987575808,0,0,0,0,0,0,0,462117,1,1233,0,0,0,1,0,290,0,0
1790903069,40620412,98741395456,0,0,0,0,0,0,0,475392,1,1233,0,0,0,1,0,290,0,0
1790903070,40721636,99490258944,0,0,0,0,0,0,0,475392,1,1233,0,0,0,1,0,290,0,0
1790903071,40826212,100233502720,0,0,0,0,0,0,0,488576,1,1233,0,0,0,1,0,290,0,0
1790903072,40911128,100910133248,0,0,0,0,0,0,0,488576,1,1233,0,0,0,1,0,290,0,0
1790903073,40983984,101613469696,0,0,0,0,0,0,0,501631,1,1233,0,0,0,1,0,290,0,0
1790903074,41059616,102311714816,0,0,0,0,0,0,0,501631,1,1233,0,0,0,1,0,290,0,0
1790903075,41134720,103014481920,0,0,0,0,0,0,0,514960,1,1233,0,0,0,1,0,290,0,0
1790903076,41198244,103064399872,0,0,0,0,0,0,0,514960,1,1233,0,0,0,1,0,290,0,0
1790903077,41268888,103044157440,0,0,0,0,0,0,0,528313,1,1233,0,0,0,1,0,290,0,0
1790903078,41359560,103075938304,0,0,0,0,0,0,0,528313,1,1233,0,0,0,1,0,290,0,0
1790903079,41449120,103076409344,0,0,0,0,0,0,0,541461,1,1233,0,0,0,1,0,290,0,0
1790903080,41543392,103063154688,0,0,0,0,0,0,0,541461,1,1233,0,0,0,1,0,290,0,0
1790903081,41628400,103046729728,0,0,0,0,0,0,0,554734,1,1233,0,0,0,1,0,290,0,0
1790903082,41707028,103073157120,0,0,0,0,0,0,0,554734,1,1233,0,0,0,1,0,290,0,0
1790903083,41803416,103045046272,0,0,0,0,0,0,0,567760,1,1233,0,0,0,1,0,290,0,0
1790903084,41888736,103073185792,0,0,0,0,0,0,0,567760,1,1233,0,0,0,1,0,290,0,0
1790903085,41960044,103064825856,0,0,0,0,0,0,0,580971,1,1233,0,0,0,1,0,290,0,0
1790903086,42059056,103034900480,0,0,0,0,0,0,0,594165,1,1233,0,0,0,1,0,290,0,0
1790903088,42153892,103040081920,0,0,0,0,0,0,0,594165,1,1233,0,0,0,1,0,290,0,0
1790903089,42248812,103019425792,0,0,0,0,0,0,0,607393,1,1233,0,0,0,1,0,290,0,0
1790903090,42347428,103069515776,0,0,0,0,0,0,0,607393,1,1233,0,0,0,1,0,290,0,0
1790903091,42414548,103070240768,0,0,0,0,0,0,0,620481,1,1233,0,0,0,1,0,290,0,0
1790903092,42493520,103059906560,0,0,0,0,0,0,0,620481,1,1233,0,0,0,1,0,290,0,0
1790903093,42573368,103078809600,0,0,0,0,0,0,0,633707,1,1233,0,0,0,1,0,290,0,0
1790903094,42652868,103074009088,0,0,0,0,0,0,0,633707,1,1233,0,0,0,1,0,290,0,0
1790903095,42735488,103072391168,0,0,0,0,0,0,0,646769,1,1233,0,0,0,1,0,290,0,0
1790903096,42798412,103072739328,0,0,0,0,0,0,0,646769,1,1233,0,0,0,1,0,290,0,0
1790903097,42856416,103057379328,0,0,0,0,0,0,0,659919,1,1233,0,0,0,1,0,290,0,0
1790903098,42923220,103056580608,0,0,0,0,0,0,0,659919,1,1233,0,0,0,1,0,290,0,0
1790903099,42971168,103063412736,0,0,0,0,0,0,0,673019,1,1233,0,0,0,1,0,290,0,0
1790903100,43029156,103064309760,0,0,0,0,0,0,0,673019,1,1233,0,0,0,1,0,290,0,0
1790903101,43107800,103077326848,0,0,0,0,0,0,0,686171,1,1233,0,0,0,1,0,290,0,0
1790903102,43187304,103059333120,0,0,0,0,0,0,0,686171,1,1233,0,0,0,1,0,290,0,0
1790903103,43248580,103079104512,0,0,0,0,0,0,0,699285,1,1233,0,0,0,1,0,290,0,0
1790903104,43342328,103058485248,0,0,0,0,0,0,0,699285,1,1233,0,0,0,1,0,290,0,0
1790903105,43417036,103078125568,0,0,0,0,0,0,0,712422,1,1233,0,0,0,1,0,290,0,0
1790903106,43497924,103076941824,0,0,0,0,0,0,0,712422,1,1233,0,0,0,1,0,290,0,0
1790903107,43573372,103058231296,0,0,0,0,0,0,0,725438,1,1233,0,0,0,1,0,290,0,0
1790903108,43653164,103068098560,0,0,0,0,0,0,0,725438,1,1233,0,0,0,1,0,290,0,0
1790903110,43716188,103070928896,0,0,0,0,0,0,0,738450,1,1233,0,0,0,1,0,290,0,0
1790903111,43777268,103072772096,0,0,0,0,0,0,0,751376,1,1233,0,0,0,1,0,290,0,0
1790903112,43834920,103066759168,0,0,0,0,0,0,0,751376,1,1233,0,0,0,1,0,290,0,0
1790903113,43892816,103059193856,0,0,0,0,0,0,0,764478,1,1233,0,0,0,1,0,290,0,0
1790903114,43948096,103005020160,0,0,0,0,0,0,0,764478,1,1233,0,0,0,1,0,290,0,0
1790903115,43997304,103061725184,0,0,0,0,0,0,0,777301,1,1233,0,0,0,1,0,290,0,0
1790903116,44050056,103070797824,0,0,0,0,0,0,0,777301,1,1233,0,0,0,1,0,290,0,0
1790903117,44099032,103074656256,0,0,0,0,0,0,0,790349,1,1233,0,0,0,1,0,290,0,0
1790903118,44162024,103046819840,0,0,0,0,0,0,0,790349,1,1233,0,0,0,1,0,290,0,0
1790903119,44206032,103071776768,0,0,0,0,0,0,0,803480,1,1233,0,0,0,1,0,290,0,0
1790903120,44251824,103078330368,0,0,0,0,0,0,0,803480,1,1233,0,0,0,1,0,290,0,0
1790903121,44308824,103055777792,0,0,0,0,0,0,0,816612,1,1233,0,0,0,1,0,290,0,0
1790903122,44358516,103059652608,0,0,0,0,0,0,0,816612,1,1233,0,0,0,1,0,290,0,0
1790903123,44417568,103075794944,0,0,0,0,0,0,0,829653,1,1233,0,0,0,1,0,290,0,0
1790903124,44470788,103058763776,0,0,0,0,0,0,0,829653,1,1233,0,0,0,1,0,290,0,0
1790903125,44520100,103073726464,0,0,0,0,0,0,0,842788,1,1233,0,0,0,1,0,290,0,0
1790903126,44587352,103063871488,0,0,0,0,0,0,0,842788,1,1233,0,0,0,1,0,290,0,0
1790903127,44642688,103068774400,0,0,0,0,0,0,0,856047,1,1233,0,0,0,1,0,290,0,0
1790903128,44692940,103070515200,0,0,0,0,0,0,0,856047,1,1233,0,0,0,1,0,290,0,0
1790903129,44737352,103068430336,0,0,0,0,0,0,0,869106,1,1233,0,0,0,1,0,290,0,0
1790903131,44787444,103055163392,0,0,0,0,0,0,0,869106,1,1233,0,0,0,1,0,290,0,0
1790903132,44830792,103073939456,0,0,0,0,0,0,0,882322,1,1233,0,0,0,1,0,290,0,0
1790903133,44891760,103071326208,0,0,0,0,0,0,0,895359,1,1233,0,0,0,1,0,290,0,0
1790903134,44957712,103039877120,0,0,0,0,0,0,0,895359,1,1233,0,0,0,1,0,290,0,0
1790903135,45012568,103073169408,0,0,0,0,0,0,0,908462,1,1233,0,0,0,1,0,290,0,0
1790903136,45042156,103036792832,0,0,0,0,0,0,0,908462,1,1233,0,0,0,1,0,290,0,0
1790903137,45087224,103031607296,0,0,0,0,0,0,0,921514,1,1233,0,0,0,1,0,290,0,0
1790903138,45110204,103072428032,0,0,0,0,0,0,0,921514,1,1233,0,0,0,1,0,290,0,0
1790903139,45146452,103077367808,0,0,0,0,0,0,0,934402,1,1233,0,0,0,1,0,290,0,0
1790903140,45179876,103048552448,0,0,0,0,0,0,0,934402,1,1233,0,0,0,1,0,290,0,0
1790903141,45219680,103076528128,0,0,0,0,0,0,0,947442,1,1233,0,0,0,1,0,290,0,0
1790903142,45265240,103067332608,0,0,0,0,0,0,0,947442,1,1233,0,0,0,1,0,290,0,0
1790903143,45306660,103078735872,0,0,0,0,0,0,0,960447,1,1233,0,0,0,1,0,290,0,0
1790903144,45343488,103054295040,0,0,0,0,0,0,0,960447,1,1233,0,0,0,1,0,290,0,0
1790903145,45386816,103050186752,0,0,0,0,0,0,0,973190,1,1233,0,0,0,1,0,290,0,0
1790903146,45433940,103048265728,0,0,0,0,0,0,0,973190,1,1233,0,0,0,1,0,290,0,0
1790903147,45505452,103071793152,0,0,0,0,0,0,0,986186,1,1233,0,0,0,1,0,290,0,0
1790903148,45568324,103073239040,0,0,0,0,0,0,0,986186,1,1233,0,0,0,1,0,290,0,0
1790903149,45640540,103057092608,0,0,0,0,0,0,0,999227,1,1233,0,0,0,1,0,290,0,0
1790903150,45689648,103062085632,0,0,0,0,0,0,0,999227,1,1233,0,0,0,1,0,290,0,0
1790903152,45741840,103035703296,0,0,0,0,0,0,0,1012195,1,1233,0,0,0,1,0,290,0,0
1790903153,45801212,103057928192,0,0,0,0,0,0,0,1012195,1,1233,0,0,0,1,0,290,0,0
1790903154,45861836,103074115584,0,0,0,0,0,0,0,1025189,1,1233,0,0,0,1,0,290,0,0
1790903155,45929660,103068393472,0,0,0,0,0,0,0,1038134,1,1233,0,0,0,1,0,290,0,0
1790903156,45993264,103054958592,0,0,0,0,0,0,0,1038134,1,1233,0,0,0,1,0,290,0,0
1790903157,46056756,103017738240,0,0,0,0,0,0,0,1051221,1,1233,0,0,0,1,0,290,0,0
1790903158,46114636,103072952320,0,0,0,0,0,0,0,1051221,1,1233,0,0,0,1,0,290,0,0
1790903159,46168216,103078391808,0,0,0,0,0,0,0,1064247,1,1233,0,0,0,1,0,290,0,0
1790903160,46224508,103072419840,0,0,0,0,0,0,0,1064247,1,1233,0,0,0,1,0,290,0,0
1790903161,46271676,103064121344,0,0,0,0,0,0,0,1077108,1,1233,0,0,0,1,0,290,0,0
1790903162,46329484,103061573632,0,0,0,0,0,0,0,1077108,1,1233,0,0,0,1,0,290,0,0
1790903163,46397680,103061733376,0,0,0,0,0,0,0,1090043,1,1233,0,0,0,1,0,290,0,0
1790903164,46477312,103068225536,0,0,0,0,0,0,0,1090043,1,1233,0,0,0,1,0,290,0,0
1790903165,46536780,103062544384,0,0,0,0,0,0,0,1102945,1,1233,0,0,0,1,0,290,0,0
1790903166,46614672,103069675520,0,0,0,0,0,0,0,1102945,1,1233,0,0,0,1,0,290,0,0
1790903167,46690576,103061975040,0,0,0,0,0,0,0,1115920,1,1233,0,0,0,1,0,290,0,0
1790903168,46759660,103043522560,0,0,0,0,0,0,0,1115920,1,1233,0,0,0,1,0,290,0,0
1790903169,46835336,103057211392,0,0,0,0,0,0,0,1129004,1,1233,0,0,0,1,0,290,0,0
1790903170,46900856,103079108608,0,0,0,0,0,0,0,1129004,1,1233,0,0,0,1,0,290,0,0
1790903171,46984408,103067922432,0,0,0,0,0,0,0,1141931,1,1233,0,0,0,1,0,290,0,0
1790903173,47070144,103074873344,0,0,0,0,0,0,0,1141931,1,1233,0,0,0,1,0,290,0,0
1790903174,47142476,103070367744,0,0,0,0,0,0,0,1154874,1,1233,0,0,0,1,0,290,0,0
1790903175,47217380,103054831616,0,0,0,0,0,0,0,1154874,1,1233,0,0,0,1,0,290,0,0
1790903176,47290628,103043321856,0,0,0,0,0,0,0,1167793,1,1233,0,0,0,1,0,290,0,0
1790903177,47363772,103046742016,0,0,0,0,0,0,0,1167793,1,1233,0,0,0,1,0,290,0,0
1790903178,47424724,103066755072,0,0,0,0,0,0,0,1180614,1,1233,0,0,0,1,0,290,0,0
1790903179,47491132,103077810176,0,0,0,0,0,0,0,1193660,1,1233,0,0,0,1,0,290,0,0
1790903180,47544672,103079112704,0,0,0,0,0,0,0,1193660,1,1233,0,0,0,1,0,290,0,0
1790903181,47583328,103073734656,0,0,0,0,0,0,0,1206726,1,1233,0,0,0,1,0,290,0,0
1790903182,47639616,103035043840,0,0,0,0,0,0,0,1206726,1,1233,0,0,0,1,0,290,0,0
1790903183,47711360,103068319744,0,0,0,0,0,0,0,1219562,1,1233,0,0,0,1,0,290,0,0
1790903184,47782808,103067336704,0,0,0,0,0,0,0,1219562,1,1233,0,0,0,1,0,290,0,0
1790903185,47851096,103069229056,0,0,0,0,0,0,0,1232423,1,1233,0,0,0,1,0,290,0,0
1790903186,47913600,103078125568,0,0,0,0,0,0,0,1232423,1,1233,0,0,0,1,0,290,0,0
1790903187,47986512,103059963904,0,0,0,0,0,0,0,1245365,1,1233,0,0,0,1,0,290,0,0
1790903188,48033824,103071219712,0,0,0,0,0,0,0,1245365,1,1233,0,0,0,1,0,290,0,0
1790903189,48092568,103078412288,0,0,0,0,0,0,0,1258403,1,1233,0,0,0,1,0,290,0,0
1790903190,48151172,103064059904,0,0,0,0,0,0,0,1258403,1,1233,0,0,0,1,0,290,0,0
1790903191,48201144,103073972224,0,0,0,0,0,0,0,1271418,1,1233,0,0,0,1,0,290,0,0
1790903192,48247732,103068327936,0,0,0,0,0,0,0,1271418,1,1233,0,0,0,1,0,290,0,0
1790903193,48284128,103072931840,0,0,0,0,0,0,0,1284427,1,1233,0,0,0,1,0,290,0,0
1790903195,48334900,103067500544,0,0,0,0,0,0,0,1284427,1,1233,0,0,0,1,0,290,0,0
1790903196,48386604,103069331456,0,0,0,0,0,0,0,1297328,1,1233,0,0,0,1,0,290,0,0
1790903197,48434924,103037325312,0,0,0,0,0,0,0,1297328,1,1233,0,0,0,1,0,290,0,0
1790903198,48479856,103067811840,0,0,0,0,0,0,0,1310249,1,1233,0,0,0,1,0,290,0,0
1790903199,48519116,103078653952,0,0,0,0,0,0,0,1310249,1,1233,0,0,0,1,0,290,0,0
1790903200,48567236,103074324480,0,0,0,0,0,0,0,1323374,1,1233,0,0,0,1,0,290,0,0
1790903201,48608568,103078998016,0,0,0,0,0,0,0,1323374,1,1233,0,0,0,1,0,290,0,0
1790903202,48656196,103067074560,0,0,0,0,0,0,0,1336454,1,1233,0,0,0,1,0,290,0,0
1790903203,48694304,103071805440,0,0,0,0,0,0,0,1349543,1,1233,0,0,0,1,0,290,0,0
1790903204,48729432,103077347328,0,0,0,0,0,0,0,1349543,1,1233,0,0,0,1,0,290,0,0
1790903205,48773532,103061651456,0,0,0,0,0,0,0,1362522,1,1233,0,0,0,1,0,290,0,0
1790903206,48802892,103061909504,0,0,0,0,0,0,0,1362522,1,1233,0,0,0,1,0,290,0,0
1790903207,48833860,103073443840,0,0,0,0,0,0,0,1375609,1,1233,0,0,0,1,0,290,0,0
1790903208,48855508,103038844928,0,0,0,0,0,0,0,1375609,1,1233,0,0,0,1,0,290,0,0
1790903209,48875060,103076605952,0,0,0,0,0,0,0,1388733,1,1233,0,0,0,1,0,290,0,0
1790903210,48909772,103074353152,0,0,0,0,0,0,0,1388733,1,1233,0,0,0,1,0,290,0,0
1790903211,48952552,103061561344,0,0,0,0,0,0,0,1401726,1,1233,0,0,0,1,0,290,0,0
1790903212,49002864,103063490560,0,0,0,0,0,0,0,1401726,1,1233,0,0,0,1,0,290,0,0
1790903213,49060232,103061344256,0,0,0,0,0,0,0,1414687,1,1233,0,0,0,1,0,290,0,0
1790903214,49123320,103074463744,0,0,0,0,0,0,0,1414687,1,1233,0,0,0,1,0,290,0,0
1790903216,49190212,103071772672,0,0,0,0,0,0,0,1427709,1,1233,0,0,0,1,0,290,0,0
1790903217,49249740,103063052288,0,0,0,0,0,0,0,1427709,1,1233,0,0,0,1,0,290,0,0
1790903218,49313064,103066083328,0,0,0,0,0,0,0,1440733,1,1233,0,0,0,1,0,290,0,0
1790903219,49366452,103033389056,0,0,0,0,0,0,0,1440733,1,1233,0,0,0,1,0,290,0,0
1790903220,49424720,103076433920,0,0,0,0,0,0,0,1453821,1,1233,0,0,0,1,0,290,0,0
1790903221,49481740,103060463616,0,0,0,0,0,0,0,1453821,1,1233,0,0,0,1,0,290,0,0
1790903222,49536608,103064412160,0,0,0,0,0,0,0,1466837,1,1233,0,0,0,1,0,290,0,0
1790903223,49595484,103065362432,0,0,0,0,0,0,0,1466837,1,1233,0,0,0,1,0,290,0,0
1790903224,49648460,103037624320,0,0,0,0,0,0,0,1479733,1,1233,0,0,0,1,0,290,0,0
1790903225,49704280,103073640448,0,0,0,0,0,0,0,1492725,1,1233,0,0,0,1,0,290,0,0
1790903226,49769172,103059329024,0,0,0,0,0,0,0,1492725,1,1233,0,0,0,1,0,290,0,0
1790903227,49820172,103044747264,0,0,0,0,0,0,0,1505656,1,1233,0,0,0,1,0,290,0,0
1790903228,49886004,103065497600,0,0,0,0,0,0,0,1505656,1,1233,0,0,0,1,0,290,0,0
1790903229,49943740,103074054144,0,0,0,0,0,0,0,1518753,1,1233,0,0,0,1,0,290,0,0
1790903230,50008356,103039578112,0,0,0,0,0,0,0,1518753,1,1233,0,0,0,1,0,290,0,0
1790903231,50051632,103075987456,0,0,0,0,0,0,0,1531658,1,1233,0,0,0,1,0,290,0,0
1790903232,50097920,103048658944,0,0,0,0,0,0,0,1531658,1,1233,0,0,0,1,0,290,0,0
1790903233,50132316,103074824192,0,0,0,0,0,0,0,1544486,1,1233,0,0,0,1,0,290,0,0
1790903234,50162764,103019446272,0,0,0,0,0,0,0,1544486,1,1233,0,0,0,1,0,290,0,0
1790903235,50199896,103063674880,0,0,0,0,0,0,0,1557450,1,1233,0,0,0,1,0,290,0,0
1790903236,50252048,103075520512,0,0,0,0,0,0,0,1557450,1,1233,0,0,0,1,0,290,0,0
1790903238,50307572,103072600064,0,0,0,0,0,0,0,1570418,1,1233,0,0,0,1,0,290,0,0
1790903239,50361756,103070380032,0,0,0,0,0,0,0,1570418,1,1233,0,0,0,1,0,290,0,0
1790903240,50404000,103065903104,0,0,0,0,0,0,0,1583422,1,1233,0,0,0,1,0,290,0,0
1790903241,50461540,103045402624,0,0,0,0,0,0,0,1583422,1,1233,0,0,0,1,0,290,0,0
1790903242,50519492,103078318080,0,0,0,0,0,0,0,1596412,1,1233,0,0,0,1,0,290,0,0
1790903243,50575012,103067602944,0,0,0,0,0,0,0,1596412,1,1233,0,0,0,1,0,290,0,0
1790903244,50626828,103073533952,0,0,0,0,0,0,0,1609337,1,1233,0,0,0,1,0,290,0,0
1790903245,50677336,103079120896,0,0,0,0,0,0,0,1609337,1,1233,0,0,0,1,0,290,0,0
1790903246,50752080,103078682624,0,0,0,0,0,0,0,1622188,1,1233,0,0,0,1,0,290,0,0
1790903247,50820004,103052292096,0,0,0,0,0,0,0,1635062,1,1233,0,0,0,1,0,290,0,0
1790903248,50880228,103052300288,0,0,0,0,0,0,0,1635062,1,1233,0,0,0,1,0,290,0,0
1790903249,50940024,103069437952,0,0,0,0,0,0,0,1647860,1,1233,0,0,0,1,0,290,0,0
1790903250,50994888,103050858496,0,0,0,0,0,0,0,1647860,1,1233,0,0,0,1,0,290,0,0
1790903251,51047016,103062573056,0,0,0,0,0,0,0,1660820,1,1233,0,0,0,1,0,290,0,0
1790903252,51105156,103067979776,0,0,0,0,0,0,0,1660820,1,1233,0,0,0,1,0,290,0,0
1790903253,51164420,103076970496,0,0,0,0,0,0,0,1673755,1,1233,0,0,0,1,0,290,0,0
1790903254,51220620,103070695424,0,0,0,0,0,0,0,1673755,1,1233,0,0,0,1,0,290,0,0
1790903255,51273212,103071686656,0,0,0,0,0,0,0,1686661,1,1233,0,0,0,1,0,290,0,0
1790903256,51344536,103061852160,0,0,0,0,0,0,0,1686661,1,1233,0,0,0,1,0,290,0,0
1790903257,51421580,103059910656,0,0,0,0,0,1,1,1699257,1,1233,1,0,1,1,0,290,0,0
1790903259,51460724,103060754432,0,0,0,0,0,1,1,1699257,1,1233,1,0,1,1,0,290,0,0
1790903260,51518336,103047352320,0,0,0,0,0,1,1,1711096,1,1237,1,0,1,1,0,290,0,0
1790903261,51571656,103033962496,0,0,0,0,0,1,1,1711096,1,1237,1,0,1,1,0,290,0,0
1790903262,51611408,103062966272,0,0,0,0,0,1,1,1722954,1,1242,1,0,1,1,0,290,0,0
1790903263,51648844,103078563840,0,0,0,0,0,1,1,1722954,1,1242,1,0,1,1,0,290,0,0
1790903264,51693548,103073116160,0,0,0,0,0,1,1,1734691,1,1251,1,0,1,1,0,290,0,0
1790903265,51722512,103070232576,0,0,0,0,0,1,1,1734691,1,1251,1,0,1,1,0,290,0,0
1790903266,51745312,103076458496,0,0,0,0,0,1,1,1746347,1,1259,1,0,1,1,0,290,0,0
1790903267,51770616,103050608640,0,0,0,0,0,1,1,1746347,1,1259,1,0,1,1,0,290,0,0
1790903268,51807996,103075573760,0,0,0,0,0,1,1,1758170,1,1267,1,0,1,1,0,290,0,0
1790903269,51847224,103059312640,0,0,0,0,0,1,1,1758170,1,1267,1,0,1,1,0,290,0,0
1790903270,51881284,103068184576,0,0,0,0,0,1,1,1769782,1,1269,1,0,1,1,0,290,0,0
1790903271,51908548,103055740928,0,0,0,0,0,1,1,1781374,1,1269,1,0,1,1,0,290,0,0
1790903272,51948592,103046410240,0,0,0,0,0,1,1,1781374,1,1269,1,0,1,1,0,290,0,0
1790903273,51978172,103072866304,0,0,0,0,0,1,1,1793002,1,1269,1,0,1,1,0,290,0,0
1790903274,52014656,103076700160,0,0,0,0,0,1,1,1793002,1,1269,1,0,1,1,0,290,0,0
1790903275,52040132,103057764352,0,0,0,0,0,1,1,1804417,1,1269,1,0,1,1,0,290,0,0
1790903276,52052452,103071256576,0,0,0,0,0,1,1,1804417,1,1269,1,0,1,1,0,290,0,0
1790903277,49284564,100659978240,0,0,0,0,0,1,1,1814252,3,1276,0,2,0,39,1,4827580037,3376863,6736731
1790903278,49233480,101961334784,0,0,0,0,0,1,1,1814252,3,1276,0,2,0,39,1,4827580037,3376863,6736731
1790903280,48952488,102981099520,0,0,0,0,0,1,1,1819999,3,1283,0,2,0,39,1,4827580037,3376863,6736731
1790903281,48421680,103060697088,0,0,0,0,0,1,1,1819999,3,1283,0,2,0,39,1,4827580037,3376863,6736731
1790903282,47577576,103040090112,0,0,0,0,0,1,1,1824466,3,1297,0,2,0,39,1,4827580037,3376863,6736731
1790903283,46624816,103064354816,0,0,0,0,0,1,1,1824466,3,1297,0,2,0,39,1,4827580037,3376863,6736731
1790903284,45758836,103062691840,0,0,0,0,0,1,1,1829452,3,1313,0,2,0,39,1,4827580037,3376863,6736731
1790903285,44831352,103000653824,0,0,0,0,0,1,1,1829452,3,1313,0,2,0,39,1,4827580037,3376863,6736731
1790903286,44434972,103064383488,0,0,0,0,0,1,1,1835208,3,1324,0,2,0,39,1,4827580037,3376863,6736731
1790903287,44078052,103066624000,0,0,0,0,0,1,1,1835208,3,1324,0,2,0,39,1,4827580037,3376863,6736731
1790903288,44013304,103049953280,0,0,0,0,0,1,1,1841008,3,1338,0,2,0,39,1,4827580037,3376863,6736731
1790903289,44017968,103072006144,0,0,0,0,0,1,1,1841008,3,1338,0,2,0,39,1,4827580037,3376863,6736731
1790903290,44021028,103075000320,0,0,0,0,0,1,1,1846877,3,1353,0,2,0,39,1,4827580037,3376863,6736731
1790903291,44035764,103059775488,0,0,0,0,0,1,1,1852905,3,1368,0,2,0,39,1,4827580037,3376863,6736731
1790903292,44037904,103012327424,0,0,0,0,0,1,1,1852905,3,1368,0,2,0,39,1,4827580037,3376863,6736731
1790903293,44018012,103072399360,0,0,0,0,0,1,1,1858733,3,1384,0,2,0,39,1,4827580037,3376863,6736731
1790903294,43992580,103078440960,0,0,0,0,0,1,1,1858733,3,1384,0,2,0,39,1,4827580037,3376863,6736731
1790903295,44002972,103069163520,0,0,0,0,0,1,1,1866468,3,1394,0,2,0,39,1,4827580037,3376863,6736731
1790903297,44002100,100772315136,0,0,0,0,0,1,1,1866468,3,1394,0,2,0,39,1,4827580037,3376863,6736731
1790903298,44042340,102594830336,0,0,0,0,0,1,1,1875416,4,1367,0,1,0,39,2,4827580037,2443405144,2475218211
1790903299,44049896,100922773504,0,0,0,0,0,1,1,1875416,4,1367,0,1,0,39,2,4827580037,2443405144,2475218211
1790903300,44053664,98696228864,0,0,0,0,0,1,1,1883648,7,1310,0,0,0,39,5,4827580037,7325160032,7415132296
1790903301,44080008,95038029824,0,0,0,0,0,1,1,1883648,7,1310,0,0,0,39,5,4827580037,7325160032,7415132296
1790903302,44026968,95500611584,0,0,0,0,0,1,1,1894132,9,1271,0,0,0,39,7,4827580037,12555563048,12674688470
1790903303,44091908,96162832384,0,0,0,0,0,1,1,1894132,9,1271,0,0,0,39,7,4827580037,12555563048,12674688470
1790903304,44127984,96810676224,0,0,0,0,0,1,1,1906229,9,1271,0,0,0,39,7,4827580037,12555563048,12674688470
1790903305,44150704,97443581952,0,0,0,0,0,1,1,1906229,9,1271,0,0,0,39,7,4827580037,12555563048,12674688470
1790903306,44193084,98099650560,0,0,0,0,0,1,1,1919008,9,1271,0,0,0,39,7,4827580037,12555563048,12674688470
1790903307,44248560,98760048640,0,0,0,0,0,1,1,1919008,9,1271,0,0,0,39,7,4827580037,12555563048,12674688470
1790903308,44309032,99434024960,0,0,0,0,0,1,1,1931667,9,1271,0,0,0,39,7,4827580037,12555563048,12674688470
1790903309,44362652,100097675264,0,0,0,0,0,1,1,1931667,9,1271,0,0,0,39,7,4827580037,12555563048,12674688470
1790903310,44402196,100753276928,0,0,0,0,0,1,1,1944441,9,1271,0,0,0,39,7,4827580037,12555563048,12674688470
1790903311,44445368,101407903744,0,0,0,0,0,1,1,1957274,9,1271,0,0,0,39,7,4827580037,12555563048,12674688470
1790903312,44495044,102055297024,0,0,0,0,0,1,1,1957274,9,1271,0,0,0,39,7,4827580037,12555563048,12674688470
1790903313,44530572,102698479616,0,0,0,0,0,1,1,1970220,9,1271,0,0,0,39,7,4827580037,12555563048,12674688470
1790903314,44579956,103066042368,0,0,0,0,0,1,1,1970220,9,1271,0,0,0,39,7,4827580037,12555563048,12674688470
1790903315,44640488,103077699584,0,0,0,0,0,1,1,1983009,9,1271,0,0,0,39,7,4827580037,12555563048,12674688470
1790903317,44702872,103071178752,0,0,0,0,0,1,1,1983009,9,1271,0,0,0,39,7,4827580037,12555563048,12674688470
1790903318,44771492,103074344960,0,0,0,0,0,1,1,1995762,9,1271,0,0,0,39,7,4827580037,12555563048,12674688470
1790903319,44840136,103071432704,0,0,0,0,0,1,1,1995762,9,1271,0,0,0,39,7,4827580037,12555563048,12674688470
1790903320,44915900,103040966656,0,0,0,0,0,1,1,2008366,9,1271,0,0,0,39,7,4827580037,12555563048,12674688470
1790903321,44949196,103072624640,0,0,0,0,0,1,1,2008366,9,1271,0,0,0,39,7,4827580037,12555563048,12674688470
1790903322,44985908,103078821888,0,0,0,0,0,1,1,2021120,9,1271,0,0,0,39,7,4827580037,12555563048,12674688470
1790903323,45017616,103061360640,0,0,0,0,0,1,1,2021120,9,1271,0,0,0,39,7,4827580037,12555563048,12674688470
1790903324,45053504,103070306304,0,0,0,0,0,1,1,2034037,9,1271,0,0,0,39,7,4827580037,12555563048,12674688470
1790903325,45085724,103074787328,0,0,0,0,0,1,1,2034037,9,1271,0,0,0,39,7,4827580037,12555563048,12674688470
1790903326,45136304,103071260672,0,0,0,0,0,1,1,2046828,9,1271,0,0,0,39,7,4827580037,12555563048,12674688470
1790903327,45186436,103064522752,0,0,0,0,0,1,1,2046828,9,1271,0,0,0,39,7,4827580037,12555563048,12674688470
1790903328,45240844,103064571904,0,0,0,0,0,1,1,2059507,9,1271,0,0,0,39,7,4827580037,12555563048,12674688470
1790903329,45264716,103078150144,0,0,0,0,0,1,1,2059507,9,1271,0,0,0,39,7,4827580037,12555563048,12674688470
1790903330,45296952,103068463104,0,0,0,0,0,1,1,2070998,9,1271,0,0,0,39,7,4827580037,12555563048,12674688470
1790903331,45335608,103056019456,0,0,0,0,0,1,1,2070998,9,1271,0,0,0,39,7,4827580037,12555563048,12674688470
1790903332,45376256,103079063552,0,0,0,0,0,1,1,2083263,9,1271,0,0,0,39,7,4827580037,12555563048,12674688470
1790903333,45402032,103042232320,0,0,0,0,0,1,1,2083263,9,1271,0,0,0,39,7,4827580037,12555563048,12674688470
1790903334,45416244,103071014912,0,0,0,0,0,1,1,2096191,9,1271,0,0,0,39,7,4827580037,12555563048,12674688470
1790903335,45433580,103072505856,0,0,0,0,0,1,1,2108920,9,1271,0,0,0,39,7,4827580037,12555563048,12674688470
1790903336,45461780,103074254848,0,0,0,0,0,1,1,2108920,9,1271,0,0,0,39,7,4827580037,12555563048,12674688470
1790903338,45484816,103058284544,0,0,0,0,0,1,1,2121529,9,1271,0,0,0,39,7,4827580037,12555563048,12674688470
1790903339,45496396,103067795456,0,0,0,0,0,1,1,2121529,9,1271,0,0,0,39,7,4827580037,12555563048,12674688470
1790903340,45507040,103062339584,0,0,0,0,0,1,1,2134533,9,1271,0,0,0,39,7,4827580037,12555563048,12674688470
1790903341,45540852,103079092224,0,0,0,0,0,1,1,2134533,9,1271,0,0,0,39,7,4827580037,12555563048,12674688470
1790903342,45573464,103069609984,0,0,0,0,0,1,1,2147318,9,1271,0,0,0,39,7,4827580037,12555563048,12674688470
1790903343,45606648,103048429568,0,0,0,0,0,1,1,2147318,9,1271,0,0,0,39,7,4827580037,12555563048,12674688470
1790903344,45647260,103064178688,0,0,0,0,0,1,1,2160173,9,1271,0,0,0,39,7,4827580037,12555563048,12674688470
1790903345,45692912,103076896768,0,0,0,0,0,1,1,2160173,9,1271,0,0,0,39,7,4827580037,12555563048,12674688470
1790903346,45733348,103079149568,0,0,0,0,0,1,1,2173158,9,1271,0,0,0,39,7,4827580037,12555563048,12674688470
1790903347,45778708,103077552128,0,0,0,0,0,1,1,2173158,9,1271,0,0,0,39,7,4827580037,12555563048,12674688470
1790903348,45827192,103057817600,0,0,0,0,0,1,1,2186023,9,1271,0,0,0,39,7,4827580037,12555563048,12674688470
1790903349,45880216,103036932096,0,0,0,0,0,1,1,2186023,9,1271,0,0,0,39,7,4827580037,12555563048,12674688470
1790903350,45944152,103059664896,0,0,0,0,0,1,1,2198868,9,1271,0,0,0,39,7,4827580037,12555563048,12674688470
1790903351,46013584,103041986560,0,0,0,0,0,1,1,2198868,9,1271,0,0,0,39,7,4827580037,12555563048,12674688470
1790903352,46074380,103061884928,0,0,0,0,0,1,1,2211759,9,1271,0,0,0,39,7,4827580037,12555563048,12674688470
1790903353,46132468,103075016704,0,0,0,0,0,1,1,2211759,9,1271,0,0,0,39,7,4827580037,12555563048,12674688470
1790903354,46182324,103054884864,0,0,0,0,0,1,1,2224659,9,1271,0,0,0,39,7,4827580037,12555563048,12674688470
1790903355,46226876,103070867456,0,0,0,0,0,1,1,2224659,9,1271,0,0,0,39,7,4827580037,12555563048,12674688470
1790903356,46265688,103069949952,0,0,0,0,0,1,1,2237523,9,1271,0,0,0,39,7,4827580037,12555563048,12674688470
1790903357,46311868,103078019072,0,0,0,0,0,1,1,2250443,9,1271,0,0,0,39,7,4827580037,12555563048,12674688470
1790903358,46364184,103078236160,0,0,0,0,0,1,1,2250443,9,1271,0,0,0,39,7,4827580037,12555563048,12674688470
1790903360,46417620,103075971072,0,0,0,0,0,1,1,2263268,9,1271,0,0,0,39,7,4827580037,12555563048,12674688470
1790903361,46477948,103066898432,0,0,0,0,0,1,1,2263268,9,1271,0,0,0,39,7,4827580037,12555563048,12674688470
1790903362,46543972,103076241408,0,0,0,0,0,1,1,2276072,9,1271,0,0,0,39,7,4827580037,12555563048,12674688470
1790903363,46609288,103060713472,0,0,0,0,0,1,1,2276072,9,1271,0,0,0,39,7,4827580037,12555563048,12674688470
1790903364,46685476,103068172288,0,0,0,0,0,1,1,2288798,9,1271,0,0,0,39,7,4827580037,12555563048,12674688470
1790903365,46763820,103071805440,0,0,0,0,0,1,1,2288798,9,1271,0,0,0,39,7,4827580037,12555563048,12674688470
1790903366,46833604,103074734080,0,0,0,0,0,1,1,2301669,9,1271,0,0,0,39,7,4827580037,12555563048,12674688470
1790903367,46915128,103071047680,0,0,0,0,0,1,1,2301669,9,1271,0,0,0,39,7,4827580037,12555563048,12674688470
1790903368,46981368,103066206208,0,0,0,0,0,1,1,2314333,9,1271,0,0,0,39,7,4827580037,12555563048,12674688470
1790903369,47061536,103055699968,0,0,0,0,0,1,1,2314333,9,1271,0,0,0,39,7,4827580037,12555563048,12674688470
1790903370,47145532,103068487680,0,0,0,0,0,1,1,2327260,9,1271,0,0,0,39,7,4827580037,12555563048,12674688470
1790903371,47233380,103063883776,0,0,0,0,0,1,1,2327260,9,1271,0,0,0,39,7,4827580037,12555563048,12674688470
1790903372,47306820,103057567744,0,0,0,0,0,1,1,2340166,9,1271,0,0,0,39,7,4827580037,12555563048,12674688470
1790903373,47367884,103072129024,0,0,0,0,0,1,1,2340166,9,1271,0,0,0,39,7,4827580037,12555563048,12674688470
1790903374,47422540,103056130048,0,0,0,0,0,1,1,2352987,9,1271,0,0,0,39,7,4827580037,12555563048,12674688470
1790903375,47464032,103056814080,0,0,0,0,0,1,1,2352987,9,1271,0,0,0,39,7,4827580037,12555563048,12674688470
1790903376,47521668,103061094400,0,0,0,0,0,1,1,2365811,9,1271,0,0,0,39,7,4827580037,12555563048,12674688470
1790903377,47591956,103071981568,0,0,0,0,0,1,1,2365811,9,1271,0,0,0,39,7,4827580037,12555563048,12674688470
1790903378,47647556,103074930688,0,0,0,0,0,1,1,2378660,9,1271,0,0,0,39,7,4827580037,12555563048,12674688470
1790903380,47696108,103067234304,0,0,0,0,0,1,1,2391694,9,1271,0,0,0,39,7,4827580037,12555563048,12674688470
1790903381,47748708,103069446144,0,0,0,0,0,1,1,2391694,9,1271,0,0,0,39,7,4827580037,12555563048,12674688470
1790903382,47806264,103066689536,0,0,0,0,0,1,1,2404550,9,1271,0,0,0,39,7,4827580037,12555563048,12674688470
1790903383,47856356,103071920128,0,0,0,0,0,1,1,2404550,9,1271,0,0,0,39,7,4827580037,12555563048,12674688470
1790903384,47907128,103061843968,0,0,0,0,0,1,1,2417378,9,1271,0,0,0,39,7,4827580037,12555563048,12674688470
1790903385,47959464,103050289152,0,0,0,0,0,1,1,2417378,9,1271,0,0,0,39,7,4827580037,12555563048,12674688470
1790903386,48006868,103076634624,0,0,0,0,0,1,1,2430263,9,1271,0,0,0,39,7,4827580037,12555563048,12674688470
1790903387,48058464,103074979840,0,0,0,0,0,1,1,2430263,9,1271,0,0,0,39,7,4827580037,12555563048,12674688470
1790903388,48102256,103078760448,0,0,0,0,0,1,1,2443097,9,1271,0,0,0,39,7,4827580037,12555563048,12674688470
1790903389,48148820,103046574080,0,0,0,0,0,1,1,2443097,9,1271,0,0,0,39,7,4827580037,12555563048,12674688470
1790903390,48186416,103079038976,0,0,0,0,0,1,1,2455900,9,1271,0,0,0,39,7,4827580037,12555563048,12674688470
1790903391,48228636,103051284480,0,0,0,0,0,1,1,2455900,9,1271,0,0,0,39,7,4827580037,12555563048,12674688470
1790903392,48272332,103064760320,0,0,0,0,0,1,1,2468763,9,1271,0,0,0,39,7,4827580037,12555563048,12674688470
1790903393,48301072,103079043072,0,0,0,0,0,1,1,2468763,9,1271,0,0,0,39,7,4827580037,12555563048,12674688470
1790903394,48324832,103073181696,0,0,0,0,0,1,1,2481604,9,1271,0,0,0,39,7,4827580037,12555563048,12674688470
1790903395,48350632,103073415168,0,0,0,0,0,1,1,2481604,9,1271,0,0,0,39,7,4827580037,12555563048,12674688470
1790903396,48380524,103038652416,0,0,0,0,0,1,1,2494506,9,1271,0,0,0,39,7,4827580037,12555563048,12674688470
1790903397,48396884,103073865728,0,0,0,0,0,1,1,2494506,9,1271,0,0,0,39,7,4827580037,12555563048,12674688470
1790903398,48433920,103002333184,0,0,0,0,0,1,1,2507290,9,1271,0,0,0,39,7,4827580037,12555563048,12674688470
1790903399,48462772,103076732928,0,0,0,0,0,1,1,2507290,9,1271,0,0,0,39,7,4827580037,12555563048,12674688470
1790903401,48508124,103073607680,0,0,0,0,0,1,1,2520139,9,1271,0,0,0,39,7,4827580037,12555563048,12674688470
1790903402,48557104,103069347840,0,0,0,0,0,1,1,2532990,9,1271,0,0,0,39,7,4827580037,12555563048,12674688470
1790903403,48600348,103071424512,0,0,0,0,0,1,1,2532990,9,1271,0,0,0,39,7,4827580037,12555563048,12674688470
1790903404,48635380,103040147456,0,0,0,0,0,1,1,2545605,9,1271,0,0,0,39,7,4827580037,12555563048,12674688470
1790903405,48671096,103078436864,0,0,0,0,0,1,1,2545605,9,1271,0,0,0,39,7,4827580037,12555563048,12674688470
1790903406,48697316,103067422720,0,0,0,0,0,1,1,2558376,9,1271,0,0,0,39,7,4827580037,12555563048,12674688470
1790903407,48714372,103072014336,0,0,0,0,0,1,1,2558376,9,1271,0,0,0,39,7,4827580037,12555563048,12674688470
1790903408,48760356,103040868352,0,0,0,0,0,1,1,2571213,9,1271,0,0,0,39,7,4827580037,12555563048,12674688470
1790903409,48788524,103073390592,0,0,0,0,0,1,1,2571213,9,1271,0,0,0,39,7,4827580037,12555563048,12674688470
1790903410,48824520,103066341376,0,0,0,0,0,1,1,2584032,9,1271,0,0,0,39,7,4827580037,12555563048,12674688470
1790903411,48837024,103072452608,0,0,0,0,0,1,1,2584032,9,1271,0,0,0,39,7,4827580037,12555563048,12674688470
1790903412,48859716,103077986304,0,0,0,0,0,1,1,2596933,9,1271,0,0,0,39,7,4827580037,12555563048,12674688470
1790903413,48889636,103036551168,0,0,0,0,0,1,1,2596933,9,1271,0,0,0,39,7,4827580037,12555563048,12674688470
1790903414,48943628,103060951040,0,0,0,0,0,1,1,2609811,9,1271,0,0,0,39,7,4827580037,12555563048,12674688470
1790903415,48978028,103068622848,0,0,0,0,0,1,1,2609811,9,1271,0,0,0,39,7,4827580037,12555563048,12674688470
1790903416,49012712,103061372928,0,0,0,0,0,1,1,2622577,9,1271,0,0,0,39,7,4827580037,12555563048,12674688470
1790903417,49063608,103057842176,0,0,0,0,0,1,1,2622577,9,1271,0,0,0,39,7,4827580037,12555563048,12674688470
1790903418,49113164,103068573696,0,0,0,0,0,1,1,2635526,9,1271,0,0,0,39,7,4827580037,12555563048,12674688470
1790903419,49151392,103078502400,0,0,0,0,0,1,1,2635526,9,1271,0,0,0,39,7,4827580037,12555563048,12674688470
1790903420,49196916,103065796608,0,0,0,0,0,1,1,2648312,9,1271,0,0,0,39,7,4827580037,12555563048,12674688470
1790903421,49237940,103060107264,0,0,0,0,0,1,1,2648312,9,1271,0,0,0,39,7,4827580037,12555563048,12674688470
1790903423,49289148,103051837440,0,0,0,0,0,1,1,2661129,9,1271,0,0,0,39,7,4827580037,12555563048,12674688470
1790903424,49341448,103075880960,0,0,0,0,0,1,1,2661129,9,1271,0,0,0,39,7,4827580037,12555563048,12674688470
1790903425,49389668,103067897856,0,0,0,0,0,1,1,2673941,9,1271,0,0,0,39,7,4827580037,12555563048,12674688470
1790903426,49436548,103061553152,0,0,0,0,0,1,1,2686759,9,1271,0,0,0,39,7,4827580037,12555563048,12674688470
1790903427,49489000,103061962752,0,0,0,0,0,1,1,2686759,9,1271,0,0,0,39,7,4827580037,12555563048,12674688470
1790903428,49531844,103070646272,0,0,0,0,0,1,1,2699638,9,1271,0,0,0,39,7,4827580037,12555563048,12674688470
1790903429,49576628,103059918848,0,0,0,0,0,1,1,2699638,9,1271,0,0,0,39,7,4827580037,12555563048,12674688470
1790903430,49636208,103079034880,0,0,0,0,0,1,1,2712445,9,1271,0,0,0,39,7,4827580037,12555563048,12674688470
1790903431,49708952,103077269504,0,0,0,0,0,1,1,2712445,9,1271,0,0,0,39,7,4827580037,12555563048,12674688470
1790903432,49790308,103060033536,0,0,0,0,0,1,1,2725173,9,1271,0,0,0,39,7,4827580037,12555563048,12674688470
1790903433,49864812,103051845632,0,0,0,0,0,1,1,2725173,9,1271,0,0,0,39,7,4827580037,12555563048,12674688470
1790903434,49913128,103050706944,0,0,0,0,0,1,1,2738065,9,1271,0,0,0,39,7,4827580037,12555563048,12674688470
1790903435,49964880,103068114944,0,0,0,0,0,1,1,2738065,9,1271,0,0,0,39,7,4827580037,12555563048,12674688470
1790903436,49996672,103064907776,0,0,0,0,0,1,1,2750921,9,1271,0,0,0,39,7,4827580037,12555563048,12674688470
1790903437,50040284,103068241920,0,0,0,0,0,1,1,2750921,9,1271,0,0,0,39,7,4827580037,12555563048,12674688470
1790903438,50069248,103067840512,0,0,0,0,0,1,1,2763732,9,1271,0,0,0,39,7,4827580037,12555563048,12674688470
1790903439,50112084,103058452480,0,0,0,0,0,1,1,2763732,9,1271,0,0,0,39,7,4827580037,12555563048,12674688470
1790903440,50129628,103050174464,0,0,0,0,0,1,1,2776556,9,1271,0,0,0,39,7,4827580037,12555563048,12674688470
1790903441,50159268,103059402752,0,0,0,0,0,1,1,2776556,9,1271,0,0,0,39,7,4827580037,12555563048,12674688470
1790903442,50183056,103039602688,0,0,0,0,0,1,1,2789362,9,1271,0,0,0,39,7,4827580037,12555563048,12674688470
1790903444,50211272,103060549632,0,0,0,0,0,1,1,2789362,9,1271,0,0,0,39,7,4827580037,12555563048,12674688470
1790903445,50225788,103074975744,0,0,0,0,0,1,1,2802197,9,1271,0,0,0,39,7,4827580037,12555563048,12674688470
1790903446,50259048,103051616256,0,0,0,0,0,1,1,2802197,9,1271,0,0,0,39,7,4827580037,12555563048,12674688470
1790903447,50287312,103079141376,0,0,0,0,0,1,1,2814845,9,1271,0,0,0,39,7,4827580037,12555563048,12674688470
1790903448,50319616,103061078016,0,0,0,0,0,1,1,2827774,9,1271,0,0,0,39,7,4827580037,12555563048,12674688470
1790903449,50350428,103069044736,0,0,0,0,0,1,1,2827774,9,1271,0,0,0,39,7,4827580037,12555563048,12674688470
1790903450,50387540,103059841024,0,0,0,0,0,1,1,2840652,9,1271,0,0,0,39,7,4827580037,12555563048,12674688470
1790903451,50421620,103057612800,0,0,0,0,0,1,1,2840652,9,1271,0,0,0,39,7,4827580037,12555563048,12674688470
1790903452,50452760,103078371328,0,0,0,0,0,1,1,2853431,9,1271,0,0,0,39,7,4827580037,12555563048,12674688470
1790903453,50485740,103076585472,0,0,0,0,0,1,1,2853431,9,1271,0,0,0,39,7,4827580037,12555563048,12674688470
1790903454,50506292,103069069312,0,0,0,0,0,1,1,2866309,9,1271,0,0,0,39,7,4827580037,12555563048,12674688470
1790903455,50526068,103061696512,0,0,0,0,0,1,1,2866309,9,1271,0,0,0,39,7,4827580037,12555563048,12674688470
1790903456,50556620,103073275904,0,0,0,0,0,1,1,2879107,9,1271,0,0,0,39,7,4827580037,12555563048,12674688470
1790903457,50593620,103074328576,0,0,0,0,0,1,1,2879107,9,1271,0,0,0,39,7,4827580037,12555563048,12674688470
1790903458,50631596,103065477120,0,0,0,0,0,1,1,2891977,9,1271,0,0,0,39,7,4827580037,12555563048,12674688470
1790903459,50679856,103062654976,0,0,0,0,0,1,1,2891977,9,1271,0,0,0,39,7,4827580037,12555563048,12674688470
1790903460,50725160,103067848704,0,0,0,0,0,1,1,2904817,9,1271,0,0,0,39,7,4827580037,12555563048,12674688470
1790903461,50766764,103076454400,0,0,0,0,0,1,1,2904817,9,1271,0,0,0,39,7,4827580037,12555563048,12674688470
1790903462,50819100,103077535744,0,0,0,0,0,1,1,2917625,9,1271,0,0,0,39,7,4827580037,12555563048,12674688470
1790903463,50864256,103053348864,0,0,0,0,0,1,1,2917625,9,1271,0,0,0,39,7,4827580037,12555563048,12674688470
1790903465,50917756,103070294016,0,0,0,0,0,1,1,2930420,9,1271,0,0,0,39,7,4827580037,12555563048,12674688470
1790903466,50970324,103073849344,0,0,0,0,0,1,1,2930420,9,1271,0,0,0,39,7,4827580037,12555563048,12674688470
1790903467,51007084,103078305792,0,0,0,0,0,1,1,2943333,9,1271,0,0,0,39,7,4827580037,12555563048,12674688470
1790903468,51059128,103068180480,0,0,0,0,0,1,1,2943333,9,1271,0,0,0,39,7,4827580037,12555563048,12674688470
1790903469,51099932,103077142528,0,0,0,0,0,1,1,2956103,9,1271,0,0,0,39,7,4827580037,12555563048,12674688470
1790903470,51135340,103035326464,0,0,0,0,0,1,1,2956103,9,1271,0,0,0,39,7,4827580037,12555563048,12674688470
1790903471,51182944,103079006208,0,0,0,0,0,1,1,2969018,9,1271,0,0,0,39,7,4827580037,12555563048,12674688470
1790903472,51209604,103048327168,0,0,0,0,0,1,1,2981793,9,1271,0,0,0,39,7,4827580037,12555563048,12674688470
1790903473,51231680,103057207296,0,0,0,0,0,1,1,2981793,9,1271,0,0,0,39,7,4827580037,12555563048,12674688470
1790903474,51265056,103067779072,0,0,0,0,0,1,1,2994599,9,1271,0,0,0,39,7,4827580037,12555563048,12674688470
1790903475,51295648,103076569088,0,0,0,0,0,1,1,2994599,9,1271,0,0,0,39,7,4827580037,12555563048,12674688470
1790903476,51313652,103072444416,0,0,0,0,0,1,1,3007421,9,1271,0,0,0,39,7,4827580037,12555563048,12674688470
1790903477,51342924,103073927168,0,0,0,0,0,1,1,3007421,9,1271,0,0,0,39,7,4827580037,12555563048,12674688470
1790903478,51359492,103060500480,0,0,0,0,0,1,1,3020290,9,1271,0,0,0,39,7,4827580037,12555563048,12674688470
1790903479,51383968,103046221824,0,0,0,0,0,1,1,3020290,9,1271,0,0,0,39,7,4827580037,12555563048,12674688470
1790903480,51398372,103078973440,0,0,0,0,0,1,1,3033219,9,1271,0,0,0,39,7,4827580037,12555563048,12674688470
1790903481,51427104,103039590400,0,0,0,0,0,1,1,3033219,9,1271,0,0,0,39,7,4827580037,12555563048,12674688470
1790903482,51442588,103049367552,0,0,0,0,0,1,1,3046121,9,1271,0,0,0,39,7,4827580037,12555563048,12674688470
1790903483,51467284,103077240832,0,0,0,0,0,1,1,3046121,9,1271,0,0,0,39,7,4827580037,12555563048,12674688470
1790903484,51500620,103077048320,0,0,0,0,0,1,1,3059077,9,1271,0,0,0,39,7,4827580037,12555563048,12674688470
1790903486,51529884,103078936576,0,0,0,0,0,1,1,3059077,9,1271,0,0,0,39,7,4827580037,12555563048,12674688470
1790903487,51556344,103050432512,0,0,0,0,0,1,1,3071875,9,1271,0,0,0,39,7,4827580037,12555563048,12674688470
1790903488,51575344,103071797248,0,0,0,0,0,1,1,3071875,9,1271,0,0,0,39,7,4827580037,12555563048,12674688470
1790903489,51596956,103068364800,0,0,0,0,0,1,1,3084497,9,1271,0,0,0,39,7,4827580037,12555563048,12674688470
1790903490,51629472,103022653440,0,0,0,0,0,1,1,3084497,9,1271,0,0,0,39,7,4827580037,12555563048,12674688470
1790903491,51666232,103077699584,0,0,0,0,0,1,1,3097341,9,1271,0,0,0,39,7,4827580037,12555563048,12674688470
1790903492,51712700,103077113856,0,0,0,0,0,1,1,3097341,9,1271,0,0,0,39,7,4827580037,12555563048,12674688470
1790903493,51741796,103075430400,0,0,0,0,0,1,1,3110247,9,1271,0,0,0,39,7,4827580037,12555563048,12674688470
1790903494,51797684,103078039552,0,0,0,0,0,1,1,3123127,9,1271,0,0,0,39,7,4827580037,12555563048,12674688470
1790903495,51842160,103065903104,0,0,0,0,0,1,1,3123127,9,1271,0,0,0,39,7,4827580037,12555563048,12674688470
1790903496,51872012,103053033472,0,0,0,0,0,1,1,3136054,9,1271,0,0,0,39,7,4827580037,12555563048,12674688470
1790903497,51911816,103077199872,0,0,0,0,0,1,1,3136054,9,1271,0,0,0,39,7,4827580037,12555563048,12674688470
1790903498,51951388,103067947008,0,0,0,0,0,1,1,3148902,9,1271,0,0,0,39,7,4827580037,12555563048,12674688470
1790903499,51995684,103061696512,0,0,0,0,0,1,1,3148902,9,1271,0,0,0,39,7,4827580037,12555563048,12674688470
1790903500,52045704,103076003840,0,0,0,0,0,1,1,3161786,9,1271,0,0,0,39,7,4827580037,12555563048,12674688470
1790903501,52089920,103072882688,0,0,0,0,0,1,1,3161786,9,1271,0,0,0,39,7,4827580037,12555563048,12674688470
1790903502,52142760,103053230080,0,0,0,0,0,1,1,3174511,9,1271,0,0,0,39,7,4827580037,12555563048,12674688470
1790903503,52194132,103063416832,0,0,0,0,0,1,1,3174511,9,1271,0,0,0,39,7,4827580037,12555563048,12674688470
1790903504,52227988,103070924800,0,0,0,0,0,1,1,3187353,9,1271,0,0,0,39,7,4827580037,12555563048,12674688470
1790903505,52271144,103070748672,0,0,0,0,0,1,1,3187353,9,1271,0,0,0,39,7,4827580037,12555563048,12674688470
1790903506,52316892,103062806528,0,0,0,0,0,1,1,3200221,9,1271,0,0,0,39,7,4827580037,12555563048,12674688470
1790903508,52370840,103070220288,0,0,0,0,0,1,1,3200221,9,1271,0,0,0,39,7,4827580037,12555563048,12674688470
1790903509,52414324,103060549632,0,0,0,0,0,1,1,3213097,9,1271,0,0,0,39,7,4827580037,12555563048,12674688470
1790903510,52467724,103066828800,0,0,0,0,0,1,1,3213097,9,1271,0,0,0,39,7,4827580037,12555563048,12674688470
1790903511,52516804,103076179968,0,0,0,0,0,1,1,3225932,9,1271,0,0,0,39,7,4827580037,12555563048,12674688470
1790903512,52571956,103075418112,0,0,0,0,0,1,1,3225932,9,1271,0,0,0,39,7,4827580037,12555563048,12674688470
1790903513,52616228,103071928320,0,0,0,0,0,1,1,3238716,9,1271,0,0,0,39,7,4827580037,12555563048,12674688470
1790903514,52653520,103057354752,0,0,0,0,0,1,1,3238716,9,1271,0,0,0,39,7,4827580037,12555563048,12674688470
1790903515,52697580,103061417984,0,0,0,0,0,1,1,3251481,9,1271,0,0,0,39,7,4827580037,12555563048,12674688470
1790903516,52741412,103072710656,0,0,0,0,0,1,1,3264265,9,1271,0,0,0,39,7,4827580037,12555563048,12674688470
1790903517,52771784,103069126656,0,0,0,0,0,1,1,3264265,9,1271,0,0,0,39,7,4827580037,12555563048,12674688470
1790903518,52800108,103012962304,0,0,0,0,0,1,1,3276747,9,1271,0,0,0,39,7,4827580037,12555563048,12674688470
1790903519,52842084,103078068224,0,0,0,0,0,1,1,3276747,9,1271,0,0,0,39,7,4827580037,12555563048,12674688470
1790903520,52892896,103074283520,0,0,0,0,0,1,1,3289528,9,1271,0,0,0,39,7,4827580037,12555563048,12674688470
1790903521,52927920,103078608896,0,0,0,0,0,1,1,3289528,9,1271,0,0,0,39,7,4827580037,12555563048,12674688470
1790903522,52985316,103076757504,0,0,0,0,0,1,1,3302270,9,1271,0,0,0,39,7,4827580037,12555563048,12674688470
1790903523,53026396,103076794368,0,0,0,0,0,1,1,3302270,9,1271,0,0,0,39,7,4827580037,12555563048,12674688470
1790903524,53049092,103077691392,0,0,0,0,0,1,1,3315089,9,1271,0,0,0,39,7,4827580037,12555563048,12674688470
1790903525,53075252,103065149440,0,0,0,0,0,1,1,3315089,9,1271,0,0,0,39,7,4827580037,12555563048,12674688470
1790903526,53107188,103066300416,0,0,0,0,0,1,1,3327954,9,1271,0,0,0,39,7,4827580037,12555563048,12674688470
1790903527,53134864,103054868480,0,0,0,0,0,1,1,3327954,9,1271,0,0,0,39,7,4827580037,12555563048,12674688470
1790903529,53162784,103067983872,0,0,0,0,0,1,1,3340786,9,1271,0,0,0,39,7,4827580037,12555563048,12674688470
1790903530,53194004,103049203712,0,0,0,0,0,1,1,3340786,9,1271,0,0,0,39,7,4827580037,12555563048,12674688470
1790903531,53222632,103078461440,0,0,0,0,0,1,1,3353571,9,1271,0,0,0,39,7,4827580037,12555563048,12674688470
1790903532,53248348,103077302272,0,0,0,0,0,1,1,3353571,9,1271,0,0,0,39,7,4827580037,12555563048,12674688470
1790903533,53277856,103062528000,0,0,0,0,0,1,1,3366344,9,1271,0,0,0,39,7,4827580037,12555563048,12674688470
1790903534,53305384,103075033088,0,0,0,0,0,1,1,3366344,9,1271,0,0,0,39,7,4827580037,12555563048,12674688470
1790903535,53324428,103061020672,0,0,0,0,0,1,1,3379077,9,1271,0,0,0,39,7,4827580037,12555563048,12674688470
1790903536,53364796,103052849152,0,0,0,0,0,1,1,3379077,9,1271,0,0,0,39,7,4827580037,12555563048,12674688470
1790903537,53406448,103049822208,0,0,0,0,0,2,2,3391588,9,1271,1,0,1,39,7,4827580037,12555563048,12674688470
1790903538,53423544,103068770304,0,0,0,0,0,2,2,3391588,9,1271,1,0,1,39,7,4827580037,12555563048,12674688470
1790903539,53447352,103067316224,0,0,0,0,0,2,2,3403378,9,1274,1,0,1,39,7,4827580037,12555563048,12674688470
1790903540,53450876,103077703680,0,0,0,0,0,2,2,3415145,9,1279,1,0,1,39,7,4827580037,12555563048,12674688470
1790903541,53465812,103078326272,0,0,0,0,0,2,2,3415145,9,1279,1,0,1,39,7,4827580037,12555563048,12674688470
1790903542,53476504,103062609920,0,0,0,0,0,2,2,3426935,9,1287,1,0,1,39,7,4827580037,12555563048,12674688470
1790903543,53504104,103078957056,0,0,0,0,0,2,2,3426935,9,1287,1,0,1,39,7,4827580037,12555563048,12674688470
1790903544,53528364,103058173952,0,0,0,0,0,2,2,3438609,9,1295,1,0,1,39,7,4827580037,12555563048,12674688470
1790903545,53561016,103066632192,0,0,0,0,0,2,2,3438609,9,1295,1,0,1,39,7,4827580037,12555563048,12674688470
1790903546,53596964,103075127296,0,0,0,0,0,2,2,3450030,9,1303,1,0,1,39,7,4827580037,12555563048,12674688470
1790903547,53637484,103075958784,0,0,0,0,0,2,2,3450030,9,1303,1,0,1,39,7,4827580037,12555563048,12674688470
1790903548,53686956,103060611072,0,0,0,0,0,2,2,3461619,9,1307,1,0,1,39,7,4827580037,12555563048,12674688470
1790903550,53731444,103054540800,0,0,0,0,0,2,2,3461619,9,1307,1,0,1,39,7,4827580037,12555563048,12674688470
1790903551,53765104,103072854016,0,0,0,0,0,2,2,3472969,9,1307,1,0,1,39,7,4827580037,12555563048,12674688470
1790903552,53807780,103078993920,0,0,0,0,0,2,2,3472969,9,1307,1,0,1,39,7,4827580037,12555563048,12674688470
1790903553,53841240,103066181632,0,0,0,0,0,2,2,3484478,9,1307,1,0,1,39,7,4827580037,12555563048,12674688470
1790903554,53873912,103069548544,0,0,0,0,0,2,2,3484478,9,1307,1,0,1,39,7,4827580037,12555563048,12674688470
1790903555,53893880,103048843264,0,0,0,0,0,2,2,3495754,9,1307,1,0,1,39,7,4827580037,12555563048,12674688470
1790903556,53926452,103078187008,0,0,0,0,0,2,2,3495754,9,1307,1,0,1,39,7,4827580037,12555563048,12674688470
1790903557,50946876,100364640256,0,0,0,0,0,2,2,3507235,9,1308,1,0,1,39,7,4827580037,12555563048,12674688470
1790903558,50064348,100704911360,0,0,0,0,0,2,2,3507235,9,1308,1,0,1,39,7,4827580037,12555563048,12674688470
1790903559,49897392,101630558208,0,0,0,0,0,2,2,3513489,11,1313,0,5,0,77,8,9653492052,12558939921,12681445384
1790903560,49540152,102447902720,0,0,0,0,0,2,2,3513489,11,1313,0,5,0,77,8,9653492052,12558939921,12681445384
1790903561,48984924,103042928640,0,0,0,0,0,2,2,3519033,11,1322,0,5,0,77,8,9653492052,12558939921,12681445384
1790903562,48329704,103077150720,0,0,0,0,0,2,2,3523200,11,1344,0,5,0,77,8,9653492052,12558939921,12681445384
1790903563,47558704,103059775488,0,0,0,0,0,2,2,3523200,11,1344,0,5,0,77,8,9653492052,12558939921,12681445384
1790903564,46881212,103056162816,0,0,0,0,0,2,2,3528860,11,1354,0,5,0,77,8,9653492052,12558939921,12681445384
1790903565,46250516,103073767424,0,0,0,0,0,2,2,3528860,11,1354,0,5,0,77,8,9653492052,12558939921,12681445384
1790903566,45879840,103001870336,0,0,0,0,0,2,2,3534450,11,1370,0,5,0,77,8,9653492052,12558939921,12681445384
1790903568,45816220,103073189888,0,0,0,0,0,2,2,3534450,11,1370,0,5,0,77,8,9653492052,12558939921,12681445384
1790903569,45826440,103060029440,0,0,0,0,0,2,2,3540058,11,1395,0,5,0,77,8,9653492052,12558939921,12681445384
1790903570,45828652,103062192128,0,0,0,0,0,2,2,3540058,11,1395,0,5,0,77,8,9653492052,12558939921,12681445384
1790903571,45801852,103041716224,0,0,0,0,0,2,2,3545710,11,1401,0,5,0,77,8,9653492052,12558939921,12681445384
1790903572,45826432,103079014400,0,0,0,0,0,2,2,3545710,11,1401,0,5,0,77,8,9653492052,12558939921,12681445384
1790903573,45828256,103051874304,0,0,0,0,0,2,2,3551536,11,1419,0,5,0,77,8,9653492052,12558939921,12681445384
1790903574,45812188,103061200896,0,0,0,0,0,2,2,3551536,11,1419,0,5,0,77,8,9653492052,12558939921,12681445384
1790903575,45843076,103079178240,0,0,0,0,0,2,2,3557807,11,1436,0,5,0,77,8,9653492052,12558939921,12681445384
1790903576,45869252,103078170624,0,0,0,0,0,2,2,3557807,11,1436,0,5,0,77,8,9653492052,12558939921,12681445384
1790903577,45915416,98703650816,0,0,0,0,0,2,2,3566469,12,1410,0,4,0,77,9,9653492052,14997848875,15147707143
1790903578,45966588,97833299968,0,0,0,0,0,2,2,3566469,12,1410,0,4,0,77,9,9653492052,14997848875,15147707143
1790903579,46021788,99597533184,0,0,0,0,0,2,2,3572757,15,1310,0,1,0,77,12,9653492052,20734409534,21045879077
1790903580,46067312,101359476736,0,0,0,0,0,2,2,3577657,15,1315,0,1,0,77,12,9653492052,20734409534,21045879077
1790903581,46092304,103068917760,0,0,0,0,0,2,2,3577657,15,1315,0,1,0,77,12,9653492052,20734409534,21045879077
1790903582,46114360,103034535936,0,0,0,0,0,2,2,3581723,15,1337,0,1,0,77,12,9653492052,20734409534,21045879077
1790903583,46144828,103068372992,0,0,0,0,0,2,2,3581723,15,1337,0,1,0,77,12,9653492052,20734409534,21045879077
1790903585,46172244,103057076224,0,0,0,0,0,2,2,3587256,15,1351,0,1,0,77,12,9653492052,20734409534,21045879077
1790903586,46179224,103070789632,0,0,0,0,0,2,2,3587256,15,1351,0,1,0,77,12,9653492052,20734409534,21045879077
1790903587,46128876,103075590144,0,0,0,0,0,2,2,3592723,15,1362,0,1,0,77,12,9653492052,20734409534,21045879077
1790903588,46161636,103044345856,0,0,0,0,0,2,2,3592723,15,1362,0,1,0,77,12,9653492052,20734409534,21045879077
1790903589,46161312,103077957632,0,0,0,0,0,2,2,3597088,15,1375,0,1,0,77,12,9653492052,20734409534,21045879077
1790903590,46152752,103075672064,0,0,0,0,0,2,2,3597088,15,1375,0,1,0,77,12,9653492052,20734409534,21045879077
1790903591,46182916,103075328000,0,0,0,0,0,2,2,3601915,15,1387,0,1,0,77,12,9653492052,20734409534,21045879077
1790903592,46179820,103072235520,0,0,0,0,0,2,2,3601915,15,1387,0,1,0,77,12,9653492052,20734409534,21045879077
1790903593,46203932,103071068160,0,0,0,0,0,2,2,3608232,15,1395,0,1,0,77,12,9653492052,20734409534,21045879077
1790903594,46203980,103056633856,0,0,0,0,0,2,2,3608232,15,1395,0,1,0,77,12,9653492052,20734409534,21045879077
1790903595,46238444,102113411072,0,0,0,0,0,2,2,3616496,15,1405,0,1,0,77,12,9653492052,20734409534,21045879077
1790903596,46276260,98608443392,0,0,0,0,0,2,2,3616496,15,1405,0,1,0,77,12,9653492052,20734409534,21045879077
1790903597,46319460,97828196352,0,0,0,0,0,2,2,3625506,18,1365,0,0,0,77,15,9653492052,28701575621,29154251216
1790903598,46385800,96936271872,0,0,0,0,0,2,2,3625506,18,1365,0,0,0,77,15,9653492052,28701575621,29154251216
1790903599,46463696,97630404608,0,0,0,0,0,2,2,3636369,20,1289,0,0,0,77,17,9653492052,33612051263,34149486268
1790903600,46533388,98297331712,0,0,0,0,0,2,2,3648832,20,1289,0,0,0,77,17,9653492052,33612051263,34149486268
1790903601,46582284,98936877056,0,0,0,0,0,2,2,3648832,20,1289,0,0,0,77,17,9653492052,33612051263,34149486268
1790903603,46637852,99570339840,0,0,0,0,0,2,2,3661495,20,1289,0,0,0,77,17,9653492052,33612051263,34149486268
1790903604,46680652,100202811392,0,0,0,0,0,2,2,3661495,20,1289,0,0,0,77,17,9653492052,33612051263,34149486268
1790903605,46699812,100803280896,0,0,0,0,0,2,2,3674148,20,1289,0,0,0,77,17,9653492052,33612051263,34149486268
1790903606,46740064,101409886208,0,0,0,0,0,2,2,3674148,20,1289,0,0,0,77,17,9653492052,33612051263,34149486268
1790903607,46781496,102031720448,0,0,0,0,0,2,2,3687040,20,1289,0,0,0,77,17,9653492052,33612051263,34149486268
1790903608,46809492,102627737600,0,0,0,0,0,2,2,3687040,20,1289,0,0,0,77,17,9653492052,33612051263,34149486268
1790903609,46810112,103075639296,0,0,0,0,0,2,2,3699908,20,1289,0,0,0,77,17,9653492052,33612051263,34149486268
1790903610,46819656,103071035392,0,0,0,0,0,2,2,3699908,20,1289,0,0,0,77,17,9653492052,33612051263,34149486268
1790903611,46832264,103074476032,0,0,0,0,0,2,2,3712701,20,1289,0,0,0,77,17,9653492052,33612051263,34149486268
1790903612,46842364,103078744064,0,0,0,0,0,2,2,3712701,20,1289,0,0,0,77,17,9653492052,33612051263,34149486268
1790903613,46845916,103060287488,0,0,0,0,0,2,2,3725434,20,1289,0,0,0,77,17,9653492052,33612051263,34149486268
1790903614,46846500,103056887808,0,0,0,0,0,2,2,3725434,20,1289,0,0,0,77,17,9653492052,33612051263,34149486268
1790903615,46865112,103074029568,0,0,0,0,0,2,2,3738143,20,1289,0,0,0,77,17,9653492052,33612051263,34149486268
1790903616,46876008,103068823552,0,0,0,0,0,2,2,3738143,20,1289,0,0,0,77,17,9653492052,33612051263,34149486268
1790903617,46893640,103015866368,0,0,0,0,0,2,2,3750897,20,1289,0,0,0,77,17,9653492052,33612051263,34149486268
1790903618,46897888,103057715200,0,0,0,0,0,2,2,3750897,20,1289,0,0,0,77,17,9653492052,33612051263,34149486268
1790903619,46896752,103068569600,0,0,0,0,0,2,2,3763790,20,1289,0,0,0,77,17,9653492052,33612051263,34149486268
1790903620,46913804,103043117056,0,0,0,0,0,2,2,3763790,20,1289,0,0,0,77,17,9653492052,33612051263,34149486268
1790903621,46917736,103076675584,0,0,0,0,0,2,2,3775689,20,1289,0,0,0,77,17,9653492052,33612051263,34149486268
1790903622,46943440,103043788800,0,0,0,0,0,2,2,3788629,20,1289,0,0,0,77,17,9653492052,33612051263,34149486268
1790903624,46974340,103038271488,0,0,0,0,0,2,2,3788629,20,1289,0,0,0,77,17,9653492052,33612051263,34149486268
1790903625,46991192,103061041152,0,0,0,0,0,2,2,3801432,20,1289,0,0,0,77,17,9653492052,33612051263,34149486268
1790903626,47016608,103061114880,0,0,0,0,0,2,2,3801432,20,1289,0,0,0,77,17,9653492052,33612051263,34149486268
1790903627,47032024,103066873856,0,0,0,0,0,2,2,3813292,20,1289,0,0,0,77,17,9653492052,33612051263,34149486268
1790903628,47069120,103056408576,0,0,0,0,0,2,2,3813292,20,1289,0,0,0,77,17,9653492052,33612051263,34149486268
1790903629,47104036,103053701120,0,0,0,0,0,2,2,3826034,20,1289,0,0,0,77,17,9653492052,33612051263,34149486268
1790903630,47153280,103066857472,0,0,0,0,0,2,2,3826034,20,1289,0,0,0,77,17,9653492052,33612051263,34149486268
1790903631,47197476,103050891264,0,0,0,0,0,2,2,3838990,20,1289,0,0,0,77,17,9653492052,33612051263,34149486268
1790903632,47232828,103047073792,0,0,0,0,0,2,2,3838990,20,1289,0,0,0,77,17,9653492052,33612051263,34149486268
1790903633,47266432,103036616704,0,0,0,0,0,2,2,3851867,20,1289,0,0,0,77,17,9653492052,33612051263,34149486268
1790903634,47305236,103078248448,0,0,0,0,0,2,2,3851867,20,1289,0,0,0,77,17,9653492052,33612051263,34149486268
1790903635,47324056,103075991552,0,0,0,0,0,2,2,3864701,20,1289,0,0,0,77,17,9653492052,33612051263,34149486268
1790903636,47362640,103057043456,0,0,0,0,0,2,2,3864701,20,1289,0,0,0,77,17,9653492052,33612051263,34149486268
1790903637,47387004,103073517568,0,0,0,0,0,2,2,3877647,20,1289,0,0,0,77,17,9653492052,33612051263,34149486268
1790903638,47432168,103063810048,0,0,0,0,0,2,2,3877647,20,1289,0,0,0,77,17,9653492052,33612051263,34149486268
1790903639,47467496,103062630400,0,0,0,0,0,2,2,3890432,20,1289,0,0,0,77,17,9653492052,33612051263,34149486268
1790903640,47513704,103068676096,0,0,0,0,0,2,2,3890432,20,1289,0,0,0,77,17,9653492052,33612051263,34149486268
1790903641,47566400,103069646848,0,0,0,0,0,2,2,3903192,20,1289,0,0,0,77,17,9653492052,33612051263,34149486268
1790903642,47598464,103065219072,0,0,0,0,0,2,2,3903192,20,1289,0,0,0,77,17,9653492052,33612051263,34149486268
1790903643,47647972,103074418688,0,0,0,0,0,2,2,3915882,20,1289,0,0,0,77,17,9653492052,33612051263,34149486268
1790903645,47698096,103073390592,0,0,0,0,0,2,2,3928674,20,1289,0,0,0,77,17,9653492052,33612051263,34149486268
1790903646,47740328,103039356928,0,0,0,0,0,2,2,3928674,20,1289,0,0,0,77,17,9653492052,33612051263,34149486268
1790903647,47778308,103027802112,0,0,0,0,0,2,2,3941429,20,1289,0,0,0,77,17,9653492052,33612051263,34149486268
1790903648,47814044,103060004864,0,0,0,0,0,2,2,3941429,20,1289,0,0,0,77,17,9653492052,33612051263,34149486268
1790903649,47856460,103049777152,0,0,0,0,0,2,2,3954132,20,1289,0,0,0,77,17,9653492052,33612051263,34149486268
1790903650,47895248,103076319232,0,0,0,0,0,2,2,3954132,20,1289,0,0,0,77,17,9653492052,33612051263,34149486268
1790903651,47943032,103076581376,0,0,0,0,0,2,2,3966941,20,1289,0,0,0,77,17,9653492052,33612051263,34149486268
1790903652,47983068,103072776192,0,0,0,0,0,2,2,3966941,20,1289,0,0,0,77,17,9653492052,33612051263,34149486268
1790903653,48007372,103059353600,0,0,0,0,0,2,2,3979500,20,1289,0,0,0,77,17,9653492052,33612051263,34149486268
1790903654,48041144,103062499328,0,0,0,0,0,2,2,3979500,20,1289,0,0,0,77,17,9653492052,33612051263,34149486268
1790903655,48053104,103057002496,0,0,0,0,0,2,2,3992351,20,1289,0,0,0,77,17,9653492052,33612051263,34149486268
1790903656,48066984,103063719936,0,0,0,0,0,2,2,3992351,20,1289,0,0,0,77,17,9653492052,33612051263,34149486268
1790903657,48094864,103071539200,0,0,0,0,0,2,2,4005052,20,1289,0,0,0,77,17,9653492052,33612051263,34149486268
1790903658,48133484,103076704256,0,0,0,0,0,2,2,4005052,20,1289,0,0,0,77,17,9653492052,33612051263,34149486268
1790903659,48175504,103063150592,0,0,0,0,0,2,2,4017723,20,1289,0,0,0,77,17,9653492052,33612051263,34149486268
1790903660,48222268,103066763264,0,0,0,0,0,2,2,4017723,20,1289,0,0,0,77,17,9653492052,33612051263,34149486268
1790903661,48257144,103075565568,0,0,0,0,0,2,2,4030560,20,1289,0,0,0,77,17,9653492052,33612051263,34149486268
1790903662,48317968,103074504704,0,0,0,0,0,2,2,4030560,20,1289,0,0,0,77,17,9653492052,33612051263,34149486268
1790903663,48379196,103072481280,0,0,0,0,0,2,2,4043170,20,1289,0,0,0,77,17,9653492052,33612051263,34149486268
1790903664,48439900,103076175872,0,0,0,0,0,2,2,4043170,20,1289,0,0,0,77,17,9653492052,33612051263,34149486268
1790903666,48484832,103070982144,0,0,0,0,0,2,2,4055774,20,1289,0,0,0,77,17,9653492052,33612051263,34149486268
1790903667,48519088,103068041216,0,0,0,0,0,2,2,4055774,20,1289,0,0,0,77,17,9653492052,33612051263,34149486268
1790903668,48559760,103057981440,0,0,0,0,0,2,2,4068455,20,1289,0,0,0,77,17,9653492052,33612051263,34149486268
1790903669,48610528,103066845184,0,0,0,0,0,2,2,4081294,20,1289,0,0,0,77,17,9653492052,33612051263,34149486268
1790903670,48645756,103072268288,0,0,0,0,0,2,2,4081294,20,1289,0,0,0,77,17,9653492052,33612051263,34149486268
1790903671,48690128,103057780736,0,0,0,0,0,2,2,4094034,20,1289,0,0,0,77,17,9653492052,33612051263,34149486268
1790903672,48739488,103063793664,0,0,0,0,0,2,2,4094034,20,1289,0,0,0,77,17,9653492052,33612051263,34149486268
1790903673,48771652,103043629056,0,0,0,0,0,2,2,4106791,20,1289,0,0,0,77,17,9653492052,33612051263,34149486268
1790903674,48805680,103073148928,0,0,0,0,0,2,2,4106791,20,1289,0,0,0,77,17,9653492052,33612051263,34149486268
1790903675,48831580,103063007232,0,0,0,0,0,2,2,4119458,20,1289,0,0,0,77,17,9653492052,33612051263,34149486268
1790903676,48858960,103060963328,0,0,0,0,0,2,2,4119458,20,1289,0,0,0,77,17,9653492052,33612051263,34149486268
1790903677,48879044,103056732160,0,0,0,0,0,2,2,4132199,20,1289,0,0,0,77,17,9653492052,33612051263,34149486268
1790903678,48913488,103070392320,0,0,0,0,0,2,2,4132199,20,1289,0,0,0,77,17,9653492052,33612051263,34149486268
1790903679,48966048,103059570688,0,0,0,0,0,2,2,4144950,20,1289,0,0,0,77,17,9653492052,33612051263,34149486268
1790903680,49032724,103034806272,0,0,0,0,0,2,2,4144950,20,1289,0,0,0,77,17,9653492052,33612051263,34149486268
1790903681,49109972,103068471296,0,0,0,0,0,2,2,4157626,20,1289,0,0,0,77,17,9653492052,33612051263,34149486268
1790903682,49187556,103077933056,0,0,0,0,0,2,2,4157626,20,1289,0,0,0,77,17,9653492052,33612051263,34149486268
1790903683,49245484,103044726784,0,0,0,0,0,2,2,4170428,20,1289,0,0,0,77,17,9653492052,33612051263,34149486268
1790903684,49301148,103043833856,0,0,0,0,0,2,2,4170428,20,1289,0,0,0,77,17,9653492052,33612051263,34149486268
1790903685,49354712,103046873088,0,0,0,0,0,2,2,4182955,20,1289,0,0,0,77,17,9653492052,33612051263,34149486268
1790903687,49413880,103034388480,0,0,0,0,0,2,2,4182955,20,1289,0,0,0,77,17,9653492052,33612051263,34149486268
1790903688,49453504,103064158208,0,0,0,0,0,2,2,4195709,20,1289,0,0,0,77,17,9653492052,33612051263,34149486268
1790903689,49524280,103073402880,0,0,0,0,0,2,2,4195709,20,1289,0,0,0,77,17,9653492052,33612051263,34149486268
1790903690,49569152,103069822976,0,0,0,0,0,2,2,4208550,20,1289,0,0,0,77,17,9653492052,33612051263,34149486268
1790903691,49614100,103056797696,0,0,0,0,0,2,2,4221254,20,1289,0,0,0,77,17,9653492052,33612051263,34149486268
1790903692,49657560,103070367744,0,0,0,0,0,2,2,4221254,20,1289,0,0,0,77,17,9653492052,33612051263,34149486268
1790903693,49699972,103077888000,0,0,0,0,0,2,2,4233976,20,1289,0,0,0,77,17,9653492052,33612051263,34149486268
1790903694,49753352,103075913728,0,0,0,0,0,2,2,4233976,20,1289,0,0,0,77,17,9653492052,33612051263,34149486268
1790903695,49794536,103058833408,0,0,0,0,0,2,2,4246760,20,1289,0,0,0,77,17,9653492052,33612051263,34149486268
1790903696,49848188,103064416256,0,0,0,0,0,2,2,4246760,20,1289,0,0,0,77,17,9653492052,33612051263,34149486268
1790903697,49899744,103066062848,0,0,0,0,0,2,2,4259591,20,1289,0,0,0,77,17,9653492052,33612051263,34149486268
1790903698,49957132,103078576128,0,0,0,0,0,2,2,4259591,20,1289,0,0,0,77,17,9653492052,33612051263,34149486268
1790903699,50008040,103069663232,0,0,0,0,0,2,2,4272310,20,1289,0,0,0,77,17,9653492052,33612051263,34149486268
1790903700,50063456,103045038080,0,0,0,0,0,2,2,4272310,20,1289,0,0,0,77,17,9653492052,33612051263,34149486268
1790903701,50106780,103057510400,0,0,0,0,0,2,2,4285014,20,1289,0,0,0,77,17,9653492052,33612051263,34149486268
1790903702,50151888,103075946496,0,0,0,0,0,2,2,4285014,20,1289,0,0,0,77,17,9653492052,33612051263,34149486268
1790903703,50192144,103075840000,0,0,0,0,0,2,2,4297677,20,1289,0,0,0,77,17,9653492052,33612051263,34149486268
1790903704,50239504,103060877312,0,0,0,0,0,2,2,4297677,20,1289,0,0,0,77,17,9653492052,33612051263,34149486268
1790903705,50286168,103070965760,0,0,0,0,0,2,2,4310354,20,1289,0,0,0,77,17,9653492052,33612051263,34149486268
1790903706,50329716,103046012928,0,0,0,0,0,2,2,4310354,20,1289,0,0,0,77,17,9653492052,33612051263,34149486268
1790903708,50351308,103060385792,0,0,0,0,0,2,2,4323075,20,1289,0,0,0,77,17,9653492052,33612051263,34149486268
1790903709,50389956,103068618752,0,0,0,0,0,2,2,4323075,20,1289,0,0,0,77,17,9653492052,33612051263,34149486268
1790903710,50423252,103067701248,0,0,0,0,0,2,2,4335879,20,1289,0,0,0,77,17,9653492052,33612051263,34149486268
1790903711,50443760,103056924672,0,0,0,0,0,2,2,4335879,20,1289,0,0,0,77,17,9653492052,33612051263,34149486268
1790903712,50475652,103069831168,0,0,0,0,0,2,2,4348583,20,1289,0,0,0,77,17,9653492052,33612051263,34149486268
1790903713,50514312,103069114368,0,0,0,0,0,2,2,4361226,20,1289,0,0,0,77,17,9653492052,33612051263,34149486268
1790903714,50543000,103074463744,0,0,0,0,0,2,2,4361226,20,1289,0,0,0,77,17,9653492052,33612051263,34149486268
1790903715,50559656,103065083904,0,0,0,0,0,2,2,4373711,20,1289,0,0,0,77,17,9653492052,33612051263,34149486268
1790903716,50583180,103056830464,0,0,0,0,0,2,2,4373711,20,1289,0,0,0,77,17,9653492052,33612051263,34149486268
1790903717,50591072,103077187584,0,0,0,0,0,2,2,4386522,20,1289,0,0,0,77,17,9653492052,33612051263,34149486268
1790903718,50612684,103073079296,0,0,0,0,0,2,2,4386522,20,1289,0,0,0,77,17,9653492052,33612051263,34149486268
1790903719,50638888,103070023680,0,0,0,0,0,2,2,4399341,20,1289,0,0,0,77,17,9653492052,33612051263,34149486268
1790903720,50656348,103028170752,0,0,0,0,0,2,2,4399341,20,1289,0,0,0,77,17,9653492052,33612051263,34149486268
1790903721,50682796,103048130560,0,0,0,0,0,2,2,4412064,20,1289,0,0,0,77,17,9653492052,33612051263,34149486268
1790903722,50703288,103077183488,0,0,0,0,0,2,2,4412064,20,1289,0,0,0,77,17,9653492052,33612051263,34149486268
1790903723,50726576,103061069824,0,0,0,0,0,2,2,4424905,20,1289,0,0,0,77,17,9653492052,33612051263,34149486268
1790903724,50763176,103071023104,0,0,0,0,0,2,2,4424905,20,1289,0,0,0,77,17,9653492052,33612051263,34149486268
1790903725,50789392,103076757504,0,0,0,0,0,2,2,4437767,20,1289,0,0,0,77,17,9653492052,33612051263,34149486268
1790903726,50820192,103078551552,0,0,0,0,0,2,2,4437767,20,1289,0,0,0,77,17,9653492052,33612051263,34149486268
1790903728,50848800,103078445056,0,0,0,0,0,2,2,4450376,20,1289,0,0,0,77,17,9653492052,33612051263,34149486268
1790903729,50866004,103078748160,0,0,0,0,0,2,2,4450376,20,1289,0,0,0,77,17,9653492052,33612051263,34149486268
1790903730,50892440,103067697152,0,0,0,0,0,2,2,4463129,20,1289,0,0,0,77,17,9653492052,33612051263,34149486268
1790903731,50924320,103046721536,0,0,0,0,0,2,2,4463129,20,1289,0,0,0,77,17,9653492052,33612051263,34149486268
1790903732,50940068,103065817088,0,0,0,0,0,2,2,4475879,20,1289,0,0,0,77,17,9653492052,33612051263,34149486268
1790903733,50973792,103056363520,0,0,0,0,0,2,2,4475879,20,1289,0,0,0,77,17,9653492052,33612051263,34149486268
1790903734,51001556,103047852032,0,0,0,0,0,2,2,4488784,20,1289,0,0,0,77,17,9653492052,33612051263,34149486268
1790903735,51034420,103071842304,0,0,0,0,0,2,2,4501557,20,1289,0,0,0,77,17,9653492052,33612051263,34149486268
1790903736,51067392,103078342656,0,0,0,0,0,2,2,4501557,20,1289,0,0,0,77,17,9653492052,33612051263,34149486268
1790903737,51102852,103047311360,0,0,0,0,0,2,2,4514393,20,1289,0,0,0,77,17,9653492052,33612051263,34149486268
1790903738,51138188,103052521472,0,0,0,0,0,2,2,4514393,20,1289,0,0,0,77,17,9653492052,33612051263,34149486268
1790903739,51179436,103068155904,0,0,0,0,0,2,2,4527189,20,1289,0,0,0,77,17,9653492052,33612051263,34149486268
1790903740,51211260,103070560256,0,0,0,0,0,2,2,4527189,20,1289,0,0,0,77,17,9653492052,33612051263,34149486268
1790903741,51244104,103056609280,0,0,0,0,0,2,2,4539776,20,1289,0,0,0,77,17,9653492052,33612051263,34149486268
1790903742,51281512,103064449024,0,0,0,0,0,2,2,4539776,20,1289,0,0,0,77,17,9653492052,33612051263,34149486268
1790903743,51315316,103073177600,0,0,0,0,0,2,2,4552578,20,1289,0,0,0,77,17,9653492052,33612051263,34149486268
1790903744,51352340,103066804224,0,0,0,0,0,2,2,4552578,20,1289,0,0,0,77,17,9653492052,33612051263,34149486268
1790903745,51394912,103075282944,0,0,0,0,0,2,2,4565301,20,1289,0,0,0,77,17,9653492052,33612051263,34149486268
1790903746,51429060,103074631680,0,0,0,0,0,2,2,4565301,20,1289,0,0,0,77,17,9653492052,33612051263,34149486268
1790903747,51466712,103076257792,0,0,0,0,0,2,2,4578097,20,1289,0,0,0,77,17,9653492052,33612051263,34149486268
1790903749,51499632,103079170048,0,0,0,0,0,2,2,4578097,20,1289,0,0,0,77,17,9653492052,33612051263,34149486268
1790903750,51533352,103074639872,0,0,0,0,0,2,2,4590702,20,1289,0,0,0,77,17,9653492052,33612051263,34149486268
1790903751,51560552,103063859200,0,0,0,0,0,2,2,4590702,20,1289,0,0,0,77,17,9653492052,33612051263,34149486268
1790903752,51592568,103078387712,0,0,0,0,0,2,2,4603304,20,1289,0,0,0,77,17,9653492052,33612051263,34149486268
1790903753,51634552,103055507456,0,0,0,0,0,2,2,4603304,20,1289,0,0,0,77,17,9653492052,33612051263,34149486268
1790903754,51669216,103079010304,0,0,0,0,0,2,2,4616036,20,1289,0,0,0,77,17,9653492052,33612051263,34149486268
1790903755,51704536,103078834176,0,0,0,0,0,2,2,4616036,20,1289,0,0,0,77,17,9653492052,33612051263,34149486268
1790903756,51737368,103075635200,0,0,0,0,0,2,2,4628789,20,1289,0,0,0,77,17,9653492052,33612051263,34149486268
1790903757,51760040,103076143104,0,0,0,0,0,2,2,4641542,20,1289,0,0,0,77,17,9653492052,33612051263,34149486268
1790903758,51787460,103046348800,0,0,0,0,0,2,2,4641542,20,1289,0,0,0,77,17,9653492052,33612051263,34149486268
1790903759,51825772,103040045056,0,0,0,0,0,2,2,4654318,20,1289,0,0,0,77,17,9653492052,33612051263,34149486268
1790903760,51860196,103070433280,0,0,0,0,0,2,2,4654318,20,1289,0,0,0,77,17,9653492052,33612051263,34149486268
1790903761,51909816,103079170048,0,0,0,0,0,2,2,4667098,20,1289,0,0,0,77,17,9653492052,33612051263,34149486268
1790903762,51949136,103058038784,0,0,0,0,0,2,2,4667098,20,1289,0,0,0,77,17,9653492052,33612051263,34149486268
1790903763,52020696,103071268864,0,0,0,0,0,2,2,4679831,20,1289,0,0,0,77,17,9653492052,33612051263,34149486268
1790903764,52075848,103059574784,0,0,0,0,0,2,2,4679831,20,1289,0,0,0,77,17,9653492052,33612051263,34149486268
1790903765,52126400,103062839296,0,0,0,0,0,2,2,4692522,20,1289,0,0,0,77,17,9653492052,33612051263,34149486268
1790903766,52190236,103076081664,0,0,0,0,0,2,2,4692522,20,1289,0,0,0,77,17,9653492052,33612051263,34149486268
1790903767,52245192,103079063552,0,0,0,0,0,2,2,4705194,20,1289,0,0,0,77,17,9653492052,33612051263,34149486268
1790903768,52286196,103059259392,0,0,0,0,0,2,2,4705194,20,1289,0,0,0,77,17,9653492052,33612051263,34149486268
1790903770,52327000,103068606464,0,0,0,0,0,2,2,4717880,20,1289,0,0,0,77,17,9653492052,33612051263,34149486268
1790903771,52380468,103066587136,0,0,0,0,0,2,2,4717880,20,1289,0,0,0,77,17,9653492052,33612051263,34149486268
1790903772,52410240,103072464896,0,0,0,0,0,2,2,4730536,20,1289,0,0,0,77,17,9653492052,33612051263,34149486268
1790903773,52444576,103078780928,0,0,0,0,0,2,2,4730536,20,1289,0,0,0,77,17,9653492052,33612051263,34149486268
1790903774,52469688,103053877248,0,0,0,0,0,2,2,4743265,20,1289,0,0,0,77,17,9653492052,33612051263,34149486268
1790903775,52495704,103028215808,0,0,0,0,0,2,2,4743265,20,1289,0,0,0,77,17,9653492052,33612051263,34149486268
1790903776,52516112,103069323264,0,0,0,0,0,2,2,4755983,20,1289,0,0,0,77,17,9653492052,33612051263,34149486268
1790903777,52554200,103066935296,0,0,0,0,0,2,2,4755983,20,1289,0,0,0,77,17,9653492052,33612051263,34149486268
1790903778,52574828,103073517568,0,0,0,0,0,2,2,4768732,20,1289,0,0,0,77,17,9653492052,33612051263,34149486268
1790903779,52596428,103069892608,0,0,0,0,0,2,2,4768732,20,1289,0,0,0,77,17,9653492052,33612051263,34149486268
1790903780,52619084,103052398592,0,0,0,0,0,2,2,4781465,20,1289,0,0,0,77,17,9653492052,33612051263,34149486268
1790903781,52632556,103078801408,0,0,0,0,0,2,2,4794244,20,1289,0,0,0,77,17,9653492052,33612051263,34149486268
1790903782,52643428,103054991360,0,0,0,0,0,2,2,4794244,20,1289,0,0,0,77,17,9653492052,33612051263,34149486268
1790903783,52662812,103078920192,0,0,0,0,0,2,2,4806706,20,1289,0,0,0,77,17,9653492052,33612051263,34149486268
1790903784,52692824,103073411072,0,0,0,0,0,2,2,4806706,20,1289,0,0,0,77,17,9653492052,33612051263,34149486268
1790903785,52731528,103062904832,0,0,0,0,0,2,2,4819429,20,1289,0,0,0,77,17,9653492052,33612051263,34149486268
1790903786,52757004,103073353728,0,0,0,0,0,2,2,4819429,20,1289,0,0,0,77,17,9653492052,33612051263,34149486268
1790903787,52785380,103063044096,0,0,0,0,0,2,2,4832117,20,1289,0,0,0,77,17,9653492052,33612051263,34149486268
1790903788,52790796,103053463552,0,0,0,0,0,2,2,4832117,20,1289,0,0,0,77,17,9653492052,33612051263,34149486268
1790903789,52798628,103065829376,0,0,0,0,0,2,2,4844768,20,1289,0,0,0,77,17,9653492052,33612051263,34149486268
1790903791,52812312,103039643648,0,0,0,0,0,2,2,4844768,20,1289,0,0,0,77,17,9653492052,33612051263,34149486268
1790903792,52833212,103063912448,0,0,0,0,0,2,2,4857500,20,1289,0,0,0,77,17,9653492052,33612051263,34149486268
1790903793,52856612,103073939456,0,0,0,0,0,2,2,4857500,20,1289,0,0,0,77,17,9653492052,33612051263,34149486268
1790903794,52883580,103036702720,0,0,0,0,0,2,2,4870180,20,1289,0,0,0,77,17,9653492052,33612051263,34149486268
1790903795,52910020,103067021312,0,0,0,0,0,2,2,4870180,20,1289,0,0,0,77,17,9653492052,33612051263,34149486268
1790903796,52944544,103065636864,0,0,0,0,0,2,2,4882906,20,1289,0,0,0,77,17,9653492052,33612051263,34149486268
1790903797,52979600,103066787840,0,0,0,0,0,2,2,4882906,20,1289,0,0,0,77,17,9653492052,33612051263,34149486268
1790903798,53020324,103067844608,0,0,0,0,0,2,2,4895641,20,1289,0,0,0,77,17,9653492052,33612051263,34149486268
1790903799,53065796,103075131392,0,0,0,0,0,2,2,4895641,20,1289,0,0,0,77,17,9653492052,33612051263,34149486268
1790903800,53108972,103071358976,0,0,0,0,0,2,2,4908356,20,1289,0,0,0,77,17,9653492052,33612051263,34149486268
1790903801,53148252,103072976896,0,0,0,0,0,2,2,4908356,20,1289,0,0,0,77,17,9653492052,33612051263,34149486268
1790903802,53180512,103078825984,0,0,0,0,0,2,2,4921062,20,1289,0,0,0,77,17,9653492052,33612051263,34149486268
1790903803,53210656,103075119104,0,0,0,0,0,2,2,4921062,20,1289,0,0,0,77,17,9653492052,33612051263,34149486268
1790903804,53239936,103039848448,0,0,0,0,0,2,2,4933908,20,1289,0,0,0,77,17,9653492052,33612051263,34149486268
1790903805,53274424,103079034880,0,0,0,0,0,2,2,4946654,20,1289,0,0,0,77,17,9653492052,33612051263,34149486268
1790903806,53313480,103070277632,0,0,0,0,0,2,2,4946654,20,1289,0,0,0,77,17,9653492052,33612051263,34149486268
1790903807,53353796,103067885568,0,0,0,0,0,2,2,4959367,20,1289,0,0,0,77,17,9653492052,33612051263,34149486268
1790903808,53386104,103073329152,0,0,0,0,0,2,2,4959367,20,1289,0,0,0,77,17,9653492052,33612051263,34149486268
1790903809,53420088,103061774336,0,0,0,0,0,2,2,4972175,20,1289,0,0,0,77,17,9653492052,33612051263,34149486268
1790903810,53453516,103026118656,0,0,0,0,0,2,2,4972175,20,1289,0,0,0,77,17,9653492052,33612051263,34149486268
1790903812,53481672,103050006528,0,0,0,0,0,2,2,4985079,20,1289,0,0,0,77,17,9653492052,33612051263,34149486268
1790903813,53505776,103061286912,0,0,0,0,0,2,2,4985079,20,1289,0,0,0,77,17,9653492052,33612051263,34149486268
1790903814,53539264,103078391808,0,0,0,0,0,2,2,4997830,20,1289,0,0,0,77,17,9653492052,33612051263,34149486268
1790903815,53570196,103071301632,0,0,0,0,0,2,2,4997830,20,1289,0,0,0,77,17,9653492052,33612051263,34149486268
1790903816,53607756,103064326144,0,0,0,0,0,2,2,5010406,20,1289,0,0,0,77,17,9653492052,33612051263,34149486268
1790903817,53637652,103077527552,0,0,0,0,0,2,2,5010406,20,1289,0,0,0,77,17,9653492052,33612051263,34149486268
1790903818,53667872,103071526912,0,0,0,0,0,2,2,5023213,20,1289,0,0,0,77,17,9653492052,33612051263,34149486268
1790903819,53695484,103074770944,0,0,0,0,0,2,2,5023213,20,1289,0,0,0,77,17,9653492052,33612051263,34149486268
1790903820,53737032,103074664448,0,0,0,0,0,2,2,5035729,20,1289,0,0,0,77,17,9653492052,33612051263,34149486268
1790903821,53763312,103072133120,0,0,0,0,0,2,2,5035729,20,1289,0,0,0,77,17,9653492052,33612051263,34149486268
1790903822,53804828,103065268224,0,0,0,0,0,2,2,5048468,20,1289,0,0,0,77,17,9653492052,33612051263,34149486268
1790903823,53838848,103076151296,0,0,0,0,0,2,2,5048468,20,1289,0,0,0,77,17,9653492052,33612051263,34149486268
1790903824,53871092,103065673728,0,0,0,0,0,2,2,5061011,20,1289,0,0,0,77,17,9653492052,33612051263,34149486268
1790903825,53896084,103076585472,0,0,0,0,0,2,2,5061011,20,1289,0,0,0,77,17,9653492052,33612051263,34149486268
1790903826,53920660,103075594240,0,0,0,0,0,2,2,5073632,20,1289,0,0,0,77,17,9653492052,33612051263,34149486268
1790903827,53938180,103078014976,0,0,0,0,0,3,3,5086167,20,1289,1,0,1,77,17,9653492052,33612051263,34149486268
1790903828,53959876,103075610624,0,0,0,0,0,3,3,5086167,20,1289,1,0,1,77,17,9653492052,33612051263,34149486268
1790903829,53984960,103065927680,0,0,0,0,0,3,3,5097765,20,1292,1,0,1,77,17,9653492052,33612051263,34149486268
1790903830,54004864,103077318656,0,0,0,0,0,3,3,5097765,20,1292,1,0,1,77,17,9653492052,33612051263,34149486268
1790903831,54028724,103078764544,0,0,0,0,0,3,3,5109278,20,1296,1,0,1,77,17,9653492052,33612051263,34149486268
1790903833,54048764,103079038976,0,0,0,0,0,3,3,5109278,20,1296,1,0,1,77,17,9653492052,33612051263,34149486268
1790903834,54069644,103063015424,0,0,0,0,0,3,3,5120829,20,1305,1,0,1,77,17,9653492052,33612051263,34149486268
1790903835,54090036,103047213056,0,0,0,0,0,3,3,5120829,20,1305,1,0,1,77,17,9653492052,33612051263,34149486268
1790903836,54106740,103071285248,0,0,0,0,0,3,3,5132322,20,1313,1,0,1,77,17,9653492052,33612051263,34149486268
1790903837,54116880,103043268608,0,0,0,0,0,3,3,5132322,20,1313,1,0,1,77,17,9653492052,33612051263,34149486268
1790903838,54131664,103063887872,0,0,0,0,0,3,3,5143802,20,1321,1,0,1,77,17,9653492052,33612051263,34149486268
1790903839,54163356,103067512832,0,0,0,0,0,3,3,5143802,20,1321,1,0,1,77,17,9653492052,33612051263,34149486268
1790903840,54195736,103051100160,0,0,0,0,0,3,3,5155312,20,1325,1,0,1,77,17,9653492052,33612051263,34149486268
1790903841,54251252,103070130176,0,0,0,0,0,3,3,5155312,20,1325,1,0,1,77,17,9653492052,33612051263,34149486268
1790903842,54304020,103072038912,0,0,0,0,0,3,3,5166785,20,1325,1,0,1,77,17,9653492052,33612051263,34149486268
1790903843,54352872,103075549184,0,0,0,0,0,3,3,5166785,20,1325,1,0,1,77,17,9653492052,33612051263,34149486268
1790903844,54402600,103076196352,0,0,0,0,0,3,3,5178209,20,1325,1,0,1,77,17,9653492052,33612051263,34149486268
1790903845,54427320,103078608896,0,0,0,0,0,3,3,5178209,20,1325,1,0,1,77,17,9653492052,33612051263,34149486268
1790903846,54474900,103070855168,0,0,0,0,0,3,3,5189265,20,1325,1,0,1,77,17,9653492052,33612051263,34149486268
1790903847,54498412,103071948800,0,0,0,0,0,3,3,5189265,20,1325,1,0,1,77,17,9653492052,33612051263,34149486268
1790903848,50672540,100207693824,0,0,0,0,0,3,3,5200669,21,1327,1,0,1,77,17,9653492052,33612051263,34149486268
1790903849,50631140,101835124736,0,0,0,0,0,3,3,5206729,22,1337,0,1,0,115,18,14479314763,33615428103,34156246521
1790903850,50454432,103064846336,0,0,0,0,0,3,3,5206729,22,1337,0,1,0,115,18,14479314763,33615428103,34156246521
1790903852,50140308,103060082688,0,0,0,0,0,3,3,5211469,22,1347,0,1,0,115,18,14479314763,33615428103,34156246521
1790903853,49531020,103059247104,0,0,0,0,0,3,3,5211469,22,1347,0,1,0,115,18,14479314763,33615428103,34156246521
1790903854,48771100,103057653760,0,0,0,0,0,3,3,5216326,22,1359,0,1,0,115,18,14479314763,33615428103,34156246521
1790903855,48083472,103073492992,0,0,0,0,0,3,3,5216326,22,1359,0,1,0,115,18,14479314763,33615428103,34156246521
1790903856,47365796,103041220608,0,0,0,0,0,3,3,5221913,22,1376,0,1,0,115,18,14479314763,33615428103,34156246521
1790903857,46995140,103045812224,0,0,0,0,0,3,3,5221913,22,1376,0,1,0,115,18,14479314763,33615428103,34156246521
1790903858,46818904,103058456576,0,0,0,0,0,3,3,5227606,22,1384,0,1,0,115,18,14479314763,33615428103,34156246521
1790903859,46559732,103078752256,0,0,0,0,0,3,3,5227606,22,1384,0,1,0,115,18,14479314763,33615428103,34156246521
1790903860,46531452,103070380032,0,0,0,0,0,3,3,5232067,22,1394,0,1,0,115,18,14479314763,33615428103,34156246521
1790903861,46543852,103068745728,0,0,0,0,0,3,3,5232067,22,1394,0,1,0,115,18,14479314763,33615428103,34156246521
1790903862,46530304,103066329088,0,0,0,0,0,3,3,5237363,22,1411,0,1,0,115,18,14479314763,33615428103,34156246521
1790903863,46538800,103074312192,0,0,0,0,0,3,3,5237363,22,1411,0,1,0,115,18,14479314763,33615428103,34156246521
1790903864,46523908,103037599744,0,0,0,0,0,3,3,5243630,22,1413,0,1,0,115,18,14479314763,33615428103,34156246521
1790903865,46413424,103058931712,0,0,0,0,0,3,3,5243630,22,1413,0,1,0,115,18,14479314763,33615428103,34156246521
1790903866,46412872,103078572032,0,0,0,0,0,3,3,5250558,22,1425,0,1,0,115,18,14479314763,33615428103,34156246521
1790903867,46431084,103078129664,0,0,0,0,0,3,3,5250558,22,1425,0,1,0,115,18,14479314763,33615428103,34156246521
1790903868,46451084,103079051264,0,0,0,0,0,3,3,5257891,22,1428,0,1,0,115,18,14479314763,33615428103,34156246521
1790903870,46447116,99220258816,0,0,0,0,0,3,3,5266541,25,1358,0,0,0,115,21,14479314763,38573860984,39243235952
1790903871,46484772,93441949696,0,0,0,0,0,3,3,5266541,25,1358,0,0,0,115,21,14479314763,38573860984,39243235952
1790903872,46563696,93003911168,0,0,0,0,0,3,3,5277479,26,1349,0,0,0,115,22,14479314763,46686584294,47524510166
1790903873,46611920,93715673088,0,0,0,0,0,3,3,5277479,26,1349,0,0,0,115,22,14479314763,46686584294,47524510166
1790903874,46654272,91825332224,0,0,0,0,0,3,3,5289251,27,1311,0,0,0,115,23,14479314763,49191131964,50117113326
1790903875,46721808,92488568832,0,0,0,0,0,3,3,5289251,27,1311,0,0,0,115,23,14479314763,49191131964,50117113326
1790903876,46798636,93154131968,0,0,0,0,0,3,3,5301526,27,1311,0,0,0,115,23,14479314763,49191131964,50117113326
1790903877,46859848,93803724800,0,0,0,0,0,3,3,5301526,27,1311,0,0,0,115,23,14479314763,49191131964,50117113326
1790903878,46937632,94472536064,0,0,0,0,0,3,3,5313964,27,1311,0,0,0,115,23,14479314763,49191131964,50117113326
1790903879,46981992,95093510144,0,0,0,0,0,3,3,5313964,27,1311,0,0,0,115,23,14479314763,49191131964,50117113326
1790903880,47038128,95667224576,0,0,0,0,0,3,3,5326165,27,1311,0,0,0,115,23,14479314763,49191131964,50117113326
1790903881,47069564,96198623232,0,0,0,0,0,3,3,5326165,27,1311,0,0,0,115,23,14479314763,49191131964,50117113326
1790903882,47135548,96772603904,0,0,0,0,0,3,3,5337078,27,1311,0,0,0,115,23,14479314763,49191131964,50117113326
1790903883,47197736,97407676416,0,0,0,0,0,3,3,5337078,27,1311,0,0,0,115,23,14479314763,49191131964,50117113326
1790903884,47275568,98054377472,0,0,0,0,0,3,3,5349139,27,1311,0,0,0,115,23,14479314763,49191131964,50117113326
1790903885,47344232,98693980160,0,0,0,0,0,3,3,5349139,27,1311,0,0,0,115,23,14479314763,49191131964,50117113326
1790903886,47423816,99357777920,0,0,0,0,0,3,3,5361748,27,1311,0,0,0,115,23,14479314763,49191131964,50117113326
1790903887,47475844,99976683520,0,0,0,0,0,3,3,5361748,27,1311,0,0,0,115,23,14479314763,49191131964,50117113326
1790903888,47532452,100599816192,0,0,0,0,0,3,3,5374445,27,1311,0,0,0,115,23,14479314763,49191131964,50117113326
1790903889,47575712,101213814784,0,0,0,0,0,3,3,5374445,27,1311,0,0,0,115,23,14479314763,49191131964,50117113326
1790903891,47630984,101836746752,0,0,0,0,0,3,3,5387083,27,1311,0,0,0,115,23,14479314763,49191131964,50117113326
1790903892,47681384,102468157440,0,0,0,0,0,3,3,5399935,27,1311,0,0,0,115,23,14479314763,49191131964,50117113326
1790903893,47721096,103067779072,0,0,0,0,0,3,3,5399935,27,1311,0,0,0,115,23,14479314763,49191131964,50117113326
1790903894,47758908,103079194624,0,0,0,0,0,3,3,5412613,27,1311,0,0,0,115,23,14479314763,49191131964,50117113326
1790903895,47802480,103078891520,0,0,0,0,0,3,3,5412613,27,1311,0,0,0,115,23,14479314763,49191131964,50117113326
1790903896,47828320,103074676736,0,0,0,0,0,3,3,5425178,27,1311,0,0,0,115,23,14479314763,49191131964,50117113326
1790903897,47849596,103060819968,0,0,0,0,0,3,3,5425178,27,1311,0,0,0,115,23,14479314763,49191131964,50117113326
1790903898,47861364,103073992704,0,0,0,0,0,3,3,5437827,27,1311,0,0,0,115,23,14479314763,49191131964,50117113326
1790903899,47882272,103072169984,0,0,0,0,0,3,3,5437827,27,1311,0,0,0,115,23,14479314763,49191131964,50117113326
1790903900,47880812,103003299840,0,0,0,0,0,3,3,5450492,27,1311,0,0,0,115,23,14479314763,49191131964,50117113326
1790903901,47902828,103064403968,0,0,0,0,0,3,3,5450492,27,1311,0,0,0,115,23,14479314763,49191131964,50117113326
1790903902,47900312,103074140160,0,0,0,0,0,3,3,5463287,27,1311,0,0,0,115,23,14479314763,49191131964,50117113326
1790903903,47911912,103076024320,0,0,0,0,0,3,3,5463287,27,1311,0,0,0,115,23,14479314763,49191131964,50117113326
1790903904,47922392,103066136576,0,0,0,0,0,3,3,5476020,27,1311,0,0,0,115,23,14479314763,49191131964,50117113326
1790903905,47925256,103057862656,0,0,0,0,0,3,3,5476020,27,1311,0,0,0,115,23,14479314763,49191131964,50117113326
1790903906,47951752,103061360640,0,0,0,0,0,3,3,5488800,27,1311,0,0,0,115,23,14479314763,49191131964,50117113326
1790903907,47967216,103072935936,0,0,0,0,0,3,3,5488800,27,1311,0,0,0,115,23,14479314763,49191131964,50117113326
1790903908,47981248,103071965184,0,0,0,0,0,3,3,5501529,27,1311,0,0,0,115,23,14479314763,49191131964,50117113326
1790903909,48023992,103035117568,0,0,0,0,0,3,3,5501529,27,1311,0,0,0,115,23,14479314763,49191131964,50117113326
1790903911,48082196,103069380608,0,0,0,0,0,3,3,5514287,27,1311,0,0,0,115,23,14479314763,49191131964,50117113326
1790903912,48151680,103070638080,0,0,0,0,0,3,3,5514287,27,1311,0,0,0,115,23,14479314763,49191131964,50117113326
1790903913,48179036,103034843136,0,0,0,0,0,3,3,5526919,27,1311,0,0,0,115,23,14479314763,49191131964,50117113326
1790903914,48230168,103073595392,0,0,0,0,0,3,3,5539724,27,1311,0,0,0,115,23,14479314763,49191131964,50117113326
1790903915,48280068,103064768512,0,0,0,0,0,3,3,5539724,27,1311,0,0,0,115,23,14479314763,49191131964,50117113326
1790903916,48328028,103070380032,0,0,0,0,0,3,3,5552362,27,1311,0,0,0,115,23,14479314763,49191131964,50117113326
1790903917,48382264,103078989824,0,0,0,0,0,3,3,5552362,27,1311,0,0,0,115,23,14479314763,49191131964,50117113326
1790903918,48422424,103064109056,0,0,0,0,0,3,3,5565116,27,1311,0,0,0,115,23,14479314763,49191131964,50117113326
1790903919,48453108,103061041152,0,0,0,0,0,3,3,5565116,27,1311,0,0,0,115,23,14479314763,49191131964,50117113326
1790903920,48482704,103077888000,0,0,0,0,0,3,3,5577942,27,1311,0,0,0,115,23,14479314763,49191131964,50117113326
1790903921,48508368,103074619392,0,0,0,0,0,3,3,5577942,27,1311,0,0,0,115,23,14479314763,49191131964,50117113326
1790903922,48524788,103040376832,0,0,0,0,0,3,3,5590661,27,1311,0,0,0,115,23,14479314763,49191131964,50117113326
1790903923,48501532,103078580224,0,0,0,0,0,3,3,5590661,27,1311,0,0,0,115,23,14479314763,49191131964,50117113326
1790903924,48517800,103070072832,0,0,0,0,0,3,3,5603335,27,1311,0,0,0,115,23,14479314763,49191131964,50117113326
1790903925,48539312,103074893824,0,0,0,0,0,3,3,5603335,27,1311,0,0,0,115,23,14479314763,49191131964,50117113326
1790903926,48574332,103072423936,0,0,0,0,0,3,3,5615826,27,1311,0,0,0,115,23,14479314763,49191131964,50117113326
1790903927,48596932,103066656768,0,0,0,0,0,3,3,5615826,27,1311,0,0,0,115,23,14479314763,49191131964,50117113326
1790903928,48630088,103073509376,0,0,0,0,0,3,3,5628487,27,1311,0,0,0,115,23,14479314763,49191131964,50117113326
1790903929,48675668,103068987392,0,0,0,0,0,3,3,5628487,27,1311,0,0,0,115,23,14479314763,49191131964,50117113326
1790903930,48723264,103050645504,0,0,0,0,0,3,3,5641173,27,1311,0,0,0,115,23,14479314763,49191131964,50117113326
1790903931,48757464,103068663808,0,0,0,0,0,3,3,5641173,27,1311,0,0,0,115,23,14479314763,49191131964,50117113326
1790903933,48809052,103070396416,0,0,0,0,0,3,3,5653772,27,1311,0,0,0,115,23,14479314763,49191131964,50117113326
1790903934,48847184,103073779712,0,0,0,0,0,3,3,5653772,27,1311,0,0,0,115,23,14479314763,49191131964,50117113326
1790903935,48893988,103060574208,0,0,0,0,0,3,3,5666447,27,1311,0,0,0,115,23,14479314763,49191131964,50117113326
1790903936,48938040,103051796480,0,0,0,0,0,3,3,5666447,27,1311,0,0,0,115,23,14479314763,49191131964,50117113326
1790903937,48980232,103076237312,0,0,0,0,0,3,3,5679120,27,1311,0,0,0,115,23,14479314763,49191131964,50117113326
1790903938,49030972,103076323328,0,0,0,0,0,3,3,5691899,27,1311,0,0,0,115,23,14479314763,49191131964,50117113326
1790903939,49067144,103047655424,0,0,0,0,0,3,3,5691899,27,1311,0,0,0,115,23,14479314763,49191131964,50117113326
1790903940,49098004,103075504128,0,0,0,0,0,3,3,5704448,27,1311,0,0,0,115,23,14479314763,49191131964,50117113326
1790903941,49156708,103056478208,0,0,0,0,0,3,3,5704448,27,1311,0,0,0,115,23,14479314763,49191131964,50117113326
1790903942,49204600,103054917632,0,0,0,0,0,3,3,5716900,27,1311,0,0,0,115,23,14479314763,49191131964,50117113326
1790903943,49272660,103056588800,0,0,0,0,0,3,3,5716900,27,1311,0,0,0,115,23,14479314763,49191131964,50117113326
1790903944,49338536,103059046400,0,0,0,0,0,3,3,5729569,27,1311,0,0,0,115,23,14479314763,49191131964,50117113326
1790903945,49407104,103070937088,0,0,0,0,0,3,3,5729569,27,1311,0,0,0,115,23,14479314763,49191131964,50117113326
1790903946,49455380,103066066944,0,0,0,0,0,3,3,5742142,27,1311,0,0,0,115,23,14479314763,49191131964,50117113326
1790903947,49490720,103047168000,0,0,0,0,0,3,3,5742142,27,1311,0,0,0,115,23,14479314763,49191131964,50117113326
1790903948,49519476,103070654464,0,0,0,0,0,3,3,5754817,27,1311,0,0,0,115,23,14479314763,49191131964,50117113326
1790903949,49567216,103072370688,0,0,0,0,0,3,3,5754817,27,1311,0,0,0,115,23,14479314763,49191131964,50117113326
1790903950,49616968,103077232640,0,0,0,0,0,3,3,5767389,27,1311,0,0,0,115,23,14479314763,49191131964,50117113326
1790903951,49655580,103079149568,0,0,0,0,0,3,3,5767389,27,1311,0,0,0,115,23,14479314763,49191131964,50117113326
1790903952,49699756,103069569024,0,0,0,0,0,3,3,5780007,27,1311,0,0,0,115,23,14479314763,49191131964,50117113326
1790903954,49732616,103061196800,0,0,0,0,0,3,3,5780007,27,1311,0,0,0,115,23,14479314763,49191131964,50117113326
1790903955,49777244,103049113600,0,0,0,0,0,3,3,5792519,27,1311,0,0,0,115,23,14479314763,49191131964,50117113326
1790903956,49788072,103075987456,0,0,0,0,0,3,3,5792519,27,1311,0,0,0,115,23,14479314763,49191131964,50117113326
1790903957,49839412,103075512320,0,0,0,0,0,3,3,5804967,27,1311,0,0,0,115,23,14479314763,49191131964,50117113326
1790903958,49880732,103074992128,0,0,0,0,0,3,3,5804967,27,1311,0,0,0,115,23,14479314763,49191131964,50117113326
1790903959,49916032,103066648576,0,0,0,0,0,3,3,5817614,27,1311,0,0,0,115,23,14479314763,49191131964,50117113326
1790903960,49947752,103060590592,0,0,0,0,0,3,3,5830312,27,1311,0,0,0,115,23,14479314763,49191131964,50117113326
1790903961,49982560,103075913728,0,0,0,0,0,3,3,5830312,27,1311,0,0,0,115,23,14479314763,49191131964,50117113326
1790903962,50019324,103078080512,0,0,0,0,0,3,3,5842871,27,1311,0,0,0,115,23,14479314763,49191131964,50117113326
1790903963,50056236,103046389760,0,0,0,0,0,3,3,5842871,27,1311,0,0,0,115,23,14479314763,49191131964,50117113326
1790903964,50085716,103053664256,0,0,0,0,0,3,3,5855474,27,1311,0,0,0,115,23,14479314763,49191131964,50117113326
1790903965,50115308,103076499456,0,0,0,0,0,3,3,5855474,27,1311,0,0,0,115,23,14479314763,49191131964,50117113326
1790903966,50135816,103058530304,0,0,0,0,0,3,3,5868126,27,1311,0,0,0,115,23,14479314763,49191131964,50117113326
1790903967,50166760,103077474304,0,0,0,0,0,3,3,5868126,27,1311,0,0,0,115,23,14479314763,49191131964,50117113326
1790903968,50163792,103062818816,0,0,0,0,0,3,3,5880784,27,1311,0,0,0,115,23,14479314763,49191131964,50117113326
1790903969,50178400,103060828160,0,0,0,0,0,3,3,5880784,27,1311,0,0,0,115,23,14479314763,49191131964,50117113326
1790903970,50201132,103074000896,0,0,0,0,0,3,3,5893476,27,1311,0,0,0,115,23,14479314763,49191131964,50117113326
1790903971,50223648,103070683136,0,0,0,0,0,3,3,5893476,27,1311,0,0,0,115,23,14479314763,49191131964,50117113326
1790903972,50243164,103061434368,0,0,0,0,0,3,3,5906049,27,1311,0,0,0,115,23,14479314763,49191131964,50117113326
1790903973,50261924,103071178752,0,0,0,0,0,3,3,5906049,27,1311,0,0,0,115,23,14479314763,49191131964,50117113326
1790903975,50286548,103065276416,0,0,0,0,0,3,3,5918606,27,1311,0,0,0,115,23,14479314763,49191131964,50117113326
1790903976,50307144,103059599360,0,0,0,0,0,3,3,5918606,27,1311,0,0,0,115,23,14479314763,49191131964,50117113326
1790903977,50322772,103074934784,0,0,0,0,0,3,3,5931216,27,1311,0,0,0,115,23,14479314763,49191131964,50117113326
1790903978,50347212,103041351680,0,0,0,0,0,3,3,5931216,27,1311,0,0,0,115,23,14479314763,49191131964,50117113326
1790903979,50365068,103048318976,0,0,0,0,0,3,3,5943879,27,1311,0,0,0,115,23,14479314763,49191131964,50117113326
1790903980,50391304,103074185216,0,0,0,0,0,3,3,5943879,27,1311,0,0,0,115,23,14479314763,49191131964,50117113326
1790903981,50425896,103069229056,0,0,0,0,0,3,3,5956702,27,1311,0,0,0,115,23,14479314763,49191131964,50117113326
1790903982,50459060,103070642176,0,0,0,0,0,3,3,5969357,27,1311,0,0,0,115,23,14479314763,49191131964,50117113326
1790903983,50494980,103051018240,0,0,0,0,0,3,3,5969357,27,1311,0,0,0,115,23,14479314763,49191131964,50117113326
1790903984,50513032,103071264768,0,0,0,0,0,3,3,5982018,27,1311,0,0,0,115,23,14479314763,49191131964,50117113326
1790903985,50562140,103074394112,0,0,0,0,0,3,3,5982018,27,1311,0,0,0,115,23,14479314763,49191131964,50117113326
1790903986,50612800,103075717120,0,0,0,0,0,3,3,5994785,27,1311,0,0,0,115,23,14479314763,49191131964,50117113326
1790903987,50661128,103047147520,0,0,0,0,0,3,3,5994785,27,1311,0,0,0,115,23,14479314763,49191131964,50117113326
1790903988,50710488,103069073408,0,0,0,0,0,3,3,6007266,27,1311,0,0,0,115,23,14479314763,49191131964,50117113326
1790903989,50745372,103067574272,0,0,0,0,0,3,3,6007266,27,1311,0,0,0,115,23,14479314763,49191131964,50117113326
1790903990,50784296,103060033536,0,0,0,0,0,3,3,6019937,27,1311,0,0,0,115,23,14479314763,49191131964,50117113326
1790903991,50837276,103071129600,0,0,0,0,0,3,3,6019937,27,1311,0,0,0,115,23,14479314763,49191131964,50117113326
1790903992,50880328,103061581824,0,0,0,0,0,3,3,6032557,27,1311,0,0,0,115,23,14479314763,49191131964,50117113326
1790903993,50922636,103068110848,0,0,0,0,0,3,3,6032557,27,1311,0,0,0,115,23,14479314763,49191131964,50117113326
1790903994,50960084,103050182656,0,0,0,0,0,3,3,6045211,27,1311,0,0,0,115,23,14479314763,49191131964,50117113326
1790903996,51003444,103077593088,0,0,0,0,0,3,3,6045211,27,1311,0,0,0,115,23,14479314763,49191131964,50117113326
1790903997,51061204,103065055232,0,0,0,0,0,3,3,6057743,27,1311,0,0,0,115,23,14479314763,49191131964,50117113326
1790903998,51101520,103079010304,0,0,0,0,0,3,3,6057743,27,1311,0,0,0,115,23,14479314763,49191131964,50117113326
1790903999,51146080,103068332032,0,0,0,0,0,3,3,6070409,27,1311,0,0,0,115,23,14479314763,49191131964,50117113326
1790904000,51164464,103077359616,0,0,0,0,0,3,3,6070409,27,1311,0,0,0,115,23,14479314763,49191131964,50117113326
1790904001,51201328,103042809856,0,0,0,0,0,3,3,6083060,27,1311,0,0,0,115,23,14479314763,49191131964,50117113326
1790904002,51239740,103062278144,0,0,0,0,0,3,3,6083060,27,1311,0,0,0,115,23,14479314763,49191131964,50117113326
1790904003,51275016,103078494208,0,0,0,0,0,3,3,6095767,27,1311,0,0,0,115,23,14479314763,49191131964,50117113326
1790904004,51309336,103072841728,0,0,0,0,0,3,3,6095767,27,1311,0,0,0,115,23,14479314763,49191131964,50117113326
1790904005,51328976,103069069312,0,0,0,0,0,3,3,6108422,27,1311,0,0,0,115,23,14479314763,49191131964,50117113326
1790904006,51355956,103031046144,0,0,0,0,0,3,3,6121181,27,1311,0,0,0,115,23,14479314763,49191131964,50117113326
1790904007,51376048,103061622784,0,0,0,0,0,3,3,6121181,27,1311,0,0,0,115,23,14479314763,49191131964,50117113326
1790904008,51402292,103054753792,0,0,0,0,0,3,3,6133815,27,1311,0,0,0,115,23,14479314763,49191131964,50117113326
1790904009,51426288,103076499456,0,0,0,0,0,3,3,6133815,27,1311,0,0,0,115,23,14479314763,49191131964,50117113326
1790904010,51446984,103071993856,0,0,0,0,0,3,3,6146578,27,1311,0,0,0,115,23,14479314763,49191131964,50117113326
1790904011,51480964,103064502272,0,0,0,0,0,3,3,6146578,27,1311,0,0,0,115,23,14479314763,49191131964,50117113326
1790904012,51506200,103052292096,0,0,0,0,0,3,3,6159258,27,1311,0,0,0,115,23,14479314763,49191131964,50117113326
1790904013,51540088,103037804544,0,0,0,0,0,3,3,6159258,27,1311,0,0,0,115,23,14479314763,49191131964,50117113326
1790904014,51579388,103029194752,0,0,0,0,0,3,3,6171808,27,1311,0,0,0,115,23,14479314763,49191131964,50117113326
1790904015,51611396,103058563072,0,0,0,0,0,3,3,6171808,27,1311,0,0,0,115,23,14479314763,49191131964,50117113326
1790904017,51644932,103053565952,0,0,0,0,0,3,3,6184478,27,1311,0,0,0,115,23,14479314763,49191131964,50117113326
1790904018,51677088,103072755712,0,0,0,0,0,3,3,6184478,27,1311,0,0,0,115,23,14479314763,49191131964,50117113326
1790904019,51714884,103071875072,0,0,0,0,0,3,3,6196918,27,1311,0,0,0,115,23,14479314763,49191131964,50117113326
1790904020,51752344,103043903488,0,0,0,0,0,3,3,6196918,27,1311,0,0,0,115,23,14479314763,49191131964,50117113326
1790904021,51802772,103079174144,0,0,0,0,0,3,3,6209461,27,1311,0,0,0,115,23,14479314763,49191131964,50117113326
1790904022,51838132,103077531648,0,0,0,0,0,3,3,6209461,27,1311,0,0,0,115,23,14479314763,49191131964,50117113326
1790904023,51875548,103070265344,0,0,0,0,0,3,3,6222241,27,1311,0,0,0,115,23,14479314763,49191131964,50117113326
1790904024,51897076,103051988992,0,0,0,0,0,3,3,6222241,27,1311,0,0,0,115,23,14479314763,49191131964,50117113326
1790904025,51948452,103071334400,0,0,0,0,0,3,3,6234828,27,1311,0,0,0,115,23,14479314763,49191131964,50117113326
1790904026,51993732,103054704640,0,0,0,0,0,3,3,6234828,27,1311,0,0,0,115,23,14479314763,49191131964,50117113326
1790904027,52015884,103069052928,0,0,0,0,0,3,3,6247372,27,1311,0,0,0,115,23,14479314763,49191131964,50117113326
1790904028,52041812,103067426816,0,0,0,0,0,3,3,6260011,27,1311,0,0,0,115,23,14479314763,49191131964,50117113326
1790904029,52070868,103049715712,0,0,0,0,0,3,3,6260011,27,1311,0,0,0,115,23,14479314763,49191131964,50117113326
1790904030,52111392,103077285888,0,0,0,0,0,3,3,6272703,27,1311,0,0,0,115,23,14479314763,49191131964,50117113326
1790904031,52145796,103061979136,0,0,0,0,0,3,3,6272703,27,1311,0,0,0,115,23,14479314763,49191131964,50117113326
1790904032,52164280,103074086912,0,0,0,0,0,3,3,6285470,27,1311,0,0,0,115,23,14479314763,49191131964,50117113326
1790904033,52182292,103043264512,0,0,0,0,0,3,3,6285470,27,1311,0,0,0,115,23,14479314763,49191131964,50117113326
1790904034,52210904,103067672576,0,0,0,0,0,3,3,6298057,27,1311,0,0,0,115,23,14479314763,49191131964,50117113326
1790904035,52237172,103040921600,0,0,0,0,0,3,3,6298057,27,1311,0,0,0,115,23,14479314763,49191131964,50117113326
1790904036,52257720,103077269504,0,0,0,0,0,3,3,6310784,27,1311,0,0,0,115,23,14479314763,49191131964,50117113326
1790904038,52264072,103072665600,0,0,0,0,0,3,3,6310784,27,1311,0,0,0,115,23,14479314763,49191131964,50117113326
1790904039,52277684,103064363008,0,0,0,0,0,3,3,6323429,27,1311,0,0,0,115,23,14479314763,49191131964,50117113326
1790904040,52251076,103061360640,0,0,0,0,0,3,3,6323429,27,1311,0,0,0,115,23,14479314763,49191131964,50117113326
1790904041,52262552,103069790208,0,0,0,0,0,3,3,6336052,27,1311,0,0,0,115,23,14479314763,49191131964,50117113326
1790904042,52256876,103057010688,0,0,0,0,0,3,3,6336052,27,1311,0,0,0,115,23,14479314763,49191131964,50117113326
1790904043,52262844,103075807232,0,0,0,0,0,3,3,6348740,27,1311,0,0,0,115,23,14479314763,49191131964,50117113326
1790904044,52260676,103077007360,0,0,0,0,0,3,3,6348740,27,1311,0,0,0,115,23,14479314763,49191131964,50117113326
1790904045,52270216,103065288704,0,0,0,0,0,3,3,6361375,27,1311,0,0,0,115,23,14479314763,49191131964,50117113326
1790904046,52275908,103073394688,0,0,0,0,0,3,3,6361375,27,1311,0,0,0,115,23,14479314763,49191131964,50117113326
1790904047,52288664,103066714112,0,0,0,0,0,3,3,6374078,27,1311,0,0,0,115,23,14479314763,49191131964,50117113326
1790904048,52301664,103064162304,0,0,0,0,0,3,3,6374078,27,1311,0,0,0,115,23,14479314763,49191131964,50117113326
1790904049,52321656,103073759232,0,0,0,0,0,3,3,6386726,27,1311,0,0,0,115,23,14479314763,49191131964,50117113326
1790904050,52349456,103072944128,0,0,0,0,0,3,3,6399483,27,1311,0,0,0,115,23,14479314763,49191131964,50117113326
1790904051,52381296,103068344320,0,0,0,0,0,3,3,6399483,27,1311,0,0,0,115,23,14479314763,49191131964,50117113326
1790904052,52408976,103074213888,0,0,0,0,0,3,3,6412161,27,1311,0,0,0,115,23,14479314763,49191131964,50117113326
1790904053,52431744,103069544448,0,0,0,0,0,3,3,6412161,27,1311,0,0,0,115,23,14479314763,49191131964,50117113326
1790904054,52466296,103062401024,0,0,0,0,0,3,3,6424777,27,1311,0,0,0,115,23,14479314763,49191131964,50117113326
1790904055,52493016,103073640448,0,0,0,0,0,3,3,6424777,27,1311,0,0,0,115,23,14479314763,49191131964,50117113326
1790904056,52523248,103061172224,0,0,0,0,0,3,3,6437353,27,1311,0,0,0,115,23,14479314763,49191131964,50117113326
1790904057,52569004,103057399808,0,0,0,0,0,3,3,6437353,27,1311,0,0,0,115,23,14479314763,49191131964,50117113326
1790904059,52593640,103050133504,0,0,0,0,0,3,3,6449981,27,1311,0,0,0,115,23,14479314763,49191131964,50117113326
1790904060,52644600,103078318080,0,0,0,0,0,3,3,6449981,27,1311,0,0,0,115,23,14479314763,49191131964,50117113326
1790904061,52676340,103070588928,0,0,0,0,0,3,3,6462576,27,1311,0,0,0,115,23,14479314763,49191131964,50117113326
1790904062,52712872,103072002048,0,0,0,0,0,3,3,6462576,27,1311,0,0,0,115,23,14479314763,49191131964,50117113326
1790904063,52742220,103075237888,0,0,0,0,0,3,3,6475328,27,1311,0,0,0,115,23,14479314763,49191131964,50117113326
1790904064,52772872,103073402880,0,0,0,0,0,3,3,6475328,27,1311,0,0,0,115,23,14479314763,49191131964,50117113326
1790904065,52785604,103059288064,0,0,0,0,0,3,3,6487972,27,1311,0,0,0,115,23,14479314763,49191131964,50117113326
1790904066,52819644,103054135296,0,0,0,0,0,3,3,6487972,27,1311,0,0,0,115,23,14479314763,49191131964,50117113326
1790904067,52857844,103075213312,0,0,0,0,0,3,3,6500611,27,1311,0,0,0,115,23,14479314763,49191131964,50117113326
1790904068,52888660,103077576704,0,0,0,0,0,3,3,6500611,27,1311,0,0,0,115,23,14479314763,49191131964,50117113326
1790904069,52923064,103065157632,0,0,0,0,0,3,3,6513292,27,1311,0,0,0,115,23,14479314763,49191131964,50117113326
1790904070,52938840,103062081536,0,0,0,0,0,3,3,6513292,27,1311,0,0,0,115,23,14479314763,49191131964,50117113326
1790904071,52957864,103058358272,0,0,0,0,0,3,3,6525683,27,1311,0,0,0,115,23,14479314763,49191131964,50117113326
1790904072,52978540,103076634624,0,0,0,0,0,3,3,6538452,27,1311,0,0,0,115,23,14479314763,49191131964,50117113326
1790904073,53002808,103056470016,0,0,0,0,0,3,3,6538452,27,1311,0,0,0,115,23,14479314763,49191131964,50117113326
1790904074,53024680,103069491200,0,0,0,0,0,3,3,6551207,27,1311,0,0,0,115,23,14479314763,49191131964,50117113326
1790904075,53060904,103069794304,0,0,0,0,0,3,3,6551207,27,1311,0,0,0,115,23,14479314763,49191131964,50117113326
1790904076,53091100,103071477760,0,0,0,0,0,3,3,6563914,27,1311,0,0,0,115,23,14479314763,49191131964,50117113326
1790904077,53127692,103073599488,0,0,0,0,0,3,3,6563914,27,1311,0,0,0,115,23,14479314763,49191131964,50117113326
1790904078,53165332,103067013120,0,0,0,0,0,3,3,6576560,27,1311,0,0,0,115,23,14479314763,49191131964,50117113326
1790904080,53200988,103069663232,0,0,0,0,0,3,3,6576560,27,1311,0,0,0,115,23,14479314763,49191131964,50117113326
1790904081,53233428,103077695488,0,0,0,0,0,3,3,6589298,27,1311,0,0,0,115,23,14479314763,49191131964,50117113326
1790904082,53270620,103069749248,0,0,0,0,0,3,3,6589298,27,1311,0,0,0,115,23,14479314763,49191131964,50117113326
1790904083,53298960,103078297600,0,0,0,0,0,3,3,6601892,27,1311,0,0,0,115,23,14479314763,49191131964,50117113326
1790904084,53333652,103072882688,0,0,0,0,0,3,3,6601892,27,1311,0,0,0,115,23,14479314763,49191131964,50117113326
1790904085,53373044,103066173440,0,0,0,0,0,3,3,6614436,27,1311,0,0,0,115,23,14479314763,49191131964,50117113326
1790904086,53408752,103075827712,0,0,0,0,0,3,3,6614436,27,1311,0,0,0,115,23,14479314763,49191131964,50117113326
1790904087,53465808,103067353088,0,0,0,0,0,3,3,6627039,27,1311,0,0,0,115,23,14479314763,49191131964,50117113326
1790904088,53520112,103070138368,0,0,0,0,0,3,3,6627039,27,1311,0,0,0,115,23,14479314763,49191131964,50117113326
1790904089,53572868,103069990912,0,0,0,0,0,3,3,6639680,27,1311,0,0,0,115,23,14479314763,49191131964,50117113326
1790904090,53606744,103078891520,0,0,0,0,0,3,3,6639680,27,1311,0,0,0,115,23,14479314763,49191131964,50117113326
1790904091,53649300,103048982528,0,0,0,0,0,3,3,6652239,27,1311,0,0,0,115,23,14479314763,49191131964,50117113326
1790904092,53670508,103076597760,0,0,0,0,0,3,3,6652239,27,1311,0,0,0,115,23,14479314763,49191131964,50117113326
1790904093,53691140,103038742528,0,0,0,0,0,3,3,6664920,27,1311,0,0,0,115,23,14479314763,49191131964,50117113326
1790904094,53711868,103071739904,0,0,0,0,0,3,3,6677444,27,1311,0,0,0,115,23,14479314763,49191131964,50117113326
1790904095,53743828,103076237312,0,0,0,0,0,3,3,6677444,27,1311,0,0,0,115,23,14479314763,49191131964,50117113326
1790904096,53775436,103061651456,0,0,0,0,0,3,3,6690166,27,1311,0,0,0,115,23,14479314763,49191131964,50117113326
1790904097,53812388,103069138944,0,0,0,0,0,3,3,6690166,27,1311,0,0,0,115,23,14479314763,49191131964,50117113326
1790904098,53856248,103078977536,0,0,0,0,0,3,3,6702668,27,1311,0,0,0,115,23,14479314763,49191131964,50117113326
1790904100,53884252,103068164096,0,0,0,0,0,3,3,6702668,27,1311,0,0,0,115,23,14479314763,49191131964,50117113326
1790904101,53914632,103066603520,0,0,0,0,0,3,3,6715317,27,1311,0,0,0,115,23,14479314763,49191131964,50117113326
1790904102,53952932,103066402816,0,0,0,0,0,3,3,6715317,27,1311,0,0,0,115,23,14479314763,49191131964,50117113326
1790904103,53980456,103064338432,0,0,0,0,0,3,3,6727896,27,1311,0,0,0,115,23,14479314763,49191131964,50117113326
1790904104,54015884,103072030720,0,0,0,0,0,3,3,6727896,27,1311,0,0,0,115,23,14479314763,49191131964,50117113326
1790904105,54065380,103058616320,0,0,0,0,0,3,3,6740606,27,1311,0,0,0,115,23,14479314763,49191131964,50117113326
1790904106,54110824,103041757184,0,0,0,0,0,3,3,6740606,27,1311,0,0,0,115,23,14479314763,49191131964,50117113326
1790904107,54166540,103070765056,0,0,0,0,0,3,3,6753026,27,1311,0,0,0,115,23,14479314763,49191131964,50117113326
1790904108,54195764,103072591872,0,0,0,0,0,3,3,6753026,27,1311,0,0,0,115,23,14479314763,49191131964,50117113326
1790904109,54221400,103053934592,0,0,0,0,0,3,3,6765699,27,1311,0,0,0,115,23,14479314763,49191131964,50117113326
1790904110,54253852,103079092224,0,0,0,0,0,3,3,6765699,27,1311,0,0,0,115,23,14479314763,49191131964,50117113326
1790904111,54274392,103079063552,0,0,0,0,0,4,4,6778154,27,1311,1,0,1,115,23,14479314763,49191131964,50117113326
1790904112,54286000,103072980992,0,0,0,0,0,4,4,6778154,27,1311,1,0,1,115,23,14479314763,49191131964,50117113326
1790904113,54304472,103058685952,0,0,0,0,0,4,4,6789703,27,1313,1,0,1,115,23,14479314763,49191131964,50117113326
1790904114,54328196,103058972672,0,0,0,0,0,4,4,6789703,27,1313,1,0,1,115,23,14479314763,49191131964,50117113326
1790904115,54352092,103077519360,0,0,0,0,0,4,4,6801155,27,1317,1,0,1,115,23,14479314763,49191131964,50117113326
1790904116,54362260,103071969280,0,0,0,0,0,4,4,6812613,27,1325,1,0,1,115,23,14479314763,49191131964,50117113326
1790904117,54387968,103046053888,0,0,0,0,0,4,4,6812613,27,1325,1,0,1,115,23,14479314763,49191131964,50117113326
1790904118,54407324,103077773312,0,0,0,0,0,4,4,6824169,27,1334,1,0,1,115,23,14479314763,49191131964,50117113326
1790904120,54426208,103071207424,0,0,0,0,0,4,4,6824169,27,1334,1,0,1,115,23,14479314763,49191131964,50117113326
1790904121,54446140,103049838592,0,0,0,0,0,4,4,6835590,27,1343,1,0,1,115,23,14479314763,49191131964,50117113326
1790904122,54451652,103060365312,0,0,0,0,0,4,4,6835590,27,1343,1,0,1,115,23,14479314763,49191131964,50117113326
1790904123,54477432,103073792000,0,0,0,0,0,4,4,6847035,27,1347,1,0,1,115,23,14479314763,49191131964,50117113326
1790904124,54501008,103066935296,0,0,0,0,0,4,4,6847035,27,1347,1,0,1,115,23,14479314763,49191131964,50117113326
1790904125,54527272,103056916480,0,0,0,0,0,4,4,6858401,27,1347,1,0,1,115,23,14479314763,49191131964,50117113326
1790904126,54565232,103066705920,0,0,0,0,0,4,4,6858401,27,1347,1,0,1,115,23,14479314763,49191131964,50117113326
1790904127,54598268,103066951680,0,0,0,0,0,4,4,6869796,27,1347,1,0,1,115,23,14479314763,49191131964,50117113326
1790904128,54630472,103075377152,0,0,0,0,0,4,4,6869796,27,1347,1,0,1,115,23,14479314763,49191131964,50117113326
1790904129,54663684,103075307520,0,0,0,0,0,4,4,6881235,27,1347,1,0,1,115,23,14479314763,49191131964,50117113326
1790904130,54685924,103076691968,0,0,0,0,0,4,4,6881235,27,1347,1,0,1,115,23,14479314763,49191131964,50117113326
1790904131,50950108,99409473536,0,0,0,0,0,4,4,6892641,27,1348,1,0,1,115,23,14479314763,49191131964,50117113326
1790904132,50904380,100510552064,0,0,0,0,0,4,4,6892641,27,1348,1,0,1,115,23,14479314763,49191131964,50117113326
1790904133,50746032,101491560448,0,0,0,0,0,4,4,6899644,29,1356,0,5,0,153,24,19307260554,49194508844,50123870700
1790904134,50439964,102272253952,0,0,0,0,0,4,4,6899644,29,1356,0,5,0,153,24,19307260554,49194508844,50123870700
1790904135,49784376,102665654272,0,0,0,0,0,4,4,6905298,29,1363,0,5,0,153,24,19307260554,49194508844,50123870700
1790904136,48946540,102977916928,0,0,0,0,0,4,4,6905298,29,1363,0,5,0,153,24,19307260554,49194508844,50123870700
1790904137,48321680,103066009600,0,0,0,0,0,4,4,6910987,29,1372,0,5,0,153,24,19307260554,49194508844,50123870700
1790904139,47673156,103034236928,0,0,0,0,0,4,4,6915785,29,1383,0,5,0,153,24,19307260554,49194508844,50123870700
1790904140,47023948,103029260288,0,0,0,0,0,4,4,6915785,29,1383,0,5,0,153,24,19307260554,49194508844,50123870700
1790904141,46852108,103063900160,0,0,0,0,0,4,4,6919902,29,1390,0,5,0,153,24,19307260554,49194508844,50123870700
1790904142,46824864,103061041152,0,0,0,0,0,4,4,6919902,29,1390,0,5,0,153,24,19307260554,49194508844,50123870700
1790904143,46839560,103079022592,0,0,0,0,0,4,4,6925301,29,1404,0,5,0,153,24,19307260554,49194508844,50123870700
1790904144,46854212,103070613504,0,0,0,0,0,4,4,6925301,29,1404,0,5,0,153,24,19307260554,49194508844,50123870700
1790904145,46633360,103076610048,0,0,0,0,0,4,4,6931081,29,1414,0,5,0,153,24,19307260554,49194508844,50123870700
1790904146,46649784,103040425984,0,0,0,0,0,4,4,6931081,29,1414,0,5,0,153,24,19307260554,49194508844,50123870700
1790904147,46646956,103074119680,0,0,0,0,0,4,4,6936597,29,1421,0,5,0,153,24,19307260554,49194508844,50123870700
1790904148,46652400,103068332032,0,0,0,0,0,4,4,6936597,29,1421,0,5,0,153,24,19307260554,49194508844,50123870700
1790904149,46536600,101649469440,0,0,0,0,0,4,4,6942413,29,1432,0,5,0,153,24,19307260554,49194508844,50123870700
1790904150,46572644,102014402560,0,0,0,0,0,4,4,6942413,29,1432,0,5,0,153,24,19307260554,49194508844,50123870700
1790904151,46604992,103050248192,0,0,0,0,0,4,4,6948574,30,1405,0,4,0,153,25,19307260554,51663361880,52647967799
1790904152,46638768,103070572544,0,0,0,0,0,4,4,6948574,30,1405,0,4,0,153,25,19307260554,51663361880,52647967799
1790904153,46653708,103072432128,0,0,0,0,0,4,4,6953806,30,1421,0,4,0,153,25,19307260554,51663361880,52647967799
1790904154,46647156,103076130816,0,0,0,0,0,4,4,6953806,30,1421,0,4,0,153,25,19307260554,51663361880,52647967799
1790904156,46668984,101494607872,0,0,0,0,0,4,4,6960112,30,1427,0,4,0,153,25,19307260554,51663361880,52647967799
1790904157,46701124,102715457536,0,0,0,0,0,4,4,6966282,31,1404,0,3,0,153,26,19307260554,54199552720,55299330885
1790904158,46741636,103075119104,0,0,0,0,0,4,4,6966282,31,1404,0,3,0,153,26,19307260554,54199552720,55299330885
1790904159,46779932,103077789696,0,0,0,0,0,4,4,6971618,31,1416,0,3,0,153,26,19307260554,54199552720,55299330885
1790904160,46805356,103058235392,0,0,0,0,0,4,4,6971618,31,1416,0,3,0,153,26,19307260554,54199552720,55299330885
1790904161,46819668,100906713088,0,0,0,0,0,4,4,6976295,31,1428,0,3,0,153,26,19307260554,54199552720,55299330885
1790904162,46859412,102199382016,0,0,0,0,0,4,4,6976295,31,1428,0,3,0,153,26,19307260554,54199552720,55299330885
1790904163,46894420,103077277696,0,0,0,0,0,4,4,6981834,32,1402,0,2,0,153,27,19307260554,56736395487,57952563150
1790904164,46934880,103073738752,0,0,0,0,0,4,4,6981834,32,1402,0,2,0,153,27,19307260554,56736395487,57952563150
1790904165,46979856,103078756352,0,0,0,0,0,4,4,6987529,32,1412,0,2,0,153,27,19307260554,56736395487,57952563150
1790904166,47017944,103064416256,0,0,0,0,0,4,4,6987529,32,1412,0,2,0,153,27,19307260554,56736395487,57952563150
1790904167,47056608,103078981632,0,0,0,0,0,4,4,6993104,32,1419,0,2,0,153,27,19307260554,56736395487,57952563150
1790904168,47090392,103074848768,0,0,0,0,0,4,4,6993104,32,1419,0,2,0,153,27,19307260554,56736395487,57952563150
1790904169,47129576,103049011200,0,0,0,0,0,4,4,6999066,32,1429,0,2,0,153,27,19307260554,56736395487,57952563150
1790904170,47160796,101354876928,0,0,0,0,0,4,4,6999066,32,1429,0,2,0,153,27,19307260554,56736395487,57952563150
1790904171,47203924,103068041216,0,0,0,0,0,4,4,7005400,33,1408,0,1,0,153,28,19307260554,59272091370,60603767427
1790904172,47242564,103068209152,0,0,0,0,0,4,4,7005400,33,1408,0,1,0,153,28,19307260554,59272091370,60603767427
1790904174,47264720,102574157824,0,0,0,0,0,4,4,7011054,33,1415,0,1,0,153,28,19307260554,59272091370,60603767427
1790904175,47308212,103076782080,0,0,0,0,0,4,4,7011054,33,1415,0,1,0,153,28,19307260554,59272091370,60603767427
1790904176,47328300,103074164736,0,0,0,0,0,4,4,7016703,35,1383,0,0,0,153,30,19307260554,61741554384,63130062529
1790904177,47347416,103057055744,0,0,0,0,0,4,4,7023286,35,1393,0,0,0,153,30,19307260554,61741554384,63130062529
1790904178,47384556,103070031872,0,0,0,0,0,4,4,7023286,35,1393,0,0,0,153,30,19307260554,61741554384,63130062529
1790904179,47425936,103077851136,0,0,0,0,0,4,4,7029872,35,1394,0,0,0,153,30,19307260554,61741554384,63130062529
1790904180,47464256,103073628160,0,0,0,0,0,4,4,7029872,35,1394,0,0,0,153,30,19307260554,61741554384,63130062529
1790904181,47539148,103071883264,0,0,0,0,0,4,4,7037980,36,1362,0,0,0,153,31,19307260554,64210016734,65653887812
1790904182,47580472,103055810560,0,0,0,0,0,4,4,7037980,36,1362,0,0,0,153,31,19307260554,64210016734,65653887812
1790904183,47633636,103067320320,0,0,0,0,0,4,4,7046517,36,1362,0,0,0,153,31,19307260554,64210016734,65653887812
1790904184,47683844,103069667328,0,0,0,0,0,4,4,7046517,36,1362,0,0,0,153,31,19307260554,64210016734,65653887812
1790904185,47724076,103064866816,0,0,0,0,0,4,4,7055083,36,1363,0,0,0,153,31,19307260554,64210016734,65653887812
1790904186,47779212,103028465664,0,0,0,0,0,4,4,7055083,36,1363,0,0,0,153,31,19307260554,64210016734,65653887812
1790904187,47828772,103079071744,0,0,0,0,0,4,4,7063297,36,1363,0,0,0,153,31,19307260554,64210016734,65653887812
1790904188,47874940,103073988608,0,0,0,0,0,4,4,7063297,36,1363,0,0,0,153,31,19307260554,64210016734,65653887812
1790904189,47909548,103076618240,0,0,0,0,0,4,4,7071834,36,1364,0,0,0,153,31,19307260554,64210016734,65653887812
1790904190,47963164,103079194624,0,0,0,0,0,4,4,7071834,36,1364,0,0,0,153,31,19307260554,64210016734,65653887812
1790904192,47999112,103065772032,0,0,0,0,0,4,4,7080047,36,1365,0,0,0,153,31,19307260554,64210016734,65653887812
1790904193,48051312,103068278784,0,0,0,0,0,4,4,7080047,36,1365,0,0,0,153,31,19307260554,64210016734,65653887812
1790904194,48091556,103076376576,0,0,0,0,0,4,4,7087996,36,1365,0,0,0,153,31,19307260554,64210016734,65653887812
1790904195,48133404,103062556672,0,0,0,0,0,4,4,7087996,36,1365,0,0,0,153,31,19307260554,64210016734,65653887812
1790904196,48165592,103066865664,0,0,0,0,0,4,4,7096239,36,1367,0,0,0,153,31,19307260554,64210016734,65653887812
1790904197,48218728,103075684352,0,0,0,0,0,4,4,7096239,36,1367,0,0,0,153,31,19307260554,64210016734,65653887812
1790904198,48262356,103057027072,0,0,0,0,0,4,4,7104681,36,1367,0,0,0,153,31,19307260554,64210016734,65653887812
1790904199,48271776,103070580736,0,0,0,0,0,4,4,7112505,36,1369,0,0,0,153,31,19307260554,64210016734,65653887812
1790904200,48299800,103060250624,0,0,0,0,0,4,4,7112505,36,1369,0,0,0,153,31,19307260554,64210016734,65653887812
1790904201,48321988,103062949888,0,0,0,0,0,4,4,7119895,36,1369,0,0,0,153,31,19307260554,64210016734,65653887812
1790904202,48348376,103061602304,0,0,0,0,0,4,4,7119895,36,1369,0,0,0,153,31,19307260554,64210016734,65653887812
1790904203,48396668,103053492224,0,0,0,0,0,4,4,7127393,36,1369,0,0,0,153,31,19307260554,64210016734,65653887812
1790904204,48436444,103078506496,0,0,0,0,0,4,4,7127393,36,1369,0,0,0,153,31,19307260554,64210016734,65653887812
1790904205,48465480,103065014272,0,0,0,0,0,4,4,7135813,36,1370,0,0,0,153,31,19307260554,64210016734,65653887812
1790904206,48508236,103053709312,0,0,0,0,0,4,4,7135813,36,1370,0,0,0,153,31,19307260554,64210016734,65653887812
1790904207,48551840,103063117824,0,0,0,0,0,4,4,7144376,36,1370,0,0,0,153,31,19307260554,64210016734,65653887812
1790904208,48602096,103073439744,0,0,0,0,0,4,4,7144376,36,1370,0,0,0,153,31,19307260554,64210016734,65653887812
1790904209,48639372,103078338560,0,0,0,0,0,4,4,7152268,36,1370,0,0,0,153,31,19307260554,64210016734,65653887812
1790904211,48653012,103078309888,0,0,0,0,0,4,4,7152268,36,1370,0,0,0,153,31,19307260554,64210016734,65653887812
1790904212,48685228,103067734016,0,0,0,0,0,4,4,7159952,36,1372,0,0,0,153,31,19307260554,64210016734,65653887812
1790904213,48724800,103073595392,0,0,0,0,0,4,4,7159952,36,1372,0,0,0,153,31,19307260554,64210016734,65653887812
1790904214,48769172,103079211008,0,0,0,0,0,4,4,7168386,36,1373,0,0,0,153,31,19307260554,64210016734,65653887812
1790904215,48814556,103047663616,0,0,0,0,0,4,4,7168386,36,1373,0,0,0,153,31,19307260554,64210016734,65653887812
1790904216,48847276,103073968128,0,0,0,0,0,4,4,7177456,36,1373,0,0,0,153,31,19307260554,64210016734,65653887812
1790904217,48881292,103056314368,0,0,0,0,0,4,4,7177456,36,1373,0,0,0,153,31,19307260554,64210016734,65653887812
1790904218,48927404,103044145152,0,0,0,0,0,4,4,7186596,36,1373,0,0,0,153,31,19307260554,64210016734,65653887812
1790904219,48946176,103070728192,0,0,0,0,0,4,4,7195261,36,1373,0,0,0,153,31,19307260554,64210016734,65653887812
1790904220,48979804,103049682944,0,0,0,0,0,4,4,7195261,36,1373,0,0,0,153,31,19307260554,64210016734,65653887812
1790904221,49018052,103042375680,0,0,0,0,0,4,4,7204293,36,1373,0,0,0,153,31,19307260554,64210016734,65653887812
1790904222,49063532,100935852032,0,0,0,0,0,4,4,7204293,36,1373,0,0,0,153,31,19307260554,64210016734,65653887812
1790904223,49141908,102885302272,0,0,0,0,0,4,4,7213495,37,1314,0,0,0,153,32,19307260554,68945147853,70547314808
1790904224,49165276,103048151040,0,0,0,0,0,4,4,7213495,37,1314,0,0,0,153,32,19307260554,68945147853,70547314808
1790904225,49189796,103075274752,0,0,0,0,0,4,4,7221671,37,1314,0,0,0,153,32,19307260554,68945147853,70547314808
1790904226,49210312,103061499904,0,0,0,0,0,4,4,7221671,37,1314,0,0,0,153,32,19307260554,68945147853,70547314808
1790904227,49228760,103057588224,0,0,0,0,0,4,4,7229882,37,1314,0,0,0,153,32,19307260554,68945147853,70547314808
1790904228,49259108,103062540288,0,0,0,0,0,4,4,7229882,37,1314,0,0,0,153,32,19307260554,68945147853,70547314808
1790904230,49283532,103042994176,0,0,0,0,0,4,4,7238959,37,1314,0,0,0,153,32,19307260554,68945147853,70547314808
1790904231,49321108,103072063488,0,0,0,0,0,4,4,7238959,37,1314,0,0,0,153,32,19307260554,68945147853,70547314808
1790904232,49314232,103072301056,0,0,0,0,0,4,4,7248386,37,1314,0,0,0,153,32,19307260554,68945147853,70547314808
1790904233,49337416,103059562496,0,0,0,0,0,4,4,7248386,37,1314,0,0,0,153,32,19307260554,68945147853,70547314808
1790904234,49345064,103077224448,0,0,0,0,0,4,4,7258047,37,1314,0,0,0,153,32,19307260554,68945147853,70547314808
1790904235,49365064,103072354304,0,0,0,0,0,4,4,7258047,37,1314,0,0,0,153,32,19307260554,68945147853,70547314808
1790904236,49379020,103079178240,0,0,0,0,0,4,4,7266547,37,1314,0,0,0,153,32,19307260554,68945147853,70547314808
1790904237,49378924,103072862208,0,0,0,0,0,4,4,7266547,37,1314,0,0,0,153,32,19307260554,68945147853,70547314808
1790904238,49406328,103054163968,0,0,0,0,0,4,4,7275085,37,1314,0,0,0,153,32,19307260554,68945147853,70547314808
1790904239,49428480,103052177408,0,0,0,0,0,4,4,7275085,37,1314,0,0,0,153,32,19307260554,68945147853,70547314808
1790904240,49436884,103059025920,0,0,0,0,0,4,4,7285141,37,1314,0,0,0,153,32,19307260554,68945147853,70547314808
1790904241,49449500,103079120896,0,0,0,0,0,4,4,7295144,37,1314,0,0,0,153,32,19307260554,68945147853,70547314808
1790904242,49461860,103077253120,0,0,0,0,0,4,4,7295144,37,1314,0,0,0,153,32,19307260554,68945147853,70547314808
1790904243,49473128,103071567872,0,0,0,0,0,4,4,7304547,37,1314,0,0,0,153,32,19307260554,68945147853,70547314808
1790904244,49475592,103057932288,0,0,0,0,0,4,4,7304547,37,1314,0,0,0,153,32,19307260554,68945147853,70547314808
1790904245,49487296,103075196928,0,0,0,0,0,4,4,7312623,37,1314,0,0,0,153,32,19307260554,68945147853,70547314808
1790904246,49488604,103078834176,0,0,0,0,0,4,4,7312623,37,1314,0,0,0,153,32,19307260554,68945147853,70547314808
1790904247,49501952,103051280384,0,0,0,0,0,4,4,7320805,37,1314,0,0,0,153,32,19307260554,68945147853,70547314808
1790904248,49517696,103077556224,0,0,0,0,0,4,4,7320805,37,1314,0,0,0,153,32,19307260554,68945147853,70547314808
1790904250,49515984,103074430976,0,0,0,0,0,4,4,7329976,37,1314,0,0,0,153,32,19307260554,68945147853,70547314808
1790904251,49523044,103079075840,0,0,0,0,0,4,4,7329976,37,1314,0,0,0,153,32,19307260554,68945147853,70547314808
1790904252,49521180,103055044608,0,0,0,0,0,4,4,7336172,37,1314,0,0,0,153,32,19307260554,68945147853,70547314808
1790904253,49532180,103074451456,0,0,0,0,0,4,4,7336172,37,1314,0,0,0,153,32,19307260554,68945147853,70547314808
1790904254,49542528,103063003136,0,0,0,0,0,4,4,7343083,37,1314,0,0,0,153,32,19307260554,68945147853,70547314808
1790904255,49554788,103074254848,0,0,0,0,0,4,4,7343083,37,1314,0,0,0,153,32,19307260554,68945147853,70547314808
1790904256,49584040,103072776192,0,0,0,0,0,4,4,7353389,37,1314,0,0,0,153,32,19307260554,68945147853,70547314808
1790904257,49610384,103078645760,0,0,0,0,0,4,4,7353389,37,1314,0,0,0,153,32,19307260554,68945147853,70547314808
1790904258,49625832,103077920768,0,0,0,0,0,4,4,7360771,37,1314,0,0,0,153,32,19307260554,68945147853,70547314808
1790904259,49648612,103078690816,0,0,0,0,0,4,4,7360771,37,1314,0,0,0,153,32,19307260554,68945147853,70547314808
1790904260,49672748,103074295808,0,0,0,0,0,4,4,7367696,37,1314,0,0,0,153,32,19307260554,68945147853,70547314808
1790904261,49702840,103063621632,0,0,0,0,0,4,4,7367696,37,1314,0,0,0,153,32,19307260554,68945147853,70547314808
1790904262,49743132,103070265344,0,0,0,0,0,4,4,7375038,37,1314,0,0,0,153,32,19307260554,68945147853,70547314808
1790904263,49784844,103078944768,0,0,0,0,0,4,4,7385426,37,1314,0,0,0,153,32,19307260554,68945147853,70547314808
1790904264,49800784,103057403904,0,0,0,0,0,4,4,7385426,37,1314,0,0,0,153,32,19307260554,68945147853,70547314808
1790904265,49817912,103071371264,0,0,0,0,0,4,4,7392082,37,1314,0,0,0,153,32,19307260554,68945147853,70547314808
1790904266,49833660,103078940672,0,0,0,0,0,4,4,7392082,37,1314,0,0,0,153,32,19307260554,68945147853,70547314808
1790904267,49848240,103068823552,0,0,0,0,0,4,4,7399062,37,1314,0,0,0,153,32,19307260554,68945147853,70547314808
1790904268,49871864,103077359616,0,0,0,0,0,4,4,7399062,37,1314,0,0,0,153,32,19307260554,68945147853,70547314808
1790904269,49817692,103076532224,0,0,0,0,0,4,4,7408957,37,1314,0,0,0,153,32,19307260554,68945147853,70547314808
1790904271,49862720,103072096256,0,0,0,0,0,4,4,7408957,37,1314,0,0,0,153,32,19307260554,68945147853,70547314808
1790904272,49890052,103071170560,0,0,0,0,0,4,4,7417574,37,1315,0,0,0,153,32,19307260554,68945147853,70547314808
1790904273,49918696,103070302208,0,0,0,0,0,4,4,7417574,37,1315,0,0,0,153,32,19307260554,68945147853,70547314808
1790904274,49846192,103072186368,0,0,0,0,0,4,4,7424936,37,1316,0,0,0,153,32,19307260554,68945147853,70547314808
1790904275,49859752,103048187904,0,0,0,0,0,4,4,7424936,37,1316,0,0,0,153,32,19307260554,68945147853,70547314808
1790904276,49871300,103059460096,0,0,0,0,0,4,4,7433929,37,1316,0,0,0,153,32,19307260554,68945147853,70547314808
1790904277,49808468,103073587200,0,0,0,0,0,4,4,7433929,37,1316,0,0,0,153,32,19307260554,68945147853,70547314808
1790904278,49808756,103061684224,0,0,0,0,0,4,4,7443990,37,1317,0,0,0,153,32,19307260554,68945147853,70547314808
1790904279,49794608,103078895616,0,0,0,0,0,4,4,7443990,37,1317,0,0,0,153,32,19307260554,68945147853,70547314808
1790904280,49754588,103069048832,0,0,0,0,0,4,4,7452165,37,1317,0,0,0,153,32,19307260554,68945147853,70547314808
1790904281,49732448,103064707072,0,0,0,0,0,4,4,7452165,37,1317,0,0,0,153,32,19307260554,68945147853,70547314808
1790904282,49743928,103048708096,0,0,0,0,0,4,4,7460774,37,1318,0,0,0,153,32,19307260554,68945147853,70547314808
1790904283,49769648,103058558976,0,0,0,0,0,4,4,7460774,37,1318,0,0,0,153,32,19307260554,68945147853,70547314808
1790904284,49783284,103079215104,0,0,0,0,0,4,4,7470372,37,1318,0,0,0,153,32,19307260554,68945147853,70547314808
1790904285,49771608,103072808960,0,0,0,0,0,4,4,7480251,37,1318,0,0,0,153,32,19307260554,68945147853,70547314808
1790904286,49789416,103071760384,0,0,0,0,0,4,4,7480251,37,1318,0,0,0,153,32,19307260554,68945147853,70547314808
1790904287,49765612,103049129984,0,0,0,0,0,4,4,7489291,37,1318,0,0,0,153,32,19307260554,68945147853,70547314808
1790904288,49776532,103072698368,0,0,0,0,0,4,4,7489291,37,1318,0,0,0,153,32,19307260554,68945147853,70547314808
1790904289,49797708,103078436864,0,0,0,0,0,4,4,7497523,37,1318,0,0,0,153,32,19307260554,68945147853,70547314808
1790904291,49816580,103071444992,0,0,0,0,0,4,4,7497523,37,1318,0,0,0,153,32,19307260554,68945147853,70547314808
1790904292,49842556,103078699008,0,0,0,0,0,4,4,7506053,37,1318,0,0,0,153,32,19307260554,68945147853,70547314808
1790904293,49870304,103066202112,0,0,0,0,0,4,4,7506053,37,1318,0,0,0,153,32,19307260554,68945147853,70547314808
1790904294,49896072,103050493952,0,0,0,0,0,4,4,7515725,37,1318,0,0,0,153,32,19307260554,68945147853,70547314808
1790904295,49927808,103044608000,0,0,0,0,0,4,4,7515725,37,1318,0,0,0,153,32,19307260554,68945147853,70547314808
1790904296,49960720,103071805440,0,0,0,0,0,4,4,7525388,37,1318,0,0,0,153,32,19307260554,68945147853,70547314808
1790904297,49994032,103069573120,0,0,0,0,0,4,4,7525388,37,1318,0,0,0,153,32,19307260554,68945147853,70547314808
1790904298,50019552,103069757440,0,0,0,0,0,4,4,7534479,37,1318,0,0,0,153,32,19307260554,68945147853,70547314808
1790904299,50033356,103049842688,0,0,0,0,0,4,4,7534479,37,1318,0,0,0,153,32,19307260554,68945147853,70547314808
1790904300,50070196,103069626368,0,0,0,0,0,4,4,7543290,37,1318,0,0,0,153,32,19307260554,68945147853,70547314808
1790904301,50113724,103071567872,0,0,0,0,0,4,4,7543290,37,1318,0,0,0,153,32,19307260554,68945147853,70547314808
1790904302,50142892,103057735680,0,0,0,0,0,4,4,7553078,37,1318,0,0,0,153,32,19307260554,68945147853,70547314808
1790904303,50175576,103061987328,0,0,0,0,0,4,4,7553078,37,1318,0,0,0,153,32,19307260554,68945147853,70547314808
1790904304,50206788,103072067584,0,0,0,0,0,4,4,7562739,37,1318,0,0,0,153,32,19307260554,68945147853,70547314808
1790904305,50234336,103070896128,0,0,0,0,0,4,4,7562739,37,1318,0,0,0,153,32,19307260554,68945147853,70547314808
1790904306,50260348,103052042240,0,0,0,0,0,4,4,7570868,37,1318,0,0,0,153,32,19307260554,68945147853,70547314808
1790904307,50299492,103064924160,0,0,0,0,0,4,4,7579444,37,1318,0,0,0,153,32,19307260554,68945147853,70547314808
1790904308,50342800,103076696064,0,0,0,0,0,4,4,7579444,37,1318,0,0,0,153,32,19307260554,68945147853,70547314808
1790904310,50378452,103073087488,0,0,0,0,0,4,4,7589360,37,1318,0,0,0,153,32,19307260554,68945147853,70547314808
1790904311,50373916,103076601856,0,0,0,0,0,4,4,7589360,37,1318,0,0,0,153,32,19307260554,68945147853,70547314808
1790904312,50386680,103077666816,0,0,0,0,0,4,4,7597628,37,1318,0,0,0,153,32,19307260554,68945147853,70547314808
1790904313,50404700,103079215104,0,0,0,0,0,4,4,7597628,37,1318,0,0,0,153,32,19307260554,68945147853,70547314808
1790904314,50419440,103075254272,0,0,0,0,0,4,4,7605511,37,1318,0,0,0,153,32,19307260554,68945147853,70547314808
1790904315,50443548,103073402880,0,0,0,0,0,4,4,7605511,37,1318,0,0,0,153,32,19307260554,68945147853,70547314808
1790904316,50464164,103049150464,0,0,0,0,0,4,4,7613789,37,1318,0,0,0,153,32,19307260554,68945147853,70547314808
1790904317,50504176,103064997888,0,0,0,0,0,4,4,7613789,37,1318,0,0,0,153,32,19307260554,68945147853,70547314808
1790904318,50550404,103079084032,0,0,0,0,0,4,4,7623651,37,1318,0,0,0,153,32,19307260554,68945147853,70547314808
1790904319,50609244,103073959936,0,0,0,0,0,4,4,7623651,37,1318,0,0,0,153,32,19307260554,68945147853,70547314808
1790904320,50666908,103070015488,0,0,0,0,0,4,4,7633455,37,1318,0,0,0,153,32,19307260554,68945147853,70547314808
1790904321,50711020,103076548608,0,0,0,0,0,4,4,7633455,37,1318,0,0,0,153,32,19307260554,68945147853,70547314808
1790904322,50691640,103059562496,0,0,0,0,0,4,4,7642539,37,1318,0,0,0,153,32,19307260554,68945147853,70547314808
1790904323,50724080,103079202816,0,0,0,0,0,4,4,7642539,37,1318,0,0,0,153,32,19307260554,68945147853,70547314808
1790904324,50757724,103045595136,0,0,0,0,0,4,4,7651838,37,1319,0,0,0,153,32,19307260554,68945147853,70547314808
1790904325,50801624,103060115456,0,0,0,0,0,4,4,7651838,37,1319,0,0,0,153,32,19307260554,68945147853,70547314808
1790904326,50832776,103063965696,0,0,0,0,0,4,4,7661834,37,1319,0,0,0,153,32,19307260554,68945147853,70547314808
1790904327,50869520,103069896704,0,0,0,0,0,4,4,7661834,37,1319,0,0,0,153,32,19307260554,68945147853,70547314808
1790904329,50893048,103076208640,0,0,0,0,0,4,4,7672104,37,1319,0,0,0,153,32,19307260554,68945147853,70547314808
1790904330,50918032,103059255296,0,0,0,0,0,4,4,7682483,37,1319,0,0,0,153,32,19307260554,68945147853,70547314808
1790904331,50935224,103064858624,0,0,0,0,0,4,4,7682483,37,1319,0,0,0,153,32,19307260554,68945147853,70547314808
1790904332,50933664,103044714496,0,0,0,0,0,4,4,7691748,37,1319,0,0,0,153,32,19307260554,68945147853,70547314808
1790904333,50949168,103074353152,0,0,0,0,0,4,4,7691748,37,1319,0,0,0,153,32,19307260554,68945147853,70547314808
1790904334,50915440,103058825216,0,0,0,0,0,4,4,7701066,37,1319,0,0,0,153,32,19307260554,68945147853,70547314808
1790904335,50928364,103079202816,0,0,0,0,0,4,4,7701066,37,1319,0,0,0,153,32,19307260554,68945147853,70547314808
1790904336,50953248,103078404096,0,0,0,0,0,4,4,7710915,37,1319,0,0,0,153,32,19307260554,68945147853,70547314808
1790904337,50974540,103073218560,0,0,0,0,0,4,4,7710915,37,1319,0,0,0,153,32,19307260554,68945147853,70547314808
1790904338,51004096,103075311616,0,0,0,0,0,4,4,7721395,37,1319,0,0,0,153,32,19307260554,68945147853,70547314808
1790904339,51022052,103063777280,0,0,0,0,0,4,4,7721395,37,1319,0,0,0,153,32,19307260554,68945147853,70547314808
1790904340,51042684,103071608832,0,0,0,0,0,4,4,7732299,37,1319,0,0,0,153,32,19307260554,68945147853,70547314808
1790904341,51077116,103061000192,0,0,0,0,0,4,4,7732299,37,1319,0,0,0,153,32,19307260554,68945147853,70547314808
1790904342,51103360,103079215104,0,0,0,0,0,4,4,7742094,37,1319,0,0,0,153,32,19307260554,68945147853,70547314808
1790904343,51139860,103073738752,0,0,0,0,0,4,4,7742094,37,1319,0,0,0,153,32,19307260554,68945147853,70547314808
1790904344,51169852,103065665536,0,0,0,0,0,4,4,7752119,37,1319,0,0,0,153,32,19307260554,68945147853,70547314808
1790904345,51230636,103079194624,0,0,0,0,0,4,4,7752119,37,1319,0,0,0,153,32,19307260554,68945147853,70547314808
1790904346,51265380,103071903744,0,0,0,0,0,4,4,7762842,37,1319,0,0,0,153,32,19307260554,68945147853,70547314808
1790904347,51293420,103068418048,0,0,0,0,0,4,4,7762842,37,1319,0,0,0,153,32,19307260554,68945147853,70547314808
1790904349,51324692,103069704192,0,0,0,0,0,4,4,7771068,37,1319,0,0,0,153,32,19307260554,68945147853,70547314808
1790904350,51354360,103074820096,0,0,0,0,0,4,4,7778875,37,1319,0,0,0,153,32,19307260554,68945147853,70547314808
1790904351,51392792,103069376512,0,0,0,0,0,4,4,7778875,37,1319,0,0,0,153,32,19307260554,68945147853,70547314808
1790904352,51429324,103079071744,0,0,0,0,0,4,4,7787554,37,1319,0,0,0,153,32,19307260554,68945147853,70547314808
1790904353,51481708,103069224960,0,0,0,0,0,4,4,7787554,37,1319,0,0,0,153,32,19307260554,68945147853,70547314808
1790904354,51531300,103078309888,0,0,0,0,0,4,4,7798034,37,1319,0,0,0,153,32,19307260554,68945147853,70547314808
1790904355,51572532,103045750784,0,0,0,0,0,4,4,7798034,37,1319,0,0,0,153,32,19307260554,68945147853,70547314808
1790904356,51603084,103076716544,0,0,0,0,0,4,4,7806723,37,1319,0,0,0,153,32,19307260554,68945147853,70547314808
1790904357,51633760,103073284096,0,0,0,0,0,4,4,7806723,37,1319,0,0,0,153,32,19307260554,68945147853,70547314808
1790904358,51675556,103056699392,0,0,0,0,0,4,4,7813844,37,1319,0,0,0,153,32,19307260554,68945147853,70547314808
1790904359,51736788,103075139584,0,0,0,0,0,4,4,7813844,37,1319,0,0,0,153,32,19307260554,68945147853,70547314808
1790904360,51690540,103063785472,0,0,0,0,0,4,4,7824218,37,1320,0,0,0,153,32,19307260554,68945147853,70547314808
1790904361,51727832,103071350784,0,0,0,0,0,4,4,7824218,37,1320,0,0,0,153,32,19307260554,68945147853,70547314808
1790904362,51759980,103077224448,0,0,0,0,0,4,4,7831993,37,1320,0,0,0,153,32,19307260554,68945147853,70547314808
1790904363,51780668,103073529856,0,0,0,0,0,4,4,7831993,37,1320,0,0,0,153,32,19307260554,68945147853,70547314808
1790904364,51795896,103066312704,0,0,0,0,0,4,4,7839689,37,1320,0,0,0,153,32,19307260554,68945147853,70547314808
1790904365,51831840,103074926592,0,0,0,0,0,4,4,7839689,37,1320,0,0,0,153,32,19307260554,68945147853,70547314808
1790904366,51881904,103062671360,0,0,0,0,0,4,4,7848723,37,1320,0,0,0,153,32,19307260554,68945147853,70547314808
1790904367,51938028,103076810752,0,0,0,0,0,4,4,7848723,37,1320,0,0,0,153,32,19307260554,68945147853,70547314808
1790904368,51881468,103047495680,0,0,0,0,0,4,4,7859042,37,1320,0,0,0,153,32,19307260554,68945147853,70547314808
1790904370,51931088,103066652672,0,0,0,0,0,4,4,7859042,37,1320,0,0,0,153,32,19307260554,68945147853,70547314808
1790904371,51970424,103055736832,0,0,0,0,0,4,4,7869196,37,1321,0,0,0,153,32,19307260554,68945147853,70547314808
1790904372,52004420,103070867456,0,0,0,0,0,4,4,7877608,37,1321,0,0,0,153,32,19307260554,68945147853,70547314808
1790904373,52037056,103057477632,0,0,0,0,0,4,4,7877608,37,1321,0,0,0,153,32,19307260554,68945147853,70547314808
1790904374,52067088,103074344960,0,0,0,0,0,4,4,7885804,37,1321,0,0,0,153,32,19307260554,68945147853,70547314808
1790904375,52097596,103066931200,0,0,0,0,0,4,4,7885804,37,1321,0,0,0,153,32,19307260554,68945147853,70547314808
1790904376,52059524,103058399232,0,0,0,0,0,4,4,7895784,37,1322,0,0,0,153,32,19307260554,68945147853,70547314808
1790904377,52097992,103046066176,0,0,0,0,0,4,4,7895784,37,1322,0,0,0,153,32,19307260554,68945147853,70547314808
1790904378,52148556,103068897280,0,0,0,0,0,4,4,7905811,37,1322,0,0,0,153,32,19307260554,68945147853,70547314808
1790904379,52196260,103058489344,0,0,0,0,0,4,4,7905811,37,1322,0,0,0,153,32,19307260554,68945147853,70547314808
1790904380,52238216,103069577216,0,0,0,0,0,4,4,7915265,37,1322,0,0,0,153,32,19307260554,68945147853,70547314808
1790904381,52288216,103069364224,0,0,0,0,0,4,4,7915265,37,1322,0,0,0,153,32,19307260554,68945147853,70547314808
1790904382,52319404,103075778560,0,0,0,0,0,4,4,7924773,37,1322,0,0,0,153,32,19307260554,68945147853,70547314808
1790904383,52317308,103077384192,0,0,0,0,0,4,4,7924773,37,1322,0,0,0,153,32,19307260554,68945147853,70547314808
1790904384,52355584,103073247232,0,0,0,0,0,4,4,7934854,37,1322,0,0,0,153,32,19307260554,68945147853,70547314808
1790904385,52388444,103078412288,0,0,0,0,0,4,4,7934854,37,1322,0,0,0,153,32,19307260554,68945147853,70547314808
1790904386,52420020,103076200448,0,0,0,0,0,4,4,7944933,37,1322,0,0,0,153,32,19307260554,68945147853,70547314808
1790904387,52443368,103067488256,0,0,0,0,0,4,4,7944933,37,1322,0,0,0,153,32,19307260554,68945147853,70547314808
1790904389,52474184,103075741696,0,0,0,0,0,4,4,7953771,37,1322,0,0,0,153,32,19307260554,68945147853,70547314808
1790904390,52510476,103061000192,0,0,0,0,0,4,4,7953771,37,1322,0,0,0,153,32,19307260554,68945147853,70547314808
1790904391,52538784,103060127744,0,0,0,0,0,4,4,7962855,37,1322,0,0,0,153,32,19307260554,68945147853,70547314808
1790904392,52578536,103072714752,0,0,0,0,0,4,4,7962855,37,1322,0,0,0,153,32,19307260554,68945147853,70547314808
1790904393,52618680,103077355520,0,0,0,0,0,4,4,7972629,37,1322,0,0,0,153,32,19307260554,68945147853,70547314808
1790904394,52658716,103078768640,0,0,0,0,0,4,4,7982859,37,1322,0,0,0,153,32,19307260554,68945147853,70547314808
1790904395,52695948,103071191040,0,0,0,0,0,4,4,7982859,37,1322,0,0,0,153,32,19307260554,68945147853,70547314808
1790904396,52735968,103079030784,0,0,0,0,0,4,4,7993051,37,1322,0,0,0,153,32,19307260554,68945147853,70547314808
1790904397,52774328,103031476224,0,0,0,0,0,4,4,7993051,37,1322,0,0,0,153,32,19307260554,68945147853,70547314808
1790904398,52818464,103065911296,0,0,0,0,0,4,4,8001947,37,1322,0,0,0,153,32,19307260554,68945147853,70547314808
1790904399,52860828,103076929536,0,0,0,0,0,4,4,8001947,37,1322,0,0,0,153,32,19307260554,68945147853,70547314808
1790904400,52917332,103063949312,0,0,0,0,0,4,4,8011371,37,1322,0,0,0,153,32,19307260554,68945147853,70547314808
1790904401,52978660,103072915456,0,0,0,0,0,4,4,8011371,37,1322,0,0,0,153,32,19307260554,68945147853,70547314808
1790904402,53037152,103065604096,0,0,0,0,0,4,4,8021535,37,1322,0,0,0,153,32,19307260554,68945147853,70547314808
1790904403,53082892,103063400448,0,0,0,0,0,4,4,8021535,37,1322,0,0,0,153,32,19307260554,68945147853,70547314808
1790904404,53123356,103046193152,0,0,0,0,0,4,4,8031645,37,1322,0,0,0,153,32,19307260554,68945147853,70547314808
1790904405,53166484,103063126016,0,0,0,0,0,4,4,8031645,37,1322,0,0,0,153,32,19307260554,68945147853,70547314808
1790904406,53207552,103076999168,0,0,0,0,0,4,4,8041795,37,1322,0,0,0,153,32,19307260554,68945147853,70547314808
1790904407,53247936,103079010304,0,0,0,0,0,4,4,8041795,37,1322,0,0,0,153,32,19307260554,68945147853,70547314808
1790904408,53290360,103061094400,0,0,0,0,0,4,4,8051887,37,1322,0,0,0,153,32,19307260554,68945147853,70547314808
1790904410,53314364,103066906624,0,0,0,0,0,4,4,8051887,37,1322,0,0,0,153,32,19307260554,68945147853,70547314808
1790904411,53324680,103075590144,0,0,0,0,0,4,4,8061335,37,1322,0,0,0,153,32,19307260554,68945147853,70547314808
1790904412,53373788,103063506944,0,0,0,0,0,4,4,8061335,37,1322,0,0,0,153,32,19307260554,68945147853,70547314808
1790904413,53432468,103039946752,0,0,0,0,0,4,4,8070563,37,1322,0,0,0,153,32,19307260554,68945147853,70547314808
1790904414,53464640,103045926912,0,0,0,0,0,4,4,8070563,37,1322,0,0,0,153,32,19307260554,68945147853,70547314808
1790904415,53510388,103074078720,0,0,0,0,0,4,4,8080742,37,1322,0,0,0,153,32,19307260554,68945147853,70547314808
1790904416,53543256,103077195776,0,0,0,0,0,4,4,8090889,37,1322,0,0,0,153,32,19307260554,68945147853,70547314808
1790904417,53560132,103050579968,0,0,0,0,0,4,4,8090889,37,1322,0,0,0,153,32,19307260554,68945147853,70547314808
1790904418,53578000,103030394880,0,0,0,0,0,4,4,8099864,37,1322,0,0,0,153,32,19307260554,68945147853,70547314808
1790904419,53600224,103072489472,0,0,0,0,0,4,4,8099864,37,1322,0,0,0,153,32,19307260554,68945147853,70547314808
1790904420,53603504,103073050624,0,0,0,0,0,4,4,8109515,37,1322,0,0,0,153,32,19307260554,68945147853,70547314808
1790904421,53627824,103074557952,0,0,0,0,0,4,4,8109515,37,1322,0,0,0,153,32,19307260554,68945147853,70547314808
1790904422,53660988,103062159360,0,0,0,0,0,4,4,8119852,37,1322,0,0,0,153,32,19307260554,68945147853,70547314808
1790904423,53665284,103057383424,0,0,0,0,0,4,4,8119852,37,1322,0,0,0,153,32,19307260554,68945147853,70547314808
1790904424,53692560,103077408768,0,0,0,0,0,4,4,8129603,37,1322,0,0,0,153,32,19307260554,68945147853,70547314808
1790904425,53720892,103062265856,0,0,0,0,0,4,4,8129603,37,1322,0,0,0,153,32,19307260554,68945147853,70547314808
1790904426,53754096,103066234880,0,0,0,0,0,4,4,8138337,37,1322,0,0,0,153,32,19307260554,68945147853,70547314808
1790904427,53783368,103076007936,0,0,0,0,0,4,4,8138337,37,1322,0,0,0,153,32,19307260554,68945147853,70547314808
1790904428,53812144,103075491840,0,0,0,0,0,4,4,8147755,37,1322,0,0,0,153,32,19307260554,68945147853,70547314808
1790904430,53836100,103075450880,0,0,0,0,0,4,4,8147755,37,1322,0,0,0,153,32,19307260554,68945147853,70547314808
1790904431,53868412,103077494784,0,0,0,0,0,4,4,8158128,37,1322,0,0,0,153,32,19307260554,68945147853,70547314808
1790904432,53894492,103078539264,0,0,0,0,0,4,4,8158128,37,1322,0,0,0,153,32,19307260554,68945147853,70547314808
1790904433,53920200,103072555008,0,0,0,0,0,4,4,8167982,37,1322,0,0,0,153,32,19307260554,68945147853,70547314808
1790904434,53947212,103077212160,0,0,0,0,0,4,4,8167982,37,1322,0,0,0,153,32,19307260554,68945147853,70547314808
1790904435,53971580,103076311040,0,0,0,0,0,4,4,8176154,37,1322,0,0,0,153,32,19307260554,68945147853,70547314808
1790904436,53982088,103074615296,0,0,0,0,0,4,4,8176154,37,1322,0,0,0,153,32,19307260554,68945147853,70547314808
1790904437,54019596,103077593088,0,0,0,0,0,4,4,8185865,37,1322,0,0,0,153,32,19307260554,68945147853,70547314808
1790904438,54052844,103078629376,0,0,0,0,0,4,4,8195965,37,1322,0,0,0,153,32,19307260554,68945147853,70547314808
1790904439,54078192,103074000896,0,0,0,0,0,4,4,8195965,37,1322,0,0,0,153,32,19307260554,68945147853,70547314808
1790904440,54108472,103068950528,0,0,0,0,0,4,4,8204474,37,1322,0,0,0,153,32,19307260554,68945147853,70547314808
1790904441,54136476,103071432704,0,0,0,0,0,4,4,8204474,37,1322,0,0,0,153,32,19307260554,68945147853,70547314808
1790904442,54171008,103051489280,0,0,0,0,0,4,4,8212876,37,1322,0,0,0,153,32,19307260554,68945147853,70547314808
1790904443,54203904,103073542144,0,0,0,0,0,4,4,8212876,37,1322,0,0,0,153,32,19307260554,68945147853,70547314808
1790904444,54245256,103076204544,0,0,0,0,0,4,4,8222640,37,1322,0,0,0,153,32,19307260554,68945147853,70547314808
1790904445,54283112,103078666240,0,0,0,0,0,4,4,8222640,37,1322,0,0,0,153,32,19307260554,68945147853,70547314808
1790904446,54162736,103074029568,0,0,0,0,0,4,4,8233297,37,1323,0,0,0,153,32,19307260554,68945147853,70547314808
1790904447,54200780,103076274176,0,0,0,0,0,4,4,8233297,37,1323,0,0,0,153,32,19307260554,68945147853,70547314808
1790904448,54234636,103060008960,0,0,0,0,0,4,4,8242648,37,1323,0,0,0,153,32,19307260554,68945147853,70547314808
1790904450,54276236,103077339136,0,0,0,0,0,4,4,8242648,37,1323,0,0,0,153,32,19307260554,68945147853,70547314808
1790904451,54322380,103076470784,0,0,0,0,0,4,4,8253078,37,1323,0,0,0,153,32,19307260554,68945147853,70547314808
1790904452,54340916,103073832960,0,0,0,0,0,4,4,8253078,37,1323,0,0,0,153,32,19307260554,68945147853,70547314808
1790904453,54361532,103071793152,0,0,0,0,0,4,4,8264151,37,1323,0,0,0,153,32,19307260554,68945147853,70547314808
1790904454,54393840,103072964608,0,0,0,0,0,4,4,8264151,37,1323,0,0,0,153,32,19307260554,68945147853,70547314808
1790904455,54424272,103077548032,0,0,0,0,0,4,4,8273894,37,1323,0,0,0,153,32,19307260554,68945147853,70547314808
1790904456,54448820,103078653952,0,0,0,0,0,4,4,8273894,37,1323,0,0,0,153,32,19307260554,68945147853,70547314808
1790904457,54326588,103063801856,0,0,0,0,0,4,4,8283664,37,1323,0,0,0,153,32,19307260554,68945147853,70547314808
1790904458,54368872,103073656832,0,0,0,0,0,4,4,8283664,37,1323,0,0,0,153,32,19307260554,68945147853,70547314808
1790904459,54377916,103073480704,0,0,0,0,0,4,4,8293951,37,1324,0,0,0,153,32,19307260554,68945147853,70547314808
1790904460,54416640,103079206912,0,0,0,0,0,4,4,8293951,37,1324,0,0,0,153,32,19307260554,68945147853,70547314808
1790904461,54432216,103061921792,0,0,0,0,0,4,4,8305567,37,1324,0,0,0,153,32,19307260554,68945147853,70547314808
1790904462,54445892,103060180992,0,0,0,0,0,4,4,8317187,37,1324,0,0,0,153,32,19307260554,68945147853,70547314808
1790904463,54464412,103079133184,0,0,0,0,0,4,4,8317187,37,1324,0,0,0,153,32,19307260554,68945147853,70547314808
1790904464,54482504,103072989184,0,0,0,0,0,4,4,8327843,37,1324,0,0,0,153,32,19307260554,68945147853,70547314808
1790904465,54499536,103079112704,0,0,0,0,0,4,4,8327843,37,1324,0,0,0,153,32,19307260554,68945147853,70547314808
1790904466,54508392,103073923072,0,0,0,0,0,4,4,8338049,37,1324,0,0,0,153,32,19307260554,68945147853,70547314808
1790904467,54547820,100255113216,0,0,0,0,0,4,4,8338049,37,1324,0,0,0,153,32,19307260554,68945147853,70547314808
1790904468,54699984,94258839552,0,0,0,0,0,4,4,8348653,38,1310,0,0,0,153,33,19307260554,171374398169,183786848920
1790904469,54777168,87093133312,0,0,0,0,0,4,4,8348653,38,1310,0,0,0,153,33,19307260554,171374398169,183786848920
1790904471,54811364,83713966080,0,0,0,0,0,4,4,8359808,38,1302,0,0,0,153,33,19307260554,171374398169,183786848920
1790904472,54838356,84351856640,0,0,0,0,0,4,4,8359808,38,1302,0,0,0,153,33,19307260554,171374398169,183786848920
1790904473,54855848,84932132864,0,0,0,0,0,4,4,8371310,38,1302,0,0,0,153,33,19307260554,171374398169,183786848920
1790904474,54836864,85530386432,0,0,0,0,0,4,4,8371310,38,1302,0,0,0,153,33,19307260554,171374398169,183786848920
1790904475,54845596,86165446656,0,0,0,0,0,4,4,8383119,38,1302,0,0,0,153,33,19307260554,171374398169,183786848920
1790904476,54866480,86796386304,0,0,0,0,0,4,4,8383119,38,1302,0,0,0,153,33,19307260554,171374398169,183786848920
1790904477,54908164,87456288768,0,0,0,0,0,4,4,8395110,38,1302,0,0,0,153,33,19307260554,171374398169,183786848920
1790904478,54934868,88116510720,0,0,0,0,0,4,4,8395110,38,1302,0,0,0,153,33,19307260554,171374398169,183786848920
1790904479,54997960,88808914944,0,0,0,0,0,4,4,8407018,38,1302,0,0,0,153,33,19307260554,171374398169,183786848920
1790904480,55046616,89475596288,0,0,0,0,0,4,4,8407018,38,1302,0,0,0,153,33,19307260554,171374398169,183786848920
1790904481,55103500,90151489536,0,0,0,0,0,4,4,8419092,38,1302,0,0,0,153,33,19307260554,171374398169,183786848920
1790904482,55148744,90814398464,0,0,0,0,0,4,4,8419092,38,1302,0,0,0,153,33,19307260554,171374398169,183786848920
1790904483,55179008,91459837952,0,0,0,0,0,4,4,8431211,38,1302,0,0,0,153,33,19307260554,171374398169,183786848920
1790904484,55225336,92118904832,0,0,0,0,0,4,4,8443450,38,1302,0,0,0,153,33,19307260554,171374398169,183786848920
1790904485,55243252,92767289344,0,0,0,0,0,4,4,8443450,38,1302,0,0,0,153,33,19307260554,171374398169,183786848920
1790904486,55267052,93406801920,0,0,0,0,0,4,4,8455567,38,1302,0,0,0,153,33,19307260554,171374398169,183786848920
1790904487,55281088,94036516864,0,0,0,0,0,4,4,8455567,38,1302,0,0,0,153,33,19307260554,171374398169,183786848920
1790904488,55296524,94668509184,0,0,0,0,0,4,4,8467841,38,1302,0,0,0,153,33,19307260554,171374398169,183786848920
1790904489,55313264,95298621440,0,0,0,0,0,4,4,8467841,38,1302,0,0,0,153,33,19307260554,171374398169,183786848920
1790904491,55351484,96045473792,0,0,0,0,0,4,4,8480176,38,1302,0,0,0,153,33,19307260554,171374398169,183786848920
1790904492,55371232,97013719040,0,0,0,0,0,4,4,8480176,38,1302,0,0,0,153,33,19307260554,171374398169,183786848920
1790904493,55382312,97664163840,0,0,0,0,0,5,5,8491532,38,1304,1,0,1,153,33,19307260554,171374398169,183786848920
1790904494,55400636,98350473216,0,0,0,0,0,5,5,8491532,38,1304,1,0,1,153,33,19307260554,171374398169,183786848920
1790904495,55406624,99048079360,0,0,0,0,0,5,5,8502877,38,1307,1,0,1,153,33,19307260554,171374398169,183786848920
1790904496,55409368,99816984576,0,0,0,0,0,5,5,8502877,38,1307,1,0,1,153,33,19307260554,171374398169,183786848920
1790904497,55399244,100571140096,0,0,0,0,0,5,5,8514161,38,1316,1,0,1,153,33,19307260554,171374398169,183786848920
1790904498,55401956,101321277440,0,0,0,0,0,5,5,8514161,38,1316,1,0,1,153,33,19307260554,171374398169,183786848920
1790904499,55405020,102049280000,0,0,0,0,0,5,5,8525263,38,1324,1,0,1,153,33,19307260554,171374398169,183786848920
1790904500,55379892,102763159552,0,0,0,0,0,5,5,8525263,38,1324,1,0,1,153,33,19307260554,171374398169,183786848920
1790904501,55371752,103076773888,0,0,0,0,0,5,5,8536319,38,1333,1,0,1,153,33,19307260554,171374398169,183786848920
1790904502,55364592,103074058240,0,0,0,0,0,5,5,8536319,38,1333,1,0,1,153,33,19307260554,171374398169,183786848920
1790904503,55337904,103064895488,0,0,0,0,0,5,5,8547336,38,1338,1,0,1,153,33,19307260554,171374398169,183786848920
1790904504,55326036,103075438592,0,0,0,0,0,5,5,8547336,38,1338,1,0,1,153,33,19307260554,171374398169,183786848920
1790904505,55325048,103076974592,0,0,0,0,0,5,5,8558463,38,1338,1,0,1,153,33,19307260554,171374398169,183786848920
1790904506,55332584,103079010304,0,0,0,0,0,5,5,8569633,38,1338,1,0,1,153,33,19307260554,171374398169,183786848920
1790904507,55307204,103065919488,0,0,0,0,0,5,5,8569633,38,1338,1,0,1,153,33,19307260554,171374398169,183786848920
1790904508,55300416,103063367680,0,0,0,0,0,5,5,8580756,38,1338,1,0,1,153,33,19307260554,171374398169,183786848920
1790904509,55297204,103074222080,0,0,0,0,0,5,5,8580756,38,1338,1,0,1,153,33,19307260554,171374398169,183786848920
1790904510,55275436,102481858560,0,0,0,0,0,5,5,8591751,38,1339,1,0,1,153,33,19307260554,171374398169,183786848920
1790904512,53015580,101141450752,0,0,0,0,0,5,5,8591751,38,1339,1,0,1,153,33,19307260554,171374398169,183786848920
1790904513,51913148,101096210432,0,0,0,0,0,5,5,8597935,40,1344,0,4,0,191,34,24135497821,171377775042,183793605586
1790904514,51765868,101989244928,0,0,0,0,0,5,5,8597935,40,1344,0,4,0,191,34,24135497821,171377775042,183793605586
1790904515,51425688,102734278656,0,0,0,0,0,5,5,8603572,40,1355,0,4,0,191,34,24135497821,171377775042,183793605586
1790904516,50829072,103023120384,0,0,0,0,0,5,5,8603572,40,1355,0,4,0,191,34,24135497821,171377775042,183793605586
1790904517,50157444,103062200320,0,0,0,0,0,5,5,8607835,40,1367,0,4,0,191,34,24135497821,171377775042,183793605586
1790904518,49157832,102983610368,0,0,0,0,0,5,5,8607835,40,1367,0,4,0,191,34,24135497821,171377775042,183793605586
1790904519,48536000,103074840576,0,0,0,0,0,5,5,8612789,40,1388,0,4,0,191,34,24135497821,171377775042,183793605586
1790904520,47740260,103071186944,0,0,0,0,0,5,5,8612789,40,1388,0,4,0,191,34,24135497821,171377775042,183793605586
1790904521,47392784,103067901952,0,0,0,0,0,5,5,8618284,40,1401,0,4,0,191,34,24135497821,171377775042,183793605586
1790904522,47232100,103068811264,0,0,0,0,0,5,5,8618284,40,1401,0,4,0,191,34,24135497821,171377775042,183793605586
1790904523,47093476,103055912960,0,0,0,0,0,5,5,8623925,40,1410,0,4,0,191,34,24135497821,171377775042,183793605586
1790904524,47074192,103072370688,0,0,0,0,0,5,5,8623925,40,1410,0,4,0,191,34,24135497821,171377775042,183793605586
1790904525,47136268,103072534528,0,0,0,0,0,5,5,8629735,40,1425,0,4,0,191,34,24135497821,171377775042,183793605586
1790904526,47048472,103071281152,0,0,0,0,0,5,5,8635523,40,1437,0,4,0,191,34,24135497821,171377775042,183793605586
1790904527,47078840,103074672640,0,0,0,0,0,5,5,8635523,40,1437,0,4,0,191,34,24135497821,171377775042,183793605586
1790904528,47122620,103074357248,0,0,0,0,0,5,5,8640459,40,1453,0,4,0,191,34,24135497821,171377775042,183793605586
1790904530,47144456,103071973376,0,0,0,0,0,5,5,8640459,40,1453,0,4,0,191,34,24135497821,171377775042,183793605586
1790904531,47158788,103071584256,0,0,0,0,0,5,5,8646904,40,1468,0,4,0,191,34,24135497821,171377775042,183793605586
1790904532,47127972,103052902400,0,0,0,0,0,5,5,8646904,40,1468,0,4,0,191,34,24135497821,171377775042,183793605586
1790904533,47191364,103075880960,0,0,0,0,0,5,5,8654787,41,1433,0,3,0,191,35,24135497821,172208278857,184735983544
1790904534,47236248,101287792640,0,0,0,0,0,5,5,8654787,41,1433,0,3,0,191,35,24135497821,172208278857,184735983544
1790904535,47269720,99955949568,0,0,0,0,0,5,5,8661076,42,1404,0,2,0,191,36,24135497821,174774328794,187445694279
1790904536,47320484,99342315520,0,0,0,0,0,5,5,8661076,42,1404,0,2,0,191,36,24135497821,174774328794,187445694279
1790904537,47327644,101280866304,0,0,0,0,0,5,5,8665618,45,1340,0,0,0,191,39,24135497821,179908461627,192840233340
1790904538,47364500,103025405952,0,0,0,0,0,5,5,8665618,45,1340,0,0,0,191,39,24135497821,179908461627,192840233340
1790904539,47392612,101165400064,0,0,0,0,0,5,5,8671478,46,1353,0,0,0,191,40,24135497821,182699036955,195630807176
1790904540,47434964,102416494592,0,0,0,0,0,5,5,8671478,46,1353,0,0,0,191,40,24135497821,182699036955,195630807176
1790904541,47448140,103062700032,0,0,0,0,0,5,5,8678669,46,1365,0,0,0,191,40,24135497821,182699036955,195630807176
1790904542,47485384,103066218496,0,0,0,0,0,5,5,8678669,46,1365,0,0,0,191,40,24135497821,182699036955,195630807176
1790904543,47511832,103077666816,0,0,0,0,0,5,5,8686218,46,1373,0,0,0,191,40,24135497821,182699036955,195630807176
1790904544,47515144,103064981504,0,0,0,0,0,5,5,8686218,46,1373,0,0,0,191,40,24135497821,182699036955,195630807176
1790904545,47542264,103051329536,0,0,0,0,0,5,5,8694168,46,1378,0,0,0,191,40,24135497821,182699036955,195630807176
1790904546,47527500,103075745792,0,0,0,0,0,5,5,8704392,46,1383,0,0,0,191,40,24135497821,182699036955,195630807176
1790904548,47579204,103070294016,0,0,0,0,0,5,5,8704392,46,1383,0,0,0,191,40,24135497821,182699036955,195630807176
1790904549,47618184,103076712448,0,0,0,0,0,5,5,8715105,46,1385,0,0,0,191,40,24135497821,182699036955,195630807176
1790904550,47643600,100641931264,0,0,0,0,0,5,5,8715105,46,1385,0,0,0,191,40,24135497821,182699036955,195630807176
1790904551,47673128,98816819200,0,0,0,0,0,5,5,8725466,47,1356,0,0,0,191,41,24135497821,185266086089,198340601355
1790904552,47731688,99417149440,0,0,0,0,0,5,5,8725466,47,1356,0,0,0,191,41,24135497821,185266086089,198340601355
1790904553,47780868,100038176768,0,0,0,0,0,5,5,8736278,48,1321,0,0,0,191,42,24135497821,187749985306,200892722104
1790904554,47825640,100732510208,0,0,0,0,0,5,5,8736278,48,1321,0,0,0,191,42,24135497821,187749985306,200892722104
1790904555,47867532,101434859520,0,0,0,0,0,5,5,8748379,48,1321,0,0,0,191,42,24135497821,187749985306,200892722104
1790904556,47907652,102123397120,0,0,0,0,0,5,5,8748379,48,1321,0,0,0,191,42,24135497821,187749985306,200892722104
1790904557,47957692,102823239680,0,0,0,0,0,5,5,8760866,48,1321,0,0,0,191,42,24135497821,187749985306,200892722104
1790904558,48001464,103076614144,0,0,0,0,0,5,5,8760866,48,1321,0,0,0,191,42,24135497821,187749985306,200892722104
1790904559,48041768,103077085184,0,0,0,0,0,5,5,8773145,48,1321,0,0,0,191,42,24135497821,187749985306,200892722104
1790904560,48076428,103075123200,0,0,0,0,0,5,5,8773145,48,1321,0,0,0,191,42,24135497821,187749985306,200892722104
1790904561,48105900,103056461824,0,0,0,0,0,5,5,8785377,48,1321,0,0,0,191,42,24135497821,187749985306,200892722104
1790904562,48130312,103058169856,0,0,0,0,0,5,5,8785377,48,1321,0,0,0,191,42,24135497821,187749985306,200892722104
1790904563,48142096,103049412608,0,0,0,0,0,5,5,8797758,48,1321,0,0,0,191,42,24135497821,187749985306,200892722104
1790904564,48155012,103061262336,0,0,0,0,0,5,5,8797758,48,1321,0,0,0,191,42,24135497821,187749985306,200892722104
1790904565,48176152,103069896704,0,0,0,0,0,5,5,8810102,48,1321,0,0,0,191,42,24135497821,187749985306,200892722104
1790904566,48209164,103060611072,0,0,0,0,0,5,5,8810102,48,1321,0,0,0,191,42,24135497821,187749985306,200892722104
1790904567,48231772,103058669568,0,0,0,0,0,5,5,8822376,48,1321,0,0,0,191,42,24135497821,187749985306,200892722104
1790904568,48271152,103057006592,0,0,0,0,0,5,5,8822376,48,1321,0,0,0,191,42,24135497821,187749985306,200892722104
1790904570,48301724,103074848768,0,0,0,0,0,5,5,8834573,48,1321,0,0,0,191,42,24135497821,187749985306,200892722104
1790904571,48323972,103078461440,0,0,0,0,0,5,5,8846878,48,1321,0,0,0,191,42,24135497821,187749985306,200892722104
1790904572,48325008,103074000896,0,0,0,0,0,5,5,8846878,48,1321,0,0,0,191,42,24135497821,187749985306,200892722104
1790904573,48352252,103069351936,0,0,0,0,0,5,5,8859140,48,1321,0,0,0,191,42,24135497821,187749985306,200892722104
1790904574,48392264,103075397632,0,0,0,0,0,5,5,8859140,48,1321,0,0,0,191,42,24135497821,187749985306,200892722104
1790904575,48423816,103061450752,0,0,0,0,0,5,5,8871226,48,1321,0,0,0,191,42,24135497821,187749985306,200892722104
1790904576,48467916,103063252992,0,0,0,0,0,5,5,8871226,48,1321,0,0,0,191,42,24135497821,187749985306,200892722104
1790904577,48503436,103069917184,0,0,0,0,0,5,5,8883552,48,1321,0,0,0,191,42,24135497821,187749985306,200892722104
1790904578,48534372,103069618176,0,0,0,0,0,5,5,8883552,48,1321,0,0,0,191,42,24135497821,187749985306,200892722104
1790904579,48534840,103057973248,0,0,0,0,0,5,5,8895981,48,1321,0,0,0,191,42,24135497821,187749985306,200892722104
1790904580,48546728,103078952960,0,0,0,0,0,5,5,8895981,48,1321,0,0,0,191,42,24135497821,187749985306,200892722104
1790904581,48567040,103075962880,0,0,0,0,0,5,5,8908099,48,1321,0,0,0,191,42,24135497821,187749985306,200892722104
1790904582,48588496,103079112704,0,0,0,0,0,5,5,8908099,48,1321,0,0,0,191,42,24135497821,187749985306,200892722104
1790904583,48602732,103061737472,0,0,0,0,0,5,5,8920441,48,1321,0,0,0,191,42,24135497821,187749985306,200892722104
1790904584,48626684,103078711296,0,0,0,0,0,5,5,8920441,48,1321,0,0,0,191,42,24135497821,187749985306,200892722104
1790904585,48654720,103076970496,0,0,0,0,0,5,5,8932816,48,1321,0,0,0,191,42,24135497821,187749985306,200892722104
1790904586,48665204,103068856320,0,0,0,0,0,5,5,8932816,48,1321,0,0,0,191,42,24135497821,187749985306,200892722104
1790904587,48682880,103075012608,0,0,0,0,0,5,5,8944891,48,1321,0,0,0,191,42,24135497821,187749985306,200892722104
1790904588,48706056,103047340032,0,0,0,0,0,5,5,8944891,48,1321,0,0,0,191,42,24135497821,187749985306,200892722104
1790904589,48734888,103023673344,0,0,0,0,0,5,5,8957261,48,1321,0,0,0,191,42,24135497821,187749985306,200892722104
1790904591,48738044,103079215104,0,0,0,0,0,5,5,8957261,48,1321,0,0,0,191,42,24135497821,187749985306,200892722104
1790904592,48760968,103073796096,0,0,0,0,0,5,5,8969655,48,1321,0,0,0,191,42,24135497821,187749985306,200892722104
1790904593,48763668,103062667264,0,0,0,0,0,5,5,8982163,48,1321,0,0,0,191,42,24135497821,187749985306,200892722104
1790904594,48779872,103066611712,0,0,0,0,0,5,5,8982163,48,1321,0,0,0,191,42,24135497821,187749985306,200892722104
1790904595,48774544,103078551552,0,0,0,0,0,5,5,8994639,48,1321,0,0,0,191,42,24135497821,187749985306,200892722104
1790904596,48766884,103045259264,0,0,0,0,0,5,5,8994639,48,1321,0,0,0,191,42,24135497821,187749985306,200892722104
1790904597,48771140,103076347904,0,0,0,0,0,5,5,9007208,48,1321,0,0,0,191,42,24135497821,187749985306,200892722104
1790904598,48791672,103073603584,0,0,0,0,0,5,5,9007208,48,1321,0,0,0,191,42,24135497821,187749985306,200892722104
1790904599,48821656,103046098944,0,0,0,0,0,5,5,9019693,48,1321,0,0,0,191,42,24135497821,187749985306,200892722104
1790904600,48847852,103077031936,0,0,0,0,0,5,5,9019693,48,1321,0,0,0,191,42,24135497821,187749985306,200892722104
1790904601,48886728,103073959936,0,0,0,0,0,5,5,9032112,48,1321,0,0,0,191,42,24135497821,187749985306,200892722104
1790904602,48921116,103050637312,0,0,0,0,0,5,5,9032112,48,1321,0,0,0,191,42,24135497821,187749985306,200892722104
1790904603,48954232,103046774784,0,0,0,0,0,5,5,9044520,48,1321,0,0,0,191,42,24135497821,187749985306,200892722104
1790904604,48993784,103077601280,0,0,0,0,0,5,5,9044520,48,1321,0,0,0,191,42,24135497821,187749985306,200892722104
1790904605,49010700,103061942272,0,0,0,0,0,5,5,9057032,48,1321,0,0,0,191,42,24135497821,187749985306,200892722104
1790904606,49032164,103055929344,0,0,0,0,0,5,5,9057032,48,1321,0,0,0,191,42,24135497821,187749985306,200892722104
1790904607,49069400,103054991360,0,0,0,0,0,5,5,9069493,48,1321,0,0,0,191,42,24135497821,187749985306,200892722104
1790904608,49089444,103069523968,0,0,0,0,0,5,5,9069493,48,1321,0,0,0,191,42,24135497821,187749985306,200892722104
1790904609,49108296,103058710528,0,0,0,0,0,5,5,9082022,48,1321,0,0,0,191,42,24135497821,187749985306,200892722104
1790904611,49130676,103074738176,0,0,0,0,0,5,5,9082022,48,1321,0,0,0,191,42,24135497821,187749985306,200892722104
1790904612,49161852,103053664256,0,0,0,0,0,5,5,9094535,48,1321,0,0,0,191,42,24135497821,187749985306,200892722104
1790904613,49191400,103048560640,0,0,0,0,0,5,5,9094535,48,1321,0,0,0,191,42,24135497821,187749985306,200892722104
1790904614,49210116,103052124160,0,0,0,0,0,5,5,9106963,48,1321,0,0,0,191,42,24135497821,187749985306,200892722104
1790904615,49238604,103072956416,0,0,0,0,0,5,5,9119489,48,1321,0,0,0,191,42,24135497821,187749985306,200892722104
1790904616,49262288,103059394560,0,0,0,0,0,5,5,9119489,48,1321,0,0,0,191,42,24135497821,187749985306,200892722104
1790904617,49293704,103054553088,0,0,0,0,0,5,5,9131975,48,1321,0,0,0,191,42,24135497821,187749985306,200892722104
1790904618,49355140,103070564352,0,0,0,0,0,5,5,9131975,48,1321,0,0,0,191,42,24135497821,187749985306,200892722104
1790904619,49411752,103075581952,0,0,0,0,0,5,5,9144546,48,1321,0,0,0,191,42,24135497821,187749985306,200892722104
1790904620,49464456,103058231296,0,0,0,0,0,5,5,9144546,48,1321,0,0,0,191,42,24135497821,187749985306,200892722104
1790904621,49526328,103067234304,0,0,0,0,0,5,5,9157029,48,1321,0,0,0,191,42,24135497821,187749985306,200892722104
1790904622,49606924,103069749248,0,0,0,0,0,5,5,9157029,48,1321,0,0,0,191,42,24135497821,187749985306,200892722104
1790904623,49660152,103079079936,0,0,0,0,0,5,5,9169241,48,1321,0,0,0,191,42,24135497821,187749985306,200892722104
1790904624,49728004,103050219520,0,0,0,0,0,5,5,9169241,48,1321,0,0,0,191,42,24135497821,187749985306,200892722104
1790904625,49764588,103076564992,0,0,0,0,0,5,5,9181849,48,1321,0,0,0,191,42,24135497821,187749985306,200892722104
1790904626,49828936,103051317248,0,0,0,0,0,5,5,9181849,48,1321,0,0,0,191,42,24135497821,187749985306,200892722104
1790904627,49888652,103060312064,0,0,0,0,0,5,5,9194374,48,1321,0,0,0,191,42,24135497821,187749985306,200892722104
1790904628,49949976,103067717632,0,0,0,0,0,5,5,9194374,48,1321,0,0,0,191,42,24135497821,187749985306,200892722104
1790904629,50012728,103071588352,0,0,0,0,0,5,5,9206787,48,1321,0,0,0,191,42,24135497821,187749985306,200892722104
1790904630,50061796,103055265792,0,0,0,0,0,5,5,9206787,48,1321,0,0,0,191,42,24135497821,187749985306,200892722104
1790904632,50115692,103077552128,0,0,0,0,0,5,5,9219188,48,1321,0,0,0,191,42,24135497821,187749985306,200892722104
1790904633,50159400,103054028800,0,0,0,0,0,5,5,9219188,48,1321,0,0,0,191,42,24135497821,187749985306,200892722104
1790904634,50195196,103058358272,0,0,0,0,0,5,5,9231733,48,1321,0,0,0,191,42,24135497821,187749985306,200892722104
1790904635,50211828,103064018944,0,0,0,0,0,5,5,9231733,48,1321,0,0,0,191,42,24135497821,187749985306,200892722104
1790904636,50241644,103049703424,0,0,0,0,0,5,5,9244246,48,1321,0,0,0,191,42,24135497821,187749985306,200892722104
1790904637,50256540,103071481856,0,0,0,0,0,5,5,9244246,48,1321,0,0,0,191,42,24135497821,187749985306,200892722104
1790904638,50271032,103061368832,0,0,0,0,0,5,5,9256844,48,1321,0,0,0,191,42,24135497821,187749985306,200892722104
1790904639,50297892,103062429696,0,0,0,0,0,5,5,9269303,48,1321,0,0,0,191,42,24135497821,187749985306,200892722104
1790904640,50328248,103066345472,0,0,0,0,0,5,5,9269303,48,1321,0,0,0,191,42,24135497821,187749985306,200892722104
1790904641,50362996,103060869120,0,0,0,0,0,5,5,9281722,48,1321,0,0,0,191,42,24135497821,187749985306,200892722104
1790904642,50403672,103049129984,0,0,0,0,0,5,5,9281722,48,1321,0,0,0,191,42,24135497821,187749985306,200892722104
1790904643,50435228,103073206272,0,0,0,0,0,5,5,9294040,48,1321,0,0,0,191,42,24135497821,187749985306,200892722104
1790904644,50481092,103074603008,0,0,0,0,0,5,5,9294040,48,1321,0,0,0,191,42,24135497821,187749985306,200892722104
1790904645,50523932,103072526336,0,0,0,0,0,5,5,9306485,48,1321,0,0,0,191,42,24135497821,187749985306,200892722104
1790904646,50563076,103074512896,0,0,0,0,0,5,5,9306485,48,1321,0,0,0,191,42,24135497821,187749985306,200892722104
1790904647,50581440,103060840448,0,0,0,0,0,5,5,9318926,48,1321,0,0,0,191,42,24135497821,187749985306,200892722104
1790904648,50624208,103073226752,0,0,0,0,0,5,5,9318926,48,1321,0,0,0,191,42,24135497821,187749985306,200892722104
1790904649,50666616,103059775488,0,0,0,0,0,5,5,9331440,48,1321,0,0,0,191,42,24135497821,187749985306,200892722104
1790904650,50726776,103078817792,0,0,0,0,0,5,5,9331440,48,1321,0,0,0,191,42,24135497821,187749985306,200892722104
1790904651,50765300,103045615616,0,0,0,0,0,5,5,9343997,48,1321,0,0,0,191,42,24135497821,187749985306,200892722104
1790904653,50818976,103049113600,0,0,0,0,0,5,5,9343997,48,1321,0,0,0,191,42,24135497821,187749985306,200892722104
1790904654,50873116,103063617536,0,0,0,0,0,5,5,9356141,48,1321,0,0,0,191,42,24135497821,187749985306,200892722104
1790904655,50925016,103024189440,0,0,0,0,0,5,5,9356141,48,1321,0,0,0,191,42,24135497821,187749985306,200892722104
1790904656,50970568,103064707072,0,0,0,0,0,5,5,9368569,48,1321,0,0,0,191,42,24135497821,187749985306,200892722104
1790904657,51030744,103071711232,0,0,0,0,0,5,5,9368569,48,1321,0,0,0,191,42,24135497821,187749985306,200892722104
1790904658,51087432,103069810688,0,0,0,0,0,5,5,9381087,48,1321,0,0,0,191,42,24135497821,187749985306,200892722104
1790904659,51142448,103064272896,0,0,0,0,0,5,5,9381087,48,1321,0,0,0,191,42,24135497821,187749985306,200892722104
1790904660,51187040,103078461440,0,0,0,0,0,5,5,9393485,48,1321,0,0,0,191,42,24135497821,187749985306,200892722104
1790904661,51235144,103072010240,0,0,0,0,0,5,5,9405914,48,1321,0,0,0,191,42,24135497821,187749985306,200892722104
1790904662,51272696,103075475456,0,0,0,0,0,5,5,9405914,48,1321,0,0,0,191,42,24135497821,187749985306,200892722104
1790904663,51319468,103051104256,0,0,0,0,0,5,5,9418396,48,1321,0,0,0,191,42,24135497821,187749985306,200892722104
1790904664,51379564,103078805504,0,0,0,0,0,5,5,9418396,48,1321,0,0,0,191,42,24135497821,187749985306,200892722104
1790904665,51414444,103062433792,0,0,0,0,0,5,5,9430866,48,1321,0,0,0,191,42,24135497821,187749985306,200892722104
1790904666,51452084,103064096768,0,0,0,0,0,5,5,9430866,48,1321,0,0,0,191,42,24135497821,187749985306,200892722104
1790904667,51524652,103078146048,0,0,0,0,0,5,5,9443377,48,1321,0,0,0,191,42,24135497821,187749985306,200892722104
1790904668,51582040,103053176832,0,0,0,0,0,5,5,9443377,48,1321,0,0,0,191,42,24135497821,187749985306,200892722104
1790904669,51620168,103039500288,0,0,0,0,0,5,5,9455957,48,1321,0,0,0,191,42,24135497821,187749985306,200892722104
1790904670,51659144,103056273408,0,0,0,0,0,5,5,9455957,48,1321,0,0,0,191,42,24135497821,187749985306,200892722104
1790904671,51694856,103055659008,0,0,0,0,0,5,5,9468565,48,1321,0,0,0,191,42,24135497821,187749985306,200892722104
1790904672,51733188,103071731712,0,0,0,0,0,5,5,9468565,48,1321,0,0,0,191,42,24135497821,187749985306,200892722104
1790904674,51759000,103067320320,0,0,0,0,0,5,5,9481061,48,1321,0,0,0,191,42,24135497821,187749985306,200892722104
1790904675,51790716,103078178816,0,0,0,0,0,5,5,9481061,48,1321,0,0,0,191,42,24135497821,187749985306,200892722104
1790904676,51832532,103052488704,0,0,0,0,0,5,5,9493568,48,1321,0,0,0,191,42,24135497821,187749985306,200892722104
1790904677,51872856,103079174144,0,0,0,0,0,5,5,9493568,48,1321,0,0,0,191,42,24135497821,187749985306,200892722104
1790904678,51919648,103076036608,0,0,0,0,0,5,5,9506012,48,1321,0,0,0,191,42,24135497821,187749985306,200892722104
1790904679,51953004,103075737600,0,0,0,0,0,5,5,9506012,48,1321,0,0,0,191,42,24135497821,187749985306,200892722104
1790904680,52006852,103073148928,0,0,0,0,0,5,5,9518415,48,1321,0,0,0,191,42,24135497821,187749985306,200892722104
1790904681,52067684,103073546240,0,0,0,0,0,5,5,9518415,48,1321,0,0,0,191,42,24135497821,187749985306,200892722104
1790904682,52135948,103072727040,0,0,0,0,0,5,5,9530753,48,1321,0,0,0,191,42,24135497821,187749985306,200892722104
1790904683,52193368,103059714048,0,0,0,0,0,5,5,9543153,48,1321,0,0,0,191,42,24135497821,187749985306,200892722104
1790904684,52235092,103075254272,0,0,0,0,0,5,5,9543153,48,1321,0,0,0,191,42,24135497821,187749985306,200892722104
1790904685,52273708,103069073408,0,0,0,0,0,5,5,9555314,48,1321,0,0,0,191,42,24135497821,187749985306,200892722104
1790904686,52319688,103072829440,0,0,0,0,0,5,5,9555314,48,1321,0,0,0,191,42,24135497821,187749985306,200892722104
1790904687,52365260,103057403904,0,0,0,0,0,5,5,9567684,48,1321,0,0,0,191,42,24135497821,187749985306,200892722104
1790904688,52406540,103058898944,0,0,0,0,0,5,5,9567684,48,1321,0,0,0,191,42,24135497821,187749985306,200892722104
1790904689,52430144,103079215104,0,0,0,0,0,5,5,9580211,48,1321,0,0,0,191,42,24135497821,187749985306,200892722104
1790904690,52448264,103053012992,0,0,0,0,0,5,5,9580211,48,1321,0,0,0,191,42,24135497821,187749985306,200892722104
1790904691,52477300,103053447168,0,0,0,0,0,5,5,9592679,48,1321,0,0,0,191,42,24135497821,187749985306,200892722104
1790904692,52495488,103075188736,0,0,0,0,0,5,5,9592679,48,1321,0,0,0,191,42,24135497821,187749985306,200892722104
1790904693,52514716,103059476480,0,0,0,0,0,5,5,9605029,48,1321,0,0,0,191,42,24135497821,187749985306,200892722104
1790904695,52531480,103078141952,0,0,0,0,0,5,5,9605029,48,1321,0,0,0,191,42,24135497821,187749985306,200892722104
1790904696,52525196,103070998528,0,0,0,0,0,5,5,9617452,48,1321,0,0,0,191,42,24135497821,187749985306,200892722104
1790904697,52536932,103064440832,0,0,0,0,0,5,5,9617452,48,1321,0,0,0,191,42,24135497821,187749985306,200892722104
1790904698,52573824,103045660672,0,0,0,0,0,5,5,9630031,48,1321,0,0,0,191,42,24135497821,187749985306,200892722104
1790904699,52608476,103077961728,0,0,0,0,0,5,5,9630031,48,1321,0,0,0,191,42,24135497821,187749985306,200892722104
1790904700,52636644,103061811200,0,0,0,0,0,5,5,9642515,48,1321,0,0,0,191,42,24135497821,187749985306,200892722104
1790904701,52666556,103065907200,0,0,0,0,0,5,5,9642515,48,1321,0,0,0,191,42,24135497821,187749985306,200892722104
1790904702,52701392,103068454912,0,0,0,0,0,5,5,9654972,48,1321,0,0,0,191,42,24135497821,187749985306,200892722104
1790904703,52740636,103039983616,0,0,0,0,0,5,5,9654972,48,1321,0,0,0,191,42,24135497821,187749985306,200892722104
1790904704,52783444,103052001280,0,0,0,0,0,5,5,9667339,48,1321,0,0,0,191,42,24135497821,187749985306,200892722104
1790904705,52818032,103075192832,0,0,0,0,0,5,5,9679788,48,1321,0,0,0,191,42,24135497821,187749985306,200892722104
1790904706,52872320,103047483392,0,0,0,0,0,5,5,9679788,48,1321,0,0,0,191,42,24135497821,187749985306,200892722104
1790904707,52928544,103067480064,0,0,0,0,0,5,5,9692270,48,1321,0,0,0,191,42,24135497821,187749985306,200892722104
1790904708,52990740,103059795968,0,0,0,0,0,5,5,9692270,48,1321,0,0,0,191,42,24135497821,187749985306,200892722104
1790904709,53042928,103076962304,0,0,0,0,0,5,5,9704666,48,1321,0,0,0,191,42,24135497821,187749985306,200892722104
1790904710,53087844,103065784320,0,0,0,0,0,5,5,9704666,48,1321,0,0,0,191,42,24135497821,187749985306,200892722104
1790904711,53122624,103078977536,0,0,0,0,0,5,5,9717037,48,1321,0,0,0,191,42,24135497821,187749985306,200892722104
1790904712,53164244,103065350144,0,0,0,0,0,5,5,9717037,48,1321,0,0,0,191,42,24135497821,187749985306,200892722104
1790904713,53216844,103073710080,0,0,0,0,0,5,5,9729491,48,1321,0,0,0,191,42,24135497821,187749985306,200892722104
1790904714,53253816,103057358848,0,0,0,0,0,5,5,9729491,48,1321,0,0,0,191,42,24135497821,187749985306,200892722104
1790904716,53272220,103064256512,0,0,0,0,0,5,5,9741694,48,1321,0,0,0,191,42,24135497821,187749985306,200892722104
1790904717,53291640,103066419200,0,0,0,0,0,5,5,9741694,48,1321,0,0,0,191,42,24135497821,187749985306,200892722104
1790904718,53331324,103079051264,0,0,0,0,0,5,5,9754259,48,1321,0,0,0,191,42,24135497821,187749985306,200892722104
1790904719,53358392,103079202816,0,0,0,0,0,5,5,9754259,48,1321,0,0,0,191,42,24135497821,187749985306,200892722104
1790904720,53380128,103074095104,0,0,0,0,0,5,5,9766792,48,1321,0,0,0,191,42,24135497821,187749985306,200892722104
1790904721,53402396,103070306304,0,0,0,0,0,5,5,9766792,48,1321,0,0,0,191,42,24135497821,187749985306,200892722104
1790904722,53431916,103059914752,0,0,0,0,0,5,5,9779175,48,1321,0,0,0,191,42,24135497821,187749985306,200892722104
1790904723,53449412,103079206912,0,0,0,0,0,5,5,9779175,48,1321,0,0,0,191,42,24135497821,187749985306,200892722104
1790904724,53454860,103069102080,0,0,0,0,0,5,5,9791860,48,1321,0,0,0,191,42,24135497821,187749985306,200892722104
1790904725,53469772,103075704832,0,0,0,0,0,5,5,9791860,48,1321,0,0,0,191,42,24135497821,187749985306,200892722104
1790904726,53467920,103063183360,0,0,0,0,0,5,5,9804369,48,1321,0,0,0,191,42,24135497821,187749985306,200892722104
1790904727,53471780,103067074560,0,0,0,0,0,5,5,9804369,48,1321,0,0,0,191,42,24135497821,187749985306,200892722104
1790904728,53474480,103079194624,0,0,0,0,0,5,5,9816826,48,1321,0,0,0,191,42,24135497821,187749985306,200892722104
1790904729,53497140,103075139584,0,0,0,0,0,5,5,9829256,48,1321,0,0,0,191,42,24135497821,187749985306,200892722104
1790904730,53538336,103046340608,0,0,0,0,0,5,5,9829256,48,1321,0,0,0,191,42,24135497821,187749985306,200892722104
1790904731,53575440,103065161728,0,0,0,0,0,5,5,9841760,48,1321,0,0,0,191,42,24135497821,187749985306,200892722104
1790904732,53612760,103071600640,0,0,0,0,0,5,5,9841760,48,1321,0,0,0,191,42,24135497821,187749985306,200892722104
1790904733,53626580,103061213184,0,0,0,0,0,5,5,9854199,48,1321,0,0,0,191,42,24135497821,187749985306,200892722104
1790904734,53644344,103072292864,0,0,0,0,0,5,5,9854199,48,1321,0,0,0,191,42,24135497821,187749985306,200892722104
1790904735,53692988,103042727936,0,0,0,0,0,5,5,9866647,48,1321,0,0,0,191,42,24135497821,187749985306,200892722104
1790904737,53734508,103067680768,0,0,0,0,0,5,5,9866647,48,1321,0,0,0,191,42,24135497821,187749985306,200892722104
1790904738,53788512,103061057536,0,0,0,0,0,5,5,9879052,48,1321,0,0,0,191,42,24135497821,187749985306,200892722104
1790904739,53850488,103071154176,0,0,0,0,0,5,5,9879052,48,1321,0,0,0,191,42,24135497821,187749985306,200892722104
1790904740,53881612,103060721664,0,0,0,0,0,5,5,9891504,48,1321,0,0,0,191,42,24135497821,187749985306,200892722104
1790904741,53944824,103077875712,0,0,0,0,0,5,5,9891504,48,1321,0,0,0,191,42,24135497821,187749985306,200892722104
1790904742,53981228,103064920064,0,0,0,0,0,5,5,9903935,48,1321,0,0,0,191,42,24135497821,187749985306,200892722104
1790904743,54022312,103062716416,0,0,0,0,0,5,5,9903935,48,1321,0,0,0,191,42,24135497821,187749985306,200892722104
1790904744,54070832,103071186944,0,0,0,0,0,5,5,9916444,48,1321,0,0,0,191,42,24135497821,187749985306,200892722104
1790904745,54118236,103071019008,0,0,0,0,0,5,5,9916444,48,1321,0,0,0,191,42,24135497821,187749985306,200892722104
1790904746,54160176,103079030784,0,0,0,0,0,5,5,9928842,48,1321,0,0,0,191,42,24135497821,187749985306,200892722104
1790904747,54175940,103069388800,0,0,0,0,0,5,5,9928842,48,1321,0,0,0,191,42,24135497821,187749985306,200892722104
1790904748,54206352,103073566720,0,0,0,0,0,5,5,9941285,48,1321,0,0,0,191,42,24135497821,187749985306,200892722104
1790904749,54234960,103071899648,0,0,0,0,0,5,5,9941285,48,1321,0,0,0,191,42,24135497821,187749985306,200892722104
1790904750,54267752,103062634496,0,0,0,0,0,5,5,9953883,48,1321,0,0,0,191,42,24135497821,187749985306,200892722104
1790904751,54303480,103069618176,0,0,0,0,0,5,5,9966331,48,1321,0,0,0,191,42,24135497821,187749985306,200892722104
1790904752,54348208,103077089280,0,0,0,0,0,5,5,9966331,48,1321,0,0,0,191,42,24135497821,187749985306,200892722104
1790904753,54390180,103058071552,0,0,0,0,0,5,5,9978838,48,1321,0,0,0,191,42,24135497821,187749985306,200892722104
1790904754,54433400,103055286272,0,0,0,0,0,5,5,9978838,48,1321,0,0,0,191,42,24135497821,187749985306,200892722104
1790904755,54464000,103079108608,0,0,0,0,0,5,5,9991303,48,1321,0,0,0,191,42,24135497821,187749985306,200892722104
1790904756,54512632,103072907264,0,0,0,0,0,5,5,9991303,48,1321,0,0,0,191,42,24135497821,187749985306,200892722104
1790904758,54560208,103077429248,0,0,0,0,0,5,5,10003516,48,1321,0,0,0,191,42,24135497821,187749985306,200892722104
1790904759,54614296,103075975168,0,0,0,0,0,5,5,10003516,48,1321,0,0,0,191,42,24135497821,187749985306,200892722104
1790904760,54656680,103062474752,0,0,0,0,0,5,5,10015801,48,1321,0,0,0,191,42,24135497821,187749985306,200892722104
1790904761,54681388,103073210368,0,0,0,0,0,5,5,10015801,48,1321,0,0,0,191,42,24135497821,187749985306,200892722104
1790904762,54736888,103062228992,0,0,0,0,0,5,5,10028224,48,1321,0,0,0,191,42,24135497821,187749985306,200892722104
1790904763,54792200,103071600640,0,0,0,0,0,5,5,10028224,48,1321,0,0,0,191,42,24135497821,187749985306,200892722104
1790904764,54864312,103039901696,0,0,0,0,0,5,5,10040686,48,1321,0,0,0,191,42,24135497821,187749985306,200892722104
1790904765,54932604,103062618112,0,0,0,0,0,5,5,10040686,48,1321,0,0,0,191,42,24135497821,187749985306,200892722104
1790904766,54988132,103073943552,0,0,0,0,0,5,5,10053138,48,1321,0,0,0,191,42,24135497821,187749985306,200892722104
1790904767,55039936,103047307264,0,0,0,0,0,5,5,10053138,48,1321,0,0,0,191,42,24135497821,187749985306,200892722104
1790904768,55096464,103064854528,0,0,0,0,0,5,5,10065709,48,1321,0,0,0,191,42,24135497821,187749985306,200892722104
1790904769,55140144,103074316288,0,0,0,0,0,5,5,10065709,48,1321,0,0,0,191,42,24135497821,187749985306,200892722104
1790904770,55171684,103072661504,0,0,0,0,0,5,5,10078259,48,1321,0,0,0,191,42,24135497821,187749985306,200892722104
1790904771,55196256,103063994368,0,0,0,0,0,5,5,10078259,48,1321,0,0,0,191,42,24135497821,187749985306,200892722104
1790904772,55243904,103075262464,0,0,0,0,0,5,5,10090668,48,1321,0,0,0,191,42,24135497821,187749985306,200892722104
1790904773,55287492,103073718272,0,0,0,0,0,5,5,10103133,48,1321,0,0,0,191,42,24135497821,187749985306,200892722104
1790904774,55332796,103078121472,0,0,0,0,0,5,5,10103133,48,1321,0,0,0,191,42,24135497821,187749985306,200892722104
1790904775,55381568,103053930496,0,0,0,0,0,5,5,10115580,48,1321,0,0,0,191,42,24135497821,187749985306,200892722104
1790904776,55431332,103076061184,0,0,0,0,0,5,5,10115580,48,1321,0,0,0,191,42,24135497821,187749985306,200892722104
1790904777,55469652,103057489920,0,0,0,0,0,5,5,10128007,48,1321,0,0,0,191,42,24135497821,187749985306,200892722104
1790904779,55494660,103072538624,0,0,0,0,0,5,5,10128007,48,1321,0,0,0,191,42,24135497821,187749985306,200892722104
1790904780,55539144,103071727616,0,0,0,0,0,5,5,10140461,48,1321,0,0,0,191,42,24135497821,187749985306,200892722104
1790904781,55585776,103065464832,0,0,0,0,0,5,5,10140461,48,1321,0,0,0,191,42,24135497821,187749985306,200892722104
1790904782,55608268,103050313728,0,0,0,0,0,5,5,10152928,48,1321,0,0,0,191,42,24135497821,187749985306,200892722104
1790904783,55639584,103065575424,0,0,0,0,0,5,5,10152928,48,1321,0,0,0,191,42,24135497821,187749985306,200892722104
1790904784,55660312,103043039232,0,0,0,0,0,5,5,10165420,48,1321,0,0,0,191,42,24135497821,187749985306,200892722104
1790904785,55684752,103062118400,0,0,0,0,0,5,5,10165420,48,1321,0,0,0,191,42,24135497821,187749985306,200892722104
1790904786,55697544,103072964608,0,0,0,0,0,5,5,10177419,48,1321,0,0,0,191,42,24135497821,187749985306,200892722104
1790904787,55712500,103073509376,0,0,0,0,0,5,5,10177419,48,1321,0,0,0,191,42,24135497821,187749985306,200892722104
1790904788,55710892,103066140672,0,0,0,0,0,6,6,10184574,48,1322,1,0,1,191,42,24135497821,187749985306,200892722104
1790904789,55713512,103062511616,0,0,0,0,0,6,6,10184574,48,1322,1,0,1,191,42,24135497821,187749985306,200892722104
1790904790,55712864,103078764544,0,0,0,0,0,6,6,10185487,48,1327,1,0,1,191,42,24135497821,187749985306,200892722104
1790904791,55710764,103075151872,0,0,0,0,0,6,6,10185487,48,1327,1,0,1,191,42,24135497821,187749985306,200892722104
1790904792,55712000,103077556224,0,0,0,0,0,6,6,10185590,48,1337,1,0,1,191,42,24135497821,187749985306,200892722104
1790904793,55711932,103070478336,0,0,0,0,0,6,6,10185590,48,1337,1,0,1,191,42,24135497821,187749985306,200892722104
1790904794,55711592,103071592448,0,0,0,0,0,6,6,10185590,48,1347,1,0,1,191,42,24135497821,187749985306,200892722104
1790904795,55712148,103075160064,0,0,0,0,0,6,6,10185590,48,1347,1,0,1,191,42,24135497821,187749985306,200892722104
1790904796,55721200,103070826496,0,0,0,0,0,6,6,10185590,48,1357,1,0,1,191,42,24135497821,187749985306,200892722104
1790904797,55726768,103079161856,0,0,0,0,0,6,6,10185590,48,1357,1,0,1,191,42,24135497821,187749985306,200892722104
1790904798,55735608,103071330304,0,0,0,0,0,6,6,10185590,48,1357,1,0,1,191,42,24135497821,187749985306,200892722104
1790904799,55748384,103073406976,0,0,0,0,0,6,6,10185590,48,1357,1,0,1,191,42,24135497821,187749985306,200892722104
1790904800,55753324,103069499392,0,0,0,0,0,6,6,10185590,48,1357,1,0,1,191,42,24135497821,187749985306,200892722104
1790904801,55756964,103069999104,0,0,0,0,0,6,6,10185590,48,1357,1,0,1,191,42,24135497821,187749985306,200892722104
1790904802,55757640,103070433280,0,0,0,0,0,6,6,10185590,48,1357,1,0,1,191,42,24135497821,187749985306,200892722104
1790904803,52281348,99371343872,0,0,0,0,0,6,6,10185590,49,1362,0,4,0,229,42,28963181588,187749985306,200892722104
1790904805,52211940,101024731136,0,0,0,0,0,6,6,10185590,49,1362,0,4,0,229,42,28963181588,187749985306,200892722104
1790904806,52228784,102560616448,0,0,0,0,0,6,6,10185590,50,1374,0,3,0,229,43,28963181588,187753362182,200899477482
1790904807,52232140,103065423872,0,0,0,0,0,6,6,10185590,50,1374,0,3,0,229,43,28963181588,187753362182,200899477482
1790904808,52225328,103073611776,0,0,0,0,0,6,6,10185590,50,1393,0,3,0,229,43,28963181588,187753362182,200899477482
1790904809,52211976,103073751040,0,0,0,0,0,6,6,10185590,50,1393,0,3,0,229,43,28963181588,187753362182,200899477482
1790904810,52200252,103078174720,0,0,0,0,0,6,6,10185590,50,1409,0,3,0,229,43,28963181588,187753362182,200899477482
1790904811,52193692,103066775552,0,0,0,0,0,6,6,10185590,50,1409,0,3,0,229,43,28963181588,187753362182,200899477482
1790904812,52188348,103074414592,0,0,0,0,0,6,6,10185590,50,1428,0,3,0,229,43,28963181588,187753362182,200899477482
1790904813,52188752,103078813696,0,0,0,0,0,6,6,10185590,50,1428,0,3,0,229,43,28963181588,187753362182,200899477482
1790904814,52191008,102706589696,0,0,0,0,0,6,6,10185590,50,1448,0,3,0,229,43,28963181588,187753362182,200899477482
