ts,rss_kb,cg_mem_bytes,Tidesdb_write_stall_ceiling_hits,Tidesdb_writes_throttled,Tidesdb_writes_blocked,Tidesdb_write_stall_us,Tidesdb_stall_admission,Tidesdb_stall_rotate_lock,Tidesdb_stall_rotate_work,Tidesdb_stall_wal_append,Tidesdb_stall_manifest_commit,Tidesdb_open_sstables,Tidesdb_flush_pending,Tidesdb_compaction_queue,Tidesdb_immutable_memtables,Tidesdb_flush_count,Tidesdb_compaction_count,Tidesdb_flush_bytes_written,Tidesdb_compaction_bytes_written,Tidesdb_compaction_bytes_read
1790894989,783776,840974336,0,0,0,0,0,0,0,0,1,1,0,0,0,1,0,290,0,0
1790894990,837532,917123072,0,0,0,0,0,0,0,0,1,1,0,0,0,1,0,290,0,0
1790894991,1065492,1428029440,0,0,0,0,0,0,0,232,1,1233,0,0,0,1,0,290,0,0
1790894992,1465660,2266316800,0,0,0,0,0,0,0,232,1,1233,0,0,0,1,0,290,0,0
1790894993,2024660,3381448704,0,0,0,0,0,0,0,2072,1,1233,0,0,0,1,0,290,0,0
1790894995,2749800,4791222272,0,0,0,0,0,0,0,2072,1,1233,0,0,0,1,0,290,0,0
1790894996,3618224,6459498496,0,0,0,0,0,0,0,6198,1,1233,0,0,0,1,0,290,0,0
1790894997,4597144,8328896512,0,0,0,0,0,0,0,6198,1,1233,0,0,0,1,0,290,0,0
1790894998,5684836,10380873728,0,0,0,0,0,0,0,12295,1,1233,0,0,0,1,0,290,0,0
1790894999,6810584,12496949248,0,0,0,0,0,0,0,12295,1,1233,0,0,0,1,0,290,0,0
1790895000,7873012,14479294464,0,0,0,0,0,0,0,19925,1,1233,0,0,0,1,0,290,0,0
1790895001,8901344,16424312832,0,0,0,0,0,0,0,19925,1,1233,0,0,0,1,0,290,0,0
1790895002,9813408,18150187008,0,0,0,0,0,0,0,27887,1,1233,0,0,0,1,0,290,0,0
1790895003,10687704,19821330432,0,0,0,0,0,0,0,27887,1,1233,0,0,0,1,0,290,0,0
1790895004,11519712,21433143296,0,0,0,0,0,0,0,36167,1,1233,0,0,0,1,0,290,0,0
1790895005,12312228,22979391488,0,0,0,0,0,0,0,36167,1,1233,0,0,0,1,0,290,0,0
1790895006,13079188,24495849472,0,0,0,0,0,0,0,44611,1,1233,0,0,0,1,0,290,0,0
1790895007,13826756,25993150464,0,0,0,0,0,0,0,44611,1,1233,0,0,0,1,0,290,0,0
1790895008,14542600,27442458624,0,0,0,0,0,0,0,53539,1,1233,0,0,0,1,0,290,0,0
1790895009,15229600,28838227968,0,0,0,0,0,0,0,53539,1,1233,0,0,0,1,0,290,0,0
1790895010,15893012,30196703232,0,0,0,0,0,0,0,62509,1,1233,0,0,0,1,0,290,0,0
1790895011,16557948,31568281600,0,0,0,0,0,0,0,62509,1,1233,0,0,0,1,0,290,0,0
1790895012,17197908,32902103040,0,0,0,0,0,0,0,71710,1,1233,0,0,0,1,0,290,0,0
1790895013,17825668,34216005632,0,0,0,0,0,0,0,71710,1,1233,0,0,0,1,0,290,0,0
1790895014,18452528,35534704640,0,0,0,0,0,0,0,81092,1,1233,0,0,0,1,0,290,0,0
1790895015,19048536,36792324096,0,0,0,0,0,0,0,81092,1,1233,0,0,0,1,0,290,0,0
1790895016,19641356,38042619904,0,0,0,0,0,0,0,90782,1,1233,0,0,0,1,0,290,0,0
1790895017,20228056,39296724992,0,0,0,0,0,0,0,90782,1,1233,0,0,0,1,0,290,0,0
1790895018,20801980,40521388032,0,0,0,0,0,0,0,100522,1,1233,0,0,0,1,0,290,0,0
1790895020,21369472,41734131712,0,0,0,0,0,0,0,100522,1,1233,0,0,0,1,0,290,0,0
1790895021,21937220,42949906432,0,0,0,0,0,0,0,110156,1,1233,0,0,0,1,0,290,0,0
1790895022,22495344,44145356800,0,0,0,0,0,0,0,110156,1,1233,0,0,0,1,0,290,0,0
1790895023,23042344,45320192000,0,0,0,0,0,0,0,120191,1,1233,0,0,0,1,0,290,0,0
1790895024,23589292,46496686080,0,0,0,0,0,0,0,120191,1,1233,0,0,0,1,0,290,0,0
1790895025,24120748,47644848128,0,0,0,0,0,0,0,130246,1,1233,0,0,0,1,0,290,0,0
1790895026,24656992,48798576640,0,0,0,0,0,0,0,140411,1,1233,0,0,0,1,0,290,0,0
1790895027,25197644,49971556352,0,0,0,0,0,0,0,140411,1,1233,0,0,0,1,0,290,0,0
1790895028,25727160,51113357312,0,0,0,0,0,0,0,150617,1,1233,0,0,0,1,0,290,0,0
1790895029,26241932,52229169152,0,0,0,0,0,0,0,150617,1,1233,0,0,0,1,0,290,0,0
1790895030,26753796,53348429824,0,0,0,0,0,0,0,160977,1,1233,0,0,0,1,0,290,0,0
1790895031,27268524,54465589248,0,0,0,0,0,0,0,160977,1,1233,0,0,0,1,0,290,0,0
1790895032,27783108,55587549184,0,0,0,0,0,0,0,171479,1,1233,0,0,0,1,0,290,0,0
1790895033,28305508,56722935808,0,0,0,0,0,0,0,171479,1,1233,0,0,0,1,0,290,0,0
1790895034,28812732,57830227968,0,0,0,0,0,0,0,181863,1,1233,0,0,0,1,0,290,0,0
1790895035,29314268,58914885632,0,0,0,0,0,0,0,181863,1,1233,0,0,0,1,0,290,0,0
1790895036,29821368,60022702080,0,0,0,0,0,0,0,192372,1,1233,0,0,0,1,0,290,0,0
1790895037,30325932,61121728512,0,0,0,0,0,0,0,192372,1,1233,0,0,0,1,0,290,0,0
1790895038,30829636,62220636160,0,0,0,0,0,0,0,202934,1,1233,0,0,0,1,0,290,0,0
1790895039,31337060,63331184640,0,0,0,0,0,0,0,202934,1,1233,0,0,0,1,0,290,0,0
1790895040,31832036,64416247808,0,0,0,0,0,0,0,213560,1,1233,0,0,0,1,0,290,0,0
1790895041,32330408,65505497088,0,0,0,0,0,0,0,213560,1,1233,0,0,0,1,0,290,0,0
1790895043,32830364,66599714816,0,0,0,0,0,0,0,224330,1,1233,0,0,0,1,0,290,0,0
1790895044,33325024,67678273536,0,0,0,0,0,0,0,224330,1,1233,0,0,0,1,0,290,0,0
1790895045,33819712,68758384640,0,0,0,0,0,0,0,235136,1,1233,0,0,0,1,0,290,0,0
1790895046,34310484,69838831616,0,0,0,0,0,0,0,235136,1,1233,0,0,0,1,0,290,0,0
1790895047,34812068,70936199168,0,0,0,0,0,0,0,245883,1,1233,0,0,0,1,0,290,0,0
1790895048,35306572,72022126592,0,0,0,0,0,0,0,245883,1,1233,0,0,0,1,0,290,0,0
1790895049,35791904,73083871232,0,0,0,0,0,0,0,256741,1,1233,0,0,0,1,0,290,0,0
1790895050,36276348,74146967552,0,0,0,0,0,0,0,267705,1,1233,0,0,0,1,0,290,0,0
1790895051,36761852,75210944512,0,0,0,0,0,0,0,267705,1,1233,0,0,0,1,0,290,0,0
1790895052,37237072,76266606592,0,0,0,0,0,0,0,278476,1,1233,0,0,0,1,0,290,0,0
1790895053,37568864,77168402432,0,0,0,0,0,0,0,278476,1,1233,0,0,0,1,0,290,0,0
1790895054,37710756,77886230528,0,0,0,0,0,0,0,289370,1,1233,0,0,0,1,0,290,0,0
1790895055,37793508,78544588800,0,0,0,0,0,0,0,289370,1,1233,0,0,0,1,0,290,0,0
1790895056,37852868,79175360512,0,0,0,0,0,0,0,300429,1,1233,0,0,0,1,0,290,0,0
1790895057,37921004,79816396800,0,0,0,0,0,0,0,300429,1,1233,0,0,0,1,0,290,0,0
1790895058,37985796,80447393792,0,0,0,0,0,0,0,311581,1,1233,0,0,0,1,0,290,0,0
1790895059,38076072,81105387520,0,0,0,0,0,0,0,311581,1,1233,0,0,0,1,0,290,0,0
1790895060,38162188,81759834112,0,0,0,0,0,0,0,322759,1,1233,0,0,0,1,0,290,0,0
1790895061,38238788,82399809536,0,0,0,0,0,0,0,322759,1,1233,0,0,0,1,0,290,0,0
1790895062,38309504,83026980864,0,0,0,0,0,0,0,333871,1,1233,0,0,0,1,0,290,0,0
1790895063,38390432,83675729920,0,0,0,0,0,0,0,333871,1,1233,0,0,0,1,0,290,0,0
1790895064,38470856,84324683776,0,0,0,0,0,0,0,345151,1,1233,0,0,0,1,0,290,0,0
1790895066,38550304,84983955456,0,0,0,0,0,0,0,345151,1,1233,0,0,0,1,0,290,0,0
1790895067,38641884,85644554240,0,0,0,0,0,0,0,356351,1,1233,0,0,0,1,0,290,0,0
1790895068,38735528,86296014848,0,0,0,0,0,0,0,356351,1,1233,0,0,0,1,0,290,0,0
1790895069,38831920,86953439232,0,0,0,0,0,0,0,367614,1,1233,0,0,0,1,0,290,0,0
1790895070,38930908,87619514368,0,0,0,0,0,0,0,367614,1,1233,0,0,0,1,0,290,0,0
1790895071,39019336,88282017792,0,0,0,0,0,0,0,378901,1,1233,0,0,0,1,0,290,0,0
1790895072,39109064,88943230976,0,0,0,0,0,0,0,378901,1,1233,0,0,0,1,0,290,0,0
1790895073,39187184,89583513600,0,0,0,0,0,0,0,390204,1,1233,0,0,0,1,0,290,0,0
1790895074,39261420,90231394304,0,0,0,0,0,0,0,390204,1,1233,0,0,0,1,0,290,0,0
1790895075,39342064,90870575104,0,0,0,0,0,0,0,401527,1,1233,0,0,0,1,0,290,0,0
1790895076,39421772,91512307712,0,0,0,0,0,0,0,412889,1,1233,0,0,0,1,0,290,0,0
1790895077,39480612,92138868736,0,0,0,0,0,0,0,412889,1,1233,0,0,0,1,0,290,0,0
1790895078,39538172,92755398656,0,0,0,0,0,0,0,424307,1,1233,0,0,0,1,0,290,0,0
1790895079,39580248,93355352064,0,0,0,0,0,0,0,424307,1,1233,0,0,0,1,0,290,0,0
1790895080,39623804,93963100160,0,0,0,0,0,0,0,435962,1,1233,0,0,0,1,0,290,0,0
1790895081,39677004,94543339520,0,0,0,0,0,0,0,435962,1,1233,0,0,0,1,0,290,0,0
1790895082,39741528,95163289600,0,0,0,0,0,0,0,447194,1,1233,0,0,0,1,0,290,0,0
1790895083,39809432,95798288384,0,0,0,0,0,0,0,447194,1,1233,0,0,0,1,0,290,0,0
1790895084,39876316,96410955776,0,0,0,0,0,0,0,458663,1,1233,0,0,0,1,0,290,0,0
1790895085,39942856,97046568960,0,0,0,0,0,0,0,458663,1,1233,0,0,0,1,0,290,0,0
1790895086,40000180,97665904640,0,0,0,0,0,0,0,470318,1,1233,0,0,0,1,0,290,0,0
1790895087,40059764,98268307456,0,0,0,0,0,0,0,470318,1,1233,0,0,0,1,0,290,0,0
1790895088,40125156,98882109440,0,0,0,0,0,0,0,481947,1,1233,0,0,0,1,0,290,0,0
1790895090,40192252,99510964224,0,0,0,0,0,0,0,481947,1,1233,0,0,0,1,0,290,0,0
1790895091,40251632,100123189248,0,0,0,0,0,0,0,493598,1,1233,0,0,0,1,0,290,0,0
1790895092,40317356,100747923456,0,0,0,0,0,0,0,493598,1,1233,0,0,0,1,0,290,0,0
1790895093,40395276,101375860736,0,0,0,0,0,0,0,505258,1,1233,0,0,0,1,0,290,0,0
1790895094,40469948,102001344512,0,0,0,0,0,0,0,505258,1,1233,0,0,0,1,0,290,0,0
1790895095,40545300,102624542720,0,0,0,0,0,0,0,516977,1,1233,0,0,0,1,0,290,0,0
1790895096,40620948,103066685440,0,0,0,0,0,0,0,516977,1,1233,0,0,0,1,0,290,0,0
1790895097,40688224,103075373056,0,0,0,0,0,0,0,528586,1,1233,0,0,0,1,0,290,0,0
1790895098,40777796,103076139008,0,0,0,0,0,0,0,528586,1,1233,0,0,0,1,0,290,0,0
1790895099,40870316,103047405568,0,0,0,0,0,0,0,540144,1,1233,0,0,0,1,0,290,0,0
1790895100,40952508,103038382080,0,0,0,0,0,0,0,540144,1,1233,0,0,0,1,0,290,0,0
1790895101,41029460,103064043520,0,0,0,0,0,0,0,551703,1,1233,0,0,0,1,0,290,0,0
1790895102,41099592,103068725248,0,0,0,0,0,0,0,563254,1,1233,0,0,0,1,0,290,0,0
1790895103,41173164,103077285888,0,0,0,0,0,0,0,563254,1,1233,0,0,0,1,0,290,0,0
1790895104,41250432,103048499200,0,0,0,0,0,0,0,574855,1,1233,0,0,0,1,0,290,0,0
1790895105,41326816,103067791360,0,0,0,0,0,0,0,574855,1,1233,0,0,0,1,0,290,0,0
1790895106,41408772,103078608896,0,0,0,0,0,0,0,586441,1,1233,0,0,0,1,0,290,0,0
1790895107,41497804,103062364160,0,0,0,0,0,0,0,586441,1,1233,0,0,0,1,0,290,0,0
1790895108,41586236,103070248960,0,0,0,0,0,0,0,598045,1,1233,0,0,0,1,0,290,0,0
1790895109,41660600,103068213248,0,0,0,0,0,0,0,598045,1,1233,0,0,0,1,0,290,0,0
1790895110,41736704,103073280000,0,0,0,0,0,0,0,609533,1,1233,0,0,0,1,0,290,0,0
1790895111,41801352,103054893056,0,0,0,0,0,0,0,609533,1,1233,0,0,0,1,0,290,0,0
1790895113,41859152,103064346624,0,0,0,0,0,0,0,621158,1,1233,0,0,0,1,0,290,0,0
1790895114,41913564,103063412736,0,0,0,0,0,0,0,621158,1,1233,0,0,0,1,0,290,0,0
1790895115,41946768,103062650880,0,0,0,0,0,0,0,632755,1,1233,0,0,0,1,0,290,0,0
1790895116,41995576,103056228352,0,0,0,0,0,0,0,632755,1,1233,0,0,0,1,0,290,0,0
1790895117,42061396,103079198720,0,0,0,0,0,0,0,644273,1,1233,0,0,0,1,0,290,0,0
1790895118,42127276,103060717568,0,0,0,0,0,0,0,644273,1,1233,0,0,0,1,0,290,0,0
1790895119,42194804,103078785024,0,0,0,0,0,0,0,655597,1,1233,0,0,0,1,0,290,0,0
1790895120,42274752,103055056896,0,0,0,0,0,0,0,655597,1,1233,0,0,0,1,0,290,0,0
1790895121,42351008,103055884288,0,0,0,0,0,0,0,667005,1,1233,0,0,0,1,0,290,0,0
1790895122,42424448,103077900288,0,0,0,0,0,0,0,667005,1,1233,0,0,0,1,0,290,0,0
1790895123,42509208,103077122048,0,0,0,0,0,0,0,678370,1,1233,0,0,0,1,0,290,0,0
1790895124,42589176,103056035840,0,0,0,0,0,0,0,678370,1,1233,0,0,0,1,0,290,0,0
1790895125,42674532,103061221376,0,0,0,0,0,0,0,689699,1,1233,0,0,0,1,0,290,0,0
1790895126,42771152,103056285696,0,0,0,0,0,0,0,701052,1,1233,0,0,0,1,0,290,0,0
1790895127,42853000,103037587456,0,0,0,0,0,0,0,701052,1,1233,0,0,0,1,0,290,0,0
1790895128,42943220,103068352512,0,0,0,0,0,0,0,712131,1,1233,0,0,0,1,0,290,0,0
1790895129,43039064,103062720512,0,0,0,0,0,0,0,712131,1,1233,0,0,0,1,0,290,0,0
1790895130,43123124,103074787328,0,0,0,0,0,0,0,723447,1,1233,0,0,0,1,0,290,0,0
1790895131,43214232,103070261248,0,0,0,0,0,0,0,723447,1,1233,0,0,0,1,0,290,0,0
1790895132,43301408,103066251264,0,0,0,0,0,0,0,734828,1,1233,0,0,0,1,0,290,0,0
1790895133,43376864,103056957440,0,0,0,0,0,0,0,734828,1,1233,0,0,0,1,0,290,0,0
1790895134,43441388,103054241792,0,0,0,0,0,0,0,746168,1,1233,0,0,0,1,0,290,0,0
1790895136,43522876,103073173504,0,0,0,0,0,0,0,746168,1,1233,0,0,0,1,0,290,0,0
1790895137,43581996,103075188736,0,0,0,0,0,0,0,757720,1,1233,0,0,0,1,0,290,0,0
1790895138,43653460,103073677312,0,0,0,0,0,0,0,757720,1,1233,0,0,0,1,0,290,0,0
1790895139,43713272,103008329728,0,0,0,0,0,0,0,769191,1,1233,0,0,0,1,0,290,0,0
1790895140,43785720,103076524032,0,0,0,0,0,0,0,769191,1,1233,0,0,0,1,0,290,0,0
1790895141,43852876,103071531008,0,0,0,0,0,0,0,780742,1,1233,0,0,0,1,0,290,0,0
1790895142,43920052,103058268160,0,0,0,0,0,0,0,780742,1,1233,0,0,0,1,0,290,0,0
1790895143,43996144,103064416256,0,0,0,0,0,0,0,792263,1,1233,0,0,0,1,0,290,0,0
1790895144,44060636,103078916096,0,0,0,0,0,0,0,792263,1,1233,0,0,0,1,0,290,0,0
1790895145,44123912,103069413376,0,0,0,0,0,0,0,803673,1,1233,0,0,0,1,0,290,0,0
1790895146,44194816,103074045952,0,0,0,0,0,0,0,803673,1,1233,0,0,0,1,0,290,0,0
1790895147,44248924,103029460992,0,0,0,0,0,0,0,815174,1,1233,0,0,0,1,0,290,0,0
1790895148,44304840,103039049728,0,0,0,0,0,0,0,815174,1,1233,0,0,0,1,0,290,0,0
1790895149,44361772,103064076288,0,0,0,0,0,0,0,826623,1,1233,0,0,0,1,0,290,0,0
1790895150,44413916,103073300480,0,0,0,0,0,0,0,826623,1,1233,0,0,0,1,0,290,0,0
1790895151,44466848,103066570752,0,0,0,0,0,0,0,838130,1,1233,0,0,0,1,0,290,0,0
1790895152,44513744,103056310272,0,0,0,0,0,0,0,849620,1,1233,0,0,0,1,0,290,0,0
1790895153,44554672,103067193344,0,0,0,0,0,0,0,849620,1,1233,0,0,0,1,0,290,0,0
1790895154,44611076,103071064064,0,0,0,0,0,0,0,861097,1,1233,0,0,0,1,0,290,0,0
1790895155,44644152,103051759616,0,0,0,0,0,0,0,861097,1,1233,0,0,0,1,0,290,0,0
1790895156,44676876,103060353024,0,0,0,0,0,0,0,872670,1,1233,0,0,0,1,0,290,0,0
1790895157,44702340,103073566720,0,0,0,0,0,0,0,872670,1,1233,0,0,0,1,0,290,0,0
1790895158,44727716,103066624000,0,0,0,0,0,0,0,884145,1,1233,0,0,0,1,0,290,0,0
1790895160,44741824,103050399744,0,0,0,0,0,0,0,884145,1,1233,0,0,0,1,0,290,0,0
1790895161,44758704,103070773248,0,0,0,0,0,0,0,895279,1,1233,0,0,0,1,0,290,0,0
1790895162,44789988,103076651008,0,0,0,0,0,0,0,895279,1,1233,0,0,0,1,0,290,0,0
1790895163,44819588,103064936448,0,0,0,0,0,0,0,906816,1,1233,0,0,0,1,0,290,0,0
1790895164,44861436,103067926528,0,0,0,0,0,0,0,906816,1,1233,0,0,0,1,0,290,0,0
1790895165,44912048,103076188160,0,0,0,0,0,0,0,918292,1,1233,0,0,0,1,0,290,0,0
1790895166,44950536,103039258624,0,0,0,0,0,0,0,918292,1,1233,0,0,0,1,0,290,0,0
1790895167,44993008,103074271232,0,0,0,0,0,0,0,929586,1,1233,0,0,0,1,0,290,0,0
1790895168,45041580,103070711808,0,0,0,0,0,0,0,929586,1,1233,0,0,0,1,0,290,0,0
1790895169,45077296,103051333632,0,0,0,0,0,0,0,940984,1,1233,0,0,0,1,0,290,0,0
1790895170,45095320,103069839360,0,0,0,0,0,0,0,940984,1,1233,0,0,0,1,0,290,0,0
1790895171,45128208,103055917056,0,0,0,0,0,0,0,952517,1,1233,0,0,0,1,0,290,0,0
1790895172,45161500,103056707584,0,0,0,0,0,0,0,952517,1,1233,0,0,0,1,0,290,0,0
1790895173,45191540,103073837056,0,0,0,0,0,0,0,963992,1,1233,0,0,0,1,0,290,0,0
1790895174,45199928,103078563840,0,0,0,0,0,0,0,963992,1,1233,0,0,0,1,0,290,0,0
1790895175,45222636,103075659776,0,0,0,0,0,0,0,975228,1,1233,0,0,0,1,0,290,0,0
1790895176,45272900,103075905536,0,0,0,0,0,0,0,986691,1,1233,0,0,0,1,0,290,0,0
1790895177,45323472,103067975680,0,0,0,0,0,0,0,986691,1,1233,0,0,0,1,0,290,0,0
1790895178,45372464,103060140032,0,0,0,0,0,0,0,998092,1,1233,0,0,0,1,0,290,0,0
1790895179,45441936,103058374656,0,0,0,0,0,0,0,998092,1,1233,0,0,0,1,0,290,0,0
1790895180,45505164,103074729984,0,0,0,0,0,0,0,1009437,1,1233,0,0,0,1,0,290,0,0
1790895181,45579564,103073337344,0,0,0,0,0,0,0,1009437,1,1233,0,0,0,1,0,290,0,0
1790895183,45640684,103075176448,0,0,0,0,0,0,0,1020912,1,1233,0,0,0,1,0,290,0,0
1790895184,45705328,103062560768,0,0,0,0,0,0,0,1020912,1,1233,0,0,0,1,0,290,0,0
1790895185,45761368,103055192064,0,0,0,0,0,0,0,1032369,1,1233,0,0,0,1,0,290,0,0
1790895186,45818424,103064961024,0,0,0,0,0,0,0,1032369,1,1233,0,0,0,1,0,290,0,0
1790895187,45867128,103075467264,0,0,0,0,0,0,0,1043855,1,1233,0,0,0,1,0,290,0,0
1790895188,45916516,103072915456,0,0,0,0,0,0,0,1043855,1,1233,0,0,0,1,0,290,0,0
1790895189,45966588,103076290560,0,0,0,0,0,0,0,1055327,1,1233,0,0,0,1,0,290,0,0
1790895190,46014916,103073607680,0,0,0,0,0,0,0,1055327,1,1233,0,0,0,1,0,290,0,0
1790895191,46052204,103065440256,0,0,0,0,0,0,0,1066434,1,1233,0,0,0,1,0,290,0,0
1790895192,46089288,103046606848,0,0,0,0,0,0,0,1066434,1,1233,0,0,0,1,0,290,0,0
1790895193,46150664,103062355968,0,0,0,0,0,0,0,1077752,1,1233,0,0,0,1,0,290,0,0
1790895194,46206892,103071059968,0,0,0,0,0,0,0,1077752,1,1233,0,0,0,1,0,290,0,0
1790895195,46251692,103071141888,0,0,0,0,0,0,0,1089121,1,1233,0,0,0,1,0,290,0,0
1790895196,46299744,103073419264,0,0,0,0,0,0,0,1089121,1,1233,0,0,0,1,0,290,0,0
1790895197,46361996,103053991936,0,0,0,0,0,0,0,1100444,1,1233,0,0,0,1,0,290,0,0
1790895198,46413892,103074160640,0,0,0,0,0,0,0,1100444,1,1233,0,0,0,1,0,290,0,0
1790895199,46455880,103077752832,0,0,0,0,0,0,0,1111874,1,1233,0,0,0,1,0,290,0,0
1790895200,46505920,103058370560,0,0,0,0,0,0,0,1111874,1,1233,0,0,0,1,0,290,0,0
1790895201,46543060,103076175872,0,0,0,0,0,0,0,1123249,1,1233,0,0,0,1,0,290,0,0
1790895202,46603052,103047974912,0,0,0,0,0,0,0,1134644,1,1233,0,0,0,1,0,290,0,0
1790895203,46644376,103073538048,0,0,0,0,0,0,0,1134644,1,1233,0,0,0,1,0,290,0,0
1790895204,46681800,103065636864,0,0,0,0,0,0,0,1146013,1,1233,0,0,0,1,0,290,0,0
1790895205,46717680,103075713024,0,0,0,0,0,0,0,1146013,1,1233,0,0,0,1,0,290,0,0
1790895207,46761360,103056674816,0,0,0,0,0,0,0,1157386,1,1233,0,0,0,1,0,290,0,0
1790895208,46786056,103063699456,0,0,0,0,0,0,0,1157386,1,1233,0,0,0,1,0,290,0,0
1790895209,46819948,103067893760,0,0,0,0,0,0,0,1168828,1,1233,0,0,0,1,0,290,0,0
1790895210,46855872,103076392960,0,0,0,0,0,0,0,1168828,1,1233,0,0,0,1,0,290,0,0
1790895211,46896212,103068389376,0,0,0,0,0,0,0,1180224,1,1233,0,0,0,1,0,290,0,0
1790895212,46939768,103069872128,0,0,0,0,0,0,0,1180224,1,1233,0,0,0,1,0,290,0,0
1790895213,46976100,103074525184,0,0,0,0,0,0,0,1191709,1,1233,0,0,0,1,0,290,0,0
1790895214,47024196,103079178240,0,0,0,0,0,0,0,1191709,1,1233,0,0,0,1,0,290,0,0
1790895215,47073396,103068753920,0,0,0,0,0,0,0,1203286,1,1233,0,0,0,1,0,290,0,0
1790895216,47119816,103071121408,0,0,0,0,0,0,0,1203286,1,1233,0,0,0,1,0,290,0,0
1790895217,47161180,103071313920,0,0,0,0,0,0,0,1214752,1,1233,0,0,0,1,0,290,0,0
1790895218,47208692,103077408768,0,0,0,0,0,0,0,1214752,1,1233,0,0,0,1,0,290,0,0
1790895219,47261628,103071854592,0,0,0,0,0,0,0,1226171,1,1233,0,0,0,1,0,290,0,0
1790895220,47317500,103066001408,0,0,0,0,0,0,0,1226171,1,1233,0,0,0,1,0,290,0,0
1790895221,47372636,103059730432,0,0,0,0,0,0,0,1237647,1,1233,0,0,0,1,0,290,0,0
1790895222,47426236,103077232640,0,0,0,0,0,0,0,1237647,1,1233,0,0,0,1,0,290,0,0
1790895223,47462492,103078666240,0,0,0,0,0,0,0,1249228,1,1233,0,0,0,1,0,290,0,0
1790895224,47512200,103073435648,0,0,0,0,0,0,0,1249228,1,1233,0,0,0,1,0,290,0,0
1790895225,47556012,103069052928,0,0,0,0,0,0,0,1260698,1,1233,0,0,0,1,0,290,0,0
1790895226,47589064,103067725824,0,0,0,0,0,0,0,1260698,1,1233,0,0,0,1,0,290,0,0
1790895227,47624800,103062773760,0,0,0,0,0,0,0,1272081,1,1233,0,0,0,1,0,290,0,0
1790895228,47668044,103072595968,0,0,0,0,0,0,0,1283231,1,1233,0,0,0,1,0,290,0,0
1790895229,47704428,103067578368,0,0,0,0,0,0,0,1283231,1,1233,0,0,0,1,0,290,0,0
1790895231,47752316,103078428672,0,0,0,0,0,0,0,1294677,1,1233,0,0,0,1,0,290,0,0
1790895232,47803260,103064367104,0,0,0,0,0,0,0,1294677,1,1233,0,0,0,1,0,290,0,0
1790895233,47861952,103077978112,0,0,0,0,0,0,0,1306132,1,1233,0,0,0,1,0,290,0,0
1790895234,47915268,103077265408,0,0,0,0,0,0,0,1306132,1,1233,0,0,0,1,0,290,0,0
1790895235,47958208,103078064128,0,0,0,0,0,0,0,1317540,1,1233,0,0,0,1,0,290,0,0
1790895236,47995104,103064494080,0,0,0,0,0,0,0,1317540,1,1233,0,0,0,1,0,290,0,0
1790895237,48035672,103059767296,0,0,0,0,0,0,0,1328939,1,1233,0,0,0,1,0,290,0,0
1790895238,48083700,103061532672,0,0,0,0,0,0,0,1328939,1,1233,0,0,0,1,0,290,0,0
1790895239,48144020,103065280512,0,0,0,0,0,0,0,1340357,1,1233,0,0,0,1,0,290,0,0
1790895240,48203848,103075450880,0,0,0,0,0,0,0,1340357,1,1233,0,0,0,1,0,290,0,0
1790895241,48253904,103049572352,0,0,0,0,0,0,0,1351794,1,1233,0,0,0,1,0,290,0,0
1790895242,48313244,103076859904,0,0,0,0,0,0,0,1351794,1,1233,0,0,0,1,0,290,0,0
1790895243,48378428,103070908416,0,0,0,0,0,0,0,1363178,1,1233,0,0,0,1,0,290,0,0
1790895244,48429512,103078060032,0,0,0,0,0,0,0,1363178,1,1233,0,0,0,1,0,290,0,0
1790895245,48482064,103077814272,0,0,0,0,0,0,0,1374684,1,1233,0,0,0,1,0,290,0,0
1790895246,48537244,103071141888,0,0,0,0,0,0,0,1374684,1,1233,0,0,0,1,0,290,0,0
1790895247,48591360,103048536064,0,0,0,0,0,0,0,1386106,1,1233,0,0,0,1,0,290,0,0
1790895248,48648884,103079133184,0,0,0,0,0,0,0,1386106,1,1233,0,0,0,1,0,290,0,0
1790895249,48708664,103066689536,0,0,0,0,0,0,0,1397558,1,1233,0,0,0,1,0,290,0,0
1790895250,48756956,103072661504,0,0,0,0,0,0,0,1397558,1,1233,0,0,0,1,0,290,0,0
1790895251,48806240,103073718272,0,0,0,0,0,0,0,1408825,1,1233,0,0,0,1,0,290,0,0
1790895252,48855920,103049580544,0,0,0,0,0,0,0,1420267,1,1233,0,0,0,1,0,290,0,0
1790895254,48905556,103076302848,0,0,0,0,0,0,0,1420267,1,1233,0,0,0,1,0,290,0,0
1790895255,48951212,103060512768,0,0,0,0,0,0,0,1431659,1,1233,0,0,0,1,0,290,0,0
1790895256,48998616,103062810624,0,0,0,0,0,0,0,1431659,1,1233,0,0,0,1,0,290,0,0
1790895257,49041116,103061295104,0,0,0,0,0,0,0,1443164,1,1233,0,0,0,1,0,290,0,0
1790895258,49077524,103072899072,0,0,0,0,0,0,0,1443164,1,1233,0,0,0,1,0,290,0,0
1790895259,49124548,103072862208,0,0,0,0,0,0,0,1454272,1,1233,0,0,0,1,0,290,0,0
1790895260,49173636,103070203904,0,0,0,0,0,0,0,1454272,1,1233,0,0,0,1,0,290,0,0
1790895261,49238348,103071510528,0,0,0,0,0,0,0,1465851,1,1233,0,0,0,1,0,290,0,0
1790895262,49296656,103070109696,0,0,0,0,0,0,0,1465851,1,1233,0,0,0,1,0,290,0,0
1790895263,49361008,103078969344,0,0,0,0,0,0,0,1477412,1,1233,0,0,0,1,0,290,0,0
1790895264,49421404,103076200448,0,0,0,0,0,0,0,1477412,1,1233,0,0,0,1,0,290,0,0
1790895265,49480444,103077306368,0,0,0,0,0,0,0,1488857,1,1233,0,0,0,1,0,290,0,0
1790895266,49540720,103075717120,0,0,0,0,0,0,0,1488857,1,1233,0,0,0,1,0,290,0,0
1790895267,49597352,103054229504,0,0,0,0,0,0,0,1500346,1,1233,0,0,0,1,0,290,0,0
1790895268,49641840,103077224448,0,0,0,0,0,0,0,1500346,1,1233,0,0,0,1,0,290,0,0
1790895269,49695744,103067750400,0,0,0,0,0,0,0,1511672,1,1233,0,0,0,1,0,290,0,0
1790895270,49736096,103040696320,0,0,0,0,0,0,0,1511672,1,1233,0,0,0,1,0,290,0,0
1790895271,49805020,103074123776,0,0,0,0,0,0,0,1523086,1,1233,0,0,0,1,0,290,0,0
1790895272,49884516,103079161856,0,0,0,0,0,0,0,1523086,1,1233,0,0,0,1,0,290,0,0
1790895273,49956148,103061475328,0,0,0,0,0,0,0,1534391,1,1233,0,0,0,1,0,290,0,0
1790895274,50021256,103072342016,0,0,0,0,0,0,0,1534391,1,1233,0,0,0,1,0,290,0,0
1790895275,50073760,103077425152,0,0,0,0,0,0,0,1545953,1,1233,0,0,0,1,0,290,0,0
1790895276,50127332,103071182848,0,0,0,0,0,0,0,1545953,1,1233,0,0,0,1,0,290,0,0
1790895278,50181948,103061090304,0,0,0,0,0,0,0,1557304,1,1233,0,0,0,1,0,290,0,0
1790895279,50235528,103073923072,0,0,0,0,0,0,0,1568648,1,1233,0,0,0,1,0,290,0,0
1790895280,50290592,103046189056,0,0,0,0,0,0,0,1568648,1,1233,0,0,0,1,0,290,0,0
1790895281,50325436,103071010816,0,0,0,0,0,0,0,1579938,1,1233,0,0,0,1,0,290,0,0
1790895282,50363924,103070064640,0,0,0,0,0,0,0,1579938,1,1233,0,0,0,1,0,290,0,0
1790895283,50414416,103072264192,0,0,0,0,0,0,0,1591350,1,1233,0,0,0,1,0,290,0,0
1790895284,50466008,103079075840,0,0,0,0,0,0,0,1591350,1,1233,0,0,0,1,0,290,0,0
1790895285,50490308,103061200896,0,0,0,0,0,0,0,1602574,1,1233,0,0,0,1,0,290,0,0
1790895286,50520972,103062376448,0,0,0,0,0,0,0,1602574,1,1233,0,0,0,1,0,290,0,0
1790895287,50552384,103071903744,0,0,0,0,0,0,0,1613865,1,1233,0,0,0,1,0,290,0,0
1790895288,50572824,103071227904,0,0,0,0,0,0,0,1613865,1,1233,0,0,0,1,0,290,0,0
1790895289,50602268,103059439616,0,0,0,0,0,0,0,1625246,1,1233,0,0,0,1,0,290,0,0
1790895290,50630520,103071244288,0,0,0,0,0,0,0,1625246,1,1233,0,0,0,1,0,290,0,0
1790895291,50643528,103062925312,0,0,0,0,0,0,0,1636645,1,1233,0,0,0,1,0,290,0,0
1790895292,50667032,103077564416,0,0,0,0,0,0,0,1636645,1,1233,0,0,0,1,0,290,0,0
1790895293,50695860,103046414336,0,0,0,0,0,0,0,1648014,1,1233,0,0,0,1,0,290,0,0
1790895294,50718120,103060058112,0,0,0,0,0,0,0,1648014,1,1233,0,0,0,1,0,290,0,0
1790895295,50730416,103046299648,0,0,0,0,0,0,0,1659491,1,1233,0,0,0,1,0,290,0,0
1790895296,50738516,103078354944,0,0,0,0,0,0,0,1659491,1,1233,0,0,0,1,0,290,0,0
1790895297,50746740,103078211584,0,0,0,0,0,0,0,1670862,1,1233,0,0,0,1,0,290,0,0
1790895298,50764720,103044743168,0,0,0,0,0,0,0,1670862,1,1233,0,0,0,1,0,290,0,0
1790895299,50779584,103069949952,0,0,0,0,0,0,0,1682323,1,1233,0,0,0,1,0,290,0,0
1790895301,50804316,103078879232,0,0,0,0,0,0,0,1682323,1,1233,0,0,0,1,0,290,0,0
1790895302,50833504,103075487744,0,0,0,0,0,0,0,1693711,1,1233,0,0,0,1,0,290,0,0
1790895303,50853752,103050158080,0,0,0,0,0,0,0,1693711,1,1233,0,0,0,1,0,290,0,0
1790895304,50887740,103073595392,0,0,0,0,0,0,0,1705059,1,1233,0,0,0,1,0,290,0,0
1790895305,50930072,103079059456,0,0,0,0,0,0,0,1716518,1,1233,0,0,0,1,0,290,0,0
1790895306,50987484,103052226560,0,0,0,0,0,0,0,1716518,1,1233,0,0,0,1,0,290,0,0
1790895307,51071368,103074721792,0,0,0,0,0,1,1,1727606,1,1233,1,0,1,1,0,290,0,0
1790895308,51139224,103064100864,0,0,0,0,0,1,1,1727606,1,1233,1,0,1,1,0,290,0,0
1790895309,51187700,103078752256,0,0,0,0,0,1,1,1738188,1,1237,1,0,1,1,0,290,0,0
1790895310,51246236,103050985472,0,0,0,0,0,1,1,1738188,1,1237,1,0,1,1,0,290,0,0
1790895311,51290296,103066062848,0,0,0,0,0,1,1,1748456,1,1243,1,0,1,1,0,290,0,0
1790895312,51344940,103072186368,0,0,0,0,0,1,1,1748456,1,1243,1,0,1,1,0,290,0,0
1790895313,51393024,103074983936,0,0,0,0,0,1,1,1758872,1,1251,1,0,1,1,0,290,0,0
1790895314,51444572,103054077952,0,0,0,0,0,1,1,1758872,1,1251,1,0,1,1,0,290,0,0
1790895315,51489980,103071854592,0,0,0,0,0,1,1,1769290,1,1260,1,0,1,1,0,290,0,0
1790895316,51542980,103064510464,0,0,0,0,0,1,1,1769290,1,1260,1,0,1,1,0,290,0,0
1790895317,51585848,103039602688,0,0,0,0,0,1,1,1779248,1,1269,1,0,1,1,0,290,0,0
1790895318,51633276,103066894336,0,0,0,0,0,1,1,1779248,1,1269,1,0,1,1,0,290,0,0
1790895319,51679332,103073603584,0,0,0,0,0,1,1,1789694,1,1269,1,0,1,1,0,290,0,0
1790895320,51717860,103060992000,0,0,0,0,0,1,1,1789694,1,1269,1,0,1,1,0,290,0,0
1790895321,51766900,103073357824,0,0,0,0,0,1,1,1800121,1,1269,1,0,1,1,0,290,0,0
1790895322,51807152,103075057664,0,0,0,0,0,1,1,1800121,1,1269,1,0,1,1,0,290,0,0
1790895324,51837012,103052464128,0,0,0,0,0,1,1,1810399,1,1269,1,0,1,1,0,290,0,0
1790895325,51885820,103066091520,0,0,0,0,0,1,1,1810399,1,1269,1,0,1,1,0,290,0,0
1790895326,51925664,103069933568,0,0,0,0,0,1,1,1820731,1,1269,1,0,1,1,0,290,0,0
1790895327,49122996,100935659520,0,0,0,0,0,1,1,1820731,1,1269,1,0,1,1,0,290,0,0
1790895328,49009944,102643163136,0,0,0,0,0,1,1,1828948,3,1276,0,1,0,39,1,4833909544,3376789,6735298
1790895329,48673412,103075033088,0,0,0,0,0,1,1,1833573,3,1292,0,1,0,39,1,4833909544,3376789,6735298
1790895330,48043308,103063924736,0,0,0,0,0,1,1,1833573,3,1292,0,1,0,39,1,4833909544,3376789,6735298
1790895331,47149864,100431134720,0,0,0,0,0,1,1,1837706,5,1302,0,0,0,39,3,4833909544,2797074740,2800741788
1790895332,46069216,100762476544,0,0,0,0,0,1,1,1837706,5,1302,0,0,0,39,3,4833909544,2797074740,2800741788
1790895333,45191404,101254156288,0,0,0,0,0,1,1,1842752,5,1319,0,0,0,39,3,4833909544,2797074740,2800741788
1790895334,44655112,102126264320,0,0,0,0,0,1,1,1842752,5,1319,0,0,0,39,3,4833909544,2797074740,2800741788
1790895335,44282276,103074308096,0,0,0,0,0,1,1,1847838,5,1336,0,0,0,39,3,4833909544,2797074740,2800741788
1790895336,44055412,103075987456,0,0,0,0,0,1,1,1847838,5,1336,0,0,0,39,3,4833909544,2797074740,2800741788
1790895337,44041252,103013924864,0,0,0,0,0,1,1,1852894,5,1353,0,0,0,39,3,4833909544,2797074740,2800741788
1790895338,44067048,103063474176,0,0,0,0,0,1,1,1852894,5,1353,0,0,0,39,3,4833909544,2797074740,2800741788
1790895339,44116156,103063527424,0,0,0,0,0,1,1,1858775,5,1362,0,0,0,39,3,4833909544,2797074740,2800741788
1790895340,44166376,103060987904,0,0,0,0,0,1,1,1858775,5,1362,0,0,0,39,3,4833909544,2797074740,2800741788
1790895341,44202752,103060135936,0,0,0,0,0,1,1,1867227,5,1373,0,0,0,39,3,4833909544,2797074740,2800741788
1790895342,44258020,103044984832,0,0,0,0,0,1,1,1867227,5,1373,0,0,0,39,3,4833909544,2797074740,2800741788
1790895344,44303016,98598346752,0,0,0,0,0,1,1,1876787,5,1374,0,0,0,39,3,4833909544,2797074740,2800741788
1790895345,44361000,99253088256,0,0,0,0,0,1,1,1876787,5,1374,0,0,0,39,3,4833909544,2797074740,2800741788
1790895346,44407280,97418944512,0,0,0,0,0,1,1,1887329,8,1295,0,0,0,39,6,4833909544,10095634416,10163078992
1790895347,44440824,97988517888,0,0,0,0,0,1,1,1887329,8,1295,0,0,0,39,6,4833909544,10095634416,10163078992
1790895348,44503212,98591186944,0,0,0,0,0,1,1,1898410,8,1270,0,0,0,39,6,4833909544,10095634416,10163078992
1790895349,44543532,99166097408,0,0,0,0,0,1,1,1898410,8,1270,0,0,0,39,6,4833909544,10095634416,10163078992
1790895350,44601964,99766104064,0,0,0,0,0,1,1,1909657,8,1270,0,0,0,39,6,4833909544,10095634416,10163078992
1790895351,44661680,100366479360,0,0,0,0,0,1,1,1920863,8,1270,0,0,0,39,6,4833909544,10095634416,10163078992
1790895352,44688544,100931211264,0,0,0,0,0,1,1,1920863,8,1270,0,0,0,39,6,4833909544,10095634416,10163078992
1790895353,44741992,101526396928,0,0,0,0,0,1,1,1932162,8,1270,0,0,0,39,6,4833909544,10095634416,10163078992
1790895354,44770380,102095785984,0,0,0,0,0,1,1,1932162,8,1270,0,0,0,39,6,4833909544,10095634416,10163078992
1790895355,44818980,102687715328,0,0,0,0,0,1,1,1943540,8,1270,0,0,0,39,6,4833909544,10095634416,10163078992
1790895356,44859348,103072727040,0,0,0,0,0,1,1,1943540,8,1270,0,0,0,39,6,4833909544,10095634416,10163078992
1790895357,44824312,103073751040,0,0,0,0,0,1,1,1954708,8,1270,0,0,0,39,6,4833909544,10095634416,10163078992
1790895358,44863500,103053344768,0,0,0,0,0,1,1,1954708,8,1270,0,0,0,39,6,4833909544,10095634416,10163078992
1790895359,44889932,103063441408,0,0,0,0,0,1,1,1965830,8,1270,0,0,0,39,6,4833909544,10095634416,10163078992
1790895360,44925348,103075020800,0,0,0,0,0,1,1,1965830,8,1270,0,0,0,39,6,4833909544,10095634416,10163078992
1790895361,44971888,103078592512,0,0,0,0,0,1,1,1977120,8,1270,0,0,0,39,6,4833909544,10095634416,10163078992
1790895362,45008064,103073681408,0,0,0,0,0,1,1,1977120,8,1270,0,0,0,39,6,4833909544,10095634416,10163078992
1790895363,45054316,103077261312,0,0,0,0,0,1,1,1988378,8,1270,0,0,0,39,6,4833909544,10095634416,10163078992
1790895364,45120164,103075172352,0,0,0,0,0,1,1,1988378,8,1270,0,0,0,39,6,4833909544,10095634416,10163078992
1790895365,45167132,103056572416,0,0,0,0,0,1,1,1999183,8,1270,0,0,0,39,6,4833909544,10095634416,10163078992
1790895366,45196824,103068188672,0,0,0,0,0,1,1,1999183,8,1270,0,0,0,39,6,4833909544,10095634416,10163078992
1790895368,45247800,103079149568,0,0,0,0,0,1,1,2008357,8,1270,0,0,0,39,6,4833909544,10095634416,10163078992
1790895369,45311960,103056695296,0,0,0,0,0,1,1,2008357,8,1270,0,0,0,39,6,4833909544,10095634416,10163078992
1790895370,45363904,103057059840,0,0,0,0,0,1,1,2019560,8,1270,0,0,0,39,6,4833909544,10095634416,10163078992
1790895371,45422764,103076196352,0,0,0,0,0,1,1,2019560,8,1270,0,0,0,39,6,4833909544,10095634416,10163078992
1790895372,45478992,103071023104,0,0,0,0,0,1,1,2030752,8,1270,0,0,0,39,6,4833909544,10095634416,10163078992
1790895373,45519380,103079194624,0,0,0,0,0,1,1,2030752,8,1270,0,0,0,39,6,4833909544,10095634416,10163078992
1790895374,45566840,103075667968,0,0,0,0,0,1,1,2040641,8,1270,0,0,0,39,6,4833909544,10095634416,10163078992
1790895375,45634416,103070683136,0,0,0,0,0,1,1,2040641,8,1270,0,0,0,39,6,4833909544,10095634416,10163078992
1790895376,45709316,103065866240,0,0,0,0,0,1,1,2051850,8,1270,0,0,0,39,6,4833909544,10095634416,10163078992
1790895377,45782884,103064018944,0,0,0,0,0,1,1,2063063,8,1270,0,0,0,39,6,4833909544,10095634416,10163078992
1790895378,45856288,103066759168,0,0,0,0,0,1,1,2063063,8,1270,0,0,0,39,6,4833909544,10095634416,10163078992
1790895379,45921300,103071408128,0,0,0,0,0,1,1,2074259,8,1270,0,0,0,39,6,4833909544,10095634416,10163078992
1790895380,46005784,103075028992,0,0,0,0,0,1,1,2074259,8,1270,0,0,0,39,6,4833909544,10095634416,10163078992
1790895381,46045624,103066341376,0,0,0,0,0,1,1,2085426,8,1270,0,0,0,39,6,4833909544,10095634416,10163078992
1790895382,46086112,103076302848,0,0,0,0,0,1,1,2085426,8,1270,0,0,0,39,6,4833909544,10095634416,10163078992
1790895383,46129180,103071100928,0,0,0,0,0,1,1,2096587,8,1270,0,0,0,39,6,4833909544,10095634416,10163078992
1790895384,46154156,103066251264,0,0,0,0,0,1,1,2096587,8,1270,0,0,0,39,6,4833909544,10095634416,10163078992
1790895385,46179296,103071678464,0,0,0,0,0,1,1,2107912,8,1270,0,0,0,39,6,4833909544,10095634416,10163078992
1790895386,46223560,103055241216,0,0,0,0,0,1,1,2107912,8,1270,0,0,0,39,6,4833909544,10095634416,10163078992
1790895387,46246544,103077965824,0,0,0,0,0,1,1,2119225,8,1270,0,0,0,39,6,4833909544,10095634416,10163078992
1790895388,46275848,103068258304,0,0,0,0,0,1,1,2119225,8,1270,0,0,0,39,6,4833909544,10095634416,10163078992
1790895389,46313356,103037194240,0,0,0,0,0,1,1,2130396,8,1270,0,0,0,39,6,4833909544,10095634416,10163078992
1790895391,46347340,103066533888,0,0,0,0,0,1,1,2130396,8,1270,0,0,0,39,6,4833909544,10095634416,10163078992
1790895392,46362252,103078096896,0,0,0,0,0,1,1,2141620,8,1270,0,0,0,39,6,4833909544,10095634416,10163078992
1790895393,46399544,103056293888,0,0,0,0,0,1,1,2141620,8,1270,0,0,0,39,6,4833909544,10095634416,10163078992
1790895394,46439020,103047761920,0,0,0,0,0,1,1,2152730,8,1270,0,0,0,39,6,4833909544,10095634416,10163078992
1790895395,46473404,103060070400,0,0,0,0,0,1,1,2152730,8,1270,0,0,0,39,6,4833909544,10095634416,10163078992
1790895396,46508140,103078109184,0,0,0,0,0,1,1,2164004,8,1270,0,0,0,39,6,4833909544,10095634416,10163078992
1790895397,46528404,103072337920,0,0,0,0,0,1,1,2164004,8,1270,0,0,0,39,6,4833909544,10095634416,10163078992
1790895398,46554312,103075123200,0,0,0,0,0,1,1,2175141,8,1270,0,0,0,39,6,4833909544,10095634416,10163078992
1790895399,46588100,103060574208,0,0,0,0,0,1,1,2175141,8,1270,0,0,0,39,6,4833909544,10095634416,10163078992
1790895400,46604676,103075786752,0,0,0,0,0,1,1,2186282,8,1270,0,0,0,39,6,4833909544,10095634416,10163078992
1790895401,46634732,103046189056,0,0,0,0,0,1,1,2186282,8,1270,0,0,0,39,6,4833909544,10095634416,10163078992
1790895402,46649256,103072727040,0,0,0,0,0,1,1,2197402,8,1270,0,0,0,39,6,4833909544,10095634416,10163078992
1790895403,46675120,103058939904,0,0,0,0,0,1,1,2208698,8,1270,0,0,0,39,6,4833909544,10095634416,10163078992
1790895404,46695876,103061549056,0,0,0,0,0,1,1,2208698,8,1270,0,0,0,39,6,4833909544,10095634416,10163078992
1790895405,46743312,103069863936,0,0,0,0,0,1,1,2219688,8,1270,0,0,0,39,6,4833909544,10095634416,10163078992
1790895406,46798424,103062966272,0,0,0,0,0,1,1,2219688,8,1270,0,0,0,39,6,4833909544,10095634416,10163078992
1790895407,46849844,103064453120,0,0,0,0,0,1,1,2230888,8,1270,0,0,0,39,6,4833909544,10095634416,10163078992
1790895408,46887340,103075364864,0,0,0,0,0,1,1,2230888,8,1270,0,0,0,39,6,4833909544,10095634416,10163078992
1790895409,46929280,103067897856,0,0,0,0,0,1,1,2242265,8,1270,0,0,0,39,6,4833909544,10095634416,10163078992
1790895410,46962024,103066816512,0,0,0,0,0,1,1,2242265,8,1270,0,0,0,39,6,4833909544,10095634416,10163078992
1790895411,47005192,103057285120,0,0,0,0,0,1,1,2253554,8,1270,0,0,0,39,6,4833909544,10095634416,10163078992
1790895412,47063388,103076175872,0,0,0,0,0,1,1,2253554,8,1270,0,0,0,39,6,4833909544,10095634416,10163078992
1790895413,47132692,103079141376,0,0,0,0,0,1,1,2264736,8,1270,0,0,0,39,6,4833909544,10095634416,10163078992
1790895415,47188868,103062368256,0,0,0,0,0,1,1,2264736,8,1270,0,0,0,39,6,4833909544,10095634416,10163078992
1790895416,47260904,103074693120,0,0,0,0,0,1,1,2275917,8,1270,0,0,0,39,6,4833909544,10095634416,10163078992
1790895417,47318860,103075958784,0,0,0,0,0,1,1,2275917,8,1270,0,0,0,39,6,4833909544,10095634416,10163078992
1790895418,47391236,103075319808,0,0,0,0,0,1,1,2287131,8,1270,0,0,0,39,6,4833909544,10095634416,10163078992
1790895419,47458056,103026180096,0,0,0,0,0,1,1,2287131,8,1270,0,0,0,39,6,4833909544,10095634416,10163078992
1790895420,47511852,103071608832,0,0,0,0,0,1,1,2298312,8,1270,0,0,0,39,6,4833909544,10095634416,10163078992
1790895421,47558220,103059746816,0,0,0,0,0,1,1,2298312,8,1270,0,0,0,39,6,4833909544,10095634416,10163078992
1790895422,47591068,103078969344,0,0,0,0,0,1,1,2309540,8,1270,0,0,0,39,6,4833909544,10095634416,10163078992
1790895423,47612804,103059595264,0,0,0,0,0,1,1,2309540,8,1270,0,0,0,39,6,4833909544,10095634416,10163078992
1790895424,47656544,103073288192,0,0,0,0,0,1,1,2320828,8,1270,0,0,0,39,6,4833909544,10095634416,10163078992
1790895425,47697112,103077539840,0,0,0,0,0,1,1,2320828,8,1270,0,0,0,39,6,4833909544,10095634416,10163078992
1790895426,47735952,103061622784,0,0,0,0,0,1,1,2332044,8,1270,0,0,0,39,6,4833909544,10095634416,10163078992
1790895427,47777788,103068565504,0,0,0,0,0,1,1,2343304,8,1270,0,0,0,39,6,4833909544,10095634416,10163078992
1790895428,47816120,103059648512,0,0,0,0,0,1,1,2343304,8,1270,0,0,0,39,6,4833909544,10095634416,10163078992
1790895429,47852324,103069315072,0,0,0,0,0,1,1,2354441,8,1270,0,0,0,39,6,4833909544,10095634416,10163078992
1790895430,47897808,103068487680,0,0,0,0,0,1,1,2354441,8,1270,0,0,0,39,6,4833909544,10095634416,10163078992
1790895431,47944632,103067475968,0,0,0,0,0,1,1,2365702,8,1270,0,0,0,39,6,4833909544,10095634416,10163078992
1790895432,47972800,103074140160,0,0,0,0,0,1,1,2365702,8,1270,0,0,0,39,6,4833909544,10095634416,10163078992
1790895433,48011968,103076937728,0,0,0,0,0,1,1,2376954,8,1270,0,0,0,39,6,4833909544,10095634416,10163078992
1790895434,48030780,103077265408,0,0,0,0,0,1,1,2376954,8,1270,0,0,0,39,6,4833909544,10095634416,10163078992
1790895435,48043792,103049850880,0,0,0,0,0,1,1,2387947,8,1270,0,0,0,39,6,4833909544,10095634416,10163078992
1790895436,48050752,103058206720,0,0,0,0,0,1,1,2387947,8,1270,0,0,0,39,6,4833909544,10095634416,10163078992
1790895438,48052380,103076757504,0,0,0,0,0,1,1,2399312,8,1270,0,0,0,39,6,4833909544,10095634416,10163078992
1790895439,48058180,103074914304,0,0,0,0,0,1,1,2399312,8,1270,0,0,0,39,6,4833909544,10095634416,10163078992
1790895440,48071408,103075078144,0,0,0,0,0,1,1,2410613,8,1270,0,0,0,39,6,4833909544,10095634416,10163078992
1790895441,48079328,103032619008,0,0,0,0,0,1,1,2410613,8,1270,0,0,0,39,6,4833909544,10095634416,10163078992
1790895442,48083260,103060271104,0,0,0,0,0,1,1,2421793,8,1270,0,0,0,39,6,4833909544,10095634416,10163078992
1790895443,48103660,103072649216,0,0,0,0,0,1,1,2421793,8,1270,0,0,0,39,6,4833909544,10095634416,10163078992
1790895444,48119568,103060062208,0,0,0,0,0,1,1,2433049,8,1270,0,0,0,39,6,4833909544,10095634416,10163078992
1790895445,48140212,103062351872,0,0,0,0,0,1,1,2433049,8,1270,0,0,0,39,6,4833909544,10095634416,10163078992
1790895446,48176128,103053533184,0,0,0,0,0,1,1,2444112,8,1270,0,0,0,39,6,4833909544,10095634416,10163078992
1790895447,48190828,103068180480,0,0,0,0,0,1,1,2444112,8,1270,0,0,0,39,6,4833909544,10095634416,10163078992
1790895448,48220452,103076085760,0,0,0,0,0,1,1,2455315,8,1270,0,0,0,39,6,4833909544,10095634416,10163078992
1790895449,48249508,103070007296,0,0,0,0,0,1,1,2455315,8,1270,0,0,0,39,6,4833909544,10095634416,10163078992
1790895450,48279980,103071305728,0,0,0,0,0,1,1,2466542,8,1270,0,0,0,39,6,4833909544,10095634416,10163078992
1790895451,48311324,103058190336,0,0,0,0,0,1,1,2466542,8,1270,0,0,0,39,6,4833909544,10095634416,10163078992
1790895452,48332316,103050432512,0,0,0,0,0,1,1,2477921,8,1270,0,0,0,39,6,4833909544,10095634416,10163078992
1790895453,48350376,103076171776,0,0,0,0,0,1,1,2489252,8,1270,0,0,0,39,6,4833909544,10095634416,10163078992
1790895454,48388456,103060639744,0,0,0,0,0,1,1,2489252,8,1270,0,0,0,39,6,4833909544,10095634416,10163078992
1790895455,48429688,103073431552,0,0,0,0,0,1,1,2500503,8,1270,0,0,0,39,6,4833909544,10095634416,10163078992
1790895456,48483636,103074283520,0,0,0,0,0,1,1,2500503,8,1270,0,0,0,39,6,4833909544,10095634416,10163078992
1790895457,48528080,103065243648,0,0,0,0,0,1,1,2511709,8,1270,0,0,0,39,6,4833909544,10095634416,10163078992
1790895458,48586088,103075885056,0,0,0,0,0,1,1,2511709,8,1270,0,0,0,39,6,4833909544,10095634416,10163078992
1790895459,48642364,103074275328,0,0,0,0,0,1,1,2522875,8,1270,0,0,0,39,6,4833909544,10095634416,10163078992
1790895460,48693720,103053225984,0,0,0,0,0,1,1,2522875,8,1270,0,0,0,39,6,4833909544,10095634416,10163078992
1790895462,48739444,103059927040,0,0,0,0,0,1,1,2534113,8,1270,0,0,0,39,6,4833909544,10095634416,10163078992
1790895463,48790260,103063920640,0,0,0,0,0,1,1,2534113,8,1270,0,0,0,39,6,4833909544,10095634416,10163078992
1790895464,48839940,103071608832,0,0,0,0,0,1,1,2545314,8,1270,0,0,0,39,6,4833909544,10095634416,10163078992
1790895465,48901596,103064543232,0,0,0,0,0,1,1,2545314,8,1270,0,0,0,39,6,4833909544,10095634416,10163078992
1790895466,48947908,103075495936,0,0,0,0,0,1,1,2556595,8,1270,0,0,0,39,6,4833909544,10095634416,10163078992
1790895467,49005628,103069257728,0,0,0,0,0,1,1,2556595,8,1270,0,0,0,39,6,4833909544,10095634416,10163078992
1790895468,49032876,103073734656,0,0,0,0,0,1,1,2567517,8,1270,0,0,0,39,6,4833909544,10095634416,10163078992
1790895469,49078428,103072583680,0,0,0,0,0,1,1,2567517,8,1270,0,0,0,39,6,4833909544,10095634416,10163078992
1790895470,49116488,103068655616,0,0,0,0,0,1,1,2578647,8,1270,0,0,0,39,6,4833909544,10095634416,10163078992
1790895471,49145636,103075024896,0,0,0,0,0,1,1,2578647,8,1270,0,0,0,39,6,4833909544,10095634416,10163078992
1790895472,49192116,103040929792,0,0,0,0,0,1,1,2589906,8,1270,0,0,0,39,6,4833909544,10095634416,10163078992
1790895473,49230916,103060185088,0,0,0,0,0,1,1,2589906,8,1270,0,0,0,39,6,4833909544,10095634416,10163078992
1790895474,49269452,103061569536,0,0,0,0,0,1,1,2601082,8,1270,0,0,0,39,6,4833909544,10095634416,10163078992
1790895475,49312624,103057891328,0,0,0,0,0,1,1,2601082,8,1270,0,0,0,39,6,4833909544,10095634416,10163078992
1790895476,49360072,103078993920,0,0,0,0,0,1,1,2612283,8,1270,0,0,0,39,6,4833909544,10095634416,10163078992
1790895477,49400820,103060508672,0,0,0,0,0,1,1,2612283,8,1270,0,0,0,39,6,4833909544,10095634416,10163078992
1790895478,49429152,103068114944,0,0,0,0,0,1,1,2623549,8,1270,0,0,0,39,6,4833909544,10095634416,10163078992
1790895479,49430184,103065882624,0,0,0,0,0,1,1,2634804,8,1270,0,0,0,39,6,4833909544,10095634416,10163078992
1790895480,49431376,103067324416,0,0,0,0,0,1,1,2634804,8,1270,0,0,0,39,6,4833909544,10095634416,10163078992
1790895481,49451764,103077638144,0,0,0,0,0,1,1,2646066,8,1270,0,0,0,39,6,4833909544,10095634416,10163078992
1790895482,49476856,103075594240,0,0,0,0,0,1,1,2646066,8,1270,0,0,0,39,6,4833909544,10095634416,10163078992
1790895483,49501472,103073017856,0,0,0,0,0,1,1,2657370,8,1270,0,0,0,39,6,4833909544,10095634416,10163078992
1790895485,49531816,103071498240,0,0,0,0,0,1,1,2657370,8,1270,0,0,0,39,6,4833909544,10095634416,10163078992
1790895486,49520812,103056642048,0,0,0,0,0,1,1,2668662,8,1270,0,0,0,39,6,4833909544,10095634416,10163078992
1790895487,49535680,103069966336,0,0,0,0,0,1,1,2668662,8,1270,0,0,0,39,6,4833909544,10095634416,10163078992
1790895488,49554460,103063355392,0,0,0,0,0,1,1,2679982,8,1270,0,0,0,39,6,4833909544,10095634416,10163078992
1790895489,49578180,103052636160,0,0,0,0,0,1,1,2679982,8,1270,0,0,0,39,6,4833909544,10095634416,10163078992
1790895490,49602584,103067705344,0,0,0,0,0,1,1,2691284,8,1270,0,0,0,39,6,4833909544,10095634416,10163078992
1790895491,49617580,103061680128,0,0,0,0,0,1,1,2691284,8,1270,0,0,0,39,6,4833909544,10095634416,10163078992
1790895492,49640772,103065247744,0,0,0,0,0,1,1,2702566,8,1270,0,0,0,39,6,4833909544,10095634416,10163078992
1790895493,49670520,103066357760,0,0,0,0,0,1,1,2702566,8,1270,0,0,0,39,6,4833909544,10095634416,10163078992
1790895494,49704740,103042502656,0,0,0,0,0,1,1,2713939,8,1270,0,0,0,39,6,4833909544,10095634416,10163078992
1790895495,49724316,103075467264,0,0,0,0,0,1,1,2713939,8,1270,0,0,0,39,6,4833909544,10095634416,10163078992
1790895496,49760780,103061274624,0,0,0,0,0,1,1,2725129,8,1270,0,0,0,39,6,4833909544,10095634416,10163078992
1790895497,49782696,103073214464,0,0,0,0,0,1,1,2725129,8,1270,0,0,0,39,6,4833909544,10095634416,10163078992
1790895498,49771084,103059767296,0,0,0,0,0,1,1,2736466,8,1270,0,0,0,39,6,4833909544,10095634416,10163078992
1790895499,49789052,103047487488,0,0,0,0,0,1,1,2736466,8,1270,0,0,0,39,6,4833909544,10095634416,10163078992
1790895500,49816648,103069241344,0,0,0,0,0,1,1,2747796,8,1270,0,0,0,39,6,4833909544,10095634416,10163078992
1790895501,49831560,103070961664,0,0,0,0,0,1,1,2747796,8,1270,0,0,0,39,6,4833909544,10095634416,10163078992
1790895502,49845352,103079043072,0,0,0,0,0,1,1,2759009,8,1270,0,0,0,39,6,4833909544,10095634416,10163078992
1790895503,49862252,103071326208,0,0,0,0,0,1,1,2770005,8,1270,0,0,0,39,6,4833909544,10095634416,10163078992
1790895504,49878588,103070388224,0,0,0,0,0,1,1,2770005,8,1270,0,0,0,39,6,4833909544,10095634416,10163078992
1790895505,49896436,103067934720,0,0,0,0,0,1,1,2781365,8,1270,0,0,0,39,6,4833909544,10095634416,10163078992
1790895506,49913856,103075471360,0,0,0,0,0,1,1,2781365,8,1270,0,0,0,39,6,4833909544,10095634416,10163078992
1790895507,49926904,103062618112,0,0,0,0,0,1,1,2792552,8,1270,0,0,0,39,6,4833909544,10095634416,10163078992
1790895509,49956276,103076827136,0,0,0,0,0,1,1,2792552,8,1270,0,0,0,39,6,4833909544,10095634416,10163078992
1790895510,49980372,103058411520,0,0,0,0,0,1,1,2803837,8,1270,0,0,0,39,6,4833909544,10095634416,10163078992
1790895511,49992820,103052492800,0,0,0,0,0,1,1,2803837,8,1270,0,0,0,39,6,4833909544,10095634416,10163078992
1790895512,50013508,103069777920,0,0,0,0,0,1,1,2815095,8,1270,0,0,0,39,6,4833909544,10095634416,10163078992
1790895513,50058804,103077040128,0,0,0,0,0,1,1,2815095,8,1270,0,0,0,39,6,4833909544,10095634416,10163078992
1790895514,50093796,103078092800,0,0,0,0,0,1,1,2826229,8,1270,0,0,0,39,6,4833909544,10095634416,10163078992
1790895515,50134272,103067107328,0,0,0,0,0,1,1,2826229,8,1270,0,0,0,39,6,4833909544,10095634416,10163078992
1790895516,50169432,103069851648,0,0,0,0,0,1,1,2837487,8,1270,0,0,0,39,6,4833909544,10095634416,10163078992
1790895517,50204624,103067394048,0,0,0,0,0,1,1,2837487,8,1270,0,0,0,39,6,4833909544,10095634416,10163078992
1790895518,50250452,103062241280,0,0,0,0,0,1,1,2848790,8,1270,0,0,0,39,6,4833909544,10095634416,10163078992
1790895519,50291788,103054741504,0,0,0,0,0,1,1,2848790,8,1270,0,0,0,39,6,4833909544,10095634416,10163078992
1790895520,50331360,103050174464,0,0,0,0,0,1,1,2860083,8,1270,0,0,0,39,6,4833909544,10095634416,10163078992
1790895521,50385760,103070281728,0,0,0,0,0,1,1,2860083,8,1270,0,0,0,39,6,4833909544,10095634416,10163078992
1790895522,50434688,103062945792,0,0,0,0,0,1,1,2871301,8,1270,0,0,0,39,6,4833909544,10095634416,10163078992
1790895523,50485128,103060312064,0,0,0,0,0,1,1,2871301,8,1270,0,0,0,39,6,4833909544,10095634416,10163078992
1790895524,50522056,103071715328,0,0,0,0,0,1,1,2882463,8,1270,0,0,0,39,6,4833909544,10095634416,10163078992
1790895525,50565572,103078670336,0,0,0,0,0,1,1,2882463,8,1270,0,0,0,39,6,4833909544,10095634416,10163078992
1790895526,50603192,103059730432,0,0,0,0,0,1,1,2893632,8,1270,0,0,0,39,6,4833909544,10095634416,10163078992
1790895527,50649892,103076192256,0,0,0,0,0,1,1,2893632,8,1270,0,0,0,39,6,4833909544,10095634416,10163078992
1790895528,50688596,103079153664,0,0,0,0,0,1,1,2904876,8,1270,0,0,0,39,6,4833909544,10095634416,10163078992
1790895529,50754324,103044513792,0,0,0,0,0,1,1,2916183,8,1270,0,0,0,39,6,4833909544,10095634416,10163078992
1790895530,50804984,103061942272,0,0,0,0,0,1,1,2916183,8,1270,0,0,0,39,6,4833909544,10095634416,10163078992
1790895532,50859404,103076765696,0,0,0,0,0,1,1,2927535,8,1270,0,0,0,39,6,4833909544,10095634416,10163078992
1790895533,50914148,103044239360,0,0,0,0,0,1,1,2927535,8,1270,0,0,0,39,6,4833909544,10095634416,10163078992
1790895534,50988436,103065079808,0,0,0,0,0,1,1,2938833,8,1270,0,0,0,39,6,4833909544,10095634416,10163078992
1790895535,51038188,103064383488,0,0,0,0,0,1,1,2938833,8,1270,0,0,0,39,6,4833909544,10095634416,10163078992
1790895536,51090844,103077588992,0,0,0,0,0,1,1,2950062,8,1270,0,0,0,39,6,4833909544,10095634416,10163078992
1790895537,51150544,103072722944,0,0,0,0,0,1,1,2950062,8,1270,0,0,0,39,6,4833909544,10095634416,10163078992
1790895538,51179996,103071662080,0,0,0,0,0,1,1,2961342,8,1270,0,0,0,39,6,4833909544,10095634416,10163078992
1790895539,51225128,103063965696,0,0,0,0,0,1,1,2961342,8,1270,0,0,0,39,6,4833909544,10095634416,10163078992
1790895540,51283516,103072284672,0,0,0,0,0,1,1,2972550,8,1270,0,0,0,39,6,4833909544,10095634416,10163078992
1790895541,51345576,103068704768,0,0,0,0,0,1,1,2972550,8,1270,0,0,0,39,6,4833909544,10095634416,10163078992
1790895542,51392188,103072825344,0,0,0,0,0,1,1,2983767,8,1270,0,0,0,39,6,4833909544,10095634416,10163078992
1790895543,51448732,103069327360,0,0,0,0,0,1,1,2983767,8,1270,0,0,0,39,6,4833909544,10095634416,10163078992
1790895544,51495656,103076237312,0,0,0,0,0,1,1,2994979,8,1270,0,0,0,39,6,4833909544,10095634416,10163078992
1790895545,51536744,103069696000,0,0,0,0,0,1,1,2994979,8,1270,0,0,0,39,6,4833909544,10095634416,10163078992
1790895546,51573944,103078502400,0,0,0,0,0,1,1,3006284,8,1270,0,0,0,39,6,4833909544,10095634416,10163078992
1790895547,51596792,103074283520,0,0,0,0,0,1,1,3006284,8,1270,0,0,0,39,6,4833909544,10095634416,10163078992
1790895548,51628244,103076896768,0,0,0,0,0,1,1,3017583,8,1270,0,0,0,39,6,4833909544,10095634416,10163078992
1790895549,51661992,103076777984,0,0,0,0,0,1,1,3017583,8,1270,0,0,0,39,6,4833909544,10095634416,10163078992
1790895550,51694968,103073734656,0,0,0,0,0,1,1,3028636,8,1270,0,0,0,39,6,4833909544,10095634416,10163078992
1790895551,51733568,103065870336,0,0,0,0,0,1,1,3028636,8,1270,0,0,0,39,6,4833909544,10095634416,10163078992
1790895552,51781868,103073071104,0,0,0,0,0,1,1,3039836,8,1270,0,0,0,39,6,4833909544,10095634416,10163078992
1790895553,51816080,103068012544,0,0,0,0,0,1,1,3051101,8,1270,0,0,0,39,6,4833909544,10095634416,10163078992
1790895555,51850868,103060815872,0,0,0,0,0,1,1,3051101,8,1270,0,0,0,39,6,4833909544,10095634416,10163078992
1790895556,51884032,103072665600,0,0,0,0,0,1,1,3062439,8,1270,0,0,0,39,6,4833909544,10095634416,10163078992
1790895557,51910788,103057481728,0,0,0,0,0,1,1,3062439,8,1270,0,0,0,39,6,4833909544,10095634416,10163078992
1790895558,51927232,103067987968,0,0,0,0,0,1,1,3073846,8,1270,0,0,0,39,6,4833909544,10095634416,10163078992
1790895559,51947392,103074021376,0,0,0,0,0,1,1,3073846,8,1270,0,0,0,39,6,4833909544,10095634416,10163078992
1790895560,51970136,103076491264,0,0,0,0,0,1,1,3085217,8,1270,0,0,0,39,6,4833909544,10095634416,10163078992
1790895561,51991808,103072567296,0,0,0,0,0,1,1,3085217,8,1270,0,0,0,39,6,4833909544,10095634416,10163078992
1790895562,52012560,103063597056,0,0,0,0,0,1,1,3096495,8,1270,0,0,0,39,6,4833909544,10095634416,10163078992
1790895563,52039352,103067820032,0,0,0,0,0,1,1,3096495,8,1270,0,0,0,39,6,4833909544,10095634416,10163078992
1790895564,52062348,103078879232,0,0,0,0,0,1,1,3107782,8,1270,0,0,0,39,6,4833909544,10095634416,10163078992
1790895565,52091240,103059259392,0,0,0,0,0,1,1,3107782,8,1270,0,0,0,39,6,4833909544,10095634416,10163078992
1790895566,52116488,103070437376,0,0,0,0,0,1,1,3119006,8,1270,0,0,0,39,6,4833909544,10095634416,10163078992
1790895567,52140588,103074091008,0,0,0,0,0,1,1,3119006,8,1270,0,0,0,39,6,4833909544,10095634416,10163078992
1790895568,52178616,103056273408,0,0,0,0,0,1,1,3130264,8,1270,0,0,0,39,6,4833909544,10095634416,10163078992
1790895569,52228200,103075311616,0,0,0,0,0,1,1,3130264,8,1270,0,0,0,39,6,4833909544,10095634416,10163078992
1790895570,52249264,103072079872,0,0,0,0,0,1,1,3141547,8,1270,0,0,0,39,6,4833909544,10095634416,10163078992
1790895571,52282036,103074177024,0,0,0,0,0,1,1,3141547,8,1270,0,0,0,39,6,4833909544,10095634416,10163078992
1790895572,52310372,103059345408,0,0,0,0,0,1,1,3152784,8,1270,0,0,0,39,6,4833909544,10095634416,10163078992
1790895573,52339048,103059795968,0,0,0,0,0,1,1,3152784,8,1270,0,0,0,39,6,4833909544,10095634416,10163078992
1790895574,52373728,103062401024,0,0,0,0,0,1,1,3164119,8,1270,0,0,0,39,6,4833909544,10095634416,10163078992
1790895575,52402668,103078936576,0,0,0,0,0,1,1,3164119,8,1270,0,0,0,39,6,4833909544,10095634416,10163078992
1790895576,52421816,103071342592,0,0,0,0,0,1,1,3175495,8,1270,0,0,0,39,6,4833909544,10095634416,10163078992
1790895578,52450480,103079211008,0,0,0,0,0,1,1,3175495,8,1270,0,0,0,39,6,4833909544,10095634416,10163078992
1790895579,52471876,103057334272,0,0,0,0,0,1,1,3186726,8,1270,0,0,0,39,6,4833909544,10095634416,10163078992
1790895580,52484996,103077355520,0,0,0,0,0,1,1,3198003,8,1270,0,0,0,39,6,4833909544,10095634416,10163078992
1790895581,52509432,103057989632,0,0,0,0,0,1,1,3198003,8,1270,0,0,0,39,6,4833909544,10095634416,10163078992
1790895582,52533588,103076093952,0,0,0,0,0,1,1,3209241,8,1270,0,0,0,39,6,4833909544,10095634416,10163078992
1790895583,52553220,103065722880,0,0,0,0,0,1,1,3209241,8,1270,0,0,0,39,6,4833909544,10095634416,10163078992
1790895584,52582672,103073730560,0,0,0,0,0,1,1,3220434,8,1270,0,0,0,39,6,4833909544,10095634416,10163078992
1790895585,52606252,103070736384,0,0,0,0,0,1,1,3220434,8,1270,0,0,0,39,6,4833909544,10095634416,10163078992
1790895586,52613200,103070040064,0,0,0,0,0,1,1,3231417,8,1270,0,0,0,39,6,4833909544,10095634416,10163078992
1790895587,52628088,103042424832,0,0,0,0,0,1,1,3231417,8,1270,0,0,0,39,6,4833909544,10095634416,10163078992
1790895588,52620508,103076462592,0,0,0,0,0,1,1,3242838,8,1270,0,0,0,39,6,4833909544,10095634416,10163078992
1790895589,52632600,103067684864,0,0,0,0,0,1,1,3242838,8,1270,0,0,0,39,6,4833909544,10095634416,10163078992
1790895590,52634208,103071395840,0,0,0,0,0,1,1,3254143,8,1270,0,0,0,39,6,4833909544,10095634416,10163078992
1790895591,52628584,103077601280,0,0,0,0,0,1,1,3254143,8,1270,0,0,0,39,6,4833909544,10095634416,10163078992
1790895592,52641276,103075463168,0,0,0,0,0,1,1,3265415,8,1270,0,0,0,39,6,4833909544,10095634416,10163078992
1790895593,52655000,103065526272,0,0,0,0,0,1,1,3265415,8,1270,0,0,0,39,6,4833909544,10095634416,10163078992
1790895594,52658560,103073869824,0,0,0,0,0,1,1,3276716,8,1270,0,0,0,39,6,4833909544,10095634416,10163078992
1790895595,52679560,103073415168,0,0,0,0,0,1,1,3276716,8,1270,0,0,0,39,6,4833909544,10095634416,10163078992
1790895596,52703988,103058370560,0,0,0,0,0,1,1,3288043,8,1270,0,0,0,39,6,4833909544,10095634416,10163078992
1790895597,52731496,103078092800,0,0,0,0,0,1,1,3288043,8,1270,0,0,0,39,6,4833909544,10095634416,10163078992
1790895598,52748128,103077085184,0,0,0,0,0,1,1,3299181,8,1270,0,0,0,39,6,4833909544,10095634416,10163078992
1790895599,52777632,103064653824,0,0,0,0,0,1,1,3299181,8,1270,0,0,0,39,6,4833909544,10095634416,10163078992
1790895600,52782904,103069741056,0,0,0,0,0,1,1,3310498,8,1270,0,0,0,39,6,4833909544,10095634416,10163078992
1790895602,52804084,103052374016,0,0,0,0,0,1,1,3310498,8,1270,0,0,0,39,6,4833909544,10095634416,10163078992
1790895603,52832552,103073284096,0,0,0,0,0,1,1,3321858,8,1270,0,0,0,39,6,4833909544,10095634416,10163078992
1790895604,52857868,103067947008,0,0,0,0,0,1,1,3333238,8,1270,0,0,0,39,6,4833909544,10095634416,10163078992
1790895605,52881164,103078830080,0,0,0,0,0,1,1,3333238,8,1270,0,0,0,39,6,4833909544,10095634416,10163078992
1790895606,52908724,103063654400,0,0,0,0,0,1,1,3344526,8,1270,0,0,0,39,6,4833909544,10095634416,10163078992
1790895607,52940600,103069286400,0,0,0,0,0,1,1,3344526,8,1270,0,0,0,39,6,4833909544,10095634416,10163078992
1790895608,52957584,103064006656,0,0,0,0,0,1,1,3355873,8,1270,0,0,0,39,6,4833909544,10095634416,10163078992
1790895609,52967540,103077519360,0,0,0,0,0,1,1,3355873,8,1270,0,0,0,39,6,4833909544,10095634416,10163078992
1790895610,52983296,103077273600,0,0,0,0,0,1,1,3367264,8,1270,0,0,0,39,6,4833909544,10095634416,10163078992
1790895611,53004332,103075545088,0,0,0,0,0,1,1,3367264,8,1270,0,0,0,39,6,4833909544,10095634416,10163078992
1790895612,53017788,103079092224,0,0,0,0,0,1,1,3378652,8,1270,0,0,0,39,6,4833909544,10095634416,10163078992
1790895613,53038868,103064891392,0,0,0,0,0,1,1,3378652,8,1270,0,0,0,39,6,4833909544,10095634416,10163078992
1790895614,53049940,103060000768,0,0,0,0,0,1,1,3390004,8,1270,0,0,0,39,6,4833909544,10095634416,10163078992
1790895615,53084820,103070392320,0,0,0,0,0,1,1,3390004,8,1270,0,0,0,39,6,4833909544,10095634416,10163078992
1790895616,53110488,103079047168,0,0,0,0,0,1,1,3401324,8,1270,0,0,0,39,6,4833909544,10095634416,10163078992
1790895617,53135108,103064367104,0,0,0,0,0,1,1,3401324,8,1270,0,0,0,39,6,4833909544,10095634416,10163078992
1790895618,53167508,103076806656,0,0,0,0,0,1,1,3412343,8,1270,0,0,0,39,6,4833909544,10095634416,10163078992
1790895619,53210380,103076569088,0,0,0,0,0,1,1,3412343,8,1270,0,0,0,39,6,4833909544,10095634416,10163078992
1790895620,53229888,103052443648,0,0,0,0,0,1,1,3423643,8,1270,0,0,0,39,6,4833909544,10095634416,10163078992
1790895621,53250112,103071514624,0,0,0,0,0,1,1,3423643,8,1270,0,0,0,39,6,4833909544,10095634416,10163078992
1790895622,53302392,103073017856,0,0,0,0,0,1,1,3435019,8,1270,0,0,0,39,6,4833909544,10095634416,10163078992
1790895623,53354288,103071797248,0,0,0,0,0,1,1,3435019,8,1270,0,0,0,39,6,4833909544,10095634416,10163078992
1790895625,53419176,103070195712,0,0,0,0,0,2,2,3445998,8,1270,1,0,1,39,6,4833909544,10095634416,10163078992
1790895626,53449016,103077076992,0,0,0,0,0,2,2,3445998,8,1270,1,0,1,39,6,4833909544,10095634416,10163078992
1790895627,53486720,103076245504,0,0,0,0,0,2,2,3456415,8,1273,1,0,1,39,6,4833909544,10095634416,10163078992
1790895628,53515132,103073837056,0,0,0,0,0,2,2,3456415,8,1273,1,0,1,39,6,4833909544,10095634416,10163078992
1790895629,53540880,103072911360,0,0,0,0,0,2,2,3466757,8,1278,1,0,1,39,6,4833909544,10095634416,10163078992
1790895630,53567472,103070859264,0,0,0,0,0,2,2,3477210,8,1286,1,0,1,39,6,4833909544,10095634416,10163078992
1790895631,53598220,103054303232,0,0,0,0,0,2,2,3477210,8,1286,1,0,1,39,6,4833909544,10095634416,10163078992
1790895632,53641472,103072743424,0,0,0,0,0,2,2,3487515,8,1295,1,0,1,39,6,4833909544,10095634416,10163078992
1790895633,53679676,103047606272,0,0,0,0,0,2,2,3487515,8,1295,1,0,1,39,6,4833909544,10095634416,10163078992
1790895634,53713400,103074467840,0,0,0,0,0,2,2,3497986,8,1304,1,0,1,39,6,4833909544,10095634416,10163078992
1790895635,53765828,103072935936,0,0,0,0,0,2,2,3497986,8,1304,1,0,1,39,6,4833909544,10095634416,10163078992
1790895636,53807724,103075704832,0,0,0,0,0,2,2,3508270,8,1306,1,0,1,39,6,4833909544,10095634416,10163078992
1790895637,53865368,103058948096,0,0,0,0,0,2,2,3508270,8,1306,1,0,1,39,6,4833909544,10095634416,10163078992
1790895638,53909600,103061262336,0,0,0,0,0,2,2,3518440,8,1306,1,0,1,39,6,4833909544,10095634416,10163078992
1790895639,53958048,103078187008,0,0,0,0,0,2,2,3518440,8,1306,1,0,1,39,6,4833909544,10095634416,10163078992
1790895640,53986256,103069704192,0,0,0,0,0,2,2,3528643,8,1306,1,0,1,39,6,4833909544,10095634416,10163078992
1790895641,54027292,103077257216,0,0,0,0,0,2,2,3528643,8,1306,1,0,1,39,6,4833909544,10095634416,10163078992
1790895642,54047232,103070441472,0,0,0,0,0,2,2,3538812,8,1306,1,0,1,39,6,4833909544,10095634416,10163078992
1790895643,51844852,100812550144,0,0,0,0,0,2,2,3538812,8,1306,1,0,1,39,6,4833909544,10095634416,10163078992
1790895644,49611084,99671134208,0,0,0,0,0,2,2,3548277,10,1308,0,7,0,77,7,9668031360,10099011192,10169834739
1790895645,49557828,100849418240,0,0,0,0,0,2,2,3548277,10,1308,0,7,0,77,7,9668031360,10099011192,10169834739
1790895647,49372500,101898158080,0,0,0,0,0,2,2,3552967,10,1316,0,7,0,77,7,9668031360,10099011192,10169834739
1790895648,49067260,102797082624,0,0,0,0,0,2,2,3552967,10,1316,0,7,0,77,7,9668031360,10099011192,10169834739
1790895649,48488140,103063773184,0,0,0,0,0,2,2,3557521,10,1331,0,7,0,77,7,9668031360,10099011192,10169834739
1790895650,47874000,103046299648,0,0,0,0,0,2,2,3557521,10,1331,0,7,0,77,7,9668031360,10099011192,10169834739
1790895651,47212004,103074385920,0,0,0,0,0,2,2,3561450,10,1352,0,7,0,77,7,9668031360,10099011192,10169834739
1790895652,46753816,103054471168,0,0,0,0,0,2,2,3565342,10,1369,0,7,0,77,7,9668031360,10099011192,10169834739
1790895653,46476084,103069982720,0,0,0,0,0,2,2,3565342,10,1369,0,7,0,77,7,9668031360,10099011192,10169834739
1790895654,46380072,103076528128,0,0,0,0,0,2,2,3569862,10,1388,0,7,0,77,7,9668031360,10099011192,10169834739
1790895655,46040220,103075770368,0,0,0,0,0,2,2,3569862,10,1388,0,7,0,77,7,9668031360,10099011192,10169834739
1790895656,46034980,103053361152,0,0,0,0,0,2,2,3574384,10,1402,0,7,0,77,7,9668031360,10099011192,10169834739
1790895657,46040964,103058931712,0,0,0,0,0,2,2,3574384,10,1402,0,7,0,77,7,9668031360,10099011192,10169834739
1790895658,45915140,103054684160,0,0,0,0,0,2,2,3578818,10,1426,0,7,0,77,7,9668031360,10099011192,10169834739
1790895659,45938572,103073304576,0,0,0,0,0,2,2,3578818,10,1426,0,7,0,77,7,9668031360,10099011192,10169834739
1790895660,45958216,103068106752,0,0,0,0,0,2,2,3585745,10,1436,0,7,0,77,7,9668031360,10099011192,10169834739
1790895661,45967256,100499693568,0,0,0,0,0,2,2,3585745,10,1436,0,7,0,77,7,9668031360,10099011192,10169834739
1790895662,45984784,99551334400,0,0,0,0,0,2,2,3592046,12,1363,0,5,0,77,9,9668031360,13379259491,13567950508
1790895663,45982352,98616061952,0,0,0,0,0,2,2,3592046,12,1363,0,5,0,77,9,9668031360,13379259491,13567950508
1790895665,45999012,100123648000,0,0,0,0,0,2,2,3595680,14,1312,0,3,0,77,11,9668031360,18290107357,18565373685
1790895666,46009012,101590347776,0,0,0,0,0,2,2,3595680,14,1312,0,3,0,77,11,9668031360,18290107357,18565373685
1790895667,46009700,103072632832,0,0,0,0,0,2,2,3599112,14,1329,0,3,0,77,11,9668031360,18290107357,18565373685
1790895668,46040128,103017627648,0,0,0,0,0,2,2,3599112,14,1329,0,3,0,77,11,9668031360,18290107357,18565373685
1790895669,46032804,103033319424,0,0,0,0,0,2,2,3603758,14,1339,0,3,0,77,11,9668031360,18290107357,18565373685
1790895670,46050572,103064911872,0,0,0,0,0,2,2,3603758,14,1339,0,3,0,77,11,9668031360,18290107357,18565373685
1790895671,46001608,103079202816,0,0,0,0,0,2,2,3608263,14,1366,0,3,0,77,11,9668031360,18290107357,18565373685
1790895672,46012844,103079190528,0,0,0,0,0,2,2,3608263,14,1366,0,3,0,77,11,9668031360,18290107357,18565373685
1790895673,46023960,103076212736,0,0,0,0,0,2,2,3612051,14,1380,0,3,0,77,11,9668031360,18290107357,18565373685
1790895674,46027752,103077109760,0,0,0,0,0,2,2,3616603,14,1394,0,3,0,77,11,9668031360,18290107357,18565373685
1790895675,46014168,103079051264,0,0,0,0,0,2,2,3616603,14,1394,0,3,0,77,11,9668031360,18290107357,18565373685
1790895676,46031684,103070228480,0,0,0,0,0,2,2,3621115,14,1412,0,3,0,77,11,9668031360,18290107357,18565373685
1790895677,46038224,103072821248,0,0,0,0,0,2,2,3621115,14,1412,0,3,0,77,11,9668031360,18290107357,18565373685
1790895678,46062240,101724033024,0,0,0,0,0,2,2,3627282,15,1394,0,2,0,77,12,9668031360,20745663533,21063737516
1790895679,46073636,101383512064,0,0,0,0,0,2,2,3627282,15,1394,0,2,0,77,12,9668031360,20745663533,21063737516
1790895680,46112124,103068966912,0,0,0,0,0,2,2,3632386,16,1370,0,1,0,77,13,9668031360,23200691401,23560563931
1790895681,46141332,101391155200,0,0,0,0,0,2,2,3632386,16,1370,0,1,0,77,13,9668031360,23200691401,23560563931
1790895682,46182528,102964576256,0,0,0,0,0,2,2,3638047,18,1341,0,0,0,77,15,9668031360,25656448624,26059985309
1790895684,46198140,101520252928,0,0,0,0,0,2,2,3638047,18,1341,0,0,0,77,15,9668031360,25656448624,26059985309
1790895685,46236232,103062052864,0,0,0,0,0,2,2,3644455,19,1313,0,0,0,77,16,9668031360,28112109886,28558542435
1790895686,46256796,103066079232,0,0,0,0,0,2,2,3644455,19,1313,0,0,0,77,16,9668031360,28112109886,28558542435
1790895687,46280876,103063609344,0,0,0,0,0,2,2,3651102,19,1322,0,0,0,77,16,9668031360,28112109886,28558542435
1790895688,46311904,103078060032,0,0,0,0,0,2,2,3651102,19,1322,0,0,0,77,16,9668031360,28112109886,28558542435
1790895689,46347380,103050555392,0,0,0,0,0,2,2,3658394,19,1325,0,0,0,77,16,9668031360,28112109886,28558542435
1790895690,46352260,100044701696,0,0,0,0,0,2,2,3658394,19,1325,0,0,0,77,16,9668031360,28112109886,28558542435
1790895691,46383112,98403786752,0,0,0,0,0,2,2,3667233,20,1322,0,0,0,77,17,9668031360,33626474350,34145308782
1790895692,46406764,99022397440,0,0,0,0,0,2,2,3667233,20,1322,0,0,0,77,17,9668031360,33626474350,34145308782
1790895693,46420524,99535732736,0,0,0,0,0,2,2,3677812,20,1321,0,0,0,77,17,9668031360,33626474350,34145308782
1790895694,46428816,97467265024,0,0,0,0,0,2,2,3677812,20,1321,0,0,0,77,17,9668031360,33626474350,34145308782
1790895695,46452836,97916772352,0,0,0,0,0,2,2,3686863,21,1284,0,0,0,77,18,9668031360,36081650850,36643080829
1790895696,46470428,98422530048,0,0,0,0,0,2,2,3697290,21,1284,0,0,0,77,18,9668031360,36081650850,36643080829
1790895697,46501980,98945945600,0,0,0,0,0,2,2,3697290,21,1284,0,0,0,77,18,9668031360,36081650850,36643080829
1790895698,46530036,99462180864,0,0,0,0,0,2,2,3708590,21,1284,0,0,0,77,18,9668031360,36081650850,36643080829
1790895699,46565112,99994337280,0,0,0,0,0,2,2,3708590,21,1284,0,0,0,77,18,9668031360,36081650850,36643080829
1790895700,46570108,100488605696,0,0,0,0,0,2,2,3719839,21,1284,0,0,0,77,18,9668031360,36081650850,36643080829
1790895701,46592368,100992958464,0,0,0,0,0,2,2,3719839,21,1284,0,0,0,77,18,9668031360,36081650850,36643080829
1790895702,46586184,101483429888,0,0,0,0,0,2,2,3731238,21,1284,0,0,0,77,18,9668031360,36081650850,36643080829
1790895703,46594824,101983322112,0,0,0,0,0,2,2,3731238,21,1284,0,0,0,77,18,9668031360,36081650850,36643080829
1790895704,46600164,102481244160,0,0,0,0,0,2,2,3742571,21,1284,0,0,0,77,18,9668031360,36081650850,36643080829
1790895705,46608360,102974947328,0,0,0,0,0,2,2,3742571,21,1284,0,0,0,77,18,9668031360,36081650850,36643080829
1790895707,46638640,103069077504,0,0,0,0,0,2,2,3753896,21,1284,0,0,0,77,18,9668031360,36081650850,36643080829
1790895708,46662320,103029755904,0,0,0,0,0,2,2,3753896,21,1284,0,0,0,77,18,9668031360,36081650850,36643080829
1790895709,46713192,103066148864,0,0,0,0,0,2,2,3765128,21,1284,0,0,0,77,18,9668031360,36081650850,36643080829
1790895710,46774508,103057297408,0,0,0,0,0,2,2,3765128,21,1284,0,0,0,77,18,9668031360,36081650850,36643080829
1790895711,46825644,103064715264,0,0,0,0,0,2,2,3776345,21,1284,0,0,0,77,18,9668031360,36081650850,36643080829
1790895712,46874568,103068655616,0,0,0,0,0,2,2,3776345,21,1284,0,0,0,77,18,9668031360,36081650850,36643080829
1790895713,46911996,103046524928,0,0,0,0,0,2,2,3787574,21,1284,0,0,0,77,18,9668031360,36081650850,36643080829
1790895714,46957272,103078707200,0,0,0,0,0,2,2,3787574,21,1284,0,0,0,77,18,9668031360,36081650850,36643080829
1790895715,47006900,103078326272,0,0,0,0,0,2,2,3798770,21,1284,0,0,0,77,18,9668031360,36081650850,36643080829
1790895716,47044020,103040126976,0,0,0,0,0,2,2,3798770,21,1284,0,0,0,77,18,9668031360,36081650850,36643080829
1790895717,47080956,103067111424,0,0,0,0,0,2,2,3810184,21,1284,0,0,0,77,18,9668031360,36081650850,36643080829
1790895718,47109436,103078830080,0,0,0,0,0,2,2,3810184,21,1284,0,0,0,77,18,9668031360,36081650850,36643080829
1790895719,47126664,103073206272,0,0,0,0,0,2,2,3821392,21,1284,0,0,0,77,18,9668031360,36081650850,36643080829
1790895720,47142392,103046729728,0,0,0,0,0,2,2,3832633,21,1284,0,0,0,77,18,9668031360,36081650850,36643080829
1790895721,47176520,103071862784,0,0,0,0,0,2,2,3832633,21,1284,0,0,0,77,18,9668031360,36081650850,36643080829
1790895722,47180052,103075356672,0,0,0,0,0,2,2,3842101,21,1284,0,0,0,77,18,9668031360,36081650850,36643080829
1790895723,47210896,103073914880,0,0,0,0,0,2,2,3842101,21,1284,0,0,0,77,18,9668031360,36081650850,36643080829
1790895724,47234792,103070478336,0,0,0,0,0,2,2,3853375,21,1284,0,0,0,77,18,9668031360,36081650850,36643080829
1790895725,47262132,103070818304,0,0,0,0,0,2,2,3853375,21,1284,0,0,0,77,18,9668031360,36081650850,36643080829
1790895726,47285504,103072489472,0,0,0,0,0,2,2,3864617,21,1284,0,0,0,77,18,9668031360,36081650850,36643080829
1790895727,47302016,103077462016,0,0,0,0,0,2,2,3864617,21,1284,0,0,0,77,18,9668031360,36081650850,36643080829
1790895728,47314112,103075028992,0,0,0,0,0,2,2,3875816,21,1284,0,0,0,77,18,9668031360,36081650850,36643080829
1790895730,47326696,103074832384,0,0,0,0,0,2,2,3875816,21,1284,0,0,0,77,18,9668031360,36081650850,36643080829
1790895731,47340688,103068164096,0,0,0,0,0,2,2,3886998,21,1284,0,0,0,77,18,9668031360,36081650850,36643080829
1790895732,47322844,103063855104,0,0,0,0,0,2,2,3886998,21,1284,0,0,0,77,18,9668031360,36081650850,36643080829
1790895733,47327616,103063023616,0,0,0,0,0,2,2,3898231,21,1284,0,0,0,77,18,9668031360,36081650850,36643080829
1790895734,47317040,103065866240,0,0,0,0,0,2,2,3898231,21,1284,0,0,0,77,18,9668031360,36081650850,36643080829
1790895735,47333992,103078105088,0,0,0,0,0,2,2,3909309,21,1284,0,0,0,77,18,9668031360,36081650850,36643080829
1790895736,47361928,103079133184,0,0,0,0,0,2,2,3909309,21,1284,0,0,0,77,18,9668031360,36081650850,36643080829
1790895737,47383496,103067078656,0,0,0,0,0,2,2,3920540,21,1284,0,0,0,77,18,9668031360,36081650850,36643080829
1790895738,47396840,103074713600,0,0,0,0,0,2,2,3920540,21,1284,0,0,0,77,18,9668031360,36081650850,36643080829
1790895739,47434160,103063072768,0,0,0,0,0,2,2,3931655,21,1284,0,0,0,77,18,9668031360,36081650850,36643080829
1790895740,47464520,103064956928,0,0,0,0,0,2,2,3931655,21,1284,0,0,0,77,18,9668031360,36081650850,36643080829
1790895741,47509484,103074533376,0,0,0,0,0,2,2,3942879,21,1284,0,0,0,77,18,9668031360,36081650850,36643080829
1790895742,47529576,103070932992,0,0,0,0,0,2,2,3942879,21,1284,0,0,0,77,18,9668031360,36081650850,36643080829
1790895743,47566384,103075368960,0,0,0,0,0,2,2,3954044,21,1284,0,0,0,77,18,9668031360,36081650850,36643080829
1790895744,47598552,103067131904,0,0,0,0,0,2,2,3954044,21,1284,0,0,0,77,18,9668031360,36081650850,36643080829
1790895745,47624868,103064989696,0,0,0,0,0,2,2,3965137,21,1284,0,0,0,77,18,9668031360,36081650850,36643080829
1790895746,47652744,103070294016,0,0,0,0,0,2,2,3976272,21,1284,0,0,0,77,18,9668031360,36081650850,36643080829
1790895747,47683876,103067795456,0,0,0,0,0,2,2,3976272,21,1284,0,0,0,77,18,9668031360,36081650850,36643080829
1790895748,47705128,103074545664,0,0,0,0,0,2,2,3987428,21,1284,0,0,0,77,18,9668031360,36081650850,36643080829
1790895749,47726592,103079215104,0,0,0,0,0,2,2,3987428,21,1284,0,0,0,77,18,9668031360,36081650850,36643080829
1790895750,47757232,103067693056,0,0,0,0,0,2,2,3998482,21,1284,0,0,0,77,18,9668031360,36081650850,36643080829
1790895751,47779872,103078440960,0,0,0,0,0,2,2,3998482,21,1284,0,0,0,77,18,9668031360,36081650850,36643080829
1790895752,47799204,103075487744,0,0,0,0,0,2,2,4009480,21,1284,0,0,0,77,18,9668031360,36081650850,36643080829
1790895754,47809412,103073808384,0,0,0,0,0,2,2,4009480,21,1284,0,0,0,77,18,9668031360,36081650850,36643080829
1790895755,47819108,103071240192,0,0,0,0,0,2,2,4020201,21,1284,0,0,0,77,18,9668031360,36081650850,36643080829
1790895756,47841140,103077019648,0,0,0,0,0,2,2,4020201,21,1284,0,0,0,77,18,9668031360,36081650850,36643080829
1790895757,47873616,103078498304,0,0,0,0,0,2,2,4031379,21,1284,0,0,0,77,18,9668031360,36081650850,36643080829
1790895758,47905956,103058157568,0,0,0,0,0,2,2,4031379,21,1284,0,0,0,77,18,9668031360,36081650850,36643080829
1790895759,47906680,103079038976,0,0,0,0,0,2,2,4042695,21,1284,0,0,0,77,18,9668031360,36081650850,36643080829
1790895760,47943632,103061295104,0,0,0,0,0,2,2,4042695,21,1284,0,0,0,77,18,9668031360,36081650850,36643080829
1790895761,47974632,103061053440,0,0,0,0,0,2,2,4053915,21,1284,0,0,0,77,18,9668031360,36081650850,36643080829
1790895762,48010536,103066116096,0,0,0,0,0,2,2,4053915,21,1284,0,0,0,77,18,9668031360,36081650850,36643080829
1790895763,48025820,103074320384,0,0,0,0,0,2,2,4065178,21,1284,0,0,0,77,18,9668031360,36081650850,36643080829
1790895764,48042408,103054704640,0,0,0,0,0,2,2,4065178,21,1284,0,0,0,77,18,9668031360,36081650850,36643080829
1790895765,48072388,103072239616,0,0,0,0,0,2,2,4076392,21,1284,0,0,0,77,18,9668031360,36081650850,36643080829
1790895766,48098160,103076675584,0,0,0,0,0,2,2,4076392,21,1284,0,0,0,77,18,9668031360,36081650850,36643080829
1790895767,48127548,103064387584,0,0,0,0,0,2,2,4087632,21,1284,0,0,0,77,18,9668031360,36081650850,36643080829
1790895768,48148836,103067176960,0,0,0,0,0,2,2,4087632,21,1284,0,0,0,77,18,9668031360,36081650850,36643080829
1790895769,48159672,103070564352,0,0,0,0,0,2,2,4098638,21,1284,0,0,0,77,18,9668031360,36081650850,36643080829
1790895770,48168608,103066898432,0,0,0,0,0,2,2,4098638,21,1284,0,0,0,77,18,9668031360,36081650850,36643080829
1790895771,48180300,103075622912,0,0,0,0,0,2,2,4109761,21,1284,0,0,0,77,18,9668031360,36081650850,36643080829
1790895772,48178140,103078875136,0,0,0,0,0,2,2,4120919,21,1284,0,0,0,77,18,9668031360,36081650850,36643080829
1790895773,48195476,103074045952,0,0,0,0,0,2,2,4120919,21,1284,0,0,0,77,18,9668031360,36081650850,36643080829
1790895774,48220088,103050498048,0,0,0,0,0,2,2,4132181,21,1284,0,0,0,77,18,9668031360,36081650850,36643080829
1790895775,48242856,103078031360,0,0,0,0,0,2,2,4132181,21,1284,0,0,0,77,18,9668031360,36081650850,36643080829
1790895777,48284552,103074889728,0,0,0,0,0,2,2,4143336,21,1284,0,0,0,77,18,9668031360,36081650850,36643080829
1790895778,48313768,103059070976,0,0,0,0,0,2,2,4143336,21,1284,0,0,0,77,18,9668031360,36081650850,36643080829
1790895779,48338020,103077801984,0,0,0,0,0,2,2,4154506,21,1284,0,0,0,77,18,9668031360,36081650850,36643080829
1790895780,48361428,103074111488,0,0,0,0,0,2,2,4154506,21,1284,0,0,0,77,18,9668031360,36081650850,36643080829
1790895781,48386228,103077781504,0,0,0,0,0,2,2,4165640,21,1284,0,0,0,77,18,9668031360,36081650850,36643080829
1790895782,48422992,103070662656,0,0,0,0,0,2,2,4165640,21,1284,0,0,0,77,18,9668031360,36081650850,36643080829
1790895783,48470544,103027527680,0,0,0,0,0,2,2,4176870,21,1284,0,0,0,77,18,9668031360,36081650850,36643080829
1790895784,48527408,103035056128,0,0,0,0,0,2,2,4176870,21,1284,0,0,0,77,18,9668031360,36081650850,36643080829
1790895785,48579416,103060639744,0,0,0,0,0,2,2,4187687,21,1284,0,0,0,77,18,9668031360,36081650850,36643080829
1790895786,48619960,103075553280,0,0,0,0,0,2,2,4187687,21,1284,0,0,0,77,18,9668031360,36081650850,36643080829
1790895787,48672720,103077625856,0,0,0,0,0,2,2,4198842,21,1284,0,0,0,77,18,9668031360,36081650850,36643080829
1790895788,48719508,103061999616,0,0,0,0,0,2,2,4198842,21,1284,0,0,0,77,18,9668031360,36081650850,36643080829
1790895789,48775280,103078965248,0,0,0,0,0,2,2,4210046,21,1284,0,0,0,77,18,9668031360,36081650850,36643080829
1790895790,48825560,103073710080,0,0,0,0,0,2,2,4210046,21,1284,0,0,0,77,18,9668031360,36081650850,36643080829
1790895791,48886000,103073873920,0,0,0,0,0,2,2,4221238,21,1284,0,0,0,77,18,9668031360,36081650850,36643080829
1790895792,48925544,103063859200,0,0,0,0,0,2,2,4221238,21,1284,0,0,0,77,18,9668031360,36081650850,36643080829
1790895793,48955956,103073017856,0,0,0,0,0,2,2,4232440,21,1284,0,0,0,77,18,9668031360,36081650850,36643080829
1790895794,49004504,103056703488,0,0,0,0,0,2,2,4232440,21,1284,0,0,0,77,18,9668031360,36081650850,36643080829
1790895795,49007136,103066402816,0,0,0,0,0,2,2,4243555,21,1284,0,0,0,77,18,9668031360,36081650850,36643080829
1790895796,49042872,103078125568,0,0,0,0,0,2,2,4254763,21,1284,0,0,0,77,18,9668031360,36081650850,36643080829
1790895797,49083640,103072399360,0,0,0,0,0,2,2,4254763,21,1284,0,0,0,77,18,9668031360,36081650850,36643080829
1790895798,49120748,103076253696,0,0,0,0,0,2,2,4265999,21,1284,0,0,0,77,18,9668031360,36081650850,36643080829
1790895799,49155768,103076958208,0,0,0,0,0,2,2,4265999,21,1284,0,0,0,77,18,9668031360,36081650850,36643080829
1790895801,49192016,103070326784,0,0,0,0,0,2,2,4277174,21,1284,0,0,0,77,18,9668031360,36081650850,36643080829
1790895802,49219136,103079133184,0,0,0,0,0,2,2,4277174,21,1284,0,0,0,77,18,9668031360,36081650850,36643080829
1790895803,49244180,103050719232,0,0,0,0,0,2,2,4288378,21,1284,0,0,0,77,18,9668031360,36081650850,36643080829
1790895804,49274976,103077044224,0,0,0,0,0,2,2,4288378,21,1284,0,0,0,77,18,9668031360,36081650850,36643080829
1790895805,49300084,103065133056,0,0,0,0,0,2,2,4299615,21,1284,0,0,0,77,18,9668031360,36081650850,36643080829
1790895806,49318744,103073132544,0,0,0,0,0,2,2,4299615,21,1284,0,0,0,77,18,9668031360,36081650850,36643080829
1790895807,49338436,103072305152,0,0,0,0,0,2,2,4310899,21,1284,0,0,0,77,18,9668031360,36081650850,36643080829
1790895808,49363168,103074811904,0,0,0,0,0,2,2,4310899,21,1284,0,0,0,77,18,9668031360,36081650850,36643080829
1790895809,49391240,103060357120,0,0,0,0,0,2,2,4322128,21,1284,0,0,0,77,18,9668031360,36081650850,36643080829
1790895810,49416184,103071690752,0,0,0,0,0,2,2,4322128,21,1284,0,0,0,77,18,9668031360,36081650850,36643080829
1790895811,49428604,103051907072,0,0,0,0,0,2,2,4333353,21,1284,0,0,0,77,18,9668031360,36081650850,36643080829
1790895812,49450224,103070367744,0,0,0,0,0,2,2,4333353,21,1284,0,0,0,77,18,9668031360,36081650850,36643080829
1790895813,49474084,103048605696,0,0,0,0,0,2,2,4344551,21,1284,0,0,0,77,18,9668031360,36081650850,36643080829
1790895814,49481168,103068573696,0,0,0,0,0,2,2,4344551,21,1284,0,0,0,77,18,9668031360,36081650850,36643080829
1790895815,49500264,103035699200,0,0,0,0,0,2,2,4355809,21,1284,0,0,0,77,18,9668031360,36081650850,36643080829
1790895816,49523020,103065100288,0,0,0,0,0,2,2,4355809,21,1284,0,0,0,77,18,9668031360,36081650850,36643080829
1790895817,49544636,103079055360,0,0,0,0,0,2,2,4366646,21,1284,0,0,0,77,18,9668031360,36081650850,36643080829
1790895818,49558084,103045931008,0,0,0,0,0,2,2,4366646,21,1284,0,0,0,77,18,9668031360,36081650850,36643080829
1790895819,49583560,103075479552,0,0,0,0,0,2,2,4377917,21,1284,0,0,0,77,18,9668031360,36081650850,36643080829
1790895820,49597000,103063678976,0,0,0,0,0,2,2,4377917,21,1284,0,0,0,77,18,9668031360,36081650850,36643080829
1790895821,49630728,103049998336,0,0,0,0,0,2,2,4389127,21,1284,0,0,0,77,18,9668031360,36081650850,36643080829
1790895822,49651772,103070306304,0,0,0,0,0,2,2,4400336,21,1284,0,0,0,77,18,9668031360,36081650850,36643080829
1790895824,49698972,103077486592,0,0,0,0,0,2,2,4400336,21,1284,0,0,0,77,18,9668031360,36081650850,36643080829
1790895825,49726376,103078977536,0,0,0,0,0,2,2,4411361,21,1284,0,0,0,77,18,9668031360,36081650850,36643080829
1790895826,49766632,103079198720,0,0,0,0,0,2,2,4411361,21,1284,0,0,0,77,18,9668031360,36081650850,36643080829
1790895827,49783272,103075004416,0,0,0,0,0,2,2,4422443,21,1284,0,0,0,77,18,9668031360,36081650850,36643080829
1790895828,49812048,103048224768,0,0,0,0,0,2,2,4422443,21,1284,0,0,0,77,18,9668031360,36081650850,36643080829
1790895829,49842632,103072247808,0,0,0,0,0,2,2,4433565,21,1284,0,0,0,77,18,9668031360,36081650850,36643080829
1790895830,49863748,103064117248,0,0,0,0,0,2,2,4433565,21,1284,0,0,0,77,18,9668031360,36081650850,36643080829
1790895831,49883412,103072534528,0,0,0,0,0,2,2,4444769,21,1284,0,0,0,77,18,9668031360,36081650850,36643080829
1790895832,49901124,103057563648,0,0,0,0,0,2,2,4444769,21,1284,0,0,0,77,18,9668031360,36081650850,36643080829
1790895833,49930268,103068864512,0,0,0,0,0,2,2,4455965,21,1284,0,0,0,77,18,9668031360,36081650850,36643080829
1790895834,49963224,103052337152,0,0,0,0,0,2,2,4455965,21,1284,0,0,0,77,18,9668031360,36081650850,36643080829
1790895835,49980332,103075713024,0,0,0,0,0,2,2,4467135,21,1284,0,0,0,77,18,9668031360,36081650850,36643080829
1790895836,49997488,103052566528,0,0,0,0,0,2,2,4467135,21,1284,0,0,0,77,18,9668031360,36081650850,36643080829
1790895837,50028324,103077822464,0,0,0,0,0,2,2,4478397,21,1284,0,0,0,77,18,9668031360,36081650850,36643080829
1790895838,50055212,103073857536,0,0,0,0,0,2,2,4478397,21,1284,0,0,0,77,18,9668031360,36081650850,36643080829
1790895839,50075732,103055134720,0,0,0,0,0,2,2,4489576,21,1284,0,0,0,77,18,9668031360,36081650850,36643080829
1790895840,50096804,103066984448,0,0,0,0,0,2,2,4489576,21,1284,0,0,0,77,18,9668031360,36081650850,36643080829
1790895841,50127640,103077675008,0,0,0,0,0,2,2,4500787,21,1284,0,0,0,77,18,9668031360,36081650850,36643080829
1790895842,50136352,103058542592,0,0,0,0,0,2,2,4500787,21,1284,0,0,0,77,18,9668031360,36081650850,36643080829
1790895843,50142324,103054528512,0,0,0,0,0,2,2,4511964,21,1284,0,0,0,77,18,9668031360,36081650850,36643080829
1790895844,50181028,103066599424,0,0,0,0,0,2,2,4511964,21,1284,0,0,0,77,18,9668031360,36081650850,36643080829
1790895845,50205996,103078625280,0,0,0,0,0,2,2,4523236,21,1284,0,0,0,77,18,9668031360,36081650850,36643080829
1790895846,50235156,103066460160,0,0,0,0,0,2,2,4523236,21,1284,0,0,0,77,18,9668031360,36081650850,36643080829
1790895848,50267900,103073488896,0,0,0,0,0,2,2,4534153,21,1284,0,0,0,77,18,9668031360,36081650850,36643080829
1790895849,50312856,103071363072,0,0,0,0,0,2,2,4545097,21,1284,0,0,0,77,18,9668031360,36081650850,36643080829
1790895850,50360944,103069904896,0,0,0,0,0,2,2,4545097,21,1284,0,0,0,77,18,9668031360,36081650850,36643080829
1790895851,50403368,103050493952,0,0,0,0,0,2,2,4556086,21,1284,0,0,0,77,18,9668031360,36081650850,36643080829
1790895852,50443944,103061393408,0,0,0,0,0,2,2,4556086,21,1284,0,0,0,77,18,9668031360,36081650850,36643080829
1790895853,50455828,103072813056,0,0,0,0,0,2,2,4567322,21,1284,0,0,0,77,18,9668031360,36081650850,36643080829
1790895854,50475700,103062933504,0,0,0,0,0,2,2,4567322,21,1284,0,0,0,77,18,9668031360,36081650850,36643080829
1790895855,50493352,103059034112,0,0,0,0,0,2,2,4578385,21,1284,0,0,0,77,18,9668031360,36081650850,36643080829
1790895856,50516332,103069908992,0,0,0,0,0,2,2,4578385,21,1284,0,0,0,77,18,9668031360,36081650850,36643080829
1790895857,50541952,103051059200,0,0,0,0,0,2,2,4589535,21,1284,0,0,0,77,18,9668031360,36081650850,36643080829
1790895858,50573092,103065149440,0,0,0,0,0,2,2,4589535,21,1284,0,0,0,77,18,9668031360,36081650850,36643080829
1790895859,50603516,103070699520,0,0,0,0,0,2,2,4600729,21,1284,0,0,0,77,18,9668031360,36081650850,36643080829
1790895860,50650648,103060807680,0,0,0,0,0,2,2,4600729,21,1284,0,0,0,77,18,9668031360,36081650850,36643080829
1790895861,50695972,103065198592,0,0,0,0,0,2,2,4611810,21,1284,0,0,0,77,18,9668031360,36081650850,36643080829
1790895862,50747368,103071186944,0,0,0,0,0,2,2,4611810,21,1284,0,0,0,77,18,9668031360,36081650850,36643080829
1790895863,50799956,103062310912,0,0,0,0,0,2,2,4623135,21,1284,0,0,0,77,18,9668031360,36081650850,36643080829
1790895864,50850652,103070052352,0,0,0,0,0,2,2,4623135,21,1284,0,0,0,77,18,9668031360,36081650850,36643080829
1790895865,50885528,103073402880,0,0,0,0,0,2,2,4634280,21,1284,0,0,0,77,18,9668031360,36081650850,36643080829
1790895866,50941424,103078780928,0,0,0,0,0,2,2,4634280,21,1284,0,0,0,77,18,9668031360,36081650850,36643080829
1790895867,50991428,103078309888,0,0,0,0,0,2,2,4645382,21,1284,0,0,0,77,18,9668031360,36081650850,36643080829
1790895868,51035688,103064305664,0,0,0,0,0,2,2,4645382,21,1284,0,0,0,77,18,9668031360,36081650850,36643080829
1790895869,51091788,103066107904,0,0,0,0,0,2,2,4656536,21,1284,0,0,0,77,18,9668031360,36081650850,36643080829
1790895871,51134736,103077068800,0,0,0,0,0,2,2,4656536,21,1284,0,0,0,77,18,9668031360,36081650850,36643080829
1790895872,51177856,103078993920,0,0,0,0,0,2,2,4667754,21,1284,0,0,0,77,18,9668031360,36081650850,36643080829
1790895873,51223720,103070695424,0,0,0,0,0,2,2,4679029,21,1284,0,0,0,77,18,9668031360,36081650850,36643080829
1790895874,51258980,103073411072,0,0,0,0,0,2,2,4679029,21,1284,0,0,0,77,18,9668031360,36081650850,36643080829
1790895875,51290548,103063683072,0,0,0,0,0,2,2,4690135,21,1284,0,0,0,77,18,9668031360,36081650850,36643080829
1790895876,51325336,103078936576,0,0,0,0,0,2,2,4690135,21,1284,0,0,0,77,18,9668031360,36081650850,36643080829
1790895877,51368628,103069814784,0,0,0,0,0,2,2,4701211,21,1284,0,0,0,77,18,9668031360,36081650850,36643080829
1790895878,51413256,103071793152,0,0,0,0,0,2,2,4701211,21,1284,0,0,0,77,18,9668031360,36081650850,36643080829
1790895879,51435396,103071019008,0,0,0,0,0,2,2,4711942,21,1284,0,0,0,77,18,9668031360,36081650850,36643080829
1790895880,51482864,103061237760,0,0,0,0,0,2,2,4711942,21,1284,0,0,0,77,18,9668031360,36081650850,36643080829
1790895881,51518504,103034781696,0,0,0,0,0,2,2,4723061,21,1284,0,0,0,77,18,9668031360,36081650850,36643080829
1790895882,51565444,103068381184,0,0,0,0,0,2,2,4723061,21,1284,0,0,0,77,18,9668031360,36081650850,36643080829
1790895883,51615456,103074246656,0,0,0,0,0,2,2,4734257,21,1284,0,0,0,77,18,9668031360,36081650850,36643080829
1790895884,51641292,103075598336,0,0,0,0,0,2,2,4734257,21,1284,0,0,0,77,18,9668031360,36081650850,36643080829
1790895885,51686236,103061192704,0,0,0,0,0,2,2,4745280,21,1284,0,0,0,77,18,9668031360,36081650850,36643080829
1790895886,51718432,103073062912,0,0,0,0,0,2,2,4745280,21,1284,0,0,0,77,18,9668031360,36081650850,36643080829
1790895887,51751648,103079022592,0,0,0,0,0,2,2,4756445,21,1284,0,0,0,77,18,9668031360,36081650850,36643080829
1790895888,51795416,103067803648,0,0,0,0,0,2,2,4756445,21,1284,0,0,0,77,18,9668031360,36081650850,36643080829
1790895889,51806584,103062798336,0,0,0,0,0,2,2,4767604,21,1284,0,0,0,77,18,9668031360,36081650850,36643080829
1790895890,51838796,103064719360,0,0,0,0,0,2,2,4767604,21,1284,0,0,0,77,18,9668031360,36081650850,36643080829
1790895891,51857620,103071096832,0,0,0,0,0,2,2,4778323,21,1284,0,0,0,77,18,9668031360,36081650850,36643080829
1790895892,51894516,103056633856,0,0,0,0,0,2,2,4778323,21,1284,0,0,0,77,18,9668031360,36081650850,36643080829
1790895893,51937452,103072374784,0,0,0,0,0,2,2,4789442,21,1284,0,0,0,77,18,9668031360,36081650850,36643080829
1790895895,51958896,103076106240,0,0,0,0,0,2,2,4789442,21,1284,0,0,0,77,18,9668031360,36081650850,36643080829
1790895896,51989572,103078666240,0,0,0,0,0,2,2,4800621,21,1284,0,0,0,77,18,9668031360,36081650850,36643080829
1790895897,52001484,103072948224,0,0,0,0,0,2,2,4800621,21,1284,0,0,0,77,18,9668031360,36081650850,36643080829
1790895898,52024756,103067389952,0,0,0,0,0,2,2,4811676,21,1284,0,0,0,77,18,9668031360,36081650850,36643080829
1790895899,52046992,103057223680,0,0,0,0,0,2,2,4822779,21,1284,0,0,0,77,18,9668031360,36081650850,36643080829
1790895900,52060240,103070351360,0,0,0,0,0,2,2,4822779,21,1284,0,0,0,77,18,9668031360,36081650850,36643080829
1790895901,52071292,103067185152,0,0,0,0,0,2,2,4833903,21,1284,0,0,0,77,18,9668031360,36081650850,36643080829
1790895902,52088980,103067684864,0,0,0,0,0,2,2,4833903,21,1284,0,0,0,77,18,9668031360,36081650850,36643080829
1790895903,52099816,103079124992,0,0,0,0,0,2,2,4845067,21,1284,0,0,0,77,18,9668031360,36081650850,36643080829
1790895904,52112356,103073562624,0,0,0,0,0,2,2,4845067,21,1284,0,0,0,77,18,9668031360,36081650850,36643080829
1790895905,52134184,103078035456,0,0,0,0,0,2,2,4856221,21,1284,0,0,0,77,18,9668031360,36081650850,36643080829
1790895906,52139244,103059988480,0,0,0,0,0,2,2,4856221,21,1284,0,0,0,77,18,9668031360,36081650850,36643080829
1790895907,52168288,103075028992,0,0,0,0,0,2,2,4867415,21,1284,0,0,0,77,18,9668031360,36081650850,36643080829
1790895908,52198336,103054282752,0,0,0,0,0,2,2,4867415,21,1284,0,0,0,77,18,9668031360,36081650850,36643080829
1790895909,52222832,103075491840,0,0,0,0,0,2,2,4878560,21,1284,0,0,0,77,18,9668031360,36081650850,36643080829
1790895910,52246272,103072104448,0,0,0,0,0,2,2,4878560,21,1284,0,0,0,77,18,9668031360,36081650850,36643080829
1790895911,52276016,103069929472,0,0,0,0,0,2,2,4889705,21,1284,0,0,0,77,18,9668031360,36081650850,36643080829
1790895912,52302056,103078899712,0,0,0,0,0,2,2,4889705,21,1284,0,0,0,77,18,9668031360,36081650850,36643080829
1790895913,52319304,103076663296,0,0,0,0,0,2,2,4900896,21,1284,0,0,0,77,18,9668031360,36081650850,36643080829
1790895914,52336756,103074791424,0,0,0,0,0,2,2,4900896,21,1284,0,0,0,77,18,9668031360,36081650850,36643080829
1790895915,52375288,103078707200,0,0,0,0,0,2,2,4911784,21,1284,0,0,0,77,18,9668031360,36081650850,36643080829
1790895916,52426572,103072346112,0,0,0,0,0,2,2,4911784,21,1284,0,0,0,77,18,9668031360,36081650850,36643080829
1790895918,52454168,103057498112,0,0,0,0,0,2,2,4923020,21,1284,0,0,0,77,18,9668031360,36081650850,36643080829
1790895919,52491796,103062953984,0,0,0,0,0,2,2,4923020,21,1284,0,0,0,77,18,9668031360,36081650850,36643080829
1790895920,52533580,103071285248,0,0,0,0,0,2,2,4934133,21,1284,0,0,0,77,18,9668031360,36081650850,36643080829
1790895921,52582296,103077965824,0,0,0,0,0,2,2,4934133,21,1284,0,0,0,77,18,9668031360,36081650850,36643080829
1790895922,52632564,103072288768,0,0,0,0,0,2,2,4945202,21,1284,0,0,0,77,18,9668031360,36081650850,36643080829
1790895923,52683600,103079120896,0,0,0,0,0,2,2,4956409,21,1284,0,0,0,77,18,9668031360,36081650850,36643080829
1790895924,52718756,103071191040,0,0,0,0,0,2,2,4956409,21,1284,0,0,0,77,18,9668031360,36081650850,36643080829
1790895925,52760084,103072493568,0,0,0,0,0,2,2,4967498,21,1284,0,0,0,77,18,9668031360,36081650850,36643080829
1790895926,52798276,103078854656,0,0,0,0,0,2,2,4967498,21,1284,0,0,0,77,18,9668031360,36081650850,36643080829
1790895927,52817688,103071596544,0,0,0,0,0,2,2,4978593,21,1284,0,0,0,77,18,9668031360,36081650850,36643080829
1790895928,52862332,103072546816,0,0,0,0,0,2,2,4978593,21,1284,0,0,0,77,18,9668031360,36081650850,36643080829
1790895929,52892956,103077269504,0,0,0,0,0,2,2,4989778,21,1284,0,0,0,77,18,9668031360,36081650850,36643080829
1790895930,52916496,103054471168,0,0,0,0,0,2,2,4989778,21,1284,0,0,0,77,18,9668031360,36081650850,36643080829
1790895931,52947088,103075524608,0,0,0,0,0,2,2,5000981,21,1284,0,0,0,77,18,9668031360,36081650850,36643080829
1790895932,52975140,103075872768,0,0,0,0,0,2,2,5000981,21,1284,0,0,0,77,18,9668031360,36081650850,36643080829
1790895933,52988908,103066107904,0,0,0,0,0,2,2,5012259,21,1284,0,0,0,77,18,9668031360,36081650850,36643080829
1790895934,53010260,103079051264,0,0,0,0,0,2,2,5012259,21,1284,0,0,0,77,18,9668031360,36081650850,36643080829
1790895935,53039156,103062011904,0,0,0,0,0,2,2,5023443,21,1284,0,0,0,77,18,9668031360,36081650850,36643080829
1790895936,53071552,103055360000,0,0,0,0,0,2,2,5023443,21,1284,0,0,0,77,18,9668031360,36081650850,36643080829
1790895937,53090820,103078469632,0,0,0,0,0,2,2,5034566,21,1284,0,0,0,77,18,9668031360,36081650850,36643080829
1790895938,53114116,103078449152,0,0,0,0,0,2,2,5034566,21,1284,0,0,0,77,18,9668031360,36081650850,36643080829
1790895939,53145264,103072747520,0,0,0,0,0,2,2,5045782,21,1284,0,0,0,77,18,9668031360,36081650850,36643080829
1790895940,53170004,103071682560,0,0,0,0,0,2,2,5045782,21,1284,0,0,0,77,18,9668031360,36081650850,36643080829
1790895942,53193616,103071215616,0,0,0,0,0,2,2,5056959,21,1284,0,0,0,77,18,9668031360,36081650850,36643080829
1790895943,53231832,103074304000,0,0,0,0,0,2,2,5056959,21,1284,0,0,0,77,18,9668031360,36081650850,36643080829
1790895944,53255220,103073169408,0,0,0,0,0,2,2,5068217,21,1284,0,0,0,77,18,9668031360,36081650850,36643080829
1790895945,53279720,103062958080,0,0,0,0,0,2,2,5068217,21,1284,0,0,0,77,18,9668031360,36081650850,36643080829
1790895946,53302512,103075090432,0,0,0,0,0,2,2,5079442,21,1284,0,0,0,77,18,9668031360,36081650850,36643080829
1790895947,53334672,103071580160,0,0,0,0,0,2,2,5079442,21,1284,0,0,0,77,18,9668031360,36081650850,36643080829
1790895948,53365844,103072534528,0,0,0,0,0,2,2,5090209,21,1284,0,0,0,77,18,9668031360,36081650850,36643080829
1790895949,53391928,103066349568,0,0,0,0,0,2,2,5101423,21,1284,0,0,0,77,18,9668031360,36081650850,36643080829
1790895950,53433448,103076950016,0,0,0,0,0,2,2,5101423,21,1284,0,0,0,77,18,9668031360,36081650850,36643080829
1790895951,53451672,103071072256,0,0,0,0,0,2,2,5112477,21,1284,0,0,0,77,18,9668031360,36081650850,36643080829
1790895952,53489864,103074009088,0,0,0,0,0,2,2,5112477,21,1284,0,0,0,77,18,9668031360,36081650850,36643080829
1790895953,53513480,103071608832,0,0,0,0,0,2,2,5123658,21,1284,0,0,0,77,18,9668031360,36081650850,36643080829
1790895954,53539344,103061336064,0,0,0,0,0,2,2,5123658,21,1284,0,0,0,77,18,9668031360,36081650850,36643080829
1790895955,53559568,103078281216,0,0,0,0,0,2,2,5134867,21,1284,0,0,0,77,18,9668031360,36081650850,36643080829
1790895956,53580472,103064289280,0,0,0,0,0,2,2,5134867,21,1284,0,0,0,77,18,9668031360,36081650850,36643080829
1790895957,53601312,103065944064,0,0,0,0,0,2,2,5146082,21,1284,0,0,0,77,18,9668031360,36081650850,36643080829
1790895958,53617396,103079047168,0,0,0,0,0,2,2,5146082,21,1284,0,0,0,77,18,9668031360,36081650850,36643080829
1790895959,53641076,103061979136,0,0,0,0,0,2,2,5157395,21,1284,0,0,0,77,18,9668031360,36081650850,36643080829
1790895960,53661468,103063953408,0,0,0,0,0,2,2,5157395,21,1284,0,0,0,77,18,9668031360,36081650850,36643080829
1790895961,53684376,103063576576,0,0,0,0,0,3,3,5168437,21,1284,1,0,1,77,18,9668031360,36081650850,36643080829
1790895962,53697704,103074029568,0,0,0,0,0,3,3,5168437,21,1284,1,0,1,77,18,9668031360,36081650850,36643080829
1790895963,53708860,103074570240,0,0,0,0,0,3,3,5178813,21,1287,1,0,1,77,18,9668031360,36081650850,36643080829
1790895965,53687764,103076777984,0,0,0,0,0,3,3,5178813,21,1287,1,0,1,77,18,9668031360,36081650850,36643080829
1790895966,53713448,103062446080,0,0,0,0,0,3,3,5189159,21,1291,1,0,1,77,18,9668031360,36081650850,36643080829
1790895967,53751568,103055269888,0,0,0,0,0,3,3,5189159,21,1291,1,0,1,77,18,9668031360,36081650850,36643080829
1790895968,53786176,103063748608,0,0,0,0,0,3,3,5199369,21,1300,1,0,1,77,18,9668031360,36081650850,36643080829
1790895969,53813420,103068717056,0,0,0,0,0,3,3,5199369,21,1300,1,0,1,77,18,9668031360,36081650850,36643080829
1790895970,53853496,103077740544,0,0,0,0,0,3,3,5209598,21,1309,1,0,1,77,18,9668031360,36081650850,36643080829
1790895971,53892920,103065939968,0,0,0,0,0,3,3,5209598,21,1309,1,0,1,77,18,9668031360,36081650850,36643080829
1790895972,53928168,103068045312,0,0,0,0,0,3,3,5219856,21,1317,1,0,1,77,18,9668031360,36081650850,36643080829
1790895973,53976128,103054376960,0,0,0,0,0,3,3,5219856,21,1317,1,0,1,77,18,9668031360,36081650850,36643080829
1790895974,54029204,103073562624,0,0,0,0,0,3,3,5230056,21,1320,1,0,1,77,18,9668031360,36081650850,36643080829
1790895975,54055612,103067844608,0,0,0,0,0,3,3,5240238,21,1320,1,0,1,77,18,9668031360,36081650850,36643080829
1790895976,54087096,103043465216,0,0,0,0,0,3,3,5240238,21,1320,1,0,1,77,18,9668031360,36081650850,36643080829
1790895977,54128888,103060279296,0,0,0,0,0,3,3,5250422,21,1320,1,0,1,77,18,9668031360,36081650850,36643080829
1790895978,54145024,103076130816,0,0,0,0,0,3,3,5250422,21,1320,1,0,1,77,18,9668031360,36081650850,36643080829
1790895979,54187608,103077523456,0,0,0,0,0,3,3,5260646,21,1320,1,0,1,77,18,9668031360,36081650850,36643080829
1790895980,54222636,103078805504,0,0,0,0,0,3,3,5260646,21,1320,1,0,1,77,18,9668031360,36081650850,36643080829
1790895981,53222556,102323269632,0,0,0,0,0,3,3,5269915,23,1322,0,1,0,115,19,14502954264,36085027617,36649836188
1790895982,50052948,100898598912,0,0,0,0,0,3,3,5269915,23,1322,0,1,0,115,19,14502954264,36085027617,36649836188
1790895983,49971364,102619496448,0,0,0,0,0,3,3,5273830,23,1330,0,1,0,115,19,14502954264,36085027617,36649836188
1790895984,49716976,103079030784,0,0,0,0,0,3,3,5273830,23,1330,0,1,0,115,19,14502954264,36085027617,36649836188
1790895986,49195720,103076810752,0,0,0,0,0,3,3,5277669,23,1341,0,1,0,115,19,14502954264,36085027617,36649836188
1790895987,48484836,103054303232,0,0,0,0,0,3,3,5277669,23,1341,0,1,0,115,19,14502954264,36085027617,36649836188
1790895988,47869156,103051276288,0,0,0,0,0,3,3,5282092,23,1356,0,1,0,115,19,14502954264,36085027617,36649836188
1790895989,47373280,103038214144,0,0,0,0,0,3,3,5282092,23,1356,0,1,0,115,19,14502954264,36085027617,36649836188
1790895990,46760620,103075753984,0,0,0,0,0,3,3,5286752,23,1371,0,1,0,115,19,14502954264,36085027617,36649836188
1790895991,46584464,103071846400,0,0,0,0,0,3,3,5286752,23,1371,0,1,0,115,19,14502954264,36085027617,36649836188
1790895992,46536424,103021236224,0,0,0,0,0,3,3,5290413,23,1382,0,1,0,115,19,14502954264,36085027617,36649836188
1790895993,46473564,103071662080,0,0,0,0,0,3,3,5290413,23,1382,0,1,0,115,19,14502954264,36085027617,36649836188
1790895994,46375964,103056302080,0,0,0,0,0,3,3,5293696,23,1394,0,1,0,115,19,14502954264,36085027617,36649836188
1790895995,46244668,103067291648,0,0,0,0,0,3,3,5298485,23,1405,0,1,0,115,19,14502954264,36085027617,36649836188
1790895996,46238532,101401690112,0,0,0,0,0,3,3,5298485,23,1405,0,1,0,115,19,14502954264,36085027617,36649836188
1790895997,46269956,102872059904,0,0,0,0,0,3,3,5305521,25,1382,0,0,0,115,21,14502954264,38564645231,39193767604
1790895998,46196160,101243465728,0,0,0,0,0,3,3,5305521,25,1382,0,0,0,115,21,14502954264,38564645231,39193767604
1790895999,46213416,102403739648,0,0,0,0,0,3,3,5312677,26,1351,0,0,0,115,22,14502954264,41043573550,41736851725
1790896000,46059160,100377591808,0,0,0,0,0,3,3,5312677,26,1351,0,0,0,115,22,14502954264,41043573550,41736851725
1790896001,46121716,92750831616,0,0,0,0,0,3,3,5322302,28,1308,0,0,0,115,24,14502954264,51684279302,52588743074
1790896002,46172340,93305667584,0,0,0,0,0,3,3,5322302,28,1308,0,0,0,115,24,14502954264,51684279302,52588743074
1790896003,46246388,93883383808,0,0,0,0,0,3,3,5333209,28,1308,0,0,0,115,24,14502954264,51684279302,52588743074
1790896004,46320156,94470696960,0,0,0,0,0,3,3,5333209,28,1308,0,0,0,115,24,14502954264,51684279302,52588743074
1790896005,46370616,95027519488,0,0,0,0,0,3,3,5344070,28,1308,0,0,0,115,24,14502954264,51684279302,52588743074
1790896007,46415460,95575527424,0,0,0,0,0,3,3,5344070,28,1308,0,0,0,115,24,14502954264,51684279302,52588743074
1790896008,46459720,96128921600,0,0,0,0,0,3,3,5355015,28,1308,0,0,0,115,24,14502954264,51684279302,52588743074
1790896009,46506592,96680591360,0,0,0,0,0,3,3,5355015,28,1308,0,0,0,115,24,14502954264,51684279302,52588743074
1790896010,46540844,97221074944,0,0,0,0,0,3,3,5365886,28,1308,0,0,0,115,24,14502954264,51684279302,52588743074
1790896011,46585520,97768824832,0,0,0,0,0,3,3,5365886,28,1308,0,0,0,115,24,14502954264,51684279302,52588743074
1790896012,46623776,98312380416,0,0,0,0,0,3,3,5376819,28,1308,0,0,0,115,24,14502954264,51684279302,52588743074
1790896013,46654032,98849239040,0,0,0,0,0,3,3,5376819,28,1308,0,0,0,115,24,14502954264,51684279302,52588743074
1790896014,46707884,99411218432,0,0,0,0,0,3,3,5387858,28,1308,0,0,0,115,24,14502954264,51684279302,52588743074
1790896015,46747580,99955875840,0,0,0,0,0,3,3,5387858,28,1308,0,0,0,115,24,14502954264,51684279302,52588743074
1790896016,46790472,100504948736,0,0,0,0,0,3,3,5398888,28,1308,0,0,0,115,24,14502954264,51684279302,52588743074
1790896017,46838232,101064142848,0,0,0,0,0,3,3,5398888,28,1308,0,0,0,115,24,14502954264,51684279302,52588743074
1790896018,46884336,101611814912,0,0,0,0,0,3,3,5409932,28,1308,0,0,0,115,24,14502954264,51684279302,52588743074
1790896019,46953820,102188761088,0,0,0,0,0,3,3,5409932,28,1308,0,0,0,115,24,14502954264,51684279302,52588743074
1790896020,47018228,102742544384,0,0,0,0,0,3,3,5420942,28,1308,0,0,0,115,24,14502954264,51684279302,52588743074
1790896021,47061232,103042609152,0,0,0,0,0,3,3,5431843,28,1308,0,0,0,115,24,14502954264,51684279302,52588743074
1790896022,47108520,103066140672,0,0,0,0,0,3,3,5431843,28,1308,0,0,0,115,24,14502954264,51684279302,52588743074
1790896023,47150788,103069728768,0,0,0,0,0,3,3,5442793,28,1308,0,0,0,115,24,14502954264,51684279302,52588743074
1790896024,47244004,103075188736,0,0,0,0,0,3,3,5442793,28,1308,0,0,0,115,24,14502954264,51684279302,52588743074
1790896025,47307424,103065374720,0,0,0,0,0,3,3,5453746,28,1308,0,0,0,115,24,14502954264,51684279302,52588743074
1790896026,47362096,103072219136,0,0,0,0,0,3,3,5453746,28,1308,0,0,0,115,24,14502954264,51684279302,52588743074
1790896027,47408188,103061127168,0,0,0,0,0,3,3,5463074,28,1308,0,0,0,115,24,14502954264,51684279302,52588743074
1790896028,47447612,103076507648,0,0,0,0,0,3,3,5463074,28,1308,0,0,0,115,24,14502954264,51684279302,52588743074
1790896030,47502532,103057739776,0,0,0,0,0,3,3,5472648,28,1308,0,0,0,115,24,14502954264,51684279302,52588743074
1790896031,47545304,103065767936,0,0,0,0,0,3,3,5472648,28,1308,0,0,0,115,24,14502954264,51684279302,52588743074
1790896032,47577656,103078072320,0,0,0,0,0,3,3,5483733,28,1308,0,0,0,115,24,14502954264,51684279302,52588743074
1790896033,47628784,103065608192,0,0,0,0,0,3,3,5483733,28,1308,0,0,0,115,24,14502954264,51684279302,52588743074
1790896034,47675256,103076716544,0,0,0,0,0,3,3,5494789,28,1308,0,0,0,115,24,14502954264,51684279302,52588743074
1790896035,47720448,103062183936,0,0,0,0,0,3,3,5494789,28,1308,0,0,0,115,24,14502954264,51684279302,52588743074
1790896036,47773140,103073640448,0,0,0,0,0,3,3,5505963,28,1308,0,0,0,115,24,14502954264,51684279302,52588743074
1790896037,47804720,103074279424,0,0,0,0,0,3,3,5505963,28,1308,0,0,0,115,24,14502954264,51684279302,52588743074
1790896038,47848756,103063687168,0,0,0,0,0,3,3,5517111,28,1308,0,0,0,115,24,14502954264,51684279302,52588743074
1790896039,47899704,103048167424,0,0,0,0,0,3,3,5517111,28,1308,0,0,0,115,24,14502954264,51684279302,52588743074
1790896040,47923120,103064461312,0,0,0,0,0,3,3,5528149,28,1308,0,0,0,115,24,14502954264,51684279302,52588743074
1790896041,47959776,103079182336,0,0,0,0,0,3,3,5528149,28,1308,0,0,0,115,24,14502954264,51684279302,52588743074
1790896042,47982068,103066439680,0,0,0,0,0,3,3,5539294,28,1308,0,0,0,115,24,14502954264,51684279302,52588743074
1790896043,48006428,103063793664,0,0,0,0,0,3,3,5539294,28,1308,0,0,0,115,24,14502954264,51684279302,52588743074
1790896044,48011436,103071244288,0,0,0,0,0,3,3,5550403,28,1308,0,0,0,115,24,14502954264,51684279302,52588743074
1790896045,48036184,103078588416,0,0,0,0,0,3,3,5550403,28,1308,0,0,0,115,24,14502954264,51684279302,52588743074
1790896046,48046612,103075434496,0,0,0,0,0,3,3,5561644,28,1308,0,0,0,115,24,14502954264,51684279302,52588743074
1790896047,48061720,103073976320,0,0,0,0,0,3,3,5572904,28,1308,0,0,0,115,24,14502954264,51684279302,52588743074
1790896048,48067416,103049314304,0,0,0,0,0,3,3,5572904,28,1308,0,0,0,115,24,14502954264,51684279302,52588743074
1790896049,48078312,103058644992,0,0,0,0,0,3,3,5584044,28,1308,0,0,0,115,24,14502954264,51684279302,52588743074
1790896050,48074820,103041482752,0,0,0,0,0,3,3,5584044,28,1308,0,0,0,115,24,14502954264,51684279302,52588743074
1790896051,48085440,103067512832,0,0,0,0,0,3,3,5595123,28,1308,0,0,0,115,24,14502954264,51684279302,52588743074
1790896052,48071224,103072952320,0,0,0,0,0,3,3,5595123,28,1308,0,0,0,115,24,14502954264,51684279302,52588743074
1790896054,48080508,103040077824,0,0,0,0,0,3,3,5606277,28,1308,0,0,0,115,24,14502954264,51684279302,52588743074
1790896055,48095192,103060701184,0,0,0,0,0,3,3,5606277,28,1308,0,0,0,115,24,14502954264,51684279302,52588743074
1790896056,48099600,103061762048,0,0,0,0,0,3,3,5617447,28,1308,0,0,0,115,24,14502954264,51684279302,52588743074
1790896057,48100312,103079002112,0,0,0,0,0,3,3,5617447,28,1308,0,0,0,115,24,14502954264,51684279302,52588743074
1790896058,48096964,103073140736,0,0,0,0,0,3,3,5628558,28,1308,0,0,0,115,24,14502954264,51684279302,52588743074
1790896059,48091708,103072260096,0,0,0,0,0,3,3,5628558,28,1308,0,0,0,115,24,14502954264,51684279302,52588743074
1790896060,48088844,103055667200,0,0,0,0,0,3,3,5639631,28,1308,0,0,0,115,24,14502954264,51684279302,52588743074
1790896061,48105604,103061250048,0,0,0,0,0,3,3,5639631,28,1308,0,0,0,115,24,14502954264,51684279302,52588743074
1790896062,48126972,103059451904,0,0,0,0,0,3,3,5650403,28,1308,0,0,0,115,24,14502954264,51684279302,52588743074
1790896063,48153692,103078223872,0,0,0,0,0,3,3,5650403,28,1308,0,0,0,115,24,14502954264,51684279302,52588743074
1790896064,48168272,103070920704,0,0,0,0,0,3,3,5661420,28,1308,0,0,0,115,24,14502954264,51684279302,52588743074
1790896065,48190352,103068987392,0,0,0,0,0,3,3,5661420,28,1308,0,0,0,115,24,14502954264,51684279302,52588743074
1790896066,48210264,103074439168,0,0,0,0,0,3,3,5672485,28,1308,0,0,0,115,24,14502954264,51684279302,52588743074
1790896067,48232704,103076106240,0,0,0,0,0,3,3,5672485,28,1308,0,0,0,115,24,14502954264,51684279302,52588743074
1790896068,48257776,103079100416,0,0,0,0,0,3,3,5683554,28,1308,0,0,0,115,24,14502954264,51684279302,52588743074
1790896069,48284792,103059275776,0,0,0,0,0,3,3,5683554,28,1308,0,0,0,115,24,14502954264,51684279302,52588743074
1790896070,48316828,103069847552,0,0,0,0,0,3,3,5694654,28,1308,0,0,0,115,24,14502954264,51684279302,52588743074
1790896071,48362556,103057752064,0,0,0,0,0,3,3,5705775,28,1308,0,0,0,115,24,14502954264,51684279302,52588743074
1790896072,48412268,103065653248,0,0,0,0,0,3,3,5705775,28,1308,0,0,0,115,24,14502954264,51684279302,52588743074
1790896073,48462316,103048863744,0,0,0,0,0,3,3,5716822,28,1308,0,0,0,115,24,14502954264,51684279302,52588743074
1790896074,48503776,103073615872,0,0,0,0,0,3,3,5716822,28,1308,0,0,0,115,24,14502954264,51684279302,52588743074
1790896075,48544976,103078928384,0,0,0,0,0,3,3,5727915,28,1308,0,0,0,115,24,14502954264,51684279302,52588743074
1790896077,48577596,103076569088,0,0,0,0,0,3,3,5727915,28,1308,0,0,0,115,24,14502954264,51684279302,52588743074
1790896078,48627260,103077793792,0,0,0,0,0,3,3,5739074,28,1308,0,0,0,115,24,14502954264,51684279302,52588743074
1790896079,48670828,103070941184,0,0,0,0,0,3,3,5739074,28,1308,0,0,0,115,24,14502954264,51684279302,52588743074
1790896080,48718748,103061614592,0,0,0,0,0,3,3,5750090,28,1308,0,0,0,115,24,14502954264,51684279302,52588743074
1790896081,48748888,103060385792,0,0,0,0,0,3,3,5750090,28,1308,0,0,0,115,24,14502954264,51684279302,52588743074
1790896082,48789964,103068639232,0,0,0,0,0,3,3,5761158,28,1308,0,0,0,115,24,14502954264,51684279302,52588743074
1790896083,48817964,103021715456,0,0,0,0,0,3,3,5761158,28,1308,0,0,0,115,24,14502954264,51684279302,52588743074
1790896084,48857032,103066525696,0,0,0,0,0,3,3,5772232,28,1308,0,0,0,115,24,14502954264,51684279302,52588743074
1790896085,48884940,103056986112,0,0,0,0,0,3,3,5772232,28,1308,0,0,0,115,24,14502954264,51684279302,52588743074
1790896086,48908776,103079026688,0,0,0,0,0,3,3,5783358,28,1308,0,0,0,115,24,14502954264,51684279302,52588743074
1790896087,48946976,103053201408,0,0,0,0,0,3,3,5783358,28,1308,0,0,0,115,24,14502954264,51684279302,52588743074
1790896088,48978240,103036043264,0,0,0,0,0,3,3,5794590,28,1308,0,0,0,115,24,14502954264,51684279302,52588743074
1790896089,49015780,103069589504,0,0,0,0,0,3,3,5794590,28,1308,0,0,0,115,24,14502954264,51684279302,52588743074
1790896090,49036820,103072858112,0,0,0,0,0,3,3,5805627,28,1308,0,0,0,115,24,14502954264,51684279302,52588743074
1790896091,49060264,103075540992,0,0,0,0,0,3,3,5805627,28,1308,0,0,0,115,24,14502954264,51684279302,52588743074
1790896092,49096880,103044562944,0,0,0,0,0,3,3,5816757,28,1308,0,0,0,115,24,14502954264,51684279302,52588743074
1790896093,49110984,103066128384,0,0,0,0,0,3,3,5816757,28,1308,0,0,0,115,24,14502954264,51684279302,52588743074
1790896094,49132240,103079059456,0,0,0,0,0,3,3,5827928,28,1308,0,0,0,115,24,14502954264,51684279302,52588743074
1790896095,49169744,103076982784,0,0,0,0,0,3,3,5827928,28,1308,0,0,0,115,24,14502954264,51684279302,52588743074
1790896096,49177864,103063834624,0,0,0,0,0,3,3,5839059,28,1308,0,0,0,115,24,14502954264,51684279302,52588743074
1790896097,49195428,103031287808,0,0,0,0,0,3,3,5849880,28,1308,0,0,0,115,24,14502954264,51684279302,52588743074
1790896098,49220496,103064649728,0,0,0,0,0,3,3,5849880,28,1308,0,0,0,115,24,14502954264,51684279302,52588743074
1790896099,49240236,103054651392,0,0,0,0,0,3,3,5861055,28,1308,0,0,0,115,24,14502954264,51684279302,52588743074
1790896101,49269484,103068815360,0,0,0,0,0,3,3,5861055,28,1308,0,0,0,115,24,14502954264,51684279302,52588743074
1790896102,49275976,103076184064,0,0,0,0,0,3,3,5872062,28,1308,0,0,0,115,24,14502954264,51684279302,52588743074
1790896103,49302580,103068692480,0,0,0,0,0,3,3,5872062,28,1308,0,0,0,115,24,14502954264,51684279302,52588743074
1790896104,49316516,103056146432,0,0,0,0,0,3,3,5883263,28,1308,0,0,0,115,24,14502954264,51684279302,52588743074
1790896105,49325528,103044558848,0,0,0,0,0,3,3,5883263,28,1308,0,0,0,115,24,14502954264,51684279302,52588743074
1790896106,49342804,103070285824,0,0,0,0,0,3,3,5894414,28,1308,0,0,0,115,24,14502954264,51684279302,52588743074
1790896107,49374952,103070806016,0,0,0,0,0,3,3,5894414,28,1308,0,0,0,115,24,14502954264,51684279302,52588743074
1790896108,49410640,103054114816,0,0,0,0,0,3,3,5905590,28,1308,0,0,0,115,24,14502954264,51684279302,52588743074
1790896109,49417152,103070466048,0,0,0,0,0,3,3,5905590,28,1308,0,0,0,115,24,14502954264,51684279302,52588743074
1790896110,49449664,103074697216,0,0,0,0,0,3,3,5916641,28,1308,0,0,0,115,24,14502954264,51684279302,52588743074
1790896111,49481400,103067377664,0,0,0,0,0,3,3,5916641,28,1308,0,0,0,115,24,14502954264,51684279302,52588743074
1790896112,49498292,103060955136,0,0,0,0,0,3,3,5927822,28,1308,0,0,0,115,24,14502954264,51684279302,52588743074
1790896113,49531416,103060787200,0,0,0,0,0,3,3,5927822,28,1308,0,0,0,115,24,14502954264,51684279302,52588743074
1790896114,49544516,103060332544,0,0,0,0,0,3,3,5938920,28,1308,0,0,0,115,24,14502954264,51684279302,52588743074
1790896115,49575012,103072653312,0,0,0,0,0,3,3,5938920,28,1308,0,0,0,115,24,14502954264,51684279302,52588743074
1790896116,49606844,103073501184,0,0,0,0,0,3,3,5950028,28,1308,0,0,0,115,24,14502954264,51684279302,52588743074
1790896117,49630876,103068467200,0,0,0,0,0,3,3,5950028,28,1308,0,0,0,115,24,14502954264,51684279302,52588743074
1790896118,49644556,103065632768,0,0,0,0,0,3,3,5961240,28,1308,0,0,0,115,24,14502954264,51684279302,52588743074
1790896119,49685292,103056695296,0,0,0,0,0,3,3,5961240,28,1308,0,0,0,115,24,14502954264,51684279302,52588743074
1790896120,49706612,103071916032,0,0,0,0,0,3,3,5972194,28,1308,0,0,0,115,24,14502954264,51684279302,52588743074
1790896121,49739432,103072993280,0,0,0,0,0,3,3,5972194,28,1308,0,0,0,115,24,14502954264,51684279302,52588743074
1790896122,49768388,103074852864,0,0,0,0,0,3,3,5983318,28,1308,0,0,0,115,24,14502954264,51684279302,52588743074
1790896124,49800560,103068991488,0,0,0,0,0,3,3,5994317,28,1308,0,0,0,115,24,14502954264,51684279302,52588743074
1790896125,49841332,103072653312,0,0,0,0,0,3,3,5994317,28,1308,0,0,0,115,24,14502954264,51684279302,52588743074
1790896126,49881288,103065784320,0,0,0,0,0,3,3,6005411,28,1308,0,0,0,115,24,14502954264,51684279302,52588743074
1790896127,49913820,103079157760,0,0,0,0,0,3,3,6005411,28,1308,0,0,0,115,24,14502954264,51684279302,52588743074
1790896128,49945468,103071723520,0,0,0,0,0,3,3,6016207,28,1308,0,0,0,115,24,14502954264,51684279302,52588743074
1790896129,49971996,103056719872,0,0,0,0,0,3,3,6016207,28,1308,0,0,0,115,24,14502954264,51684279302,52588743074
1790896130,50006480,103074607104,0,0,0,0,0,3,3,6027330,28,1308,0,0,0,115,24,14502954264,51684279302,52588743074
1790896131,50018120,103070482432,0,0,0,0,0,3,3,6027330,28,1308,0,0,0,115,24,14502954264,51684279302,52588743074
1790896132,50044480,103071481856,0,0,0,0,0,3,3,6038538,28,1308,0,0,0,115,24,14502954264,51684279302,52588743074
1790896133,50083720,103070236672,0,0,0,0,0,3,3,6038538,28,1308,0,0,0,115,24,14502954264,51684279302,52588743074
1790896134,50103688,103070404608,0,0,0,0,0,3,3,6049692,28,1308,0,0,0,115,24,14502954264,51684279302,52588743074
1790896135,50131560,103078191104,0,0,0,0,0,3,3,6049692,28,1308,0,0,0,115,24,14502954264,51684279302,52588743074
1790896136,50163868,103077654528,0,0,0,0,0,3,3,6060812,28,1308,0,0,0,115,24,14502954264,51684279302,52588743074
1790896137,50193776,103060054016,0,0,0,0,0,3,3,6060812,28,1308,0,0,0,115,24,14502954264,51684279302,52588743074
1790896138,50204048,103067250688,0,0,0,0,0,3,3,6071924,28,1308,0,0,0,115,24,14502954264,51684279302,52588743074
1790896139,50229232,103064821760,0,0,0,0,0,3,3,6071924,28,1308,0,0,0,115,24,14502954264,51684279302,52588743074
1790896140,50245488,103074902016,0,0,0,0,0,3,3,6083089,28,1308,0,0,0,115,24,14502954264,51684279302,52588743074
1790896141,50280708,103078989824,0,0,0,0,0,3,3,6083089,28,1308,0,0,0,115,24,14502954264,51684279302,52588743074
1790896142,50319316,103078268928,0,0,0,0,0,3,3,6094312,28,1308,0,0,0,115,24,14502954264,51684279302,52588743074
1790896143,50356436,103076179968,0,0,0,0,0,3,3,6094312,28,1308,0,0,0,115,24,14502954264,51684279302,52588743074
1790896144,50371728,103073841152,0,0,0,0,0,3,3,6105490,28,1308,0,0,0,115,24,14502954264,51684279302,52588743074
1790896145,50388776,103053529088,0,0,0,0,0,3,3,6105490,28,1308,0,0,0,115,24,14502954264,51684279302,52588743074
1790896146,50409128,103052783616,0,0,0,0,0,3,3,6116559,28,1308,0,0,0,115,24,14502954264,51684279302,52588743074
1790896148,50425100,103048622080,0,0,0,0,0,3,3,6116559,28,1308,0,0,0,115,24,14502954264,51684279302,52588743074
1790896149,50448876,103076413440,0,0,0,0,0,3,3,6127849,28,1308,0,0,0,115,24,14502954264,51684279302,52588743074
1790896150,50462328,103077212160,0,0,0,0,0,3,3,6139041,28,1308,0,0,0,115,24,14502954264,51684279302,52588743074
1790896151,50474280,103073263616,0,0,0,0,0,3,3,6139041,28,1308,0,0,0,115,24,14502954264,51684279302,52588743074
1790896152,50490428,103078764544,0,0,0,0,0,3,3,6150154,28,1308,0,0,0,115,24,14502954264,51684279302,52588743074
1790896153,50499404,103069532160,0,0,0,0,0,3,3,6150154,28,1308,0,0,0,115,24,14502954264,51684279302,52588743074
1790896154,50514872,103054417920,0,0,0,0,0,3,3,6161304,28,1308,0,0,0,115,24,14502954264,51684279302,52588743074
1790896155,50525044,103066771456,0,0,0,0,0,3,3,6161304,28,1308,0,0,0,115,24,14502954264,51684279302,52588743074
1790896156,50538704,103069790208,0,0,0,0,0,3,3,6172515,28,1308,0,0,0,115,24,14502954264,51684279302,52588743074
1790896157,50548548,103061876736,0,0,0,0,0,3,3,6172515,28,1308,0,0,0,115,24,14502954264,51684279302,52588743074
1790896158,50571996,103048368128,0,0,0,0,0,3,3,6183738,28,1308,0,0,0,115,24,14502954264,51684279302,52588743074
1790896159,50605952,103034265600,0,0,0,0,0,3,3,6183738,28,1308,0,0,0,115,24,14502954264,51684279302,52588743074
1790896160,50644016,103070867456,0,0,0,0,0,3,3,6194693,28,1308,0,0,0,115,24,14502954264,51684279302,52588743074
1790896161,50668544,103057559552,0,0,0,0,0,3,3,6194693,28,1308,0,0,0,115,24,14502954264,51684279302,52588743074
1790896162,50700668,103015849984,0,0,0,0,0,3,3,6205817,28,1308,0,0,0,115,24,14502954264,51684279302,52588743074
1790896163,50740032,103071416320,0,0,0,0,0,3,3,6205817,28,1308,0,0,0,115,24,14502954264,51684279302,52588743074
1790896164,50770056,103071186944,0,0,0,0,0,3,3,6217059,28,1308,0,0,0,115,24,14502954264,51684279302,52588743074
1790896165,50791732,103041605632,0,0,0,0,0,3,3,6217059,28,1308,0,0,0,115,24,14502954264,51684279302,52588743074
1790896166,50826336,103075172352,0,0,0,0,0,3,3,6228162,28,1308,0,0,0,115,24,14502954264,51684279302,52588743074
1790896167,50866928,103068327936,0,0,0,0,0,3,3,6228162,28,1308,0,0,0,115,24,14502954264,51684279302,52588743074
1790896168,50904916,103060606976,0,0,0,0,0,3,3,6239355,28,1308,0,0,0,115,24,14502954264,51684279302,52588743074
1790896169,50941068,103070085120,0,0,0,0,0,3,3,6239355,28,1308,0,0,0,115,24,14502954264,51684279302,52588743074
1790896171,50970704,103043076096,0,0,0,0,0,3,3,6250417,28,1308,0,0,0,115,24,14502954264,51684279302,52588743074
1790896172,51006536,103069904896,0,0,0,0,0,3,3,6250417,28,1308,0,0,0,115,24,14502954264,51684279302,52588743074
1790896173,51031712,103070818304,0,0,0,0,0,3,3,6261586,28,1308,0,0,0,115,24,14502954264,51684279302,52588743074
1790896174,51055712,103073456128,0,0,0,0,0,3,3,6272773,28,1308,0,0,0,115,24,14502954264,51684279302,52588743074
1790896175,51088120,103074451456,0,0,0,0,0,3,3,6272773,28,1308,0,0,0,115,24,14502954264,51684279302,52588743074
1790896176,51123556,103073267712,0,0,0,0,0,3,3,6283925,28,1308,0,0,0,115,24,14502954264,51684279302,52588743074
1790896177,51162992,103076155392,0,0,0,0,0,3,3,6283925,28,1308,0,0,0,115,24,14502954264,51684279302,52588743074
1790896178,51198808,103072628736,0,0,0,0,0,3,3,6295161,28,1308,0,0,0,115,24,14502954264,51684279302,52588743074
1790896179,51239844,103079071744,0,0,0,0,0,3,3,6295161,28,1308,0,0,0,115,24,14502954264,51684279302,52588743074
1790896180,51266276,103075217408,0,0,0,0,0,3,3,6306304,28,1308,0,0,0,115,24,14502954264,51684279302,52588743074
1790896181,51291940,103078969344,0,0,0,0,0,3,3,6306304,28,1308,0,0,0,115,24,14502954264,51684279302,52588743074
1790896182,51328224,103065165824,0,0,0,0,0,3,3,6317463,28,1308,0,0,0,115,24,14502954264,51684279302,52588743074
1790896183,51364040,103072546816,0,0,0,0,0,3,3,6317463,28,1308,0,0,0,115,24,14502954264,51684279302,52588743074
1790896184,51399364,103071244288,0,0,0,0,0,3,3,6328641,28,1308,0,0,0,115,24,14502954264,51684279302,52588743074
1790896185,51439084,103071449088,0,0,0,0,0,3,3,6328641,28,1308,0,0,0,115,24,14502954264,51684279302,52588743074
1790896186,51476356,103073280000,0,0,0,0,0,3,3,6339879,28,1308,0,0,0,115,24,14502954264,51684279302,52588743074
1790896187,51532756,103074598912,0,0,0,0,0,3,3,6339879,28,1308,0,0,0,115,24,14502954264,51684279302,52588743074
1790896188,51596084,103053344768,0,0,0,0,0,3,3,6350995,28,1308,0,0,0,115,24,14502954264,51684279302,52588743074
1790896189,51648564,103078998016,0,0,0,0,0,3,3,6350995,28,1308,0,0,0,115,24,14502954264,51684279302,52588743074
1790896190,51693072,103078719488,0,0,0,0,0,3,3,6361905,28,1308,0,0,0,115,24,14502954264,51684279302,52588743074
1790896191,51758944,103073812480,0,0,0,0,0,3,3,6361905,28,1308,0,0,0,115,24,14502954264,51684279302,52588743074
1790896192,51804032,103067164672,0,0,0,0,0,3,3,6373057,28,1308,0,0,0,115,24,14502954264,51684279302,52588743074
1790896194,51873272,103072669696,0,0,0,0,0,3,3,6373057,28,1308,0,0,0,115,24,14502954264,51684279302,52588743074
1790896195,51939468,103077912576,0,0,0,0,0,3,3,6384322,28,1308,0,0,0,115,24,14502954264,51684279302,52588743074
1790896196,52004744,103044280320,0,0,0,0,0,3,3,6384322,28,1308,0,0,0,115,24,14502954264,51684279302,52588743074
1790896197,52072176,103078711296,0,0,0,0,0,3,3,6395354,28,1308,0,0,0,115,24,14502954264,51684279302,52588743074
1790896198,52112200,103070851072,0,0,0,0,0,3,3,6395354,28,1308,0,0,0,115,24,14502954264,51684279302,52588743074
1790896199,52173196,103072563200,0,0,0,0,0,3,3,6406455,28,1308,0,0,0,115,24,14502954264,51684279302,52588743074
1790896200,52212528,103073910784,0,0,0,0,0,3,3,6417600,28,1308,0,0,0,115,24,14502954264,51684279302,52588743074
1790896201,52241160,103037386752,0,0,0,0,0,3,3,6417600,28,1308,0,0,0,115,24,14502954264,51684279302,52588743074
1790896202,52272080,103066525696,0,0,0,0,0,3,3,6428737,28,1308,0,0,0,115,24,14502954264,51684279302,52588743074
1790896203,52312360,103076028416,0,0,0,0,0,3,3,6428737,28,1308,0,0,0,115,24,14502954264,51684279302,52588743074
1790896204,52347124,103067119616,0,0,0,0,0,3,3,6439981,28,1308,0,0,0,115,24,14502954264,51684279302,52588743074
1790896205,52378580,103065612288,0,0,0,0,0,3,3,6439981,28,1308,0,0,0,115,24,14502954264,51684279302,52588743074
1790896206,52426364,103063724032,0,0,0,0,0,3,3,6450965,28,1308,0,0,0,115,24,14502954264,51684279302,52588743074
1790896207,52467848,103073783808,0,0,0,0,0,3,3,6450965,28,1308,0,0,0,115,24,14502954264,51684279302,52588743074
1790896208,52506388,103071313920,0,0,0,0,0,3,3,6462070,28,1308,0,0,0,115,24,14502954264,51684279302,52588743074
1790896209,52553884,103053004800,0,0,0,0,0,3,3,6462070,28,1308,0,0,0,115,24,14502954264,51684279302,52588743074
1790896210,52598988,103063040000,0,0,0,0,0,3,3,6473179,28,1308,0,0,0,115,24,14502954264,51684279302,52588743074
1790896211,52638528,103070441472,0,0,0,0,0,3,3,6473179,28,1308,0,0,0,115,24,14502954264,51684279302,52588743074
1790896212,52666488,103070674944,0,0,0,0,0,3,3,6484313,28,1308,0,0,0,115,24,14502954264,51684279302,52588743074
1790896213,52691856,103060860928,0,0,0,0,0,3,3,6484313,28,1308,0,0,0,115,24,14502954264,51684279302,52588743074
1790896214,52720024,103079104512,0,0,0,0,0,3,3,6495469,28,1308,0,0,0,115,24,14502954264,51684279302,52588743074
1790896215,52745788,103068774400,0,0,0,0,0,3,3,6495469,28,1308,0,0,0,115,24,14502954264,51684279302,52588743074
1790896217,52779652,103068082176,0,0,0,0,0,3,3,6506709,28,1308,0,0,0,115,24,14502954264,51684279302,52588743074
1790896218,52821812,103079141376,0,0,0,0,0,3,3,6506709,28,1308,0,0,0,115,24,14502954264,51684279302,52588743074
1790896219,52869588,103075233792,0,0,0,0,0,3,3,6517842,28,1308,0,0,0,115,24,14502954264,51684279302,52588743074
1790896220,52903600,103074574336,0,0,0,0,0,3,3,6517842,28,1308,0,0,0,115,24,14502954264,51684279302,52588743074
1790896221,52936672,103074504704,0,0,0,0,0,3,3,6529130,28,1308,0,0,0,115,24,14502954264,51684279302,52588743074
1790896222,52950092,103062401024,0,0,0,0,0,3,3,6529130,28,1308,0,0,0,115,24,14502954264,51684279302,52588743074
1790896223,52983296,103052996608,0,0,0,0,0,3,3,6540040,28,1308,0,0,0,115,24,14502954264,51684279302,52588743074
1790896224,53004560,103072395264,0,0,0,0,0,3,3,6551221,28,1308,0,0,0,115,24,14502954264,51684279302,52588743074
1790896225,53032128,103067930624,0,0,0,0,0,3,3,6551221,28,1308,0,0,0,115,24,14502954264,51684279302,52588743074
1790896226,53068492,103072702464,0,0,0,0,0,3,3,6562373,28,1308,0,0,0,115,24,14502954264,51684279302,52588743074
1790896227,53080932,103065911296,0,0,0,0,0,3,3,6562373,28,1308,0,0,0,115,24,14502954264,51684279302,52588743074
1790896228,53114404,103067701248,0,0,0,0,0,3,3,6573493,28,1308,0,0,0,115,24,14502954264,51684279302,52588743074
1790896229,53147264,103056093184,0,0,0,0,0,3,3,6573493,28,1308,0,0,0,115,24,14502954264,51684279302,52588743074
1790896230,53172872,103076069376,0,0,0,0,0,3,3,6584725,28,1308,0,0,0,115,24,14502954264,51684279302,52588743074
1790896231,53197112,103076163584,0,0,0,0,0,3,3,6584725,28,1308,0,0,0,115,24,14502954264,51684279302,52588743074
1790896232,53208844,103060406272,0,0,0,0,0,3,3,6595944,28,1308,0,0,0,115,24,14502954264,51684279302,52588743074
1790896233,53221732,103068143616,0,0,0,0,0,3,3,6595944,28,1308,0,0,0,115,24,14502954264,51684279302,52588743074
1790896234,53231008,103077400576,0,0,0,0,0,3,3,6607308,28,1308,0,0,0,115,24,14502954264,51684279302,52588743074
1790896235,53240072,103075086336,0,0,0,0,0,3,3,6607308,28,1308,0,0,0,115,24,14502954264,51684279302,52588743074
1790896236,53251368,103075467264,0,0,0,0,0,3,3,6618497,28,1308,0,0,0,115,24,14502954264,51684279302,52588743074
1790896237,53261144,103072202752,0,0,0,0,0,3,3,6618497,28,1308,0,0,0,115,24,14502954264,51684279302,52588743074
1790896238,53272852,103076876288,0,0,0,0,0,3,3,6629667,28,1308,0,0,0,115,24,14502954264,51684279302,52588743074
1790896239,53289772,103077834752,0,0,0,0,0,3,3,6629667,28,1308,0,0,0,115,24,14502954264,51684279302,52588743074
1790896241,53299248,103067684864,0,0,0,0,0,3,3,6640934,28,1308,0,0,0,115,24,14502954264,51684279302,52588743074
1790896242,53315380,103074512896,0,0,0,0,0,3,3,6640934,28,1308,0,0,0,115,24,14502954264,51684279302,52588743074
1790896243,53327036,103074832384,0,0,0,0,0,3,3,6652014,28,1308,0,0,0,115,24,14502954264,51684279302,52588743074
1790896244,53338844,103063498752,0,0,0,0,0,3,3,6652014,28,1308,0,0,0,115,24,14502954264,51684279302,52588743074
1790896245,53350580,103077609472,0,0,0,0,0,3,3,6663244,28,1308,0,0,0,115,24,14502954264,51684279302,52588743074
1790896246,53355872,103054086144,0,0,0,0,0,3,3,6663244,28,1308,0,0,0,115,24,14502954264,51684279302,52588743074
1790896247,53371652,103079145472,0,0,0,0,0,3,3,6674416,28,1308,0,0,0,115,24,14502954264,51684279302,52588743074
1790896248,53383080,103074099200,0,0,0,0,0,3,3,6674416,28,1308,0,0,0,115,24,14502954264,51684279302,52588743074
1790896249,53379940,103078133760,0,0,0,0,0,3,3,6685574,28,1308,0,0,0,115,24,14502954264,51684279302,52588743074
1790896250,53391972,103075778560,0,0,0,0,0,3,3,6696839,28,1308,0,0,0,115,24,14502954264,51684279302,52588743074
1790896251,53399880,103077568512,0,0,0,0,0,3,3,6696839,28,1308,0,0,0,115,24,14502954264,51684279302,52588743074
1790896252,53405524,103072849920,0,0,0,0,0,3,3,6707977,28,1308,0,0,0,115,24,14502954264,51684279302,52588743074
1790896253,53420148,103075602432,0,0,0,0,0,3,3,6707977,28,1308,0,0,0,115,24,14502954264,51684279302,52588743074
1790896254,53418644,103073132544,0,0,0,0,0,3,3,6718915,28,1308,0,0,0,115,24,14502954264,51684279302,52588743074
1790896255,53428076,103079059456,0,0,0,0,0,3,3,6718915,28,1308,0,0,0,115,24,14502954264,51684279302,52588743074
1790896256,53455308,103074537472,0,0,0,0,0,3,3,6730102,28,1308,0,0,0,115,24,14502954264,51684279302,52588743074
1790896257,53480960,103064969216,0,0,0,0,0,3,3,6730102,28,1308,0,0,0,115,24,14502954264,51684279302,52588743074
1790896258,53508136,103062495232,0,0,0,0,0,3,3,6741243,28,1308,0,0,0,115,24,14502954264,51684279302,52588743074
1790896259,53531776,103075848192,0,0,0,0,0,3,3,6741243,28,1308,0,0,0,115,24,14502954264,51684279302,52588743074
1790896260,53547576,103072038912,0,0,0,0,0,3,3,6752488,28,1308,0,0,0,115,24,14502954264,51684279302,52588743074
1790896261,53562008,103074603008,0,0,0,0,0,3,3,6752488,28,1308,0,0,0,115,24,14502954264,51684279302,52588743074
1790896262,53578284,103060434944,0,0,0,0,0,3,3,6763715,28,1308,0,0,0,115,24,14502954264,51684279302,52588743074
1790896264,53614168,103060426752,0,0,0,0,0,3,3,6763715,28,1308,0,0,0,115,24,14502954264,51684279302,52588743074
1790896265,53658388,103033516032,0,0,0,0,0,3,3,6774919,28,1308,0,0,0,115,24,14502954264,51684279302,52588743074
1790896266,53699668,103071027200,0,0,0,0,0,3,3,6774919,28,1308,0,0,0,115,24,14502954264,51684279302,52588743074
1790896267,53742796,103056261120,0,0,0,0,0,3,3,6786011,28,1308,0,0,0,115,24,14502954264,51684279302,52588743074
1790896268,53788148,103074832384,0,0,0,0,0,3,3,6786011,28,1308,0,0,0,115,24,14502954264,51684279302,52588743074
1790896269,53846216,103050559488,0,0,0,0,0,3,3,6797101,28,1308,0,0,0,115,24,14502954264,51684279302,52588743074
1790896270,53896060,103054086144,0,0,0,0,0,3,3,6797101,28,1308,0,0,0,115,24,14502954264,51684279302,52588743074
1790896271,53959936,103079153664,0,0,0,0,0,3,3,6808315,28,1308,0,0,0,115,24,14502954264,51684279302,52588743074
1790896272,54033736,103075995648,0,0,0,0,0,3,3,6808315,28,1308,0,0,0,115,24,14502954264,51684279302,52588743074
1790896273,54095544,103075086336,0,0,0,0,0,3,3,6819555,28,1308,0,0,0,115,24,14502954264,51684279302,52588743074
1790896274,54164848,103075233792,0,0,0,0,0,3,3,6830732,28,1308,0,0,0,115,24,14502954264,51684279302,52588743074
1790896275,54216668,103047806976,0,0,0,0,0,3,3,6830732,28,1308,0,0,0,115,24,14502954264,51684279302,52588743074
1790896276,54277524,103068073984,0,0,0,0,0,3,3,6841843,28,1308,0,0,0,115,24,14502954264,51684279302,52588743074
1790896277,54347024,103060705280,0,0,0,0,0,3,3,6841843,28,1308,0,0,0,115,24,14502954264,51684279302,52588743074
1790896278,54401896,103072690176,0,0,0,0,0,3,3,6852893,28,1308,0,0,0,115,24,14502954264,51684279302,52588743074
1790896279,54455716,103072550912,0,0,0,0,0,3,3,6852893,28,1308,0,0,0,115,24,14502954264,51684279302,52588743074
1790896280,54517772,103072067584,0,0,0,0,0,3,3,6863983,28,1308,0,0,0,115,24,14502954264,51684279302,52588743074
1790896281,54568608,103070875648,0,0,0,0,0,3,3,6863983,28,1308,0,0,0,115,24,14502954264,51684279302,52588743074
1790896282,54601620,103073574912,0,0,0,0,0,3,3,6875199,28,1308,0,0,0,115,24,14502954264,51684279302,52588743074
1790896283,54635588,103073546240,0,0,0,0,0,3,3,6875199,28,1308,0,0,0,115,24,14502954264,51684279302,52588743074
1790896284,54678684,103061483520,0,0,0,0,0,3,3,6885980,28,1308,0,0,0,115,24,14502954264,51684279302,52588743074
1790896285,54736772,103072436224,0,0,0,0,0,3,3,6885980,28,1308,0,0,0,115,24,14502954264,51684279302,52588743074
1790896286,54779860,103050346496,0,0,0,0,0,4,4,6896528,28,1309,1,0,1,115,24,14502954264,51684279302,52588743074
1790896288,54804108,103066628096,0,0,0,0,0,4,4,6896528,28,1309,1,0,1,115,24,14502954264,51684279302,52588743074
1790896289,54835680,103040700416,0,0,0,0,0,4,4,6906826,28,1312,1,0,1,115,24,14502954264,51684279302,52588743074
1790896290,54869572,103061975040,0,0,0,0,0,4,4,6906826,28,1312,1,0,1,115,24,14502954264,51684279302,52588743074
1790896291,54896472,103071948800,0,0,0,0,0,4,4,6917103,28,1320,1,0,1,115,24,14502954264,51684279302,52588743074
1790896292,54928192,103062646784,0,0,0,0,0,4,4,6917103,28,1320,1,0,1,115,24,14502954264,51684279302,52588743074
1790896293,54958128,103061827584,0,0,0,0,0,4,4,6927266,28,1329,1,0,1,115,24,14502954264,51684279302,52588743074
1790896294,54995480,103052705792,0,0,0,0,0,4,4,6927266,28,1329,1,0,1,115,24,14502954264,51684279302,52588743074
1790896295,55018640,103073357824,0,0,0,0,0,4,4,6937484,28,1337,1,0,1,115,24,14502954264,51684279302,52588743074
1790896296,55050648,103075794944,0,0,0,0,0,4,4,6937484,28,1337,1,0,1,115,24,14502954264,51684279302,52588743074
1790896297,55082488,103065509888,0,0,0,0,0,4,4,6947641,28,1344,1,0,1,115,24,14502954264,51684279302,52588743074
1790896298,55126160,103078240256,0,0,0,0,0,4,4,6947641,28,1344,1,0,1,115,24,14502954264,51684279302,52588743074
1790896299,55165788,103071571968,0,0,0,0,0,4,4,6957834,28,1344,1,0,1,115,24,14502954264,51684279302,52588743074
1790896300,55213296,103068520448,0,0,0,0,0,4,4,6967924,28,1344,1,0,1,115,24,14502954264,51684279302,52588743074
1790896301,55254924,103069896704,0,0,0,0,0,4,4,6967924,28,1344,1,0,1,115,24,14502954264,51684279302,52588743074
1790896302,55294080,103062192128,0,0,0,0,0,4,4,6978036,28,1344,1,0,1,115,24,14502954264,51684279302,52588743074
1790896303,55336764,103070965760,0,0,0,0,0,4,4,6978036,28,1344,1,0,1,115,24,14502954264,51684279302,52588743074
1790896304,55378412,103069724672,0,0,0,0,0,4,4,6988215,28,1344,1,0,1,115,24,14502954264,51684279302,52588743074
1790896305,51241772,99361021952,0,0,0,0,0,4,4,6988215,28,1344,1,0,1,115,24,14502954264,51684279302,52588743074
1790896306,51225804,100470824960,0,0,0,0,0,4,4,6994678,30,1355,0,4,0,153,25,19340026457,51687656074,52595498719
1790896307,51052856,101432217600,0,0,0,0,0,4,4,6994678,30,1355,0,4,0,153,25,19340026457,51687656074,52595498719
1790896309,50734112,102219563008,0,0,0,0,0,4,4,6999331,30,1369,0,4,0,153,25,19340026457,51687656074,52595498719
1790896310,50232988,102797635584,0,0,0,0,0,4,4,6999331,30,1369,0,4,0,153,25,19340026457,51687656074,52595498719
1790896311,49665228,103037452288,0,0,0,0,0,4,4,7003672,30,1376,0,4,0,153,25,19340026457,51687656074,52595498719
1790896312,48875528,102919426048,0,0,0,0,0,4,4,7003672,30,1376,0,4,0,153,25,19340026457,51687656074,52595498719
1790896313,48238936,103066705920,0,0,0,0,0,4,4,7007207,30,1394,0,4,0,153,25,19340026457,51687656074,52595498719
1790896314,47881504,103046381568,0,0,0,0,0,4,4,7007207,30,1394,0,4,0,153,25,19340026457,51687656074,52595498719
1790896315,47493532,103045959680,0,0,0,0,0,4,4,7011561,30,1402,0,4,0,153,25,19340026457,51687656074,52595498719
1790896316,47399192,103060963328,0,0,0,0,0,4,4,7011561,30,1402,0,4,0,153,25,19340026457,51687656074,52595498719
1790896317,47160728,103074893824,0,0,0,0,0,4,4,7016141,30,1412,0,4,0,153,25,19340026457,51687656074,52595498719
1790896318,47164900,103078952960,0,0,0,0,0,4,4,7016141,30,1412,0,4,0,153,25,19340026457,51687656074,52595498719
1790896319,47171928,103040389120,0,0,0,0,0,4,4,7020266,30,1423,0,4,0,153,25,19340026457,51687656074,52595498719
1790896320,47200480,103073538048,0,0,0,0,0,4,4,7024547,30,1435,0,4,0,153,25,19340026457,51687656074,52595498719
1790896321,47215128,103078969344,0,0,0,0,0,4,4,7024547,30,1435,0,4,0,153,25,19340026457,51687656074,52595498719
1790896322,47239044,103076966400,0,0,0,0,0,4,4,7028907,30,1448,0,4,0,153,25,19340026457,51687656074,52595498719
1790896323,47242492,103029444608,0,0,0,0,0,4,4,7028907,30,1448,0,4,0,153,25,19340026457,51687656074,52595498719
1790896324,47264968,103077683200,0,0,0,0,0,4,4,7033988,30,1464,0,4,0,153,25,19340026457,51687656074,52595498719
1790896326,47275704,101008723968,0,0,0,0,0,4,4,7033988,30,1464,0,4,0,153,25,19340026457,51687656074,52595498719
1790896327,47300744,102117953536,0,0,0,0,0,4,4,7039175,31,1441,0,3,0,153,26,19340026457,54190420361,55184196111
1790896328,47315296,100897890304,0,0,0,0,0,4,4,7039175,31,1441,0,3,0,153,26,19340026457,54190420361,55184196111
1790896329,47339896,102167105536,0,0,0,0,0,4,4,7043973,32,1408,0,2,0,153,27,19340026457,56691958699,57771655047
1790896330,47362804,103075078144,0,0,0,0,0,4,4,7043973,32,1408,0,2,0,153,27,19340026457,56691958699,57771655047
1790896331,47396568,103060602880,0,0,0,0,0,4,4,7048687,32,1421,0,2,0,153,27,19340026457,56691958699,57771655047
1790896332,47401892,101652496384,0,0,0,0,0,4,4,7048687,32,1421,0,2,0,153,27,19340026457,56691958699,57771655047
1790896333,47420496,103073980416,0,0,0,0,0,4,4,7053333,33,1388,0,1,0,153,28,19340026457,59195868957,60362648124
1790896334,47443812,103077654528,0,0,0,0,0,4,4,7053333,33,1388,0,1,0,153,28,19340026457,59195868957,60362648124
1790896335,47472064,103073447936,0,0,0,0,0,4,4,7057655,33,1396,0,1,0,153,28,19340026457,59195868957,60362648124
1790896336,47479928,103078715392,0,0,0,0,0,4,4,7057655,33,1396,0,1,0,153,28,19340026457,59195868957,60362648124
1790896337,47483640,103068446720,0,0,0,0,0,4,4,7061725,33,1401,0,1,0,153,28,19340026457,59195868957,60362648124
1790896338,47499680,103069065216,0,0,0,0,0,4,4,7061725,33,1401,0,1,0,153,28,19340026457,59195868957,60362648124
1790896339,47518060,103027220480,0,0,0,0,0,4,4,7064854,33,1419,0,1,0,153,28,19340026457,59195868957,60362648124
1790896340,47551368,103077412864,0,0,0,0,0,4,4,7069192,33,1423,0,1,0,153,28,19340026457,59195868957,60362648124
1790896341,47613604,103077457920,0,0,0,0,0,4,4,7069192,33,1423,0,1,0,153,28,19340026457,59195868957,60362648124
1790896342,47644460,103058337792,0,0,0,0,0,4,4,7075036,35,1389,0,0,0,153,30,19340026457,61697627868,62950434199
1790896344,47675616,103033458688,0,0,0,0,0,4,4,7075036,35,1389,0,0,0,153,30,19340026457,61697627868,62950434199
1790896345,47701520,103069134848,0,0,0,0,0,4,4,7080600,35,1396,0,0,0,153,30,19340026457,61697627868,62950434199
1790896346,47734924,103036219392,0,0,0,0,0,4,4,7080600,35,1396,0,0,0,153,30,19340026457,61697627868,62950434199
1790896347,47769548,103072190464,0,0,0,0,0,4,4,7085787,35,1400,0,0,0,153,30,19340026457,61697627868,62950434199
1790896348,47784744,102593515520,0,0,0,0,0,4,4,7085787,35,1400,0,0,0,153,30,19340026457,61697627868,62950434199
1790896349,47840880,103065538560,0,0,0,0,0,4,4,7091637,36,1368,0,0,0,153,31,19340026457,64199564624,65537667457
1790896350,47877124,103054094336,0,0,0,0,0,4,4,7091637,36,1368,0,0,0,153,31,19340026457,64199564624,65537667457
1790896351,47942532,103037739008,0,0,0,0,0,4,4,7099218,36,1368,0,0,0,153,31,19340026457,64199564624,65537667457
1790896352,47986868,103074951168,0,0,0,0,0,4,4,7099218,36,1368,0,0,0,153,31,19340026457,64199564624,65537667457
1790896353,48046024,103073546240,0,0,0,0,0,4,4,7106683,36,1369,0,0,0,153,31,19340026457,64199564624,65537667457
1790896354,48086316,103076491264,0,0,0,0,0,4,4,7106683,36,1369,0,0,0,153,31,19340026457,64199564624,65537667457
1790896355,48128340,103066251264,0,0,0,0,0,4,4,7113326,36,1369,0,0,0,153,31,19340026457,64199564624,65537667457
1790896356,48179152,103065419776,0,0,0,0,0,4,4,7113326,36,1369,0,0,0,153,31,19340026457,64199564624,65537667457
1790896357,48235656,103074373632,0,0,0,0,0,4,4,7120351,36,1370,0,0,0,153,31,19340026457,64199564624,65537667457
1790896358,48292596,103057305600,0,0,0,0,0,4,4,7120351,36,1370,0,0,0,153,31,19340026457,64199564624,65537667457
1790896359,48355484,103073529856,0,0,0,0,0,4,4,7127797,36,1371,0,0,0,153,31,19340026457,64199564624,65537667457
1790896360,48401372,103072985088,0,0,0,0,0,4,4,7127797,36,1371,0,0,0,153,31,19340026457,64199564624,65537667457
1790896361,48431480,103079215104,0,0,0,0,0,4,4,7134721,36,1371,0,0,0,153,31,19340026457,64199564624,65537667457
1790896362,48459084,103079215104,0,0,0,0,0,4,4,7140472,36,1373,0,0,0,153,31,19340026457,64199564624,65537667457
1790896364,48497420,103073943552,0,0,0,0,0,4,4,7140472,36,1373,0,0,0,153,31,19340026457,64199564624,65537667457
1790896365,48505852,103071830016,0,0,0,0,0,4,4,7147832,36,1373,0,0,0,153,31,19340026457,64199564624,65537667457
1790896366,48529112,103067725824,0,0,0,0,0,4,4,7147832,36,1373,0,0,0,153,31,19340026457,64199564624,65537667457
1790896367,48547528,103073751040,0,0,0,0,0,4,4,7155239,36,1375,0,0,0,153,31,19340026457,64199564624,65537667457
1790896368,48564068,103056769024,0,0,0,0,0,4,4,7155239,36,1375,0,0,0,153,31,19340026457,64199564624,65537667457
1790896369,48583320,103069630464,0,0,0,0,0,4,4,7161045,36,1375,0,0,0,153,31,19340026457,64199564624,65537667457
1790896370,48595776,103054016512,0,0,0,0,0,4,4,7161045,36,1375,0,0,0,153,31,19340026457,64199564624,65537667457
1790896371,48604748,103067832320,0,0,0,0,0,4,4,7166965,36,1375,0,0,0,153,31,19340026457,64199564624,65537667457
1790896372,48618348,103070367744,0,0,0,0,0,4,4,7166965,36,1375,0,0,0,153,31,19340026457,64199564624,65537667457
1790896373,48634580,103073165312,0,0,0,0,0,4,4,7173885,36,1376,0,0,0,153,31,19340026457,64199564624,65537667457
1790896374,48647800,103063945216,0,0,0,0,0,4,4,7173885,36,1376,0,0,0,153,31,19340026457,64199564624,65537667457
1790896375,48643816,103067779072,0,0,0,0,0,4,4,7181381,36,1376,0,0,0,153,31,19340026457,64199564624,65537667457
1790896376,48647760,103073304576,0,0,0,0,0,4,4,7181381,36,1376,0,0,0,153,31,19340026457,64199564624,65537667457
1790896377,48634252,103062114304,0,0,0,0,0,4,4,7189077,36,1378,0,0,0,153,31,19340026457,64199564624,65537667457
1790896378,48619572,103079202816,0,0,0,0,0,4,4,7189077,36,1378,0,0,0,153,31,19340026457,64199564624,65537667457
1790896379,48616644,103071485952,0,0,0,0,0,4,4,7195456,36,1379,0,0,0,153,31,19340026457,64199564624,65537667457
1790896380,48606576,103071436800,0,0,0,0,0,4,4,7195456,36,1379,0,0,0,153,31,19340026457,64199564624,65537667457
1790896381,48586260,103053795328,0,0,0,0,0,4,4,7201843,36,1379,0,0,0,153,31,19340026457,64199564624,65537667457
1790896382,48568124,103070011392,0,0,0,0,0,4,4,7201843,36,1379,0,0,0,153,31,19340026457,64199564624,65537667457
1790896383,48560716,103062470656,0,0,0,0,0,4,4,7209489,36,1379,0,0,0,153,31,19340026457,64199564624,65537667457
1790896385,48557300,103079215104,0,0,0,0,0,4,4,7217619,36,1379,0,0,0,153,31,19340026457,64199564624,65537667457
1790896386,48560264,103055855616,0,0,0,0,0,4,4,7217619,36,1379,0,0,0,153,31,19340026457,64199564624,65537667457
1790896387,48559388,103067488256,0,0,0,0,0,4,4,7225335,36,1379,0,0,0,153,31,19340026457,64199564624,65537667457
1790896388,48572316,103077081088,0,0,0,0,0,4,4,7225335,36,1379,0,0,0,153,31,19340026457,64199564624,65537667457
1790896389,48576424,101123411968,0,0,0,0,0,4,4,7231766,36,1380,0,0,0,153,31,19340026457,64199564624,65537667457
1790896390,48637564,102574018560,0,0,0,0,0,4,4,7231766,36,1380,0,0,0,153,31,19340026457,64199564624,65537667457
1790896391,48695416,103066775552,0,0,0,0,0,4,4,7238775,37,1320,0,0,0,153,32,19340026457,68935118553,70430897617
1790896392,48752076,103075528704,0,0,0,0,0,4,4,7238775,37,1320,0,0,0,153,32,19340026457,68935118553,70430897617
1790896393,48812436,103054053376,0,0,0,0,0,4,4,7247411,37,1320,0,0,0,153,32,19340026457,68935118553,70430897617
1790896394,48854004,103062056960,0,0,0,0,0,4,4,7247411,37,1320,0,0,0,153,32,19340026457,68935118553,70430897617
1790896395,48891308,103078977536,0,0,0,0,0,4,4,7256075,37,1320,0,0,0,153,32,19340026457,68935118553,70430897617
1790896396,48916520,103071956992,0,0,0,0,0,4,4,7256075,37,1320,0,0,0,153,32,19340026457,68935118553,70430897617
1790896397,48933792,103079006208,0,0,0,0,0,4,4,7263173,37,1320,0,0,0,153,32,19340026457,68935118553,70430897617
1790896398,48949112,103063044096,0,0,0,0,0,4,4,7263173,37,1320,0,0,0,153,32,19340026457,68935118553,70430897617
1790896399,48986284,103071682560,0,0,0,0,0,4,4,7270236,37,1320,0,0,0,153,32,19340026457,68935118553,70430897617
1790896400,49015176,103041245184,0,0,0,0,0,4,4,7270236,37,1320,0,0,0,153,32,19340026457,68935118553,70430897617
1790896401,49035540,103071440896,0,0,0,0,0,4,4,7278721,37,1320,0,0,0,153,32,19340026457,68935118553,70430897617
1790896402,49047156,103078481920,0,0,0,0,0,4,4,7278721,37,1320,0,0,0,153,32,19340026457,68935118553,70430897617
1790896403,49071136,103065554944,0,0,0,0,0,4,4,7284133,37,1320,0,0,0,153,32,19340026457,68935118553,70430897617
1790896404,49097380,103071272960,0,0,0,0,0,4,4,7284133,37,1320,0,0,0,153,32,19340026457,68935118553,70430897617
1790896405,49140296,103060520960,0,0,0,0,0,4,4,7289987,37,1320,0,0,0,153,32,19340026457,68935118553,70430897617
1790896407,49172220,103075467264,0,0,0,0,0,4,4,7289987,37,1320,0,0,0,153,32,19340026457,68935118553,70430897617
1790896408,49184328,103070703616,0,0,0,0,0,4,4,7296930,37,1320,0,0,0,153,32,19340026457,68935118553,70430897617
1790896409,49205356,103072698368,0,0,0,0,0,4,4,7301299,37,1320,0,0,0,153,32,19340026457,68935118553,70430897617
1790896410,49223340,103078027264,0,0,0,0,0,4,4,7301299,37,1320,0,0,0,153,32,19340026457,68935118553,70430897617
1790896411,49248128,103078424576,0,0,0,0,0,4,4,7306172,37,1320,0,0,0,153,32,19340026457,68935118553,70430897617
1790896412,49277212,103079079936,0,0,0,0,0,4,4,7306172,37,1320,0,0,0,153,32,19340026457,68935118553,70430897617
1790896413,49317132,103075504128,0,0,0,0,0,4,4,7314962,37,1320,0,0,0,153,32,19340026457,68935118553,70430897617
1790896414,49331944,103067443200,0,0,0,0,0,4,4,7314962,37,1320,0,0,0,153,32,19340026457,68935118553,70430897617
1790896415,49342296,103079182336,0,0,0,0,0,4,4,7319959,37,1320,0,0,0,153,32,19340026457,68935118553,70430897617
1790896416,49352076,103076163584,0,0,0,0,0,4,4,7319959,37,1320,0,0,0,153,32,19340026457,68935118553,70430897617
1790896417,49364008,103075831808,0,0,0,0,0,4,4,7324688,37,1320,0,0,0,153,32,19340026457,68935118553,70430897617
1790896418,49399896,103071481856,0,0,0,0,0,4,4,7324688,37,1320,0,0,0,153,32,19340026457,68935118553,70430897617
1790896419,49420908,103071797248,0,0,0,0,0,4,4,7332867,37,1320,0,0,0,153,32,19340026457,68935118553,70430897617
1790896420,49432512,103073271808,0,0,0,0,0,4,4,7332867,37,1320,0,0,0,153,32,19340026457,68935118553,70430897617
1790896421,49443268,103074500608,0,0,0,0,0,4,4,7337961,37,1320,0,0,0,153,32,19340026457,68935118553,70430897617
1790896422,49441832,103067996160,0,0,0,0,0,4,4,7337961,37,1320,0,0,0,153,32,19340026457,68935118553,70430897617
1790896423,49459012,103072251904,0,0,0,0,0,4,4,7342734,37,1320,0,0,0,153,32,19340026457,68935118553,70430897617
1790896424,49398488,103066750976,0,0,0,0,0,4,4,7342734,37,1320,0,0,0,153,32,19340026457,68935118553,70430897617
1790896425,49425856,103074398208,0,0,0,0,0,4,4,7349922,37,1321,0,0,0,153,32,19340026457,68935118553,70430897617
1790896426,49440648,103074594816,0,0,0,0,0,4,4,7349922,37,1321,0,0,0,153,32,19340026457,68935118553,70430897617
1790896427,49377912,103077584896,0,0,0,0,0,4,4,7356723,37,1321,0,0,0,153,32,19340026457,68935118553,70430897617
1790896429,49393264,103075213312,0,0,0,0,0,4,4,7356723,37,1321,0,0,0,153,32,19340026457,68935118553,70430897617
1790896430,49406488,103070425088,0,0,0,0,0,4,4,7361982,37,1322,0,0,0,153,32,19340026457,68935118553,70430897617
1790896431,49421956,103049371648,0,0,0,0,0,4,4,7361982,37,1322,0,0,0,153,32,19340026457,68935118553,70430897617
1790896432,49335952,103054131200,0,0,0,0,0,4,4,7368010,37,1322,0,0,0,153,32,19340026457,68935118553,70430897617
1790896433,49369056,103075221504,0,0,0,0,0,4,4,7368010,37,1322,0,0,0,153,32,19340026457,68935118553,70430897617
1790896434,49397912,103065276416,0,0,0,0,0,4,4,7376592,37,1323,0,0,0,153,32,19340026457,68935118553,70430897617
1790896435,49322028,103077564416,0,0,0,0,0,4,4,7384643,37,1324,0,0,0,153,32,19340026457,68935118553,70430897617
1790896436,49315332,103059316736,0,0,0,0,0,4,4,7384643,37,1324,0,0,0,153,32,19340026457,68935118553,70430897617
1790896437,49318448,103052406784,0,0,0,0,0,4,4,7390932,37,1324,0,0,0,153,32,19340026457,68935118553,70430897617
1790896438,49336816,103066644480,0,0,0,0,0,4,4,7390932,37,1324,0,0,0,153,32,19340026457,68935118553,70430897617
1790896439,49348012,103038685184,0,0,0,0,0,4,4,7399040,37,1324,0,0,0,153,32,19340026457,68935118553,70430897617
1790896440,49390900,103072133120,0,0,0,0,0,4,4,7399040,37,1324,0,0,0,153,32,19340026457,68935118553,70430897617
1790896441,49399660,103077789696,0,0,0,0,0,4,4,7407625,37,1324,0,0,0,153,32,19340026457,68935118553,70430897617
1790896442,49411152,103078871040,0,0,0,0,0,4,4,7407625,37,1324,0,0,0,153,32,19340026457,68935118553,70430897617
1790896443,49430132,103064207360,0,0,0,0,0,4,4,7414585,37,1324,0,0,0,153,32,19340026457,68935118553,70430897617
1790896444,49453348,103051374592,0,0,0,0,0,4,4,7414585,37,1324,0,0,0,153,32,19340026457,68935118553,70430897617
1790896445,49457404,103067340800,0,0,0,0,0,4,4,7421028,37,1324,0,0,0,153,32,19340026457,68935118553,70430897617
1790896446,49523308,103064616960,0,0,0,0,0,4,4,7421028,37,1324,0,0,0,153,32,19340026457,68935118553,70430897617
1790896447,49539796,103061454848,0,0,0,0,0,4,4,7428140,37,1324,0,0,0,153,32,19340026457,68935118553,70430897617
1790896448,49580640,103069216768,0,0,0,0,0,4,4,7428140,37,1324,0,0,0,153,32,19340026457,68935118553,70430897617
1790896449,49614892,103057981440,0,0,0,0,0,4,4,7436881,37,1324,0,0,0,153,32,19340026457,68935118553,70430897617
1790896451,49643008,103074852864,0,0,0,0,0,4,4,7436881,37,1324,0,0,0,153,32,19340026457,68935118553,70430897617
1790896452,49672748,103078559744,0,0,0,0,0,4,4,7445579,37,1324,0,0,0,153,32,19340026457,68935118553,70430897617
1790896453,49688520,103073398784,0,0,0,0,0,4,4,7445579,37,1324,0,0,0,153,32,19340026457,68935118553,70430897617
1790896454,49695516,103054770176,0,0,0,0,0,4,4,7452721,37,1324,0,0,0,153,32,19340026457,68935118553,70430897617
1790896455,49692240,103065567232,0,0,0,0,0,4,4,7452721,37,1324,0,0,0,153,32,19340026457,68935118553,70430897617
1790896456,49672188,103052128256,0,0,0,0,0,4,4,7459280,37,1324,0,0,0,153,32,19340026457,68935118553,70430897617
1790896457,49684436,103064674304,0,0,0,0,0,4,4,7466827,37,1324,0,0,0,153,32,19340026457,68935118553,70430897617
1790896458,49682484,103074537472,0,0,0,0,0,4,4,7466827,37,1324,0,0,0,153,32,19340026457,68935118553,70430897617
1790896459,49695108,103058911232,0,0,0,0,0,4,4,7475545,37,1324,0,0,0,153,32,19340026457,68935118553,70430897617
1790896460,49695496,103071297536,0,0,0,0,0,4,4,7475545,37,1324,0,0,0,153,32,19340026457,68935118553,70430897617
1790896461,49702840,103076212736,0,0,0,0,0,4,4,7484173,37,1324,0,0,0,153,32,19340026457,68935118553,70430897617
1790896462,49696628,103078617088,0,0,0,0,0,4,4,7484173,37,1324,0,0,0,153,32,19340026457,68935118553,70430897617
1790896463,49701128,103076872192,0,0,0,0,0,4,4,7490542,37,1324,0,0,0,153,32,19340026457,68935118553,70430897617
1790896464,49712532,103023505408,0,0,0,0,0,4,4,7490542,37,1324,0,0,0,153,32,19340026457,68935118553,70430897617
1790896465,49723108,103061073920,0,0,0,0,0,4,4,7498318,37,1324,0,0,0,153,32,19340026457,68935118553,70430897617
1790896466,49739572,103060975616,0,0,0,0,0,4,4,7498318,37,1324,0,0,0,153,32,19340026457,68935118553,70430897617
1790896467,49737180,103076573184,0,0,0,0,0,4,4,7507121,37,1324,0,0,0,153,32,19340026457,68935118553,70430897617
1790896468,49735528,103072579584,0,0,0,0,0,4,4,7507121,37,1324,0,0,0,153,32,19340026457,68935118553,70430897617
1790896469,49737400,103073353728,0,0,0,0,0,4,4,7513295,37,1324,0,0,0,153,32,19340026457,68935118553,70430897617
1790896470,49747532,103068897280,0,0,0,0,0,4,4,7513295,37,1324,0,0,0,153,32,19340026457,68935118553,70430897617
1790896472,49760396,103069560832,0,0,0,0,0,4,4,7519593,37,1324,0,0,0,153,32,19340026457,68935118553,70430897617
1790896473,49737252,103064498176,0,0,0,0,0,4,4,7519593,37,1324,0,0,0,153,32,19340026457,68935118553,70430897617
1790896474,49774144,103069138944,0,0,0,0,0,4,4,7527317,37,1325,0,0,0,153,32,19340026457,68935118553,70430897617
1790896475,49808484,103076925440,0,0,0,0,0,4,4,7527317,37,1325,0,0,0,153,32,19340026457,68935118553,70430897617
1790896476,49847576,103073865728,0,0,0,0,0,4,4,7536511,37,1325,0,0,0,153,32,19340026457,68935118553,70430897617
1790896477,49865500,103078440960,0,0,0,0,0,4,4,7536511,37,1325,0,0,0,153,32,19340026457,68935118553,70430897617
1790896478,49878648,103078981632,0,0,0,0,0,4,4,7545732,37,1325,0,0,0,153,32,19340026457,68935118553,70430897617
1790896479,49906896,103077068800,0,0,0,0,0,4,4,7545732,37,1325,0,0,0,153,32,19340026457,68935118553,70430897617
1790896480,49933844,103072018432,0,0,0,0,0,4,4,7553291,37,1325,0,0,0,153,32,19340026457,68935118553,70430897617
1790896481,49945792,103067648000,0,0,0,0,0,4,4,7561746,37,1325,0,0,0,153,32,19340026457,68935118553,70430897617
1790896482,49979916,103077281792,0,0,0,0,0,4,4,7561746,37,1325,0,0,0,153,32,19340026457,68935118553,70430897617
1790896483,49991708,103058505728,0,0,0,0,0,4,4,7570987,37,1325,0,0,0,153,32,19340026457,68935118553,70430897617
1790896484,50018504,103078395904,0,0,0,0,0,4,4,7570987,37,1325,0,0,0,153,32,19340026457,68935118553,70430897617
1790896485,50041240,103075135488,0,0,0,0,0,4,4,7580303,37,1325,0,0,0,153,32,19340026457,68935118553,70430897617
1790896486,50059180,103078326272,0,0,0,0,0,4,4,7580303,37,1325,0,0,0,153,32,19340026457,68935118553,70430897617
1790896487,50094584,103079038976,0,0,0,0,0,4,4,7588233,37,1325,0,0,0,153,32,19340026457,68935118553,70430897617
1790896488,50108836,103062949888,0,0,0,0,0,4,4,7588233,37,1325,0,0,0,153,32,19340026457,68935118553,70430897617
1790896489,50130556,103078977536,0,0,0,0,0,4,4,7596189,37,1325,0,0,0,153,32,19340026457,68935118553,70430897617
1790896490,50154732,103071625216,0,0,0,0,0,4,4,7596189,37,1325,0,0,0,153,32,19340026457,68935118553,70430897617
1790896491,50166288,103071698944,0,0,0,0,0,4,4,7605218,37,1325,0,0,0,153,32,19340026457,68935118553,70430897617
1790896492,50182884,103069589504,0,0,0,0,0,4,4,7605218,37,1325,0,0,0,153,32,19340026457,68935118553,70430897617
1790896494,50211224,103077396480,0,0,0,0,0,4,4,7611718,37,1325,0,0,0,153,32,19340026457,68935118553,70430897617
1790896495,50239088,103061508096,0,0,0,0,0,4,4,7611718,37,1325,0,0,0,153,32,19340026457,68935118553,70430897617
1790896496,50258112,103078817792,0,0,0,0,0,4,4,7618244,37,1325,0,0,0,153,32,19340026457,68935118553,70430897617
1790896497,50296012,103076274176,0,0,0,0,0,4,4,7618244,37,1325,0,0,0,153,32,19340026457,68935118553,70430897617
1790896498,50336560,103070769152,0,0,0,0,0,4,4,7626724,37,1325,0,0,0,153,32,19340026457,68935118553,70430897617
1790896499,50372516,103075053568,0,0,0,0,0,4,4,7626724,37,1325,0,0,0,153,32,19340026457,68935118553,70430897617
1790896500,50397028,103073472512,0,0,0,0,0,4,4,7635606,37,1325,0,0,0,153,32,19340026457,68935118553,70430897617
1790896501,50419424,103059263488,0,0,0,0,0,4,4,7635606,37,1325,0,0,0,153,32,19340026457,68935118553,70430897617
1790896502,50447284,103078027264,0,0,0,0,0,4,4,7641518,37,1325,0,0,0,153,32,19340026457,68935118553,70430897617
1790896503,50491264,103062597632,0,0,0,0,0,4,4,7641518,37,1325,0,0,0,153,32,19340026457,68935118553,70430897617
1790896504,50558708,103064944640,0,0,0,0,0,4,4,7648910,37,1325,0,0,0,153,32,19340026457,68935118553,70430897617
1790896505,50622792,103074701312,0,0,0,0,0,4,4,7658143,37,1325,0,0,0,153,32,19340026457,68935118553,70430897617
1790896506,50664480,103078506496,0,0,0,0,0,4,4,7658143,37,1325,0,0,0,153,32,19340026457,68935118553,70430897617
1790896507,50710092,103059021824,0,0,0,0,0,4,4,7664359,37,1325,0,0,0,153,32,19340026457,68935118553,70430897617
1790896508,50748920,103074295808,0,0,0,0,0,4,4,7664359,37,1325,0,0,0,153,32,19340026457,68935118553,70430897617
1790896509,50710420,103077842944,0,0,0,0,0,4,4,7670283,37,1325,0,0,0,153,32,19340026457,68935118553,70430897617
1790896510,50760928,103071801344,0,0,0,0,0,4,4,7670283,37,1325,0,0,0,153,32,19340026457,68935118553,70430897617
1790896511,50835100,103069626368,0,0,0,0,0,4,4,7678625,37,1326,0,0,0,153,32,19340026457,68935118553,70430897617
1790896512,50904116,103077892096,0,0,0,0,0,4,4,7678625,37,1326,0,0,0,153,32,19340026457,68935118553,70430897617
1790896513,50957308,103071637504,0,0,0,0,0,4,4,7687866,37,1326,0,0,0,153,32,19340026457,68935118553,70430897617
1790896514,50966552,103073476608,0,0,0,0,0,4,4,7687866,37,1326,0,0,0,153,32,19340026457,68935118553,70430897617
1790896516,50904608,103076286464,0,0,0,0,0,4,4,7694426,37,1326,0,0,0,153,32,19340026457,68935118553,70430897617
1790896517,50922456,103067975680,0,0,0,0,0,4,4,7694426,37,1326,0,0,0,153,32,19340026457,68935118553,70430897617
1790896518,50943280,103040987136,0,0,0,0,0,4,4,7701573,37,1327,0,0,0,153,32,19340026457,68935118553,70430897617
1790896519,50963780,103071571968,0,0,0,0,0,4,4,7701573,37,1327,0,0,0,153,32,19340026457,68935118553,70430897617
1790896520,50999364,103060738048,0,0,0,0,0,4,4,7709026,37,1327,0,0,0,153,32,19340026457,68935118553,70430897617
1790896521,51046324,103070097408,0,0,0,0,0,4,4,7709026,37,1327,0,0,0,153,32,19340026457,68935118553,70430897617
1790896522,51016940,103031627776,0,0,0,0,0,4,4,7717999,37,1327,0,0,0,153,32,19340026457,68935118553,70430897617
1790896523,51050860,103027601408,0,0,0,0,0,4,4,7717999,37,1327,0,0,0,153,32,19340026457,68935118553,70430897617
1790896524,51088084,103062732800,0,0,0,0,0,4,4,7726857,37,1328,0,0,0,153,32,19340026457,68935118553,70430897617
1790896525,51117924,103065251840,0,0,0,0,0,4,4,7726857,37,1328,0,0,0,153,32,19340026457,68935118553,70430897617
1790896526,51149028,103077060608,0,0,0,0,0,4,4,7734434,37,1328,0,0,0,153,32,19340026457,68935118553,70430897617
1790896527,51192268,103076421632,0,0,0,0,0,4,4,7734434,37,1328,0,0,0,153,32,19340026457,68935118553,70430897617
1790896528,51212836,103052009472,0,0,0,0,0,4,4,7742299,37,1328,0,0,0,153,32,19340026457,68935118553,70430897617
1790896529,51231688,103059619840,0,0,0,0,0,4,4,7751241,37,1328,0,0,0,153,32,19340026457,68935118553,70430897617
1790896530,51265952,103070167040,0,0,0,0,0,4,4,7751241,37,1328,0,0,0,153,32,19340026457,68935118553,70430897617
1790896531,51302148,103078096896,0,0,0,0,0,4,4,7760318,37,1328,0,0,0,153,32,19340026457,68935118553,70430897617
1790896532,51326656,103068643328,0,0,0,0,0,4,4,7760318,37,1328,0,0,0,153,32,19340026457,68935118553,70430897617
1790896533,51354780,103073742848,0,0,0,0,0,4,4,7767836,37,1328,0,0,0,153,32,19340026457,68935118553,70430897617
1790896534,51385216,103074656256,0,0,0,0,0,4,4,7767836,37,1328,0,0,0,153,32,19340026457,68935118553,70430897617
1790896535,51401880,103075790848,0,0,0,0,0,4,4,7775250,37,1328,0,0,0,153,32,19340026457,68935118553,70430897617
1790896536,51431204,103035195392,0,0,0,0,0,4,4,7775250,37,1328,0,0,0,153,32,19340026457,68935118553,70430897617
1790896538,51455972,103045353472,0,0,0,0,0,4,4,7783005,37,1328,0,0,0,153,32,19340026457,68935118553,70430897617
1790896539,51490940,103058436096,0,0,0,0,0,4,4,7783005,37,1328,0,0,0,153,32,19340026457,68935118553,70430897617
1790896540,51528784,103066017792,0,0,0,0,0,4,4,7791954,37,1328,0,0,0,153,32,19340026457,68935118553,70430897617
1790896541,51564520,103075729408,0,0,0,0,0,4,4,7791954,37,1328,0,0,0,153,32,19340026457,68935118553,70430897617
1790896542,51598056,103078629376,0,0,0,0,0,4,4,7801104,37,1328,0,0,0,153,32,19340026457,68935118553,70430897617
1790896543,51617976,103074066432,0,0,0,0,0,4,4,7801104,37,1328,0,0,0,153,32,19340026457,68935118553,70430897617
1790896544,51649820,103071141888,0,0,0,0,0,4,4,7808896,37,1328,0,0,0,153,32,19340026457,68935118553,70430897617
1790896545,51665800,103056527360,0,0,0,0,0,4,4,7808896,37,1328,0,0,0,153,32,19340026457,68935118553,70430897617
1790896546,51694672,103064424448,0,0,0,0,0,4,4,7816013,37,1328,0,0,0,153,32,19340026457,68935118553,70430897617
1790896547,51724472,103069519872,0,0,0,0,0,4,4,7816013,37,1328,0,0,0,153,32,19340026457,68935118553,70430897617
1790896548,51754300,103069896704,0,0,0,0,0,4,4,7825097,37,1328,0,0,0,153,32,19340026457,68935118553,70430897617
1790896549,51790800,103062503424,0,0,0,0,0,4,4,7825097,37,1328,0,0,0,153,32,19340026457,68935118553,70430897617
1790896550,51817152,103069470720,0,0,0,0,0,4,4,7834169,37,1328,0,0,0,153,32,19340026457,68935118553,70430897617
1790896551,51846728,103074779136,0,0,0,0,0,4,4,7834169,37,1328,0,0,0,153,32,19340026457,68935118553,70430897617
1790896552,51881032,103078428672,0,0,0,0,0,4,4,7843227,37,1328,0,0,0,153,32,19340026457,68935118553,70430897617
1790896553,51902756,103074689024,0,0,0,0,0,4,4,7852261,37,1328,0,0,0,153,32,19340026457,68935118553,70430897617
1790896554,51912432,103056416768,0,0,0,0,0,4,4,7852261,37,1328,0,0,0,153,32,19340026457,68935118553,70430897617
1790896555,51945136,103056203776,0,0,0,0,0,4,4,7861347,37,1328,0,0,0,153,32,19340026457,68935118553,70430897617
1790896556,51959064,103075991552,0,0,0,0,0,4,4,7861347,37,1328,0,0,0,153,32,19340026457,68935118553,70430897617
1790896557,51979368,103069020160,0,0,0,0,0,4,4,7868588,37,1328,0,0,0,153,32,19340026457,68935118553,70430897617
1790896559,52004688,103079178240,0,0,0,0,0,4,4,7868588,37,1328,0,0,0,153,32,19340026457,68935118553,70430897617
1790896560,52017404,103069904896,0,0,0,0,0,4,4,7877001,37,1328,0,0,0,153,32,19340026457,68935118553,70430897617
1790896561,52035656,103057248256,0,0,0,0,0,4,4,7877001,37,1328,0,0,0,153,32,19340026457,68935118553,70430897617
1790896562,52059960,103077711872,0,0,0,0,0,4,4,7886047,37,1328,0,0,0,153,32,19340026457,68935118553,70430897617
1790896563,52095660,103071547392,0,0,0,0,0,4,4,7886047,37,1328,0,0,0,153,32,19340026457,68935118553,70430897617
1790896564,52114052,103062978560,0,0,0,0,0,4,4,7894827,37,1328,0,0,0,153,32,19340026457,68935118553,70430897617
1790896565,52133820,103078854656,0,0,0,0,0,4,4,7894827,37,1328,0,0,0,153,32,19340026457,68935118553,70430897617
1790896566,52156688,103073288192,0,0,0,0,0,4,4,7902211,37,1328,0,0,0,153,32,19340026457,68935118553,70430897617
1790896567,52185608,103076864000,0,0,0,0,0,4,4,7902211,37,1328,0,0,0,153,32,19340026457,68935118553,70430897617
1790896568,52221160,103060594688,0,0,0,0,0,4,4,7908934,37,1328,0,0,0,153,32,19340026457,68935118553,70430897617
1790896569,52273132,103065563136,0,0,0,0,0,4,4,7908934,37,1328,0,0,0,153,32,19340026457,68935118553,70430897617
1790896570,52332484,103066857472,0,0,0,0,0,4,4,7917521,37,1328,0,0,0,153,32,19340026457,68935118553,70430897617
1790896571,52390716,103055556608,0,0,0,0,0,4,4,7917521,37,1328,0,0,0,153,32,19340026457,68935118553,70430897617
1790896572,52436980,103067406336,0,0,0,0,0,4,4,7926674,37,1328,0,0,0,153,32,19340026457,68935118553,70430897617
1790896573,52485860,103078776832,0,0,0,0,0,4,4,7926674,37,1328,0,0,0,153,32,19340026457,68935118553,70430897617
1790896574,52493104,103079051264,0,0,0,0,0,4,4,7935109,37,1328,0,0,0,153,32,19340026457,68935118553,70430897617
1790896575,52520544,103057440768,0,0,0,0,0,4,4,7935109,37,1328,0,0,0,153,32,19340026457,68935118553,70430897617
1790896576,52538160,103073533952,0,0,0,0,0,4,4,7941446,37,1328,0,0,0,153,32,19340026457,68935118553,70430897617
1790896577,52585544,103073030144,0,0,0,0,0,4,4,7949660,37,1328,0,0,0,153,32,19340026457,68935118553,70430897617
1790896578,52615060,103075667968,0,0,0,0,0,4,4,7949660,37,1328,0,0,0,153,32,19340026457,68935118553,70430897617
1790896579,52636976,103078207488,0,0,0,0,0,4,4,7958126,37,1328,0,0,0,153,32,19340026457,68935118553,70430897617
1790896581,52665384,103075536896,0,0,0,0,0,4,4,7958126,37,1328,0,0,0,153,32,19340026457,68935118553,70430897617
1790896582,52688352,103077154816,0,0,0,0,0,4,4,7964632,37,1328,0,0,0,153,32,19340026457,68935118553,70430897617
1790896583,52711840,103079104512,0,0,0,0,0,4,4,7964632,37,1328,0,0,0,153,32,19340026457,68935118553,70430897617
1790896584,52728668,103078592512,0,0,0,0,0,4,4,7970370,37,1328,0,0,0,153,32,19340026457,68935118553,70430897617
1790896585,52752488,103075864576,0,0,0,0,0,4,4,7970370,37,1328,0,0,0,153,32,19340026457,68935118553,70430897617
1790896586,52780876,103066628096,0,0,0,0,0,4,4,7979001,37,1328,0,0,0,153,32,19340026457,68935118553,70430897617
1790896587,52804188,103064178688,0,0,0,0,0,4,4,7979001,37,1328,0,0,0,153,32,19340026457,68935118553,70430897617
1790896588,52815100,103061590016,0,0,0,0,0,4,4,7987127,37,1328,0,0,0,153,32,19340026457,68935118553,70430897617
1790896589,52670084,103078129664,0,0,0,0,0,4,4,7987127,37,1328,0,0,0,153,32,19340026457,68935118553,70430897617
1790896590,52679508,103072329728,0,0,0,0,0,4,4,7993524,37,1329,0,0,0,153,32,19340026457,68935118553,70430897617
1790896591,52700348,103073902592,0,0,0,0,0,4,4,7993524,37,1329,0,0,0,153,32,19340026457,68935118553,70430897617
1790896592,52717024,103073906688,0,0,0,0,0,4,4,8002350,37,1329,0,0,0,153,32,19340026457,68935118553,70430897617
1790896593,52724688,103074234368,0,0,0,0,0,4,4,8002350,37,1329,0,0,0,153,32,19340026457,68935118553,70430897617
1790896594,52732232,103072415744,0,0,0,0,0,4,4,8011283,37,1329,0,0,0,153,32,19340026457,68935118553,70430897617
1790896595,52747684,103069548544,0,0,0,0,0,4,4,8011283,37,1329,0,0,0,153,32,19340026457,68935118553,70430897617
1790896596,52751304,103073026048,0,0,0,0,0,4,4,8018657,37,1329,0,0,0,153,32,19340026457,68935118553,70430897617
1790896597,52750256,103076618240,0,0,0,0,0,4,4,8018657,37,1329,0,0,0,153,32,19340026457,68935118553,70430897617
1790896598,52606796,103062396928,0,0,0,0,0,4,4,8025865,37,1329,0,0,0,153,32,19340026457,68935118553,70430897617
1790896599,52613276,103073730560,0,0,0,0,0,4,4,8025865,37,1329,0,0,0,153,32,19340026457,68935118553,70430897617
1790896600,52629804,103073169408,0,0,0,0,0,4,4,8034839,37,1330,0,0,0,153,32,19340026457,68935118553,70430897617
1790896601,52652568,103075450880,0,0,0,0,0,4,4,8044660,37,1330,0,0,0,153,32,19340026457,68935118553,70430897617
1790896603,52651780,103078998016,0,0,0,0,0,4,4,8044660,37,1330,0,0,0,153,32,19340026457,68935118553,70430897617
1790896604,52651140,103074127872,0,0,0,0,0,4,4,8054255,37,1330,0,0,0,153,32,19340026457,68935118553,70430897617
1790896605,52481580,101735436288,0,0,0,0,0,4,4,8054255,37,1330,0,0,0,153,32,19340026457,68935118553,70430897617
1790896606,52661144,95872389120,0,0,0,0,0,4,4,8061937,38,1316,0,0,0,153,33,19340026457,171365155618,183728643638
1790896607,52758368,90805239808,0,0,0,0,0,4,4,8061937,38,1316,0,0,0,153,33,19340026457,171365155618,183728643638
1790896608,52815096,87529816064,0,0,0,0,0,4,4,8069789,38,1308,0,0,0,153,33,19340026457,171365155618,183728643638
1790896609,52841260,88095322112,0,0,0,0,0,4,4,8069789,38,1308,0,0,0,153,33,19340026457,171365155618,183728643638
1790896610,52858916,88636846080,0,0,0,0,0,4,4,8080086,38,1308,0,0,0,153,33,19340026457,171365155618,183728643638
1790896611,52860008,89173606400,0,0,0,0,0,4,4,8080086,38,1308,0,0,0,153,33,19340026457,171365155618,183728643638
1790896612,52850944,89703243776,0,0,0,0,0,4,4,8090493,38,1308,0,0,0,153,33,19340026457,171365155618,183728643638
1790896613,52847060,90210013184,0,0,0,0,0,4,4,8090493,38,1308,0,0,0,153,33,19340026457,171365155618,183728643638
1790896614,52844888,90686373888,0,0,0,0,0,4,4,8100207,38,1308,0,0,0,153,33,19340026457,171365155618,183728643638
1790896615,52842624,91216764928,0,0,0,0,0,4,4,8100207,38,1308,0,0,0,153,33,19340026457,171365155618,183728643638
1790896616,52827420,91725897728,0,0,0,0,0,4,4,8110772,38,1308,0,0,0,153,33,19340026457,171365155618,183728643638
1790896617,52840128,92263706624,0,0,0,0,0,4,4,8110772,38,1308,0,0,0,153,33,19340026457,171365155618,183728643638
1790896618,52860464,92818968576,0,0,0,0,0,4,4,8121251,38,1308,0,0,0,153,33,19340026457,171365155618,183728643638
1790896619,52881764,93362032640,0,0,0,0,0,4,4,8121251,38,1308,0,0,0,153,33,19340026457,171365155618,183728643638
1790896620,52903748,93927112704,0,0,0,0,0,4,4,8131849,38,1308,0,0,0,153,33,19340026457,171365155618,183728643638
1790896621,52927320,94485835776,0,0,0,0,0,4,4,8131849,38,1308,0,0,0,153,33,19340026457,171365155618,183728643638
1790896622,52928152,95020371968,0,0,0,0,0,4,4,8142461,38,1308,0,0,0,153,33,19340026457,171365155618,183728643638
1790896623,52934592,95554469888,0,0,0,0,0,4,4,8142461,38,1308,0,0,0,153,33,19340026457,171365155618,183728643638
1790896624,52942024,96102047744,0,0,0,0,0,4,4,8153204,38,1308,0,0,0,153,33,19340026457,171365155618,183728643638
1790896626,52935344,96619909120,0,0,0,0,0,4,4,8163949,38,1308,0,0,0,153,33,19340026457,171365155618,183728643638
1790896627,52940764,97146593280,0,0,0,0,0,4,4,8163949,38,1308,0,0,0,153,33,19340026457,171365155618,183728643638
1790896628,52947772,97684488192,0,0,0,0,0,4,4,8174666,38,1308,0,0,0,153,33,19340026457,171365155618,183728643638
1790896629,52936060,98192228352,0,0,0,0,0,4,4,8174666,38,1308,0,0,0,153,33,19340026457,171365155618,183728643638
1790896630,52939596,98722942976,0,0,0,0,0,4,4,8185381,38,1308,0,0,0,153,33,19340026457,171365155618,183728643638
1790896631,52952348,99262935040,0,0,0,0,0,4,4,8185381,38,1308,0,0,0,153,33,19340026457,171365155618,183728643638
1790896632,52956876,99796733952,0,0,0,0,0,4,4,8196303,38,1308,0,0,0,153,33,19340026457,171365155618,183728643638
1790896633,52956504,100327567360,0,0,0,0,0,4,4,8196303,38,1308,0,0,0,153,33,19340026457,171365155618,183728643638
1790896634,52966180,100861509632,0,0,0,0,0,4,4,8207145,38,1308,0,0,0,153,33,19340026457,171365155618,183728643638
1790896635,52974712,101394956288,0,0,0,0,0,4,4,8207145,38,1308,0,0,0,153,33,19340026457,171365155618,183728643638
1790896636,52980984,101926084608,0,0,0,0,0,4,4,8218015,38,1308,0,0,0,153,33,19340026457,171365155618,183728643638
1790896637,52996480,102464155648,0,0,0,0,0,4,4,8218015,38,1308,0,0,0,153,33,19340026457,171365155618,183728643638
1790896638,53015980,103014944768,0,0,0,0,0,4,4,8228939,38,1308,0,0,0,153,33,19340026457,171365155618,183728643638
1790896639,53038264,103076499456,0,0,0,0,0,4,4,8228939,38,1308,0,0,0,153,33,19340026457,171365155618,183728643638
1790896640,53054972,103075856384,0,0,0,0,0,4,4,8239910,38,1308,0,0,0,153,33,19340026457,171365155618,183728643638
1790896641,53068024,103061450752,0,0,0,0,0,4,4,8239910,38,1308,0,0,0,153,33,19340026457,171365155618,183728643638
1790896642,53086672,103075790848,0,0,0,0,0,4,4,8250710,38,1308,0,0,0,153,33,19340026457,171365155618,183728643638
1790896643,53096016,103078539264,0,0,0,0,0,4,4,8250710,38,1308,0,0,0,153,33,19340026457,171365155618,183728643638
1790896644,53102288,103062491136,0,0,0,0,0,4,4,8261582,38,1308,0,0,0,153,33,19340026457,171365155618,183728643638
1790896645,53087404,103073107968,0,0,0,0,0,4,4,8261582,38,1308,0,0,0,153,33,19340026457,171365155618,183728643638
1790896646,53086556,103070523392,0,0,0,0,0,4,4,8272224,38,1308,0,0,0,153,33,19340026457,171365155618,183728643638
1790896647,53092064,103073882112,0,0,0,0,0,4,4,8272224,38,1308,0,0,0,153,33,19340026457,171365155618,183728643638
1790896648,53088880,103076536320,0,0,0,0,0,4,4,8283116,38,1308,0,0,0,153,33,19340026457,171365155618,183728643638
1790896650,53084300,103060369408,0,0,0,0,0,4,4,8283116,38,1308,0,0,0,153,33,19340026457,171365155618,183728643638
1790896651,53068972,103050272768,0,0,0,0,0,4,4,8293980,38,1308,0,0,0,153,33,19340026457,171365155618,183728643638
1790896652,53055104,103076999168,0,0,0,0,0,4,4,8304752,38,1308,0,0,0,153,33,19340026457,171365155618,183728643638
1790896653,53039536,103071436800,0,0,0,0,0,4,4,8304752,38,1308,0,0,0,153,33,19340026457,171365155618,183728643638
1790896654,53035684,103077609472,0,0,0,0,0,4,4,8315736,38,1308,0,0,0,153,33,19340026457,171365155618,183728643638
1790896655,53037956,103069114368,0,0,0,0,0,4,4,8315736,38,1308,0,0,0,153,33,19340026457,171365155618,183728643638
1790896656,53031736,103074263040,0,0,0,0,0,4,4,8326459,38,1308,0,0,0,153,33,19340026457,171365155618,183728643638
1790896657,53047908,103069675520,0,0,0,0,0,4,4,8326459,38,1308,0,0,0,153,33,19340026457,171365155618,183728643638
1790896658,53066252,103074037760,0,0,0,0,0,4,4,8337365,38,1308,0,0,0,153,33,19340026457,171365155618,183728643638
1790896659,53079300,103071297536,0,0,0,0,0,4,4,8337365,38,1308,0,0,0,153,33,19340026457,171365155618,183728643638
1790896660,53076660,103078739968,0,0,0,0,0,4,4,8348232,38,1308,0,0,0,153,33,19340026457,171365155618,183728643638
1790896661,53088452,103079178240,0,0,0,0,0,4,4,8348232,38,1308,0,0,0,153,33,19340026457,171365155618,183728643638
1790896662,53116524,103076503552,0,0,0,0,0,4,4,8359124,38,1308,0,0,0,153,33,19340026457,171365155618,183728643638
1790896663,53191296,103073910784,0,0,0,0,0,4,4,8359124,38,1308,0,0,0,153,33,19340026457,171365155618,183728643638
1790896664,53281844,103070515200,0,0,0,0,0,4,4,8370057,38,1308,0,0,0,153,33,19340026457,171365155618,183728643638
1790896665,53372508,103074791424,0,0,0,0,0,4,4,8370057,38,1308,0,0,0,153,33,19340026457,171365155618,183728643638
1790896666,53425656,103077789696,0,0,0,0,0,4,4,8380890,38,1308,0,0,0,153,33,19340026457,171365155618,183728643638
1790896667,53486636,103065964544,0,0,0,0,0,4,4,8380890,38,1308,0,0,0,153,33,19340026457,171365155618,183728643638
1790896668,53558396,103068356608,0,0,0,0,0,4,4,8391738,38,1308,0,0,0,153,33,19340026457,171365155618,183728643638
1790896669,53620920,103060221952,0,0,0,0,0,4,4,8391738,38,1308,0,0,0,153,33,19340026457,171365155618,183728643638
1790896670,53683808,103064334336,0,0,0,0,0,4,4,8402746,38,1308,0,0,0,153,33,19340026457,171365155618,183728643638
1790896671,53747028,103078526976,0,0,0,0,0,4,4,8402746,38,1308,0,0,0,153,33,19340026457,171365155618,183728643638
1790896673,53796604,103075762176,0,0,0,0,0,4,4,8413764,38,1308,0,0,0,153,33,19340026457,171365155618,183728643638
1790896674,53817644,103074201600,0,0,0,0,0,4,4,8413764,38,1308,0,0,0,153,33,19340026457,171365155618,183728643638
1790896675,53849160,103067901952,0,0,0,0,0,4,4,8424639,38,1308,0,0,0,153,33,19340026457,171365155618,183728643638
1790896676,53885224,103077425152,0,0,0,0,0,4,4,8435606,38,1308,0,0,0,153,33,19340026457,171365155618,183728643638
1790896677,53915356,103055745024,0,0,0,0,0,4,4,8435606,38,1308,0,0,0,153,33,19340026457,171365155618,183728643638
1790896678,53946572,103075872768,0,0,0,0,0,4,4,8446477,38,1308,0,0,0,153,33,19340026457,171365155618,183728643638
1790896679,53966316,103075627008,0,0,0,0,0,4,4,8446477,38,1308,0,0,0,153,33,19340026457,171365155618,183728643638
1790896680,53994044,103070867456,0,0,0,0,0,4,4,8457390,38,1308,0,0,0,153,33,19340026457,171365155618,183728643638
1790896681,54029620,103079206912,0,0,0,0,0,4,4,8457390,38,1308,0,0,0,153,33,19340026457,171365155618,183728643638
1790896682,54056408,103076048896,0,0,0,0,0,4,4,8468135,38,1308,0,0,0,153,33,19340026457,171365155618,183728643638
1790896683,54086024,103077285888,0,0,0,0,0,4,4,8468135,38,1308,0,0,0,153,33,19340026457,171365155618,183728643638
1790896684,54101176,103040815104,0,0,0,0,0,4,4,8478859,38,1308,0,0,0,153,33,19340026457,171365155618,183728643638
1790896685,54132260,103074414592,0,0,0,0,0,4,4,8478859,38,1308,0,0,0,153,33,19340026457,171365155618,183728643638
1790896686,54150916,103060803584,0,0,0,0,0,4,4,8489738,38,1308,0,0,0,153,33,19340026457,171365155618,183728643638
1790896687,54173516,103056347136,0,0,0,0,0,4,4,8489738,38,1308,0,0,0,153,33,19340026457,171365155618,183728643638
1790896688,54178228,103073280000,0,0,0,0,0,4,4,8500591,38,1308,0,0,0,153,33,19340026457,171365155618,183728643638
1790896689,54212164,103078948864,0,0,0,0,0,4,4,8500591,38,1308,0,0,0,153,33,19340026457,171365155618,183728643638
1790896690,54239296,103071567872,0,0,0,0,0,4,4,8511350,38,1308,0,0,0,153,33,19340026457,171365155618,183728643638
1790896691,54279232,103074611200,0,0,0,0,0,4,4,8511350,38,1308,0,0,0,153,33,19340026457,171365155618,183728643638
1790896692,54306300,103073476608,0,0,0,0,0,4,4,8521851,38,1308,0,0,0,153,33,19340026457,171365155618,183728643638
1790896693,54355360,103078375424,0,0,0,0,0,4,4,8521851,38,1308,0,0,0,153,33,19340026457,171365155618,183728643638
1790896694,54390736,103077449728,0,0,0,0,0,4,4,8532668,38,1308,0,0,0,153,33,19340026457,171365155618,183728643638
1790896696,54434396,103063326720,0,0,0,0,0,4,4,8532668,38,1308,0,0,0,153,33,19340026457,171365155618,183728643638
1790896697,54482884,103070105600,0,0,0,0,0,4,4,8543440,38,1308,0,0,0,153,33,19340026457,171365155618,183728643638
1790896698,54519400,103071436800,0,0,0,0,0,4,4,8543440,38,1308,0,0,0,153,33,19340026457,171365155618,183728643638
1790896699,54570392,103069929472,0,0,0,0,0,4,4,8554270,38,1308,0,0,0,153,33,19340026457,171365155618,183728643638
1790896700,54594652,103059881984,0,0,0,0,0,4,4,8554270,38,1308,0,0,0,153,33,19340026457,171365155618,183728643638
1790896701,54634076,103065845760,0,0,0,0,0,4,4,8565170,38,1308,0,0,0,153,33,19340026457,171365155618,183728643638
1790896702,54683948,103077318656,0,0,0,0,0,4,4,8575919,38,1308,0,0,0,153,33,19340026457,171365155618,183728643638
1790896703,54714436,103074897920,0,0,0,0,0,4,4,8575919,38,1308,0,0,0,153,33,19340026457,171365155618,183728643638
1790896704,54745360,103055798272,0,0,0,0,0,4,4,8586682,38,1308,0,0,0,153,33,19340026457,171365155618,183728643638
1790896705,54777400,103060242432,0,0,0,0,0,4,4,8586682,38,1308,0,0,0,153,33,19340026457,171365155618,183728643638
1790896706,54801980,103078432768,0,0,0,0,0,4,4,8597469,38,1308,0,0,0,153,33,19340026457,171365155618,183728643638
1790896707,54826236,103072358400,0,0,0,0,0,4,4,8597469,38,1308,0,0,0,153,33,19340026457,171365155618,183728643638
1790896708,54860896,103065251840,0,0,0,0,0,4,4,8608289,38,1308,0,0,0,153,33,19340026457,171365155618,183728643638
1790896709,54884980,103075299328,0,0,0,0,0,4,4,8608289,38,1308,0,0,0,153,33,19340026457,171365155618,183728643638
1790896710,54908324,103063781376,0,0,0,0,0,5,5,8618223,38,1310,1,0,1,153,33,19340026457,171365155618,183728643638
1790896711,54937860,103078981632,0,0,0,0,0,5,5,8618223,38,1310,1,0,1,153,33,19340026457,171365155618,183728643638
1790896712,54955660,103076990976,0,0,0,0,0,5,5,8628272,38,1314,1,0,1,153,33,19340026457,171365155618,183728643638
1790896713,54957176,103076167680,0,0,0,0,0,5,5,8628272,38,1314,1,0,1,153,33,19340026457,171365155618,183728643638
1790896714,54968048,103052218368,0,0,0,0,0,5,5,8638197,38,1322,1,0,1,153,33,19340026457,171365155618,183728643638
1790896715,54997488,103074152448,0,0,0,0,0,5,5,8638197,38,1322,1,0,1,153,33,19340026457,171365155618,183728643638
1790896716,55019276,103043571712,0,0,0,0,0,5,5,8647943,38,1331,1,0,1,153,33,19340026457,171365155618,183728643638
1790896717,55032564,103070490624,0,0,0,0,0,5,5,8647943,38,1331,1,0,1,153,33,19340026457,171365155618,183728643638
1790896719,55058028,103063937024,0,0,0,0,0,5,5,8657853,38,1339,1,0,1,153,33,19340026457,171365155618,183728643638
1790896720,55078452,103041409024,0,0,0,0,0,5,5,8657853,38,1339,1,0,1,153,33,19340026457,171365155618,183728643638
1790896721,55096916,103071068160,0,0,0,0,0,5,5,8667755,38,1344,1,0,1,153,33,19340026457,171365155618,183728643638
1790896722,55137504,103051829248,0,0,0,0,0,5,5,8667755,38,1344,1,0,1,153,33,19340026457,171365155618,183728643638
1790896723,55153936,103063777280,0,0,0,0,0,5,5,8677515,38,1344,1,0,1,153,33,19340026457,171365155618,183728643638
1790896724,55191800,103072714752,0,0,0,0,0,5,5,8677515,38,1344,1,0,1,153,33,19340026457,171365155618,183728643638
1790896725,55206444,103068401664,0,0,0,0,0,5,5,8687308,38,1344,1,0,1,153,33,19340026457,171365155618,183728643638
1790896726,55207148,103031554048,0,0,0,0,0,5,5,8697172,38,1344,1,0,1,153,33,19340026457,171365155618,183728643638
1790896727,55234516,103078916096,0,0,0,0,0,5,5,8697172,38,1344,1,0,1,153,33,19340026457,171365155618,183728643638
1790896728,55269996,102377295872,0,0,0,0,0,5,5,8706702,39,1346,1,0,1,153,33,19340026457,171365155618,183728643638
1790896729,53043424,101197410304,0,0,0,0,0,5,5,8706702,39,1346,1,0,1,153,33,19340026457,171365155618,183728643638
1790896730,51759788,101121290240,0,0,0,0,0,5,5,8711744,40,1350,0,2,0,191,34,24174945098,171368532387,183735400139
1790896731,51620112,102183682048,0,0,0,0,0,5,5,8711744,40,1350,0,2,0,191,34,24174945098,171368532387,183735400139
1790896732,51282200,103029116928,0,0,0,0,0,5,5,8716417,40,1360,0,2,0,191,34,24174945098,171368532387,183735400139
1790896733,50785816,103049584640,0,0,0,0,0,5,5,8716417,40,1360,0,2,0,191,34,24174945098,171368532387,183735400139
1790896734,50206412,103054614528,0,0,0,0,0,5,5,8720593,40,1375,0,2,0,191,34,24174945098,171368532387,183735400139
1790896735,49602536,103049195520,0,0,0,0,0,5,5,8720593,40,1375,0,2,0,191,34,24174945098,171368532387,183735400139
1790896736,48852052,103041302528,0,0,0,0,0,5,5,8723978,40,1391,0,2,0,191,34,24174945098,171368532387,183735400139
1790896737,48316352,103073816576,0,0,0,0,0,5,5,8723978,40,1391,0,2,0,191,34,24174945098,171368532387,183735400139
1790896739,48145016,103061905408,0,0,0,0,0,5,5,8728430,40,1405,0,2,0,191,34,24174945098,171368532387,183735400139
1790896740,47730296,103029288960,0,0,0,0,0,5,5,8728430,40,1405,0,2,0,191,34,24174945098,171368532387,183735400139
1790896741,47436292,103050854400,0,0,0,0,0,5,5,8732991,40,1420,0,2,0,191,34,24174945098,171368532387,183735400139
1790896742,47393276,103070502912,0,0,0,0,0,5,5,8732991,40,1420,0,2,0,191,34,24174945098,171368532387,183735400139
1790896743,47251892,103055826944,0,0,0,0,0,5,5,8737318,40,1436,0,2,0,191,34,24174945098,171368532387,183735400139
1790896744,47199732,103078117376,0,0,0,0,0,5,5,8737318,40,1436,0,2,0,191,34,24174945098,171368532387,183735400139
1790896745,47179468,103070081024,0,0,0,0,0,5,5,8742716,40,1456,0,2,0,191,34,24174945098,171368532387,183735400139
1790896746,47179504,103078445056,0,0,0,0,0,5,5,8749707,40,1467,0,2,0,191,34,24174945098,171368532387,183735400139
1790896747,47211584,103044444160,0,0,0,0,0,5,5,8749707,40,1467,0,2,0,191,34,24174945098,171368532387,183735400139
1790896748,47105652,101205090304,0,0,0,0,0,5,5,8756395,43,1398,0,0,0,191,37,24174945098,174724565955,187309092374
1790896749,47093548,98632531968,0,0,0,0,0,5,5,8756395,43,1398,0,0,0,191,37,24174945098,174724565955,187309092374
1790896750,47108936,95365767168,0,0,0,0,0,5,5,8764117,46,1334,0,0,0,191,40,24174945098,182573234552,195372071099
1790896751,47146888,95951327232,0,0,0,0,0,5,5,8764117,46,1334,0,0,0,191,40,24174945098,182573234552,195372071099
1790896752,47124532,96474333184,0,0,0,0,0,5,5,8774668,46,1334,0,0,0,191,40,24174945098,182573234552,195372071099
1790896753,47146964,97043169280,0,0,0,0,0,5,5,8774668,46,1334,0,0,0,191,40,24174945098,182573234552,195372071099
1790896754,47142128,97603129344,0,0,0,0,0,5,5,8785383,46,1334,0,0,0,191,40,24174945098,182573234552,195372071099
1790896755,47151448,98163757056,0,0,0,0,0,5,5,8785383,46,1334,0,0,0,191,40,24174945098,182573234552,195372071099
1790896756,47182584,98751635456,0,0,0,0,0,5,5,8795971,46,1334,0,0,0,191,40,24174945098,182573234552,195372071099
1790896757,47192160,99318317056,0,0,0,0,0,5,5,8795971,46,1334,0,0,0,191,40,24174945098,182573234552,195372071099
1790896759,47213608,99910299648,0,0,0,0,0,5,5,8806552,46,1334,0,0,0,191,40,24174945098,182573234552,195372071099
1790896760,47228712,100489113600,0,0,0,0,0,5,5,8806552,46,1334,0,0,0,191,40,24174945098,182573234552,195372071099
1790896761,47245024,101066137600,0,0,0,0,0,5,5,8817297,46,1334,0,0,0,191,40,24174945098,182573234552,195372071099
1790896762,47277296,101658062848,0,0,0,0,0,5,5,8817297,46,1334,0,0,0,191,40,24174945098,182573234552,195372071099
1790896763,47307516,102258073600,0,0,0,0,0,5,5,8828057,46,1334,0,0,0,191,40,24174945098,182573234552,195372071099
1790896764,47324500,102839091200,0,0,0,0,0,5,5,8828057,46,1334,0,0,0,191,40,24174945098,182573234552,195372071099
1790896765,47367104,103070244864,0,0,0,0,0,5,5,8838874,46,1334,0,0,0,191,40,24174945098,182573234552,195372071099
1790896766,47391708,103078641664,0,0,0,0,0,5,5,8838874,46,1334,0,0,0,191,40,24174945098,182573234552,195372071099
1790896767,47425392,103068004352,0,0,0,0,0,5,5,8849644,46,1334,0,0,0,191,40,24174945098,182573234552,195372071099
1790896768,47463680,103073067008,0,0,0,0,0,5,5,8849644,46,1334,0,0,0,191,40,24174945098,182573234552,195372071099
1790896769,47465680,103073136640,0,0,0,0,0,5,5,8860305,46,1334,0,0,0,191,40,24174945098,182573234552,195372071099
1790896770,47498748,103047688192,0,0,0,0,0,5,5,8860305,46,1334,0,0,0,191,40,24174945098,182573234552,195372071099
1790896771,47532024,103078834176,0,0,0,0,0,5,5,8871076,46,1334,0,0,0,191,40,24174945098,182573234552,195372071099
1790896772,47568800,103076241408,0,0,0,0,0,5,5,8881860,46,1334,0,0,0,191,40,24174945098,182573234552,195372071099
1790896773,47610132,103068196864,0,0,0,0,0,5,5,8881860,46,1334,0,0,0,191,40,24174945098,182573234552,195372071099
1790896774,47644000,103057330176,0,0,0,0,0,5,5,8892466,46,1334,0,0,0,191,40,24174945098,182573234552,195372071099
1790896775,47672716,103077093376,0,0,0,0,0,5,5,8892466,46,1334,0,0,0,191,40,24174945098,182573234552,195372071099
1790896776,47680880,103064207360,0,0,0,0,0,5,5,8902214,46,1334,0,0,0,191,40,24174945098,182573234552,195372071099
1790896777,47712624,103077949440,0,0,0,0,0,5,5,8902214,46,1334,0,0,0,191,40,24174945098,182573234552,195372071099
1790896778,47759492,103069233152,0,0,0,0,0,5,5,8913006,46,1334,0,0,0,191,40,24174945098,182573234552,195372071099
1790896779,47808440,103056654336,0,0,0,0,0,5,5,8913006,46,1334,0,0,0,191,40,24174945098,182573234552,195372071099
1790896780,47827728,103056949248,0,0,0,0,0,5,5,8923765,46,1334,0,0,0,191,40,24174945098,182573234552,195372071099
1790896782,47873300,103077031936,0,0,0,0,0,5,5,8923765,46,1334,0,0,0,191,40,24174945098,182573234552,195372071099
1790896783,47879752,103058870272,0,0,0,0,0,5,5,8933587,46,1334,0,0,0,191,40,24174945098,182573234552,195372071099
1790896784,47933504,103068266496,0,0,0,0,0,5,5,8933587,46,1334,0,0,0,191,40,24174945098,182573234552,195372071099
1790896785,47983548,103077785600,0,0,0,0,0,5,5,8943090,46,1334,0,0,0,191,40,24174945098,182573234552,195372071099
1790896786,48024764,103067844608,0,0,0,0,0,5,5,8943090,46,1334,0,0,0,191,40,24174945098,182573234552,195372071099
1790896787,48079644,103074275328,0,0,0,0,0,5,5,8953740,46,1334,0,0,0,191,40,24174945098,182573234552,195372071099
1790896788,48135136,103056117760,0,0,0,0,0,5,5,8953740,46,1334,0,0,0,191,40,24174945098,182573234552,195372071099
1790896789,48183016,103066140672,0,0,0,0,0,5,5,8964415,46,1334,0,0,0,191,40,24174945098,182573234552,195372071099
1790896790,48224756,103078899712,0,0,0,0,0,5,5,8964415,46,1334,0,0,0,191,40,24174945098,182573234552,195372071099
1790896791,48270316,103067426816,0,0,0,0,0,5,5,8975164,46,1334,0,0,0,191,40,24174945098,182573234552,195372071099
1790896792,48299088,103073722368,0,0,0,0,0,5,5,8975164,46,1334,0,0,0,191,40,24174945098,182573234552,195372071099
1790896793,48306632,103068942336,0,0,0,0,0,5,5,8983433,46,1334,0,0,0,191,40,24174945098,182573234552,195372071099
1790896794,48307352,103069507584,0,0,0,0,0,5,5,8983433,46,1334,0,0,0,191,40,24174945098,182573234552,195372071099
1790896795,48307356,103069233152,0,0,0,0,0,5,5,8984264,46,1334,0,0,0,191,40,24174945098,182573234552,195372071099
1790896796,48308084,103070244864,0,0,0,0,0,5,5,8984264,46,1334,0,0,0,191,40,24174945098,182573234552,195372071099
1790896797,48308800,103070711808,0,0,0,0,0,5,5,8984264,46,1334,0,0,0,191,40,24174945098,182573234552,195372071099
1790896798,48308800,103070576640,0,0,0,0,0,5,5,8984264,46,1334,0,0,0,191,40,24174945098,182573234552,195372071099
1790896799,48309512,103071825920,0,0,0,0,0,5,5,8984264,46,1334,0,0,0,191,40,24174945098,182573234552,195372071099
1790896800,48310184,103071997952,0,0,0,0,0,5,5,8984264,46,1334,0,0,0,191,40,24174945098,182573234552,195372071099
1790896801,48310188,103072522240,0,0,0,0,0,5,5,8984264,46,1334,0,0,0,191,40,24174945098,182573234552,195372071099
1790896802,48310912,103072747520,0,0,0,0,0,5,5,8984264,46,1334,0,0,0,191,40,24174945098,182573234552,195372071099
1790896803,48311640,103073484800,0,0,0,0,0,5,5,8984264,46,1334,0,0,0,191,40,24174945098,182573234552,195372071099
1790896804,48312352,103074480128,0,0,0,0,0,5,5,8984264,46,1334,0,0,0,191,40,24174945098,182573234552,195372071099
1790896805,48312380,103074500608,0,0,0,0,0,5,5,8984264,46,1334,0,0,0,191,40,24174945098,182573234552,195372071099
1790896806,48313108,103074988032,0,0,0,0,0,5,5,8984264,46,1334,0,0,0,191,40,24174945098,182573234552,195372071099
