ts,rss_kb,cg_mem_bytes,Tidesdb_write_stall_ceiling_hits,Tidesdb_writes_throttled,Tidesdb_writes_blocked,Tidesdb_write_stall_us,Tidesdb_stall_admission,Tidesdb_stall_rotate_lock,Tidesdb_stall_rotate_work,Tidesdb_stall_wal_append,Tidesdb_stall_manifest_commit,Tidesdb_open_sstables,Tidesdb_flush_pending,Tidesdb_compaction_queue,Tidesdb_immutable_memtables,Tidesdb_flush_count,Tidesdb_compaction_count,Tidesdb_flush_bytes_written,Tidesdb_compaction_bytes_written,Tidesdb_compaction_bytes_read
1790893014,783756,840544256,0,0,0,0,0,0,0,0,1,1,0,0,0,1,0,290,0,0
1790893015,846216,929808384,0,0,0,0,0,0,0,0,1,1,0,0,0,1,0,290,0,0
1790893016,1079692,1462870016,0,0,0,0,0,0,0,252,1,1233,0,0,0,1,0,290,0,0
1790893017,1511896,2389012480,0,0,0,0,0,0,0,252,1,1233,0,0,0,1,0,290,0,0
1790893018,2117984,3593908224,0,0,0,0,0,0,0,2097,1,1233,0,0,0,1,0,290,0,0
1790893019,2834540,4989444096,0,0,0,0,0,0,0,2097,1,1233,0,0,0,1,0,290,0,0
1790893020,3503520,6272720896,0,0,0,0,0,0,0,5379,1,1233,0,0,0,1,0,290,0,0
1790893021,4140460,7486767104,0,0,0,0,0,0,0,5379,1,1233,0,0,0,1,0,290,0,0
1790893022,4758596,8654774272,0,0,0,0,0,0,0,9059,1,1233,0,0,0,1,0,290,0,0
1790893023,5357704,9778454528,0,0,0,0,0,0,0,9059,1,1233,0,0,0,1,0,290,0,0
1790893024,5941480,10867867648,0,0,0,0,0,0,0,12734,1,1233,0,0,0,1,0,290,0,0
1790893025,6509192,11918782464,0,0,0,0,0,0,0,12734,1,1233,0,0,0,1,0,290,0,0
1790893026,7056312,12928319488,0,0,0,0,0,0,0,16639,1,1233,0,0,0,1,0,290,0,0
1790893027,7588956,13916311552,0,0,0,0,0,0,0,16639,1,1233,0,0,0,1,0,290,0,0
1790893028,8103820,14874087424,0,0,0,0,0,0,0,20784,1,1233,0,0,0,1,0,290,0,0
1790893029,8606332,15819976704,0,0,0,0,0,0,0,20784,1,1233,0,0,0,1,0,290,0,0
1790893030,9104888,16759484416,0,0,0,0,0,0,0,24837,1,1233,0,0,0,1,0,290,0,0
1790893031,9586236,17674174464,0,0,0,0,0,0,0,24837,1,1233,0,0,0,1,0,290,0,0
1790893032,10052740,18567655424,0,0,0,0,0,0,0,29004,1,1233,0,0,0,1,0,290,0,0
1790893033,10516920,19463819264,0,0,0,0,0,0,0,29004,1,1233,0,0,0,1,0,290,0,0
1790893034,10960680,20321308672,0,0,0,0,0,0,0,33292,1,1233,0,0,0,1,0,290,0,0
1790893035,11393424,21165465600,0,0,0,0,0,0,0,33292,1,1233,0,0,0,1,0,290,0,0
1790893037,11811448,21985513472,0,0,0,0,0,0,0,37680,1,1233,0,0,0,1,0,290,0,0
1790893038,12232256,22817320960,0,0,0,0,0,0,0,37680,1,1233,0,0,0,1,0,290,0,0
1790893039,12645536,23637979136,0,0,0,0,0,0,0,42156,1,1233,0,0,0,1,0,290,0,0
1790893040,13055720,24460132352,0,0,0,0,0,0,0,42156,1,1233,0,0,0,1,0,290,0,0
1790893041,13452532,25254674432,0,0,0,0,0,0,0,46531,1,1233,0,0,0,1,0,290,0,0
1790893042,13839480,26035957760,0,0,0,0,0,0,0,46531,1,1233,0,0,0,1,0,290,0,0
1790893043,14214876,26794196992,0,0,0,0,0,0,0,51050,1,1233,0,0,0,1,0,290,0,0
1790893044,14583256,27542040576,0,0,0,0,0,0,0,51050,1,1233,0,0,0,1,0,290,0,0
1790893045,14955920,28298883072,0,0,0,0,0,0,0,55785,1,1233,0,0,0,1,0,290,0,0
1790893046,15316500,29037510656,0,0,0,0,0,0,0,55785,1,1233,0,0,0,1,0,290,0,0
1790893047,15664688,29754499072,0,0,0,0,0,0,0,60562,1,1233,0,0,0,1,0,290,0,0
1790893048,16015596,30479032320,0,0,0,0,0,0,0,60562,1,1233,0,0,0,1,0,290,0,0
1790893049,16360920,31195037696,0,0,0,0,0,0,0,65609,1,1233,0,0,0,1,0,290,0,0
1790893050,16699288,31894487040,0,0,0,0,0,0,0,70552,1,1233,0,0,0,1,0,290,0,0
1790893051,17045288,32618098688,0,0,0,0,0,0,0,70552,1,1233,0,0,0,1,0,290,0,0
1790893052,17386572,33329524736,0,0,0,0,0,0,0,75470,1,1233,0,0,0,1,0,290,0,0
1790893053,17724212,34038964224,0,0,0,0,0,0,0,75470,1,1233,0,0,0,1,0,290,0,0
1790893054,18053080,34728742912,0,0,0,0,0,0,0,80361,1,1233,0,0,0,1,0,290,0,0
1790893055,18374636,35407425536,0,0,0,0,0,0,0,80361,1,1233,0,0,0,1,0,290,0,0
1790893056,18700916,36093730816,0,0,0,0,0,0,0,85524,1,1233,0,0,0,1,0,290,0,0
1790893057,19024156,36779053056,0,0,0,0,0,0,0,85524,1,1233,0,0,0,1,0,290,0,0
1790893058,19349540,37470662656,0,0,0,0,0,0,0,90681,1,1233,0,0,0,1,0,290,0,0
1790893059,19661596,38134530048,0,0,0,0,0,0,0,90681,1,1233,0,0,0,1,0,290,0,0
1790893060,19967516,38783905792,0,0,0,0,0,0,0,95890,1,1233,0,0,0,1,0,290,0,0
1790893061,20275324,39440240640,0,0,0,0,0,0,0,95890,1,1233,0,0,0,1,0,290,0,0
1790893063,20585164,40101519360,0,0,0,0,0,0,0,101311,1,1233,0,0,0,1,0,290,0,0
1790893064,20891912,40754974720,0,0,0,0,0,0,0,101311,1,1233,0,0,0,1,0,290,0,0
1790893065,21198160,41408655360,0,0,0,0,0,0,0,106697,1,1233,0,0,0,1,0,290,0,0
1790893066,21500708,42059251712,0,0,0,0,0,0,0,106697,1,1233,0,0,0,1,0,290,0,0
1790893067,21800764,42701271040,0,0,0,0,0,0,0,112101,1,1233,0,0,0,1,0,290,0,0
1790893068,22110676,43369406464,0,0,0,0,0,0,0,112101,1,1233,0,0,0,1,0,290,0,0
1790893069,22400036,43990188032,0,0,0,0,0,0,0,117439,1,1233,0,0,0,1,0,290,0,0
1790893070,22692524,44617007104,0,0,0,0,0,0,0,117439,1,1233,0,0,0,1,0,290,0,0
1790893071,22989464,45257183232,0,0,0,0,0,0,0,123067,1,1233,0,0,0,1,0,290,0,0
1790893072,23290192,45904928768,0,0,0,0,0,0,0,123067,1,1233,0,0,0,1,0,290,0,0
1790893073,23580892,46529630208,0,0,0,0,0,0,0,128497,1,1233,0,0,0,1,0,290,0,0
1790893074,23868560,47149993984,0,0,0,0,0,0,0,128497,1,1233,0,0,0,1,0,290,0,0
1790893075,24157424,47774580736,0,0,0,0,0,0,0,134188,1,1233,0,0,0,1,0,290,0,0
1790893076,24442452,48389308416,0,0,0,0,0,0,0,134188,1,1233,0,0,0,1,0,290,0,0
1790893077,24731136,49010565120,0,0,0,0,0,0,0,139918,1,1233,0,0,0,1,0,290,0,0
1790893078,25022608,49642971136,0,0,0,0,0,0,0,145577,1,1233,0,0,0,1,0,290,0,0
1790893079,25311044,50265645056,0,0,0,0,0,0,0,145577,1,1233,0,0,0,1,0,290,0,0
1790893080,25591612,50874798080,0,0,0,0,0,0,0,151286,1,1233,0,0,0,1,0,290,0,0
1790893081,25876524,51491295232,0,0,0,0,0,0,0,151286,1,1233,0,0,0,1,0,290,0,0
1790893082,26157628,52101021696,0,0,0,0,0,0,0,157000,1,1233,0,0,0,1,0,290,0,0
1790893083,26442424,52720680960,0,0,0,0,0,0,0,157000,1,1233,0,0,0,1,0,290,0,0
1790893084,26724016,53333979136,0,0,0,0,0,0,0,162892,1,1233,0,0,0,1,0,290,0,0
1790893085,27006592,53948203008,0,0,0,0,0,0,0,162892,1,1233,0,0,0,1,0,290,0,0
1790893086,27297648,54580408320,0,0,0,0,0,0,0,168665,1,1233,0,0,0,1,0,290,0,0
1790893087,27581316,55193870336,0,0,0,0,0,0,0,168665,1,1233,0,0,0,1,0,290,0,0
1790893088,27861816,55808126976,0,0,0,0,0,0,0,174454,1,1233,0,0,0,1,0,290,0,0
1790893090,28140516,56415477760,0,0,0,0,0,0,0,174454,1,1233,0,0,0,1,0,290,0,0
1790893091,28414408,57014837248,0,0,0,0,0,0,0,180355,1,1233,0,0,0,1,0,290,0,0
1790893092,28688224,57611997184,0,0,0,0,0,0,0,180355,1,1233,0,0,0,1,0,290,0,0
1790893093,28968316,58220879872,0,0,0,0,0,0,0,186332,1,1233,0,0,0,1,0,290,0,0
1790893094,29244688,58823188480,0,0,0,0,0,0,0,186332,1,1233,0,0,0,1,0,290,0,0
1790893095,29522904,59426594816,0,0,0,0,0,0,0,192273,1,1233,0,0,0,1,0,290,0,0
1790893096,29800104,60032958464,0,0,0,0,0,0,0,192273,1,1233,0,0,0,1,0,290,0,0
1790893097,30074536,60635095040,0,0,0,0,0,0,0,198171,1,1233,0,0,0,1,0,290,0,0
1790893098,30351868,61239750656,0,0,0,0,0,0,0,198171,1,1233,0,0,0,1,0,290,0,0
1790893099,30627984,61841862656,0,0,0,0,0,0,0,204133,1,1233,0,0,0,1,0,290,0,0
1790893100,30903412,62443454464,0,0,0,0,0,0,0,204133,1,1233,0,0,0,1,0,290,0,0
1790893101,31179248,63047954432,0,0,0,0,0,0,0,209945,1,1233,0,0,0,1,0,290,0,0
1790893102,31452732,63645310976,0,0,0,0,0,0,0,209945,1,1233,0,0,0,1,0,290,0,0
1790893103,31728392,64244486144,0,0,0,0,0,0,0,215822,1,1233,0,0,0,1,0,290,0,0
1790893104,32002764,64846819328,0,0,0,0,0,0,0,215822,1,1233,0,0,0,1,0,290,0,0
1790893105,32274192,65447256064,0,0,0,0,0,0,0,221794,1,1233,0,0,0,1,0,290,0,0
1790893106,32549624,66048360448,0,0,0,0,0,0,0,227706,1,1233,0,0,0,1,0,290,0,0
1790893107,32816820,66629951488,0,0,0,0,0,0,0,227706,1,1233,0,0,0,1,0,290,0,0
1790893108,33091016,67229880320,0,0,0,0,0,0,0,233707,1,1233,0,0,0,1,0,290,0,0
1790893109,33363964,67828690944,0,0,0,0,0,0,0,233707,1,1233,0,0,0,1,0,290,0,0
1790893110,33636392,68428566528,0,0,0,0,0,0,0,239745,1,1233,0,0,0,1,0,290,0,0
1790893111,33910016,69028409344,0,0,0,0,0,0,0,239745,1,1233,0,0,0,1,0,290,0,0
1790893112,34185340,69633191936,0,0,0,0,0,0,0,245756,1,1233,0,0,0,1,0,290,0,0
1790893113,34461124,70236614656,0,0,0,0,0,0,0,245756,1,1233,0,0,0,1,0,290,0,0
1790893114,34737884,70843105280,0,0,0,0,0,0,0,251813,1,1233,0,0,0,1,0,290,0,0
1790893115,35008948,71444799488,0,0,0,0,0,0,0,251813,1,1233,0,0,0,1,0,290,0,0
1790893117,35275904,72037425152,0,0,0,0,0,0,0,257942,1,1233,0,0,0,1,0,290,0,0
1790893118,35549596,72635527168,0,0,0,0,0,0,0,257942,1,1233,0,0,0,1,0,290,0,0
1790893119,35825464,73242488832,0,0,0,0,0,0,0,264014,1,1233,0,0,0,1,0,290,0,0
1790893120,36094336,73832136704,0,0,0,0,0,0,0,264014,1,1233,0,0,0,1,0,290,0,0
1790893121,36359288,74412888064,0,0,0,0,0,0,0,270153,1,1233,0,0,0,1,0,290,0,0
1790893122,36625140,74994122752,0,0,0,0,0,0,0,270153,1,1233,0,0,0,1,0,290,0,0
1790893123,36898600,75589160960,0,0,0,0,0,0,0,276343,1,1233,0,0,0,1,0,290,0,0
1790893124,37165936,76179513344,0,0,0,0,0,0,0,276343,1,1233,0,0,0,1,0,290,0,0
1790893125,37386144,76719624192,0,0,0,0,0,0,0,282408,1,1233,0,0,0,1,0,290,0,0
1790893126,37527992,77170032640,0,0,0,0,0,0,0,282408,1,1233,0,0,0,1,0,290,0,0
1790893127,37606712,77568446464,0,0,0,0,0,0,0,288489,1,1233,0,0,0,1,0,290,0,0
1790893128,37663228,77942943744,0,0,0,0,0,0,0,288489,1,1233,0,0,0,1,0,290,0,0
1790893129,37694252,78291116032,0,0,0,0,0,0,0,294635,1,1233,0,0,0,1,0,290,0,0
1790893130,37725852,78636158976,0,0,0,0,0,0,0,294635,1,1233,0,0,0,1,0,290,0,0
1790893131,37740496,78961745920,0,0,0,0,0,0,0,300851,1,1233,0,0,0,1,0,290,0,0
1790893132,37757304,79292518400,0,0,0,0,0,0,0,300851,1,1233,0,0,0,1,0,290,0,0
1790893133,37755000,79602941952,0,0,0,0,0,0,0,307008,1,1233,0,0,0,1,0,290,0,0
1790893134,37782024,79946346496,0,0,0,0,0,0,0,313189,1,1233,0,0,0,1,0,290,0,0
1790893135,37813160,80296280064,0,0,0,0,0,0,0,313189,1,1233,0,0,0,1,0,290,0,0
1790893136,37862280,80661536768,0,0,0,0,0,0,0,319398,1,1233,0,0,0,1,0,290,0,0
1790893137,37912904,81028087808,0,0,0,0,0,0,0,319398,1,1233,0,0,0,1,0,290,0,0
1790893138,37974500,81406185472,0,0,0,0,0,0,0,325629,1,1233,0,0,0,1,0,290,0,0
1790893139,38023136,81768382464,0,0,0,0,0,0,0,325629,1,1233,0,0,0,1,0,290,0,0
1790893140,38076932,82137407488,0,0,0,0,0,0,0,331878,1,1233,0,0,0,1,0,290,0,0
1790893141,38124904,82501922816,0,0,0,0,0,0,0,331878,1,1233,0,0,0,1,0,290,0,0
1790893143,38186616,82888228864,0,0,0,0,0,0,0,338086,1,1233,0,0,0,1,0,290,0,0
1790893144,38240068,83258859520,0,0,0,0,0,0,0,338086,1,1233,0,0,0,1,0,290,0,0
1790893145,38298800,83634565120,0,0,0,0,0,0,0,344361,1,1233,0,0,0,1,0,290,0,0
1790893146,38349456,84010033152,0,0,0,0,0,0,0,344361,1,1233,0,0,0,1,0,290,0,0
1790893147,38400776,84380344320,0,0,0,0,0,0,0,350566,1,1233,0,0,0,1,0,290,0,0
1790893148,38447456,84740857856,0,0,0,0,0,0,0,350566,1,1233,0,0,0,1,0,290,0,0
1790893149,38503596,85111259136,0,0,0,0,0,0,0,356828,1,1233,0,0,0,1,0,290,0,0
1790893150,38551932,85483294720,0,0,0,0,0,0,0,356828,1,1233,0,0,0,1,0,290,0,0
1790893151,38608588,85856972800,0,0,0,0,0,0,0,363147,1,1233,0,0,0,1,0,290,0,0
1790893152,38667168,86226153472,0,0,0,0,0,0,0,363147,1,1233,0,0,0,1,0,290,0,0
1790893153,38717496,86590001152,0,0,0,0,0,0,0,369523,1,1233,0,0,0,1,0,290,0,0
1790893154,38764556,86953611264,0,0,0,0,0,0,0,369523,1,1233,0,0,0,1,0,290,0,0
1790893155,38819980,87329140736,0,0,0,0,0,0,0,375861,1,1233,0,0,0,1,0,290,0,0
1790893156,38862048,87687417856,0,0,0,0,0,0,0,375861,1,1233,0,0,0,1,0,290,0,0
1790893157,38911768,88049799168,0,0,0,0,0,0,0,382144,1,1233,0,0,0,1,0,290,0,0
1790893158,38948176,88403853312,0,0,0,0,0,0,0,382144,1,1233,0,0,0,1,0,290,0,0
1790893159,38990008,88762306560,0,0,0,0,0,0,0,388562,1,1233,0,0,0,1,0,290,0,0
1790893160,39024096,89116377088,0,0,0,0,0,0,0,388562,1,1233,0,0,0,1,0,290,0,0
1790893161,39080176,89487593472,0,0,0,0,0,0,0,394905,1,1233,0,0,0,1,0,290,0,0
1790893162,39119728,89844768768,0,0,0,0,0,0,0,401281,1,1233,0,0,0,1,0,290,0,0
1790893163,39155480,90195931136,0,0,0,0,0,0,0,401281,1,1233,0,0,0,1,0,290,0,0
1790893164,39181888,90547085312,0,0,0,0,0,0,0,407749,1,1233,0,0,0,1,0,290,0,0
1790893165,39208800,90886692864,0,0,0,0,0,0,0,407749,1,1233,0,0,0,1,0,290,0,0
1790893166,39262268,91256434688,0,0,0,0,0,0,0,414207,1,1233,0,0,0,1,0,290,0,0
1790893167,39312680,91626856448,0,0,0,0,0,0,0,414207,1,1233,0,0,0,1,0,290,0,0
1790893168,39347320,91974254592,0,0,0,0,0,0,0,420621,1,1233,0,0,0,1,0,290,0,0
1790893170,39390612,92337295360,0,0,0,0,0,0,0,420621,1,1233,0,0,0,1,0,290,0,0
1790893171,39438780,92702699520,0,0,0,0,0,0,0,427045,1,1233,0,0,0,1,0,290,0,0
1790893172,39468636,93042196480,0,0,0,0,0,0,0,427045,1,1233,0,0,0,1,0,290,0,0
1790893173,39502960,93380046848,0,0,0,0,0,0,0,433542,1,1233,0,0,0,1,0,290,0,0
1790893174,39535436,93730418688,0,0,0,0,0,0,0,433542,1,1233,0,0,0,1,0,290,0,0
1790893175,39581008,94086107136,0,0,0,0,0,0,0,440088,1,1233,0,0,0,1,0,290,0,0
1790893176,39602428,94420619264,0,0,0,0,0,0,0,440088,1,1233,0,0,0,1,0,290,0,0
1790893177,39643104,94776258560,0,0,0,0,0,0,0,446685,1,1233,0,0,0,1,0,290,0,0
1790893178,39686032,95134060544,0,0,0,0,0,0,0,446685,1,1233,0,0,0,1,0,290,0,0
1790893179,39727812,95494868992,0,0,0,0,0,0,0,453289,1,1233,0,0,0,1,0,290,0,0
1790893180,39761532,95846453248,0,0,0,0,0,0,0,453289,1,1233,0,0,0,1,0,290,0,0
1790893181,39800928,96198922240,0,0,0,0,0,0,0,459878,1,1233,0,0,0,1,0,290,0,0
1790893182,39832336,96542277632,0,0,0,0,0,0,0,459878,1,1233,0,0,0,1,0,290,0,0
1790893183,39874300,96899817472,0,0,0,0,0,0,0,466334,1,1233,0,0,0,1,0,290,0,0
1790893184,39911580,97248915456,0,0,0,0,0,0,0,466334,1,1233,0,0,0,1,0,290,0,0
1790893185,39950208,97599565824,0,0,0,0,0,0,0,472946,1,1233,0,0,0,1,0,290,0,0
1790893186,39979212,97942032384,0,0,0,0,0,0,0,472946,1,1233,0,0,0,1,0,290,0,0
1790893187,40010128,98287878144,0,0,0,0,0,0,0,479559,1,1233,0,0,0,1,0,290,0,0
1790893188,40057508,98647511040,0,0,0,0,0,0,0,479559,1,1233,0,0,0,1,0,290,0,0
1790893189,40091544,98993930240,0,0,0,0,0,0,0,486176,1,1233,0,0,0,1,0,290,0,0
1790893190,40122916,99340632064,0,0,0,0,0,0,0,492739,1,1233,0,0,0,1,0,290,0,0
1790893191,40154964,99680342016,0,0,0,0,0,0,0,492739,1,1233,0,0,0,1,0,290,0,0
1790893192,40190516,100026404864,0,0,0,0,0,0,0,499389,1,1233,0,0,0,1,0,290,0,0
1790893193,40238468,100389916672,0,0,0,0,0,0,0,499389,1,1233,0,0,0,1,0,290,0,0
1790893194,40283348,100742795264,0,0,0,0,0,0,0,505982,1,1233,0,0,0,1,0,290,0,0
1790893195,40326168,101092790272,0,0,0,0,0,0,0,505982,1,1233,0,0,0,1,0,290,0,0
1790893197,40364536,101437050880,0,0,0,0,0,0,0,512689,1,1233,0,0,0,1,0,290,0,0
1790893198,40394132,101767962624,0,0,0,0,0,0,0,512689,1,1233,0,0,0,1,0,290,0,0
1790893199,40428784,102123364352,0,0,0,0,0,0,0,519351,1,1233,0,0,0,1,0,290,0,0
1790893200,40466248,102470639616,0,0,0,0,0,0,0,519351,1,1233,0,0,0,1,0,290,0,0
1790893201,40502696,102822825984,0,0,0,0,0,0,0,526057,1,1233,0,0,0,1,0,290,0,0
1790893202,40534740,103069843456,0,0,0,0,0,0,0,526057,1,1233,0,0,0,1,0,290,0,0
1790893203,40574316,103064842240,0,0,0,0,0,0,0,532831,1,1233,0,0,0,1,0,290,0,0
1790893204,40606868,103069184000,0,0,0,0,0,0,0,532831,1,1233,0,0,0,1,0,290,0,0
1790893205,40646012,103074811904,0,0,0,0,0,0,0,539490,1,1233,0,0,0,1,0,290,0,0
1790893206,40675632,103047999488,0,0,0,0,0,0,0,539490,1,1233,0,0,0,1,0,290,0,0
1790893207,40706176,103073726464,0,0,0,0,0,0,0,546089,1,1233,0,0,0,1,0,290,0,0
1790893208,40738796,103067824128,0,0,0,0,0,0,0,546089,1,1233,0,0,0,1,0,290,0,0
1790893209,40762276,103072772096,0,0,0,0,0,0,0,552822,1,1233,0,0,0,1,0,290,0,0
1790893210,40807064,103072034816,0,0,0,0,0,0,0,552822,1,1233,0,0,0,1,0,290,0,0
1790893211,40844460,103071703040,0,0,0,0,0,0,0,559613,1,1233,0,0,0,1,0,290,0,0
1790893212,40879668,103070437376,0,0,0,0,0,0,0,559613,1,1233,0,0,0,1,0,290,0,0
1790893213,40920844,103071944704,0,0,0,0,0,0,0,566302,1,1233,0,0,0,1,0,290,0,0
1790893214,40947384,103077892096,0,0,0,0,0,0,0,566302,1,1233,0,0,0,1,0,290,0,0
1790893215,40975204,103073304576,0,0,0,0,0,0,0,573075,1,1233,0,0,0,1,0,290,0,0
1790893216,41000896,103068942336,0,0,0,0,0,0,0,573075,1,1233,0,0,0,1,0,290,0,0
1790893217,41034376,103073599488,0,0,0,0,0,0,0,579736,1,1233,0,0,0,1,0,290,0,0
1790893218,41066832,103068880896,0,0,0,0,0,0,0,586416,1,1233,0,0,0,1,0,290,0,0
1790893219,41100880,103077896192,0,0,0,0,0,0,0,586416,1,1233,0,0,0,1,0,290,0,0
1790893220,41148396,103079071744,0,0,0,0,0,0,0,593079,1,1233,0,0,0,1,0,290,0,0
1790893221,41181900,103062327296,0,0,0,0,0,0,0,593079,1,1233,0,0,0,1,0,290,0,0
1790893222,41211604,103076921344,0,0,0,0,0,0,0,599737,1,1233,0,0,0,1,0,290,0,0
1790893224,41248052,103046217728,0,0,0,0,0,0,0,599737,1,1233,0,0,0,1,0,290,0,0
1790893225,41263892,103066497024,0,0,0,0,0,0,0,606351,1,1233,0,0,0,1,0,290,0,0
1790893226,41294336,103071956992,0,0,0,0,0,0,0,606351,1,1233,0,0,0,1,0,290,0,0
1790893227,41323884,103070367744,0,0,0,0,0,0,0,613066,1,1233,0,0,0,1,0,290,0,0
1790893228,41351028,103076114432,0,0,0,0,0,0,0,613066,1,1233,0,0,0,1,0,290,0,0
1790893229,41372956,103064731648,0,0,0,0,0,0,0,619722,1,1233,0,0,0,1,0,290,0,0
1790893230,41402672,103079174144,0,0,0,0,0,0,0,619722,1,1233,0,0,0,1,0,290,0,0
1790893231,41422400,103053774848,0,0,0,0,0,0,0,626388,1,1233,0,0,0,1,0,290,0,0
1790893232,41464844,103078588416,0,0,0,0,0,0,0,626388,1,1233,0,0,0,1,0,290,0,0
1790893233,41504184,103078096896,0,0,0,0,0,0,0,633047,1,1233,0,0,0,1,0,290,0,0
1790893234,41551240,103070691328,0,0,0,0,0,0,0,633047,1,1233,0,0,0,1,0,290,0,0
1790893235,41591112,103072411648,0,0,0,0,0,0,0,639616,1,1233,0,0,0,1,0,290,0,0
1790893236,41641332,103059140608,0,0,0,0,0,0,0,639616,1,1233,0,0,0,1,0,290,0,0
1790893237,41701492,103055486976,0,0,0,0,0,0,0,646145,1,1233,0,0,0,1,0,290,0,0
1790893238,41738956,103079100416,0,0,0,0,0,0,0,646145,1,1233,0,0,0,1,0,290,0,0
1790893239,41782120,103074213888,0,0,0,0,0,0,0,652656,1,1233,0,0,0,1,0,290,0,0
1790893240,41832704,103071002624,0,0,0,0,0,0,0,652656,1,1233,0,0,0,1,0,290,0,0
1790893241,41893112,103076552704,0,0,0,0,0,0,0,659221,1,1233,0,0,0,1,0,290,0,0
1790893242,41953584,103063064576,0,0,0,0,0,0,0,659221,1,1233,0,0,0,1,0,290,0,0
1790893243,42002528,103068409856,0,0,0,0,0,0,0,665730,1,1233,0,0,0,1,0,290,0,0
1790893244,42060248,103056277504,0,0,0,0,0,0,0,665730,1,1233,0,0,0,1,0,290,0,0
1790893245,42114832,103068332032,0,0,0,0,0,0,0,672125,1,1233,0,0,0,1,0,290,0,0
1790893246,42172144,103048015872,0,0,0,0,0,0,0,678735,1,1233,0,0,0,1,0,290,0,0
1790893247,42218056,103077072896,0,0,0,0,0,0,0,678735,1,1233,0,0,0,1,0,290,0,0
1790893248,42275648,103076151296,0,0,0,0,0,0,0,685265,1,1233,0,0,0,1,0,290,0,0
1790893249,42318860,103046791168,0,0,0,0,0,0,0,685265,1,1233,0,0,0,1,0,290,0,0
1790893251,42364724,103067385856,0,0,0,0,0,0,0,691720,1,1233,0,0,0,1,0,290,0,0
1790893252,42419440,103077400576,0,0,0,0,0,0,0,691720,1,1233,0,0,0,1,0,290,0,0
1790893253,42464744,103068225536,0,0,0,0,0,0,0,698192,1,1233,0,0,0,1,0,290,0,0
1790893254,42522908,103070982144,0,0,0,0,0,0,0,698192,1,1233,0,0,0,1,0,290,0,0
1790893255,42566644,103069982720,0,0,0,0,0,0,0,704731,1,1233,0,0,0,1,0,290,0,0
1790893256,42617668,103076556800,0,0,0,0,0,0,0,704731,1,1233,0,0,0,1,0,290,0,0
1790893257,42665752,103067975680,0,0,0,0,0,0,0,711262,1,1233,0,0,0,1,0,290,0,0
1790893258,42720508,103040503808,0,0,0,0,0,0,0,711262,1,1233,0,0,0,1,0,290,0,0
1790893259,42776760,103079157760,0,0,0,0,0,0,0,717847,1,1233,0,0,0,1,0,290,0,0
1790893260,42815536,103069396992,0,0,0,0,0,0,0,717847,1,1233,0,0,0,1,0,290,0,0
1790893261,42869984,103067561984,0,0,0,0,0,0,0,724365,1,1233,0,0,0,1,0,290,0,0
1790893262,42917804,103071268864,0,0,0,0,0,0,0,724365,1,1233,0,0,0,1,0,290,0,0
1790893263,42959788,103074353152,0,0,0,0,0,0,0,730908,1,1233,0,0,0,1,0,290,0,0
1790893264,43015876,103070658560,0,0,0,0,0,0,0,730908,1,1233,0,0,0,1,0,290,0,0
1790893265,43053044,103067160576,0,0,0,0,0,0,0,737397,1,1233,0,0,0,1,0,290,0,0
1790893266,43114432,103057793024,0,0,0,0,0,0,0,737397,1,1233,0,0,0,1,0,290,0,0
1790893267,43135328,103063384064,0,0,0,0,0,0,0,743955,1,1233,0,0,0,1,0,290,0,0
1790893268,43169572,103071797248,0,0,0,0,0,0,0,743955,1,1233,0,0,0,1,0,290,0,0
1790893269,43202396,103074279424,0,0,0,0,0,0,0,750553,1,1233,0,0,0,1,0,290,0,0
1790893270,43247388,103076990976,0,0,0,0,0,0,0,750553,1,1233,0,0,0,1,0,290,0,0
1790893271,43283904,103066451968,0,0,0,0,0,0,0,757088,1,1233,0,0,0,1,0,290,0,0
1790893272,43334780,103075467264,0,0,0,0,0,0,0,757088,1,1233,0,0,0,1,0,290,0,0
1790893273,43367308,103074185216,0,0,0,0,0,0,0,763775,1,1233,0,0,0,1,0,290,0,0
1790893274,43404792,103056048128,0,0,0,0,0,0,0,770201,1,1233,0,0,0,1,0,290,0,0
1790893275,43434572,103054012416,0,0,0,0,0,0,0,770201,1,1233,0,0,0,1,0,290,0,0
1790893276,43470568,103069822976,0,0,0,0,0,0,0,776725,1,1233,0,0,0,1,0,290,0,0
1790893278,43503148,103077363712,0,0,0,0,0,0,0,776725,1,1233,0,0,0,1,0,290,0,0
1790893279,43545968,103061143552,0,0,0,0,0,0,0,783360,1,1233,0,0,0,1,0,290,0,0
1790893280,43581072,103068024832,0,0,0,0,0,0,0,783360,1,1233,0,0,0,1,0,290,0,0
1790893281,43610448,103066664960,0,0,0,0,0,0,0,789897,1,1233,0,0,0,1,0,290,0,0
1790893282,43653744,103074766848,0,0,0,0,0,0,0,789897,1,1233,0,0,0,1,0,290,0,0
1790893283,43689824,103075921920,0,0,0,0,0,0,0,796489,1,1233,0,0,0,1,0,290,0,0
1790893284,43726716,103071535104,0,0,0,0,0,0,0,796489,1,1233,0,0,0,1,0,290,0,0
1790893285,43757412,103058391040,0,0,0,0,0,0,0,803067,1,1233,0,0,0,1,0,290,0,0
1790893286,43795680,103079108608,0,0,0,0,0,0,0,803067,1,1233,0,0,0,1,0,290,0,0
1790893287,43837116,103076626432,0,0,0,0,0,0,0,809682,1,1233,0,0,0,1,0,290,0,0
1790893288,43871164,103075713024,0,0,0,0,0,0,0,809682,1,1233,0,0,0,1,0,290,0,0
1790893289,43888524,103051735040,0,0,0,0,0,0,0,816275,1,1233,0,0,0,1,0,290,0,0
1790893290,43918784,103028432896,0,0,0,0,0,0,0,816275,1,1233,0,0,0,1,0,290,0,0
1790893291,43949216,103045877760,0,0,0,0,0,0,0,822877,1,1233,0,0,0,1,0,290,0,0
1790893292,43973020,103068954624,0,0,0,0,0,0,0,822877,1,1233,0,0,0,1,0,290,0,0
1790893293,44006388,103069589504,0,0,0,0,0,0,0,829406,1,1233,0,0,0,1,0,290,0,0
1790893294,44028516,103057969152,0,0,0,0,0,0,0,829406,1,1233,0,0,0,1,0,290,0,0
1790893295,44050260,103073951744,0,0,0,0,0,0,0,835998,1,1233,0,0,0,1,0,290,0,0
1790893296,44073808,103047036928,0,0,0,0,0,0,0,835998,1,1233,0,0,0,1,0,290,0,0
1790893297,44110128,103071576064,0,0,0,0,0,0,0,842629,1,1233,0,0,0,1,0,290,0,0
1790893298,44115584,103053537280,0,0,0,0,0,0,0,842629,1,1233,0,0,0,1,0,290,0,0
1790893299,44124196,103066824704,0,0,0,0,0,0,0,849193,1,1233,0,0,0,1,0,290,0,0
1790893300,44150412,103072731136,0,0,0,0,0,0,0,849193,1,1233,0,0,0,1,0,290,0,0
1790893301,44159920,103079137280,0,0,0,0,0,0,0,855753,1,1233,0,0,0,1,0,290,0,0
1790893302,44186504,103078383616,0,0,0,0,0,0,0,862418,1,1233,0,0,0,1,0,290,0,0
1790893303,44196088,103072845824,0,0,0,0,0,0,0,862418,1,1233,0,0,0,1,0,290,0,0
1790893305,44217496,103068782592,0,0,0,0,0,0,0,868964,1,1233,0,0,0,1,0,290,0,0
1790893306,44219524,103075602432,0,0,0,0,0,0,0,868964,1,1233,0,0,0,1,0,290,0,0
1790893307,44220952,103061512192,0,0,0,0,0,0,0,875418,1,1233,0,0,0,1,0,290,0,0
1790893308,44219488,103073562624,0,0,0,0,0,0,0,875418,1,1233,0,0,0,1,0,290,0,0
1790893309,44213828,103067660288,0,0,0,0,0,0,0,881986,1,1233,0,0,0,1,0,290,0,0
1790893310,44206844,103070924800,0,0,0,0,0,0,0,881986,1,1233,0,0,0,1,0,290,0,0
1790893311,44188920,103068614656,0,0,0,0,0,0,0,888711,1,1233,0,0,0,1,0,290,0,0
1790893312,44194352,103068741632,0,0,0,0,0,0,0,888711,1,1233,0,0,0,1,0,290,0,0
1790893313,44205708,103068172288,0,0,0,0,0,0,0,895326,1,1233,0,0,0,1,0,290,0,0
1790893314,44212428,103067820032,0,0,0,0,0,0,0,895326,1,1233,0,0,0,1,0,290,0,0
1790893315,44240472,103067688960,0,0,0,0,0,0,0,901976,1,1233,0,0,0,1,0,290,0,0
1790893316,44243988,103068688384,0,0,0,0,0,0,0,901976,1,1233,0,0,0,1,0,290,0,0
1790893317,44264976,103074533376,0,0,0,0,0,0,0,908635,1,1233,0,0,0,1,0,290,0,0
1790893318,44290480,103068160000,0,0,0,0,0,0,0,908635,1,1233,0,0,0,1,0,290,0,0
1790893319,44308144,103072632832,0,0,0,0,0,0,0,915137,1,1233,0,0,0,1,0,290,0,0
1790893320,44332676,103075442688,0,0,0,0,0,0,0,915137,1,1233,0,0,0,1,0,290,0,0
1790893321,44357608,103065706496,0,0,0,0,0,0,0,921806,1,1233,0,0,0,1,0,290,0,0
1790893322,44373356,103068794880,0,0,0,0,0,0,0,921806,1,1233,0,0,0,1,0,290,0,0
1790893323,44398832,103061712896,0,0,0,0,0,0,0,928313,1,1233,0,0,0,1,0,290,0,0
1790893324,44427748,103073390592,0,0,0,0,0,0,0,928313,1,1233,0,0,0,1,0,290,0,0
1790893325,44429568,103069937664,0,0,0,0,0,0,0,934853,1,1233,0,0,0,1,0,290,0,0
1790893326,44462356,103062073344,0,0,0,0,0,0,0,934853,1,1233,0,0,0,1,0,290,0,0
1790893327,44486844,103072382976,0,0,0,0,0,0,0,941407,1,1233,0,0,0,1,0,290,0,0
1790893328,44489904,103076175872,0,0,0,0,0,0,0,941407,1,1233,0,0,0,1,0,290,0,0
1790893329,44521716,103077597184,0,0,0,0,0,0,0,947991,1,1233,0,0,0,1,0,290,0,0
1790893330,44534368,103067660288,0,0,0,0,0,0,0,954518,1,1233,0,0,0,1,0,290,0,0
1790893332,44553456,103074091008,0,0,0,0,0,0,0,954518,1,1233,0,0,0,1,0,290,0,0
1790893333,44576812,103073587200,0,0,0,0,0,0,0,961112,1,1233,0,0,0,1,0,290,0,0
1790893334,44601136,103064416256,0,0,0,0,0,0,0,961112,1,1233,0,0,0,1,0,290,0,0
1790893335,44612456,103050211328,0,0,0,0,0,0,0,967608,1,1233,0,0,0,1,0,290,0,0
1790893336,44637680,103067041792,0,0,0,0,0,0,0,967608,1,1233,0,0,0,1,0,290,0,0
1790893337,44674580,103060705280,0,0,0,0,0,0,0,974079,1,1233,0,0,0,1,0,290,0,0
1790893338,44681496,103076282368,0,0,0,0,0,0,0,974079,1,1233,0,0,0,1,0,290,0,0
1790893339,44714620,103076839424,0,0,0,0,0,0,0,980649,1,1233,0,0,0,1,0,290,0,0
1790893340,44742096,103042981888,0,0,0,0,0,0,0,980649,1,1233,0,0,0,1,0,290,0,0
1790893341,44771100,103067848704,0,0,0,0,0,0,0,987099,1,1233,0,0,0,1,0,290,0,0
1790893342,44802788,103066226688,0,0,0,0,0,0,0,987099,1,1233,0,0,0,1,0,290,0,0
1790893343,44829088,103065681920,0,0,0,0,0,0,0,993639,1,1233,0,0,0,1,0,290,0,0
1790893344,44859652,103071895552,0,0,0,0,0,0,0,993639,1,1233,0,0,0,1,0,290,0,0
1790893345,44897316,103069925376,0,0,0,0,0,0,0,1000230,1,1233,0,0,0,1,0,290,0,0
1790893346,44924196,103073148928,0,0,0,0,0,0,0,1000230,1,1233,0,0,0,1,0,290,0,0
1790893347,44958376,103070785536,0,0,0,0,0,0,0,1006752,1,1233,0,0,0,1,0,290,0,0
1790893348,44995336,103047630848,0,0,0,0,0,0,0,1006752,1,1233,0,0,0,1,0,290,0,0
1790893349,45016356,103072157696,0,0,0,0,0,0,0,1013300,1,1233,0,0,0,1,0,290,0,0
1790893350,45045876,103064018944,0,0,0,0,0,0,0,1013300,1,1233,0,0,0,1,0,290,0,0
1790893351,45089304,103073513472,0,0,0,0,0,0,0,1019942,1,1233,0,0,0,1,0,290,0,0
1790893352,45109472,103059521536,0,0,0,0,0,0,0,1019942,1,1233,0,0,0,1,0,290,0,0
1790893353,45135168,103072747520,0,0,0,0,0,0,0,1026572,1,1233,0,0,0,1,0,290,0,0
1790893354,45168260,103071547392,0,0,0,0,0,0,0,1026572,1,1233,0,0,0,1,0,290,0,0
1790893355,45195464,103066136576,0,0,0,0,0,0,0,1033138,1,1233,0,0,0,1,0,290,0,0
1790893356,45220576,103067648000,0,0,0,0,0,0,0,1033138,1,1233,0,0,0,1,0,290,0,0
1790893357,45252712,103077486592,0,0,0,0,0,0,0,1039700,1,1233,0,0,0,1,0,290,0,0
1790893359,45288424,103061270528,0,0,0,0,0,0,0,1046137,1,1233,0,0,0,1,0,290,0,0
1790893360,45305856,103052378112,0,0,0,0,0,0,0,1046137,1,1233,0,0,0,1,0,290,0,0
1790893361,45333928,103069257728,0,0,0,0,0,0,0,1052700,1,1233,0,0,0,1,0,290,0,0
1790893362,45367764,103075926016,0,0,0,0,0,0,0,1052700,1,1233,0,0,0,1,0,290,0,0
1790893363,45397876,103076601856,0,0,0,0,0,0,0,1059314,1,1233,0,0,0,1,0,290,0,0
1790893364,45428604,103055835136,0,0,0,0,0,0,0,1059314,1,1233,0,0,0,1,0,290,0,0
1790893365,45443588,103072411648,0,0,0,0,0,0,0,1065826,1,1233,0,0,0,1,0,290,0,0
1790893366,45478168,103068553216,0,0,0,0,0,0,0,1065826,1,1233,0,0,0,1,0,290,0,0
1790893367,45507896,103067435008,0,0,0,0,0,0,0,1072309,1,1233,0,0,0,1,0,290,0,0
1790893368,45533948,103069376512,0,0,0,0,0,0,0,1072309,1,1233,0,0,0,1,0,290,0,0
1790893369,45543628,103066284032,0,0,0,0,0,0,0,1078779,1,1233,0,0,0,1,0,290,0,0
1790893370,45577744,103063531520,0,0,0,0,0,0,0,1078779,1,1233,0,0,0,1,0,290,0,0
1790893371,45610328,103067209728,0,0,0,0,0,0,0,1085373,1,1233,0,0,0,1,0,290,0,0
1790893372,45634660,103072448512,0,0,0,0,0,0,0,1085373,1,1233,0,0,0,1,0,290,0,0
1790893373,45655180,103062081536,0,0,0,0,0,0,0,1091912,1,1233,0,0,0,1,0,290,0,0
1790893374,45677700,103077969920,0,0,0,0,0,0,0,1091912,1,1233,0,0,0,1,0,290,0,0
1790893375,45706444,103070756864,0,0,0,0,0,0,0,1098513,1,1233,0,0,0,1,0,290,0,0
1790893376,45721004,103074590720,0,0,0,0,0,0,0,1098513,1,1233,0,0,0,1,0,290,0,0
1790893377,45740112,103069548544,0,0,0,0,0,0,0,1105070,1,1233,0,0,0,1,0,290,0,0
1790893378,45767776,103079071744,0,0,0,0,0,0,0,1105070,1,1233,0,0,0,1,0,290,0,0
1790893379,45790172,103065329664,0,0,0,0,0,0,0,1111621,1,1233,0,0,0,1,0,290,0,0
1790893380,45824484,103067107328,0,0,0,0,0,0,0,1111621,1,1233,0,0,0,1,0,290,0,0
1790893381,45841096,103072780288,0,0,0,0,0,0,0,1118195,1,1233,0,0,0,1,0,290,0,0
1790893382,45861048,103076528128,0,0,0,0,0,0,0,1118195,1,1233,0,0,0,1,0,290,0,0
1790893383,45885504,103060140032,0,0,0,0,0,0,0,1124833,1,1233,0,0,0,1,0,290,0,0
1790893384,45923268,103065587712,0,0,0,0,0,0,0,1124833,1,1233,0,0,0,1,0,290,0,0
1790893386,45923160,103058264064,0,0,0,0,0,0,0,1131317,1,1233,0,0,0,1,0,290,0,0
1790893387,45939788,103078359040,0,0,0,0,0,0,0,1137948,1,1233,0,0,0,1,0,290,0,0
1790893388,45972788,103067361280,0,0,0,0,0,0,0,1137948,1,1233,0,0,0,1,0,290,0,0
1790893389,45996252,103075905536,0,0,0,0,0,0,0,1144596,1,1233,0,0,0,1,0,290,0,0
1790893390,46009944,103073861632,0,0,0,0,0,0,0,1144596,1,1233,0,0,0,1,0,290,0,0
1790893391,46037052,103057948672,0,0,0,0,0,0,0,1151177,1,1233,0,0,0,1,0,290,0,0
1790893392,46045276,103071543296,0,0,0,0,0,0,0,1151177,1,1233,0,0,0,1,0,290,0,0
1790893393,46061156,103078436864,0,0,0,0,0,0,0,1157728,1,1233,0,0,0,1,0,290,0,0
1790893394,46080716,103078592512,0,0,0,0,0,0,0,1157728,1,1233,0,0,0,1,0,290,0,0
1790893395,46099892,103079108608,0,0,0,0,0,0,0,1164362,1,1233,0,0,0,1,0,290,0,0
1790893396,46116640,103070244864,0,0,0,0,0,0,0,1164362,1,1233,0,0,0,1,0,290,0,0
1790893397,46137008,103076143104,0,0,0,0,0,0,0,1170943,1,1233,0,0,0,1,0,290,0,0
1790893398,46159928,103077203968,0,0,0,0,0,0,0,1170943,1,1233,0,0,0,1,0,290,0,0
1790893399,46179632,103063543808,0,0,0,0,0,0,0,1177421,1,1233,0,0,0,1,0,290,0,0
1790893400,46161544,103077191680,0,0,0,0,0,0,0,1177421,1,1233,0,0,0,1,0,290,0,0
1790893401,46181444,103069143040,0,0,0,0,0,0,0,1184000,1,1233,0,0,0,1,0,290,0,0
1790893402,46201624,103075205120,0,0,0,0,0,0,0,1184000,1,1233,0,0,0,1,0,290,0,0
1790893403,46220368,103079051264,0,0,0,0,0,0,0,1190593,1,1233,0,0,0,1,0,290,0,0
1790893404,46239304,103076634624,0,0,0,0,0,0,0,1190593,1,1233,0,0,0,1,0,290,0,0
1790893405,46261300,103071035392,0,0,0,0,0,0,0,1197170,1,1233,0,0,0,1,0,290,0,0
1790893406,46310800,103069052928,0,0,0,0,0,0,0,1197170,1,1233,0,0,0,1,0,290,0,0
1790893407,46357852,103072243712,0,0,0,0,0,0,0,1203767,1,1233,0,0,0,1,0,290,0,0
1790893408,46396908,103068512256,0,0,0,0,0,0,0,1203767,1,1233,0,0,0,1,0,290,0,0
1790893409,46439076,103072780288,0,0,0,0,0,0,0,1210339,1,1233,0,0,0,1,0,290,0,0
1790893410,46480724,103072018432,0,0,0,0,0,0,0,1210339,1,1233,0,0,0,1,0,290,0,0
1790893411,46539148,103064735744,0,0,0,0,0,0,0,1216914,1,1233,0,0,0,1,0,290,0,0
1790893413,46588072,103073452032,0,0,0,0,0,0,0,1216914,1,1233,0,0,0,1,0,290,0,0
1790893414,46641000,103069470720,0,0,0,0,0,0,0,1223413,1,1233,0,0,0,1,0,290,0,0
1790893415,46686300,103078498304,0,0,0,0,0,0,0,1229965,1,1233,0,0,0,1,0,290,0,0
1790893416,46739312,103056560128,0,0,0,0,0,0,0,1229965,1,1233,0,0,0,1,0,290,0,0
1790893417,46787156,103073349632,0,0,0,0,0,0,0,1236526,1,1233,0,0,0,1,0,290,0,0
1790893418,46837688,103074238464,0,0,0,0,0,0,0,1236526,1,1233,0,0,0,1,0,290,0,0
1790893419,46887712,103075151872,0,0,0,0,0,0,0,1243053,1,1233,0,0,0,1,0,290,0,0
1790893420,46937540,103066943488,0,0,0,0,0,0,0,1243053,1,1233,0,0,0,1,0,290,0,0
1790893421,46976504,103077601280,0,0,0,0,0,0,0,1249625,1,1233,0,0,0,1,0,290,0,0
1790893422,47027004,103065501696,0,0,0,0,0,0,0,1249625,1,1233,0,0,0,1,0,290,0,0
1790893423,47080592,103036104704,0,0,0,0,0,0,0,1256178,1,1233,0,0,0,1,0,290,0,0
1790893424,47134392,103058722816,0,0,0,0,0,0,0,1256178,1,1233,0,0,0,1,0,290,0,0
1790893425,47180208,103066071040,0,0,0,0,0,0,0,1262656,1,1233,0,0,0,1,0,290,0,0
1790893426,47237556,103063371776,0,0,0,0,0,0,0,1262656,1,1233,0,0,0,1,0,290,0,0
1790893427,47284348,103075450880,0,0,0,0,0,0,0,1269168,1,1233,0,0,0,1,0,290,0,0
1790893428,47335404,103075672064,0,0,0,0,0,0,0,1269168,1,1233,0,0,0,1,0,290,0,0
1790893429,47377404,103077462016,0,0,0,0,0,0,0,1275658,1,1233,0,0,0,1,0,290,0,0
1790893430,47430112,103078469632,0,0,0,0,0,0,0,1275658,1,1233,0,0,0,1,0,290,0,0
1790893431,47460256,103076159488,0,0,0,0,0,0,0,1282100,1,1233,0,0,0,1,0,290,0,0
1790893432,47500104,103070380032,0,0,0,0,0,0,0,1282100,1,1233,0,0,0,1,0,290,0,0
1790893433,47539144,103071715328,0,0,0,0,0,0,0,1288670,1,1233,0,0,0,1,0,290,0,0
1790893434,47546684,103078154240,0,0,0,0,0,0,0,1288670,1,1233,0,0,0,1,0,290,0,0
1790893435,47580460,103070347264,0,0,0,0,0,0,0,1295124,1,1233,0,0,0,1,0,290,0,0
1790893436,47617204,103079170048,0,0,0,0,0,0,0,1295124,1,1233,0,0,0,1,0,290,0,0
1790893437,47644540,103072161792,0,0,0,0,0,0,0,1301690,1,1233,0,0,0,1,0,290,0,0
1790893438,47679968,103067250688,0,0,0,0,0,0,0,1301690,1,1233,0,0,0,1,0,290,0,0
1790893440,47710324,103070404608,0,0,0,0,0,0,0,1308208,1,1233,0,0,0,1,0,290,0,0
1790893441,47737916,103076974592,0,0,0,0,0,0,0,1308208,1,1233,0,0,0,1,0,290,0,0
1790893442,47771992,103073955840,0,0,0,0,0,0,0,1314686,1,1233,0,0,0,1,0,290,0,0
1790893443,47787596,103059472384,0,0,0,0,0,0,0,1321269,1,1233,0,0,0,1,0,290,0,0
1790893444,47811280,103060107264,0,0,0,0,0,0,0,1321269,1,1233,0,0,0,1,0,290,0,0
1790893445,47841924,103076728832,0,0,0,0,0,0,0,1327823,1,1233,0,0,0,1,0,290,0,0
1790893446,47866436,103067344896,0,0,0,0,0,0,0,1327823,1,1233,0,0,0,1,0,290,0,0
1790893447,47894736,103079018496,0,0,0,0,0,0,0,1334406,1,1233,0,0,0,1,0,290,0,0
1790893448,47924420,103065284608,0,0,0,0,0,0,0,1334406,1,1233,0,0,0,1,0,290,0,0
1790893449,47958952,103064952832,0,0,0,0,0,0,0,1340950,1,1233,0,0,0,1,0,290,0,0
1790893450,47983024,103050911744,0,0,0,0,0,0,0,1340950,1,1233,0,0,0,1,0,290,0,0
1790893451,48017260,103072641024,0,0,0,0,0,0,0,1347464,1,1233,0,0,0,1,0,290,0,0
1790893452,48046580,103076343808,0,0,0,0,0,0,0,1347464,1,1233,0,0,0,1,0,290,0,0
1790893453,48079396,103066947584,0,0,0,0,0,0,0,1354074,1,1233,0,0,0,1,0,290,0,0
1790893454,48110460,103075581952,0,0,0,0,0,0,0,1354074,1,1233,0,0,0,1,0,290,0,0
1790893455,48137856,103058399232,0,0,0,0,0,0,0,1360615,1,1233,0,0,0,1,0,290,0,0
1790893456,48174548,103078047744,0,0,0,0,0,0,0,1360615,1,1233,0,0,0,1,0,290,0,0
1790893457,48198920,103058276352,0,0,0,0,0,0,0,1367168,1,1233,0,0,0,1,0,290,0,0
1790893458,48224680,103052591104,0,0,0,0,0,0,0,1367168,1,1233,0,0,0,1,0,290,0,0
1790893459,48246984,103057608704,0,0,0,0,0,0,0,1373719,1,1233,0,0,0,1,0,290,0,0
1790893460,48276116,103075426304,0,0,0,0,0,0,0,1373719,1,1233,0,0,0,1,0,290,0,0
1790893461,48306396,103062663168,0,0,0,0,0,0,0,1380323,1,1233,0,0,0,1,0,290,0,0
1790893462,48334468,103076540416,0,0,0,0,0,0,0,1380323,1,1233,0,0,0,1,0,290,0,0
1790893463,48365104,103078338560,0,0,0,0,0,0,0,1386900,1,1233,0,0,0,1,0,290,0,0
1790893464,48395756,103076990976,0,0,0,0,0,0,0,1386900,1,1233,0,0,0,1,0,290,0,0
1790893465,48424056,103074603008,0,0,0,0,0,0,0,1393444,1,1233,0,0,0,1,0,290,0,0
1790893467,48453712,103078977536,0,0,0,0,0,0,0,1393444,1,1233,0,0,0,1,0,290,0,0
1790893468,48483200,103078055936,0,0,0,0,0,0,0,1399920,1,1233,0,0,0,1,0,290,0,0
1790893469,48506080,103076601856,0,0,0,0,0,0,0,1399920,1,1233,0,0,0,1,0,290,0,0
1790893470,48532948,103067455488,0,0,0,0,0,0,0,1406580,1,1233,0,0,0,1,0,290,0,0
1790893471,48553804,103070326784,0,0,0,0,0,0,0,1413145,1,1233,0,0,0,1,0,290,0,0
1790893472,48577608,103076417536,0,0,0,0,0,0,0,1413145,1,1233,0,0,0,1,0,290,0,0
1790893473,48608952,103075442688,0,0,0,0,0,0,0,1419644,1,1233,0,0,0,1,0,290,0,0
1790893474,48626116,103065243648,0,0,0,0,0,0,0,1419644,1,1233,0,0,0,1,0,290,0,0
1790893475,48651520,103075647488,0,0,0,0,0,0,0,1426310,1,1233,0,0,0,1,0,290,0,0
1790893476,48680756,103075966976,0,0,0,0,0,0,0,1426310,1,1233,0,0,0,1,0,290,0,0
1790893477,48700228,103076843520,0,0,0,0,0,0,0,1432884,1,1233,0,0,0,1,0,290,0,0
1790893478,48735684,103055069184,0,0,0,0,0,0,0,1432884,1,1233,0,0,0,1,0,290,0,0
1790893479,48757348,103077113856,0,0,0,0,0,0,0,1439447,1,1233,0,0,0,1,0,290,0,0
1790893480,48793224,103074070528,0,0,0,0,0,0,0,1439447,1,1233,0,0,0,1,0,290,0,0
1790893481,48821124,103078211584,0,0,0,0,0,0,0,1445994,1,1233,0,0,0,1,0,290,0,0
1790893482,48849724,103072342016,0,0,0,0,0,0,0,1445994,1,1233,0,0,0,1,0,290,0,0
1790893483,48874380,103077429248,0,0,0,0,0,0,0,1452610,1,1233,0,0,0,1,0,290,0,0
1790893484,48889624,103068995584,0,0,0,0,0,0,0,1452610,1,1233,0,0,0,1,0,290,0,0
1790893485,48911920,103072866304,0,0,0,0,0,0,0,1459133,1,1233,0,0,0,1,0,290,0,0
1790893486,48935764,103077675008,0,0,0,0,0,0,0,1459133,1,1233,0,0,0,1,0,290,0,0
1790893487,48969836,103070101504,0,0,0,0,0,0,0,1465577,1,1233,0,0,0,1,0,290,0,0
1790893488,48974952,103074496512,0,0,0,0,0,0,0,1465577,1,1233,0,0,0,1,0,290,0,0
1790893489,49001896,103076491264,0,0,0,0,0,0,0,1472114,1,1233,0,0,0,1,0,290,0,0
1790893490,49020384,103078539264,0,0,0,0,0,0,0,1472114,1,1233,0,0,0,1,0,290,0,0
1790893491,49048496,103070425088,0,0,0,0,0,0,0,1478567,1,1233,0,0,0,1,0,290,0,0
1790893492,49065616,103078514688,0,0,0,0,0,0,0,1478567,1,1233,0,0,0,1,0,290,0,0
1790893494,49091300,103057154048,0,0,0,0,0,0,0,1484995,1,1233,0,0,0,1,0,290,0,0
1790893495,49115544,103071084544,0,0,0,0,0,0,0,1484995,1,1233,0,0,0,1,0,290,0,0
1790893496,49146920,103077396480,0,0,0,0,0,0,0,1491569,1,1233,0,0,0,1,0,290,0,0
1790893497,49166928,103059083264,0,0,0,0,0,0,0,1491569,1,1233,0,0,0,1,0,290,0,0
1790893498,49187852,103070867456,0,0,0,0,0,0,0,1498089,1,1233,0,0,0,1,0,290,0,0
1790893499,49213700,103075598336,0,0,0,0,0,0,0,1504683,1,1233,0,0,0,1,0,290,0,0
1790893500,49250320,103064748032,0,0,0,0,0,0,0,1504683,1,1233,0,0,0,1,0,290,0,0
1790893501,49256300,103076728832,0,0,0,0,0,0,0,1511263,1,1233,0,0,0,1,0,290,0,0
1790893502,49275376,103073759232,0,0,0,0,0,0,0,1511263,1,1233,0,0,0,1,0,290,0,0
1790893503,49295484,103079129088,0,0,0,0,0,0,0,1517807,1,1233,0,0,0,1,0,290,0,0
1790893504,49325444,103074459648,0,0,0,0,0,0,0,1517807,1,1233,0,0,0,1,0,290,0,0
1790893505,49344892,103072874496,0,0,0,0,0,0,0,1524389,1,1233,0,0,0,1,0,290,0,0
1790893506,49358816,103074222080,0,0,0,0,0,0,0,1524389,1,1233,0,0,0,1,0,290,0,0
1790893507,49385544,103070679040,0,0,0,0,0,0,0,1530972,1,1233,0,0,0,1,0,290,0,0
1790893508,49415144,103073353728,0,0,0,0,0,0,0,1530972,1,1233,0,0,0,1,0,290,0,0
1790893509,49420852,103074713600,0,0,0,0,0,0,0,1537456,1,1233,0,0,0,1,0,290,0,0
1790893510,49444932,103077535744,0,0,0,0,0,0,0,1537456,1,1233,0,0,0,1,0,290,0,0
1790893511,49462396,103069839360,0,0,0,0,0,0,0,1544077,1,1233,0,0,0,1,0,290,0,0
1790893512,49470400,103076581376,0,0,0,0,0,0,0,1544077,1,1233,0,0,0,1,0,290,0,0
1790893513,49484428,103075676160,0,0,0,0,0,0,0,1550669,1,1233,0,0,0,1,0,290,0,0
1790893514,49502832,103072804864,0,0,0,0,0,0,0,1550669,1,1233,0,0,0,1,0,290,0,0
1790893515,49512356,103066738688,0,0,0,0,0,0,0,1557225,1,1233,0,0,0,1,0,290,0,0
1790893516,49524708,103073431552,0,0,0,0,0,0,0,1557225,1,1233,0,0,0,1,0,290,0,0
1790893517,49536256,103074549760,0,0,0,0,0,0,0,1563795,1,1233,0,0,0,1,0,290,0,0
1790893518,49521880,103069724672,0,0,0,0,0,0,0,1563795,1,1233,0,0,0,1,0,290,0,0
1790893519,49506936,103061536768,0,0,0,0,0,0,0,1570343,1,1233,0,0,0,1,0,290,0,0
1790893521,49505484,103073951744,0,0,0,0,0,0,0,1570343,1,1233,0,0,0,1,0,290,0,0
1790893522,49491992,103074140160,0,0,0,0,0,0,0,1576935,1,1233,0,0,0,1,0,290,0,0
1790893523,49483760,103070728192,0,0,0,0,0,0,0,1576935,1,1233,0,0,0,1,0,290,0,0
1790893524,49471500,103072423936,0,0,0,0,0,0,0,1583468,1,1233,0,0,0,1,0,290,0,0
1790893525,49467768,103069720576,0,0,0,0,0,0,0,1583468,1,1233,0,0,0,1,0,290,0,0
1790893526,49464720,103069700096,0,0,0,0,0,0,0,1590104,1,1233,0,0,0,1,0,290,0,0
1790893527,49472588,103068684288,0,0,0,0,0,0,0,1596749,1,1233,0,0,0,1,0,290,0,0
1790893528,49486192,103066845184,0,0,0,0,0,0,0,1596749,1,1233,0,0,0,1,0,290,0,0
1790893529,49483876,103074635776,0,0,0,0,0,0,0,1603256,1,1233,0,0,0,1,0,290,0,0
1790893530,49497376,103076356096,0,0,0,0,0,0,0,1603256,1,1233,0,0,0,1,0,290,0,0
1790893531,49508748,103062712320,0,0,0,0,0,0,0,1609819,1,1233,0,0,0,1,0,290,0,0
1790893532,49534528,103069786112,0,0,0,0,0,0,0,1609819,1,1233,0,0,0,1,0,290,0,0
1790893533,49549476,103060914176,0,0,0,0,0,0,0,1616378,1,1233,0,0,0,1,0,290,0,0
1790893534,49571492,103048437760,0,0,0,0,0,0,0,1616378,1,1233,0,0,0,1,0,290,0,0
1790893535,49591460,103066832896,0,0,0,0,0,0,0,1622952,1,1233,0,0,0,1,0,290,0,0
1790893536,49594036,103074807808,0,0,0,0,0,0,0,1622952,1,1233,0,0,0,1,0,290,0,0
1790893537,49579408,103070470144,0,0,0,0,0,0,0,1629560,1,1233,0,0,0,1,0,290,0,0
1790893538,49574272,103057952768,0,0,0,0,0,0,0,1629560,1,1233,0,0,0,1,0,290,0,0
1790893539,49566416,103078137856,0,0,0,0,0,0,0,1636102,1,1233,0,0,0,1,0,290,0,0
1790893540,49560236,103069487104,0,0,0,0,0,0,0,1636102,1,1233,0,0,0,1,0,290,0,0
1790893541,49559424,103070199808,0,0,0,0,0,0,0,1642574,1,1233,0,0,0,1,0,290,0,0
1790893542,49534784,103061491712,0,0,0,0,0,0,0,1642574,1,1233,0,0,0,1,0,290,0,0
1790893543,49527856,103071678464,0,0,0,0,0,0,0,1649134,1,1233,0,0,0,1,0,290,0,0
1790893544,49515512,103052443648,0,0,0,0,0,0,0,1649134,1,1233,0,0,0,1,0,290,0,0
1790893545,49490132,103071191040,0,0,0,0,0,0,0,1655707,1,1233,0,0,0,1,0,290,0,0
1790893546,49481424,103073767424,0,0,0,0,0,0,0,1655707,1,1233,0,0,0,1,0,290,0,0
1790893548,49479876,103071490048,0,0,0,0,0,0,0,1662118,1,1233,0,0,0,1,0,290,0,0
1790893549,49464632,103065817088,0,0,0,0,0,0,0,1662118,1,1233,0,0,0,1,0,290,0,0
1790893550,49457344,103078322176,0,0,0,0,0,0,0,1668777,1,1233,0,0,0,1,0,290,0,0
1790893551,49455716,103079145472,0,0,0,0,0,0,0,1668777,1,1233,0,0,0,1,0,290,0,0
1790893552,49438160,103073275904,0,0,0,0,0,0,0,1675341,1,1233,0,0,0,1,0,290,0,0
1790893553,49443192,103078371328,0,0,0,0,0,0,0,1675341,1,1233,0,0,0,1,0,290,0,0
1790893554,49423628,103072825344,0,0,0,0,0,0,0,1681821,1,1233,0,0,0,1,0,290,0,0
1790893555,49418984,103077060608,0,0,0,0,0,0,0,1688455,1,1233,0,0,0,1,0,290,0,0
1790893556,49408968,103068082176,0,0,0,0,0,0,0,1688455,1,1233,0,0,0,1,0,290,0,0
1790893557,49380496,103071641600,0,0,0,0,0,0,0,1694961,1,1233,0,0,0,1,0,290,0,0
1790893558,49375140,103071199232,0,0,0,0,0,0,0,1694961,1,1233,0,0,0,1,0,290,0,0
1790893559,49367316,103070900224,0,0,0,0,0,0,0,1701546,1,1233,0,0,0,1,0,290,0,0
1790893560,49348112,103064014848,0,0,0,0,0,0,0,1701546,1,1233,0,0,0,1,0,290,0,0
1790893561,49348848,103077748736,0,0,0,0,0,0,0,1708038,1,1233,0,0,0,1,0,290,0,0
1790893562,49349576,103078506496,0,0,0,0,0,0,0,1708038,1,1233,0,0,0,1,0,290,0,0
1790893563,49347796,103078850560,0,0,0,0,0,0,0,1714638,1,1233,0,0,0,1,0,290,0,0
1790893564,49331732,103078780928,0,0,0,0,0,0,0,1714638,1,1233,0,0,0,1,0,290,0,0
1790893565,49336940,103072653312,0,0,0,0,0,0,0,1721226,1,1233,0,0,0,1,0,290,0,0
1790893566,49342664,103058915328,0,0,0,0,0,0,0,1721226,1,1233,0,0,0,1,0,290,0,0
1790893567,49339984,103070707712,0,0,0,0,0,0,0,1727778,1,1233,0,0,0,1,0,290,0,0
1790893568,49336480,103066161152,0,0,0,0,0,0,0,1727778,1,1233,0,0,0,1,0,290,0,0
1790893569,49342216,103071985664,0,0,0,0,0,0,0,1734357,1,1233,0,0,0,1,0,290,0,0
1790893570,49375032,103072284672,0,0,0,0,0,0,0,1734357,1,1233,0,0,0,1,0,290,0,0
1790893571,49390752,103074775040,0,0,0,0,0,1,1,1740832,1,1233,1,0,1,1,0,290,0,0
1790893572,49393276,103073017856,0,0,0,0,0,1,1,1740832,1,1233,1,0,1,1,0,290,0,0
1790893573,49388648,103072100352,0,0,0,0,0,1,1,1747097,1,1238,1,0,1,1,0,290,0,0
1790893575,49395512,103073771520,0,0,0,0,0,1,1,1747097,1,1238,1,0,1,1,0,290,0,0
1790893576,49404788,103050641408,0,0,0,0,0,1,1,1753451,1,1246,1,0,1,1,0,290,0,0
1790893577,49416472,103078682624,0,0,0,0,0,1,1,1753451,1,1246,1,0,1,1,0,290,0,0
1790893578,49435840,103074353152,0,0,0,0,0,1,1,1759651,1,1256,1,0,1,1,0,290,0,0
1790893579,49458196,103074168832,0,0,0,0,0,1,1,1759651,1,1256,1,0,1,1,0,290,0,0
1790893580,49484848,103074791424,0,0,0,0,0,1,1,1765860,1,1265,1,0,1,1,0,290,0,0
1790893581,49524092,103073013760,0,0,0,0,0,1,1,1765860,1,1265,1,0,1,1,0,290,0,0
1790893582,49550792,103070179328,0,0,0,0,0,1,1,1772093,1,1269,1,0,1,1,0,290,0,0
1790893583,49579184,103076646912,0,0,0,0,0,1,1,1778247,1,1269,1,0,1,1,0,290,0,0
1790893584,49611480,103071334400,0,0,0,0,0,1,1,1778247,1,1269,1,0,1,1,0,290,0,0
1790893585,49634700,103075237888,0,0,0,0,0,1,1,1784420,1,1269,1,0,1,1,0,290,0,0
1790893586,49653196,103072870400,0,0,0,0,0,1,1,1784420,1,1269,1,0,1,1,0,290,0,0
1790893587,49664792,103073017856,0,0,0,0,0,1,1,1790584,1,1269,1,0,1,1,0,290,0,0
1790893588,46772608,99448614912,0,0,0,0,0,1,1,1790584,1,1269,1,0,1,1,0,290,0,0
1790893589,46771492,101609955328,0,0,0,0,0,1,1,1795307,3,1277,0,1,0,39,1,4835234028,3376762,6734477
1790893590,46511316,103071875072,0,0,0,0,0,1,1,1795307,3,1277,0,1,0,39,1,4835234028,3376762,6734477
1790893591,45980792,103039172608,0,0,0,0,0,1,1,1797936,3,1299,0,1,0,39,1,4835234028,3376762,6734477
1790893592,45201024,100695064576,0,0,0,0,0,1,1,1797936,3,1299,0,1,0,39,1,4835234028,3376762,6734477
1790893593,44254524,101291245568,0,0,0,0,0,1,1,1800810,5,1309,0,0,0,39,3,4835234028,2799190375,2802855562
1790893594,43281788,101831581696,0,0,0,0,0,1,1,1800810,5,1309,0,0,0,39,3,4835234028,2799190375,2802855562
1790893595,42361656,102354567168,0,0,0,0,0,1,1,1804306,5,1330,0,0,0,39,3,4835234028,2799190375,2802855562
1790893597,42005360,103075110912,0,0,0,0,0,1,1,1804306,5,1330,0,0,0,39,3,4835234028,2799190375,2802855562
1790893598,41803228,103069544448,0,0,0,0,0,1,1,1808156,5,1345,0,0,0,39,3,4835234028,2799190375,2802855562
1790893599,41732124,103068545024,0,0,0,0,0,1,1,1808156,5,1345,0,0,0,39,3,4835234028,2799190375,2802855562
1790893600,41749604,103056928768,0,0,0,0,0,1,1,1811944,5,1361,0,0,0,39,3,4835234028,2799190375,2802855562
1790893601,41731552,103060090880,0,0,0,0,0,1,1,1811944,5,1361,0,0,0,39,3,4835234028,2799190375,2802855562
1790893602,41538792,103061360640,0,0,0,0,0,1,1,1817462,5,1369,0,0,0,39,3,4835234028,2799190375,2802855562
1790893603,41526256,103037612032,0,0,0,0,0,1,1,1817462,5,1369,0,0,0,39,3,4835234028,2799190375,2802855562
1790893604,41548056,100008161280,0,0,0,0,0,1,1,1823358,5,1374,0,0,0,39,3,4835234028,2799190375,2802855562
1790893605,41554084,96365907968,0,0,0,0,0,1,1,1829150,8,1270,0,0,0,39,6,4835234028,10097795801,10167411756
1790893606,41563856,96609296384,0,0,0,0,0,1,1,1829150,8,1270,0,0,0,39,6,4835234028,10097795801,10167411756
1790893607,41564396,96844218368,0,0,0,0,0,1,1,1834127,8,1270,0,0,0,39,6,4835234028,10097795801,10167411756
1790893608,41533484,97076617216,0,0,0,0,0,1,1,1834127,8,1270,0,0,0,39,6,4835234028,10097795801,10167411756
1790893609,41547476,97395249152,0,0,0,0,0,1,1,1840052,8,1270,0,0,0,39,6,4835234028,10097795801,10167411756
1790893610,41558868,97710850048,0,0,0,0,0,1,1,1840052,8,1270,0,0,0,39,6,4835234028,10097795801,10167411756
1790893611,41586668,98042253312,0,0,0,0,0,1,1,1846588,8,1270,0,0,0,39,6,4835234028,10097795801,10167411756
1790893612,41608852,98366791680,0,0,0,0,0,1,1,1846588,8,1270,0,0,0,39,6,4835234028,10097795801,10167411756
1790893613,41630288,98692018176,0,0,0,0,0,1,1,1853013,8,1270,0,0,0,39,6,4835234028,10097795801,10167411756
1790893614,41650136,99015180288,0,0,0,0,0,1,1,1853013,8,1270,0,0,0,39,6,4835234028,10097795801,10167411756
1790893615,41692500,99361464320,0,0,0,0,0,1,1,1859531,8,1270,0,0,0,39,6,4835234028,10097795801,10167411756
1790893616,41735516,99709292544,0,0,0,0,0,1,1,1859531,8,1270,0,0,0,39,6,4835234028,10097795801,10167411756
1790893617,41773688,100056092672,0,0,0,0,0,1,1,1866015,8,1270,0,0,0,39,6,4835234028,10097795801,10167411756
1790893618,41804648,100390547456,0,0,0,0,0,1,1,1866015,8,1270,0,0,0,39,6,4835234028,10097795801,10167411756
1790893619,41842332,100733321216,0,0,0,0,0,1,1,1872524,8,1270,0,0,0,39,6,4835234028,10097795801,10167411756
1790893620,41881848,101075410944,0,0,0,0,0,1,1,1872524,8,1270,0,0,0,39,6,4835234028,10097795801,10167411756
1790893621,41908572,101400817664,0,0,0,0,0,1,1,1879046,8,1270,0,0,0,39,6,4835234028,10097795801,10167411756
1790893623,41945380,101748154368,0,0,0,0,0,1,1,1879046,8,1270,0,0,0,39,6,4835234028,10097795801,10167411756
1790893624,41976504,102086594560,0,0,0,0,0,1,1,1885579,8,1270,0,0,0,39,6,4835234028,10097795801,10167411756
1790893625,42001264,102417600512,0,0,0,0,0,1,1,1885579,8,1270,0,0,0,39,6,4835234028,10097795801,10167411756
1790893626,42044840,102761652224,0,0,0,0,0,1,1,1892141,8,1270,0,0,0,39,6,4835234028,10097795801,10167411756
1790893627,42070788,103073300480,0,0,0,0,0,1,1,1892141,8,1270,0,0,0,39,6,4835234028,10097795801,10167411756
1790893628,42090540,103067607040,0,0,0,0,0,1,1,1898756,8,1270,0,0,0,39,6,4835234028,10097795801,10167411756
1790893629,42115056,103068213248,0,0,0,0,0,1,1,1898756,8,1270,0,0,0,39,6,4835234028,10097795801,10167411756
1790893630,42147520,103077548032,0,0,0,0,0,1,1,1905221,8,1270,0,0,0,39,6,4835234028,10097795801,10167411756
1790893631,42148340,103059832832,0,0,0,0,0,1,1,1905221,8,1270,0,0,0,39,6,4835234028,10097795801,10167411756
1790893632,42188012,103074996224,0,0,0,0,0,1,1,1911561,8,1270,0,0,0,39,6,4835234028,10097795801,10167411756
1790893633,42193168,103068991488,0,0,0,0,0,1,1,1918001,8,1270,0,0,0,39,6,4835234028,10097795801,10167411756
1790893634,42223608,103074058240,0,0,0,0,0,1,1,1918001,8,1270,0,0,0,39,6,4835234028,10097795801,10167411756
1790893635,42246924,103067500544,0,0,0,0,0,1,1,1924094,8,1270,0,0,0,39,6,4835234028,10097795801,10167411756
1790893636,42258876,103072833536,0,0,0,0,0,1,1,1924094,8,1270,0,0,0,39,6,4835234028,10097795801,10167411756
1790893637,42252548,103076331520,0,0,0,0,0,1,1,1930551,8,1270,0,0,0,39,6,4835234028,10097795801,10167411756
1790893638,42261136,103072288768,0,0,0,0,0,1,1,1930551,8,1270,0,0,0,39,6,4835234028,10097795801,10167411756
1790893639,42278960,103071879168,0,0,0,0,0,1,1,1937002,8,1270,0,0,0,39,6,4835234028,10097795801,10167411756
1790893640,42267912,103065968640,0,0,0,0,0,1,1,1937002,8,1270,0,0,0,39,6,4835234028,10097795801,10167411756
1790893641,42273392,103058698240,0,0,0,0,0,1,1,1943335,8,1270,0,0,0,39,6,4835234028,10097795801,10167411756
1790893642,42286536,103078076416,0,0,0,0,0,1,1,1943335,8,1270,0,0,0,39,6,4835234028,10097795801,10167411756
1790893643,42281976,103072743424,0,0,0,0,0,1,1,1949814,8,1270,0,0,0,39,6,4835234028,10097795801,10167411756
1790893644,42295168,103072915456,0,0,0,0,0,1,1,1949814,8,1270,0,0,0,39,6,4835234028,10097795801,10167411756
1790893645,42310972,103077789696,0,0,0,0,0,1,1,1956283,8,1270,0,0,0,39,6,4835234028,10097795801,10167411756
1790893646,42322392,103075577856,0,0,0,0,0,1,1,1956283,8,1270,0,0,0,39,6,4835234028,10097795801,10167411756
1790893647,42338396,103079067648,0,0,0,0,0,1,1,1962757,8,1270,0,0,0,39,6,4835234028,10097795801,10167411756
1790893648,42350984,103074217984,0,0,0,0,0,1,1,1962757,8,1270,0,0,0,39,6,4835234028,10097795801,10167411756
1790893650,42365564,103059341312,0,0,0,0,0,1,1,1969210,8,1270,0,0,0,39,6,4835234028,10097795801,10167411756
1790893651,42386040,103069028352,0,0,0,0,0,1,1,1969210,8,1270,0,0,0,39,6,4835234028,10097795801,10167411756
1790893652,42399608,103076777984,0,0,0,0,0,1,1,1975689,8,1270,0,0,0,39,6,4835234028,10097795801,10167411756
1790893653,42405720,103075995648,0,0,0,0,0,1,1,1975689,8,1270,0,0,0,39,6,4835234028,10097795801,10167411756
1790893654,42419208,103073136640,0,0,0,0,0,1,1,1982218,8,1270,0,0,0,39,6,4835234028,10097795801,10167411756
1790893655,42442740,103069487104,0,0,0,0,0,1,1,1982218,8,1270,0,0,0,39,6,4835234028,10097795801,10167411756
1790893656,42466200,103072129024,0,0,0,0,0,1,1,1988709,8,1270,0,0,0,39,6,4835234028,10097795801,10167411756
1790893657,42498288,103069147136,0,0,0,0,0,1,1,1988709,8,1270,0,0,0,39,6,4835234028,10097795801,10167411756
1790893658,42518564,103077531648,0,0,0,0,0,1,1,1995074,8,1270,0,0,0,39,6,4835234028,10097795801,10167411756
1790893659,42535420,103056179200,0,0,0,0,0,1,1,1995074,8,1270,0,0,0,39,6,4835234028,10097795801,10167411756
1790893660,42560516,103078625280,0,0,0,0,0,1,1,2001533,8,1270,0,0,0,39,6,4835234028,10097795801,10167411756
1790893661,42585964,103049015296,0,0,0,0,0,1,1,2007980,8,1270,0,0,0,39,6,4835234028,10097795801,10167411756
1790893662,42603164,103076364288,0,0,0,0,0,1,1,2007980,8,1270,0,0,0,39,6,4835234028,10097795801,10167411756
1790893663,42614220,103067037696,0,0,0,0,0,1,1,2014458,8,1270,0,0,0,39,6,4835234028,10097795801,10167411756
1790893664,42643576,103079157760,0,0,0,0,0,1,1,2014458,8,1270,0,0,0,39,6,4835234028,10097795801,10167411756
1790893665,42643552,103058677760,0,0,0,0,0,1,1,2020901,8,1270,0,0,0,39,6,4835234028,10097795801,10167411756
1790893666,42656756,103071383552,0,0,0,0,0,1,1,2020901,8,1270,0,0,0,39,6,4835234028,10097795801,10167411756
1790893667,42642284,103079088128,0,0,0,0,0,1,1,2027253,8,1270,0,0,0,39,6,4835234028,10097795801,10167411756
1790893668,42653692,103052251136,0,0,0,0,0,1,1,2027253,8,1270,0,0,0,39,6,4835234028,10097795801,10167411756
1790893669,42671620,103072620544,0,0,0,0,0,1,1,2033718,8,1270,0,0,0,39,6,4835234028,10097795801,10167411756
1790893670,42688568,103066087424,0,0,0,0,0,1,1,2033718,8,1270,0,0,0,39,6,4835234028,10097795801,10167411756
1790893671,42684512,103070883840,0,0,0,0,0,1,1,2040104,8,1270,0,0,0,39,6,4835234028,10097795801,10167411756
1790893672,42693980,103068413952,0,0,0,0,0,1,1,2040104,8,1270,0,0,0,39,6,4835234028,10097795801,10167411756
1790893673,42688156,103062310912,0,0,0,0,0,1,1,2046534,8,1270,0,0,0,39,6,4835234028,10097795801,10167411756
1790893674,42689004,103078727680,0,0,0,0,0,1,1,2046534,8,1270,0,0,0,39,6,4835234028,10097795801,10167411756
1790893675,42682360,103072849920,0,0,0,0,0,1,1,2053011,8,1270,0,0,0,39,6,4835234028,10097795801,10167411756
1790893677,42677596,103077105664,0,0,0,0,0,1,1,2053011,8,1270,0,0,0,39,6,4835234028,10097795801,10167411756
1790893678,42683032,103074082816,0,0,0,0,0,1,1,2059472,8,1270,0,0,0,39,6,4835234028,10097795801,10167411756
1790893679,42690296,103069220864,0,0,0,0,0,1,1,2059472,8,1270,0,0,0,39,6,4835234028,10097795801,10167411756
1790893680,42691296,103061204992,0,0,0,0,0,1,1,2065948,8,1270,0,0,0,39,6,4835234028,10097795801,10167411756
1790893681,42693732,103076753408,0,0,0,0,0,1,1,2065948,8,1270,0,0,0,39,6,4835234028,10097795801,10167411756
1790893682,42687336,103076888576,0,0,0,0,0,1,1,2072455,8,1270,0,0,0,39,6,4835234028,10097795801,10167411756
1790893683,42695104,103076364288,0,0,0,0,0,1,1,2072455,8,1270,0,0,0,39,6,4835234028,10097795801,10167411756
1790893684,42674432,103061536768,0,0,0,0,0,1,1,2078879,8,1270,0,0,0,39,6,4835234028,10097795801,10167411756
1790893685,42668788,103079026688,0,0,0,0,0,1,1,2078879,8,1270,0,0,0,39,6,4835234028,10097795801,10167411756
1790893686,42686396,103066513408,0,0,0,0,0,1,1,2085355,8,1270,0,0,0,39,6,4835234028,10097795801,10167411756
1790893687,42708168,103059816448,0,0,0,0,0,1,1,2085355,8,1270,0,0,0,39,6,4835234028,10097795801,10167411756
1790893688,42732284,103070183424,0,0,0,0,0,1,1,2091831,8,1270,0,0,0,39,6,4835234028,10097795801,10167411756
1790893689,42746180,103078662144,0,0,0,0,0,1,1,2098360,8,1270,0,0,0,39,6,4835234028,10097795801,10167411756
1790893690,42766640,103077081088,0,0,0,0,0,1,1,2098360,8,1270,0,0,0,39,6,4835234028,10097795801,10167411756
1790893691,42792380,103070793728,0,0,0,0,0,1,1,2104814,8,1270,0,0,0,39,6,4835234028,10097795801,10167411756
1790893692,42807056,103068725248,0,0,0,0,0,1,1,2104814,8,1270,0,0,0,39,6,4835234028,10097795801,10167411756
1790893693,42821880,103073566720,0,0,0,0,0,1,1,2111315,8,1270,0,0,0,39,6,4835234028,10097795801,10167411756
1790893694,42841772,103066882048,0,0,0,0,0,1,1,2111315,8,1270,0,0,0,39,6,4835234028,10097795801,10167411756
1790893695,42856924,103079022592,0,0,0,0,0,1,1,2117753,8,1270,0,0,0,39,6,4835234028,10097795801,10167411756
1790893696,42876112,103065841664,0,0,0,0,0,1,1,2117753,8,1270,0,0,0,39,6,4835234028,10097795801,10167411756
1790893697,42898668,103070191616,0,0,0,0,0,1,1,2124187,8,1270,0,0,0,39,6,4835234028,10097795801,10167411756
1790893698,42927628,103077965824,0,0,0,0,0,1,1,2124187,8,1270,0,0,0,39,6,4835234028,10097795801,10167411756
1790893699,42946684,103079137280,0,0,0,0,0,1,1,2130660,8,1270,0,0,0,39,6,4835234028,10097795801,10167411756
1790893700,42967432,103075602432,0,0,0,0,0,1,1,2130660,8,1270,0,0,0,39,6,4835234028,10097795801,10167411756
1790893701,42994280,103066603520,0,0,0,0,0,1,1,2137107,8,1270,0,0,0,39,6,4835234028,10097795801,10167411756
1790893702,43014716,103070609408,0,0,0,0,0,1,1,2137107,8,1270,0,0,0,39,6,4835234028,10097795801,10167411756
1790893704,43055620,103074623488,0,0,0,0,0,1,1,2143563,8,1270,0,0,0,39,6,4835234028,10097795801,10167411756
1790893705,43098528,103072296960,0,0,0,0,0,1,1,2143563,8,1270,0,0,0,39,6,4835234028,10097795801,10167411756
1790893706,43147492,103072931840,0,0,0,0,0,1,1,2150062,8,1270,0,0,0,39,6,4835234028,10097795801,10167411756
1790893707,43187972,103065067520,0,0,0,0,0,1,1,2150062,8,1270,0,0,0,39,6,4835234028,10097795801,10167411756
1790893708,43234208,103057244160,0,0,0,0,0,1,1,2156468,8,1270,0,0,0,39,6,4835234028,10097795801,10167411756
1790893709,43269216,103067578368,0,0,0,0,0,1,1,2156468,8,1270,0,0,0,39,6,4835234028,10097795801,10167411756
1790893710,43309844,103070613504,0,0,0,0,0,1,1,2162921,8,1270,0,0,0,39,6,4835234028,10097795801,10167411756
1790893711,43352524,103072305152,0,0,0,0,0,1,1,2162921,8,1270,0,0,0,39,6,4835234028,10097795801,10167411756
1790893712,43399252,103079137280,0,0,0,0,0,1,1,2169344,8,1270,0,0,0,39,6,4835234028,10097795801,10167411756
1790893713,43440528,103070334976,0,0,0,0,0,1,1,2169344,8,1270,0,0,0,39,6,4835234028,10097795801,10167411756
1790893714,43483328,103075389440,0,0,0,0,0,1,1,2175846,8,1270,0,0,0,39,6,4835234028,10097795801,10167411756
1790893715,43524776,103061057536,0,0,0,0,0,1,1,2175846,8,1270,0,0,0,39,6,4835234028,10097795801,10167411756
1790893716,43561844,103079100416,0,0,0,0,0,1,1,2182265,8,1270,0,0,0,39,6,4835234028,10097795801,10167411756
1790893717,43597620,103066304512,0,0,0,0,0,1,1,2188704,8,1270,0,0,0,39,6,4835234028,10097795801,10167411756
1790893718,43639564,103073288192,0,0,0,0,0,1,1,2188704,8,1270,0,0,0,39,6,4835234028,10097795801,10167411756
1790893719,43673980,103068983296,0,0,0,0,0,1,1,2195145,8,1270,0,0,0,39,6,4835234028,10097795801,10167411756
1790893720,43707744,103056793600,0,0,0,0,0,1,1,2195145,8,1270,0,0,0,39,6,4835234028,10097795801,10167411756
1790893721,43750672,103068090368,0,0,0,0,0,1,1,2201663,8,1270,0,0,0,39,6,4835234028,10097795801,10167411756
1790893722,43788800,103070076928,0,0,0,0,0,1,1,2201663,8,1270,0,0,0,39,6,4835234028,10097795801,10167411756
1790893723,43827764,103077158912,0,0,0,0,0,1,1,2208206,8,1270,0,0,0,39,6,4835234028,10097795801,10167411756
1790893724,43863652,103078379520,0,0,0,0,0,1,1,2208206,8,1270,0,0,0,39,6,4835234028,10097795801,10167411756
1790893725,43905940,103072231424,0,0,0,0,0,1,1,2214666,8,1270,0,0,0,39,6,4835234028,10097795801,10167411756
1790893726,43936068,103078260736,0,0,0,0,0,1,1,2214666,8,1270,0,0,0,39,6,4835234028,10097795801,10167411756
1790893727,43974436,103075467264,0,0,0,0,0,1,1,2221177,8,1270,0,0,0,39,6,4835234028,10097795801,10167411756
1790893728,44012896,103075676160,0,0,0,0,0,1,1,2221177,8,1270,0,0,0,39,6,4835234028,10097795801,10167411756
1790893730,44049496,103056003072,0,0,0,0,0,1,1,2227738,8,1270,0,0,0,39,6,4835234028,10097795801,10167411756
1790893731,44083096,103078854656,0,0,0,0,0,1,1,2227738,8,1270,0,0,0,39,6,4835234028,10097795801,10167411756
1790893732,44117808,103069401088,0,0,0,0,0,1,1,2234272,8,1270,0,0,0,39,6,4835234028,10097795801,10167411756
1790893733,44154636,103078907904,0,0,0,0,0,1,1,2234272,8,1270,0,0,0,39,6,4835234028,10097795801,10167411756
1790893734,44181212,103053381632,0,0,0,0,0,1,1,2240771,8,1270,0,0,0,39,6,4835234028,10097795801,10167411756
1790893735,44219036,103079030784,0,0,0,0,0,1,1,2240771,8,1270,0,0,0,39,6,4835234028,10097795801,10167411756
1790893736,44257088,103070572544,0,0,0,0,0,1,1,2247285,8,1270,0,0,0,39,6,4835234028,10097795801,10167411756
1790893737,44300824,103062114304,0,0,0,0,0,1,1,2247285,8,1270,0,0,0,39,6,4835234028,10097795801,10167411756
1790893738,44343968,103079063552,0,0,0,0,0,1,1,2253697,8,1270,0,0,0,39,6,4835234028,10097795801,10167411756
1790893739,44385872,103059222528,0,0,0,0,0,1,1,2253697,8,1270,0,0,0,39,6,4835234028,10097795801,10167411756
1790893740,44416520,103077081088,0,0,0,0,0,1,1,2260241,8,1270,0,0,0,39,6,4835234028,10097795801,10167411756
1790893741,44446112,103069212672,0,0,0,0,0,1,1,2260241,8,1270,0,0,0,39,6,4835234028,10097795801,10167411756
1790893742,44471708,103059206144,0,0,0,0,0,1,1,2266734,8,1270,0,0,0,39,6,4835234028,10097795801,10167411756
1790893743,44501520,103072079872,0,0,0,0,0,1,1,2266734,8,1270,0,0,0,39,6,4835234028,10097795801,10167411756
1790893744,44532152,103062183936,0,0,0,0,0,1,1,2273232,8,1270,0,0,0,39,6,4835234028,10097795801,10167411756
1790893745,44563268,103071842304,0,0,0,0,0,1,1,2279742,8,1270,0,0,0,39,6,4835234028,10097795801,10167411756
1790893746,44593824,103076052992,0,0,0,0,0,1,1,2279742,8,1270,0,0,0,39,6,4835234028,10097795801,10167411756
1790893747,44623420,103068680192,0,0,0,0,0,1,1,2286230,8,1270,0,0,0,39,6,4835234028,10097795801,10167411756
1790893748,44658256,103078948864,0,0,0,0,0,1,1,2286230,8,1270,0,0,0,39,6,4835234028,10097795801,10167411756
1790893749,44697740,103065890816,0,0,0,0,0,1,1,2292671,8,1270,0,0,0,39,6,4835234028,10097795801,10167411756
1790893750,44731760,103077019648,0,0,0,0,0,1,1,2292671,8,1270,0,0,0,39,6,4835234028,10097795801,10167411756
1790893751,44767768,103079030784,0,0,0,0,0,1,1,2299151,8,1270,0,0,0,39,6,4835234028,10097795801,10167411756
1790893752,44806784,103073595392,0,0,0,0,0,1,1,2299151,8,1270,0,0,0,39,6,4835234028,10097795801,10167411756
1790893753,44835644,103078666240,0,0,0,0,0,1,1,2305590,8,1270,0,0,0,39,6,4835234028,10097795801,10167411756
1790893754,44868372,103077330944,0,0,0,0,0,1,1,2305590,8,1270,0,0,0,39,6,4835234028,10097795801,10167411756
1790893755,44892656,103074222080,0,0,0,0,0,1,1,2312054,8,1270,0,0,0,39,6,4835234028,10097795801,10167411756
1790893757,44920060,103066152960,0,0,0,0,0,1,1,2312054,8,1270,0,0,0,39,6,4835234028,10097795801,10167411756
1790893758,44938988,103061585920,0,0,0,0,0,1,1,2318613,8,1270,0,0,0,39,6,4835234028,10097795801,10167411756
1790893759,44964744,103074807808,0,0,0,0,0,1,1,2318613,8,1270,0,0,0,39,6,4835234028,10097795801,10167411756
1790893760,44977120,103079079936,0,0,0,0,0,1,1,2325164,8,1270,0,0,0,39,6,4835234028,10097795801,10167411756
1790893761,44997964,103077871616,0,0,0,0,0,1,1,2325164,8,1270,0,0,0,39,6,4835234028,10097795801,10167411756
1790893762,45008860,103073550336,0,0,0,0,0,1,1,2331638,8,1270,0,0,0,39,6,4835234028,10097795801,10167411756
1790893763,45028944,103072198656,0,0,0,0,0,1,1,2331638,8,1270,0,0,0,39,6,4835234028,10097795801,10167411756
1790893764,45050584,103078191104,0,0,0,0,0,1,1,2338227,8,1270,0,0,0,39,6,4835234028,10097795801,10167411756
1790893765,45063764,103077109760,0,0,0,0,0,1,1,2338227,8,1270,0,0,0,39,6,4835234028,10097795801,10167411756
1790893766,45071472,103061630976,0,0,0,0,0,1,1,2344693,8,1270,0,0,0,39,6,4835234028,10097795801,10167411756
1790893767,45075548,103076511744,0,0,0,0,0,1,1,2344693,8,1270,0,0,0,39,6,4835234028,10097795801,10167411756
1790893768,45076708,103070670848,0,0,0,0,0,1,1,2351222,8,1270,0,0,0,39,6,4835234028,10097795801,10167411756
1790893769,45079408,103073984512,0,0,0,0,0,1,1,2351222,8,1270,0,0,0,39,6,4835234028,10097795801,10167411756
1790893770,45083968,103076597760,0,0,0,0,0,1,1,2357736,8,1270,0,0,0,39,6,4835234028,10097795801,10167411756
1790893771,45092084,103056871424,0,0,0,0,0,1,1,2357736,8,1270,0,0,0,39,6,4835234028,10097795801,10167411756
1790893772,45117364,103066906624,0,0,0,0,0,1,1,2364353,8,1270,0,0,0,39,6,4835234028,10097795801,10167411756
1790893773,45143040,103077634048,0,0,0,0,0,1,1,2370826,8,1270,0,0,0,39,6,4835234028,10097795801,10167411756
1790893774,45163484,103068524544,0,0,0,0,0,1,1,2370826,8,1270,0,0,0,39,6,4835234028,10097795801,10167411756
1790893775,45178412,103079153664,0,0,0,0,0,1,1,2377333,8,1270,0,0,0,39,6,4835234028,10097795801,10167411756
1790893776,45205736,103075303424,0,0,0,0,0,1,1,2377333,8,1270,0,0,0,39,6,4835234028,10097795801,10167411756
1790893777,45217100,103079165952,0,0,0,0,0,1,1,2383833,8,1270,0,0,0,39,6,4835234028,10097795801,10167411756
1790893778,45230668,103065849856,0,0,0,0,0,1,1,2383833,8,1270,0,0,0,39,6,4835234028,10097795801,10167411756
1790893779,45244276,103075196928,0,0,0,0,0,1,1,2390320,8,1270,0,0,0,39,6,4835234028,10097795801,10167411756
1790893780,45248088,103072038912,0,0,0,0,0,1,1,2390320,8,1270,0,0,0,39,6,4835234028,10097795801,10167411756
1790893781,45258840,103067201536,0,0,0,0,0,1,1,2396788,8,1270,0,0,0,39,6,4835234028,10097795801,10167411756
1790893782,45267012,103070580736,0,0,0,0,0,1,1,2396788,8,1270,0,0,0,39,6,4835234028,10097795801,10167411756
1790893784,45271424,103077273600,0,0,0,0,0,1,1,2403371,8,1270,0,0,0,39,6,4835234028,10097795801,10167411756
1790893785,45271844,103073460224,0,0,0,0,0,1,1,2403371,8,1270,0,0,0,39,6,4835234028,10097795801,10167411756
1790893786,45274016,103069986816,0,0,0,0,0,1,1,2409834,8,1270,0,0,0,39,6,4835234028,10097795801,10167411756
1790893787,45270872,103073476608,0,0,0,0,0,1,1,2409834,8,1270,0,0,0,39,6,4835234028,10097795801,10167411756
1790893788,45274868,103077081088,0,0,0,0,0,1,1,2416295,8,1270,0,0,0,39,6,4835234028,10097795801,10167411756
1790893789,45253128,103075745792,0,0,0,0,0,1,1,2416295,8,1270,0,0,0,39,6,4835234028,10097795801,10167411756
1790893790,45253112,103069614080,0,0,0,0,0,1,1,2422876,8,1270,0,0,0,39,6,4835234028,10097795801,10167411756
1790893791,45257200,103070375936,0,0,0,0,0,1,1,2422876,8,1270,0,0,0,39,6,4835234028,10097795801,10167411756
1790893792,45218212,103056441344,0,0,0,0,0,1,1,2429416,8,1270,0,0,0,39,6,4835234028,10097795801,10167411756
1790893793,45213112,103068221440,0,0,0,0,0,1,1,2429416,8,1270,0,0,0,39,6,4835234028,10097795801,10167411756
1790893794,45226024,103073644544,0,0,0,0,0,1,1,2435904,8,1270,0,0,0,39,6,4835234028,10097795801,10167411756
1790893795,45232836,103070416896,0,0,0,0,0,1,1,2435904,8,1270,0,0,0,39,6,4835234028,10097795801,10167411756
1790893796,45239860,103079137280,0,0,0,0,0,1,1,2442419,8,1270,0,0,0,39,6,4835234028,10097795801,10167411756
1790893797,45245736,103068430336,0,0,0,0,0,1,1,2442419,8,1270,0,0,0,39,6,4835234028,10097795801,10167411756
1790893798,45248176,103059873792,0,0,0,0,0,1,1,2448996,8,1270,0,0,0,39,6,4835234028,10097795801,10167411756
1790893799,45272516,103069777920,0,0,0,0,0,1,1,2448996,8,1270,0,0,0,39,6,4835234028,10097795801,10167411756
1790893800,45283192,103073955840,0,0,0,0,0,1,1,2455583,8,1270,0,0,0,39,6,4835234028,10097795801,10167411756
1790893801,45288800,103069667328,0,0,0,0,0,1,1,2462147,8,1270,0,0,0,39,6,4835234028,10097795801,10167411756
1790893802,45292612,103069011968,0,0,0,0,0,1,1,2462147,8,1270,0,0,0,39,6,4835234028,10097795801,10167411756
1790893803,45304824,103061458944,0,0,0,0,0,1,1,2468738,8,1270,0,0,0,39,6,4835234028,10097795801,10167411756
1790893804,45315472,103045341184,0,0,0,0,0,1,1,2468738,8,1270,0,0,0,39,6,4835234028,10097795801,10167411756
1790893805,45324348,103076687872,0,0,0,0,0,1,1,2475320,8,1270,0,0,0,39,6,4835234028,10097795801,10167411756
1790893806,45336616,103062589440,0,0,0,0,0,1,1,2475320,8,1270,0,0,0,39,6,4835234028,10097795801,10167411756
1790893807,45338700,103055831040,0,0,0,0,0,1,1,2481818,8,1270,0,0,0,39,6,4835234028,10097795801,10167411756
1790893808,45361388,103072976896,0,0,0,0,0,1,1,2481818,8,1270,0,0,0,39,6,4835234028,10097795801,10167411756
1790893809,45364296,103072309248,0,0,0,0,0,1,1,2488306,8,1270,0,0,0,39,6,4835234028,10097795801,10167411756
1790893811,45397748,103067533312,0,0,0,0,0,1,1,2488306,8,1270,0,0,0,39,6,4835234028,10097795801,10167411756
1790893812,45421508,103072464896,0,0,0,0,0,1,1,2494822,8,1270,0,0,0,39,6,4835234028,10097795801,10167411756
1790893813,45445444,103060185088,0,0,0,0,0,1,1,2494822,8,1270,0,0,0,39,6,4835234028,10097795801,10167411756
1790893814,45485060,103074189312,0,0,0,0,0,1,1,2501314,8,1270,0,0,0,39,6,4835234028,10097795801,10167411756
1790893815,45496540,103074082816,0,0,0,0,0,1,1,2501314,8,1270,0,0,0,39,6,4835234028,10097795801,10167411756
1790893816,45522596,103072186368,0,0,0,0,0,1,1,2507866,8,1270,0,0,0,39,6,4835234028,10097795801,10167411756
1790893817,45543488,103062351872,0,0,0,0,0,1,1,2507866,8,1270,0,0,0,39,6,4835234028,10097795801,10167411756
1790893818,45565560,103078187008,0,0,0,0,0,1,1,2514388,8,1270,0,0,0,39,6,4835234028,10097795801,10167411756
1790893819,45574336,103073697792,0,0,0,0,0,1,1,2514388,8,1270,0,0,0,39,6,4835234028,10097795801,10167411756
1790893820,45599372,103076732928,0,0,0,0,0,1,1,2520922,8,1270,0,0,0,39,6,4835234028,10097795801,10167411756
1790893821,45619228,103075303424,0,0,0,0,0,1,1,2520922,8,1270,0,0,0,39,6,4835234028,10097795801,10167411756
1790893822,45647744,103067590656,0,0,0,0,0,1,1,2527408,8,1270,0,0,0,39,6,4835234028,10097795801,10167411756
1790893823,45679972,103076175872,0,0,0,0,0,1,1,2527408,8,1270,0,0,0,39,6,4835234028,10097795801,10167411756
1790893824,45672436,103050326016,0,0,0,0,0,1,1,2533887,8,1270,0,0,0,39,6,4835234028,10097795801,10167411756
1790893825,45698480,103071600640,0,0,0,0,0,1,1,2533887,8,1270,0,0,0,39,6,4835234028,10097795801,10167411756
1790893826,45721608,103069405184,0,0,0,0,0,1,1,2540455,8,1270,0,0,0,39,6,4835234028,10097795801,10167411756
1790893827,45755972,103077535744,0,0,0,0,0,1,1,2540455,8,1270,0,0,0,39,6,4835234028,10097795801,10167411756
1790893828,45795848,103072161792,0,0,0,0,0,1,1,2547051,8,1270,0,0,0,39,6,4835234028,10097795801,10167411756
1790893829,45850664,103057301504,0,0,0,0,0,1,1,2553459,8,1270,0,0,0,39,6,4835234028,10097795801,10167411756
1790893830,45880680,103074762752,0,0,0,0,0,1,1,2553459,8,1270,0,0,0,39,6,4835234028,10097795801,10167411756
1790893831,45924208,103077621760,0,0,0,0,0,1,1,2559935,8,1270,0,0,0,39,6,4835234028,10097795801,10167411756
1790893832,45976928,103076933632,0,0,0,0,0,1,1,2559935,8,1270,0,0,0,39,6,4835234028,10097795801,10167411756
1790893833,46017960,103070093312,0,0,0,0,0,1,1,2566461,8,1270,0,0,0,39,6,4835234028,10097795801,10167411756
1790893834,46051316,103069548544,0,0,0,0,0,1,1,2566461,8,1270,0,0,0,39,6,4835234028,10097795801,10167411756
1790893835,46093144,103068950528,0,0,0,0,0,1,1,2572912,8,1270,0,0,0,39,6,4835234028,10097795801,10167411756
1790893836,46117084,103069175808,0,0,0,0,0,1,1,2572912,8,1270,0,0,0,39,6,4835234028,10097795801,10167411756
1790893838,46148848,103045619712,0,0,0,0,0,1,1,2579381,8,1270,0,0,0,39,6,4835234028,10097795801,10167411756
1790893839,46187296,103069925376,0,0,0,0,0,1,1,2579381,8,1270,0,0,0,39,6,4835234028,10097795801,10167411756
1790893840,46213272,103074856960,0,0,0,0,0,1,1,2585908,8,1270,0,0,0,39,6,4835234028,10097795801,10167411756
1790893841,46261660,103073427456,0,0,0,0,0,1,1,2585908,8,1270,0,0,0,39,6,4835234028,10097795801,10167411756
1790893842,46298504,103069560832,0,0,0,0,0,1,1,2592344,8,1270,0,0,0,39,6,4835234028,10097795801,10167411756
1790893843,46347012,103072993280,0,0,0,0,0,1,1,2592344,8,1270,0,0,0,39,6,4835234028,10097795801,10167411756
1790893844,46379488,103071670272,0,0,0,0,0,1,1,2598821,8,1270,0,0,0,39,6,4835234028,10097795801,10167411756
1790893845,46428144,103068995584,0,0,0,0,0,1,1,2598821,8,1270,0,0,0,39,6,4835234028,10097795801,10167411756
1790893846,46461124,103072555008,0,0,0,0,0,1,1,2605167,8,1270,0,0,0,39,6,4835234028,10097795801,10167411756
1790893847,46493696,103059861504,0,0,0,0,0,1,1,2605167,8,1270,0,0,0,39,6,4835234028,10097795801,10167411756
1790893848,46505272,103071715328,0,0,0,0,0,1,1,2611594,8,1270,0,0,0,39,6,4835234028,10097795801,10167411756
1790893849,46546384,103069659136,0,0,0,0,0,1,1,2611594,8,1270,0,0,0,39,6,4835234028,10097795801,10167411756
1790893850,46585716,103076286464,0,0,0,0,0,1,1,2618080,8,1270,0,0,0,39,6,4835234028,10097795801,10167411756
1790893851,46621544,103067684864,0,0,0,0,0,1,1,2618080,8,1270,0,0,0,39,6,4835234028,10097795801,10167411756
1790893852,46646592,103072485376,0,0,0,0,0,1,1,2624504,8,1270,0,0,0,39,6,4835234028,10097795801,10167411756
1790893853,46678508,103075368960,0,0,0,0,0,1,1,2624504,8,1270,0,0,0,39,6,4835234028,10097795801,10167411756
1790893854,46706876,103070429184,0,0,0,0,0,1,1,2630916,8,1270,0,0,0,39,6,4835234028,10097795801,10167411756
1790893855,46735000,103073120256,0,0,0,0,0,1,1,2630916,8,1270,0,0,0,39,6,4835234028,10097795801,10167411756
1790893856,46769272,103063519232,0,0,0,0,0,1,1,2637363,8,1270,0,0,0,39,6,4835234028,10097795801,10167411756
1790893857,46809648,103071346688,0,0,0,0,0,1,1,2643715,8,1270,0,0,0,39,6,4835234028,10097795801,10167411756
1790893858,46848360,103068958720,0,0,0,0,0,1,1,2643715,8,1270,0,0,0,39,6,4835234028,10097795801,10167411756
1790893859,46884260,103061221376,0,0,0,0,0,1,1,2650161,8,1270,0,0,0,39,6,4835234028,10097795801,10167411756
1790893860,46899020,103061553152,0,0,0,0,0,1,1,2650161,8,1270,0,0,0,39,6,4835234028,10097795801,10167411756
1790893861,46905924,103077494784,0,0,0,0,0,1,1,2656664,8,1270,0,0,0,39,6,4835234028,10097795801,10167411756
1790893862,46932512,103072370688,0,0,0,0,0,1,1,2656664,8,1270,0,0,0,39,6,4835234028,10097795801,10167411756
1790893863,46995976,103066214400,0,0,0,0,0,1,1,2663180,8,1270,0,0,0,39,6,4835234028,10097795801,10167411756
1790893865,47001384,103073767424,0,0,0,0,0,1,1,2663180,8,1270,0,0,0,39,6,4835234028,10097795801,10167411756
1790893866,47053144,103077953536,0,0,0,0,0,1,1,2669667,8,1270,0,0,0,39,6,4835234028,10097795801,10167411756
1790893867,47081924,103072591872,0,0,0,0,0,1,1,2669667,8,1270,0,0,0,39,6,4835234028,10097795801,10167411756
1790893868,47129208,103075508224,0,0,0,0,0,1,1,2676212,8,1270,0,0,0,39,6,4835234028,10097795801,10167411756
1790893869,47165260,103060746240,0,0,0,0,0,1,1,2676212,8,1270,0,0,0,39,6,4835234028,10097795801,10167411756
1790893870,47208856,103067516928,0,0,0,0,0,1,1,2682833,8,1270,0,0,0,39,6,4835234028,10097795801,10167411756
1790893871,47253840,103075774464,0,0,0,0,0,1,1,2682833,8,1270,0,0,0,39,6,4835234028,10097795801,10167411756
1790893872,47285368,103075622912,0,0,0,0,0,1,1,2689337,8,1270,0,0,0,39,6,4835234028,10097795801,10167411756
1790893873,47326188,103075749888,0,0,0,0,0,1,1,2689337,8,1270,0,0,0,39,6,4835234028,10097795801,10167411756
1790893874,47362420,103076196352,0,0,0,0,0,1,1,2695838,8,1270,0,0,0,39,6,4835234028,10097795801,10167411756
1790893875,47404004,103071784960,0,0,0,0,0,1,1,2695838,8,1270,0,0,0,39,6,4835234028,10097795801,10167411756
1790893876,47451840,103063023616,0,0,0,0,0,1,1,2702232,8,1270,0,0,0,39,6,4835234028,10097795801,10167411756
1790893877,47472596,103070932992,0,0,0,0,0,1,1,2702232,8,1270,0,0,0,39,6,4835234028,10097795801,10167411756
1790893878,47512516,103049859072,0,0,0,0,0,1,1,2708677,8,1270,0,0,0,39,6,4835234028,10097795801,10167411756
1790893879,47548256,103076532224,0,0,0,0,0,1,1,2708677,8,1270,0,0,0,39,6,4835234028,10097795801,10167411756
1790893880,47573508,103075303424,0,0,0,0,0,1,1,2715159,8,1270,0,0,0,39,6,4835234028,10097795801,10167411756
1790893881,47610588,103070703616,0,0,0,0,0,1,1,2715159,8,1270,0,0,0,39,6,4835234028,10097795801,10167411756
1790893882,47640188,103079006208,0,0,0,0,0,1,1,2721717,8,1270,0,0,0,39,6,4835234028,10097795801,10167411756
1790893883,47666488,103073308672,0,0,0,0,0,1,1,2721717,8,1270,0,0,0,39,6,4835234028,10097795801,10167411756
1790893884,47711724,103065382912,0,0,0,0,0,1,1,2728136,8,1270,0,0,0,39,6,4835234028,10097795801,10167411756
1790893885,47703504,103061598208,0,0,0,0,0,1,1,2734638,8,1270,0,0,0,39,6,4835234028,10097795801,10167411756
1790893886,47731540,103079137280,0,0,0,0,0,1,1,2734638,8,1270,0,0,0,39,6,4835234028,10097795801,10167411756
1790893887,47750032,103078445056,0,0,0,0,0,1,1,2741167,8,1270,0,0,0,39,6,4835234028,10097795801,10167411756
1790893888,47774224,103060828160,0,0,0,0,0,1,1,2741167,8,1270,0,0,0,39,6,4835234028,10097795801,10167411756
1790893889,47800224,103062867968,0,0,0,0,0,1,1,2747695,8,1270,0,0,0,39,6,4835234028,10097795801,10167411756
1790893890,47815928,103079084032,0,0,0,0,0,1,1,2747695,8,1270,0,0,0,39,6,4835234028,10097795801,10167411756
1790893892,47840260,103076429824,0,0,0,0,0,1,1,2754165,8,1270,0,0,0,39,6,4835234028,10097795801,10167411756
1790893893,47867304,103050571776,0,0,0,0,0,1,1,2754165,8,1270,0,0,0,39,6,4835234028,10097795801,10167411756
1790893894,47897820,103073439744,0,0,0,0,0,1,1,2760854,8,1270,0,0,0,39,6,4835234028,10097795801,10167411756
1790893895,47925384,103065559040,0,0,0,0,0,1,1,2760854,8,1270,0,0,0,39,6,4835234028,10097795801,10167411756
1790893896,47951640,103069949952,0,0,0,0,0,1,1,2767356,8,1270,0,0,0,39,6,4835234028,10097795801,10167411756
1790893897,47960924,103077138432,0,0,0,0,0,1,1,2767356,8,1270,0,0,0,39,6,4835234028,10097795801,10167411756
1790893898,47982236,103063130112,0,0,0,0,0,1,1,2773878,8,1270,0,0,0,39,6,4835234028,10097795801,10167411756
1790893899,47990056,103068909568,0,0,0,0,0,1,1,2773878,8,1270,0,0,0,39,6,4835234028,10097795801,10167411756
1790893900,48015312,103070646272,0,0,0,0,0,1,1,2780556,8,1270,0,0,0,39,6,4835234028,10097795801,10167411756
1790893901,48040152,103071100928,0,0,0,0,0,1,1,2780556,8,1270,0,0,0,39,6,4835234028,10097795801,10167411756
1790893902,48058060,103056633856,0,0,0,0,0,1,1,2787082,8,1270,0,0,0,39,6,4835234028,10097795801,10167411756
1790893903,48072804,103071141888,0,0,0,0,0,1,1,2787082,8,1270,0,0,0,39,6,4835234028,10097795801,10167411756
1790893904,48095324,103070294016,0,0,0,0,0,1,1,2793606,8,1270,0,0,0,39,6,4835234028,10097795801,10167411756
1790893905,48105556,103069892608,0,0,0,0,0,1,1,2793606,8,1270,0,0,0,39,6,4835234028,10097795801,10167411756
1790893906,48131644,103075373056,0,0,0,0,0,1,1,2800156,8,1270,0,0,0,39,6,4835234028,10097795801,10167411756
1790893907,48154392,103061045248,0,0,0,0,0,1,1,2800156,8,1270,0,0,0,39,6,4835234028,10097795801,10167411756
1790893908,48177380,103076737024,0,0,0,0,0,1,1,2806692,8,1270,0,0,0,39,6,4835234028,10097795801,10167411756
1790893909,48194424,103078043648,0,0,0,0,0,1,1,2806692,8,1270,0,0,0,39,6,4835234028,10097795801,10167411756
1790893910,48208544,103070101504,0,0,0,0,0,1,1,2813090,8,1270,0,0,0,39,6,4835234028,10097795801,10167411756
1790893911,48224304,103073914880,0,0,0,0,0,1,1,2813090,8,1270,0,0,0,39,6,4835234028,10097795801,10167411756
1790893912,48241568,103056130048,0,0,0,0,0,1,1,2819616,8,1270,0,0,0,39,6,4835234028,10097795801,10167411756
1790893913,48267596,103078445056,0,0,0,0,0,1,1,2826208,8,1270,0,0,0,39,6,4835234028,10097795801,10167411756
1790893914,48267196,103070457856,0,0,0,0,0,1,1,2826208,8,1270,0,0,0,39,6,4835234028,10097795801,10167411756
1790893915,48289372,103070466048,0,0,0,0,0,1,1,2832846,8,1270,0,0,0,39,6,4835234028,10097795801,10167411756
1790893916,48319756,103076511744,0,0,0,0,0,1,1,2832846,8,1270,0,0,0,39,6,4835234028,10097795801,10167411756
1790893917,48305796,103074164736,0,0,0,0,0,1,1,2839404,8,1270,0,0,0,39,6,4835234028,10097795801,10167411756
1790893919,48311416,103064653824,0,0,0,0,0,1,1,2839404,8,1270,0,0,0,39,6,4835234028,10097795801,10167411756
1790893920,48322544,103059742720,0,0,0,0,0,1,1,2845898,8,1270,0,0,0,39,6,4835234028,10097795801,10167411756
1790893921,48336220,103063515136,0,0,0,0,0,1,1,2845898,8,1270,0,0,0,39,6,4835234028,10097795801,10167411756
1790893922,48348424,103064268800,0,0,0,0,0,1,1,2852437,8,1270,0,0,0,39,6,4835234028,10097795801,10167411756
1790893923,48361848,103071031296,0,0,0,0,0,1,1,2852437,8,1270,0,0,0,39,6,4835234028,10097795801,10167411756
1790893924,48393836,103079096320,0,0,0,0,0,1,1,2858896,8,1270,0,0,0,39,6,4835234028,10097795801,10167411756
1790893925,48421144,103072145408,0,0,0,0,0,1,1,2858896,8,1270,0,0,0,39,6,4835234028,10097795801,10167411756
1790893926,48440812,103078637568,0,0,0,0,0,1,1,2865457,8,1270,0,0,0,39,6,4835234028,10097795801,10167411756
1790893927,48468352,103075241984,0,0,0,0,0,1,1,2865457,8,1270,0,0,0,39,6,4835234028,10097795801,10167411756
1790893928,48501064,103067570176,0,0,0,0,0,1,1,2871897,8,1270,0,0,0,39,6,4835234028,10097795801,10167411756
1790893929,48545548,103061168128,0,0,0,0,0,1,1,2871897,8,1270,0,0,0,39,6,4835234028,10097795801,10167411756
1790893930,48570852,103075127296,0,0,0,0,0,1,1,2878466,8,1270,0,0,0,39,6,4835234028,10097795801,10167411756
1790893931,48595176,103062491136,0,0,0,0,0,1,1,2878466,8,1270,0,0,0,39,6,4835234028,10097795801,10167411756
1790893932,48619352,103047819264,0,0,0,0,0,1,1,2884951,8,1270,0,0,0,39,6,4835234028,10097795801,10167411756
1790893933,48658508,103064907776,0,0,0,0,0,1,1,2884951,8,1270,0,0,0,39,6,4835234028,10097795801,10167411756
1790893934,48686036,103061106688,0,0,0,0,0,1,1,2891507,8,1270,0,0,0,39,6,4835234028,10097795801,10167411756
1790893935,48703520,103071129600,0,0,0,0,0,1,1,2891507,8,1270,0,0,0,39,6,4835234028,10097795801,10167411756
1790893936,48730764,103058124800,0,0,0,0,0,1,1,2897993,8,1270,0,0,0,39,6,4835234028,10097795801,10167411756
1790893937,48744388,103074516992,0,0,0,0,0,1,1,2897993,8,1270,0,0,0,39,6,4835234028,10097795801,10167411756
1790893938,48775128,103072022528,0,0,0,0,0,1,1,2904533,8,1270,0,0,0,39,6,4835234028,10097795801,10167411756
1790893939,48805152,103070859264,0,0,0,0,0,1,1,2904533,8,1270,0,0,0,39,6,4835234028,10097795801,10167411756
1790893940,48837472,103069913088,0,0,0,0,0,1,1,2911162,8,1270,0,0,0,39,6,4835234028,10097795801,10167411756
1790893941,48852532,103075295232,0,0,0,0,0,1,1,2917573,8,1270,0,0,0,39,6,4835234028,10097795801,10167411756
1790893942,48874116,103062913024,0,0,0,0,0,1,1,2917573,8,1270,0,0,0,39,6,4835234028,10097795801,10167411756
1790893943,48904804,103077994496,0,0,0,0,0,1,1,2924117,8,1270,0,0,0,39,6,4835234028,10097795801,10167411756
1790893944,48931368,103074971648,0,0,0,0,0,1,1,2924117,8,1270,0,0,0,39,6,4835234028,10097795801,10167411756
1790893946,48969796,103068528640,0,0,0,0,0,1,1,2930592,8,1270,0,0,0,39,6,4835234028,10097795801,10167411756
1790893947,48990168,103075684352,0,0,0,0,0,1,1,2930592,8,1270,0,0,0,39,6,4835234028,10097795801,10167411756
1790893948,49022168,103079153664,0,0,0,0,0,1,1,2937099,8,1270,0,0,0,39,6,4835234028,10097795801,10167411756
1790893949,49045616,103079051264,0,0,0,0,0,1,1,2937099,8,1270,0,0,0,39,6,4835234028,10097795801,10167411756
1790893950,49080632,103077199872,0,0,0,0,0,1,1,2943493,8,1270,0,0,0,39,6,4835234028,10097795801,10167411756
1790893951,49121988,103063744512,0,0,0,0,0,1,1,2943493,8,1270,0,0,0,39,6,4835234028,10097795801,10167411756
1790893952,49144668,103065022464,0,0,0,0,0,1,1,2950033,8,1270,0,0,0,39,6,4835234028,10097795801,10167411756
1790893953,49181404,103077670912,0,0,0,0,0,1,1,2950033,8,1270,0,0,0,39,6,4835234028,10097795801,10167411756
1790893954,49226724,103068696576,0,0,0,0,0,1,1,2956636,8,1270,0,0,0,39,6,4835234028,10097795801,10167411756
1790893955,49255844,103075164160,0,0,0,0,0,1,1,2956636,8,1270,0,0,0,39,6,4835234028,10097795801,10167411756
1790893956,49273896,103060283392,0,0,0,0,0,1,1,2963117,8,1270,0,0,0,39,6,4835234028,10097795801,10167411756
1790893957,49319144,103074115584,0,0,0,0,0,1,1,2963117,8,1270,0,0,0,39,6,4835234028,10097795801,10167411756
1790893958,49355888,103069696000,0,0,0,0,0,1,1,2969633,8,1270,0,0,0,39,6,4835234028,10097795801,10167411756
1790893959,49385020,103075012608,0,0,0,0,0,1,1,2969633,8,1270,0,0,0,39,6,4835234028,10097795801,10167411756
1790893960,49422080,103076249600,0,0,0,0,0,1,1,2976194,8,1270,0,0,0,39,6,4835234028,10097795801,10167411756
1790893961,49458404,103064891392,0,0,0,0,0,1,1,2976194,8,1270,0,0,0,39,6,4835234028,10097795801,10167411756
1790893962,49478208,103079186432,0,0,0,0,0,1,1,2982690,8,1270,0,0,0,39,6,4835234028,10097795801,10167411756
1790893963,49492176,103064633344,0,0,0,0,0,1,1,2982690,8,1270,0,0,0,39,6,4835234028,10097795801,10167411756
1790893964,49513396,103074160640,0,0,0,0,0,1,1,2989195,8,1270,0,0,0,39,6,4835234028,10097795801,10167411756
1790893965,49522852,103072702464,0,0,0,0,0,1,1,2989195,8,1270,0,0,0,39,6,4835234028,10097795801,10167411756
1790893966,49531880,103074545664,0,0,0,0,0,1,1,2995740,8,1270,0,0,0,39,6,4835234028,10097795801,10167411756
1790893967,49538560,103078977536,0,0,0,0,0,1,1,2995740,8,1270,0,0,0,39,6,4835234028,10097795801,10167411756
1790893968,49554340,103059521536,0,0,0,0,0,1,1,3002144,8,1270,0,0,0,39,6,4835234028,10097795801,10167411756
1790893969,49570828,103079079936,0,0,0,0,0,1,1,3008749,8,1270,0,0,0,39,6,4835234028,10097795801,10167411756
1790893970,49578088,103061880832,0,0,0,0,0,1,1,3008749,8,1270,0,0,0,39,6,4835234028,10097795801,10167411756
1790893971,49588316,103062167552,0,0,0,0,0,1,1,3015284,8,1270,0,0,0,39,6,4835234028,10097795801,10167411756
1790893973,49591368,103078985728,0,0,0,0,0,1,1,3015284,8,1270,0,0,0,39,6,4835234028,10097795801,10167411756
1790893974,49606184,103070408704,0,0,0,0,0,1,1,3021834,8,1270,0,0,0,39,6,4835234028,10097795801,10167411756
1790893975,49611828,103062949888,0,0,0,0,0,1,1,3021834,8,1270,0,0,0,39,6,4835234028,10097795801,10167411756
1790893976,49616068,103077433344,0,0,0,0,0,1,1,3028399,8,1270,0,0,0,39,6,4835234028,10097795801,10167411756
1790893977,49599804,103064096768,0,0,0,0,0,1,1,3028399,8,1270,0,0,0,39,6,4835234028,10097795801,10167411756
1790893978,49599912,103072808960,0,0,0,0,0,1,1,3034938,8,1270,0,0,0,39,6,4835234028,10097795801,10167411756
1790893979,49607592,103071879168,0,0,0,0,0,1,1,3034938,8,1270,0,0,0,39,6,4835234028,10097795801,10167411756
1790893980,49601932,103056601088,0,0,0,0,0,1,1,3041438,8,1270,0,0,0,39,6,4835234028,10097795801,10167411756
1790893981,49609104,103073685504,0,0,0,0,0,1,1,3041438,8,1270,0,0,0,39,6,4835234028,10097795801,10167411756
1790893982,49624856,103067377664,0,0,0,0,0,1,1,3048074,8,1270,0,0,0,39,6,4835234028,10097795801,10167411756
1790893983,49630500,103048982528,0,0,0,0,0,1,1,3048074,8,1270,0,0,0,39,6,4835234028,10097795801,10167411756
1790893984,49633332,103063437312,0,0,0,0,0,1,1,3054582,8,1270,0,0,0,39,6,4835234028,10097795801,10167411756
1790893985,49628360,103079161856,0,0,0,0,0,1,1,3054582,8,1270,0,0,0,39,6,4835234028,10097795801,10167411756
1790893986,49627544,103076003840,0,0,0,0,0,1,1,3061151,8,1270,0,0,0,39,6,4835234028,10097795801,10167411756
1790893987,49631668,103060983808,0,0,0,0,0,1,1,3061151,8,1270,0,0,0,39,6,4835234028,10097795801,10167411756
1790893988,49636788,103072366592,0,0,0,0,0,1,1,3067691,8,1270,0,0,0,39,6,4835234028,10097795801,10167411756
1790893989,49652472,103075295232,0,0,0,0,0,1,1,3067691,8,1270,0,0,0,39,6,4835234028,10097795801,10167411756
1790893990,49667344,103077584896,0,0,0,0,0,1,1,3074241,8,1270,0,0,0,39,6,4835234028,10097795801,10167411756
1790893991,49687140,103074562048,0,0,0,0,0,1,1,3074241,8,1270,0,0,0,39,6,4835234028,10097795801,10167411756
1790893992,49724784,103072514048,0,0,0,0,0,1,1,3080768,8,1270,0,0,0,39,6,4835234028,10097795801,10167411756
1790893993,49752692,103072948224,0,0,0,0,0,1,1,3080768,8,1270,0,0,0,39,6,4835234028,10097795801,10167411756
1790893994,49780940,103068909568,0,0,0,0,0,1,1,3087267,8,1270,0,0,0,39,6,4835234028,10097795801,10167411756
1790893995,49798668,103069237248,0,0,0,0,0,1,1,3087267,8,1270,0,0,0,39,6,4835234028,10097795801,10167411756
1790893996,49826064,103061749760,0,0,0,0,0,1,1,3093806,8,1270,0,0,0,39,6,4835234028,10097795801,10167411756
1790893997,49858692,103074099200,0,0,0,0,0,1,1,3100314,8,1270,0,0,0,39,6,4835234028,10097795801,10167411756
1790893999,49888292,103064854528,0,0,0,0,0,1,1,3100314,8,1270,0,0,0,39,6,4835234028,10097795801,10167411756
1790894000,49924048,103060578304,0,0,0,0,0,1,1,3106774,8,1270,0,0,0,39,6,4835234028,10097795801,10167411756
1790894001,49956932,103077441536,0,0,0,0,0,1,1,3106774,8,1270,0,0,0,39,6,4835234028,10097795801,10167411756
1790894002,49982116,103074910208,0,0,0,0,0,1,1,3113335,8,1270,0,0,0,39,6,4835234028,10097795801,10167411756
1790894003,50001364,103067746304,0,0,0,0,0,1,1,3113335,8,1270,0,0,0,39,6,4835234028,10097795801,10167411756
1790894004,50035192,103069409280,0,0,0,0,0,1,1,3119867,8,1270,0,0,0,39,6,4835234028,10097795801,10167411756
1790894005,50053908,103073726464,0,0,0,0,0,1,1,3119867,8,1270,0,0,0,39,6,4835234028,10097795801,10167411756
1790894006,50080552,103064784896,0,0,0,0,0,1,1,3126429,8,1270,0,0,0,39,6,4835234028,10097795801,10167411756
1790894007,50108160,103076167680,0,0,0,0,0,1,1,3126429,8,1270,0,0,0,39,6,4835234028,10097795801,10167411756
1790894008,50125396,103067996160,0,0,0,0,0,1,1,3132973,8,1270,0,0,0,39,6,4835234028,10097795801,10167411756
1790894009,50155100,103073042432,0,0,0,0,0,1,1,3132973,8,1270,0,0,0,39,6,4835234028,10097795801,10167411756
1790894010,50189752,103078977536,0,0,0,0,0,1,1,3139472,8,1270,0,0,0,39,6,4835234028,10097795801,10167411756
1790894011,50211044,103057625088,0,0,0,0,0,1,1,3139472,8,1270,0,0,0,39,6,4835234028,10097795801,10167411756
1790894012,50244304,103077367808,0,0,0,0,0,1,1,3146011,8,1270,0,0,0,39,6,4835234028,10097795801,10167411756
1790894013,50274684,103074619392,0,0,0,0,0,1,1,3146011,8,1270,0,0,0,39,6,4835234028,10097795801,10167411756
1790894014,50287212,103073386496,0,0,0,0,0,1,1,3152578,8,1270,0,0,0,39,6,4835234028,10097795801,10167411756
1790894015,50323404,103061426176,0,0,0,0,0,1,1,3152578,8,1270,0,0,0,39,6,4835234028,10097795801,10167411756
1790894016,50352996,103069454336,0,0,0,0,0,1,1,3159170,8,1270,0,0,0,39,6,4835234028,10097795801,10167411756
1790894017,50372368,103072292864,0,0,0,0,0,1,1,3159170,8,1270,0,0,0,39,6,4835234028,10097795801,10167411756
1790894018,50400724,103077208064,0,0,0,0,0,1,1,3165749,8,1270,0,0,0,39,6,4835234028,10097795801,10167411756
1790894019,50423400,103079133184,0,0,0,0,0,1,1,3165749,8,1270,0,0,0,39,6,4835234028,10097795801,10167411756
1790894020,50447064,103078973440,0,0,0,0,0,1,1,3172252,8,1270,0,0,0,39,6,4835234028,10097795801,10167411756
1790894021,50476112,103075033088,0,0,0,0,0,1,1,3172252,8,1270,0,0,0,39,6,4835234028,10097795801,10167411756
1790894022,50486560,103059374080,0,0,0,0,0,1,1,3178817,8,1270,0,0,0,39,6,4835234028,10097795801,10167411756
1790894023,50514664,103067959296,0,0,0,0,0,1,1,3178817,8,1270,0,0,0,39,6,4835234028,10097795801,10167411756
1790894024,50539428,103070089216,0,0,0,0,0,1,1,3185221,8,1270,0,0,0,39,6,4835234028,10097795801,10167411756
1790894026,50565460,103056826368,0,0,0,0,0,1,1,3191820,8,1270,0,0,0,39,6,4835234028,10097795801,10167411756
1790894027,50569308,103073517568,0,0,0,0,0,1,1,3191820,8,1270,0,0,0,39,6,4835234028,10097795801,10167411756
1790894028,50594296,103051857920,0,0,0,0,0,1,1,3198360,8,1270,0,0,0,39,6,4835234028,10097795801,10167411756
1790894029,50621108,103077965824,0,0,0,0,0,1,1,3198360,8,1270,0,0,0,39,6,4835234028,10097795801,10167411756
1790894030,50626692,103079100416,0,0,0,0,0,1,1,3204881,8,1270,0,0,0,39,6,4835234028,10097795801,10167411756
1790894031,50649916,103059001344,0,0,0,0,0,1,1,3204881,8,1270,0,0,0,39,6,4835234028,10097795801,10167411756
1790894032,50677688,103072161792,0,0,0,0,0,1,1,3211469,8,1270,0,0,0,39,6,4835234028,10097795801,10167411756
1790894033,50699892,103071244288,0,0,0,0,0,1,1,3211469,8,1270,0,0,0,39,6,4835234028,10097795801,10167411756
1790894034,50728152,103068872704,0,0,0,0,0,1,1,3217996,8,1270,0,0,0,39,6,4835234028,10097795801,10167411756
1790894035,50741668,103078039552,0,0,0,0,0,1,1,3217996,8,1270,0,0,0,39,6,4835234028,10097795801,10167411756
1790894036,50762972,103076306944,0,0,0,0,0,1,1,3224543,8,1270,0,0,0,39,6,4835234028,10097795801,10167411756
1790894037,50788468,103070597120,0,0,0,0,0,1,1,3224543,8,1270,0,0,0,39,6,4835234028,10097795801,10167411756
1790894038,50793652,103075528704,0,0,0,0,0,1,1,3230996,8,1270,0,0,0,39,6,4835234028,10097795801,10167411756
1790894039,50802468,103060500480,0,0,0,0,0,1,1,3230996,8,1270,0,0,0,39,6,4835234028,10097795801,10167411756
1790894040,50820152,103048458240,0,0,0,0,0,1,1,3237576,8,1270,0,0,0,39,6,4835234028,10097795801,10167411756
1790894041,50820264,103071363072,0,0,0,0,0,1,1,3237576,8,1270,0,0,0,39,6,4835234028,10097795801,10167411756
1790894042,50832256,103077572608,0,0,0,0,0,1,1,3244201,8,1270,0,0,0,39,6,4835234028,10097795801,10167411756
1790894043,50851180,103077416960,0,0,0,0,0,1,1,3244201,8,1270,0,0,0,39,6,4835234028,10097795801,10167411756
1790894044,50864792,103069294592,0,0,0,0,0,1,1,3250785,8,1270,0,0,0,39,6,4835234028,10097795801,10167411756
1790894045,50862280,103041806336,0,0,0,0,0,1,1,3250785,8,1270,0,0,0,39,6,4835234028,10097795801,10167411756
1790894046,50883520,103071981568,0,0,0,0,0,1,1,3257394,8,1270,0,0,0,39,6,4835234028,10097795801,10167411756
1790894047,50902576,103066296320,0,0,0,0,0,1,1,3257394,8,1270,0,0,0,39,6,4835234028,10097795801,10167411756
1790894048,50919664,103073116160,0,0,0,0,0,1,1,3263956,8,1270,0,0,0,39,6,4835234028,10097795801,10167411756
1790894049,50936128,103064911872,0,0,0,0,0,1,1,3263956,8,1270,0,0,0,39,6,4835234028,10097795801,10167411756
1790894050,50953184,103075037184,0,0,0,0,0,1,1,3270478,8,1270,0,0,0,39,6,4835234028,10097795801,10167411756
1790894051,50967708,103059787776,0,0,0,0,0,1,1,3270478,8,1270,0,0,0,39,6,4835234028,10097795801,10167411756
1790894053,50987724,103058874368,0,0,0,0,0,1,1,3277064,8,1270,0,0,0,39,6,4835234028,10097795801,10167411756
1790894054,51008856,103078690816,0,0,0,0,0,1,1,3283644,8,1270,0,0,0,39,6,4835234028,10097795801,10167411756
1790894055,51025372,103071203328,0,0,0,0,0,1,1,3283644,8,1270,0,0,0,39,6,4835234028,10097795801,10167411756
1790894056,51043780,103069585408,0,0,0,0,0,1,1,3290225,8,1270,0,0,0,39,6,4835234028,10097795801,10167411756
1790894057,51062608,103066374144,0,0,0,0,0,1,1,3290225,8,1270,0,0,0,39,6,4835234028,10097795801,10167411756
1790894058,51083232,103061073920,0,0,0,0,0,1,1,3296834,8,1270,0,0,0,39,6,4835234028,10097795801,10167411756
1790894059,51101008,103074205696,0,0,0,0,0,1,1,3296834,8,1270,0,0,0,39,6,4835234028,10097795801,10167411756
1790894060,51112828,103074873344,0,0,0,0,0,1,1,3303500,8,1270,0,0,0,39,6,4835234028,10097795801,10167411756
1790894061,51126660,103071162368,0,0,0,0,0,1,1,3303500,8,1270,0,0,0,39,6,4835234028,10097795801,10167411756
1790894062,51140432,103060967424,0,0,0,0,0,1,1,3309988,8,1270,0,0,0,39,6,4835234028,10097795801,10167411756
1790894063,51145528,103072854016,0,0,0,0,0,1,1,3309988,8,1270,0,0,0,39,6,4835234028,10097795801,10167411756
1790894064,51157836,103073398784,0,0,0,0,0,1,1,3316542,8,1270,0,0,0,39,6,4835234028,10097795801,10167411756
1790894065,51170020,103073955840,0,0,0,0,0,1,1,3316542,8,1270,0,0,0,39,6,4835234028,10097795801,10167411756
1790894066,51173824,103074508800,0,0,0,0,0,1,1,3323022,8,1270,0,0,0,39,6,4835234028,10097795801,10167411756
1790894067,51176732,103071907840,0,0,0,0,0,1,1,3323022,8,1270,0,0,0,39,6,4835234028,10097795801,10167411756
1790894068,51182060,103054958592,0,0,0,0,0,1,1,3329548,8,1270,0,0,0,39,6,4835234028,10097795801,10167411756
1790894069,51182836,103054684160,0,0,0,0,0,1,1,3329548,8,1270,0,0,0,39,6,4835234028,10097795801,10167411756
1790894070,51192972,103071129600,0,0,0,0,0,1,1,3336087,8,1270,0,0,0,39,6,4835234028,10097795801,10167411756
1790894071,51197044,103071690752,0,0,0,0,0,1,1,3336087,8,1270,0,0,0,39,6,4835234028,10097795801,10167411756
1790894072,51204808,103074353152,0,0,0,0,0,1,1,3342637,8,1270,0,0,0,39,6,4835234028,10097795801,10167411756
1790894073,51216144,103079133184,0,0,0,0,0,1,1,3342637,8,1270,0,0,0,39,6,4835234028,10097795801,10167411756
1790894074,51213952,103073751040,0,0,0,0,0,1,1,3349203,8,1270,0,0,0,39,6,4835234028,10097795801,10167411756
1790894075,51217428,103072038912,0,0,0,0,0,1,1,3349203,8,1270,0,0,0,39,6,4835234028,10097795801,10167411756
1790894076,51222808,103070367744,0,0,0,0,0,1,1,3355878,8,1270,0,0,0,39,6,4835234028,10097795801,10167411756
1790894077,51232332,103065886720,0,0,0,0,0,1,1,3355878,8,1270,0,0,0,39,6,4835234028,10097795801,10167411756
1790894078,51229140,103067303936,0,0,0,0,0,1,1,3362348,8,1270,0,0,0,39,6,4835234028,10097795801,10167411756
1790894080,51226412,103072301056,0,0,0,0,0,1,1,3362348,8,1270,0,0,0,39,6,4835234028,10097795801,10167411756
1790894081,51236432,103060611072,0,0,0,0,0,1,1,3368908,8,1270,0,0,0,39,6,4835234028,10097795801,10167411756
1790894082,51232468,103074717696,0,0,0,0,0,1,1,3375438,8,1270,0,0,0,39,6,4835234028,10097795801,10167411756
1790894083,51239192,103067680768,0,0,0,0,0,1,1,3375438,8,1270,0,0,0,39,6,4835234028,10097795801,10167411756
1790894084,51243352,103059898368,0,0,0,0,0,1,1,3381962,8,1270,0,0,0,39,6,4835234028,10097795801,10167411756
1790894085,51243392,103066361856,0,0,0,0,0,1,1,3381962,8,1270,0,0,0,39,6,4835234028,10097795801,10167411756
1790894086,51257608,103074967552,0,0,0,0,0,1,1,3388576,8,1270,0,0,0,39,6,4835234028,10097795801,10167411756
1790894087,51282284,103070461952,0,0,0,0,0,1,1,3388576,8,1270,0,0,0,39,6,4835234028,10097795801,10167411756
1790894088,51317296,103077388288,0,0,0,0,0,1,1,3395188,8,1270,0,0,0,39,6,4835234028,10097795801,10167411756
1790894089,51339764,103075483648,0,0,0,0,0,1,1,3395188,8,1270,0,0,0,39,6,4835234028,10097795801,10167411756
1790894090,51364572,103076114432,0,0,0,0,0,1,1,3401738,8,1270,0,0,0,39,6,4835234028,10097795801,10167411756
1790894091,51387980,103073071104,0,0,0,0,0,1,1,3401738,8,1270,0,0,0,39,6,4835234028,10097795801,10167411756
1790894092,51414240,103058522112,0,0,0,0,0,1,1,3408353,8,1270,0,0,0,39,6,4835234028,10097795801,10167411756
1790894093,51438700,103075540992,0,0,0,0,0,1,1,3408353,8,1270,0,0,0,39,6,4835234028,10097795801,10167411756
1790894094,51469304,103077060608,0,0,0,0,0,1,1,3414846,8,1270,0,0,0,39,6,4835234028,10097795801,10167411756
1790894095,51509732,103078744064,0,0,0,0,0,1,1,3414846,8,1270,0,0,0,39,6,4835234028,10097795801,10167411756
1790894096,51558344,103076757504,0,0,0,0,0,1,1,3421323,8,1270,0,0,0,39,6,4835234028,10097795801,10167411756
1790894097,51602788,103071514624,0,0,0,0,0,1,1,3421323,8,1270,0,0,0,39,6,4835234028,10097795801,10167411756
1790894098,51637004,103068975104,0,0,0,0,0,1,1,3427893,8,1270,0,0,0,39,6,4835234028,10097795801,10167411756
1790894099,51677496,103072485376,0,0,0,0,0,1,1,3427893,8,1270,0,0,0,39,6,4835234028,10097795801,10167411756
1790894100,51714260,103078326272,0,0,0,0,0,1,1,3434399,8,1270,0,0,0,39,6,4835234028,10097795801,10167411756
1790894101,51753064,103074230272,0,0,0,0,0,1,1,3434399,8,1270,0,0,0,39,6,4835234028,10097795801,10167411756
1790894102,51779916,103064223744,0,0,0,0,0,1,1,3440982,8,1270,0,0,0,39,6,4835234028,10097795801,10167411756
1790894103,51792868,103037636608,0,0,0,0,0,1,1,3440982,8,1270,0,0,0,39,6,4835234028,10097795801,10167411756
1790894104,51822912,103051374592,0,0,0,0,0,1,1,3447470,8,1270,0,0,0,39,6,4835234028,10097795801,10167411756
1790894106,51849652,103075430400,0,0,0,0,0,1,1,3447470,8,1270,0,0,0,39,6,4835234028,10097795801,10167411756
1790894107,51878388,103073828864,0,0,0,0,0,1,1,3453885,8,1270,0,0,0,39,6,4835234028,10097795801,10167411756
1790894108,51903016,103072841728,0,0,0,0,0,1,1,3453885,8,1270,0,0,0,39,6,4835234028,10097795801,10167411756
1790894109,51933244,103074488320,0,0,0,0,0,1,1,3460417,8,1270,0,0,0,39,6,4835234028,10097795801,10167411756
1790894110,51942516,103079084032,0,0,0,0,0,1,1,3466974,8,1270,0,0,0,39,6,4835234028,10097795801,10167411756
1790894111,51980536,103079149568,0,0,0,0,0,1,1,3466974,8,1270,0,0,0,39,6,4835234028,10097795801,10167411756
1790894112,52014956,103069601792,0,0,0,0,0,2,2,3473416,8,1270,1,0,1,39,6,4835234028,10097795801,10167411756
1790894113,52060252,103076065280,0,0,0,0,0,2,2,3473416,8,1270,1,0,1,39,6,4835234028,10097795801,10167411756
1790894114,52092064,103063699456,0,0,0,0,0,2,2,3479565,8,1274,1,0,1,39,6,4835234028,10097795801,10167411756
1790894115,52131704,103056154624,0,0,0,0,0,2,2,3479565,8,1274,1,0,1,39,6,4835234028,10097795801,10167411756
1790894116,52123308,103047610368,0,0,0,0,0,2,2,3485792,8,1280,1,0,1,39,6,4835234028,10097795801,10167411756
1790894117,52159556,103078223872,0,0,0,0,0,2,2,3485792,8,1280,1,0,1,39,6,4835234028,10097795801,10167411756
1790894118,52190400,103062712320,0,0,0,0,0,2,2,3491956,8,1290,1,0,1,39,6,4835234028,10097795801,10167411756
1790894119,52208824,103073300480,0,0,0,0,0,2,2,3491956,8,1290,1,0,1,39,6,4835234028,10097795801,10167411756
1790894120,52234556,103071973376,0,0,0,0,0,2,2,3498035,8,1299,1,0,1,39,6,4835234028,10097795801,10167411756
1790894121,52272680,103078793216,0,0,0,0,0,2,2,3498035,8,1299,1,0,1,39,6,4835234028,10097795801,10167411756
1790894122,52297196,103076286464,0,0,0,0,0,2,2,3504254,8,1306,1,0,1,39,6,4835234028,10097795801,10167411756
1790894123,52338568,103076216832,0,0,0,0,0,2,2,3504254,8,1306,1,0,1,39,6,4835234028,10097795801,10167411756
1790894124,52371528,103076818944,0,0,0,0,0,2,2,3510454,8,1306,1,0,1,39,6,4835234028,10097795801,10167411756
1790894125,52414672,103073685504,0,0,0,0,0,2,2,3510454,8,1306,1,0,1,39,6,4835234028,10097795801,10167411756
1790894126,52446352,103077388288,0,0,0,0,0,2,2,3516693,8,1306,1,0,1,39,6,4835234028,10097795801,10167411756
1790894127,52473452,103078653952,0,0,0,0,0,2,2,3516693,8,1306,1,0,1,39,6,4835234028,10097795801,10167411756
1790894128,52493420,103058837504,0,0,0,0,0,2,2,3522774,8,1306,1,0,1,39,6,4835234028,10097795801,10167411756
1790894129,52517944,103078072320,0,0,0,0,0,2,2,3522774,8,1306,1,0,1,39,6,4835234028,10097795801,10167411756
1790894130,48250684,99583475712,0,0,0,0,0,2,2,3528911,9,1308,0,0,0,39,6,4835234028,10097795801,10167411756
1790894132,48172176,100860841984,0,0,0,0,0,2,2,3528911,9,1308,0,0,0,39,6,4835234028,10097795801,10167411756
1790894133,47884828,101908856832,0,0,0,0,0,2,2,3531943,10,1317,0,7,0,77,7,9670035076,10101172562,10174166012
1790894134,47355176,102695432192,0,0,0,0,0,2,2,3534390,10,1337,0,7,0,77,7,9670035076,10101172562,10174166012
1790894135,46594248,102930681856,0,0,0,0,0,2,2,3534390,10,1337,0,7,0,77,7,9670035076,10101172562,10174166012
1790894136,45912220,103071838208,0,0,0,0,0,2,2,3536896,10,1355,0,7,0,77,7,9670035076,10101172562,10174166012
1790894137,45375444,103062347776,0,0,0,0,0,2,2,3536896,10,1355,0,7,0,77,7,9670035076,10101172562,10174166012
1790894138,44847260,103076212736,0,0,0,0,0,2,2,3539535,10,1381,0,7,0,77,7,9670035076,10101172562,10174166012
1790894139,44556672,103079198720,0,0,0,0,0,2,2,3539535,10,1381,0,7,0,77,7,9670035076,10101172562,10174166012
1790894140,44558796,103069241344,0,0,0,0,0,2,2,3541647,10,1399,0,7,0,77,7,9670035076,10101172562,10174166012
1790894141,44572896,103078453248,0,0,0,0,0,2,2,3541647,10,1399,0,7,0,77,7,9670035076,10101172562,10174166012
1790894142,44580680,103079215104,0,0,0,0,0,2,2,3544479,10,1422,0,7,0,77,7,9670035076,10101172562,10174166012
1790894143,44591816,103068069888,0,0,0,0,0,2,2,3544479,10,1422,0,7,0,77,7,9670035076,10101172562,10174166012
1790894144,44496916,103063502848,0,0,0,0,0,2,2,3549291,10,1435,0,7,0,77,7,9670035076,10101172562,10174166012
1790894145,44418788,100376424448,0,0,0,0,0,2,2,3549291,10,1435,0,7,0,77,7,9670035076,10101172562,10174166012
1790894146,44448992,99483840512,0,0,0,0,0,2,2,3553626,13,1333,0,4,0,77,10,9670035076,15837075887,16067851658
1790894147,44455400,98565894144,0,0,0,0,0,2,2,3553626,13,1333,0,4,0,77,10,9670035076,15837075887,16067851658
1790894148,44486680,100169601024,0,0,0,0,0,2,2,3555810,14,1315,0,3,0,77,11,9670035076,18292915012,18566077849
1790894149,44514364,101814075392,0,0,0,0,0,2,2,3555810,14,1315,0,3,0,77,11,9670035076,18292915012,18566077849
1790894151,44454924,103071891456,0,0,0,0,0,2,2,3558382,14,1335,0,3,0,77,11,9670035076,18292915012,18566077849
1790894152,44478148,103075135488,0,0,0,0,0,2,2,3558382,14,1335,0,3,0,77,11,9670035076,18292915012,18566077849
1790894153,44489892,103079141376,0,0,0,0,0,2,2,3560809,14,1355,0,3,0,77,11,9670035076,18292915012,18566077849
1790894154,44504924,103051862016,0,0,0,0,0,2,2,3562528,14,1377,0,3,0,77,11,9670035076,18292915012,18566077849
1790894155,44495564,103074557952,0,0,0,0,0,2,2,3562528,14,1377,0,3,0,77,11,9670035076,18292915012,18566077849
1790894156,44488300,103078608896,0,0,0,0,0,2,2,3564442,14,1399,0,3,0,77,11,9670035076,18292915012,18566077849
1790894157,44503940,103071178752,0,0,0,0,0,2,2,3564442,14,1399,0,3,0,77,11,9670035076,18292915012,18566077849
1790894158,44503204,103077683200,0,0,0,0,0,2,2,3567647,14,1415,0,3,0,77,11,9670035076,18292915012,18566077849
1790894159,44509768,101664530432,0,0,0,0,0,2,2,3567647,14,1415,0,3,0,77,11,9670035076,18292915012,18566077849
1790894160,44541300,102048571392,0,0,0,0,0,2,2,3572086,15,1399,0,2,0,77,12,9670035076,20748253336,21063953315
1790894161,44560920,101503475712,0,0,0,0,0,2,2,3572086,15,1399,0,2,0,77,12,9670035076,20748253336,21063953315
1790894162,44581460,103071199232,0,0,0,0,0,2,2,3575236,16,1370,0,1,0,77,13,9670035076,23203726103,23561836613
1790894163,44590556,102034227200,0,0,0,0,0,2,2,3575236,16,1370,0,1,0,77,13,9670035076,23203726103,23561836613
1790894164,44613780,103056986112,0,0,0,0,0,2,2,3578605,18,1343,0,0,0,77,15,9670035076,25659511666,26060193026
1790894165,44624156,102430691328,0,0,0,0,0,2,2,3578605,18,1343,0,0,0,77,15,9670035076,25659511666,26060193026
1790894166,44631752,103051132928,0,0,0,0,0,2,2,3583453,19,1314,0,0,0,77,16,9670035076,28115281168,28558888483
1790894167,44616496,103049056256,0,0,0,0,0,2,2,3583453,19,1314,0,0,0,77,16,9670035076,28115281168,28558888483
1790894168,44614832,103077470208,0,0,0,0,0,2,2,3587983,19,1324,0,0,0,77,16,9670035076,28115281168,28558888483
1790894169,44629824,103076880384,0,0,0,0,0,2,2,3587983,19,1324,0,0,0,77,16,9670035076,28115281168,28558888483
1790894170,44608348,97664659456,0,0,0,0,0,2,2,3592208,19,1328,0,0,0,77,16,9670035076,28115281168,28558888483
1790894172,44586792,98041331712,0,0,0,0,0,2,2,3592208,19,1328,0,0,0,77,16,9670035076,28115281168,28558888483
1790894173,44577156,98430029824,0,0,0,0,0,2,2,3598087,20,1321,0,0,0,77,17,9670035076,33633670336,34149469738
1790894174,44570660,98803769344,0,0,0,0,0,2,2,3598087,20,1321,0,0,0,77,17,9670035076,33633670336,34149469738
1790894175,44548676,96614887424,0,0,0,0,0,2,2,3604224,20,1322,0,0,0,77,17,9670035076,33633670336,34149469738
1790894176,44529308,96811204608,0,0,0,0,0,2,2,3604224,20,1322,0,0,0,77,17,9670035076,33633670336,34149469738
1790894177,44521768,97018642432,0,0,0,0,0,2,2,3609790,21,1284,0,0,0,77,18,9670035076,36088983602,36648410567
1790894178,44504172,97225785344,0,0,0,0,0,2,2,3614757,21,1284,0,0,0,77,18,9670035076,36088983602,36648410567
1790894179,44480476,97478316032,0,0,0,0,0,2,2,3614757,21,1284,0,0,0,77,18,9670035076,36088983602,36648410567
1790894180,44451100,97725681664,0,0,0,0,0,2,2,3621038,21,1284,0,0,0,77,18,9670035076,36088983602,36648410567
1790894181,44442788,97993535488,0,0,0,0,0,2,2,3621038,21,1284,0,0,0,77,18,9670035076,36088983602,36648410567
1790894182,44444248,98274521088,0,0,0,0,0,2,2,3627498,21,1284,0,0,0,77,18,9670035076,36088983602,36648410567
1790894183,44431744,98538438656,0,0,0,0,0,2,2,3627498,21,1284,0,0,0,77,18,9670035076,36088983602,36648410567
1790894184,44436952,98823610368,0,0,0,0,0,2,2,3633942,21,1284,0,0,0,77,18,9670035076,36088983602,36648410567
1790894185,44436664,99109531648,0,0,0,0,0,2,2,3633942,21,1284,0,0,0,77,18,9670035076,36088983602,36648410567
1790894186,44424740,99373142016,0,0,0,0,0,2,2,3640374,21,1284,0,0,0,77,18,9670035076,36088983602,36648410567
1790894187,44428568,99659767808,0,0,0,0,0,2,2,3640374,21,1284,0,0,0,77,18,9670035076,36088983602,36648410567
1790894188,44422320,99929227264,0,0,0,0,0,2,2,3646785,21,1284,0,0,0,77,18,9670035076,36088983602,36648410567
1790894189,44388332,100172120064,0,0,0,0,0,2,2,3646785,21,1284,0,0,0,77,18,9670035076,36088983602,36648410567
1790894190,44382288,100448825344,0,0,0,0,0,2,2,3653209,21,1284,0,0,0,77,18,9670035076,36088983602,36648410567
1790894191,44380060,100717547520,0,0,0,0,0,2,2,3653209,21,1284,0,0,0,77,18,9670035076,36088983602,36648410567
1790894192,44374916,100998946816,0,0,0,0,0,2,2,3659709,21,1284,0,0,0,77,18,9670035076,36088983602,36648410567
1790894193,44376048,101276037120,0,0,0,0,0,2,2,3659709,21,1284,0,0,0,77,18,9670035076,36088983602,36648410567
1790894194,44379792,101557784576,0,0,0,0,0,2,2,3666169,21,1284,0,0,0,77,18,9670035076,36088983602,36648410567
1790894195,44389476,101846081536,0,0,0,0,0,2,2,3666169,21,1284,0,0,0,77,18,9670035076,36088983602,36648410567
1790894196,44389068,102123200512,0,0,0,0,0,2,2,3672610,21,1284,0,0,0,77,18,9670035076,36088983602,36648410567
1790894197,44395628,102406057984,0,0,0,0,0,2,2,3672610,21,1284,0,0,0,77,18,9670035076,36088983602,36648410567
1790894199,44411136,102700220416,0,0,0,0,0,2,2,3679088,21,1284,0,0,0,77,18,9670035076,36088983602,36648410567
1790894200,44430964,102998581248,0,0,0,0,0,2,2,3679088,21,1284,0,0,0,77,18,9670035076,36088983602,36648410567
1790894201,44423584,103068098560,0,0,0,0,0,2,2,3685556,21,1284,0,0,0,77,18,9670035076,36088983602,36648410567
1790894202,44441808,103075266560,0,0,0,0,0,2,2,3685556,21,1284,0,0,0,77,18,9670035076,36088983602,36648410567
1790894203,44458104,103071694848,0,0,0,0,0,2,2,3692051,21,1284,0,0,0,77,18,9670035076,36088983602,36648410567
1790894204,44477724,103068798976,0,0,0,0,0,2,2,3692051,21,1284,0,0,0,77,18,9670035076,36088983602,36648410567
1790894205,44523964,103060811776,0,0,0,0,0,2,2,3698494,21,1284,0,0,0,77,18,9670035076,36088983602,36648410567
1790894206,44571852,103073701888,0,0,0,0,0,2,2,3704898,21,1284,0,0,0,77,18,9670035076,36088983602,36648410567
1790894207,44602076,103078273024,0,0,0,0,0,2,2,3704898,21,1284,0,0,0,77,18,9670035076,36088983602,36648410567
1790894208,44655784,103074377728,0,0,0,0,0,2,2,3711377,21,1284,0,0,0,77,18,9670035076,36088983602,36648410567
1790894209,44692788,103065350144,0,0,0,0,0,2,2,3711377,21,1284,0,0,0,77,18,9670035076,36088983602,36648410567
1790894210,44729424,103070765056,0,0,0,0,0,2,2,3717752,21,1284,0,0,0,77,18,9670035076,36088983602,36648410567
1790894211,44758952,103072071680,0,0,0,0,0,2,2,3717752,21,1284,0,0,0,77,18,9670035076,36088983602,36648410567
1790894212,44785448,103076872192,0,0,0,0,0,2,2,3724234,21,1284,0,0,0,77,18,9670035076,36088983602,36648410567
1790894213,44821560,103069859840,0,0,0,0,0,2,2,3724234,21,1284,0,0,0,77,18,9670035076,36088983602,36648410567
1790894214,44838012,103058010112,0,0,0,0,0,2,2,3730617,21,1284,0,0,0,77,18,9670035076,36088983602,36648410567
1790894215,44850376,103078178816,0,0,0,0,0,2,2,3730617,21,1284,0,0,0,77,18,9670035076,36088983602,36648410567
1790894216,44883964,103072038912,0,0,0,0,0,2,2,3737051,21,1284,0,0,0,77,18,9670035076,36088983602,36648410567
1790894217,44905716,103078006784,0,0,0,0,0,2,2,3737051,21,1284,0,0,0,77,18,9670035076,36088983602,36648410567
1790894218,44934760,103069396992,0,0,0,0,0,2,2,3743567,21,1284,0,0,0,77,18,9670035076,36088983602,36648410567
1790894219,44964488,103075643392,0,0,0,0,0,2,2,3743567,21,1284,0,0,0,77,18,9670035076,36088983602,36648410567
1790894220,44989932,103077904384,0,0,0,0,0,2,2,3749971,21,1284,0,0,0,77,18,9670035076,36088983602,36648410567
1790894221,45010212,103064059904,0,0,0,0,0,2,2,3749971,21,1284,0,0,0,77,18,9670035076,36088983602,36648410567
1790894222,45028356,103072133120,0,0,0,0,0,2,2,3756507,21,1284,0,0,0,77,18,9670035076,36088983602,36648410567
1790894223,45059548,103071186944,0,0,0,0,0,2,2,3756507,21,1284,0,0,0,77,18,9670035076,36088983602,36648410567
1790894224,45091380,103066411008,0,0,0,0,0,2,2,3762929,21,1284,0,0,0,77,18,9670035076,36088983602,36648410567
1790894226,45121020,103061864448,0,0,0,0,0,2,2,3762929,21,1284,0,0,0,77,18,9670035076,36088983602,36648410567
1790894227,45149040,103070924800,0,0,0,0,0,2,2,3769436,21,1284,0,0,0,77,18,9670035076,36088983602,36648410567
1790894228,45176820,103056740352,0,0,0,0,0,2,2,3769436,21,1284,0,0,0,77,18,9670035076,36088983602,36648410567
1790894229,45206020,103079038976,0,0,0,0,0,2,2,3775910,21,1284,0,0,0,77,18,9670035076,36088983602,36648410567
1790894230,45232316,103079149568,0,0,0,0,0,2,2,3775910,21,1284,0,0,0,77,18,9670035076,36088983602,36648410567
1790894231,45262732,103071055872,0,0,0,0,0,2,2,3782296,21,1284,0,0,0,77,18,9670035076,36088983602,36648410567
1790894232,45278952,103079190528,0,0,0,0,0,2,2,3782296,21,1284,0,0,0,77,18,9670035076,36088983602,36648410567
1790894233,45311844,103077240832,0,0,0,0,0,2,2,3788769,21,1284,0,0,0,77,18,9670035076,36088983602,36648410567
1790894234,45327036,103066226688,0,0,0,0,0,2,2,3795227,21,1284,0,0,0,77,18,9670035076,36088983602,36648410567
1790894235,45344608,103073857536,0,0,0,0,0,2,2,3795227,21,1284,0,0,0,77,18,9670035076,36088983602,36648410567
1790894236,45356044,103078977536,0,0,0,0,0,2,2,3801532,21,1284,0,0,0,77,18,9670035076,36088983602,36648410567
1790894237,45370364,103045226496,0,0,0,0,0,2,2,3801532,21,1284,0,0,0,77,18,9670035076,36088983602,36648410567
1790894238,45378672,103063609344,0,0,0,0,0,2,2,3807956,21,1284,0,0,0,77,18,9670035076,36088983602,36648410567
1790894239,45388808,103071432704,0,0,0,0,0,2,2,3807956,21,1284,0,0,0,77,18,9670035076,36088983602,36648410567
1790894240,45403108,103057838080,0,0,0,0,0,2,2,3814589,21,1284,0,0,0,77,18,9670035076,36088983602,36648410567
1790894241,45410560,103053357056,0,0,0,0,0,2,2,3814589,21,1284,0,0,0,77,18,9670035076,36088983602,36648410567
1790894242,45429176,103073644544,0,0,0,0,0,2,2,3821105,21,1284,0,0,0,77,18,9670035076,36088983602,36648410567
1790894243,45435712,103076012032,0,0,0,0,0,2,2,3821105,21,1284,0,0,0,77,18,9670035076,36088983602,36648410567
1790894244,45449380,103079108608,0,0,0,0,0,2,2,3827489,21,1284,0,0,0,77,18,9670035076,36088983602,36648410567
1790894245,45456396,103068233728,0,0,0,0,0,2,2,3827489,21,1284,0,0,0,77,18,9670035076,36088983602,36648410567
1790894246,45459440,103077568512,0,0,0,0,0,2,2,3834083,21,1284,0,0,0,77,18,9670035076,36088983602,36648410567
1790894247,45453288,103072661504,0,0,0,0,0,2,2,3834083,21,1284,0,0,0,77,18,9670035076,36088983602,36648410567
1790894248,45451680,103077048320,0,0,0,0,0,2,2,3840712,21,1284,0,0,0,77,18,9670035076,36088983602,36648410567
1790894249,45456964,103077834752,0,0,0,0,0,2,2,3840712,21,1284,0,0,0,77,18,9670035076,36088983602,36648410567
1790894250,45467344,103056199680,0,0,0,0,0,2,2,3847238,21,1284,0,0,0,77,18,9670035076,36088983602,36648410567
1790894251,45481464,103070875648,0,0,0,0,0,2,2,3847238,21,1284,0,0,0,77,18,9670035076,36088983602,36648410567
1790894253,45484088,103079124992,0,0,0,0,0,2,2,3853851,21,1284,0,0,0,77,18,9670035076,36088983602,36648410567
1790894254,45476152,103075315712,0,0,0,0,0,2,2,3853851,21,1284,0,0,0,77,18,9670035076,36088983602,36648410567
1790894255,45465688,103070253056,0,0,0,0,0,2,2,3860332,21,1284,0,0,0,77,18,9670035076,36088983602,36648410567
1790894256,45461352,103069388800,0,0,0,0,0,2,2,3860332,21,1284,0,0,0,77,18,9670035076,36088983602,36648410567
1790894257,45456452,103078658048,0,0,0,0,0,2,2,3866839,21,1284,0,0,0,77,18,9670035076,36088983602,36648410567
1790894258,45450272,103063384064,0,0,0,0,0,2,2,3866839,21,1284,0,0,0,77,18,9670035076,36088983602,36648410567
1790894259,45455932,103069990912,0,0,0,0,0,2,2,3873408,21,1284,0,0,0,77,18,9670035076,36088983602,36648410567
1790894260,45459308,103065178112,0,0,0,0,0,2,2,3873408,21,1284,0,0,0,77,18,9670035076,36088983602,36648410567
1790894261,45486116,103077244928,0,0,0,0,0,2,2,3879932,21,1284,0,0,0,77,18,9670035076,36088983602,36648410567
1790894262,45520596,103057756160,0,0,0,0,0,2,2,3886443,21,1284,0,0,0,77,18,9670035076,36088983602,36648410567
1790894263,45514296,103078150144,0,0,0,0,0,2,2,3886443,21,1284,0,0,0,77,18,9670035076,36088983602,36648410567
1790894264,45545340,103059881984,0,0,0,0,0,2,2,3892948,21,1284,0,0,0,77,18,9670035076,36088983602,36648410567
1790894265,45572456,103066316800,0,0,0,0,0,2,2,3892948,21,1284,0,0,0,77,18,9670035076,36088983602,36648410567
1790894266,45599960,103073312768,0,0,0,0,0,2,2,3899529,21,1284,0,0,0,77,18,9670035076,36088983602,36648410567
1790894267,45611948,103056850944,0,0,0,0,0,2,2,3899529,21,1284,0,0,0,77,18,9670035076,36088983602,36648410567
1790894268,45630880,103073132544,0,0,0,0,0,2,2,3906016,21,1284,0,0,0,77,18,9670035076,36088983602,36648410567
1790894269,45662748,103074955264,0,0,0,0,0,2,2,3906016,21,1284,0,0,0,77,18,9670035076,36088983602,36648410567
1790894270,45693316,103071666176,0,0,0,0,0,2,2,3912572,21,1284,0,0,0,77,18,9670035076,36088983602,36648410567
1790894271,45731572,103078285312,0,0,0,0,0,2,2,3912572,21,1284,0,0,0,77,18,9670035076,36088983602,36648410567
1790894272,45775404,103060238336,0,0,0,0,0,2,2,3919117,21,1284,0,0,0,77,18,9670035076,36088983602,36648410567
1790894273,45818376,103068925952,0,0,0,0,0,2,2,3919117,21,1284,0,0,0,77,18,9670035076,36088983602,36648410567
1790894274,45862744,103070674944,0,0,0,0,0,2,2,3925653,21,1284,0,0,0,77,18,9670035076,36088983602,36648410567
1790894275,45914236,103063089152,0,0,0,0,0,2,2,3925653,21,1284,0,0,0,77,18,9670035076,36088983602,36648410567
1790894276,45962416,103057055744,0,0,0,0,0,2,2,3932190,21,1284,0,0,0,77,18,9670035076,36088983602,36648410567
1790894277,46005308,103068975104,0,0,0,0,0,2,2,3932190,21,1284,0,0,0,77,18,9670035076,36088983602,36648410567
1790894279,46060568,103059484672,0,0,0,0,0,2,2,3938696,21,1284,0,0,0,77,18,9670035076,36088983602,36648410567
1790894280,46091740,103069138944,0,0,0,0,0,2,2,3938696,21,1284,0,0,0,77,18,9670035076,36088983602,36648410567
1790894281,46141112,103078920192,0,0,0,0,0,2,2,3945132,21,1284,0,0,0,77,18,9670035076,36088983602,36648410567
1790894282,46171968,103064526848,0,0,0,0,0,2,2,3945132,21,1284,0,0,0,77,18,9670035076,36088983602,36648410567
1790894283,46201648,103069126656,0,0,0,0,0,2,2,3951586,21,1284,0,0,0,77,18,9670035076,36088983602,36648410567
1790894284,46241888,103071002624,0,0,0,0,0,2,2,3951586,21,1284,0,0,0,77,18,9670035076,36088983602,36648410567
1790894285,46288724,103066443776,0,0,0,0,0,2,2,3958099,21,1284,0,0,0,77,18,9670035076,36088983602,36648410567
1790894286,46323084,103079030784,0,0,0,0,0,2,2,3958099,21,1284,0,0,0,77,18,9670035076,36088983602,36648410567
1790894287,46365200,103070531584,0,0,0,0,0,2,2,3964675,21,1284,0,0,0,77,18,9670035076,36088983602,36648410567
1790894288,46408424,103068803072,0,0,0,0,0,2,2,3964675,21,1284,0,0,0,77,18,9670035076,36088983602,36648410567
1790894289,46429344,103066501120,0,0,0,0,0,2,2,3971231,21,1284,0,0,0,77,18,9670035076,36088983602,36648410567
1790894290,46467264,103073472512,0,0,0,0,0,2,2,3977754,21,1284,0,0,0,77,18,9670035076,36088983602,36648410567
1790894291,46502288,103069208576,0,0,0,0,0,2,2,3977754,21,1284,0,0,0,77,18,9670035076,36088983602,36648410567
1790894292,46536148,103074934784,0,0,0,0,0,2,2,3984367,21,1284,0,0,0,77,18,9670035076,36088983602,36648410567
1790894293,46554608,103070453760,0,0,0,0,0,2,2,3984367,21,1284,0,0,0,77,18,9670035076,36088983602,36648410567
1790894294,46582372,103074451456,0,0,0,0,0,2,2,3990784,21,1284,0,0,0,77,18,9670035076,36088983602,36648410567
1790894295,46611720,103075422208,0,0,0,0,0,2,2,3990784,21,1284,0,0,0,77,18,9670035076,36088983602,36648410567
1790894296,46635868,103056228352,0,0,0,0,0,2,2,3997221,21,1284,0,0,0,77,18,9670035076,36088983602,36648410567
1790894297,46652432,103062822912,0,0,0,0,0,2,2,3997221,21,1284,0,0,0,77,18,9670035076,36088983602,36648410567
1790894298,46660168,103075364864,0,0,0,0,0,2,2,4003738,21,1284,0,0,0,77,18,9670035076,36088983602,36648410567
1790894299,46689400,103074320384,0,0,0,0,0,2,2,4003738,21,1284,0,0,0,77,18,9670035076,36088983602,36648410567
1790894300,46724632,103069540352,0,0,0,0,0,2,2,4010220,21,1284,0,0,0,77,18,9670035076,36088983602,36648410567
1790894301,46735368,103071571968,0,0,0,0,0,2,2,4010220,21,1284,0,0,0,77,18,9670035076,36088983602,36648410567
1790894302,46779284,103075115008,0,0,0,0,0,2,2,4016689,21,1284,0,0,0,77,18,9670035076,36088983602,36648410567
1790894303,46810344,103070531584,0,0,0,0,0,2,2,4016689,21,1284,0,0,0,77,18,9670035076,36088983602,36648410567
1790894304,46845988,103060815872,0,0,0,0,0,2,2,4023140,21,1284,0,0,0,77,18,9670035076,36088983602,36648410567
1790894306,46889696,103067631616,0,0,0,0,0,2,2,4023140,21,1284,0,0,0,77,18,9670035076,36088983602,36648410567
1790894307,46915820,103078572032,0,0,0,0,0,2,2,4029586,21,1284,0,0,0,77,18,9670035076,36088983602,36648410567
1790894308,46955012,103077711872,0,0,0,0,0,2,2,4029586,21,1284,0,0,0,77,18,9670035076,36088983602,36648410567
1790894309,46996528,103070031872,0,0,0,0,0,2,2,4036068,21,1284,0,0,0,77,18,9670035076,36088983602,36648410567
1790894310,47018548,103073095680,0,0,0,0,0,2,2,4036068,21,1284,0,0,0,77,18,9670035076,36088983602,36648410567
1790894311,47058272,103045652480,0,0,0,0,0,2,2,4042593,21,1284,0,0,0,77,18,9670035076,36088983602,36648410567
1790894312,47101976,103070183424,0,0,0,0,0,2,2,4042593,21,1284,0,0,0,77,18,9670035076,36088983602,36648410567
1790894313,47145776,103078621184,0,0,0,0,0,2,2,4049088,21,1284,0,0,0,77,18,9670035076,36088983602,36648410567
1790894314,47163688,103079010304,0,0,0,0,0,2,2,4049088,21,1284,0,0,0,77,18,9670035076,36088983602,36648410567
1790894315,47200936,103078400000,0,0,0,0,0,2,2,4055560,21,1284,0,0,0,77,18,9670035076,36088983602,36648410567
1790894316,47231132,103073435648,0,0,0,0,0,2,2,4062054,21,1284,0,0,0,77,18,9670035076,36088983602,36648410567
1790894317,47265592,103067369472,0,0,0,0,0,2,2,4062054,21,1284,0,0,0,77,18,9670035076,36088983602,36648410567
1790894318,47265320,103077982208,0,0,0,0,0,2,2,4068605,21,1284,0,0,0,77,18,9670035076,36088983602,36648410567
1790894319,47293200,103078129664,0,0,0,0,0,2,2,4068605,21,1284,0,0,0,77,18,9670035076,36088983602,36648410567
1790894320,47318860,103071494144,0,0,0,0,0,2,2,4075079,21,1284,0,0,0,77,18,9670035076,36088983602,36648410567
1790894321,47349460,103075528704,0,0,0,0,0,2,2,4075079,21,1284,0,0,0,77,18,9670035076,36088983602,36648410567
1790894322,47369996,103069192192,0,0,0,0,0,2,2,4081527,21,1284,0,0,0,77,18,9670035076,36088983602,36648410567
1790894323,47395488,103052705792,0,0,0,0,0,2,2,4081527,21,1284,0,0,0,77,18,9670035076,36088983602,36648410567
1790894324,47403344,103078088704,0,0,0,0,0,2,2,4088031,21,1284,0,0,0,77,18,9670035076,36088983602,36648410567
1790894325,47423844,103076417536,0,0,0,0,0,2,2,4088031,21,1284,0,0,0,77,18,9670035076,36088983602,36648410567
1790894326,47431616,103079063552,0,0,0,0,0,2,2,4094583,21,1284,0,0,0,77,18,9670035076,36088983602,36648410567
1790894327,47443060,103077142528,0,0,0,0,0,2,2,4094583,21,1284,0,0,0,77,18,9670035076,36088983602,36648410567
1790894328,47448144,103067365376,0,0,0,0,0,2,2,4101118,21,1284,0,0,0,77,18,9670035076,36088983602,36648410567
1790894329,47458228,103068856320,0,0,0,0,0,2,2,4101118,21,1284,0,0,0,77,18,9670035076,36088983602,36648410567
1790894330,47467704,103068237824,0,0,0,0,0,2,2,4107512,21,1284,0,0,0,77,18,9670035076,36088983602,36648410567
1790894331,47469852,103054835712,0,0,0,0,0,2,2,4107512,21,1284,0,0,0,77,18,9670035076,36088983602,36648410567
1790894333,47483072,103031128064,0,0,0,0,0,2,2,4114095,21,1284,0,0,0,77,18,9670035076,36088983602,36648410567
1790894334,47495448,103076904960,0,0,0,0,0,2,2,4114095,21,1284,0,0,0,77,18,9670035076,36088983602,36648410567
1790894335,47506132,103070842880,0,0,0,0,0,2,2,4120719,21,1284,0,0,0,77,18,9670035076,36088983602,36648410567
1790894336,47517268,103078735872,0,0,0,0,0,2,2,4120719,21,1284,0,0,0,77,18,9670035076,36088983602,36648410567
1790894337,47528468,103074779136,0,0,0,0,0,2,2,4127251,21,1284,0,0,0,77,18,9670035076,36088983602,36648410567
1790894338,47540444,103071313920,0,0,0,0,0,2,2,4127251,21,1284,0,0,0,77,18,9670035076,36088983602,36648410567
1790894339,47558744,103074705408,0,0,0,0,0,2,2,4133789,21,1284,0,0,0,77,18,9670035076,36088983602,36648410567
1790894340,47578692,103069712384,0,0,0,0,0,2,2,4133789,21,1284,0,0,0,77,18,9670035076,36088983602,36648410567
1790894341,47594372,103054151680,0,0,0,0,0,2,2,4140352,21,1284,0,0,0,77,18,9670035076,36088983602,36648410567
1790894342,47608980,103063736320,0,0,0,0,0,2,2,4140352,21,1284,0,0,0,77,18,9670035076,36088983602,36648410567
1790894343,47637520,103079145472,0,0,0,0,0,2,2,4146940,21,1284,0,0,0,77,18,9670035076,36088983602,36648410567
1790894344,47638740,103079157760,0,0,0,0,0,2,2,4146940,21,1284,0,0,0,77,18,9670035076,36088983602,36648410567
1790894345,47673848,103069487104,0,0,0,0,0,2,2,4153488,21,1284,0,0,0,77,18,9670035076,36088983602,36648410567
1790894346,47697692,103076020224,0,0,0,0,0,2,2,4159947,21,1284,0,0,0,77,18,9670035076,36088983602,36648410567
1790894347,47728104,103066685440,0,0,0,0,0,2,2,4159947,21,1284,0,0,0,77,18,9670035076,36088983602,36648410567
1790894348,47761412,103058219008,0,0,0,0,0,2,2,4166534,21,1284,0,0,0,77,18,9670035076,36088983602,36648410567
1790894349,47780480,103074578432,0,0,0,0,0,2,2,4166534,21,1284,0,0,0,77,18,9670035076,36088983602,36648410567
1790894350,47811752,103067635712,0,0,0,0,0,2,2,4173027,21,1284,0,0,0,77,18,9670035076,36088983602,36648410567
1790894351,47843848,103049363456,0,0,0,0,0,2,2,4173027,21,1284,0,0,0,77,18,9670035076,36088983602,36648410567
1790894352,47878932,103075684352,0,0,0,0,0,2,2,4179513,21,1284,0,0,0,77,18,9670035076,36088983602,36648410567
1790894353,47905364,103075540992,0,0,0,0,0,2,2,4179513,21,1284,0,0,0,77,18,9670035076,36088983602,36648410567
1790894354,47937668,103071019008,0,0,0,0,0,2,2,4186087,21,1284,0,0,0,77,18,9670035076,36088983602,36648410567
1790894355,47965760,103072149504,0,0,0,0,0,2,2,4186087,21,1284,0,0,0,77,18,9670035076,36088983602,36648410567
1790894356,47994828,103060627456,0,0,0,0,0,2,2,4192569,21,1284,0,0,0,77,18,9670035076,36088983602,36648410567
1790894357,48024344,103077769216,0,0,0,0,0,2,2,4192569,21,1284,0,0,0,77,18,9670035076,36088983602,36648410567
1790894358,48056240,103063502848,0,0,0,0,0,2,2,4199133,21,1284,0,0,0,77,18,9670035076,36088983602,36648410567
1790894360,48082240,103073193984,0,0,0,0,0,2,2,4199133,21,1284,0,0,0,77,18,9670035076,36088983602,36648410567
1790894361,48104292,103061426176,0,0,0,0,0,2,2,4205642,21,1284,0,0,0,77,18,9670035076,36088983602,36648410567
1790894362,48136240,103079034880,0,0,0,0,0,2,2,4205642,21,1284,0,0,0,77,18,9670035076,36088983602,36648410567
1790894363,48155052,103070277632,0,0,0,0,0,2,2,4212154,21,1284,0,0,0,77,18,9670035076,36088983602,36648410567
1790894364,48177820,103036215296,0,0,0,0,0,2,2,4212154,21,1284,0,0,0,77,18,9670035076,36088983602,36648410567
1790894365,48206956,103075139584,0,0,0,0,0,2,2,4218627,21,1284,0,0,0,77,18,9670035076,36088983602,36648410567
1790894366,48230948,103079133184,0,0,0,0,0,2,2,4218627,21,1284,0,0,0,77,18,9670035076,36088983602,36648410567
1790894367,48255288,103074553856,0,0,0,0,0,2,2,4225153,21,1284,0,0,0,77,18,9670035076,36088983602,36648410567
1790894368,48277280,103074435072,0,0,0,0,0,2,2,4225153,21,1284,0,0,0,77,18,9670035076,36088983602,36648410567
1790894369,48302272,103068651520,0,0,0,0,0,2,2,4231779,21,1284,0,0,0,77,18,9670035076,36088983602,36648410567
1790894370,48322268,103065083904,0,0,0,0,0,2,2,4231779,21,1284,0,0,0,77,18,9670035076,36088983602,36648410567
1790894371,48349304,103077183488,0,0,0,0,0,2,2,4238419,21,1284,0,0,0,77,18,9670035076,36088983602,36648410567
1790894372,48368484,103069519872,0,0,0,0,0,2,2,4238419,21,1284,0,0,0,77,18,9670035076,36088983602,36648410567
1790894373,48384260,103070539776,0,0,0,0,0,2,2,4244991,21,1284,0,0,0,77,18,9670035076,36088983602,36648410567
1790894374,48403268,103075213312,0,0,0,0,0,2,2,4251525,21,1284,0,0,0,77,18,9670035076,36088983602,36648410567
1790894375,48428304,103071375360,0,0,0,0,0,2,2,4251525,21,1284,0,0,0,77,18,9670035076,36088983602,36648410567
1790894376,48449936,103060942848,0,0,0,0,0,2,2,4257981,21,1284,0,0,0,77,18,9670035076,36088983602,36648410567
1790894377,48470600,103077761024,0,0,0,0,0,2,2,4257981,21,1284,0,0,0,77,18,9670035076,36088983602,36648410567
1790894378,48494912,103077744640,0,0,0,0,0,2,2,4264564,21,1284,0,0,0,77,18,9670035076,36088983602,36648410567
1790894379,48515652,103071698944,0,0,0,0,0,2,2,4264564,21,1284,0,0,0,77,18,9670035076,36088983602,36648410567
1790894380,48538844,103077101568,0,0,0,0,0,2,2,4271164,21,1284,0,0,0,77,18,9670035076,36088983602,36648410567
1790894381,48561280,103069409280,0,0,0,0,0,2,2,4271164,21,1284,0,0,0,77,18,9670035076,36088983602,36648410567
1790894382,48573956,103069245440,0,0,0,0,0,2,2,4277776,21,1284,0,0,0,77,18,9670035076,36088983602,36648410567
1790894383,48583160,103073886208,0,0,0,0,0,2,2,4277776,21,1284,0,0,0,77,18,9670035076,36088983602,36648410567
1790894384,48593396,103068839936,0,0,0,0,0,2,2,4284408,21,1284,0,0,0,77,18,9670035076,36088983602,36648410567
1790894385,48595328,103078326272,0,0,0,0,0,2,2,4284408,21,1284,0,0,0,77,18,9670035076,36088983602,36648410567
1790894387,48602264,103073787904,0,0,0,0,0,2,2,4290981,21,1284,0,0,0,77,18,9670035076,36088983602,36648410567
1790894388,48613036,103073034240,0,0,0,0,0,2,2,4290981,21,1284,0,0,0,77,18,9670035076,36088983602,36648410567
1790894389,48634928,103075651584,0,0,0,0,0,2,2,4297482,21,1284,0,0,0,77,18,9670035076,36088983602,36648410567
1790894390,48654928,103070294016,0,0,0,0,0,2,2,4297482,21,1284,0,0,0,77,18,9670035076,36088983602,36648410567
1790894391,48677720,103072927744,0,0,0,0,0,2,2,4304002,21,1284,0,0,0,77,18,9670035076,36088983602,36648410567
1790894392,48690260,103069536256,0,0,0,0,0,2,2,4304002,21,1284,0,0,0,77,18,9670035076,36088983602,36648410567
1790894393,48704968,103067570176,0,0,0,0,0,2,2,4310548,21,1284,0,0,0,77,18,9670035076,36088983602,36648410567
1790894394,48727084,103074955264,0,0,0,0,0,2,2,4310548,21,1284,0,0,0,77,18,9670035076,36088983602,36648410567
1790894395,48742492,103071428608,0,0,0,0,0,2,2,4317108,21,1284,0,0,0,77,18,9670035076,36088983602,36648410567
1790894396,48751192,103054409728,0,0,0,0,0,2,2,4317108,21,1284,0,0,0,77,18,9670035076,36088983602,36648410567
1790894397,48766568,103064702976,0,0,0,0,0,2,2,4323636,21,1284,0,0,0,77,18,9670035076,36088983602,36648410567
1790894398,48787608,103061983232,0,0,0,0,0,2,2,4323636,21,1284,0,0,0,77,18,9670035076,36088983602,36648410567
1790894399,48805292,103064195072,0,0,0,0,0,2,2,4330017,21,1284,0,0,0,77,18,9670035076,36088983602,36648410567
1790894400,48822000,103077781504,0,0,0,0,0,2,2,4330017,21,1284,0,0,0,77,18,9670035076,36088983602,36648410567
1790894401,48832704,103079170048,0,0,0,0,0,2,2,4336556,21,1284,0,0,0,77,18,9670035076,36088983602,36648410567
1790894402,48848332,103071248384,0,0,0,0,0,2,2,4343081,21,1284,0,0,0,77,18,9670035076,36088983602,36648410567
1790894403,48865004,103060070400,0,0,0,0,0,2,2,4343081,21,1284,0,0,0,77,18,9670035076,36088983602,36648410567
1790894404,48895912,103074492416,0,0,0,0,0,2,2,4349563,21,1284,0,0,0,77,18,9670035076,36088983602,36648410567
1790894405,48949060,103076151296,0,0,0,0,0,2,2,4349563,21,1284,0,0,0,77,18,9670035076,36088983602,36648410567
1790894406,48996020,103068979200,0,0,0,0,0,2,2,4356092,21,1284,0,0,0,77,18,9670035076,36088983602,36648410567
1790894407,49030952,103062712320,0,0,0,0,0,2,2,4356092,21,1284,0,0,0,77,18,9670035076,36088983602,36648410567
1790894408,49075816,103069315072,0,0,0,0,0,2,2,4362547,21,1284,0,0,0,77,18,9670035076,36088983602,36648410567
1790894409,49111924,103057178624,0,0,0,0,0,2,2,4362547,21,1284,0,0,0,77,18,9670035076,36088983602,36648410567
1790894410,49149824,103062401024,0,0,0,0,0,2,2,4369082,21,1284,0,0,0,77,18,9670035076,36088983602,36648410567
1790894411,49184928,103059546112,0,0,0,0,0,2,2,4369082,21,1284,0,0,0,77,18,9670035076,36088983602,36648410567
1790894413,49223376,103071256576,0,0,0,0,0,2,2,4375664,21,1284,0,0,0,77,18,9670035076,36088983602,36648410567
1790894414,49270836,103078715392,0,0,0,0,0,2,2,4375664,21,1284,0,0,0,77,18,9670035076,36088983602,36648410567
1790894415,49315048,103077068800,0,0,0,0,0,2,2,4382253,21,1284,0,0,0,77,18,9670035076,36088983602,36648410567
1790894416,49351412,103074799616,0,0,0,0,0,2,2,4382253,21,1284,0,0,0,77,18,9670035076,36088983602,36648410567
1790894417,49395052,103074471936,0,0,0,0,0,2,2,4388786,21,1284,0,0,0,77,18,9670035076,36088983602,36648410567
1790894418,49446488,103078993920,0,0,0,0,0,2,2,4388786,21,1284,0,0,0,77,18,9670035076,36088983602,36648410567
1790894419,49485356,103071793152,0,0,0,0,0,2,2,4395237,21,1284,0,0,0,77,18,9670035076,36088983602,36648410567
1790894420,49532424,103059783680,0,0,0,0,0,2,2,4395237,21,1284,0,0,0,77,18,9670035076,36088983602,36648410567
1790894421,49565336,103077507072,0,0,0,0,0,2,2,4401771,21,1284,0,0,0,77,18,9670035076,36088983602,36648410567
1790894422,49606444,103070760960,0,0,0,0,0,2,2,4401771,21,1284,0,0,0,77,18,9670035076,36088983602,36648410567
1790894423,49643808,103070015488,0,0,0,0,0,2,2,4408375,21,1284,0,0,0,77,18,9670035076,36088983602,36648410567
1790894424,49669432,103069118464,0,0,0,0,0,2,2,4408375,21,1284,0,0,0,77,18,9670035076,36088983602,36648410567
1790894425,49699836,103071035392,0,0,0,0,0,2,2,4414921,21,1284,0,0,0,77,18,9670035076,36088983602,36648410567
1790894426,49736800,103071313920,0,0,0,0,0,2,2,4414921,21,1284,0,0,0,77,18,9670035076,36088983602,36648410567
1790894427,49771704,103076376576,0,0,0,0,0,2,2,4421475,21,1284,0,0,0,77,18,9670035076,36088983602,36648410567
1790894428,49804564,103074451456,0,0,0,0,0,2,2,4421475,21,1284,0,0,0,77,18,9670035076,36088983602,36648410567
1790894429,49839672,103070052352,0,0,0,0,0,2,2,4427908,21,1284,0,0,0,77,18,9670035076,36088983602,36648410567
1790894430,49859380,103054196736,0,0,0,0,0,2,2,4434502,21,1284,0,0,0,77,18,9670035076,36088983602,36648410567
1790894431,49889272,103071182848,0,0,0,0,0,2,2,4434502,21,1284,0,0,0,77,18,9670035076,36088983602,36648410567
1790894432,49913008,103065952256,0,0,0,0,0,2,2,4440997,21,1284,0,0,0,77,18,9670035076,36088983602,36648410567
1790894433,49936368,103077941248,0,0,0,0,0,2,2,4440997,21,1284,0,0,0,77,18,9670035076,36088983602,36648410567
1790894434,49971076,103074508800,0,0,0,0,0,2,2,4447572,21,1284,0,0,0,77,18,9670035076,36088983602,36648410567
1790894435,49996316,103062609920,0,0,0,0,0,2,2,4447572,21,1284,0,0,0,77,18,9670035076,36088983602,36648410567
1790894436,50019040,103073501184,0,0,0,0,0,2,2,4454104,21,1284,0,0,0,77,18,9670035076,36088983602,36648410567
1790894437,50041832,103060967424,0,0,0,0,0,2,2,4454104,21,1284,0,0,0,77,18,9670035076,36088983602,36648410567
1790894438,50062812,103067267072,0,0,0,0,0,2,2,4460612,21,1284,0,0,0,77,18,9670035076,36088983602,36648410567
1790894440,50079356,103072829440,0,0,0,0,0,2,2,4460612,21,1284,0,0,0,77,18,9670035076,36088983602,36648410567
1790894441,50102944,103073312768,0,0,0,0,0,2,2,4467181,21,1284,0,0,0,77,18,9670035076,36088983602,36648410567
1790894442,50121020,103077249024,0,0,0,0,0,2,2,4467181,21,1284,0,0,0,77,18,9670035076,36088983602,36648410567
1790894443,50138984,103073046528,0,0,0,0,0,2,2,4473760,21,1284,0,0,0,77,18,9670035076,36088983602,36648410567
1790894444,50138420,103072833536,0,0,0,0,0,2,2,4473760,21,1284,0,0,0,77,18,9670035076,36088983602,36648410567
1790894445,50159600,103070900224,0,0,0,0,0,2,2,4480224,21,1284,0,0,0,77,18,9670035076,36088983602,36648410567
1790894446,50177404,103072477184,0,0,0,0,0,2,2,4480224,21,1284,0,0,0,77,18,9670035076,36088983602,36648410567
1790894447,50193352,103075065856,0,0,0,0,0,2,2,4486755,21,1284,0,0,0,77,18,9670035076,36088983602,36648410567
1790894448,50203268,103070961664,0,0,0,0,0,2,2,4486755,21,1284,0,0,0,77,18,9670035076,36088983602,36648410567
1790894449,50218968,103079120896,0,0,0,0,0,2,2,4493186,21,1284,0,0,0,77,18,9670035076,36088983602,36648410567
1790894450,50217616,103074115584,0,0,0,0,0,2,2,4493186,21,1284,0,0,0,77,18,9670035076,36088983602,36648410567
1790894451,50235572,103078944768,0,0,0,0,0,2,2,4499677,21,1284,0,0,0,77,18,9670035076,36088983602,36648410567
1790894452,50243620,103070658560,0,0,0,0,0,2,2,4499677,21,1284,0,0,0,77,18,9670035076,36088983602,36648410567
1790894453,50268896,103074680832,0,0,0,0,0,2,2,4506158,21,1284,0,0,0,77,18,9670035076,36088983602,36648410567
1790894454,50279892,103078379520,0,0,0,0,0,2,2,4506158,21,1284,0,0,0,77,18,9670035076,36088983602,36648410567
1790894455,50299212,103076229120,0,0,0,0,0,2,2,4512644,21,1284,0,0,0,77,18,9670035076,36088983602,36648410567
1790894456,50311384,103077937152,0,0,0,0,0,2,2,4519196,21,1284,0,0,0,77,18,9670035076,36088983602,36648410567
1790894457,50327532,103072296960,0,0,0,0,0,2,2,4519196,21,1284,0,0,0,77,18,9670035076,36088983602,36648410567
1790894458,50340500,103073849344,0,0,0,0,0,2,2,4525675,21,1284,0,0,0,77,18,9670035076,36088983602,36648410567
1790894459,50352960,103074422784,0,0,0,0,0,2,2,4525675,21,1284,0,0,0,77,18,9670035076,36088983602,36648410567
1790894460,50369544,103078576128,0,0,0,0,0,2,2,4532150,21,1284,0,0,0,77,18,9670035076,36088983602,36648410567
1790894461,50381232,103077949440,0,0,0,0,0,2,2,4532150,21,1284,0,0,0,77,18,9670035076,36088983602,36648410567
1790894462,50376104,103072542720,0,0,0,0,0,2,2,4538833,21,1284,0,0,0,77,18,9670035076,36088983602,36648410567
1790894463,50388516,103057514496,0,0,0,0,0,2,2,4538833,21,1284,0,0,0,77,18,9670035076,36088983602,36648410567
1790894464,50418072,103079124992,0,0,0,0,0,2,2,4545274,21,1284,0,0,0,77,18,9670035076,36088983602,36648410567
1790894466,50441776,103079022592,0,0,0,0,0,2,2,4545274,21,1284,0,0,0,77,18,9670035076,36088983602,36648410567
1790894467,50460052,103071084544,0,0,0,0,0,2,2,4551784,21,1284,0,0,0,77,18,9670035076,36088983602,36648410567
1790894468,50480752,103077564416,0,0,0,0,0,2,2,4551784,21,1284,0,0,0,77,18,9670035076,36088983602,36648410567
1790894469,50504592,103074590720,0,0,0,0,0,2,2,4558304,21,1284,0,0,0,77,18,9670035076,36088983602,36648410567
1790894470,50538612,103069577216,0,0,0,0,0,2,2,4558304,21,1284,0,0,0,77,18,9670035076,36088983602,36648410567
1790894471,50554752,103072378880,0,0,0,0,0,2,2,4564790,21,1284,0,0,0,77,18,9670035076,36088983602,36648410567
1790894472,50581992,103072854016,0,0,0,0,0,2,2,4564790,21,1284,0,0,0,77,18,9670035076,36088983602,36648410567
1790894473,50585320,103059623936,0,0,0,0,0,2,2,4571269,21,1284,0,0,0,77,18,9670035076,36088983602,36648410567
1790894474,50594440,103053684736,0,0,0,0,0,2,2,4571269,21,1284,0,0,0,77,18,9670035076,36088983602,36648410567
1790894475,50611812,103077662720,0,0,0,0,0,2,2,4577768,21,1284,0,0,0,77,18,9670035076,36088983602,36648410567
1790894476,50633244,103073251328,0,0,0,0,0,2,2,4577768,21,1284,0,0,0,77,18,9670035076,36088983602,36648410567
1790894477,50666192,103074643968,0,0,0,0,0,2,2,4584288,21,1284,0,0,0,77,18,9670035076,36088983602,36648410567
1790894478,50684632,103070040064,0,0,0,0,0,2,2,4584288,21,1284,0,0,0,77,18,9670035076,36088983602,36648410567
1790894479,50694348,103064358912,0,0,0,0,0,2,2,4590833,21,1284,0,0,0,77,18,9670035076,36088983602,36648410567
1790894480,50735156,103070392320,0,0,0,0,0,2,2,4590833,21,1284,0,0,0,77,18,9670035076,36088983602,36648410567
1790894481,50775416,103076962304,0,0,0,0,0,2,2,4597346,21,1284,0,0,0,77,18,9670035076,36088983602,36648410567
1790894482,50811552,103052271616,0,0,0,0,0,2,2,4597346,21,1284,0,0,0,77,18,9670035076,36088983602,36648410567
1790894483,50831440,103072645120,0,0,0,0,0,2,2,4603834,21,1284,0,0,0,77,18,9670035076,36088983602,36648410567
1790894484,50859828,103079174144,0,0,0,0,0,2,2,4610408,21,1284,0,0,0,77,18,9670035076,36088983602,36648410567
1790894485,50895188,103069904896,0,0,0,0,0,2,2,4610408,21,1284,0,0,0,77,18,9670035076,36088983602,36648410567
1790894486,50906040,103076093952,0,0,0,0,0,2,2,4616941,21,1284,0,0,0,77,18,9670035076,36088983602,36648410567
1790894487,50926868,103071170560,0,0,0,0,0,2,2,4616941,21,1284,0,0,0,77,18,9670035076,36088983602,36648410567
1790894488,50939624,103060996096,0,0,0,0,0,2,2,4623459,21,1284,0,0,0,77,18,9670035076,36088983602,36648410567
1790894489,50954560,103074504704,0,0,0,0,0,2,2,4623459,21,1284,0,0,0,77,18,9670035076,36088983602,36648410567
1790894490,50939188,103071780864,0,0,0,0,0,2,2,4629873,21,1284,0,0,0,77,18,9670035076,36088983602,36648410567
1790894491,50954524,103077285888,0,0,0,0,0,2,2,4629873,21,1284,0,0,0,77,18,9670035076,36088983602,36648410567
1790894493,50955028,103073488896,0,0,0,0,0,2,2,4636402,21,1284,0,0,0,77,18,9670035076,36088983602,36648410567
1790894494,50976700,103069863936,0,0,0,0,0,2,2,4636402,21,1284,0,0,0,77,18,9670035076,36088983602,36648410567
1790894495,50988668,103077703680,0,0,0,0,0,2,2,4642944,21,1284,0,0,0,77,18,9670035076,36088983602,36648410567
1790894496,51004236,103072595968,0,0,0,0,0,2,2,4642944,21,1284,0,0,0,77,18,9670035076,36088983602,36648410567
1790894497,51017712,103075975168,0,0,0,0,0,2,2,4649578,21,1284,0,0,0,77,18,9670035076,36088983602,36648410567
1790894498,51028460,103077490688,0,0,0,0,0,2,2,4649578,21,1284,0,0,0,77,18,9670035076,36088983602,36648410567
1790894499,51038004,103060623360,0,0,0,0,0,2,2,4656156,21,1284,0,0,0,77,18,9670035076,36088983602,36648410567
1790894500,51052924,103078572032,0,0,0,0,0,2,2,4656156,21,1284,0,0,0,77,18,9670035076,36088983602,36648410567
1790894501,51073680,103074246656,0,0,0,0,0,2,2,4662731,21,1284,0,0,0,77,18,9670035076,36088983602,36648410567
1790894502,51083964,103070167040,0,0,0,0,0,2,2,4662731,21,1284,0,0,0,77,18,9670035076,36088983602,36648410567
1790894503,51094248,103068299264,0,0,0,0,0,2,2,4669259,21,1284,0,0,0,77,18,9670035076,36088983602,36648410567
1790894504,51105468,103076823040,0,0,0,0,0,2,2,4669259,21,1284,0,0,0,77,18,9670035076,36088983602,36648410567
1790894505,51126016,103062630400,0,0,0,0,0,2,2,4675712,21,1284,0,0,0,77,18,9670035076,36088983602,36648410567
1790894506,51131652,103078051840,0,0,0,0,0,2,2,4675712,21,1284,0,0,0,77,18,9670035076,36088983602,36648410567
1790894507,51140372,103075430400,0,0,0,0,0,2,2,4682216,21,1284,0,0,0,77,18,9670035076,36088983602,36648410567
1790894508,51172516,103051321344,0,0,0,0,0,2,2,4682216,21,1284,0,0,0,77,18,9670035076,36088983602,36648410567
1790894509,51179576,103067742208,0,0,0,0,0,2,2,4688741,21,1284,0,0,0,77,18,9670035076,36088983602,36648410567
1790894510,51194560,103079051264,0,0,0,0,0,2,2,4688741,21,1284,0,0,0,77,18,9670035076,36088983602,36648410567
1790894511,51215312,103063519232,0,0,0,0,0,2,2,4695322,21,1284,0,0,0,77,18,9670035076,36088983602,36648410567
1790894512,51231060,103075573760,0,0,0,0,0,2,2,4701855,21,1284,0,0,0,77,18,9670035076,36088983602,36648410567
1790894513,51260000,103078146048,0,0,0,0,0,2,2,4701855,21,1284,0,0,0,77,18,9670035076,36088983602,36648410567
1790894514,51284984,103078764544,0,0,0,0,0,2,2,4708419,21,1284,0,0,0,77,18,9670035076,36088983602,36648410567
1790894515,51301348,103074025472,0,0,0,0,0,2,2,4708419,21,1284,0,0,0,77,18,9670035076,36088983602,36648410567
1790894516,51323800,103078608896,0,0,0,0,0,2,2,4714926,21,1284,0,0,0,77,18,9670035076,36088983602,36648410567
1790894517,51340028,103059329024,0,0,0,0,0,2,2,4714926,21,1284,0,0,0,77,18,9670035076,36088983602,36648410567
1790894518,51355408,103057211392,0,0,0,0,0,2,2,4721451,21,1284,0,0,0,77,18,9670035076,36088983602,36648410567
1790894520,51378248,103070564352,0,0,0,0,0,2,2,4721451,21,1284,0,0,0,77,18,9670035076,36088983602,36648410567
1790894521,51389524,103079100416,0,0,0,0,0,2,2,4727986,21,1284,0,0,0,77,18,9670035076,36088983602,36648410567
1790894522,51411608,103060127744,0,0,0,0,0,2,2,4727986,21,1284,0,0,0,77,18,9670035076,36088983602,36648410567
1790894523,51424768,103072645120,0,0,0,0,0,2,2,4734394,21,1284,0,0,0,77,18,9670035076,36088983602,36648410567
1790894524,51448920,103062896640,0,0,0,0,0,2,2,4734394,21,1284,0,0,0,77,18,9670035076,36088983602,36648410567
1790894525,51463568,103071297536,0,0,0,0,0,2,2,4741041,21,1284,0,0,0,77,18,9670035076,36088983602,36648410567
1790894526,51500572,103059824640,0,0,0,0,0,2,2,4741041,21,1284,0,0,0,77,18,9670035076,36088983602,36648410567
1790894527,51540748,103070822400,0,0,0,0,0,2,2,4747640,21,1284,0,0,0,77,18,9670035076,36088983602,36648410567
1790894528,51578092,103073427456,0,0,0,0,0,2,2,4747640,21,1284,0,0,0,77,18,9670035076,36088983602,36648410567
1790894529,51608216,103054430208,0,0,0,0,0,2,2,4754056,21,1284,0,0,0,77,18,9670035076,36088983602,36648410567
1790894530,51641352,103040081920,0,0,0,0,0,2,2,4754056,21,1284,0,0,0,77,18,9670035076,36088983602,36648410567
1790894531,51672048,103059013632,0,0,0,0,0,2,2,4760675,21,1284,0,0,0,77,18,9670035076,36088983602,36648410567
1790894532,51694868,103066198016,0,0,0,0,0,2,2,4760675,21,1284,0,0,0,77,18,9670035076,36088983602,36648410567
1790894533,51724676,103070146560,0,0,0,0,0,2,2,4767227,21,1284,0,0,0,77,18,9670035076,36088983602,36648410567
1790894534,51754824,103079026688,0,0,0,0,0,2,2,4767227,21,1284,0,0,0,77,18,9670035076,36088983602,36648410567
1790894535,51782064,103059271680,0,0,0,0,0,2,2,4773726,21,1284,0,0,0,77,18,9670035076,36088983602,36648410567
1790894536,51784136,103078899712,0,0,0,0,0,2,2,4773726,21,1284,0,0,0,77,18,9670035076,36088983602,36648410567
1790894537,51831812,103071752192,0,0,0,0,0,2,2,4780336,21,1284,0,0,0,77,18,9670035076,36088983602,36648410567
1790894538,51876572,103063236608,0,0,0,0,0,2,2,4780336,21,1284,0,0,0,77,18,9670035076,36088983602,36648410567
1790894539,51918008,103058071552,0,0,0,0,0,2,2,4786821,21,1284,0,0,0,77,18,9670035076,36088983602,36648410567
1790894540,51957944,103078588416,0,0,0,0,0,2,2,4793364,21,1284,0,0,0,77,18,9670035076,36088983602,36648410567
1790894541,52001176,103078027264,0,0,0,0,0,2,2,4793364,21,1284,0,0,0,77,18,9670035076,36088983602,36648410567
1790894542,52036116,103070953472,0,0,0,0,0,2,2,4799848,21,1284,0,0,0,77,18,9670035076,36088983602,36648410567
1790894543,52077016,103055400960,0,0,0,0,0,2,2,4799848,21,1284,0,0,0,77,18,9670035076,36088983602,36648410567
1790894544,52129552,103072444416,0,0,0,0,0,2,2,4806374,21,1284,0,0,0,77,18,9670035076,36088983602,36648410567
1790894545,52159952,103079030784,0,0,0,0,0,2,2,4806374,21,1284,0,0,0,77,18,9670035076,36088983602,36648410567
1790894547,52194440,103069585408,0,0,0,0,0,2,2,4812925,21,1284,0,0,0,77,18,9670035076,36088983602,36648410567
1790894548,52240372,103070593024,0,0,0,0,0,2,2,4812925,21,1284,0,0,0,77,18,9670035076,36088983602,36648410567
1790894549,52265024,103061299200,0,0,0,0,0,2,2,4819483,21,1284,0,0,0,77,18,9670035076,36088983602,36648410567
1790894550,52297904,103076270080,0,0,0,0,0,2,2,4819483,21,1284,0,0,0,77,18,9670035076,36088983602,36648410567
1790894551,52340192,103072587776,0,0,0,0,0,2,2,4825987,21,1284,0,0,0,77,18,9670035076,36088983602,36648410567
1790894552,52365272,103052828672,0,0,0,0,0,2,2,4825987,21,1284,0,0,0,77,18,9670035076,36088983602,36648410567
1790894553,52402072,103078121472,0,0,0,0,0,2,2,4832422,21,1284,0,0,0,77,18,9670035076,36088983602,36648410567
1790894554,52436784,103038652416,0,0,0,0,0,2,2,4832422,21,1284,0,0,0,77,18,9670035076,36088983602,36648410567
1790894555,52452468,103065833472,0,0,0,0,0,2,2,4838916,21,1284,0,0,0,77,18,9670035076,36088983602,36648410567
1790894556,52500088,103070035968,0,0,0,0,0,2,2,4838916,21,1284,0,0,0,77,18,9670035076,36088983602,36648410567
1790894557,52515360,103076552704,0,0,0,0,0,2,2,4845393,21,1284,0,0,0,77,18,9670035076,36088983602,36648410567
1790894558,52560220,103070748672,0,0,0,0,0,2,2,4845393,21,1284,0,0,0,77,18,9670035076,36088983602,36648410567
1790894559,52596904,103068565504,0,0,0,0,0,2,2,4851856,21,1284,0,0,0,77,18,9670035076,36088983602,36648410567
1790894560,52635524,103062073344,0,0,0,0,0,2,2,4851856,21,1284,0,0,0,77,18,9670035076,36088983602,36648410567
1790894561,52686264,103071768576,0,0,0,0,0,2,2,4858419,21,1284,0,0,0,77,18,9670035076,36088983602,36648410567
1790894562,52716128,103075766272,0,0,0,0,0,2,2,4858419,21,1284,0,0,0,77,18,9670035076,36088983602,36648410567
1790894563,52747236,103073308672,0,0,0,0,0,2,2,4864989,21,1284,0,0,0,77,18,9670035076,36088983602,36648410567
1790894564,52788548,103074340864,0,0,0,0,0,2,2,4864989,21,1284,0,0,0,77,18,9670035076,36088983602,36648410567
1790894565,52823964,103057104896,0,0,0,0,0,2,2,4871431,21,1284,0,0,0,77,18,9670035076,36088983602,36648410567
1790894566,52844000,103064768512,0,0,0,0,0,2,2,4871431,21,1284,0,0,0,77,18,9670035076,36088983602,36648410567
1790894567,52883408,103074729984,0,0,0,0,0,2,2,4877919,21,1284,0,0,0,77,18,9670035076,36088983602,36648410567
1790894568,52921008,103072653312,0,0,0,0,0,2,2,4884462,21,1284,0,0,0,77,18,9670035076,36088983602,36648410567
1790894569,52954384,103074689024,0,0,0,0,0,2,2,4884462,21,1284,0,0,0,77,18,9670035076,36088983602,36648410567
1790894570,52995328,103072415744,0,0,0,0,0,2,2,4890958,21,1284,0,0,0,77,18,9670035076,36088983602,36648410567
1790894571,53024876,103072702464,0,0,0,0,0,2,2,4890958,21,1284,0,0,0,77,18,9670035076,36088983602,36648410567
1790894573,53060672,103073972224,0,0,0,0,0,2,2,4897482,21,1284,0,0,0,77,18,9670035076,36088983602,36648410567
1790894574,53075324,103058423808,0,0,0,0,0,2,2,4897482,21,1284,0,0,0,77,18,9670035076,36088983602,36648410567
1790894575,53104468,103073931264,0,0,0,0,0,2,2,4903990,21,1284,0,0,0,77,18,9670035076,36088983602,36648410567
1790894576,53126432,103079141376,0,0,0,0,0,2,2,4903990,21,1284,0,0,0,77,18,9670035076,36088983602,36648410567
1790894577,53166080,103079043072,0,0,0,0,0,2,2,4910618,21,1284,0,0,0,77,18,9670035076,36088983602,36648410567
1790894578,53213184,103079100416,0,0,0,0,0,2,2,4910618,21,1284,0,0,0,77,18,9670035076,36088983602,36648410567
1790894579,53249376,103054950400,0,0,0,0,0,2,2,4917186,21,1284,0,0,0,77,18,9670035076,36088983602,36648410567
1790894580,53283432,103064801280,0,0,0,0,0,2,2,4917186,21,1284,0,0,0,77,18,9670035076,36088983602,36648410567
1790894581,53327824,103073095680,0,0,0,0,0,2,2,4923594,21,1284,0,0,0,77,18,9670035076,36088983602,36648410567
1790894582,53343428,103040241664,0,0,0,0,0,2,2,4923594,21,1284,0,0,0,77,18,9670035076,36088983602,36648410567
1790894583,53374952,103058649088,0,0,0,0,0,2,2,4930173,21,1284,0,0,0,77,18,9670035076,36088983602,36648410567
1790894584,53409708,103073775616,0,0,0,0,0,2,2,4930173,21,1284,0,0,0,77,18,9670035076,36088983602,36648410567
1790894585,53446492,103071125504,0,0,0,0,0,2,2,4936622,21,1284,0,0,0,77,18,9670035076,36088983602,36648410567
1790894586,53471028,103077158912,0,0,0,0,0,2,2,4936622,21,1284,0,0,0,77,18,9670035076,36088983602,36648410567
1790894587,53497884,103073361920,0,0,0,0,0,2,2,4943091,21,1284,0,0,0,77,18,9670035076,36088983602,36648410567
1790894588,53539996,103078690816,0,0,0,0,0,2,2,4943091,21,1284,0,0,0,77,18,9670035076,36088983602,36648410567
1790894589,53560364,103056330752,0,0,0,0,0,2,2,4949636,21,1284,0,0,0,77,18,9670035076,36088983602,36648410567
1790894590,53596116,103079141376,0,0,0,0,0,2,2,4949636,21,1284,0,0,0,77,18,9670035076,36088983602,36648410567
1790894591,53607108,103072796672,0,0,0,0,0,2,2,4956075,21,1284,0,0,0,77,18,9670035076,36088983602,36648410567
1790894592,53612276,103072845824,0,0,0,0,0,2,2,4956075,21,1284,0,0,0,77,18,9670035076,36088983602,36648410567
1790894593,53635528,103073267712,0,0,0,0,0,2,2,4962537,21,1284,0,0,0,77,18,9670035076,36088983602,36648410567
1790894594,53671860,103057625088,0,0,0,0,0,2,2,4962537,21,1284,0,0,0,77,18,9670035076,36088983602,36648410567
1790894595,53705132,103069507584,0,0,0,0,0,2,2,4969057,21,1284,0,0,0,77,18,9670035076,36088983602,36648410567
1790894596,53712592,103078608896,0,0,0,0,0,2,2,4975575,21,1284,0,0,0,77,18,9670035076,36088983602,36648410567
1790894597,53749416,103079190528,0,0,0,0,0,2,2,4975575,21,1284,0,0,0,77,18,9670035076,36088983602,36648410567
1790894598,53777972,103074312192,0,0,0,0,0,2,2,4982038,21,1284,0,0,0,77,18,9670035076,36088983602,36648410567
1790894600,53779564,103067025408,0,0,0,0,0,2,2,4982038,21,1284,0,0,0,77,18,9670035076,36088983602,36648410567
1790894601,53808960,103061618688,0,0,0,0,0,2,2,4988457,21,1284,0,0,0,77,18,9670035076,36088983602,36648410567
1790894602,53838952,103077122048,0,0,0,0,0,2,2,4988457,21,1284,0,0,0,77,18,9670035076,36088983602,36648410567
1790894603,53867828,103058722816,0,0,0,0,0,2,2,4995010,21,1284,0,0,0,77,18,9670035076,36088983602,36648410567
1790894604,53894708,103069634560,0,0,0,0,0,2,2,4995010,21,1284,0,0,0,77,18,9670035076,36088983602,36648410567
1790894605,53926052,103076274176,0,0,0,0,0,2,2,5001441,21,1284,0,0,0,77,18,9670035076,36088983602,36648410567
1790894606,53958104,103069581312,0,0,0,0,0,2,2,5001441,21,1284,0,0,0,77,18,9670035076,36088983602,36648410567
1790894607,53988324,103076847616,0,0,0,0,0,2,2,5007981,21,1284,0,0,0,77,18,9670035076,36088983602,36648410567
1790894608,54009004,103064264704,0,0,0,0,0,2,2,5007981,21,1284,0,0,0,77,18,9670035076,36088983602,36648410567
1790894609,54030560,103046889472,0,0,0,0,0,2,2,5014435,21,1284,0,0,0,77,18,9670035076,36088983602,36648410567
1790894610,54040120,103070187520,0,0,0,0,0,2,2,5014435,21,1284,0,0,0,77,18,9670035076,36088983602,36648410567
1790894611,54073624,103073292288,0,0,0,0,0,2,2,5020886,21,1284,0,0,0,77,18,9670035076,36088983602,36648410567
1790894612,54107980,103077937152,0,0,0,0,0,2,2,5020886,21,1284,0,0,0,77,18,9670035076,36088983602,36648410567
1790894613,54130632,103048531968,0,0,0,0,0,2,2,5027295,21,1284,0,0,0,77,18,9670035076,36088983602,36648410567
1790894614,54147508,103075196928,0,0,0,0,0,2,2,5027295,21,1284,0,0,0,77,18,9670035076,36088983602,36648410567
1790894615,54166868,103073038336,0,0,0,0,0,2,2,5033790,21,1284,0,0,0,77,18,9670035076,36088983602,36648410567
1790894616,54199612,103073017856,0,0,0,0,0,2,2,5033790,21,1284,0,0,0,77,18,9670035076,36088983602,36648410567
1790894617,54206692,103079071744,0,0,0,0,0,2,2,5040241,21,1284,0,0,0,77,18,9670035076,36088983602,36648410567
1790894618,54241444,103070584832,0,0,0,0,0,2,2,5040241,21,1284,0,0,0,77,18,9670035076,36088983602,36648410567
1790894619,54263968,103076511744,0,0,0,0,0,2,2,5046748,21,1284,0,0,0,77,18,9670035076,36088983602,36648410567
1790894620,54295304,103077539840,0,0,0,0,0,2,2,5046748,21,1284,0,0,0,77,18,9670035076,36088983602,36648410567
1790894621,54321856,103074557952,0,0,0,0,0,2,2,5053104,21,1284,0,0,0,77,18,9670035076,36088983602,36648410567
1790894622,54347200,103076941824,0,0,0,0,0,2,2,5053104,21,1284,0,0,0,77,18,9670035076,36088983602,36648410567
1790894623,54381708,103079075840,0,0,0,0,0,2,2,5059501,21,1284,0,0,0,77,18,9670035076,36088983602,36648410567
1790894624,54403660,103053877248,0,0,0,0,0,2,2,5065904,21,1284,0,0,0,77,18,9670035076,36088983602,36648410567
1790894625,54431540,103076601856,0,0,0,0,0,2,2,5065904,21,1284,0,0,0,77,18,9670035076,36088983602,36648410567
1790894627,54462032,103077933056,0,0,0,0,0,2,2,5072334,21,1284,0,0,0,77,18,9670035076,36088983602,36648410567
1790894628,54477212,103078846464,0,0,0,0,0,2,2,5072334,21,1284,0,0,0,77,18,9670035076,36088983602,36648410567
1790894629,54501600,103077683200,0,0,0,0,0,2,2,5078693,21,1284,0,0,0,77,18,9670035076,36088983602,36648410567
1790894630,54530828,103077556224,0,0,0,0,0,2,2,5078693,21,1284,0,0,0,77,18,9670035076,36088983602,36648410567
1790894631,54553700,103075254272,0,0,0,0,0,2,2,5085120,21,1284,0,0,0,77,18,9670035076,36088983602,36648410567
1790894632,54561640,103078301696,0,0,0,0,0,2,2,5085120,21,1284,0,0,0,77,18,9670035076,36088983602,36648410567
1790894633,54584868,103065432064,0,0,0,0,0,2,2,5091614,21,1284,0,0,0,77,18,9670035076,36088983602,36648410567
1790894634,54602608,103076675584,0,0,0,0,0,2,2,5091614,21,1284,0,0,0,77,18,9670035076,36088983602,36648410567
1790894635,54599672,103065473024,0,0,0,0,0,2,2,5098085,21,1284,0,0,0,77,18,9670035076,36088983602,36648410567
1790894636,54617876,103065600000,0,0,0,0,0,2,2,5098085,21,1284,0,0,0,77,18,9670035076,36088983602,36648410567
1790894637,54632616,103064502272,0,0,0,0,0,2,2,5104582,21,1284,0,0,0,77,18,9670035076,36088983602,36648410567
1790894638,54649120,103075635200,0,0,0,0,0,2,2,5104582,21,1284,0,0,0,77,18,9670035076,36088983602,36648410567
1790894639,54669208,103073263616,0,0,0,0,0,2,2,5110967,21,1284,0,0,0,77,18,9670035076,36088983602,36648410567
1790894640,54690192,103078998016,0,0,0,0,0,2,2,5110967,21,1284,0,0,0,77,18,9670035076,36088983602,36648410567
1790894641,54712248,103077126144,0,0,0,0,0,2,2,5117431,21,1284,0,0,0,77,18,9670035076,36088983602,36648410567
1790894642,54731472,103077462016,0,0,0,0,0,2,2,5117431,21,1284,0,0,0,77,18,9670035076,36088983602,36648410567
1790894643,54752664,103076511744,0,0,0,0,0,2,2,5123896,21,1284,0,0,0,77,18,9670035076,36088983602,36648410567
1790894644,54772228,103074672640,0,0,0,0,0,2,2,5123896,21,1284,0,0,0,77,18,9670035076,36088983602,36648410567
1790894645,54787476,103073550336,0,0,0,0,0,2,2,5130278,21,1284,0,0,0,77,18,9670035076,36088983602,36648410567
1790894646,54808180,103073419264,0,0,0,0,0,2,2,5130278,21,1284,0,0,0,77,18,9670035076,36088983602,36648410567
1790894647,54830376,103072927744,0,0,0,0,0,2,2,5136645,21,1284,0,0,0,77,18,9670035076,36088983602,36648410567
1790894648,54849496,103066320896,0,0,0,0,0,2,2,5136645,21,1284,0,0,0,77,18,9670035076,36088983602,36648410567
1790894649,54856564,103069622272,0,0,0,0,0,2,2,5142971,21,1284,0,0,0,77,18,9670035076,36088983602,36648410567
1790894650,54872744,103069028352,0,0,0,0,0,2,2,5142971,21,1284,0,0,0,77,18,9670035076,36088983602,36648410567
1790894651,54888488,103067668480,0,0,0,0,0,2,2,5149429,21,1284,0,0,0,77,18,9670035076,36088983602,36648410567
1790894652,54907676,103076626432,0,0,0,0,0,2,2,5155774,21,1284,0,0,0,77,18,9670035076,36088983602,36648410567
1790894654,54925600,103076184064,0,0,0,0,0,2,2,5155774,21,1284,0,0,0,77,18,9670035076,36088983602,36648410567
1790894655,54944764,103078969344,0,0,0,0,0,2,2,5162183,21,1284,0,0,0,77,18,9670035076,36088983602,36648410567
1790894656,54956800,103075799040,0,0,0,0,0,2,2,5162183,21,1284,0,0,0,77,18,9670035076,36088983602,36648410567
1790894657,54968116,103079141376,0,0,0,0,0,2,2,5168596,21,1284,0,0,0,77,18,9670035076,36088983602,36648410567
1790894658,54982864,103075328000,0,0,0,0,0,2,2,5168596,21,1284,0,0,0,77,18,9670035076,36088983602,36648410567
1790894659,54994228,103078031360,0,0,0,0,0,2,2,5174997,21,1284,0,0,0,77,18,9670035076,36088983602,36648410567
1790894660,54995252,103068463104,0,0,0,0,0,2,2,5174997,21,1284,0,0,0,77,18,9670035076,36088983602,36648410567
1790894661,54995760,103071170560,0,0,0,0,0,2,2,5181393,21,1284,0,0,0,77,18,9670035076,36088983602,36648410567
1790894662,55002664,103064625152,0,0,0,0,0,2,2,5181393,21,1284,0,0,0,77,18,9670035076,36088983602,36648410567
1790894663,54995740,103077822464,0,0,0,0,0,2,2,5187812,21,1284,0,0,0,77,18,9670035076,36088983602,36648410567
1790894664,54974664,103075020800,0,0,0,0,0,2,2,5187812,21,1284,0,0,0,77,18,9670035076,36088983602,36648410567
1790894665,54965400,103075680256,0,0,0,0,0,2,2,5194244,21,1284,0,0,0,77,18,9670035076,36088983602,36648410567
1790894666,54959484,103076413440,0,0,0,0,0,2,2,5194244,21,1284,0,0,0,77,18,9670035076,36088983602,36648410567
1790894667,54961176,103068680192,0,0,0,0,0,2,2,5200565,21,1284,0,0,0,77,18,9670035076,36088983602,36648410567
1790894668,54949472,103078100992,0,0,0,0,0,2,2,5200565,21,1284,0,0,0,77,18,9670035076,36088983602,36648410567
1790894669,54928132,103065640960,0,0,0,0,0,3,3,5206751,21,1284,1,0,1,77,18,9670035076,36088983602,36648410567
1790894670,54905052,103076749312,0,0,0,0,0,3,3,5206751,21,1284,1,0,1,77,18,9670035076,36088983602,36648410567
1790894671,54884944,103072575488,0,0,0,0,0,3,3,5212791,21,1288,1,0,1,77,18,9670035076,36088983602,36648410567
1790894672,54863976,103077056512,0,0,0,0,0,3,3,5212791,21,1288,1,0,1,77,18,9670035076,36088983602,36648410567
1790894673,54853660,103076712448,0,0,0,0,0,3,3,5218884,21,1296,1,0,1,77,18,9670035076,36088983602,36648410567
1790894674,54844496,103071997952,0,0,0,0,0,3,3,5218884,21,1296,1,0,1,77,18,9670035076,36088983602,36648410567
1790894675,54833868,103078047744,0,0,0,0,0,3,3,5224909,21,1305,1,0,1,77,18,9670035076,36088983602,36648410567
1790894676,54805732,103079002112,0,0,0,0,0,3,3,5224909,21,1305,1,0,1,77,18,9670035076,36088983602,36648410567
1790894677,54806812,103076687872,0,0,0,0,0,3,3,5230931,21,1314,1,0,1,77,18,9670035076,36088983602,36648410567
1790894678,54808300,103079063552,0,0,0,0,0,3,3,5236805,21,1320,1,0,1,77,18,9670035076,36088983602,36648410567
1790894680,54774332,103071080448,0,0,0,0,0,3,3,5236805,21,1320,1,0,1,77,18,9670035076,36088983602,36648410567
1790894681,54776212,103070982144,0,0,0,0,0,3,3,5242799,21,1320,1,0,1,77,18,9670035076,36088983602,36648410567
1790894682,54767708,103076159488,0,0,0,0,0,3,3,5242799,21,1320,1,0,1,77,18,9670035076,36088983602,36648410567
1790894683,54766240,103077847040,0,0,0,0,0,3,3,5248762,21,1320,1,0,1,77,18,9670035076,36088983602,36648410567
1790894684,54766932,103078952960,0,0,0,0,0,3,3,5248762,21,1320,1,0,1,77,18,9670035076,36088983602,36648410567
1790894685,54756704,103070912512,0,0,0,0,0,3,3,5254843,21,1320,1,0,1,77,18,9670035076,36088983602,36648410567
1790894686,54735672,103069892608,0,0,0,0,0,3,3,5254843,21,1320,1,0,1,77,18,9670035076,36088983602,36648410567
1790894687,50965712,98638389248,0,0,0,0,0,3,3,5260883,22,1322,1,0,1,77,18,9670035076,36088983602,36648410567
1790894688,50963604,100890718208,0,0,0,0,0,3,3,5260883,22,1322,1,0,1,77,18,9670035076,36088983602,36648410567
1790894689,50795616,102864424960,0,0,0,0,0,3,3,5263621,23,1329,0,1,0,115,19,14505700547,36092360422,36655164898
1790894690,50476420,103052636160,0,0,0,0,0,3,3,5263621,23,1329,0,1,0,115,19,14505700547,36092360422,36655164898
1790894691,49934164,103042121728,0,0,0,0,0,3,3,5265554,23,1343,0,1,0,115,19,14505700547,36092360422,36655164898
1790894692,49150548,103028449280,0,0,0,0,0,3,3,5265554,23,1343,0,1,0,115,19,14505700547,36092360422,36655164898
1790894693,48512840,103060000768,0,0,0,0,0,3,3,5267916,23,1361,0,1,0,115,19,14505700547,36092360422,36655164898
1790894694,47760748,103000612864,0,0,0,0,0,3,3,5267916,23,1361,0,1,0,115,19,14505700547,36092360422,36655164898
1790894695,47134076,103047655424,0,0,0,0,0,3,3,5269701,23,1377,0,1,0,115,19,14505700547,36092360422,36655164898
1790894696,46970956,103043256320,0,0,0,0,0,3,3,5269701,23,1377,0,1,0,115,19,14505700547,36092360422,36655164898
1790894697,46793384,103038791680,0,0,0,0,0,3,3,5271376,23,1389,0,1,0,115,19,14505700547,36092360422,36655164898
1790894698,46773012,103056838656,0,0,0,0,0,3,3,5271376,23,1389,0,1,0,115,19,14505700547,36092360422,36655164898
1790894699,46731716,101382041600,0,0,0,0,0,3,3,5273590,23,1402,0,1,0,115,19,14505700547,36092360422,36655164898
1790894700,46653264,102250672128,0,0,0,0,0,3,3,5273590,23,1402,0,1,0,115,19,14505700547,36092360422,36655164898
1790894702,46590496,100935016448,0,0,0,0,0,3,3,5278368,25,1382,0,0,0,115,21,14505700547,38571762854,39199354198
1790894703,46565244,102252408832,0,0,0,0,0,3,3,5282824,26,1351,0,0,0,115,22,14505700547,41050870942,41744325473
1790894704,46550036,99124174848,0,0,0,0,0,3,3,5282824,26,1351,0,0,0,115,22,14505700547,41050870942,41744325473
1790894705,46609324,92301795328,0,0,0,0,0,3,3,5287661,28,1308,0,0,0,115,24,14505700547,51698558518,52603626075
1790894706,46523140,92483964928,0,0,0,0,0,3,3,5287661,28,1308,0,0,0,115,24,14505700547,51698558518,52603626075
1790894707,46541940,92775542784,0,0,0,0,0,3,3,5293875,28,1308,0,0,0,115,24,14505700547,51698558518,52603626075
1790894708,46591288,93094625280,0,0,0,0,0,3,3,5293875,28,1308,0,0,0,115,24,14505700547,51698558518,52603626075
1790894709,46590844,93364764672,0,0,0,0,0,3,3,5300118,28,1308,0,0,0,115,24,14505700547,51698558518,52603626075
1790894710,46619572,93665685504,0,0,0,0,0,3,3,5300118,28,1308,0,0,0,115,24,14505700547,51698558518,52603626075
1790894711,46622640,93943005184,0,0,0,0,0,3,3,5306438,28,1308,0,0,0,115,24,14505700547,51698558518,52603626075
1790894712,46625340,94217031680,0,0,0,0,0,3,3,5306438,28,1308,0,0,0,115,24,14505700547,51698558518,52603626075
1790894713,46624556,94492479488,0,0,0,0,0,3,3,5312660,28,1308,0,0,0,115,24,14505700547,51698558518,52603626075
1790894714,46619976,94764019712,0,0,0,0,0,3,3,5312660,28,1308,0,0,0,115,24,14505700547,51698558518,52603626075
1790894715,46633220,95048200192,0,0,0,0,0,3,3,5318890,28,1308,0,0,0,115,24,14505700547,51698558518,52603626075
1790894716,46607664,95299604480,0,0,0,0,0,3,3,5318890,28,1308,0,0,0,115,24,14505700547,51698558518,52603626075
1790894717,46606300,95574257664,0,0,0,0,0,3,3,5325131,28,1308,0,0,0,115,24,14505700547,51698558518,52603626075
1790894718,46621900,95864029184,0,0,0,0,0,3,3,5325131,28,1308,0,0,0,115,24,14505700547,51698558518,52603626075
1790894719,46620004,96134729728,0,0,0,0,0,3,3,5331383,28,1308,0,0,0,115,24,14505700547,51698558518,52603626075
1790894720,46638576,96425951232,0,0,0,0,0,3,3,5331383,28,1308,0,0,0,115,24,14505700547,51698558518,52603626075
1790894721,46646340,96713924608,0,0,0,0,0,3,3,5337641,28,1308,0,0,0,115,24,14505700547,51698558518,52603626075
1790894722,46654228,97003470848,0,0,0,0,0,3,3,5337641,28,1308,0,0,0,115,24,14505700547,51698558518,52603626075
1790894723,46666400,97291894784,0,0,0,0,0,3,3,5343904,28,1308,0,0,0,115,24,14505700547,51698558518,52603626075
1790894724,46676236,97577590784,0,0,0,0,0,3,3,5343904,28,1308,0,0,0,115,24,14505700547,51698558518,52603626075
1790894725,46662960,97840287744,0,0,0,0,0,3,3,5350279,28,1308,0,0,0,115,24,14505700547,51698558518,52603626075
1790894726,46665984,98123055104,0,0,0,0,0,3,3,5350279,28,1308,0,0,0,115,24,14505700547,51698558518,52603626075
1790894727,46675872,98416099328,0,0,0,0,0,3,3,5356513,28,1308,0,0,0,115,24,14505700547,51698558518,52603626075
1790894729,46696420,98714300416,0,0,0,0,0,3,3,5356513,28,1308,0,0,0,115,24,14505700547,51698558518,52603626075
1790894730,46739432,99044405248,0,0,0,0,0,3,3,5362736,28,1308,0,0,0,115,24,14505700547,51698558518,52603626075
1790894731,46765124,99327422464,0,0,0,0,0,3,3,5368746,28,1308,0,0,0,115,24,14505700547,51698558518,52603626075
1790894732,46788764,99563208704,0,0,0,0,0,3,3,5368746,28,1308,0,0,0,115,24,14505700547,51698558518,52603626075
1790894733,46824616,99855618048,0,0,0,0,0,3,3,5373820,28,1308,0,0,0,115,24,14505700547,51698558518,52603626075
1790894734,46854588,100168290304,0,0,0,0,0,3,3,5373820,28,1308,0,0,0,115,24,14505700547,51698558518,52603626075
1790894735,46894028,100489568256,0,0,0,0,0,3,3,5380099,28,1308,0,0,0,115,24,14505700547,51698558518,52603626075
1790894736,46939736,100818579456,0,0,0,0,0,3,3,5380099,28,1308,0,0,0,115,24,14505700547,51698558518,52603626075
1790894737,46977220,101142265856,0,0,0,0,0,3,3,5386291,28,1308,0,0,0,115,24,14505700547,51698558518,52603626075
1790894738,47006740,101434392576,0,0,0,0,0,3,3,5386291,28,1308,0,0,0,115,24,14505700547,51698558518,52603626075
1790894739,47039592,101749440512,0,0,0,0,0,3,3,5392429,28,1308,0,0,0,115,24,14505700547,51698558518,52603626075
1790894740,47064964,102053871616,0,0,0,0,0,3,3,5392429,28,1308,0,0,0,115,24,14505700547,51698558518,52603626075
1790894741,47091968,102358704128,0,0,0,0,0,3,3,5398758,28,1308,0,0,0,115,24,14505700547,51698558518,52603626075
1790894742,47112768,102660288512,0,0,0,0,0,3,3,5398758,28,1308,0,0,0,115,24,14505700547,51698558518,52603626075
1790894743,47143544,102967758848,0,0,0,0,0,3,3,5405084,28,1308,0,0,0,115,24,14505700547,51698558518,52603626075
1790894744,47159604,103075078144,0,0,0,0,0,3,3,5405084,28,1308,0,0,0,115,24,14505700547,51698558518,52603626075
1790894745,47147112,103078539264,0,0,0,0,0,3,3,5411278,28,1308,0,0,0,115,24,14505700547,51698558518,52603626075
1790894746,47176580,103078436864,0,0,0,0,0,3,3,5411278,28,1308,0,0,0,115,24,14505700547,51698558518,52603626075
1790894747,47181292,103078678528,0,0,0,0,0,3,3,5417515,28,1308,0,0,0,115,24,14505700547,51698558518,52603626075
1790894748,47194844,103072649216,0,0,0,0,0,3,3,5417515,28,1308,0,0,0,115,24,14505700547,51698558518,52603626075
1790894749,47221080,103074099200,0,0,0,0,0,3,3,5423771,28,1308,0,0,0,115,24,14505700547,51698558518,52603626075
1790894750,47254608,103075913728,0,0,0,0,0,3,3,5423771,28,1308,0,0,0,115,24,14505700547,51698558518,52603626075
1790894751,47288568,103077773312,0,0,0,0,0,3,3,5430086,28,1308,0,0,0,115,24,14505700547,51698558518,52603626075
1790894752,47289920,103072821248,0,0,0,0,0,3,3,5430086,28,1308,0,0,0,115,24,14505700547,51698558518,52603626075
1790894753,47298140,103078088704,0,0,0,0,0,3,3,5436433,28,1308,0,0,0,115,24,14505700547,51698558518,52603626075
1790894754,47322652,103070031872,0,0,0,0,0,3,3,5436433,28,1308,0,0,0,115,24,14505700547,51698558518,52603626075
1790894756,47337116,103073660928,0,0,0,0,0,3,3,5442682,28,1308,0,0,0,115,24,14505700547,51698558518,52603626075
1790894757,47359084,103060688896,0,0,0,0,0,3,3,5442682,28,1308,0,0,0,115,24,14505700547,51698558518,52603626075
1790894758,47382456,103078744064,0,0,0,0,0,3,3,5448971,28,1308,0,0,0,115,24,14505700547,51698558518,52603626075
1790894759,47390464,103070404608,0,0,0,0,0,3,3,5455300,28,1308,0,0,0,115,24,14505700547,51698558518,52603626075
1790894760,47409732,103073062912,0,0,0,0,0,3,3,5455300,28,1308,0,0,0,115,24,14505700547,51698558518,52603626075
1790894761,47425920,103067189248,0,0,0,0,0,3,3,5461578,28,1308,0,0,0,115,24,14505700547,51698558518,52603626075
1790894762,47457096,103075586048,0,0,0,0,0,3,3,5461578,28,1308,0,0,0,115,24,14505700547,51698558518,52603626075
1790894763,47436184,103054073856,0,0,0,0,0,3,3,5467839,28,1308,0,0,0,115,24,14505700547,51698558518,52603626075
1790894764,47435696,103054319616,0,0,0,0,0,3,3,5467839,28,1308,0,0,0,115,24,14505700547,51698558518,52603626075
1790894765,47455632,103063912448,0,0,0,0,0,3,3,5473979,28,1308,0,0,0,115,24,14505700547,51698558518,52603626075
1790894766,47481536,103065870336,0,0,0,0,0,3,3,5473979,28,1308,0,0,0,115,24,14505700547,51698558518,52603626075
1790894767,47488812,103073189888,0,0,0,0,0,3,3,5480179,28,1308,0,0,0,115,24,14505700547,51698558518,52603626075
1790894768,47506412,103072088064,0,0,0,0,0,3,3,5480179,28,1308,0,0,0,115,24,14505700547,51698558518,52603626075
1790894769,47524916,103071473664,0,0,0,0,0,3,3,5486397,28,1308,0,0,0,115,24,14505700547,51698558518,52603626075
1790894770,47552396,103076483072,0,0,0,0,0,3,3,5486397,28,1308,0,0,0,115,24,14505700547,51698558518,52603626075
1790894771,47582276,103073103872,0,0,0,0,0,3,3,5492689,28,1308,0,0,0,115,24,14505700547,51698558518,52603626075
1790894772,47592064,103064051712,0,0,0,0,0,3,3,5492689,28,1308,0,0,0,115,24,14505700547,51698558518,52603626075
1790894773,47622744,103077289984,0,0,0,0,0,3,3,5498957,28,1308,0,0,0,115,24,14505700547,51698558518,52603626075
1790894774,47632764,103072206848,0,0,0,0,0,3,3,5498957,28,1308,0,0,0,115,24,14505700547,51698558518,52603626075
1790894775,47651092,103072772096,0,0,0,0,0,3,3,5505289,28,1308,0,0,0,115,24,14505700547,51698558518,52603626075
1790894776,47672812,103079063552,0,0,0,0,0,3,3,5505289,28,1308,0,0,0,115,24,14505700547,51698558518,52603626075
1790894777,47684588,103073083392,0,0,0,0,0,3,3,5511609,28,1308,0,0,0,115,24,14505700547,51698558518,52603626075
1790894778,47717080,103074672640,0,0,0,0,0,3,3,5511609,28,1308,0,0,0,115,24,14505700547,51698558518,52603626075
1790894779,47741124,103069773824,0,0,0,0,0,3,3,5517906,28,1308,0,0,0,115,24,14505700547,51698558518,52603626075
1790894780,47757192,103061561344,0,0,0,0,0,3,3,5517906,28,1308,0,0,0,115,24,14505700547,51698558518,52603626075
1790894781,47773444,103070601216,0,0,0,0,0,3,3,5524186,28,1308,0,0,0,115,24,14505700547,51698558518,52603626075
1790894783,47793328,103077515264,0,0,0,0,0,3,3,5524186,28,1308,0,0,0,115,24,14505700547,51698558518,52603626075
1790894784,47802824,103078817792,0,0,0,0,0,3,3,5530547,28,1308,0,0,0,115,24,14505700547,51698558518,52603626075
1790894785,47818912,103074250752,0,0,0,0,0,3,3,5530547,28,1308,0,0,0,115,24,14505700547,51698558518,52603626075
1790894786,47836272,103075385344,0,0,0,0,0,3,3,5536844,28,1308,0,0,0,115,24,14505700547,51698558518,52603626075
1790894787,47862368,103074643968,0,0,0,0,0,3,3,5543109,28,1308,0,0,0,115,24,14505700547,51698558518,52603626075
1790894788,47875972,103074734080,0,0,0,0,0,3,3,5543109,28,1308,0,0,0,115,24,14505700547,51698558518,52603626075
1790894789,47895212,103064682496,0,0,0,0,0,3,3,5549465,28,1308,0,0,0,115,24,14505700547,51698558518,52603626075
1790894790,47916660,103072759808,0,0,0,0,0,3,3,5549465,28,1308,0,0,0,115,24,14505700547,51698558518,52603626075
1790894791,47931040,103069552640,0,0,0,0,0,3,3,5555885,28,1308,0,0,0,115,24,14505700547,51698558518,52603626075
1790894792,47951624,103072878592,0,0,0,0,0,3,3,5555885,28,1308,0,0,0,115,24,14505700547,51698558518,52603626075
1790894793,47975692,103072428032,0,0,0,0,0,3,3,5562268,28,1308,0,0,0,115,24,14505700547,51698558518,52603626075
1790894794,47993176,103067062272,0,0,0,0,0,3,3,5562268,28,1308,0,0,0,115,24,14505700547,51698558518,52603626075
1790894795,48009408,103069323264,0,0,0,0,0,3,3,5568616,28,1308,0,0,0,115,24,14505700547,51698558518,52603626075
1790894796,48030180,103059263488,0,0,0,0,0,3,3,5568616,28,1308,0,0,0,115,24,14505700547,51698558518,52603626075
1790894797,48031704,103070392320,0,0,0,0,0,3,3,5574955,28,1308,0,0,0,115,24,14505700547,51698558518,52603626075
1790894798,48037484,103058935808,0,0,0,0,0,3,3,5574955,28,1308,0,0,0,115,24,14505700547,51698558518,52603626075
1790894799,48044428,103070355456,0,0,0,0,0,3,3,5581356,28,1308,0,0,0,115,24,14505700547,51698558518,52603626075
1790894800,48032432,103072878592,0,0,0,0,0,3,3,5581356,28,1308,0,0,0,115,24,14505700547,51698558518,52603626075
1790894801,48040212,103079186432,0,0,0,0,0,3,3,5587737,28,1308,0,0,0,115,24,14505700547,51698558518,52603626075
1790894802,48047712,103070052352,0,0,0,0,0,3,3,5587737,28,1308,0,0,0,115,24,14505700547,51698558518,52603626075
1790894803,48061712,103069200384,0,0,0,0,0,3,3,5594106,28,1308,0,0,0,115,24,14505700547,51698558518,52603626075
1790894804,48078520,103057133568,0,0,0,0,0,3,3,5594106,28,1308,0,0,0,115,24,14505700547,51698558518,52603626075
1790894805,48082064,103073808384,0,0,0,0,0,3,3,5600426,28,1308,0,0,0,115,24,14505700547,51698558518,52603626075
1790894806,48114388,103047798784,0,0,0,0,0,3,3,5600426,28,1308,0,0,0,115,24,14505700547,51698558518,52603626075
1790894807,48151244,103074418688,0,0,0,0,0,3,3,5606733,28,1308,0,0,0,115,24,14505700547,51698558518,52603626075
1790894808,48189780,103078641664,0,0,0,0,0,3,3,5606733,28,1308,0,0,0,115,24,14505700547,51698558518,52603626075
1790894810,48223604,103071363072,0,0,0,0,0,3,3,5613144,28,1308,0,0,0,115,24,14505700547,51698558518,52603626075
1790894811,48254524,103062515712,0,0,0,0,0,3,3,5613144,28,1308,0,0,0,115,24,14505700547,51698558518,52603626075
1790894812,48295940,103061848064,0,0,0,0,0,3,3,5619468,28,1308,0,0,0,115,24,14505700547,51698558518,52603626075
1790894813,48312212,103071842304,0,0,0,0,0,3,3,5619468,28,1308,0,0,0,115,24,14505700547,51698558518,52603626075
1790894814,48325680,103074095104,0,0,0,0,0,3,3,5625808,28,1308,0,0,0,115,24,14505700547,51698558518,52603626075
1790894815,48348484,103078719488,0,0,0,0,0,3,3,5632069,28,1308,0,0,0,115,24,14505700547,51698558518,52603626075
1790894816,48355728,103071539200,0,0,0,0,0,3,3,5632069,28,1308,0,0,0,115,24,14505700547,51698558518,52603626075
1790894817,48357352,103075500032,0,0,0,0,0,3,3,5636194,28,1308,0,0,0,115,24,14505700547,51698558518,52603626075
1790894818,48357356,103074619392,0,0,0,0,0,3,3,5636194,28,1308,0,0,0,115,24,14505700547,51698558518,52603626075
1790894819,48357368,103074738176,0,0,0,0,0,3,3,5636194,28,1308,0,0,0,115,24,14505700547,51698558518,52603626075
1790894820,48357384,103074742272,0,0,0,0,0,3,3,5636194,28,1308,0,0,0,115,24,14505700547,51698558518,52603626075
1790894821,48357408,103074770944,0,0,0,0,0,3,3,5636194,28,1308,0,0,0,115,24,14505700547,51698558518,52603626075
1790894822,48357412,103074525184,0,0,0,0,0,3,3,5636194,28,1308,0,0,0,115,24,14505700547,51698558518,52603626075
1790894823,48357412,103074521088,0,0,0,0,0,3,3,5636194,28,1308,0,0,0,115,24,14505700547,51698558518,52603626075
1790894824,48357416,103074525184,0,0,0,0,0,3,3,5636194,28,1308,0,0,0,115,24,14505700547,51698558518,52603626075
1790894825,48357416,103074787328,0,0,0,0,0,3,3,5636194,28,1308,0,0,0,115,24,14505700547,51698558518,52603626075
1790894826,48358208,103075831808,0,0,0,0,0,3,3,5636194,28,1308,0,0,0,115,24,14505700547,51698558518,52603626075
