ts,rss_kb,cg_mem_bytes,Innodb_buffer_pool_wait_free,Innodb_log_waits,Innodb_os_log_pending_fsyncs,Innodb_data_pending_reads,Innodb_data_pending_writes,Innodb_row_lock_waits,Innodb_row_lock_time,Innodb_buffer_pool_pages_dirty,Innodb_buffer_pool_read_requests,Innodb_buffer_pool_reads,Innodb_data_reads,Innodb_data_writes,Innodb_dblwr_writes
1790930958,1471376,1547927552,0,0,,0,0,0,0,0,278,147,158,0,0
1790930959,1494144,1577238528,0,0,,1,0,0,0,158,3280,928,1014,0,0
1790930960,1673184,1761767424,0,0,,2,0,0,0,2761,55674,10786,10870,0,0
1790930961,2031068,2130157568,0,0,,4,0,0,0,4476,184169,31205,31288,4029,29
1790930962,2571008,2684571648,0,0,,4,0,0,0,9004,391508,63287,63369,8058,58
1790930963,3283292,3415252992,0,0,,6,0,0,0,16844,696057,105598,105679,12087,87
1790930964,4150496,4305784832,0,0,,6,0,0,0,28355,1085675,157459,157539,16116,116
1790930965,5220596,5404516352,0,0,,11,0,0,0,41706,1550125,221356,221440,20145,145
1790930966,6411012,6625505280,0,0,,8,0,0,0,59037,2137280,293173,293248,24174,174
1790930967,7739184,7988822016,0,0,,11,0,0,0,78780,2818463,373245,373327,28203,203
1790930968,9208184,9495412736,0,0,,11,0,0,0,101413,3572248,461612,461684,32232,232
1790930969,10795724,11123437568,0,0,,18,0,0,0,126408,4428154,557764,557833,36261,261
1790930970,12460428,12831645696,0,0,,16,0,0,0,158520,5415143,658351,658428,40290,290
1790930971,14227908,14645493760,0,0,,16,0,0,0,185531,6491149,765025,765096,44319,319
1790930972,15961864,16423591936,0,0,,19,0,0,0,217844,7540491,870195,870257,48348,348
1790930973,17765328,18273505280,0,0,,21,0,0,0,247044,8713266,979762,979833,52377,377
1790930974,19684228,20241797120,0,0,,18,0,0,0,280837,9948065,1095705,1095770,56406,406
1790930975,21512068,22113255424,0,0,,26,0,0,0,316880,11244684,1208606,1208680,60481,436
1790930976,23286564,23932674048,0,0,,22,0,0,0,352320,12576056,1316113,1316190,65467,471
1790930978,25003732,25696055296,0,0,,24,0,0,0,387445,13923825,1420497,1420574,71444,514
1790930979,26733780,27471507456,0,0,,21,0,0,0,418823,15322039,1524621,1524688,76551,551
1790930980,28398680,29178068992,0,0,,11,0,0,0,454860,16763595,1626275,1626348,80580,580
1790930981,30032304,30851858432,0,0,,20,0,0,0,492846,18166378,1726399,1726476,89932,646
1790930982,31506844,32364408832,0,0,,24,0,0,0,514858,19571988,1816422,1816501,108069,775
1790930983,32938984,33830805504,0,0,,19,0,0,0,536706,20993802,1903639,1903717,125478,900
1790930984,34293708,35221610496,0,0,,22,0,0,0,558548,22420967,1986224,1986300,144605,1035
1790930985,35636556,36600532992,0,0,,26,0,0,0,578877,23878550,2067459,2067542,165604,1185
1790930986,36938980,37935988736,0,0,,17,0,0,0,590194,25377106,2146418,2146498,184773,1322
1790930987,38221536,39251140608,0,0,,20,0,0,0,599633,26877833,2224477,2224549,204916,1465
1790930988,39471152,40532119552,0,0,,10,0,0,0,618714,28409432,2300656,2300730,224994,1608
1790930989,40723556,41815957504,0,0,,19,0,0,0,638691,29944303,2376742,2376811,245138,1752
1790930990,41883740,43005997056,0,0,,19,0,0,0,657457,31486637,2447385,2447460,265282,1896
1790930991,43062532,44214403072,0,0,,10,0,0,0,678136,33133411,2519321,2519393,285426,2040
1790930992,44217560,45399752704,0,0,,12,0,0,0,699051,34727179,2589369,2589440,305570,2184
1790930993,45349928,46560440320,0,0,,19,0,0,0,719583,36383151,2658503,2658578,325714,2328
1790930994,46471524,47711752192,0,0,,16,0,0,0,741258,38042092,2727110,2727180,345858,2472
1790930995,47512352,48778297344,0,0,,18,0,1,5,762495,39728860,2791042,2791127,366003,2617
1790930996,48545924,49837699072,0,0,,12,0,1,5,783330,41414422,2854293,2854372,386147,2761
1790930997,49583848,50902216704,0,0,,16,0,2,5,803400,43124486,2918056,2918133,406291,2905
1790930998,50569432,51912622080,0,0,,10,0,2,5,824517,44909530,2978829,2978905,426436,3050
1790930999,51561940,52928614400,0,0,,21,0,2,5,846014,46611031,3040098,3040179,447771,3204
1790931001,52519932,53912178688,0,0,,12,0,2,5,866493,48355909,3099038,3099116,470022,3366
1790931002,53467516,54883385344,0,0,,17,0,3,8,887595,50090034,3157426,3157508,492156,3527
1790931003,54411688,55851954176,0,0,,15,0,3,8,907495,51877408,3215609,3215685,514087,3686
1790931004,55342244,56807059456,0,0,,11,0,3,8,927504,53695082,3273024,3273105,535849,3846
1790931005,56281972,57769607168,0,0,,13,0,3,8,947521,55441123,3331007,3331087,558417,4010
1790931006,57195140,58706067456,0,0,,11,0,3,8,967398,57257940,3387313,3387394,579806,4166
1790931007,58092236,59626676224,0,0,,14,0,3,8,986549,59011481,3443072,3443152,601758,4326
1790931008,58986000,60543721472,0,0,,12,0,3,8,1006828,60846482,3498226,3498308,622973,4482
1790931009,59849208,61429219328,0,0,,18,0,3,8,1026566,62672764,3551439,3551518,645635,4648
1790931010,60711892,62314192896,0,0,,12,0,4,9,1045887,64500446,3604928,3605001,667408,4807
1790931011,61573136,63196094464,0,0,,16,0,4,9,1046154,66380262,3657959,3658041,688347,4961
1790931012,62432620,64078352384,0,0,,15,0,4,9,1066048,68248924,3711432,3711513,708494,5108
1790931013,63291344,64958066688,0,0,,17,0,4,9,1086160,70121905,3764627,3764706,728643,5257
1790931014,64123824,65812066304,0,0,,17,0,4,9,1106222,72017202,3816091,3816171,748790,5404
1790931015,64951964,66662092800,0,0,,17,0,4,9,1137362,73948839,3867522,3867603,768939,5553
1790931016,65772400,67503083520,0,0,,14,0,4,9,1146616,75841886,3918530,3918605,789087,5701
1790931017,66581280,68332535808,0,0,,15,0,4,9,1165555,77786025,3968816,3968899,809236,5850
1790931018,67392888,69165490176,0,0,,14,0,4,9,1185419,79665114,4019261,4019339,829385,5999
1790931019,68131524,69917458432,0,0,,13,0,4,9,1204226,81558088,4070130,4070208,849720,6152
1790931020,68142856,69930147840,0,0,,12,0,4,9,1244998,83510632,4120204,4120287,868293,6314
1790931021,68142492,69928710144,0,0,,15,0,4,9,1244884,85461224,4168897,4168973,890166,6494
1790931023,68142144,69928538112,0,0,,8,0,4,9,1285367,87462942,4220775,4220850,904498,6631
1790931024,68144152,69930438656,0,0,,13,0,4,9,1305887,89460531,4271160,4271237,920111,6775
1790931025,68145132,69931098112,0,0,,15,0,4,9,1326902,91535654,4323451,4323526,930782,6891
1790931026,68146596,69932916736,0,0,,9,0,4,9,1346259,93532275,4373470,4373546,951005,7063
1790931027,68147776,69933883392,0,0,,15,0,4,9,1387696,95702789,4428003,4428080,951167,7116
1790931028,68148776,69935685632,0,0,,18,0,4,9,1429131,97864230,4482794,4482870,951295,7169
1790931029,68150608,69937283072,0,0,,13,0,4,9,1468615,99917085,4536164,4536244,959791,7272
1790931030,68151076,69938270208,0,0,,17,0,4,9,1488038,101969691,4588073,4588149,971609,7392
1790931031,68149612,69936775168,0,0,,7,0,4,9,1512843,103950771,4638572,4638647,992034,7574
1790931032,68151104,69938331648,0,0,,14,0,4,9,1521231,105928992,4688500,4688577,1016475,7782
1790931033,68150384,69936644096,0,0,,17,0,4,9,1532280,107885480,4736766,4736841,1046597,8027
1790931034,68149688,69935886336,0,0,,9,0,4,9,1538885,109827411,4785661,4785740,1072754,8248
1790931035,68147768,69935185920,0,0,,18,0,4,9,1545597,111765250,4835063,4835142,1097747,8459
1790931036,68149108,69935222784,7346,0,,19,0,4,9,1528963,113146936,4869909,4869987,1135579,8747
1790931037,68150116,69936574464,11097,0,,13,0,4,9,1515149,114694866,4908979,4909058,1177688,9064
1790931038,68147704,69934600192,14658,0,,15,0,4,9,1522923,116254731,4947198,4947278,1218712,9372
1790931039,68144248,69931094016,16528,0,,8,0,4,9,1510190,117829874,4987285,4987359,1260343,9686
1790931040,68142320,69928845312,17877,0,,20,0,4,9,1497543,119364742,5027011,5027095,1302781,10007
1790931041,68143248,69929836544,19522,0,,19,0,4,9,1485993,120958348,5067040,5067116,1345302,10329
1790931042,68143560,69929332736,20960,0,,21,0,4,9,1474041,122525813,5105746,5105829,1387468,10648
1790931044,68143948,69929889792,22536,0,,12,0,4,9,1462760,124088638,5145095,5145182,1429893,10970
1790931045,68144696,69931454464,23903,0,,14,0,4,9,1450730,125749718,5186117,5186195,1472407,11291
1790931046,68148192,69934858240,23903,0,,15,0,4,9,1443582,127716216,5233696,5233771,1501397,11517
1790931047,68146432,69933846528,23903,0,,16,0,4,9,1456152,129632979,5281914,5281996,1531940,11755
1790931048,68144984,69932118016,23903,0,,16,0,4,9,1463346,131546328,5330065,5330139,1560055,11972
1790931049,68144472,69931597824,26673,0,,12,0,4,9,1450650,132973905,5365290,5365372,1597269,12254
1790931050,68144976,69931061248,31107,0,,12,0,4,9,1438956,134324374,5398874,5398956,1639643,12576
1790931051,68144932,69931302912,31107,0,,15,0,4,9,1446599,136297365,5447082,5447158,1664715,12781
1790931052,68146484,69932609536,31107,0,,12,0,4,9,1456652,138212081,5494516,5494596,1696199,13026
1790931053,68147752,69934399488,31107,0,,16,0,4,9,1461206,140137741,5543320,5543397,1723138,13235
1790931054,68148032,69934448640,34434,0,,16,0,4,9,1448818,141386609,5574819,5574899,1765206,13555
1790931055,68149000,69935304704,37364,0,,13,0,4,9,1435112,142898423,5611689,5611772,1805045,13858
1790931056,68147640,69934071808,37364,0,,11,0,4,9,1442576,144876627,5659721,5659798,1831728,14066
1790931057,68153800,69940117504,37364,0,,9,0,4,9,1452175,146851714,5707076,5707158,1861817,14300
1790931058,68152496,69939576832,37364,0,,16,0,4,9,1457815,148820366,5755564,5755638,1887020,14498
1790931059,68151736,69939073024,37364,0,,14,0,4,9,1468160,150693209,5802780,5802859,1917376,14743
1790931060,68152880,69939970048,37364,0,,12,0,4,9,1475811,152622490,5849189,5849270,1946359,14980
1790931061,68154112,69940957184,37364,0,,11,0,4,9,1482338,154552549,5898284,5898362,1972222,15196
1790931062,68154100,69940432896,37364,0,,13,0,4,9,1495611,156475025,5945515,5945595,2003308,15447
1790931064,68155072,69942202368,37364,0,,15,0,4,9,1504675,158463606,5995542,5995621,2021023,15595
1790931065,68153660,69940498432,37364,0,,16,0,4,9,1519316,160513455,6044963,6045046,2040913,15751
1790931066,68153448,69940584448,37364,0,,14,0,4,9,1539748,162489716,6094055,6094139,2064886,15942
1790931067,68152432,69939388416,37364,0,,15,0,4,9,1549735,164559605,6144548,6144625,2080835,16067
1790931068,68153656,69940224000,37364,0,,18,0,5,15,1564705,166536062,6194836,6194915,2101374,16229
1790931069,68155036,69942431744,37364,0,,18,0,5,15,1583161,168537455,6243370,6243451,2126592,16425
1790931070,68155148,69942497280,37364,0,,11,0,5,15,1597085,170536193,6293130,6293209,2149312,16602
1790931071,68155232,69941825536,39786,0,,18,0,5,15,1599225,171850838,6324704,6324788,2178221,16816
1790931072,68154912,69941522432,39786,0,,10,0,5,15,1592910,173896269,6374043,6374121,2200871,16994
1790931073,68155888,69942755328,39786,0,,14,0,5,15,1606540,175934773,6423718,6423797,2224371,17177
1790931074,68155612,69942792192,39786,0,,10,0,5,15,1617853,177942413,6473238,6473318,2245401,17341
1790931075,68155464,69942358016,39786,0,,19,0,5,15,1632160,179923866,6522099,6522177,2268282,17526
1790931076,68155920,69943345152,39786,0,,4,0,5,15,1644143,181925892,6572156,6572219,2288719,17705
1790931077,68157120,69943771136,40126,0,,0,0,5,15,1656682,183723488,6616409,6616495,2319985,17947
1790931078,68157540,69944999936,40913,0,,18,0,5,15,1654132,185378770,6656650,6656734,2350638,18191
1790931079,68158476,69945499648,43059,0,,15,0,5,15,1636686,186748675,6690221,6690300,2381298,18436
1790931080,68158240,69944938496,43059,0,,14,0,5,15,1655547,188740311,6738895,6738976,2405174,18636
1790931081,68157136,69943828480,43059,0,,16,0,5,15,1668416,190787834,6787883,6787965,2426376,18818
1790931082,68156308,69943443456,45045,0,,15,0,5,15,1658576,192243414,6824461,6824537,2460886,19079
1790931083,68156236,69943152640,46868,0,,13,0,5,15,1649214,193714126,6861359,6861441,2494397,19331
1790931085,68157884,69944840192,46868,0,,17,0,5,15,1667411,195689268,6909718,6909798,2518943,19522
1790931086,68156236,69943386112,47696,0,,15,0,5,15,1655596,197203405,6946425,6946505,2551956,19773
1790931087,68157296,69943963648,47696,0,,15,0,5,15,1675328,199165796,6995155,6995230,2575809,19961
1790931088,68156232,69942681600,47696,0,,13,0,5,15,1685936,201204447,7044966,7045046,2592617,20093
1790931089,68156388,69943320576,48996,0,,16,0,5,15,1695942,202773554,7083294,7083374,2628539,20364
1790931090,68155368,69941706752,48996,0,,16,0,5,15,1691471,204773851,7132256,7132339,2650022,20536
1790931091,68156468,69942874112,48996,0,,21,0,5,15,1709207,206771487,7180177,7180253,2674449,20725
1790931092,68157248,69943648256,53291,0,,14,0,5,15,1697689,208261116,7216421,7216496,2708481,20981
1790931093,68157184,69943844864,57664,0,,11,0,5,15,1689916,209796451,7253113,7253197,2739514,21218
1790931094,68157200,69942267904,57664,0,,14,0,5,15,1706737,211819316,7302294,7302374,2759748,21380
1790931095,68157516,69944471552,57664,0,,15,0,5,15,1722439,213844284,7351076,7351151,2778888,21547
1790931096,68158048,69944782848,57664,0,,10,0,5,15,1738046,215851489,7400939,7401021,2798881,21718
1790931097,68157000,69943951360,57664,0,,15,0,5,15,1754097,217876051,7449852,7449931,2818678,21891
1790931098,68157524,69944758272,57664,0,,14,0,5,15,1773122,219881725,7498392,7498471,2841235,22081
1790931099,68158120,69945622528,57664,0,,16,0,5,15,1785269,221939188,7546979,7547060,2858996,22239
1790931100,68158620,69945593856,57664,0,,15,0,5,15,1797833,223975669,7595765,7595839,2878113,22407
1790931101,68160772,69948076032,59513,0,,13,0,5,15,1788500,225255653,7626171,7626252,2910050,22657
1790931102,68157568,69944643584,59513,0,,16,0,5,15,1805711,227278337,7675204,7675288,2929455,22825
1790931103,68159036,69945765888,59513,0,,7,0,5,15,1820783,229266188,7723715,7723797,2948586,22991
1790931104,68160464,69947203584,63876,0,,17,0,5,15,1810576,230582865,7755761,7755840,2979405,23232
1790931105,68160640,69947916288,63876,0,,19,0,5,15,1826115,232637863,7803886,7803968,2998404,23385
1790931107,68160144,69946904576,65855,0,,13,0,5,15,1815885,234021902,7837092,7837169,3032595,23645
1790931108,68159952,69946687488,65855,0,,13,0,5,15,1835630,236021797,7886911,7886990,3052525,23808
1790931109,68162780,69948952576,65855,0,,17,0,5,15,1847680,238086825,7936010,7936088,3070195,23950
1790931110,68163640,69950484480,65855,0,,16,0,5,15,1865648,240066787,7984931,7985013,3092052,24123
1790931111,68162136,69949411328,65855,0,,15,0,5,15,1880809,242017728,8033077,8033160,3116140,24307
1790931112,68159788,69946531840,65855,0,,16,0,5,15,1892037,244033595,8081301,8081378,3138439,24478
1790931113,68159984,69947006976,65855,0,,12,0,5,15,1905316,246025441,8128709,8128778,3163099,24678
1790931114,68159960,69947465728,65855,0,,15,0,5,15,1911499,248030168,8177383,8177460,3184725,24858
1790931115,68159908,69947101184,65855,0,,16,0,5,15,1919223,250021881,8224900,8224978,3208561,25056
1790931116,68160948,69947715584,67360,0,,13,0,5,15,1914539,251478695,8260386,8260468,3247011,25347
1790931117,68159832,69946568704,67360,0,,15,0,5,15,1921732,253496698,8308527,8308602,3269481,25522
1790931118,68159728,69946732544,68317,0,,10,0,5,15,1911546,255144889,8347934,8348011,3307482,25811
1790931119,68159708,69946474496,68317,0,,15,0,5,15,1918403,257164531,8396605,8396689,3330157,25987
1790931120,68159428,69946155008,68317,0,,13,0,5,15,1923950,259224304,8445682,8445758,3350313,26143
1790931121,68159260,69946445824,68317,0,,13,0,5,15,1932487,261246332,8494475,8494547,3372666,26316
1790931122,68160140,69948219392,68317,0,,7,0,5,15,1943405,263217795,8542238,8542316,3398679,26518
1790931123,68161656,69948960768,68317,0,,13,0,5,15,1955855,265186097,8590024,8590097,3426179,26731
1790931124,68161860,69948956672,68317,0,,17,0,5,15,1964563,267225615,8638060,8638140,3449407,26910
1790931125,68162584,69949448192,68317,0,,13,0,5,15,1969503,269213333,8686558,8686634,3471251,27080
1790931126,68160964,69948276736,68317,0,,11,0,5,15,1974248,271189259,8733511,8733591,3501047,27312
1790931127,68161480,69948805120,69988,0,,14,0,5,15,1963855,272664442,8769478,8769563,3538966,27601
1790931129,68163188,69951102976,70733,0,,2,0,5,15,1951188,274295899,8808214,8808273,3576206,27887
1790931130,68163488,69950881792,70733,0,,13,0,5,15,1955348,276307402,8856789,8856863,3596493,28066
1790931131,68165460,69952380928,70733,0,,10,0,5,15,1965898,278292886,8904398,8904471,3622429,28281
1790931132,68164636,69951553536,70733,0,,16,0,5,15,1975813,280289685,8951041,8951121,3649239,28488
1790931133,68164752,69952143360,70733,0,,9,0,5,15,1984842,282227722,8999081,8999162,3676716,28702
1790931134,68165696,69953155072,70733,0,,13,0,5,15,1986585,284263799,9048129,9048208,3697304,28862
1790931135,68163888,69950484480,71467,0,,0,0,5,15,1992504,285983026,9090167,9090254,3733094,29133
1790931136,68164972,69953073152,73428,0,,6,0,5,15,1978852,287662810,9131883,9131956,3780097,29490
1790931137,68163456,69950341120,73952,0,,16,0,5,15,1966503,289444230,9174113,9174199,3822379,29815
1790931139,68162288,69949870080,75293,0,,11,0,5,15,1953821,291205433,9216353,9216437,3864725,30137
1790931140,68162204,69948997632,75721,0,,18,0,5,15,1944731,293174090,9264412,9264493,3892314,30352
1790931141,68161792,69949132800,75721,0,,13,0,5,15,1954600,295153897,9311401,9311478,3920495,30571
1790931142,68163436,69950586880,75721,0,,15,0,5,15,1963607,297143254,9359133,9359214,3947017,30777
1790931143,68164068,69951205376,75721,0,,12,0,5,15,1964417,299188851,9407694,9407774,3967576,30939
1790931144,68163896,69951557632,76337,0,,20,0,5,15,1970755,300815677,9446806,9446884,4007991,31248
1790931145,68162224,69948555264,76337,0,,14,0,5,15,1959642,302802632,9494123,9494190,4035402,31463
1790931146,68162156,69948723200,76337,0,,13,0,5,15,1968135,304774282,9541274,9541351,4064129,31689
1790931147,68163076,69949648896,76337,0,,15,0,5,15,1974419,306755394,9588153,9588234,4090591,31898
1790931148,68164348,69950701568,76337,0,,14,0,5,15,1978701,308740134,9635594,9635673,4111915,32082
1790931149,68164244,69952167936,77529,0,,16,0,5,15,1967657,309913368,9664293,9664379,4154061,32406
1790931150,68165236,69952397312,78404,0,,16,0,5,15,1955962,311469733,9702208,9702286,4194963,32719
1790931151,68162984,69949865984,79782,0,,13,0,5,15,1941137,313064518,9740225,9740301,4233375,33013
1790931152,68162536,69949636608,82319,0,,18,0,5,15,1927531,314634694,9777069,9777148,4270710,33298
1790931153,68162336,69948661760,82319,0,,17,0,5,15,1936329,316634512,9824566,9824650,4296951,33503
1790931154,68163216,69951123456,82319,0,,11,0,5,15,1941370,318605496,9871879,9871957,4324521,33717
1790931155,68162036,69949399040,84541,0,,18,0,5,15,1948349,320051232,9906614,9906695,4362984,34010
1790931156,68162744,69949603840,84541,0,,15,0,5,15,1952017,322070205,9955120,9955201,4383141,34167
1790931158,68164720,69952122880,84541,0,,13,0,6,20,1959564,324074397,10002469,10002548,4408718,34366
1790931159,68164780,69952184320,84541,0,,20,0,6,20,1970032,326006790,10049356,10049429,4437576,34593
1790931160,68164784,69951434752,84541,0,,13,0,6,20,1974813,328010375,10096496,10096574,4463826,34809
1790931161,68166464,69953118208,84541,0,,18,0,6,20,1977909,330038232,10144494,10144574,4484907,34992
1790931162,68165096,69952249856,84541,0,,16,0,6,20,1989080,332007189,10190523,10190599,4512533,35218
1790931163,68166124,69954269184,86322,0,,9,0,6,20,1973331,333217195,10219824,10219911,4544641,35466
1790931164,68166300,69953462272,87792,0,,1,0,6,20,1959031,334932957,10260647,10260727,4586979,35790
1790931165,68166376,69953540096,87944,0,,15,0,6,20,1949966,336883557,10307771,10307857,4615514,36012
1790931166,68164240,69951885312,87944,0,,19,0,6,20,1958826,338838592,10354835,10354916,4643466,36230
1790931167,68161304,69948108800,87944,0,,15,0,6,20,1967230,340852567,10401251,10401331,4668921,36428
1790931168,68162964,69950328832,90523,0,,19,0,6,20,1961853,342091508,10430896,10430958,4702340,36682
1790931169,68163600,69950447616,91812,0,,10,0,6,20,1933610,343553377,10465152,10465230,4739792,36966
1790931170,68160572,69947342848,91812,0,,17,0,6,20,1944323,345493091,10511521,10511603,4768796,37192
1790931171,68160300,69948121088,92797,0,,16,0,6,20,1928823,347000674,10547320,10547399,4806160,37477
1790931172,68158672,69945413632,94319,0,,19,0,6,20,1912204,348384344,10580262,10580344,4842115,37752
1790931173,68158076,69945294848,95114,0,,19,0,6,20,1918968,349939047,10618044,10618119,4880659,38048
1790931174,68160132,69947121664,95114,0,,12,0,6,20,1910877,351889151,10665326,10665408,4908382,38263
1790931176,68160344,69946843136,95114,0,,17,0,6,20,1921003,353892892,10711807,10711889,4936370,38481
1790931177,68164720,69951578112,95114,0,,18,0,6,20,1928007,355894907,10759007,10759087,4960362,38669
1790931178,68162480,69949800448,95114,0,,17,0,6,20,1931367,357892125,10806386,10806470,4983468,38851
1790931179,68163636,69951467520,95114,0,,16,0,6,20,1940493,359833032,10853287,10853364,5007632,39041
1790931180,68165184,69952561152,99912,0,,16,0,6,20,1946728,361666932,10896307,10896394,5029602,39212
1790931181,68165148,69952020480,108689,0,,17,0,6,20,1929787,362811939,10924402,10924480,5066160,39492
1790931182,68166028,69953716224,108689,0,,15,0,6,20,1939652,364837790,10971234,10971290,5092415,39697
1790931183,68164888,69952524288,108689,0,,7,0,6,20,1947306,366832222,11018090,11018166,5118607,39900
1790931184,68165580,69953249280,110303,0,,11,0,6,20,1928410,367887864,11042514,11042592,5150119,40141
1790931185,68164460,69951463424,111066,0,,13,0,6,20,1934100,369431101,11078981,11079052,5189253,40441
1790931186,68165672,69952892928,112315,0,,20,0,6,20,1921229,371188573,11120262,11120344,5231663,40777
1790931188,68165524,69952925696,112915,0,,5,0,6,20,1907887,372911851,11162036,11162123,5273973,41104
1790931189,68164392,69951508480,113730,0,,22,0,6,20,1895734,374681632,11203604,11203687,5316378,41430
1790931190,68164268,69950865408,114684,0,,26,0,6,20,1882777,376401294,11244289,11244370,5358736,41755
1790931191,68166668,69953576960,114859,0,,17,0,6,20,1873722,378399038,11291743,11291817,5385627,41966
1790931192,68166704,69954023424,114859,0,,16,0,6,20,1882468,380401307,11339131,11339211,5412300,42173
1790931193,68167048,69953953792,115056,0,,15,0,6,20,1889301,382380038,11385810,11385888,5435896,42357
1790931194,68167616,69954211840,115056,0,,15,0,6,20,1899208,384325108,11432332,11432407,5461738,42562
1790931195,68168264,69955440640,115056,0,,20,0,6,20,1904316,386359717,11479606,11479688,5483854,42739
1790931196,68167976,69955686400,115056,0,,13,0,6,20,1913181,388306290,11526147,11526227,5510412,42946
1790931198,68166260,69952884736,116104,0,,22,0,6,20,1915660,389441276,11552932,11553010,5542495,43195
1790931199,68167012,69954179072,117034,0,,1,0,6,20,1902145,391236057,11594958,11595045,5584821,43520
1790931200,68165608,69951942656,119735,0,,1,0,6,20,1889007,393040716,11636323,11636407,5620007,43792
1790931201,68165392,69952233472,120382,0,,16,0,6,20,1878976,394531088,11672673,11672748,5655429,44066
1790931202,68164616,69951193088,123645,0,,12,0,6,20,1869577,395959422,11707715,11707789,5691278,44340
1790931203,68166276,69953146880,125116,0,,12,0,7,22,1852870,397349788,11740854,11740934,5725001,44597
1790931204,68167200,69954129920,126080,0,,15,0,7,22,1836887,398706466,11772887,11772966,5759520,44862
1790931205,68166324,69953118208,126648,0,,0,0,8,30,1842501,400232938,11808906,11808993,5794546,45129
1790931206,68166340,69954035712,127240,0,,17,0,8,30,1832344,402078891,11853078,11853154,5820867,45334
1790931207,68167260,69953835008,127240,0,,18,0,8,30,1842323,404109769,11899567,11899651,5845025,45522
1790931208,68166292,69953679360,128746,0,,21,0,8,30,1846501,405364032,11929959,11930044,5879436,45784
1790931210,68164824,69952430080,129536,0,,13,0,8,30,1835215,407184204,11972115,11972198,5921850,46109
1790931211,68164832,69951131648,129664,0,,13,0,8,30,1825886,409062612,12017315,12017397,5955833,46372
1790931212,68165932,69952843776,130066,0,,10,0,8,30,1817842,410516906,12052079,12052161,5989047,46629
1790931213,68166276,69954449408,130826,0,,12,0,8,30,1807462,411910293,12083497,12083576,6023007,46891
1790931214,68162128,69949153280,130826,0,,17,0,8,30,1817009,413868536,12129910,12129996,6045493,47079
1790931215,68161444,69948751872,130826,0,,14,0,8,30,1824333,415860822,12176798,12176876,6069193,47277
1790931216,68162972,69950103552,130826,0,,14,0,10,41,1831032,417858168,12223687,12223768,6091315,47462
1790931217,68162272,69949591552,130826,0,,16,0,10,41,1841063,419821961,12270182,12270258,6116213,47664
1790931218,68162476,69948989440,131385,0,,0,0,10,41,1845552,421178254,12301949,12302036,6147708,47905
1790931219,68161808,69948891136,132198,0,,15,0,10,41,1834281,422938042,12344020,12344100,6181130,48164
1790931220,68160964,69947703296,133912,0,,22,0,10,41,1825470,424299090,12376140,12376218,6215339,48428
1790931221,68162112,69949415424,134701,0,,14,0,10,41,1812712,425769586,12409303,12409379,6249922,48692
1790931222,68162888,69949603840,135780,0,,20,0,10,41,1795167,427121895,12441548,12441627,6282763,48944
1790931223,68163360,69951111168,139609,0,,20,0,10,41,1803357,428722024,12479028,12479113,6319312,49223
1790931224,68163608,69951180800,139865,0,,18,0,10,41,1794497,430728148,12525194,12525277,6345032,49433
1790931226,68165668,69952528384,140660,0,,0,0,10,41,1800521,432267097,12561242,12561329,6377876,49693
1790931227,68164076,69950881792,140987,0,,17,0,10,41,1790967,433984908,12601696,12601769,6411649,49955
1790931228,68164376,69952245760,141901,0,,15,0,10,41,1784405,435355834,12634616,12634700,6446250,50222
1790931229,68164364,69951741952,143053,0,,18,0,10,41,1770185,436734390,12666764,12666838,6478725,50472
1790931230,68164112,69951455232,143053,0,,18,0,10,41,1780218,438727761,12714070,12714152,6501404,50662
1790931231,68163616,69951467520,143053,0,,15,0,10,41,1790648,440734304,12760853,12760919,6524850,50855
1790931232,68165996,69953122304,143053,0,,15,0,10,41,1801327,442709168,12808209,12808291,6549549,51057
1790931233,68167840,69955829760,143053,0,,15,0,10,41,1808951,444731236,12854457,12854537,6569740,51228
1790931234,68168120,69955301376,143053,0,,18,0,10,41,1818844,446705167,12901074,12901149,6592180,51415
1790931235,68169072,69956005888,143053,0,,9,0,10,41,1829225,448686270,12947468,12947551,6616447,51613
1790931236,68168788,69956513792,144647,0,,24,0,10,41,1832904,450021176,12978955,12979038,6650511,51880
1790931238,68167244,69955440640,146042,0,,3,0,10,41,1820694,451865472,13022135,13022222,6692949,52207
1790931239,68167292,69953753088,146524,0,,1,0,10,41,1809607,453681292,13065360,13065447,6729217,52488
1790931240,68165084,69953236992,147181,0,,14,0,10,41,1801000,455264767,13102577,13102657,6764019,52758
1790931241,68166516,69953667072,147780,0,,12,0,10,41,1793287,456760700,13137315,13137397,6799031,53028
1790931242,68166668,69953830912,148566,0,,16,0,10,41,1784223,458153046,13171396,13171478,6833170,53290
1790931243,68167520,69954101248,149802,0,,13,0,10,41,1764413,459738882,13207960,13208038,6866393,53545
1790931244,68165016,69952409600,150606,0,,5,0,10,41,1772408,461390462,13247142,13247229,6904705,53838
1790931245,68163632,69950177280,151079,0,,0,0,10,41,1762886,463300961,13291601,13291688,6938598,54099
1790931246,68165248,69951680512,152082,0,,11,0,10,41,1753973,464765520,13327337,13327415,6969297,54336
1790931247,68165452,69952823296,152082,0,,14,0,10,41,1762264,466732313,13373910,13373986,6994432,54531
1790931248,68164712,69951811584,153288,0,,16,0,10,41,1754396,467918186,13401757,13401839,7027813,54786
1790931249,68166612,69952634880,154158,0,,17,0,10,41,1737765,469336461,13435136,13435220,7059181,55027
1790931250,68163632,69950844928,154158,0,,14,0,10,41,1750046,471313077,13482987,13483071,7080487,55196
1790931251,68163848,69950943232,154158,0,,16,0,10,41,1764009,473300126,13530272,13530348,7104244,55385
1790931253,68163992,69950578688,154158,0,,12,0,10,41,1775549,475275207,13577478,13577560,7128311,55574
1790931254,68163192,69950529536,154158,0,,12,0,10,41,1784784,477298673,13625200,13625281,7149856,55741
1790931255,68164652,69952024576,154158,0,,15,0,10,41,1795016,479310537,13671810,13671890,7173494,55925
1790931256,68164124,69951762432,154158,0,,19,0,10,41,1805745,481276827,13718250,13718332,7198948,56123
1790931257,68165508,69952651264,154158,0,,17,0,11,42,1812375,483232057,13765486,13765565,7221845,56309
1790931258,68166488,69954150400,155742,0,,9,0,11,42,1799566,484084755,13785545,13785613,7253103,56550
1790931259,68166524,69953417216,156664,0,,16,0,11,42,1802483,485440066,13817184,13817262,7286246,56804
1790931260,68166344,69953765376,157154,0,,13,0,11,42,1792960,487303267,13861094,13861179,7326738,57116
1790931261,68165284,69952532480,158431,0,,10,0,11,42,1783591,489154406,13906743,13906809,7369053,57441
1790931263,68164452,69952172032,160179,0,,20,0,12,42,1773279,490958604,13950727,13950810,7411482,57767
1790931264,68163488,69950050304,160179,0,,17,0,12,42,1765625,492887010,13994546,13994622,7441161,57999
1790931265,68163876,69950394368,162001,0,,18,0,12,42,1760899,494202516,14024991,14025070,7473778,58248
1790931266,68163916,69950509056,163087,0,,16,0,12,42,1743618,495622631,14058267,14058346,7505964,58495
1790931267,68165516,69953597440,164436,0,,7,0,12,42,1748640,496945845,14090258,14090345,7538832,58745
1790931268,68165272,69952131072,164537,0,,17,0,12,42,1739689,498900336,14135547,14135630,7570626,58992
1790931269,68164608,69951709184,165292,0,,14,0,12,42,1737284,500224439,14167697,14167775,7603901,59249
1790931270,68165184,69951787008,166275,0,,19,0,12,42,1725514,501751591,14203439,14203524,7637592,59506
1790931271,68163028,69950328832,167090,0,,16,0,12,42,1710681,503217211,14238615,14238680,7670728,59759
1790931272,68164352,69950943232,169767,0,,17,0,12,42,1721096,504872626,14277768,14277855,7706213,60029
1790931273,68163892,69950558208,170086,0,,16,0,12,42,1715472,506775880,14322179,14322257,7737357,60270
1790931274,68164940,69951569920,171096,0,,15,0,12,42,1711879,508207006,14355261,14355333,7770470,60524
1790931275,68163356,69949919232,172600,0,,19,0,13,43,1695938,509663869,14389681,14389762,7803798,60779
1790931276,68162964,69949816832,172600,0,,13,0,13,43,1709029,511681289,14436541,14436616,7827703,60965
1790931277,68163128,69949677568,175863,0,,12,0,13,43,1710017,512629998,14457954,14458041,7853366,61160
1790931279,68164648,69952299008,179304,0,,24,0,13,43,1701528,514521071,14503464,14503548,7895674,61483
1790931280,68166300,69953175552,179758,0,,15,0,13,43,1694124,516443671,14548395,14548474,7927651,61730
1790931281,68167736,69955117056,181210,0,,14,0,13,43,1690360,517825029,14580826,14580905,7960503,61984
1790931282,68168048,69955035136,183609,0,,16,0,13,43,1678878,519277893,14615004,14615085,7993312,62235
1790931283,68165692,69953318912,184010,0,,17,0,13,43,1664405,520826544,14651946,14652025,8026580,62492
1790931284,68166996,69954080768,184010,0,,13,0,13,43,1685598,522822490,14699967,14700046,8048782,62670
1790931285,68167504,69955461120,188683,0,,15,0,13,43,1692577,524752383,14745623,14745700,8066518,62815
1790931286,68166612,69953781760,190403,0,,17,0,13,43,1709223,526674521,14790453,14790528,8093797,63034
1790931287,68167424,69954084864,190403,0,,15,0,13,43,1721772,528684169,14838279,14838357,8113992,63206
1790931288,68168036,69955239936,190403,0,,12,0,13,43,1730245,530670790,14886305,14886381,8134192,63378
1790931289,68167744,69955194880,190403,0,,22,0,13,43,1742631,532643401,14934384,14934463,8155077,63553
1790931290,68168380,69955887104,190403,0,,13,0,13,43,1759609,534610376,14981773,14981852,8179892,63751
1790931291,68169480,69957246976,190403,0,,14,0,13,43,1766895,536592038,15029363,15029446,8200077,63921
1790931292,68168880,69956100096,190403,0,,13,0,13,43,1777273,538571257,15076353,15076435,8222322,64104
1790931293,68168944,69955903488,190403,0,,14,0,13,43,1787754,540582667,15122814,15122893,8245722,64294
1790931295,68168208,69955420160,190403,0,,14,0,13,43,1797596,542562930,15169571,15169653,8269958,64490
1790931296,68168716,69955657728,190403,0,,19,0,13,43,1808006,544548842,15216420,15216499,8295063,64691
1790931297,68169556,69956800512,190403,0,,15,0,13,43,1817619,546539998,15262342,15262422,8318941,64884
1790931298,68169672,69956669440,190403,0,,15,0,13,43,1825929,548469306,15307819,15307900,8341272,65068
1790931299,68167852,69956034560,190403,0,,13,0,13,43,1834177,550437051,15354768,15354846,8361463,65239
1790931300,68165144,69952561152,191832,0,,17,0,13,43,1841730,552303886,15399593,15399676,8401781,65551
1790931302,68164952,69952360448,192639,0,,11,0,13,43,1830365,554174214,15444483,15444570,8444198,65877
1790931303,68164348,69950935040,195555,0,,0,0,13,43,1819970,556070120,15489425,15489512,8484150,66185
1790931304,68166512,69953826816,199407,0,,14,0,13,43,1809257,557865500,15531458,15531541,8516467,66435
1790931305,68167832,69955424256,200491,0,,15,0,13,43,1802661,559216138,15563030,15563112,8549743,66691
1790931306,68168964,69956673536,201667,0,,16,0,13,43,1785377,560627390,15595323,15595404,8582646,66944
1790931307,68167888,69955645440,202432,0,,13,0,13,43,1788897,561970345,15626417,15626498,8615520,67197
1790931308,68165772,69953478656,203287,0,,4,0,13,43,1777597,563728682,15667825,15667912,8656118,67510
1790931309,68166260,69953150976,203501,0,,0,0,13,43,1767180,565572163,15711561,15711648,8688493,67761
1790931310,68167256,69954490368,204998,0,,15,0,13,43,1764883,566947383,15743957,15744035,8722209,68022
1790931311,68167092,69954326528,206045,0,,16,0,13,43,1751294,568493013,15780443,15780521,8755791,68279
1790931312,68166060,69954310144,208902,0,,18,0,13,43,1735132,569895188,15815104,15815182,8788699,68530
1790931314,68167516,69955215360,210298,0,,0,0,13,43,1741706,571444532,15851757,15851844,8825567,68813
1790931315,68168468,69955735552,210458,0,,11,0,13,43,1734066,573375580,15896510,15896591,8857328,69059
1790931316,68169132,69957451776,212474,0,,17,0,13,43,1727542,574738449,15928664,15928740,8890552,69316
1790931317,68166892,69954379776,214072,0,,15,0,13,43,1716919,576155516,15961936,15962016,8924230,69573
1790931318,68167836,69955076096,218202,0,,15,0,13,43,1700030,577640374,15995862,15995939,8956279,69819
1790931319,68168188,69955153920,218202,0,,17,0,13,43,1712418,579649247,16043424,16043503,8977671,70001
1790931320,68168872,69956665344,218202,0,,14,0,13,43,1727150,581606551,16089918,16089997,8999769,70185
1790931321,68166188,69953142784,218202,0,,15,0,13,43,1741011,583534861,16136979,16137054,9021876,70369
1790931322,68166404,69953409024,218202,0,,15,0,13,43,1754916,585527701,16184130,16184208,9043677,70551
1790931323,68167796,69955317760,218202,0,,15,0,13,43,1767427,587494061,16230680,16230753,9065980,70734
1790931324,68168948,69956521984,218202,0,,12,0,13,43,1779234,589501135,16277253,16277337,9088958,70923
1790931325,68170376,69957959680,218202,0,,14,0,13,43,1790755,591488344,16324728,16324808,9111474,71108
1790931326,68169864,69957414912,218202,0,,16,0,13,43,1802665,593422376,16371515,16371598,9134472,71297
1790931327,68167744,69954490368,218202,0,,18,0,14,46,1811936,595425710,16418363,16418444,9158134,71491
1790931328,68167156,69954641920,218202,0,,10,0,14,46,1819156,597417540,16465141,16465219,9179881,71674
1790931329,68167444,69954646016,218202,0,,15,0,14,46,1826457,599395218,16511818,16511900,9200375,71849
1790931330,68167312,69953818624,218202,0,,15,0,14,46,1837818,601324336,16558417,16558503,9224929,72049
1790931331,68166448,69953925120,218202,0,,13,0,14,46,1847760,603311050,16604236,16604315,9248242,72241
1790931332,68167796,69954760704,218202,0,,17,0,14,46,1858251,605263149,16650308,16650386,9272871,72442
1790931334,68166496,69954514944,218202,0,,17,0,14,46,1867060,607193685,16696689,16696755,9296890,72640
1790931335,68166300,69953019904,218202,0,,0,0,14,46,1874159,609125435,16743612,16743699,9321113,72840
1790931336,68167220,69954453504,218202,0,,18,0,14,46,1880060,611097018,16791637,16791721,9342661,73021
1790931337,68168144,69955936256,219181,0,,16,0,14,46,1869277,612090790,16815995,16816075,9378113,73292
1790931338,68168216,69956001792,219958,0,,15,0,14,46,1853697,613521694,16850747,16850823,9412951,73560
1790931339,68165976,69953925120,221339,0,,14,0,14,46,1857359,614989568,16885278,16885354,9447197,73822
1790931340,68166256,69953990656,222065,0,,11,0,14,46,1846229,616846392,16928272,16928359,9488626,74141
1790931341,68167440,69954670592,222831,0,,0,0,14,46,1835748,618729902,16972905,16972992,9523308,74408
1790931342,68169484,69957050368,224955,0,,14,0,14,46,1828064,620216543,17008936,17009014,9558289,74678
1790931343,68169092,69956657152,225851,0,,12,0,14,46,1818123,621715871,17044471,17044546,9593129,74945
1790931344,68167216,69954195456,227485,0,,18,0,14,46,1801959,623143506,17077302,17077381,9627359,75208
1790931345,68165616,69953368064,227485,0,,15,0,14,46,1813278,625195750,17123723,17123808,9650036,75384
1790931346,68164560,69951737856,228368,0,,15,0,14,46,1796317,626415676,17152348,17152424,9681529,75626
1790931348,68164668,69952143360,230240,0,,13,0,14,46,1804556,628093930,17191668,17191750,9720703,75927
1790931349,68166140,69953638400,230365,0,,16,0,14,46,1796501,630088208,17237757,17237841,9746332,76127
1790931350,68167492,69954654208,230365,0,,22,0,14,46,1808087,632113142,17284829,17284910,9770103,76312
1790931351,68169532,69957894144,230365,0,,17,0,14,46,1819750,634107753,17331082,17331162,9795011,76506
1790931352,68170364,69957599232,230365,0,,13,0,14,46,1830486,636135324,17378112,17378194,9817306,76680
1790931353,68167080,69954596864,230365,0,,15,0,14,46,1843027,638107097,17425310,17425389,9842294,76874
1790931354,68167300,69954584576,230365,0,,15,0,14,46,1849594,640150624,17471963,17472044,9863787,77042
1790931355,68167480,69954715648,233494,0,,17,0,14,46,1835781,641118278,17494600,17494679,9895238,77282
1790931356,68167952,69955506176,234655,0,,16,0,14,46,1819770,642592094,17529608,17529683,9930162,77549
1790931357,68168012,69954494464,235243,0,,0,0,14,46,1828204,644268041,17571025,17571112,9966980,77832
1790931358,68167160,69954457600,235796,0,,16,0,14,46,1820188,646131218,17614986,17615062,9994763,78050
1790931359,68167376,69954375680,237661,0,,14,0,15,46,1815442,647352442,17643505,17643585,10030831,78326
1790931360,68165792,69953015808,237661,0,,12,0,15,46,1823988,649382299,17691587,17691674,10053457,78505
1790931361,68167416,69954441216,237661,0,,14,0,15,46,1830914,651407178,17740214,17740294,10073616,78663
1790931362,68168740,69957074944,237661,0,,14,0,15,46,1839445,653422543,17787386,17787463,10096108,78838
1790931363,68168804,69956386816,242177,0,,14,0,15,46,1826375,654318124,17807373,17807455,10125032,79058
1790931364,68170404,69957984256,243715,0,,18,0,15,46,1829738,655538984,17836150,17836225,10157511,79306
1790931365,68169292,69956599808,243715,0,,11,0,15,46,1823432,657529345,17883236,17883314,10182797,79504
1790931366,68169500,69957054464,243715,0,,16,0,15,46,1834278,659478037,17929123,17929201,10209382,79710
1790931368,68168860,69955731456,244757,0,,10,0,15,46,1826998,660847129,17961314,17961390,10245328,79987
1790931369,68166932,69954179072,244757,0,,15,0,15,46,1835249,662858516,18009242,18009324,10265485,80144
1790931370,68168260,69955825664,244757,0,,14,0,15,46,1841446,664881779,18057499,18057580,10285642,80301
1790931371,68168464,69954867200,244757,0,,14,0,15,46,1852662,666861783,18104962,18105042,10310062,80492
1790931372,68170540,69957787648,244757,0,,19,0,16,47,1861978,668907893,18151273,18151349,10334743,80687
1790931373,68170952,69957480448,246425,0,,11,0,16,47,1864502,670163202,18180429,18180505,10366513,80930
1790931374,68168132,69954523136,246733,0,,1,0,16,47,1852516,672009567,18224079,18224166,10402964,81211
1790931375,68168444,69955375104,247168,0,,8,0,16,47,1843877,673656516,18262149,18262233,10437367,81477
1790931376,68168772,69955878912,248559,0,,13,0,16,47,1836010,675186840,18296945,18297028,10472896,81750
1790931377,68166652,69953789952,250137,0,,22,0,17,51,1838836,676715419,18332534,18332612,10508766,82025
1790931378,68167136,69953794048,251878,0,,14,0,17,51,1805417,678189954,18367069,18367152,10544515,82299
1790931379,68168036,69955997696,253070,0,,14,0,17,51,1810717,679676028,18402455,18402532,10579426,82566
1790931380,68167360,69953986560,253070,0,,14,0,17,51,1801442,681576256,18446851,18446932,10614226,82834
1790931381,68166872,69954043904,256177,0,,15,0,17,51,1792106,683183807,18484968,18485047,10649695,83106
1790931382,68167876,69954686976,257871,0,,20,0,18,56,1784144,684652099,18519596,18519676,10685786,83384
1790931383,68168136,69955850240,261194,0,,18,0,18,56,1771292,686137035,18554504,18554581,10721670,83658
1790931384,68167424,69955112960,262610,0,,19,0,18,56,1758099,687642015,18589465,18589547,10756332,83922
1790931385,68166472,69953101824,262610,0,,8,0,18,56,1772383,689678665,18635876,18635958,10780256,84108
1790931386,68166968,69954375680,262610,0,,17,0,18,56,1786033,691655879,18683536,18683614,10804715,84298
1790931387,68167704,69955436544,262610,0,,18,0,18,56,1797753,693631779,18730751,18730834,10827783,84478
1790931389,68166700,69954125824,262610,0,,12,0,18,56,1807307,695620660,18778058,18778136,10850492,84655
1790931390,68167404,69954572288,262610,0,,12,0,18,56,1813821,697678141,18825478,18825562,10870649,84812
1790931391,68168288,69955493888,262610,0,,16,0,18,56,1825449,699629534,18872268,18872350,10893933,84995
1790931392,68168428,69955874816,265044,0,,3,0,18,56,1831960,701176828,18909395,18909482,10931141,85279
1790931393,68169820,69956509696,265888,0,,1,0,18,56,1822369,703041630,18954381,18954468,10969522,85575
1790931394,68170000,69957513216,267087,0,,14,0,18,56,1814337,704798768,18995832,18995909,10995754,85778
1790931395,68171036,69957709824,267087,0,,15,0,18,56,1825487,706767266,19043330,19043414,11017981,85953
1790931396,68170752,69957476352,267588,0,,2,0,18,56,1833817,708535103,19083455,19083542,11049449,86195
1790931397,68168652,69957447680,268797,0,,17,0,18,56,1824830,710167107,19121555,19121635,11078446,86419
1790931398,68167900,69955072000,269179,0,,22,0,18,56,1833186,712157933,19170031,19170114,11098741,86578
1790931399,68168136,69955047424,271539,0,,0,0,18,56,1842031,713882816,19210136,19210223,11126370,86790
1790931400,68168948,69956124672,273037,0,,7,0,18,56,1830144,714995929,19236412,19236492,11152858,86993
1790931402,68169728,69957550080,274312,0,,0,0,18,56,1832325,715817756,19255353,19255440,11181275,87210
1790931403,68168964,69955911680,275967,0,,19,0,18,56,1822920,717722653,19300856,19300940,11223703,87537
1790931404,68170180,69956886528,275967,0,,15,0,18,56,1815310,719733700,19348574,19348656,11247811,87725
1790931405,68169088,69956284416,275967,0,,19,0,18,56,1828855,721718308,19396108,19396188,11271908,87913
1790931406,68168420,69955506176,276837,0,,13,0,18,56,1833572,723197891,19431242,19431328,11306410,88177
1790931407,68167136,69954289664,277140,0,,15,0,18,56,1825701,725192700,19478229,19478307,11330105,88363
1790931408,68165652,69952245760,277140,0,,7,0,18,56,1838382,727198208,19524702,19524784,11354648,88556
1790931410,68167364,69954543616,277778,0,,19,0,18,56,1843639,728572010,19558825,19558908,11389099,88821
1790931411,68166340,69953458176,278443,0,,12,0,18,56,1832059,730424056,19602266,19602353,11431504,89148
1790931412,68166124,69952987136,278679,0,,13,0,18,56,1823412,732379077,19649626,19649706,11456753,89358
1790931413,68166140,69953519616,278679,0,,9,0,18,56,1835033,734342939,19696145,19696224,11482070,89567
1790931414,68166972,69954056192,278679,0,,13,0,18,56,1844677,736267727,19742774,19742852,11507680,89777
1790931415,68164412,69952045056,278679,0,,17,0,18,56,1852762,738176039,19789504,19789582,11534422,89996
1790931416,68166012,69952864256,278679,0,,15,0,18,56,1856584,740177822,19836956,19837032,11554665,90172
1790931417,68166016,69953404928,278679,0,,12,0,18,56,1866659,742167459,19883901,19883980,11579888,90378
1790931418,68167596,69955006464,278679,0,,16,0,18,56,1876753,744110553,19931323,19931407,11607175,90598
1790931419,68167216,69954170880,278679,0,,15,0,18,56,1886038,746015207,19977924,19978001,11631569,90800
1790931420,68165560,69953179648,278679,0,,18,0,18,56,1895828,747955418,20024274,20024350,11655595,90998
1790931421,68164924,69952016384,278679,0,,13,0,18,56,1897040,749917372,20071971,20072051,11675952,91176
1790931422,68165408,69952516096,278679,0,,16,0,18,56,1905917,751902541,20118356,20118435,11699849,91374
1790931423,68166440,69953835008,278679,0,,16,0,18,56,1914913,753879495,20164943,20165026,11725556,91584
1790931424,68165468,69952839680,278679,0,,16,0,18,56,1922882,755838810,20212372,20212451,11752099,91798
1790931425,68165124,69952733184,278679,0,,14,0,18,56,1928298,757812517,20258632,20258714,11776954,92004
1790931426,68165760,69952901120,278679,0,,16,0,18,56,1931612,759817475,20306393,20306472,11798335,92186
1790931428,68163612,69951737856,278679,0,,16,0,18,56,1940530,761798890,20352638,20352710,11823940,92394
1790931429,68163268,69950328832,278679,0,,15,0,18,56,1949974,763765945,20398996,20399079,11850453,92609
1790931430,68163200,69950017536,279425,0,,12,0,18,56,1931174,764928395,20426405,20426486,11881740,92854
1790931431,68163232,69950849024,280068,0,,12,0,18,56,1936894,766541950,20465022,20465109,11920347,93150
1790931432,68164256,69951090688,281562,0,,1,0,18,56,1925124,768426449,20509276,20509363,11962625,93475
1790931433,68164184,69951770624,284702,0,,18,0,18,56,1911323,770186814,20551205,20551287,12004884,93799
1790931434,68164436,69951262720,284904,0,,14,0,18,56,1901838,772155138,20598128,20598208,12031575,94007
1790931435,68165600,69952970752,284904,0,,13,0,18,56,1911156,774101570,20645026,20645105,12057897,94212
1790931436,68166744,69954142208,284904,0,,17,0,18,56,1922586,776082077,20692342,20692420,12084036,94416
1790931437,68166004,69953130496,284904,0,,12,0,18,56,1928690,778069021,20739878,20739955,12107907,94602
1790931438,68166156,69954318336,284904,0,,18,0,18,56,1931829,780095058,20788419,20788500,12128256,94761
1790931440,68166724,69953863680,284904,0,,17,0,18,56,1942021,782145628,20834694,20834775,12153774,94959
1790931441,68168328,69955514368,287676,0,,3,0,18,56,1945220,783507660,20867060,20867147,12188578,95225
1790931442,68167448,69954846720,288956,0,,0,0,18,56,1931130,785205505,20908234,20908321,12228199,95529
1790931443,68166212,69953081344,290033,0,,12,0,18,56,1919411,787071811,20950536,20950618,12254829,95744
1790931444,68167404,69954035712,290033,0,,14,0,18,56,1929445,789028409,20997929,20998009,12280863,95949
1790931445,68168756,69956972544,293061,0,,18,0,18,56,1932012,790271802,21027478,21027558,12313613,96197
1790931447,68169404,69956866048,294596,0,,12,0,18,56,1919337,792002765,21069041,21069118,12356007,96523
1790931448,68168852,69955514368,294841,0,,16,0,18,56,1917294,794002007,21116173,21116252,12382694,96731
1790931449,68166596,69953716224,294841,0,,13,0,18,56,1926804,795932671,21162182,21162260,12407720,96930
1790931450,68165236,69952090112,294841,0,,18,0,18,56,1936507,797888835,21208887,21208963,12433072,97137
1790931451,68167060,69955248128,294841,0,,17,0,18,56,1944383,799791803,21254760,21254839,12458034,97341
1790931452,68167232,69954924544,294841,0,,13,0,18,56,1948641,801717729,21301095,21301172,12479302,97523
1790931453,68166972,69953605632,294841,0,,17,0,18,56,1956196,803646190,21348593,21348675,12503202,97722
1790931454,68167320,69953966080,294841,0,,12,0,18,56,1964765,805644273,21394995,21395075,12529139,97927
1790931455,68168772,69956218880,294841,0,,16,0,18,56,1975658,807629976,21441556,21441636,12555188,98129
1790931456,68170060,69956796416,294841,0,,13,0,18,56,1982229,809626649,21488582,21488662,12580140,98324
1790931457,68169056,69956247552,294841,0,,19,0,18,56,1984265,811625356,21536577,21536662,12600381,98482
1790931458,68169200,69956141056,294841,0,,13,0,18,56,1993937,813615831,21583210,21583293,12626382,98685
1790931459,68167248,69954379776,296479,0,,5,0,18,56,1991336,814939335,21614652,21614739,12660867,98950
1790931460,68166364,69953486848,297254,0,,0,0,18,56,1976674,816680664,21655475,21655562,12697638,99233
1790931461,68167532,69954183168,298199,0,,20,0,18,56,1962674,818443226,21696634,21696707,12726727,99460
1790931462,68168100,69954760704,298199,0,,14,0,18,56,1973282,820388971,21743605,21743672,12753452,99669
1790931463,68168664,69955502080,298199,0,,12,0,19,57,1980287,822332730,21789442,21789524,12777991,99867
1790931464,68168328,69955768320,298199,0,,10,0,19,57,1985903,824302966,21835145,21835223,12800588,100048
1790931466,68168140,69955051520,298199,0,,15,0,19,57,1994026,826208530,21879420,21879498,12826439,100252
1790931467,68167776,69954965504,298199,0,,16,0,19,57,1999182,828249128,21926775,21926857,12847970,100434
1790931468,68169268,69955710976,298913,0,,0,0,19,57,2004636,829872338,21964577,21964664,12881825,100697
1790931469,68168668,69955641344,299406,0,,13,0,19,57,1993131,831486311,22003904,22003983,12917499,100973
1790931470,68169604,69957091328,300000,0,,13,0,19,57,1982589,832957677,22038668,22038751,12953198,101249
1790931471,68169864,69956816896,300582,0,,15,0,19,57,1969771,834398176,22072856,22072932,12990283,101533
1790931472,68169216,69957459968,301072,0,,12,0,19,57,1952115,835917938,22108764,22108848,13025843,101808
1790931473,68170308,69957517312,301606,0,,15,0,19,57,1935688,837345902,22143288,22143368,13060973,102077
1790931474,68171236,69958991872,302611,0,,18,0,19,57,1941407,838897909,22180047,22180122,13098853,102367
1790931475,68171232,69959548928,304192,0,,3,0,19,57,1928132,840678055,22221857,22221944,13141277,102691
1790931477,68169020,69956481024,306081,0,,7,0,19,57,1915365,842410491,22262785,22262872,13183614,103016
1790931478,68169136,69955514368,306955,0,,0,0,19,57,1904016,844174055,22304537,22304624,13223632,103324
1790931479,68170340,69957533696,307327,0,,15,0,19,57,1892770,845932768,22346584,22346660,13257346,103586
1790931480,68168696,69956628480,310196,0,,13,0,19,57,1883313,847313394,22379708,22379788,13292519,103857
1790931481,68169836,69957292032,311359,0,,18,0,19,57,1871199,848734233,22411446,22411526,13328526,104132
1790931482,68167556,69954166784,312505,0,,15,0,19,57,1856550,850085961,22443908,22443986,13362789,104395
1790931483,68167428,69953773568,313261,0,,15,0,19,57,1839112,851539269,22477574,22477651,13397520,104660
1790931484,68168144,69955014656,313261,0,,18,0,19,57,1851636,853464580,22521955,22522032,13421189,104854
1790931485,68168440,69954891776,313261,0,,13,0,19,57,1863529,855400546,22568500,22568580,13445604,105044
1790931486,68169960,69956911104,316721,0,,19,0,19,57,1867241,856663170,22598451,22598530,13478187,105293
1790931487,68170284,69957746688,316721,0,,10,0,19,57,1858847,858601962,22645447,22645529,13504657,105500
1790931488,68167324,69955031040,316721,0,,19,0,19,57,1868140,860540368,22690825,22690908,13529449,105695
1790931489,68169572,69956345856,316721,0,,18,0,19,57,1878619,862467271,22737871,22737951,13555105,105900
1790931490,68169208,69956415488,318640,0,,14,0,19,57,1861220,863560702,22763858,22763940,13585941,106139
1790931492,68168436,69955964928,321260,0,,17,0,19,57,1867496,865105425,22800650,22800731,13623723,106429
1790931493,68168156,69955309568,322732,0,,22,0,19,57,1856892,866900321,22843825,22843904,13666144,106755
1790931494,68168312,69954891776,323601,0,,19,0,19,57,1846173,868760752,22887695,22887776,13708523,107080
1790931495,68166960,69954338816,325228,0,,17,0,19,57,1836306,870585343,22931350,22931430,13750880,107405
1790931497,68168516,69955739648,326715,0,,2,0,19,57,1825978,872450291,22975064,22975143,13793311,107729
1790931498,68167608,69954469888,327927,0,,0,0,19,57,1815164,874284909,23017975,23018062,13833422,108036
1790931499,68165440,69953044480,328567,0,,18,0,19,57,1805669,876147670,23062886,23062967,13858847,108235
1790931500,68165944,69953290240,328567,0,,16,0,19,57,1817850,878076811,23109655,23109734,13882869,108423
1790931501,68167568,69955207168,328567,0,,17,0,19,57,1827304,879993429,23157073,23157155,13907292,108613
1790931502,68164640,69951475712,329268,0,,13,0,19,57,1837422,881922377,23202969,23203042,13930941,108797
1790931503,68166116,69953220608,331838,0,,16,0,19,57,1840945,882645427,23219766,23219844,13959827,109016
1790931504,68167252,69953581056,332028,0,,1,0,20,58,1830792,884542214,23264084,23264171,13993814,109276
1790931505,68167304,69954703360,332620,0,,12,0,20,58,1821199,886078623,23299843,23299923,14027746,109537
1790931506,68166884,69954187264,333890,0,,16,0,20,58,1811027,887426612,23331921,23332003,14063598,109812
1790931507,68166524,69954420736,336862,0,,16,0,20,58,1796133,888807878,23363752,23363836,14097843,110073
1790931508,68164872,69952241664,337979,0,,17,0,20,58,1781362,890260648,23397985,23398066,14132860,110341
1790931510,68165544,69953134592,337979,0,,17,0,20,58,1795108,892237304,23445262,23445339,14158495,110541
1790931511,68164028,69951066112,337979,0,,12,0,20,58,1806879,894221611,23492570,23492655,14183639,110737
1790931512,68163928,69951246336,337979,0,,11,0,20,58,1818537,896165350,23539809,23539892,14208916,110934
1790931513,68164844,69952684032,340434,0,,20,0,20,58,1809109,897214159,23564969,23565051,14238985,111168
1790931514,68166960,69954142208,341757,0,,19,0,20,58,1805964,898662567,23599202,23599281,14274079,111437
1790931515,68167056,69953945600,344952,0,,5,0,20,58,1795376,900421847,23641413,23641492,14315988,111759
1790931516,68166988,69953343488,345286,0,,0,0,20,58,1785312,902254889,23684364,23684451,14349745,112020
1790931517,68166672,69954023424,346176,0,,17,0,20,58,1778626,903693953,23719357,23719433,14384753,112291
1790931518,68168092,69954953216,349420,0,,16,0,20,58,1768748,905145459,23753734,23753818,14419668,112560
1790931519,68168868,69955747840,353153,0,,20,0,20,58,1748326,906112725,23776788,23776870,14445952,112760
1790931520,68168872,69956575232,353153,0,,17,0,20,58,1762344,908121928,23823566,23823644,14471133,112957
1790931521,68169868,69957521408,353153,0,,20,0,20,58,1774023,910063402,23869005,23869084,14493899,113135
1790931522,68170712,69957156864,353153,0,,19,0,20,58,1786534,912015074,23916552,23916637,14518500,113327
1790931523,68172244,69960044544,354461,0,,17,0,20,58,1768848,913159556,23943446,23943528,14548885,113559
1790931525,68169756,69956939776,355594,0,,7,0,20,58,1777997,914916668,23984580,23984664,14588490,113862
1790931526,68168280,69956231168,355806,0,,10,0,20,58,1769701,916770257,24028695,24028772,14620589,114111
1790931527,68169200,69955883008,356778,0,,14,0,20,58,1762693,918259332,24063289,24063372,14652991,114362
1790931528,68168932,69955801088,356778,0,,15,0,20,58,1770464,920270913,24109189,24109266,14673166,114528
1790931529,68169168,69955612672,356778,0,,16,0,20,58,1777928,922294358,24155339,24155419,14693519,114703
1790931530,68169240,69956411392,356778,0,,17,0,20,58,1790773,924251849,24201564,24201643,14717799,114901
1790931531,68170184,69957591040,356778,0,,21,0,20,58,1801860,926213515,24247609,24247692,14741851,115097
1790931532,68168252,69955452928,356778,0,,17,0,20,58,1812613,928177113,24294136,24294221,14765512,115290
1790931533,68169900,69957357568,357736,0,,16,0,20,58,1813624,929236004,24318947,24319030,14794717,115516
1790931534,68170568,69958696960,358389,0,,18,0,20,58,1802999,931006494,24362703,24362783,14836653,115839
1790931535,68169856,69956481024,358511,0,,14,0,20,58,1793552,932910295,24407375,24407455,14870181,116099
1790931536,68169944,69957419008,359313,0,,15,0,20,58,1782912,934396385,24443281,24443348,14901178,116339
1790931537,68171028,69958287360,359313,0,,18,0,20,58,1790115,936343451,24490203,24490278,14922056,116504
1790931538,68170660,69957357568,359313,0,,20,0,20,58,1801051,938333911,24536939,24537014,14946790,116696
1790931540,68170780,69957574656,360049,0,,1,0,20,58,1806487,939697733,24570328,24570415,14981470,116962
1790931541,68170488,69958246400,361066,0,,18,0,20,58,1796403,941592899,24615176,24615256,15024191,117291
1790931542,68170332,69958307840,361066,0,,14,0,21,58,1787322,943612032,24662191,24662271,15048704,117483
1790931544,68168940,69956165632,361932,0,,23,0,21,58,1794318,945227154,24701103,24701182,15086801,117775
1790931545,68166720,69953822720,361932,0,,15,0,21,58,1784717,947249431,24747624,24747695,15112129,117978
1790931546,68168016,69955604480,361932,0,,14,0,21,58,1795074,949214273,24794875,24794955,15136066,118177
1790931547,68166688,69954326528,361932,0,,19,0,21,58,1807042,951147834,24840124,24840209,15159227,118368
1790931548,68167180,69953785856,361932,0,,14,0,21,58,1817163,953099390,24886734,24886811,15181938,118556
1790931549,68166796,69953900544,361932,0,,17,0,21,58,1826394,955080817,24932890,24932971,15206197,118754
1790931550,68167200,69954007040,361932,0,,14,0,21,58,1835105,957015573,24978305,24978387,15229997,118948
1790931551,68168252,69955915776,361932,0,,13,0,21,58,1838745,958984894,25025762,25025842,15250491,119123
1790931552,68168956,69956132864,361932,0,,17,0,21,58,1848422,960927514,25071985,25072063,15275104,119323
1790931553,68166952,69954076672,361932,0,,19,0,21,58,1857210,962918245,25118150,25118230,15299130,119521
1790931554,68168360,69955272704,361932,0,,15,0,21,58,1868592,964899218,25164415,25164497,15324223,119724
1790931555,68169148,69957099520,361932,0,,8,0,21,58,1877467,966835787,25210933,25211014,15347507,119915
1790931556,68167688,69954588672,361932,0,,13,0,21,58,1884197,968799003,25256960,25257041,15371609,120113
1790931557,68168276,69955969024,361932,0,,15,0,21,58,1889641,970773974,25303498,25303580,15391814,120286
1790931558,68168576,69955739648,363116,0,,21,0,21,58,1876950,971677199,25324322,25324399,15424493,120537
1790931559,68167240,69953597440,364510,0,,16,0,22,63,1859507,973038361,25357859,25357941,15459380,120805
1790931560,68167724,69954588672,365420,0,,7,0,22,63,1864378,974514378,25393571,25393658,15496737,121092
1790931561,68169000,69956993024,365559,0,,14,0,22,63,1854754,976424572,25438030,25438100,15530160,121351
1790931563,68167664,69955317760,366094,0,,12,0,23,63,1846403,977989184,25474706,25474783,15561970,121602
1790931564,68167504,69955129344,366094,0,,8,0,23,63,1851695,980008289,25522601,25522683,15582277,121777
1790931565,68168704,69955887104,366094,0,,19,0,23,63,1861525,981939116,25568560,25568638,15604768,121964
1790931566,68169644,69956481024,366094,0,,17,0,23,63,1873360,983932923,25614735,25614814,15628411,122161
1790931567,68168672,69955825664,366094,0,,15,0,23,63,1884544,985884780,25661394,25661470,15654009,122371
1790931568,68169824,69956743168,366094,0,,19,0,23,63,1893366,987870813,25707473,25707552,15679180,122579
1790931569,68170736,69958496256,368547,0,,6,0,23,63,1879966,988858050,25730641,25730727,15705956,122787
1790931570,68167624,69955821568,371011,0,,20,0,24,63,1878751,990542186,25770085,25770168,15746157,123095
1790931572,68168336,69955768320,371952,0,,1,0,24,63,1868218,992358993,25815790,25815877,15788532,123420
1790931573,68166640,69953736704,372087,0,,12,0,24,63,1858676,994342798,25861889,25861964,15811246,123612
1790931574,68166016,69952577536,372087,0,,14,0,24,63,1870594,996277142,25908304,25908389,15835380,123810
1790931575,68166196,69953540096,372087,0,,17,0,24,63,1880294,998230645,25953800,25953874,15858962,124005
1790931576,68166272,69953880064,372087,0,,13,0,24,63,1891413,1000172649,25999580,25999657,15883178,124203
1790931577,68168556,69955813376,372087,0,,16,0,24,63,1900010,1002098839,26046256,26046335,15907538,124403
1790931578,68166956,69953802240,375918,0,,16,0,24,63,1880844,1003124819,26070791,26070871,15936188,124628
1790931579,68168428,69956390912,377182,0,,24,0,24,63,1888364,1004758277,26109833,26109913,15974525,124922
1790931580,68168660,69955629056,377182,0,,14,0,24,63,1878183,1006619424,26155559,26155625,16007539,125178
1790931581,68168612,69955805184,378193,0,,12,0,24,63,1870458,1008034847,26188935,26189016,16041419,125440
1790931582,68168236,69955301376,380749,0,,14,0,24,63,1856684,1009434094,26222000,26222079,16076432,125709
1790931583,68169620,69957328896,382202,0,,17,0,24,63,1839459,1010773687,26253740,26253818,16109473,125961
1790931584,68169176,69956534272,384360,0,,18,0,24,63,1844495,1012180740,26287648,26287735,16143982,126225
1790931586,68168136,69955457024,385258,0,,2,0,24,63,1834564,1014053583,26332289,26332376,16186351,126551
1790931587,68167368,69953953792,385807,0,,14,0,24,63,1824027,1015905583,26376338,26376415,16219180,126804
1790931588,68167160,69954277376,387009,0,,14,0,24,63,1817515,1017322843,26410152,26410236,16252852,127065
1790931589,68168088,69956001792,389527,0,,13,0,24,63,1804648,1018699232,26442856,26442940,16286298,127320
1790931590,68168272,69956177920,390865,0,,14,0,24,63,1789734,1020134777,26477077,26477122,16319546,127574
1790931591,68169432,69957103616,397330,0,,8,0,24,63,1796129,1021727470,26514195,26514273,16355793,127851
1790931592,68168476,69955936256,397490,0,,13,0,24,63,1787793,1023706517,26561352,26561430,16378195,128026
1790931593,68169864,69956808704,397490,0,,17,0,24,63,1800040,1025672374,26606905,26606983,16400021,128198
1790931594,68168460,69955108864,398210,0,,14,0,24,63,1810411,1027628562,26652206,26652288,16422088,128369
1790931595,68170368,69957062656,398210,0,,15,0,24,63,1820894,1029585902,26698151,26698232,16445600,128552
1790931596,68168312,69955469312,400825,0,,25,0,24,63,1825689,1030797629,26726560,26726643,16478962,128807
1790931598,68166608,69953167360,401604,0,,0,0,24,63,1815185,1032705999,26771200,26771287,16520411,129125
1790931599,68167988,69955371008,402195,0,,11,0,24,63,1807013,1034546401,26813496,26813578,16551810,129368
1790931600,68168944,69957165056,403105,0,,10,0,24,63,1802101,1035941818,26847275,26847357,16585018,129623
1790931601,68169128,69956288512,403105,0,,17,0,24,63,1810704,1037938404,26894626,26894703,16606225,129793
1790931602,68168112,69955252224,403105,0,,12,0,24,63,1818365,1039917993,26942599,26942680,16626382,129950
1790931603,68168048,69955149824,403105,0,,21,0,24,63,1828404,1041921230,26989582,26989663,16648018,130120
1790931604,68168536,69955096576,404020,0,,0,0,24,63,1837183,1043636735,27029719,27029806,16682377,130383
1790931605,68168404,69955514368,405385,0,,17,0,24,63,1827650,1045294848,27069125,27069204,16714558,130632
1790931606,68168088,69955219456,407112,0,,17,0,24,63,1818820,1046597410,27100361,27100439,16748919,130895
1790931607,68168416,69955567616,408531,0,,13,0,24,63,1803280,1047971959,27133217,27133296,16782503,131153
1790931608,68169620,69957050368,410207,0,,15,0,24,63,1806848,1049293540,27164208,27164288,16815426,131405
1790931610,68168528,69955674112,411523,0,,18,0,24,63,1797180,1051113274,27208385,27208465,16856351,131719
1790931611,68168572,69955502080,411707,0,,14,0,25,63,1790418,1053031713,27252960,27253044,16887124,131956
1790931612,68169268,69956952064,412989,0,,14,0,25,63,1785051,1054435830,27286167,27286247,16920546,132213
1790931613,68167504,69954125824,414242,0,,11,0,25,63,1771283,1055800855,27318044,27318127,16952454,132457
1790931614,68166912,69954015232,415723,0,,17,0,25,63,1754730,1057269670,27352437,27352522,16985534,132710
1790931615,68167576,69954699264,415723,0,,18,0,25,63,1768100,1059261150,27400147,27400229,17008937,132893
1790931616,68167080,69955227648,418802,0,,8,0,25,63,1775709,1060777557,27435472,27435543,17046048,133175
1790931617,68168140,69954752512,419407,0,,0,0,26,63,1765694,1062604226,27478674,27478761,17079317,133431
1790931618,68168760,69955665920,421247,0,,12,0,26,379,1758721,1064029000,27512012,27512089,17112468,133686
1790931619,68169136,69956067328,424362,0,,18,0,26,379,1745769,1065414684,27544012,27544093,17146362,133945
1790931620,68168232,69954859008,424362,0,,14,0,26,379,1757276,1067342675,27589954,27590029,17169068,134122
1790931621,68169040,69956980736,424362,0,,17,0,26,379,1770760,1069367439,27635989,27636068,17192703,134314
1790931623,68169352,69956239360,427363,0,,17,0,26,379,1752111,1070289528,27657861,27657942,17219979,134528
1790931624,68167436,69955096576,430671,0,,9,0,26,379,1759777,1071832902,27693993,27694078,17256140,134805
1790931625,68168656,69955018752,431078,0,,16,0,26,379,1751506,1073811128,27740942,27741027,17280493,135008
1790931626,68169304,69957242880,431078,0,,14,0,26,379,1764539,1075780702,27787153,27787238,17304715,135206
1790931627,68170856,69958828032,431078,0,,14,0,26,379,1776348,1077751723,27833767,27833846,17328913,135403
1790931628,68171020,69958004736,431078,0,,13,0,26,379,1787719,1079750339,27879512,27879589,17352413,135596
1790931629,68170088,69957267456,433693,0,,18,0,26,379,1790501,1080795988,27904061,27904145,17380324,135813
1790931630,68170516,69957578752,435291,0,,20,0,26,379,1781084,1082629538,27948498,27948577,17422617,136139
1790931631,68169452,69956366336,435899,0,,0,0,26,379,1771180,1084509100,27992730,27992817,17456554,136401
1790931632,68168736,69956141056,437382,0,,10,0,27,379,1765262,1085906142,28027473,28027554,17488492,136648
1790931634,68169472,69956599808,439015,0,,15,0,27,379,1753101,1087179562,28058171,28058240,17521823,136902
1790931635,68168084,69954707456,440098,0,,15,0,27,379,1737833,1088529134,28090454,28090508,17554143,137150
1790931636,68167560,69955211264,441037,0,,14,0,27,379,1747906,1090285693,28130701,28130782,17592173,137441
1790931637,68169428,69956866048,441037,0,,9,0,27,379,1740358,1092300193,28177303,28177381,17617561,137639
1790931638,68167356,69954744320,442607,0,,17,0,28,380,1748445,1093862105,28215580,28215661,17654830,137930
1790931639,68169388,69956038656,442607,0,,10,0,28,380,1739893,1095743065,28260527,28260610,17687439,138183
1790931640,68169636,69957595136,447101,0,,13,0,28,380,1734686,1097137872,28293747,28293828,17720781,138442
1790931641,68168576,69955497984,448158,0,,15,0,28,380,1723462,1098507888,28326474,28326553,17754253,138698
1790931642,68169560,69956743168,449091,0,,18,0,28,380,1706464,1099909411,28358575,28358654,17786427,138945
1790931644,68169940,69957656576,449972,0,,18,0,28,380,1714533,1101531710,28396066,28396147,17824143,139236
1790931645,68170904,69957853184,450212,0,,15,0,28,380,1707600,1103485803,28440781,28440859,17856450,139488
1790931646,68171116,69958512640,451794,0,,16,0,28,380,1701360,1104951935,28475015,28475098,17889516,139744
1790931647,68170396,69958426624,453041,0,,14,0,28,380,1687699,1106287375,28506216,28506301,17922312,139995
1790931648,68170956,69958430720,456141,0,,14,0,28,380,1672732,1107626958,28538049,28538127,17953977,140240
1790931649,68171060,69958742016,456631,0,,10,0,28,380,1684202,1109421357,28580265,28580352,17993731,140556
1790931650,68169516,69957246976,456818,0,,17,0,28,380,1683887,1111394289,28627450,28627526,18019225,140763
1790931651,68171972,69958860800,456818,0,,18,0,28,380,1695598,1113416498,28673718,28673796,18041302,140948
1790931652,68173020,69961056256,458777,0,,19,0,28,380,1695793,1114325220,28694896,28694982,18066941,141155
1790931653,68172388,69960151040,459117,0,,18,0,29,387,1696833,1116348853,28741195,28741277,18093251,141369
1790931654,68172464,69959704576,459117,0,,14,0,29,387,1708039,1118346288,28788523,28788601,18114482,141548
1790931656,68170256,69956935680,459117,0,,17,0,29,387,1718581,1120329388,28835976,28836054,18137048,141734
1790931657,68170816,69957738496,460158,0,,22,0,29,387,1703452,1121380307,28860490,28860570,18167403,141970
1790931658,68171472,69958713344,460543,0,,8,0,29,387,1708888,1122823354,28895019,28895106,18201441,142232
1790931659,68170040,69957222400,460709,0,,15,0,29,387,1701595,1124766098,28941520,28941604,18223608,142405
1790931660,68169920,69956259840,460709,0,,7,0,29,387,1714441,1126729199,28988100,28988180,18246071,142583
1790931661,68170480,69957668864,460709,0,,17,0,29,387,1727090,1128713307,29034636,29034716,18268922,142764
1790931662,68171400,69958832128,460709,0,,19,0,29,387,1739287,1130692546,29081701,29081781,18291563,142944
1790931663,68169108,69955981312,460709,0,,15,0,29,387,1751161,1132676470,29128679,29128763,18314111,143125
1790931664,68170724,69958672384,460709,0,,13,0,29,387,1762326,1134642631,29176710,29176796,18336035,143296
1790931665,68171888,69959114752,460709,0,,17,0,29,387,1773593,1136587938,29223747,29223827,18359388,143478
1790931666,68170600,69958295552,460709,0,,17,0,29,387,1785081,1138542951,29270840,29270917,18383061,143662
1790931667,68172308,69960056832,460709,0,,14,0,29,387,1791487,1140534275,29318055,29318130,18405561,143838
1790931668,68171700,69958897664,460709,0,,13,0,29,387,1796981,1142473623,29362724,29362794,18426122,144005
1790931669,68171964,69958926336,460709,0,,14,0,29,387,1809130,1144449244,29409822,29409899,18451776,144217
1790931670,68173700,69961740288,460709,0,,10,0,29,387,1820116,1146377049,29456150,29456224,18478221,144434
1790931671,68173088,69960314880,460709,0,,4,0,29,387,1830275,1148371601,29503660,29503735,18500481,144620
1790931672,68171480,69958647808,460709,0,,11,0,29,387,1836314,1150302881,29549420,29549502,18519568,144779
1790931673,68170512,69958098944,460709,0,,20,0,29,387,1843555,1152262307,29595951,29596029,18540837,144945
1790931674,68170920,69958098944,461007,0,,6,0,29,387,1855258,1154130256,29639004,29639051,18566702,145147
1790931675,68172096,69959065600,461889,0,,14,0,29,387,1838663,1155236430,29665006,29665086,18599666,145401
1790931677,68172644,69960146944,464974,0,,9,0,29,387,1821734,1156561236,29695624,29695703,18632550,145654
1790931678,68172300,69959782400,465841,0,,23,0,29,387,1828668,1158238754,29735432,29735516,18671995,145957
1790931679,68172104,69958778880,465841,0,,19,0,29,387,1818087,1160136513,29779227,29779307,18705035,146213
1790931680,68170832,69957431296,466501,0,,15,0,29,387,1810594,1161558529,29813578,29813661,18739293,146479
1790931681,68169660,69956554752,467319,0,,14,0,29,387,1796696,1162953958,29846737,29846818,18773102,146738
1790931682,68170680,69958103040,468191,0,,19,0,29,387,1780468,1164268768,29877492,29877573,18805575,146988
1790931683,68171540,69957939200,470033,0,,0,0,29,387,1787469,1165847765,29915509,29915596,18835530,147220
1790931684,68170220,69957156864,471641,0,,12,0,29,387,1781134,1167507381,29954131,29954210,18863717,147437
1790931685,68170140,69956780032,471641,0,,15,0,29,387,1789918,1169494268,30001142,30001218,18883874,147594
1790931686,68170236,69957332992,471641,0,,10,0,29,387,1801595,1171501311,30048465,30048541,18904031,147751
1790931687,68169952,69956579328,471641,0,,19,0,29,387,1812159,1173535559,30095710,30095788,18925868,147921
1790931688,68170712,69957922816,471641,0,,15,0,29,387,1823744,1175545667,30143343,30143425,18948850,148101
1790931689,68169404,69956284416,471641,0,,15,0,29,387,1833238,1177570868,30189784,30189864,18972401,148285
1790931690,68171164,69958627328,473145,0,,20,0,29,387,1836651,1178868699,30220843,30220930,19005881,148540
1790931692,68170172,69957087232,474386,0,,22,0,29,387,1826108,1180778167,30265444,30265525,19048290,148867
1790931693,68169164,69956046848,476922,0,,20,0,29,387,1795372,1181755747,30287746,30287830,19083588,149137
1790931694,68170512,69957672960,480817,0,,20,0,29,387,1798548,1183083435,30319701,30319786,19114766,149377
1790931695,68168068,69955174400,480853,0,,16,0,29,387,1790334,1185059721,30367410,30367495,19137569,149558
1790931696,68168088,69954932736,481490,0,,0,0,29,387,1800798,1186848333,30410501,30410588,19168779,149800
1790931697,68167864,69954318336,482465,0,,9,0,29,387,1796766,1188251163,30444979,30445060,19201803,150056
1790931698,68167772,69954879488,483813,0,,18,0,29,387,1785406,1189694714,30480293,30480374,19236293,150320
1790931699,68167916,69954514944,483813,0,,18,0,29,387,1794733,1191725064,30528016,30528097,19256515,150477
1790931700,68169048,69956198400,486221,0,,13,0,29,387,1777887,1192897208,30554932,30555016,19288346,150722
1790931702,68167416,69953978368,488958,0,,3,0,29,387,1784520,1194451036,30591442,30591529,19324529,150999
1790931703,68168636,69955457024,489372,0,,15,0,29,387,1775090,1196322299,30636737,30636816,19357542,151253
1790931704,68169508,69957173248,490707,0,,12,0,29,387,1770931,1197734260,30669675,30669732,19390200,151506
1790931705,68169904,69957586944,491260,0,,11,0,29,387,1758462,1199135981,30702698,30702779,19423862,151763
1790931706,68169968,69957406720,494295,0,,14,0,30,391,1743953,1200648305,30739074,30739145,19456713,152015
1790931707,68169468,69956595712,494295,0,,14,0,30,391,1757485,1202664653,30786605,30786689,19478801,152187
1790931708,68168996,69956632576,494295,0,,16,0,31,391,1771311,1204646220,30834374,30834450,19500996,152359
1790931709,68167776,69955039232,494295,0,,17,0,31,391,1783756,1206658328,30881900,30881981,19523609,152536
1790931710,68167312,69954658304,494295,0,,12,0,31,391,1795882,1208631236,30928332,30928407,19548665,152730
1790931711,68166848,69954453504,494295,0,,13,0,31,391,1807100,1210622640,30974874,30974956,19572598,152917
1790931712,68165316,69952118784,494295,0,,16,0,31,391,1813087,1212580778,31021905,31021979,19594810,153092
1790931713,68165336,69952634880,494295,0,,12,0,31,391,1820015,1214513473,31067629,31067706,19615003,153258
1790931714,68166128,69952905216,494295,0,,18,0,31,391,1830514,1216464839,31114259,31114334,19638940,153452
1790931715,68167256,69954322432,494295,0,,15,0,31,391,1841201,1218434879,31161161,31161242,19664157,153654
1790931716,68168436,69955686400,494295,0,,17,0,31,391,1851503,1220394267,31207144,31207229,19688760,153854
1790931717,68169888,69956796416,494295,0,,15,0,31,391,1860137,1222404635,31253293,31253368,19712170,154046
1790931718,68168168,69955309568,494295,0,,11,0,31,391,1868076,1224396491,31300547,31300625,19736104,154242
1790931719,68168340,69955182592,494295,0,,13,0,31,391,1874611,1226420023,31347406,31347484,19756373,154415
1790931720,68169348,69957005312,494295,0,,14,0,31,391,1883995,1228359206,31393226,31393309,19777872,154593
1790931722,68169636,69957492736,494295,0,,19,0,31,391,1894400,1230278815,31439386,31439455,19802141,154787
1790931723,68170304,69956661248,494295,0,,16,0,31,391,1902625,1232224386,31485623,31485702,19825674,154979
1790931724,68170200,69957107712,494295,0,,16,0,31,391,1912392,1234152876,31531127,31531207,19850369,155179
1790931725,68170524,69958455296,496827,0,,15,0,31,391,1912839,1235060303,31553068,31553152,19877943,155396
1790931726,68169136,69956472832,497957,0,,1,0,32,391,1899512,1236818970,31595083,31595170,19919835,155717
1790931727,68168292,69954863104,498194,0,,0,0,32,391,1888275,1238653192,31639306,31639393,19954366,155984
1790931728,68169596,69957259264,499736,0,,15,0,32,391,1880939,1240156611,31675021,31675093,19984705,156224
1790931729,68168756,69955403776,501310,0,,14,0,32,391,1883169,1241370388,31703537,31703614,20018248,156480
1790931730,68170052,69956853760,501310,0,,22,0,32,391,1889957,1243332201,31751410,31751493,20040487,156666
1790931731,68168828,69955682304,501310,0,,16,0,32,391,1899382,1245309417,31797890,31797968,20066227,156872
1790931732,68166048,69953716224,501310,0,,11,0,32,391,1904229,1247307442,31844472,31844554,20087997,157054
1790931733,68167264,69954093056,501310,0,,15,0,32,391,1911546,1249319065,31890928,31891004,20109512,157233
1790931735,68166280,69952573440,501310,0,,18,0,32,391,1920365,1251257931,31936365,31936445,20134308,157432
1790931736,68167084,69955653632,504975,0,,17,0,32,391,1911964,1252617302,31967588,31967669,20168811,157698
1790931737,68168140,69954711552,505618,0,,0,0,32,391,1899603,1254427977,32009653,32009740,20202399,157957
1790931738,68168292,69955117056,507458,0,,16,0,32,391,1891479,1255865359,32043420,32043501,20235159,158210
1790931739,68169296,69956681728,509109,0,,14,0,32,391,1878236,1257190075,32074187,32074268,20268828,158467
1790931740,68169724,69957623808,510508,0,,17,0,32,391,1863685,1258550488,32106103,32106186,20302357,158723
1790931741,68170528,69958438912,512376,0,,0,0,32,391,1869404,1260002162,32141625,32141712,20338191,158997
1790931742,68168684,69955506176,513235,0,,3,0,32,391,1860161,1261845075,32186060,32186146,20368708,159233
1790931743,68169144,69956222976,516650,0,,12,0,32,391,1854342,1263112910,32215563,32215644,20401964,159488
1790931744,68169380,69956222976,522265,0,,19,0,32,391,1847699,1264428150,32246283,32246363,20434166,159734
1790931745,68169140,69957550080,524200,0,,18,0,32,391,1842633,1265777198,32276702,32276730,20467096,159986
1790931746,68170224,69957361664,524200,0,,3,0,32,391,1833552,1267771341,32323484,32323547,20490465,160168
1790931747,68171596,69958467584,524200,0,,11,0,32,391,1846646,1269739076,32370062,32370146,20517198,160376
1790931748,68167312,69954367488,524200,0,,17,0,32,391,1855582,1271736756,32416838,32416923,20541141,160562
1790931750,68166852,69953904640,524200,0,,16,0,32,391,1865132,1273744234,32462838,32462923,20565343,160751
1790931751,68169032,69956943872,527502,0,,17,0,32,391,1847911,1274577400,32482064,32482146,20593714,160968
1790931752,68168872,69955723264,528772,0,,18,0,32,391,1853980,1276047952,32518339,32518416,20630683,161251
1790931753,68170520,69957857280,528772,0,,21,0,32,391,1845805,1278034212,32565117,32565198,20655514,161459
1790931754,68171044,69958205440,528772,0,,18,0,32,391,1855904,1280024609,32611911,32611990,20679814,161654
1790931755,68171996,69960482816,530459,0,,12,0,32,391,1863512,1281958616,32656645,32656727,20701231,161822
1790931756,68172752,69959970816,531002,0,,13,0,32,391,1873452,1283955896,32702941,32703014,20725165,162008
1790931757,68172072,69959770112,531002,0,,14,0,32,391,1883314,1285903290,32749765,32749843,20751043,162210
1790931758,68171240,69958930432,531002,0,,13,0,32,391,1889276,1287904036,32797071,32797153,20774923,162396
1790931759,68169228,69956075520,531002,0,,10,0,32,391,1901472,1289856666,32844200,32844279,20800763,162597
1790931760,68170472,69957865472,531002,0,,19,0,32,391,1909348,1291839969,32891519,32891600,20825700,162791
1790931761,68168908,69955743744,533068,0,,0,0,32,391,1910582,1292745739,32913174,32913261,20852872,162997
1790931762,68167972,69954293760,538959,0,,20,0,32,391,1899067,1294483087,32954024,32954101,20879006,163201
1790931763,68168092,69955960832,542006,0,,15,0,32,391,1885921,1295445512,32976245,32976322,20912012,163452
1790931764,68167536,69954658304,544335,0,,17,0,32,391,1869444,1296639972,33004275,33004357,20944288,163698
1790931766,68165432,69952430080,545634,0,,0,0,32,391,1876714,1298276285,33042353,33042440,20980412,163975
1790931767,68165740,69952704512,547904,0,,14,0,32,391,1865891,1300087183,33085990,33086077,21024586,164315
1790931768,68164748,69951492096,549798,0,,0,0,32,391,1855218,1301876235,33128842,33128929,21066998,164641
1790931770,68165144,69952954368,551267,0,,22,0,32,391,1845429,1303714173,33172899,33172980,21109350,164968
1790931771,68165304,69952258048,551591,0,,0,0,32,391,1835472,1305493911,33216289,33216376,21143173,165230
1790931772,68164700,69952552960,552721,0,,12,0,32,391,1829049,1306861484,33251081,33251160,21175632,165481
1790931773,68166040,69953093632,553669,0,,17,0,32,391,1816215,1308174897,33282307,33282385,21209412,165740
1790931774,68166936,69954277376,553669,0,,15,0,32,391,1827222,1310133144,33329948,33330026,21233757,165930
1790931775,68168604,69955211264,555232,0,,20,0,32,391,1809363,1311175050,33354750,33354827,21262367,166154
1790931776,68169576,69956435968,557324,0,,0,0,32,391,1816005,1312694108,33390937,33391024,21294985,166405
1790931777,68170608,69957537792,557731,0,,14,0,32,391,1807890,1314331082,33429706,33429785,21327998,166660
1790931778,68171688,69959172096,558539,0,,17,0,32,391,1800497,1315681182,33461681,33461762,21362222,166923
1790931779,68170192,69957656576,558539,0,,19,0,32,391,1808054,1317683499,33509107,33509189,21383462,167089
1790931780,68170372,69957799936,558539,0,,9,0,32,391,1815235,1319730130,33556233,33556313,21404743,167255
1790931781,68170768,69957857280,558539,0,,13,0,32,391,1825774,1321662880,33601889,33601969,21427810,167442
1790931782,68171016,69958455296,558539,0,,17,0,32,391,1835076,1323652271,33647335,33647412,21449831,167615
1790931783,68170612,69957517312,573643,0,,15,0,32,391,1844849,1325353481,33687854,33687934,21472444,167791
1790931784,68171704,69958930432,574321,0,,8,0,32,391,1848336,1326575227,33717770,33717857,21505673,168047
1790931786,68170048,69957152768,574992,0,,5,0,32,391,1837467,1328397613,33761019,33761106,21548038,168374
1790931787,68168196,69955821568,575980,0,,2,0,32,391,1826613,1330258981,33804789,33804876,21590413,168700
1790931788,68166592,69953687552,576245,0,,20,0,32,391,1818399,1332215042,33851953,33852032,21615213,168895
1790931789,68168464,69955833856,576245,0,,14,0,32,391,1829601,1334210914,33898252,33898333,21638907,169082
1790931790,68168356,69955235840,576245,0,,20,0,32,391,1840118,1336167566,33944763,33944844,21661892,169270
1790931791,68168176,69955043328,576245,0,,17,0,32,391,1850380,1338134685,33990829,33990905,21684930,169458
1790931792,68169236,69956923392,576678,0,,18,0,32,391,1850949,1339057515,34012372,34012452,21713530,169684
1790931793,68170408,69956780032,576922,0,,0,0,32,391,1839054,1340862042,34055069,34055156,21748255,169953
1790931795,68170324,69957234688,578309,0,,19,0,32,391,1803760,1341446724,34068995,34069073,21785659,170239
1790931796,68170068,69958000640,579039,0,,12,0,32,391,1809157,1342838715,34103151,34103238,21820506,170506
1790931797,68169352,69956218880,579389,0,,0,0,32,391,1798406,1344676222,34148166,34148253,21851016,170742
1790931798,68169148,69955780608,580733,0,,19,0,32,391,1791038,1345944283,34178247,34178328,21885070,171005
1790931799,68169400,69955989504,583960,0,,11,0,32,391,1784503,1347345406,34210690,34210773,21918418,171261
1790931800,68169872,69956804608,583960,0,,18,0,32,391,1796040,1349339649,34257083,34257161,21941772,171442
1790931801,68169788,69956710400,585024,0,,9,0,32,391,1789987,1350343593,34280911,34280983,21968849,171650
1790931802,68169836,69957537792,585024,0,,16,0,32,391,1781133,1352364457,34328423,34328508,21994177,171847
1790931803,68169944,69957369856,585024,0,,13,0,32,391,1790933,1354356696,34375522,34375598,22016807,172023
1790931804,68171080,69958021120,585024,0,,17,0,32,391,1804759,1356323370,34422207,34422284,22042909,172227
1790931805,68171108,69959090176,585910,0,,23,0,32,391,1804995,1357331421,34446358,34446442,22070883,172444
1790931806,68170472,69957120000,586494,0,,0,0,32,391,1794373,1359163068,34490691,34490778,22103039,172694
1790931807,68171264,69958201344,586895,0,,14,0,32,391,1786505,1360503353,34522112,34522191,22136283,172952
1790931808,68167988,69955633152,588148,0,,13,0,32,391,1772764,1361901792,34554338,34554419,22170129,173211
1790931809,68169468,69956898816,589794,0,,14,0,32,391,1756427,1363221214,34585522,34585600,22202742,173460
1790931811,68168160,69955862528,590626,0,,23,0,32,391,1763685,1364771353,34623033,34623114,22240292,173749
1790931812,68168096,69955784704,590626,0,,17,0,32,391,1756320,1366796642,34669955,34670027,22262695,173923
1790931813,68168916,69955526656,595186,0,,0,0,32,391,1765735,1368585874,34711716,34711803,22298756,174207
1790931814,68167616,69954977792,596044,0,,17,0,32,391,1756457,1370261703,34752137,34752214,22331362,174459
1790931815,68167804,69954564096,597572,0,,16,0,32,391,1749697,1371566056,34783365,34783440,22366264,174727
1790931816,68167384,69955010560,598991,0,,20,0,32,391,1735635,1372934885,34815871,34815950,22398796,174977
1790931817,68168992,69956931584,601606,0,,18,0,32,391,1739018,1374330887,34848127,34848206,22430900,175223
1790931818,68170068,69957246976,601606,0,,16,0,32,391,1734894,1376312033,34894816,34894891,22454949,175410
1790931819,68171436,69958098944,605251,0,,18,0,32,391,1722453,1377326945,34919486,34919568,22488527,175668
1790931820,68171636,69959127040,606098,0,,15,0,32,391,1707028,1378660592,34950613,34950694,22519978,175909
1790931822,68171516,69958856704,607101,0,,0,0,32,391,1716970,1380370661,34991895,34991982,22559724,176214
1790931823,68172704,69961289728,607491,0,,15,0,32,391,1709864,1382375972,35038263,35038345,22584567,176408
1790931824,68169392,69956866048,607630,0,,14,0,32,391,1722250,1384333982,35085869,35085945,22607784,176589
1790931825,68169376,69956780032,607630,0,,15,0,32,391,1734885,1386275949,35130789,35130871,22631428,176779
1790931826,68169736,69956911104,610421,0,,5,0,32,391,1737602,1387416629,35158242,35158329,22662495,177023
1790931827,68169972,69956894720,610562,0,,14,0,32,391,1731758,1389327843,35202671,35202751,22694434,177271
1790931828,68169840,69956222976,611230,0,,17,0,32,391,1726567,1390858981,35238678,35238756,22727838,177530
1790931829,68170640,69958090752,612226,0,,20,0,32,391,1714420,1392311403,35272626,35272706,22761156,177786
1790931830,68171344,69958467584,615179,0,,13,0,32,391,1707132,1393752809,35306645,35306729,22793108,178034
1790931831,68171412,69958934528,615179,0,,17,0,32,391,1719322,1395765994,35353926,35353993,22815220,178221
1790931832,68171304,69958258688,615179,0,,11,0,32,391,1732803,1397699607,35400322,35400400,22839175,178417
1790931833,68172504,69960208384,615179,0,,13,0,32,391,1744328,1399646158,35448368,35448449,22861567,178603
1790931834,68173944,69961613312,615179,0,,13,0,32,391,1755961,1401636060,35494824,35494899,22884601,178791
1790931835,68172636,69960400896,615179,0,,12,0,32,391,1767182,1403597904,35541194,35541218,22908169,178983
1790931837,68171684,69958406144,615179,0,,17,0,32,391,1778677,1405537281,35586240,35586323,22930392,179165
1790931838,68170900,69958000640,615179,0,,20,0,32,391,1789597,1407462022,35631071,35631150,22952773,179349
1790931839,68170888,69958324224,615179,0,,16,0,32,391,1800100,1409378703,35676899,35676978,22974247,179528
1790931840,68169520,69957464064,615179,0,,16,0,32,391,1807511,1411249401,35722050,35722127,22995078,179702
1790931841,68167412,69954240512,615179,0,,14,0,32,391,1814657,1413206088,35768660,35768742,23015281,179873
1790931842,68168492,69955809280,615179,0,,6,0,32,391,1821913,1415184834,35814884,35814967,23035579,180041
1790931843,68169504,69956784128,615179,0,,6,0,32,391,1833357,1417146503,35860539,35860621,23058550,180227
1790931844,68168976,69956386816,615179,0,,11,0,32,391,1842977,1419123561,35907323,35907401,23083074,180425
1790931845,68168008,69954793472,615179,0,,15,0,32,391,1852283,1421079747,35952662,35952745,23106994,180620
1790931846,68168088,69954936832,615179,0,,16,0,32,391,1862460,1423066340,35999196,35999278,23130407,180810
1790931847,68167788,69954637824,616483,0,,11,0,32,391,1835858,1424195542,36026129,36026211,23160450,181042
1790931848,68168048,69954658304,617053,0,,1,0,32,391,1843195,1425884553,36065275,36065362,23195061,181308
1790931849,68168036,69954904064,619723,0,,13,0,32,391,1842791,1427658898,36106795,36106876,23221373,181512
1790931850,68167524,69954568192,619723,0,,15,0,32,391,1852112,1429603959,36152610,36152691,23244410,181697
1790931851,68166512,69952843776,619723,0,,19,0,32,391,1861354,1431565049,36198732,36198811,23267782,181886
1790931852,68166116,69953204224,619723,0,,10,0,32,391,1870082,1433494257,36245542,36245627,23291220,182076
1790931853,68164996,69952069632,619723,0,,16,0,32,391,1877656,1435407764,36291544,36291628,23314963,182268
1790931854,68165736,69952585728,619723,0,,15,0,32,391,1888237,1437310147,36337113,36337196,23341705,182481
1790931855,68167044,69954154496,619723,0,,0,0,32,391,1892974,1439306417,36384153,36384219,23362573,182661
1790931856,68168060,69954658304,619723,0,,11,0,32,391,1900836,1441278186,36431747,36431824,23384037,182836
1790931857,68169596,69957554176,619723,0,,14,0,32,391,1911004,1443274651,36478220,36478295,23408475,183036
1790931859,68167980,69955112960,619723,0,,17,0,33,391,1918284,1445244455,36524777,36524853,23431229,183220
1790931860,68166996,69954109440,619723,0,,19,0,33,391,1927377,1447153238,36571668,36571719,23458151,183431
1790931861,68168824,69955760128,621949,0,,18,0,33,391,1898470,1448069269,36592949,36593029,23486327,183650
1790931862,68169104,69956763648,622861,0,,8,0,33,391,1905522,1449748708,36632716,36632803,23526151,183955
1790931863,68165428,69952737280,624017,0,,2,0,33,391,1893592,1451536207,36676592,36676679,23565104,184255
1790931864,68165664,69952491520,624574,0,,20,0,33,391,1885103,1453254885,36716454,36716536,23597762,184508
1790931865,68166652,69953761280,626153,0,,19,0,33,391,1896256,1454669445,36750838,36750918,23631291,184765
1790931866,68167776,69955416064,626153,0,,10,0,33,391,1902105,1456687012,36797703,36797783,23653250,184949
1790931867,68168164,69954990080,626153,0,,18,0,33,391,1889800,1458661938,36844773,36844855,23673447,185120
1790931868,68166984,69954342912,631218,0,,16,0,34,393,1877013,1459544025,36866115,36866190,23705848,185365
1790931869,68165944,69953081344,634233,0,,19,0,34,393,1880988,1460750804,36894560,36894635,23737419,185604
1790931870,68166716,69954088960,638787,0,,12,0,34,393,1849369,1461679267,36916829,36916910,23772442,185871
1790931871,68166044,69953404928,638787,0,,23,0,35,394,1860515,1463663607,36963817,36963897,23795757,186053
1790931873,68164696,69951766528,638787,0,,16,0,35,394,1869469,1465655134,37010894,37010971,23817799,186225
1790931874,68165780,69953392640,638787,0,,11,0,35,394,1877354,1467641951,37058214,37058294,23840865,186405
1790931875,68166156,69954023424,638787,0,,18,0,35,394,1888052,1469651228,37104776,37104856,23863450,186581
1790931876,68167972,69954838528,638787,0,,14,0,35,394,1899103,1471620816,37152248,37152326,23888673,186778
1790931877,68168352,69955993600,638787,0,,17,0,36,394,1907877,1473612124,37199068,37199151,23914133,186979
1790931878,68169976,69957406720,641576,0,,16,0,36,394,1908158,1474479683,37219866,37219946,23941882,187190
1790931879,68169116,69955723264,642913,0,,0,0,36,394,1896473,1476312407,37262566,37262653,23967698,187392
1790931880,68168640,69955780608,645182,0,,14,0,36,394,1884742,1477253360,37284920,37285000,23999408,187633
1790931881,68169988,69958197248,645182,0,,13,0,36,394,1895319,1479255819,37331890,37331970,24022926,187817
1790931882,68169012,69956141056,648902,0,,13,0,36,394,1875544,1480116311,37352203,37352276,24049684,188023
1790931883,68168332,69955416064,649581,0,,0,0,36,394,1883958,1481807653,37391614,37391701,24083479,188282
1790931884,68167364,69954756608,651117,0,,17,0,36,394,1875018,1483404419,37428342,37428417,24115851,188533
1790931885,68167772,69954646016,652268,0,,12,0,36,394,1865776,1484705284,37458630,37458707,24149533,188791
1790931886,68165612,69952729088,654026,0,,14,0,36,394,1848846,1486061888,37491782,37491864,24181772,189039
1790931887,68168104,69955575808,656284,0,,3,0,36,394,1853458,1487442624,37524451,37524538,24216138,189301
1790931888,68168404,69955014656,656935,0,,8,0,36,394,1844121,1489331398,37568469,37568547,24248528,189551
1790931889,68168224,69954842624,658624,0,,14,0,36,394,1836163,1490725691,37600890,37600969,24281080,189803
1790931890,68166300,69953937408,661173,0,,10,0,36,394,1822899,1492038043,37630880,37630962,24314690,190059
1790931891,68167956,69955084288,663641,0,,12,0,36,394,1806452,1493299710,37661333,37661413,24346214,190299
1790931893,68168188,69954785280,665186,0,,0,0,36,394,1816289,1495008104,37701204,37701291,24381275,190567
1790931894,68167720,69954576384,666210,0,,16,0,36,394,1809981,1496645517,37741460,37741539,24413396,190816
1790931895,68167768,69955133440,667708,0,,16,0,36,394,1799944,1497996324,37773197,37773276,24446284,191068
1790931896,68167616,69954469888,668994,0,,15,0,36,394,1786238,1499241537,37802758,37802842,24478882,191319
1790931897,68168392,69955796992,668994,0,,13,0,36,394,1797688,1501248587,37850513,37850584,24502105,191499
1790931898,68168756,69955907584,668994,0,,15,0,36,394,1809758,1503255334,37897149,37897227,24525962,191686
1790931899,68167164,69954154496,668994,0,,14,0,37,395,1819556,1505223956,37944286,37944363,24550036,191875
1790931900,68169196,69956628480,668994,0,,12,0,37,395,1826380,1507176215,37991432,37991508,24573202,192060
1790931901,68170256,69957947392,668994,0,,17,0,37,395,1836724,1509138498,38038876,38038954,24596944,192252
1790931902,68171272,69958426624,670959,0,,4,0,37,395,1841702,1510618142,38073240,38073327,24633903,192539
1790931904,68168376,69955739648,672456,0,,19,0,38,399,1831844,1512479986,38119224,38119302,24676385,192867
1790931905,68168592,69955727360,672797,0,,0,0,38,399,1822305,1514368156,38164344,38164431,24708702,193117
1790931906,68168616,69956063232,674204,0,,16,0,38,399,1815368,1515745509,38196873,38196956,24742468,193378
1790931907,68170496,69957967872,675485,0,,14,0,38,399,1801709,1517073642,38228565,38228644,24775490,193631
1790931908,68169148,69956521984,676076,0,,16,0,38,399,1785431,1518457043,38260300,38260379,24807777,193880
1790931909,68170208,69957136384,677374,0,,12,0,38,399,1793725,1520161280,38300439,38300511,24845798,194172
1790931911,68170696,69957255168,678199,0,,18,0,38,399,1784595,1522086592,38345600,38345687,24888224,194498
1790931912,68171848,69958807552,680266,0,,0,0,38,399,1775349,1523947261,38389619,38389706,24928709,194810
1790931913,68169700,69956886528,683217,0,,15,0,38,399,1766543,1525819579,38434961,38435006,24952881,194998
1790931914,68168828,69955973120,683217,0,,15,0,39,400,1779331,1527766925,38482852,38482935,24975627,195177
1790931915,68168840,69955477504,688773,0,,19,0,39,400,1791022,1529630146,38526087,38526172,24996941,195343
1790931916,68170316,69956968448,689526,0,,1,0,40,402,1797795,1531048428,38559419,38559506,25027091,195576
1790931917,68169636,69957320704,692173,0,,14,0,40,402,1790337,1532579039,38596367,38596443,25057855,195815
1790931918,68169896,69957083136,693132,0,,18,0,40,402,1780226,1533872117,38626432,38626516,25092477,196081
1790931919,68169416,69956321280,693132,0,,13,0,40,402,1789040,1535858523,38673424,38673505,25113226,196244
1790931920,68170200,69958180864,695370,0,,19,0,40,402,1789553,1536675304,38691998,38692075,25138590,196441
1790931922,68168420,69955018752,697220,0,,4,0,40,402,1778364,1538426300,38734678,38734764,25176007,196729
1790931923,68168032,69955678208,699902,0,,9,0,41,403,1769287,1540025154,38772824,38772902,25207844,196976
1790931924,68165804,69952106496,702623,0,,15,0,41,403,1758956,1541295698,38802917,38802998,25240883,197230
1790931925,68165560,69952647168,704407,0,,16,0,41,403,1743234,1542559713,38833381,38833460,25272528,197471
1790931926,68165396,69952221184,705771,0,,0,0,41,403,1749563,1543989764,38867817,38867904,25307826,197741
1790931927,68165576,69952897024,707307,0,,20,0,41,403,1740776,1545910278,38913086,38913164,25350191,198066
1790931928,68167004,69953556480,707444,0,,14,0,41,403,1733323,1547784633,38958055,38958138,25381733,198309
1790931929,68167328,69954973696,710078,0,,16,0,41,403,1726689,1549100527,38989440,38989519,25414833,198566
1790931931,68168788,69956349952,710993,0,,12,0,41,403,1714991,1550502657,39022262,39022343,25447963,198819
1790931932,68166608,69954232320,712401,0,,12,0,41,403,1697242,1551876570,39052931,39053013,25479790,199065
1790931933,68168268,69955715072,713332,0,,19,0,41,403,1708508,1553603433,39094775,39094856,25519754,199371
1790931934,68170116,69957427200,714427,0,,2,0,41,403,1700032,1555545020,39139700,39139787,25562070,199697
1790931935,68169920,69956550656,714600,0,,17,0,41,403,1693325,1557464910,39185467,39185548,25593117,199938
1790931936,68169144,69957038080,715870,0,,20,0,41,403,1690351,1558777176,39217260,39217342,25626025,200191
1790931937,68170024,69957189632,717207,0,,17,0,41,403,1675440,1560092991,39248751,39248828,25656868,200427
1790931938,68171636,69959372800,718285,0,,22,0,41,403,1679796,1561410300,39280062,39280143,25689220,200677
1790931940,68171732,69959196672,718384,0,,14,0,41,403,1676811,1563370805,39327558,39327637,25714378,200877
1790931941,68170160,69957591040,718384,0,,13,0,41,403,1685714,1565359991,39374966,39375047,25734680,201041
1790931942,68170188,69957890048,718384,0,,11,0,41,403,1698965,1567331490,39421909,39421991,25757541,201225
1790931943,68169048,69956202496,718384,0,,11,0,41,403,1710779,1569313034,39468171,39468250,25779718,201404
1790931944,68166408,69953384448,718384,0,,13,0,41,403,1722331,1571260088,39514200,39514277,25802489,201590
1790931945,68167084,69954187264,718384,0,,18,0,41,403,1732750,1573272834,39561387,39561466,25825622,201777
1790931946,68166816,69953392640,718384,0,,18,0,41,403,1746904,1575272339,39607649,39607722,25850762,201981
1790931947,68166588,69953368064,718384,0,,17,0,41,403,1758587,1577275156,39654070,39654145,25874248,202174
1790931948,68167572,69954949120,719473,0,,12,0,41,403,1740607,1578361592,39680310,39680384,25904111,202408
1790931949,68168388,69954703360,719818,0,,4,0,41,403,1745784,1579739036,39713161,39713248,25938734,202675
1790931950,68166888,69953933312,720015,0,,15,0,41,403,1735286,1581664797,39758564,39758638,25970460,202922
1790931951,68167152,69955555328,722308,0,,19,0,41,403,1732363,1583002023,39790669,39790745,26002238,203168
1790931952,68167064,69954142208,722556,0,,11,0,41,403,1737927,1585019984,39838797,39838879,26018530,203295
1790931953,68168492,69956112384,723356,0,,16,0,41,403,1746735,1587002656,39885611,39885691,26041648,203475
1790931954,68168144,69955457024,724686,0,,16,0,41,403,1757365,1588945974,39931981,39932056,26064778,203655
1790931956,68169788,69956399104,729417,0,,0,0,41,403,1766033,1590864434,39976532,39976619,26100379,203931
1790931957,68168876,69956476928,729646,0,,11,0,41,403,1759263,1592485517,40014476,40014556,26133192,204186
1790931958,68170332,69957505024,730833,0,,18,0,41,403,1746812,1593927208,40047225,40047310,26164523,204427
1790931959,68171048,69957431296,730833,0,,14,0,41,403,1755517,1595939969,40094302,40094385,26186506,204600
1790931960,68169088,69956481024,730833,0,,13,0,42,407,1766421,1597890315,40140415,40140496,26210247,204784
1790931961,68169616,69956243456,730833,0,,15,0,42,407,1772990,1599848253,40187474,40187557,26231370,204966
1790931962,68170428,69958623232,730833,0,,14,0,42,407,1782436,1601846320,40233552,40233630,26253230,205148
1790931963,68170408,69957029888,730833,0,,14,0,42,407,1792623,1603811279,40279412,40279491,26276376,205337
1790931964,68169544,69955878912,730833,0,,18,0,42,407,1803186,1605772692,40325510,40325591,26299162,205522
1790931965,68168440,69956063232,730833,0,,15,0,42,407,1810927,1607779994,40372184,40372261,26321743,205697
1790931966,68168532,69956161536,730833,0,,15,0,42,407,1823568,1609724204,40418737,40418813,26347327,205900
1790931967,68168052,69955665920,730833,0,,15,0,42,407,1834044,1611718862,40464348,40464426,26370810,206092
1790931968,68168568,69955944448,730833,0,,16,0,42,407,1840178,1613704535,40510137,40510217,26392729,206273
1790931969,68169124,69955997696,730833,0,,20,0,42,407,1845632,1615730690,40557667,40557744,26414106,206452
1790931970,68167512,69954355200,730833,0,,13,0,42,407,1856106,1617751864,40603806,40603888,26438802,206650
1790931972,68167276,69954015232,730833,0,,16,0,42,407,1864664,1619739699,40650881,40650957,26463632,206852
1790931973,68167680,69955284992,730833,0,,20,0,42,407,1875002,1621671953,40698247,40698323,26488154,207052
1790931974,68168400,69955239936,730833,0,,15,0,42,407,1884444,1623606423,40745595,40745674,26512725,207250
1790931975,68169980,69956616192,730833,0,,14,0,42,407,1889526,1625564128,40792142,40792224,26534078,207427
1790931976,68169864,69956489216,730833,0,,13,0,42,407,1895765,1627537546,40838599,40838678,26555036,207599
1790931977,68171804,69959520256,730833,0,,17,0,42,407,1905563,1629510387,40885235,40885308,26579259,207792
1790931978,68171060,69957726208,730833,0,,15,0,42,407,1913970,1631418918,40931673,40931757,26604486,207993
1790931979,68170952,69958402048,730833,0,,16,0,42,407,1922415,1633370357,40977278,40977355,26628835,208189
1790931980,68170520,69957419008,730833,0,,14,0,42,407,1930678,1635265203,41023322,41023403,26652099,208379
1790931981,68172756,69959200768,730833,0,,11,0,42,407,1934309,1637173704,41069178,41069257,26675393,208570
1790931982,68173168,69960892416,730833,0,,15,0,42,407,1941350,1639120789,41115949,41116026,26698039,208755
1790931983,68172448,69959180288,731521,0,,0,0,42,407,1946642,1640704185,41154199,41154286,26722711,208951
1790931984,68170156,69957009408,733427,0,,13,0,42,407,1931575,1641795653,41180196,41180273,26751642,209173
1790931985,68170540,69957959680,734738,0,,13,0,42,407,1912996,1642595850,41200028,41200107,26780537,209394
1790931987,68168492,69955637248,737033,0,,24,0,42,407,1919355,1644246333,41239460,41239545,26820913,209705
1790931988,68167812,69955366912,737632,0,,10,0,42,407,1907137,1646056579,41283233,41283315,26863321,210032
1790931989,68167008,69954244608,738061,0,,8,0,42,407,1894904,1647922634,41326453,41326540,26905626,210358
1790931990,68168588,69956038656,738386,0,,12,0,42,407,1885377,1649894047,41373341,41373415,26931227,210561
1790931991,68166860,69953703936,738386,0,,14,0,42,407,1894475,1651873992,41420296,41420377,26954334,210742
1790931992,68165812,69952614400,738386,0,,13,0,42,407,1904201,1653843023,41467205,41467284,26980754,210948
1790931993,68166636,69953691648,738386,0,,17,0,43,407,1912370,1655827628,41514236,41514319,27004461,211132
1790931994,68168304,69955186688,741321,0,,16,0,43,407,1894897,1656774965,41537490,41537570,27034147,211359
1790931996,68166660,69953474560,742867,0,,21,0,43,407,1900124,1658263161,41572752,41572836,27071016,211641
1790931997,68166912,69954506752,745200,0,,14,0,43,407,1888364,1660136331,41616669,41616707,27113440,211965
1790931998,68164428,69951447040,747103,0,,20,0,43,407,1877848,1662004830,41660636,41660719,27155754,212289
1790932000,68165520,69952012288,748947,0,,15,0,43,407,1867391,1663822773,41704449,41704532,27198209,212615
1790932001,68165584,69952311296,749249,0,,0,0,43,407,1856417,1665619118,41747948,41748035,27231003,212869
1790932002,68167388,69954453504,750596,0,,13,0,43,407,1849547,1667034570,41780817,41780898,27264221,213126
1790932003,68166552,69954285568,753127,0,,14,0,43,407,1835504,1668423158,41812967,41813048,27297536,213380
1790932004,68166524,69954326528,755021,0,,13,0,43,407,1818813,1669714850,41842937,41843018,27329375,213623
1790932005,68167296,69954060288,756067,0,,0,0,43,407,1828034,1671392404,41883287,41883374,27363619,213885
1790932006,68168736,69956808704,756726,0,,15,0,43,407,1821722,1673043232,41923197,41923273,27394910,214127
1790932007,68168264,69954818048,758937,0,,14,0,43,407,1812800,1674357065,41954491,41954571,27427761,214378
1790932008,68168444,69955309568,758937,0,,15,0,43,407,1823914,1676314958,42002648,42002728,27449503,214548
1790932009,68167808,69954916352,758937,0,,10,0,43,407,1833262,1678298417,42049623,42049693,27472530,214729
1790932010,68168772,69955936256,758937,0,,12,0,43,407,1843282,1680280742,42096188,42096268,27496429,214919
1790932011,68170724,69957988352,762521,0,,15,0,44,408,1832523,1681399933,42122659,42122743,27529373,215169
1790932012,68170076,69957234688,764887,0,,18,0,44,408,1815511,1682624306,42152564,42152647,27561807,215416
1790932014,68168568,69955219456,766317,0,,0,0,44,408,1822077,1684104374,42187435,42187522,27594239,215664
1790932015,68169928,69957009408,766868,0,,11,0,44,408,1814449,1685830776,42228229,42228308,27627962,215923
1790932016,68170288,69957439488,770628,0,,10,0,44,408,1806739,1687312791,42263238,42263281,27662194,216188
1790932017,68169792,69956927488,772777,0,,11,0,44,408,1793626,1688705976,42295897,42295960,27694259,216433
1790932018,68171344,69957427200,774259,0,,14,0,44,408,1796420,1689913972,42324119,42324191,27725177,216668
1790932019,68170200,69957320704,775959,0,,20,0,44,408,1787136,1691783262,42367499,42367578,27767122,216991
1790932020,68168176,69955305472,775959,0,,12,0,45,414,1780263,1693755640,42415284,42415361,27791688,217188
1790932021,68167732,69954011136,775959,0,,16,0,45,414,1793732,1695709504,42462085,42462163,27815681,217374
1790932022,68168160,69955244032,775959,0,,19,0,45,414,1805313,1697659029,42509905,42509983,27839067,217557
1790932023,68166796,69953847296,775959,0,,18,0,45,414,1816690,1699595767,42556608,42556690,27863137,217752
1790932024,68167832,69954142208,775959,0,,15,0,45,414,1826886,1701552510,42603549,42603628,27886797,217942
1790932025,68168080,69955915776,775959,0,,0,0,45,414,1835318,1703503437,42649621,42649686,27910334,218131
1790932026,68167628,69954711552,778547,0,,14,0,45,414,1820485,1704321484,42668643,42668725,27939422,218357
1790932028,68168040,69954584576,779678,0,,6,0,45,414,1825446,1705694302,42701092,42701179,27972881,218614
1790932029,68167260,69955092480,779686,0,,17,0,45,414,1817625,1707603873,42745781,42745863,28004977,218864
1790932030,68166788,69953830912,781418,0,,17,0,45,414,1811679,1708981919,42779257,42779334,28037354,219112
1790932031,68167496,69954793472,782531,0,,14,0,45,414,1795431,1710214584,42807682,42807758,28068885,219355
1790932032,68167668,69954764800,783146,0,,16,0,45,414,1799917,1711518307,42839318,42839398,28100926,219601
1790932033,68166616,69953384448,784008,0,,0,0,45,414,1789437,1713324991,42882974,42883061,28133350,219852
1790932034,68165748,69952278528,785989,0,,13,0,46,422,1782111,1714718594,42916133,42916216,28165283,220100
1790932035,68166616,69953933312,787397,0,,12,0,46,422,1769516,1715964852,42945241,42945322,28197292,220345
1790932036,68167088,69954768896,788847,0,,15,0,46,422,1772402,1717217995,42974865,42974940,28228415,220585
1790932037,68168504,69956395008,790226,0,,12,0,46,422,1763176,1718980023,43017009,43017096,28269535,220901
1790932039,68169692,69957099520,793606,0,,25,0,46,422,1753584,1720803353,43060563,43060646,28311791,221226
1790932040,68170576,69957439488,794341,0,,0,0,46,422,1745366,1722709849,43105005,43105092,28343205,221468
1790932041,68170200,69957087232,795748,0,,14,0,46,422,1739468,1724018380,43135423,43135506,28374828,221712
1790932042,68169680,69956558848,797773,0,,12,0,46,422,1724742,1725233651,43164480,43164562,28405974,221951
1790932043,68169776,69956464640,798981,0,,18,0,46,422,1729393,1726486902,43195093,43195180,28439048,222203
1790932044,68167764,69956136960,800410,0,,19,0,46,422,1721183,1728406748,43239834,43239917,28481496,222530
1790932046,68169512,69956665344,801643,0,,3,0,46,422,1713361,1730312168,43284707,43284794,28523782,222856
1790932047,68168652,69955223552,801894,0,,17,0,47,422,1708185,1732225054,43330544,43330619,28554714,223095
1790932048,68166552,69953048576,802762,0,,14,0,47,422,1702820,1733581935,43362783,43362858,28586935,223343
1790932049,68166912,69954486272,803971,0,,11,0,47,422,1688150,1734825580,43392410,43392481,28618035,223583
1790932050,68167864,69955698688,810433,0,,4,0,47,422,1693309,1736228587,43425211,43425298,28650943,223836
1790932051,68166672,69953200128,810735,0,,13,0,47,422,1686323,1738127370,43471263,43471343,28680487,224067
1790932052,68167680,69954486272,811871,0,,15,0,47,422,1680788,1739329720,43499430,43499507,28712376,224312
1790932053,68166940,69953990656,812995,0,,12,0,47,422,1664726,1740603623,43528998,43529078,28743063,224549
1790932054,68168248,69955350528,815666,0,,21,0,47,422,1670924,1741989511,43562183,43562266,28778100,224819
1790932055,68169704,69956476928,815666,0,,13,0,47,422,1667464,1743887407,43608403,43608484,28807374,225046
1790932056,68167196,69954027520,816125,0,,13,0,47,422,1665413,1745214269,43640090,43640167,28840452,225302
1790932058,68169380,69956485120,816125,0,,13,0,47,422,1674309,1747234033,43687708,43687782,28857192,225442
1790932059,68168428,69956116480,816966,0,,13,0,47,422,1676043,1748226560,43710091,43710169,28884318,225650
1790932060,68167716,69954809856,816966,0,,21,0,47,422,1673963,1750205655,43757694,43757774,28906159,225823
1790932061,68169772,69957169152,816966,0,,16,0,47,422,1686896,1752170865,43804719,43804794,28928654,226007
1790932062,68171236,69959446528,816966,0,,20,0,47,422,1699317,1754117735,43852051,43852129,28950893,226186
1790932063,68171664,69959872512,816966,0,,16,0,47,422,1710817,1756088480,43899556,43899620,28974019,226367
1790932064,68174128,69961113600,816966,0,,15,0,47,422,1724649,1758051688,43946150,43946234,28998185,226557
1790932065,68172964,69960417280,816966,0,,14,0,47,422,1735682,1760008948,43991826,43991905,29020927,226736
1790932066,68172032,69958934528,816966,0,,15,0,47,422,1743551,1761919407,44037931,44038010,29042291,226912
1790932067,68170872,69957496832,816966,0,,17,0,47,422,1751892,1763889223,44085766,44085843,29063128,227086
1790932068,68170636,69957529600,816966,0,,17,0,47,422,1763052,1765840510,44131814,44131896,29086782,227276
1790932069,68171204,69958057984,818235,0,,0,0,47,422,1768846,1767325159,44166843,44166930,29119002,227529
1790932070,68169976,69956571136,821669,0,,15,0,47,422,1760573,1769043940,44207210,44207289,29151462,227782
1790932071,68169632,69956689920,822011,0,,13,0,47,422,1751244,1770391293,44238510,44238590,29184068,228033
1790932072,68170852,69957951488,824278,0,,17,0,47,422,1735350,1771711646,44270662,44270742,29216864,228287
1790932073,68172076,69958975488,824855,0,,23,0,47,422,1739522,1773128751,44303135,44303217,29250160,228544
1790932075,68171028,69958217728,825442,0,,23,0,47,422,1728853,1774997064,44348117,44348200,29292535,228872
1790932076,68172248,69959139328,825442,0,,15,0,47,422,1719720,1776923664,44393489,44393568,29324381,229120
1790932077,68173496,69960929280,827719,0,,17,0,47,422,1713891,1778241402,44425034,44425111,29357216,229375
1790932078,68170864,69958504448,828469,0,,14,0,47,422,1700465,1779683392,44457896,44457978,29390991,229635
1790932079,68168408,69955723264,830783,0,,15,0,47,422,1683806,1781124444,44490801,44490878,29423192,229884
1790932080,68169272,69956091904,831231,0,,0,0,47,422,1696179,1782984432,44535269,44535356,29460334,230171
1790932081,68169580,69956096000,835759,0,,15,0,47,422,1686370,1784504295,44570668,44570744,29497117,230454
1790932082,68168764,69956882432,835759,0,,18,0,47,422,1681146,1786472708,44617932,44618011,29520493,230641
1790932083,68168584,69955399680,836705,0,,13,0,47,422,1673310,1787437065,44640979,44641057,29554164,230900
1790932085,68169448,69956038656,836705,0,,21,0,47,422,1685067,1789467840,44688468,44688548,29573259,231051
1790932086,68169728,69956313088,836705,0,,20,0,47,422,1699865,1791466752,44735717,44735798,29594392,231220
1790932087,68169344,69956448256,836705,0,,5,0,47,422,1710562,1793451115,44783177,44783244,29614404,231378
1790932088,68170128,69957767168,837185,0,,20,0,47,422,1711584,1794436412,44807528,44807607,29642261,231595
1790932089,68171552,69958443008,837271,0,,17,0,47,422,1704101,1796461167,44855417,44855496,29664433,231772
1790932090,68170744,69958393856,837271,0,,16,0,47,422,1716589,1798432473,44902625,44902705,29686706,231951
1790932091,68172648,69959307264,837271,0,,16,0,47,422,1729179,1800451394,44949699,44949782,29709378,232129
1790932092,68172768,69959942144,837271,0,,14,0,47,422,1741818,1802391724,44995295,44995378,29730713,232295
1790932093,68170664,69957431296,837271,0,,13,0,48,423,1754748,1804374601,45042185,45042268,29752091,232472
1790932094,68169752,69956063232,837271,0,,15,0,48,423,1766716,1806357105,45089907,45089990,29773855,232653
1790932095,68170500,69957910528,837271,0,,21,0,48,423,1776830,1808361238,45137377,45137455,29796391,232840
1790932096,68170048,69956911104,837271,0,,17,0,48,423,1787593,1810321463,45182789,45182864,29819084,233016
1790932097,68167088,69954379776,837271,0,,18,0,48,423,1798405,1812283233,45230310,45230374,29842602,233201
1790932098,68166212,69952446464,837271,0,,17,0,48,423,1808617,1814309953,45276669,45276751,29866550,233391
1790932099,68167160,69952991232,837271,0,,9,0,48,423,1814810,1816270286,45324706,45324786,29887587,233557
1790932100,68168036,69955633152,838239,0,,14,0,48,423,1800106,1817248897,45347434,45347513,29916520,233781
1790932101,68167208,69955026944,838239,0,,15,0,48,423,1810462,1819244413,45394416,45394502,29939541,233963
1790932102,68169528,69956878336,838239,0,,17,0,48,423,1821547,1821247510,45441250,45441327,29962742,234148
1790932103,68168224,69955837952,838239,0,,15,0,48,423,1829945,1823246138,45488615,45488699,29985353,234327
1790932105,68168464,69955018752,838239,0,,15,0,48,423,1840683,1825230997,45535605,45535686,30009706,234518
1790932106,68167164,69953691648,838239,0,,15,0,49,424,1845822,1827219483,45583296,45583350,30032334,234696
1790932107,68167796,69954850816,838239,0,,18,0,49,424,1853270,1829213016,45631010,45631091,30053941,234866
1790932108,68167336,69954637824,838239,0,,13,0,49,424,1863104,1831214344,45678285,45678366,30077032,235046
1790932109,68167256,69955350528,838239,0,,18,0,49,424,1873170,1833191389,45725076,45725158,30101975,235241
1790932110,68167956,69955014656,838239,0,,18,0,49,424,1880924,1835176778,45772032,45772109,30127555,235440
1790932111,68169164,69956005888,838239,0,,16,0,49,424,1889013,1837150680,45818976,45819054,30152361,235633
1790932112,68170232,69957361664,838239,0,,12,0,50,430,1892207,1839116983,45866473,45866555,30174485,235814
1790932113,68168848,69956464640,838239,0,,18,0,50,430,1901759,1841093048,45913720,45913769,30197753,236004
1790932114,68168812,69955092480,838399,0,,0,0,50,430,1906947,1842672570,45950936,45951023,30224258,236213
1790932115,68167680,69955538944,840203,0,,8,0,50,430,1898239,1843987771,45981551,45981630,30257206,236468
1790932116,68166492,69953253376,840802,0,,13,0,50,430,1883341,1845380706,46014695,46014775,30289554,236717
1790932117,68166484,69953687552,840802,0,,13,0,50,430,1892658,1847355711,46062199,46062278,30313275,236914
1790932118,68166492,69954088960,841478,0,,20,0,50,430,1892249,1848354403,46086714,46086795,30341788,237141
1790932119,68166772,69953789952,841570,0,,11,0,50,430,1881417,1850296505,46132030,46132111,30374686,237396
1790932120,68165124,69952389120,842853,0,,20,0,50,430,1873517,1851721199,46166175,46166252,30408041,237654
1790932121,68166808,69953323008,844861,0,,17,0,50,430,1860567,1853114768,46197710,46197785,30440788,237904
1790932122,68168200,69955518464,847351,0,,18,0,50,430,1860952,1854289309,46224963,46225043,30470334,238130
1790932123,68166752,69954580480,847351,0,,15,0,50,430,1853087,1856192208,46269914,46269996,30498615,238352
1790932125,68166924,69954232320,851518,0,,15,0,50,430,1844079,1857434222,46299438,46299513,30531644,238605
1790932126,68167756,69955076096,851518,0,,16,0,50,430,1853116,1859430215,46347231,46347310,30554539,238783
1790932127,68169204,69956571136,854501,0,,21,0,50,430,1837506,1860511041,46372877,46372957,30585221,239017
1790932128,68169212,69956345856,856076,0,,9,0,50,430,1841221,1861828213,46405055,46405129,30618473,239272
1790932129,68170372,69957414912,856076,0,,13,0,50,430,1833566,1863817133,46452207,46452289,30641558,239455
1790932130,68170812,69957435392,856076,0,,19,0,50,430,1845710,1865762094,46499509,46499593,30664926,239642
1790932131,68169352,69956243456,856076,0,,17,0,50,430,1858070,1867745094,46546341,46546420,30689195,239833
1790932132,68168372,69955448832,860428,0,,12,0,50,430,1861341,1869057777,46577842,46577928,30722271,240092
1790932133,68167036,69954072576,862705,0,,22,0,50,430,1850987,1870977304,46623677,46623759,30764643,240417
1790932134,68164064,69950238720,862705,0,,17,0,50,430,1842056,1872874954,46668744,46668825,30796926,240666
1790932136,68164872,69951623168,864604,0,,13,0,50,430,1836421,1874266446,46701429,46701505,30829994,240921
1790932137,68167348,69955465216,866789,0,,13,0,50,430,1821542,1875642885,46734555,46734637,30862673,241170
1790932138,68167960,69954797568,873159,0,,6,0,50,430,1806687,1876973022,46766030,46766105,30895744,241423
1790932139,68167568,69955178496,874375,0,,21,0,50,430,1817024,1878683908,46806616,46806700,30934192,241717
1790932140,68168104,69954904064,874375,0,,13,0,50,430,1808954,1880582518,46852017,46852100,30966073,241964
1790932141,68168160,69955256320,880952,0,,21,0,50,430,1802266,1881935405,46882784,46882862,30994834,242185
1790932142,68168476,69956038656,884100,0,,11,0,50,430,1785178,1882956679,46907323,46907406,31024048,242409
1790932143,68169208,69957476352,885816,0,,9,0,50,430,1793712,1884505885,46944387,46944474,31061253,242693
1790932144,68170016,69956878336,886268,0,,20,0,51,430,1786175,1886448895,46990019,46990099,31092107,242932
1790932145,68170220,69957873664,887719,0,,14,0,51,430,1781462,1887741077,47020911,47020992,31124815,243184
1790932146,68170068,69957210112,889245,0,,17,0,51,430,1767231,1889038737,47052900,47052975,31157351,243432
1790932147,68171500,69958672384,893104,0,,12,0,51,430,1773290,1890467261,47086557,47086630,31190085,243683
1790932148,68172596,69959819264,893104,0,,15,0,51,430,1766228,1892435708,47133946,47134027,31213683,243867
1790932149,68170316,69957201920,893104,0,,14,0,51,430,1779834,1894414513,47180276,47180354,31237069,244050
1790932150,68169544,69956128768,894505,0,,0,0,51,430,1786041,1895844719,47213154,47213241,31263440,244253
1790932152,68168864,69955448832,896358,0,,20,0,51,430,1779725,1897360140,47248320,47248398,31295276,244498
1790932153,68168472,69954932736,898878,0,,14,0,51,430,1766858,1898644034,47278468,47278552,31328009,244748
1790932154,68169884,69957058560,902874,0,,18,0,51,430,1750239,1899877922,47306972,47307054,31359129,244986
1790932155,68165596,69952761856,906044,0,,15,0,51,430,1760953,1901648726,47347468,47347555,31398235,245286
1790932156,68166576,69954187264,908765,0,,11,0,51,430,1752654,1903592196,47392550,47392631,31440605,245612
1790932157,68166228,69952733184,908765,0,,11,0,51,430,1745289,1905518275,47438438,47438516,31471778,245854
1790932158,68167140,69954203648,910623,0,,16,0,51,430,1738819,1906789652,47468611,47468692,31503197,246095
1790932160,68167060,69955182592,912631,0,,19,0,51,430,1725803,1907994773,47498358,47498440,31536207,246349
1790932161,68168384,69955440640,913830,0,,19,0,51,430,1730703,1909343222,47529440,47529527,31567766,246591
1790932162,68165820,69953122304,915476,0,,6,0,51,430,1722988,1911220537,47575001,47575088,31610130,246918
1790932163,68165368,69952122880,915743,0,,0,0,51,430,1715274,1913055600,47619644,47619731,31644441,247185
1790932164,68167224,69954031616,918296,0,,16,0,51,430,1712596,1914548932,47653926,47654002,31676239,247431
1790932165,68167712,69955829760,919263,0,,19,0,51,430,1698677,1915905887,47685383,47685465,31707724,247673
1790932166,68166908,69953638400,920251,0,,14,0,51,430,1703527,1917150262,47714730,47714815,31738741,247912
1790932168,68168804,69955915776,921318,0,,14,0,52,431,1695238,1919030742,47758311,47758387,31779578,248227
1790932169,68167456,69955309568,921318,0,,17,0,52,431,1690168,1920926850,47804084,47804168,31810945,248470
1790932170,68168648,69956022272,922321,0,,9,0,52,431,1686676,1922289029,47835319,47835398,31841701,248707
1790932171,68170032,69957414912,922981,0,,16,0,52,431,1670127,1923569233,47865443,47865522,31870573,248931
1790932172,68168688,69956059136,924316,0,,17,0,52,431,1676811,1924518181,47887650,47887728,31904249,249189
1790932173,68170384,69957230592,925289,0,,0,0,52,431,1647205,1925845283,47919237,47919324,31944693,249500
1790932174,68168284,69954613248,925965,0,,17,0,52,431,1644439,1927493828,47957646,47957723,31971670,249710
1790932176,68168400,69954912256,930094,0,,3,0,52,431,1650681,1928981164,47992634,47992721,32003629,249958
1790932177,68168596,69955166208,930209,0,,16,0,52,431,1665834,1931024758,48039654,48039734,32025830,250134
1790932178,68169300,69957230592,930209,0,,15,0,52,431,1678249,1933079901,48087078,48087158,32046010,250297
1790932179,68169336,69956722688,930209,0,,14,0,52,431,1676472,1935039365,48133785,48133858,32067104,250466
1790932180,68170460,69957365760,930867,0,,14,0,52,431,1666142,1935868564,48153112,48153192,32098202,250705
1790932181,68171420,69959086080,931284,0,,16,0,52,431,1672119,1937306271,48187248,48187329,32129495,250947
1790932182,68169436,69957066752,936095,0,,15,0,52,431,1644496,1938209760,48208913,48208993,32164370,251216
1790932183,68168664,69956014080,936712,0,,9,0,52,431,1648069,1939494466,48241018,48241105,32193339,251440
1790932184,68167712,69955039232,937010,0,,12,0,52,431,1649105,1941472462,48288701,48288785,32219031,251640
1790932185,68169368,69956702208,937010,0,,7,0,52,431,1662924,1943463677,48336983,48337053,32239706,251802
1790932186,68170708,69958623232,937010,0,,11,0,52,431,1677500,1945463583,48384843,48384922,32260268,251964
1790932187,68170184,69957349376,937010,0,,19,0,52,431,1690714,1947459281,48431895,48431969,32281317,252130
1790932188,68169832,69957025792,937010,0,,14,0,52,431,1703567,1949468785,48478998,48479077,32304187,252307
1790932189,68170676,69958074368,937010,0,,14,0,52,431,1711716,1951471244,48526308,48526385,32326294,252481
1790932190,68171140,69958320128,937010,0,,20,0,52,431,1722518,1953527872,48573800,48573881,32346720,252640
1790932191,68172164,69959847936,937939,0,,17,0,52,431,1708533,1954400985,48594524,48594602,32378092,252881
1790932192,68170596,69958230016,938321,0,,17,0,52,431,1692393,1955755163,48626601,48626686,32411433,253138
1790932194,68170880,69958279168,939169,0,,17,0,52,431,1702304,1957499923,48668058,48668136,32451388,253446
1790932195,68169428,69957050368,939169,0,,14,0,52,431,1696757,1959517385,48715589,48715668,32474114,253625
1790932196,68171172,69958037504,939169,0,,7,0,52,431,1708888,1961538232,48762567,48762634,32496703,253803
1790932197,68171020,69958131712,939634,0,,1,0,52,431,1715069,1963179904,48801759,48801846,32527549,254043
1790932198,68172384,69959299072,941460,0,,10,0,52,431,1708001,1964624889,48837650,48837728,32558571,254285
1790932199,68170288,69957414912,942399,0,,10,0,52,431,1695988,1965899855,48867037,48867108,32590432,254531
1790932200,68166828,69953896448,945442,0,,18,0,52,431,1698910,1967236607,48899262,48899345,32621139,254770
1790932201,68167640,69954424832,945442,0,,14,0,52,431,1692821,1969240609,48947118,48947198,32643047,254945
1790932202,68168536,69955883008,945442,0,,17,0,52,431,1704292,1971232058,48994190,48994272,32664896,255117
1790932204,68170044,69957664768,947632,0,,22,0,52,431,1712682,1972975639,49033933,49034015,32703461,255414
1790932205,68170900,69957971968,947804,0,,11,0,52,431,1704668,1974991635,49082147,49082227,32725779,255590
1790932206,68169772,69957640192,947804,0,,19,0,52,431,1717032,1976974644,49128492,49128570,32749368,255783
1790932207,68169752,69957083136,948505,0,,0,0,53,432,1724256,1978624131,49166169,49166256,32781192,256032
1790932208,68170140,69956988928,952140,0,,19,0,53,432,1715817,1980251759,49204674,49204754,32812661,256277
1790932209,68169356,69956718592,955843,0,,16,0,53,432,1704236,1981608263,49236334,49236416,32841756,256507
1790932210,68165392,69952376832,959186,0,,21,0,53,432,1712056,1983228534,49274604,49274685,32876475,256782
1790932211,68166188,69954023424,959186,0,,16,0,53,432,1707314,1985238045,49322794,49322877,32896412,256940
1790932213,68167036,69954068480,959722,0,,20,0,53,432,1717757,1987170864,49368621,49368703,32937004,257254
1790932214,68168128,69955715072,962359,0,,18,0,53,432,1689819,1988166321,49391375,49391455,32969672,257506
1790932215,68168092,69954895872,962359,0,,18,0,53,432,1705495,1990178096,49439871,49439958,32987866,257653
1790932216,68169376,69956145152,962359,0,,18,0,53,432,1717338,1992177496,49487867,49487951,33009202,257823
1790932217,68168776,69956640768,962359,0,,14,0,53,432,1729728,1994143512,49534902,49534976,33032674,258007
1790932218,68169292,69956681728,962359,0,,19,0,53,432,1740485,1996128850,49581677,49581758,33055295,258184
1790932219,68168056,69955375104,962359,0,,16,0,53,432,1751224,1998107495,49629312,49629397,33078159,258363
1790932220,68167648,69954441216,962359,0,,12,0,53,432,1759972,2000113712,49677449,49677525,33098927,258525
1790932221,68168240,69955551232,962359,0,,15,0,53,432,1773412,2002081227,49724716,49724801,33121924,258704
1790932222,68170120,69957758976,962359,0,,17,0,53,432,1781340,2004038535,49772501,49772581,33143069,258869
1790932223,68169448,69956550656,962359,0,,16,0,53,432,1790181,2006047762,49819777,49819841,33164972,259042
1790932224,68170144,69956997120,962777,0,,13,0,54,432,1778697,2006980271,49842063,49842137,33197262,259291
1790932226,68171440,69958852608,963041,0,,18,0,54,432,1781690,2008325904,49873794,49873875,33227419,259523
1790932227,68171796,69958635520,963068,0,,0,0,54,432,1772452,2010252819,49920091,49920178,33257335,259755
1790932228,68171612,69959532544,965867,0,,16,0,54,432,1766686,2011538471,49949616,49949694,33292068,260025
1790932229,68170316,69957414912,966911,0,,20,0,54,432,1752066,2013023835,49984087,49984165,33325887,260284
1790932230,68169332,69956796416,966911,0,,17,0,54,432,1758889,2015064123,50031925,50032005,33345268,260435
1790932231,68169680,69956227072,969087,0,,17,0,54,432,1764508,2016058108,50056298,50056374,33374668,260660
1790932232,68169376,69955928064,970763,0,,0,0,54,432,1755446,2018030319,50103219,50103306,33399284,260853
1790932233,68169252,69956599808,973262,0,,15,0,54,432,1741025,2018656833,50118696,50118776,33426019,261057
1790932234,68169416,69956001792,975036,0,,12,0,54,432,1746756,2019951295,50149434,50149521,33459343,261313
1790932235,68167512,69953761280,975346,0,,0,0,54,432,1737631,2021858117,50195282,50195369,33491834,261563
1790932236,68165384,69951692800,976982,0,,14,0,54,432,1731936,2023223470,50227749,50227830,33524193,261813
1790932237,68165428,69952667648,980395,0,,13,0,54,432,1727599,2024623297,50260189,50260272,33556844,262063
1790932238,68165816,69952811008,981409,0,,19,0,54,432,1704284,2026101082,50295121,50295201,33588775,262308
1790932240,68165180,69952954368,987607,0,,17,0,54,432,1694481,2027335823,50325180,50325262,33620892,262554
1790932241,68166640,69953404928,987607,0,,10,0,54,432,1710386,2029360149,50373476,50373555,33641194,262713
1790932242,68167776,69954572288,987607,0,,14,0,54,432,1725186,2031358396,50421517,50421594,33661998,262876
1790932243,68167996,69955829760,987607,0,,15,0,54,432,1738842,2033350527,50469194,50469273,33683578,263045
1790932244,68168220,69955284992,987607,0,,14,0,54,432,1750812,2035335962,50516545,50516625,33706110,263222
1790932245,68167440,69953949696,987607,0,,16,0,54,432,1764371,2037293882,50562206,50562289,33728371,263396
1790932246,68168852,69955895296,987607,0,,9,0,54,432,1773647,2039296789,50608430,50608503,33750450,263575
1790932247,68168972,69955543040,987607,0,,14,0,54,432,1783765,2041302999,50655425,50655501,33770597,263748
1790932248,68171052,69958180864,987607,0,,15,0,54,432,1796595,2043328983,50702279,50702338,33793115,263939
1790932249,68170952,69957562368,987607,0,,18,0,54,432,1808982,2045293007,50749850,50749919,33814553,264117
1790932250,68170560,69957988352,988150,0,,17,0,54,432,1817379,2047215847,50796038,50796120,33835850,264283
1790932251,68170864,69958021120,994322,0,,17,0,54,432,1827075,2049056826,50838301,50838380,33856187,264441
1790932252,68170788,69957627904,998804,0,,0,0,54,432,1833171,2050376878,50870533,50870620,33886098,264670
1790932253,68169588,69956878336,999931,0,,19,0,54,432,1826419,2051976969,50909021,50909105,33916802,264908
1790932254,68168928,69956018176,1002717,0,,19,0,54,432,1814788,2053295924,50939019,50939099,33948054,265146
1790932255,68169300,69956403200,1005832,0,,10,0,55,432,1797719,2054630677,50970351,50970432,33979756,265388
1790932256,68169116,69955670016,1005832,0,,13,0,55,432,1810013,2056625552,51017915,51017999,34002877,265568
1790932257,68168136,69955694592,1005832,0,,18,0,55,432,1821702,2058600558,51065596,51065683,34024973,265740
1790932259,68167900,69955489792,1005832,0,,16,0,55,432,1834054,2060617216,51112004,51112088,34047789,265920
1790932260,68166260,69953536000,1009584,0,,0,0,55,432,1840173,2062161697,51147998,51148085,34083579,266194
1790932261,68166540,69953302528,1009618,0,,18,0,55,432,1831859,2064164841,51195533,51195610,34107794,266382
1790932262,68166652,69953671168,1009618,0,,17,0,55,432,1844272,2066175568,51241975,51242037,34131055,266565
1790932263,68167296,69955366912,1009618,0,,16,0,56,432,1854901,2068123331,51289191,51289265,34155600,266756
1790932264,68168428,69955481600,1009618,0,,13,0,56,432,1866740,2070116410,51336006,51336085,34179870,266945
1790932265,68169640,69957005312,1013738,0,,0,0,56,432,1865962,2071079780,51358003,51358090,34206045,267143
1790932267,68169676,69956755456,1016563,0,,23,0,56,432,1854730,2072926222,51401990,51402067,34249154,267473
1790932268,68168888,69956214784,1016939,0,,14,0,56,432,1845944,2074969371,51448910,51448987,34273555,267663
1790932269,68169416,69956538368,1016939,0,,17,0,56,432,1857039,2076930533,51495357,51495421,34298365,267858
1790932270,68170776,69957402624,1021376,0,,0,0,56,432,1860475,2078140857,51525049,51525136,34330903,268107
1790932271,68168688,69955960832,1022380,0,,20,0,56,432,1850891,2080104943,51571492,51571578,34357544,268317
1790932272,68170056,69957160960,1022380,0,,15,0,56,432,1860661,2082042884,51618896,51618974,34383129,268519
1790932273,68168912,69955477504,1022380,0,,14,0,56,432,1866792,2084006237,51664056,51664137,34404273,268688
1790932274,68168464,69955534848,1028544,0,,16,0,56,432,1877781,2085827152,51706944,51707000,34428290,268875
1790932275,68169788,69956640768,1032068,0,,15,0,56,432,1859175,2086797473,51729156,51729234,34457582,269099
1790932276,68169108,69955694592,1036831,0,,9,0,56,432,1866261,2088415882,51767662,51767746,34497214,269400
1790932278,68169772,69957140480,1039669,0,,0,0,56,432,1856470,2090322887,51812901,51812988,34539634,269726
1790932279,68165924,69952389120,1040215,0,,0,0,56,432,1846267,2092107590,51856445,51856532,34570671,269966
1790932280,68164740,69951221760,1042631,0,,14,0,56,432,1837585,2093396682,51886703,51886783,34602924,270213
1790932281,68165712,69952446464,1046041,0,,12,0,56,432,1821256,2094540160,51913204,51913285,34634231,270451
1790932282,68165812,69953343488,1047747,0,,23,0,56,432,1826212,2095829082,51943679,51943766,34666777,270700
1790932284,68167484,69954461696,1049858,0,,7,0,56,432,1817840,2097720445,51988481,51988568,34709096,271025
1790932285,68165856,69953380352,1050162,0,,17,0,56,432,1810537,2099712651,52034490,52034566,34732555,271208
1790932286,68167524,69954105344,1062192,0,,0,0,56,432,1820267,2101371321,52073439,52073526,34757212,271398
1790932287,68169104,69955923968,1066282,0,,16,0,56,432,1812410,2102501647,52100239,52100311,34790604,271654
1790932288,68168596,69956456448,1068144,0,,14,0,56,432,1795805,2103757298,52129940,52130024,34822653,271900
1790932289,68168696,69955973120,1069230,0,,7,0,56,432,1802351,2105065168,52160704,52160791,34853823,272140
1790932290,68168876,69955174400,1071915,0,,20,0,56,432,1794349,2106858134,52202731,52202811,34883927,272375
1790932291,68169916,69957275648,1075628,0,,11,0,56,432,1784330,2108027805,52230470,52230553,34915229,272615
1790932292,68170164,69957251072,1076840,0,,16,0,56,432,1768338,2109140276,52257054,52257133,34945822,272851
1790932293,68169016,69956833280,1077694,0,,8,0,56,432,1777037,2110724540,52295874,52295961,34983550,273141
1790932294,68169340,69956198400,1078141,0,,15,0,56,432,1769265,2112662325,52341325,52341408,35013503,273374
1790932295,68170252,69957103616,1079407,0,,17,0,56,432,1762544,2113810732,52368645,52368728,35045338,273619
1790932296,68169452,69956820992,1080210,0,,12,0,56,432,1747842,2115129265,52399243,52399328,35077230,273865
1790932297,68168080,69954916352,1080700,0,,0,0,56,432,1752837,2116484056,52431816,52431903,35106043,274086
1790932298,68168508,69955571712,1081177,0,,15,0,56,432,1745433,2118133727,52471638,52471721,35132862,274295
1790932300,68168148,69954691072,1083015,0,,12,0,56,432,1730560,2118906244,52490068,52490150,35160829,274509
1790932301,68167568,69954629632,1083592,0,,15,0,56,432,1737916,2120335143,52524822,52524903,35195407,274776
1790932302,68167840,69954605056,1083592,0,,11,0,56,432,1730520,2122284873,52570480,52570560,35225799,275012
1790932303,68167248,69954781184,1084325,0,,11,0,56,432,1721975,2123558927,52599806,52599887,35257256,275254
1790932304,68167988,69955022848,1085561,0,,15,0,56,432,1707648,2124768432,52626775,52626858,35289048,275499
1790932305,68167072,69954088960,1086437,0,,3,0,56,432,1712805,2126157102,52660424,52660496,35322506,275756
1790932306,68167052,69954592768,1087239,0,,11,0,57,433,1707284,2128142592,52706014,52706083,35349032,275963
1790932307,68168224,69955805184,1087859,0,,13,0,57,433,1697962,2129235894,52731366,52731448,35382189,276218
1790932308,68168236,69954760704,1090383,0,,0,0,57,433,1678533,2130352535,52757045,52757132,35419721,276506
1790932309,68165364,69953404928,1095597,0,,18,0,57,433,1678538,2131823163,52792730,52792811,35446677,276717
1790932310,68167348,69954932736,1096101,0,,10,0,57,433,1679559,2133211960,52825236,52825323,35479470,276970
1790932311,68168712,69955776512,1096395,0,,12,0,57,433,1675725,2135245382,52873037,52873115,35501619,277144
1790932312,68169632,69955936256,1096395,0,,14,0,57,433,1688662,2137187451,52919841,52919919,35526510,277338
1790932314,68170528,69957898240,1099757,0,,15,0,57,433,1679723,2138240097,52945043,52945116,35554787,277556
1790932315,68171588,69958447104,1099757,0,,16,0,57,433,1690279,2140211388,52991920,52991999,35576502,277726
1790932316,68171788,69958651904,1099757,0,,21,0,57,433,1703627,2142178761,53039552,53039635,35600689,277921
1790932317,68172136,69960060928,1102391,0,,17,0,57,433,1706083,2143166895,53062500,53062563,35628954,278137
1790932318,68171924,69958787072,1104800,0,,0,0,57,433,1695674,2144958623,53106296,53106383,35663513,278406
1790932319,68169984,69956558848,1106774,0,,14,0,57,433,1692931,2146484353,53141832,53141912,35693817,278645
1790932320,68169932,69956784128,1106774,0,,8,0,57,433,1699290,2148441867,53189423,53189496,35714007,278817
1790932321,68171244,69959176192,1106774,0,,15,0,57,433,1708601,2150476736,53236988,53237062,35734291,278986
1790932322,68170988,69957607424,1106774,0,,17,0,57,433,1720901,2152455370,53283189,53283250,35757717,279174
1790932323,68171956,69959118848,1106774,0,,15,0,57,433,1731607,2154413271,53330171,53330251,35781501,279366
1790932324,68172168,69959049216,1106774,0,,18,0,57,433,1742170,2156379513,53376391,53376470,35805310,279560
1790932325,68171940,69959348224,1106774,0,,16,0,57,433,1752198,2158347220,53423851,53423936,35829401,279753
1790932326,68171344,69958995968,1106774,0,,16,0,57,433,1762332,2160311680,53470883,53470960,35853487,279945
1790932327,68168764,69955969024,1106774,0,,16,0,57,433,1769648,2162268375,53518303,53518376,35875504,280129
1790932328,68167912,69955244032,1106774,0,,18,0,57,433,1780241,2164255396,53564997,53565078,35897920,280313
1790932329,68167964,69955526656,1106774,0,,11,0,57,433,1790059,2166254350,53612500,53612583,35922184,280509
1790932330,68169704,69957054464,1106774,0,,17,0,57,433,1799537,2168246510,53658653,53658730,35946237,280702
1790932331,68168724,69956050944,1106774,0,,19,0,57,433,1810326,2170226338,53705341,53705424,35970421,280896
1790932333,68167376,69954973696,1106774,0,,13,0,57,433,1820054,2172167176,53750914,53750995,35993569,281085
1790932334,68168644,69955981312,1106774,0,,19,0,57,433,1827180,2174081174,53795953,53796029,36016994,281277
1790932335,68169336,69955923968,1106774,0,,15,0,57,433,1834179,2176103963,53843788,53843866,36037276,281448
1790932336,68170184,69957279744,1106774,0,,12,0,57,433,1843169,2178094894,53889794,53889874,36059647,281632
1790932337,68168448,69955530752,1106774,0,,14,0,57,433,1852816,2180052797,53935965,53936046,36083154,281823
1790932338,68170252,69957935104,1106774,0,,13,0,57,433,1863063,2182051393,53981688,53981770,36106990,282015
1790932339,68168892,69956485120,1106774,0,,21,0,57,433,1872212,2184023086,54027960,54028035,36130664,282207
1790932340,68169320,69956972544,1106774,0,,18,0,57,433,1881708,2186040934,54073841,54073917,36154580,282400
1790932341,68169532,69957398528,1107448,0,,19,0,57,433,1860698,2186881134,54093212,54093294,36181086,282608
1790932342,68169144,69956841472,1108255,0,,13,0,57,433,1867627,2188561320,54133208,54133285,36221001,282916
1790932344,68165244,69952487424,1108521,0,,18,0,57,433,1856005,2190384304,54177272,54177359,36263255,283243
1790932345,68166052,69953052672,1108582,0,,14,0,57,433,1845893,2192262794,54223448,54223528,36293689,283481
1790932346,68163916,69950873600,1109111,0,,13,0,57,433,1840031,2193532042,54252593,54252673,36327837,283744
1790932347,68163152,69950873600,1113369,0,,12,0,57,433,1824307,2195099493,54289140,54289218,36362470,284012
1790932348,68163472,69951221760,1113369,0,,13,0,57,433,1833175,2197103742,54336320,54336406,36385734,284196
1790932349,68165192,69951803392,1113369,0,,15,0,57,433,1842487,2199089465,54384017,54384095,36409888,284385
1790932350,68165396,69952425984,1116472,0,,12,0,57,433,1825269,2200144609,54408233,54408315,36440202,284621
1790932351,68167024,69954609152,1117164,0,,21,0,57,433,1828509,2201435188,54439029,54439111,36473045,284872
1790932352,68165080,69951520768,1117549,0,,0,0,57,433,1817875,2203313130,54483896,54483983,36506423,285130
1790932353,68166824,69953609728,1118771,0,,20,0,57,433,1809892,2204700140,54517723,54517804,36538496,285379
1790932354,68166960,69954260992,1122112,0,,15,0,57,433,1796432,2205930772,54547162,54547237,36570360,285622
1790932355,68166940,69954490368,1124242,0,,2,0,57,433,1799805,2207169508,54576789,54576876,36600355,285852
1790932357,68166652,69953937408,1124476,0,,17,0,57,433,1790898,2209114999,54622564,54622643,36632236,286098
1790932358,68166384,69953421312,1125714,0,,16,0,57,433,1784510,2210461429,54654573,54654650,36665356,286354
1790932359,68167768,69954805760,1126879,0,,16,0,57,433,1778988,2211828230,54686208,54686286,36698005,286602
1790932360,68168312,69955887104,1126879,0,,12,0,57,433,1790950,2213856042,54732926,54733002,36720634,286787
1790932361,68168084,69955145728,1126879,0,,13,0,57,433,1800476,2215808357,54779528,54779598,36743381,286970
1790932362,68168632,69955891200,1126879,0,,14,0,57,433,1808504,2217800066,54826634,54826712,36764217,287138
1790932363,68169824,69957423104,1126879,0,,11,0,57,433,1817896,2219762721,54873638,54873719,36787874,287326
1790932364,68170392,69957758976,1126879,0,,17,0,57,433,1826945,2221740453,54921207,54921288,36809268,287497
1790932365,68171400,69958823936,1126879,0,,17,0,57,433,1837986,2223703414,54967739,54967819,36833191,287683
1790932366,68169488,69956280320,1126879,0,,13,0,57,433,1847872,2225634683,55014548,55014625,36856458,287865
1790932367,68169584,69956431872,1126879,0,,19,0,57,433,1859208,2227590274,55061664,55061744,36880717,288058
1790932368,68168860,69956460544,1126879,0,,14,0,57,433,1869348,2229551151,55108826,55108905,36905341,288250
1790932369,68169556,69956403200,1126879,0,,14,0,58,433,1877260,2231577323,55155470,55155550,36929131,288436
1790932370,68171176,69958045696,1128834,0,,15,0,58,433,1853345,2232431434,55175289,55175372,36955610,288638
1790932371,68170000,69958467584,1129322,0,,26,0,58,433,1859455,2233875633,55210195,55210277,36991652,288915
1790932372,68168620,69955944448,1129913,0,,1,0,58,433,1848136,2235779066,55254571,55254658,37024392,289169
1790932373,68168580,69955600384,1132272,0,,12,0,58,433,1839132,2237133703,55286437,55286518,37054516,289401
1790932375,68167500,69954572288,1133971,0,,15,0,58,433,1824458,2238423044,55317064,55317145,37088796,289666
1790932376,68168220,69956075520,1136320,0,,14,0,58,433,1827148,2239686978,55348062,55348142,37120946,289910
1790932377,68168632,69955956736,1137665,0,,0,0,58,433,1817648,2241556980,55392689,55392776,37157795,290194
1790932378,68169912,69957537792,1138911,0,,17,0,58,433,1810482,2243244196,55431441,55431519,37189651,290440
1790932379,68170080,69956911104,1140497,0,,15,0,58,433,1812278,2244559803,55462259,55462340,37221286,290682
1790932380,68171016,69958172672,1142297,0,,12,0,58,433,1783034,2245745437,55490457,55490544,37251780,290916
1790932381,68170980,69957332992,1143646,0,,0,0,58,433,1791414,2247412126,55529147,55529234,37288413,291197
1790932382,68168496,69955276800,1144136,0,,14,0,58,433,1784060,2249283048,55572383,55572466,37318800,291433
1790932383,68170352,69957468160,1145856,0,,14,0,58,433,1775243,2250462365,55600994,55601069,37349379,291667
1790932384,68169756,69957062656,1148117,0,,19,0,58,433,1758906,2251676242,55629176,55629258,37379937,291900
1790932386,68171384,69958529024,1149309,0,,4,0,58,433,1768272,2253272098,55668357,55668444,37416920,292184
1790932387,68171092,69958221824,1149428,0,,16,0,58,433,1762227,2255196329,55713662,55713745,37446263,292412
1790932388,68171404,69959340032,1155675,0,,16,0,58,433,1749749,2256282434,55739006,55739091,37471148,292602
1790932389,68172284,69959180288,1157278,0,,1,0,58,433,1754165,2257241002,55762035,55762122,37498917,292815
1790932390,68171092,69958270976,1157979,0,,15,0,59,434,1745063,2259114225,55806489,55806565,37523866,293009
1790932391,68170960,69958090752,1157979,0,,16,0,59,434,1758911,2261013754,55852407,55852489,37547057,293197
1790932392,68171236,69958385664,1157979,0,,19,0,59,434,1773071,2263012384,55899185,55899263,37570399,293380
1790932393,68169108,69955956736,1157979,0,,16,0,59,434,1784450,2264997242,55946430,55946513,37593272,293560
1790932394,68169964,69957337088,1157979,0,,18,0,59,434,1794919,2266985357,55992965,55993044,37616525,293741
1790932395,68169552,69955854336,1160164,0,,0,0,59,434,1796698,2267961464,56015100,56015187,37642575,293939
1790932396,68167696,69955256320,1160470,0,,15,0,59,434,1790042,2269743796,56057986,56058063,37674732,294186
1790932397,68169332,69956165632,1162541,0,,14,0,59,434,1782578,2271197306,56091773,56091849,37706441,294429
1790932398,68169336,69956423680,1165140,0,,18,0,59,434,1763455,2272196693,56115806,56115887,37733570,294635
1790932399,68168968,69956571136,1169347,0,,20,0,59,434,1773576,2273850078,56156153,56156230,37771830,294927
1790932401,68168352,69954883584,1169845,0,,0,0,59,434,1765880,2275723748,56201469,56201556,37803366,295171
1790932402,68168240,69955342336,1173169,0,,16,0,59,434,1761256,2277020533,56232161,56232241,37835163,295416
1790932403,68169672,69956513792,1175268,0,,18,0,59,434,1747655,2278244952,56262457,56262540,37866734,295658
1790932404,68169176,69956812800,1177160,0,,0,0,59,434,1752904,2279599225,56295780,56295867,37899132,295906
1790932405,68169888,69956718592,1177278,0,,18,0,59,434,1746940,2281593889,56342906,56342989,37922729,296092
1790932406,68171244,69959135232,1177278,0,,19,0,59,434,1760868,2283567142,56389947,56390027,37946469,296281
1790932407,68172796,69960749056,1177278,0,,16,0,59,434,1773054,2285527952,56435772,56435853,37968492,296461
1790932408,68171068,69957353472,1177278,0,,10,0,59,434,1783832,2287468202,56480743,56480814,37991375,296646
1790932409,68172148,69960118272,1177278,0,,17,0,59,434,1795038,2289404833,56526357,56526434,38013357,296825
1790932410,68172540,69959479296,1177278,0,,16,0,59,434,1804852,2291371011,56572895,56572974,38038875,297025
1790932411,68172340,69959012352,1177278,0,,14,0,59,434,1815289,2293342219,56619425,56619507,38062670,297213
1790932412,68170580,69957447680,1177278,0,,10,0,59,434,1821996,2295339383,56666364,56666445,38083841,297379
1790932413,68169972,69956845568,1177278,0,,12,0,59,434,1833115,2297310308,56713603,56713681,38108554,297572
1790932414,68170284,69958443008,1177278,0,,15,0,59,434,1842569,2299274469,56760590,56760670,38132697,297760
1790932415,68170484,69957611520,1177278,0,,19,0,59,434,1852033,2301215859,56807549,56807629,38158257,297958
1790932416,68170104,69957214208,1177455,0,,9,0,59,434,1860529,2303185221,56853455,56853536,38181979,298143
1790932417,68170364,69958553600,1177455,0,,14,0,59,434,1864854,2305176823,56900002,56900080,38204015,298318
1790932418,68170820,69957697536,1177455,0,,12,0,59,434,1876125,2307132041,56946624,56946700,38228940,298514
1790932419,68169408,69956771840,1177455,0,,12,0,59,434,1884439,2309075771,56992541,56992624,38253405,298711
1790932420,68168268,69955084288,1177455,0,,15,0,59,434,1891874,2311092838,57038739,57038817,38277689,298904
1790932422,68168052,69954756608,1177455,0,,16,0,59,434,1899760,2313043457,57085494,57085572,38302503,299100
1790932423,68167836,69955043328,1177455,0,,10,0,59,434,1904449,2314993891,57130949,57131010,38325029,299285
1790932424,68167652,69955280896,1177455,0,,15,0,59,434,1914312,2316927587,57176131,57176213,38347911,299471
1790932425,68166216,69953216512,1177455,0,,14,0,59,434,1923702,2318852857,57221820,57221899,38371660,299663
1790932426,68166296,69953400832,1177455,0,,14,0,59,434,1931140,2320773980,57267704,57267788,38396304,299861
1790932427,68165916,69953486848,1177455,0,,13,0,59,434,1938928,2322747528,57313934,57314012,38420891,300058
1790932428,68168372,69955952640,1177455,0,,10,0,59,434,1946555,2324700682,57359557,57359635,38445476,300255
1790932429,68169164,69955723264,1177455,0,,13,0,59,434,1950013,2326692642,57406008,57406090,38467110,300433
1790932430,68170144,69956476928,1182577,0,,16,0,59,434,1933416,2327409493,57423166,57423248,38496450,300657
1790932431,68170220,69957357568,1185156,0,,14,0,59,434,1936687,2328467370,57448545,57448631,38528804,300904
1790932432,68169104,69955878912,1186127,0,,0,0,59,434,1922827,2330176508,57490115,57490202,38557611,301128
1790932433,68169380,69957017600,1188906,0,,13,0,59,434,1909161,2331264260,57516328,57516405,38587594,301358
1790932434,68169376,69956227072,1191632,0,,16,0,59,434,1892815,2332262849,57538879,57538959,38618734,301596
1790932435,68170208,69958131712,1192645,0,,0,0,59,434,1897769,2333751490,57573201,57573288,38655749,301881
1790932437,68170524,69957660672,1194762,0,,20,0,59,434,1886429,2335603047,57615944,57616024,38698353,302209
1790932438,68167124,69954420736,1197160,0,,14,0,59,434,1854355,2336498447,57636587,57636665,38732712,302473
1790932439,68166044,69953331200,1200327,0,,20,0,59,434,1857101,2337668829,57665631,57665707,38764383,302716
1790932440,68167080,69953515520,1201263,0,,24,0,59,434,1847320,2339500439,57708349,57708432,38805329,303032
1790932441,68167568,69954347008,1202794,0,,2,0,59,434,1837405,2341383819,57753004,57753091,38837553,303282
1790932442,68165664,69952684032,1204130,0,,16,0,59,434,1830508,2342758088,57784838,57784918,38869901,303532
1790932443,68166884,69953609728,1205681,0,,14,0,59,434,1816231,2344056552,57815416,57815493,38901805,303776
1790932444,68166532,69953290240,1205681,0,,11,0,59,434,1827558,2346021246,57862765,57862847,38925061,303958
1790932445,68166952,69953945600,1205681,0,,16,0,60,435,1838291,2347903798,57909246,57909328,38947933,304137
1790932446,68168356,69955706880,1205681,0,,12,0,60,435,1849097,2349824004,57955292,57955375,38970950,304323
1790932448,68167496,69954031616,1205681,0,,15,0,61,442,1855938,2351840233,58002523,58002606,38992926,304496
1790932449,68167340,69954138112,1206816,0,,21,0,61,442,1840634,2352576627,58019765,58019847,39023026,304728
1790932450,68165596,69952335872,1207711,0,,5,0,61,442,1844376,2353793916,58048788,58048875,39055494,304976
1790932451,68163696,69951455232,1208491,0,,4,0,61,442,1833809,2355639656,58092864,58092951,39097872,305302
1790932452,68165188,69951557632,1208694,0,,0,0,61,442,1822942,2357465989,58136842,58136929,39130350,305553
1790932453,68166384,69953638400,1209538,0,,14,0,61,442,1815235,2358824349,58168741,58168824,39162632,305803
1790932454,68166284,69953323008,1210704,0,,11,0,61,442,1802663,2360158356,58199632,58199709,39195622,306056
1790932455,68165880,69952643072,1211842,0,,12,0,61,442,1792142,2361555595,58231567,58231570,39228022,306306
1790932456,68166740,69953503232,1212890,0,,0,0,61,442,1793256,2363230120,58272067,58272154,39260336,306556
1790932457,68167640,69954703360,1214439,0,,14,0,61,442,1784696,2364759927,58309347,58309428,39289555,306785
1790932458,68167580,69954957312,1214439,0,,0,0,61,442,1791643,2366788498,58357181,58357239,39309717,306944
1790932460,68169056,69955874816,1215006,0,,13,0,61,442,1802578,2368591770,58400513,58400600,39350062,307256
1790932461,68168184,69956014080,1216285,0,,20,0,61,442,1792868,2370462902,58445679,58445754,39392541,307584
1790932463,68168344,69955936256,1216907,0,,19,0,61,442,1782023,2372263417,58489245,58489326,39434670,307908
1790932464,68168196,69954740224,1217511,0,,18,0,62,442,1772432,2374145570,58534400,58534483,39465785,308149
1790932465,68169572,69956685824,1218379,0,,13,0,62,442,1765457,2375438544,58563972,58564044,39497608,308395
1790932466,68168440,69956026368,1219288,0,,14,0,62,442,1749653,2376709773,58593544,58593618,39529251,308638
1790932467,68169300,69956902912,1222147,0,,18,0,62,442,1753925,2378055598,58626026,58626113,39561952,308889
1790932468,68169204,69956554752,1222425,0,,16,0,62,442,1746143,2379986365,58672645,58672726,39586334,309083
1790932469,68170064,69957193728,1222425,0,,18,0,62,442,1756720,2381989737,58720318,58720401,39609331,309263
1790932470,68170276,69957906432,1222425,0,,15,0,62,442,1767970,2383959999,58766870,58766946,39633829,309456
1790932471,68169468,69956304896,1222425,0,,17,0,63,445,1779143,2385898957,58814022,58814106,39657679,309647
1790932472,68170328,69957468160,1222425,0,,14,0,63,445,1788567,2387854713,58860444,58860519,39681039,309837
1790932473,68171148,69958033408,1222425,0,,12,0,64,445,1796292,2389794290,58907204,58907285,39705153,310032
1790932474,68169640,69957537792,1222425,0,,18,0,64,445,1803678,2391765702,58954229,58954311,39726562,310209
1790932475,68169664,69957304320,1224573,0,,0,0,64,445,1812569,2393522015,58995264,58995351,39765693,310514
1790932477,68169652,69956681728,1224638,0,,15,0,64,445,1802076,2395405501,59039745,59039829,39798401,310767
1790932478,68169596,69956472832,1226022,0,,20,0,64,445,1792111,2396772666,59072691,59072771,39827423,310990
1790932479,68168004,69954265088,1227484,0,,15,0,64,445,1776915,2397804730,59095711,59095787,39857796,311224
1790932480,68168664,69956247552,1228211,0,,22,0,64,445,1782769,2399343148,59131335,59131418,39892864,311494
1790932481,68167988,69954531328,1228255,0,,17,0,64,445,1774280,2401243461,59176703,59176784,39924214,311737
1790932482,68166912,69954195456,1229158,0,,19,0,64,445,1769736,2402565963,59208423,59208504,39957514,311995
1790932483,68168788,69955309568,1230030,0,,16,0,64,445,1754228,2404024553,59242207,59242285,39989961,312243
1790932484,68170236,69957591040,1231393,0,,18,0,64,445,1758069,2405321261,59272685,59272765,40020827,312481
1790932485,68167428,69954756608,1232028,0,,16,0,64,445,1748625,2407237680,59317521,59317605,40062372,312801
1790932486,68166712,69953974272,1232028,0,,15,0,64,445,1741872,2409150688,59361657,59361738,40093291,313041
1790932487,68167176,69953409024,1233758,0,,13,0,64,445,1734842,2410586824,59395960,59396015,40125692,313291
1790932489,68167940,69955239936,1236195,0,,18,0,64,445,1719427,2411820390,59425640,59425720,40157394,313534
1790932490,68168048,69954588672,1237431,0,,7,0,64,445,1723594,2413096384,59457153,59457240,40189442,313779
1790932491,68169012,69956874240,1242602,0,,17,0,64,445,1709689,2414008968,59477864,59477939,40223145,314036
1790932492,68167620,69953880064,1242602,0,,17,0,64,445,1722407,2416012708,59524835,59524916,40244953,314206
1790932493,68167396,69954416640,1250234,0,,2,0,64,445,1710179,2417112329,59551079,59551159,40274295,314430
1790932494,68167056,69953544192,1251114,0,,0,0,64,445,1702207,2419057580,59596329,59596416,40309459,314702
1790932495,68166912,69953937408,1254217,0,,17,0,64,445,1696799,2420555819,59632102,59632165,40340392,314942
1790932496,68165472,69952978944,1256151,0,,15,0,64,445,1685367,2421804174,59662691,59662774,40372884,315190
1790932497,68166164,69953318912,1260394,0,,19,0,64,445,1688590,2423028634,59690536,59690617,40401047,315407
1790932498,68164736,69951430656,1261071,0,,15,0,64,445,1682249,2424998331,59737513,59737591,40424032,315589
1790932499,68166572,69954023424,1261071,0,,17,0,65,446,1696613,2426993212,59783693,59783772,40446524,315768
1790932500,68165908,69953163264,1261071,0,,17,0,66,447,1709783,2428927073,59830578,59830661,40469393,315947
1790932501,68167584,69954363392,1261071,0,,14,0,66,447,1722440,2430910428,59877549,59877626,40492349,316129
1790932502,68167860,69954879488,1261071,0,,11,0,66,447,1733667,2432863044,59924858,59924940,40514540,316303
1790932503,68167940,69955411968,1261071,0,,14,0,66,447,1746727,2434852355,59970530,59970606,40538784,316492
1790932505,68166464,69953191936,1262863,0,,19,0,66,447,1728758,2435849630,59994767,59994850,40567873,316717
1790932506,68167752,69954502656,1264206,0,,1,0,66,447,1739511,2437628254,60037845,60037932,40603464,316989
1790932507,68168500,69956083712,1264554,0,,11,0,66,447,1736527,2439304562,60078540,60078622,40631967,317212
1790932508,68168152,69955465216,1264554,0,,16,0,66,447,1743756,2441310809,60125796,60125873,40652126,317370
1790932509,68169260,69957636096,1264554,0,,9,0,66,447,1753155,2443319966,60172533,60172614,40672297,317534
1790932510,68169864,69957455872,1264554,0,,12,0,68,447,1765756,2445283488,60219567,60219642,40695170,317714
1790932511,68170972,69956780032,1264554,0,,10,0,68,447,1775548,2447257073,60266372,60266446,40718687,317898
1790932512,68170732,69958311936,1264554,0,,14,0,68,447,1786541,2449208613,60313283,60313360,40742700,318091
1790932513,68169960,69957038080,1264554,0,,15,0,68,447,1798604,2451134611,60360396,60360474,40766920,318283
1790932514,68169188,69956300800,1264861,0,,15,0,68,447,1808313,2453116467,60406652,60406725,40790156,318463
1790932515,68169972,69957328896,1264861,0,,22,0,68,447,1817558,2455080829,60453338,60453413,40813182,318644
1790932516,68168740,69955796992,1264861,0,,10,0,68,447,1822276,2457035020,60499911,60499989,40833598,318809
1790932517,68167596,69954600960,1264861,0,,14,0,68,447,1832594,2458987064,60546078,60546160,40858028,319005
1790932518,68167712,69955256320,1264861,0,,13,0,68,447,1841385,2460925411,60592359,60592437,40881481,319196
1790932519,68167756,69954871296,1264861,0,,16,0,68,447,1851258,2462833243,60638116,60638196,40904835,319383
1790932520,68167852,69955661824,1264861,0,,17,0,69,448,1861003,2464800097,60684792,60684875,40928361,319571
1790932521,68167940,69954830336,1267676,0,,17,0,69,448,1861864,2465685469,60705045,60705119,40956088,319782
1790932523,68168316,69955661824,1270062,0,,6,0,69,448,1850395,2467475639,60747546,60747633,40996926,320096
1790932524,68170004,69957079040,1270400,0,,13,0,69,448,1840434,2469349153,60791368,60791445,41028475,320340
1790932525,68170868,69957701632,1272455,0,,14,0,69,448,1833438,2470677220,60823581,60823658,41060786,320588
1790932526,68168360,69955416064,1276914,0,,12,0,69,448,1818269,2471921990,60853296,60853376,41092319,320829
1790932527,68168408,69955964928,1277152,0,,13,0,69,448,1826437,2473876105,60900619,60900698,41113632,320995
1790932528,68169676,69956636672,1277152,0,,15,0,69,448,1837574,2475824478,60946773,60946855,41137691,321183
1790932529,68168836,69956673536,1277152,0,,19,0,69,448,1848887,2477749005,60993331,60993414,41163239,321382
1790932530,68167528,69954846720,1277152,0,,14,0,69,448,1854768,2479725059,61040587,61040668,41184595,321555
1790932531,68169116,69956710400,1277152,0,,14,0,69,448,1865045,2481704126,61087516,61087600,41206560,321728
1790932532,68168636,69955432448,1277152,0,,17,0,69,448,1874804,2483625261,61133686,61133761,41231002,321921
1790932533,68169904,69957251072,1277152,0,,16,0,69,448,1883320,2485585930,61179903,61179983,41254292,322105
1790932534,68169900,69956993024,1277152,0,,14,0,69,448,1893329,2487520312,61226195,61226280,41279137,322299
1790932535,68170816,69957648384,1277485,0,,21,0,69,448,1901240,2489508775,61272668,61272749,41302458,322481
1790932536,68171224,69958520832,1277485,0,,0,0,69,448,1907237,2491445936,61318819,61318882,41325795,322664
1790932537,68171868,69958729728,1277877,0,,0,0,70,450,1914630,2493300702,61362260,61362347,41351081,322860
1790932539,68170988,69957738496,1280619,0,,13,0,70,450,1904048,2494315508,61386739,61386818,41382959,323103
1790932540,68170096,69956562944,1283235,0,,15,0,70,450,1886471,2495459667,61415084,61415164,41414904,323348
1790932541,68169852,69956894720,1284127,0,,1,0,70,450,1891510,2496959957,61450515,61450602,41448340,323604
1790932542,68169836,69956677632,1284803,0,,16,0,70,450,1881308,2498697243,61492284,61492354,41479285,323844
1790932543,68170060,69957144576,1286048,0,,12,0,70,450,1872409,2499917723,61520886,61520965,41512208,324097
1790932544,68170284,69957378048,1287197,0,,16,0,70,450,1855347,2501211986,61551052,61551137,41544047,324342
1790932545,68170572,69957926912,1290200,0,,16,0,70,450,1859258,2502594194,61582832,61582910,41578127,324603
1790932546,68171864,69958975488,1291630,0,,0,0,70,450,1848389,2504428236,61626213,61626300,41613934,324880
1790932547,68170812,69958135808,1293510,0,,14,0,70,450,1841606,2505959648,61662076,61662157,41645589,325126
1790932548,68171656,69959290880,1294087,0,,15,0,70,450,1836774,2507292245,61693099,61693178,41678402,325378
1790932549,68170748,69958148096,1294797,0,,10,0,70,450,1811199,2508617437,61724350,61724435,41711164,325630
1790932550,68168560,69955354624,1297290,0,,16,0,70,450,1817800,2510155514,61761473,61761560,41747575,325910
1790932551,68168200,69954985984,1297467,0,,12,0,70,450,1808816,2512037975,61805808,61805890,41779076,326155
1790932552,68168892,69955948544,1299902,0,,4,0,70,450,1802330,2513373509,61837600,61837673,41812096,326410
1790932554,68169676,69957275648,1301332,0,,15,0,70,450,1787821,2514744789,61869122,61869206,41843886,326653
1790932555,68168488,69955555328,1303187,0,,16,0,70,450,1791845,2516083472,61900632,61900709,41875861,326897
1790932556,68168692,69955465216,1303342,0,,0,0,70,450,1782922,2517948970,61944520,61944607,41907114,327137
1790932557,68167216,69953720320,1304845,0,,13,0,70,450,1777646,2519274666,61976374,61976452,41939355,327386
1790932558,68166552,69953294336,1305949,0,,20,0,70,450,1762566,2520590177,62006394,62006476,41970319,327623
1790932559,68167944,69955485696,1307202,0,,20,0,70,450,1765817,2521867440,62035623,62035697,42001793,327865
1790932560,68167744,69955297280,1308176,0,,17,0,70,450,1757453,2523772794,62080155,62080237,42044299,328193
1790932562,68169256,69956882432,1309062,0,,6,0,70,450,1748523,2525655757,62124751,62124838,42086536,328517
1790932563,68168156,69954924544,1309230,0,,19,0,70,450,1739996,2527575217,62169652,62169732,42117693,328758
1790932564,68169404,69956739072,1310400,0,,12,0,70,450,1736182,2528875442,62199934,62200014,42149921,329006
1790932565,68168188,69955756032,1310807,0,,14,0,70,450,1720759,2530180737,62232208,62232286,42180698,329244
1790932566,68166028,69954093056,1311579,0,,0,0,70,450,1726943,2531633612,62265938,62266025,42213641,329506
1790932567,68167448,69954469888,1312180,0,,18,0,70,450,1720530,2533504018,62311222,62311299,42244434,329746
1790932568,68168632,69956198400,1313456,0,,16,0,70,450,1715567,2534789248,62341540,62341620,42276063,329990
1790932569,68168784,69956096000,1314422,0,,14,0,70,450,1699811,2536084843,62372730,62372811,42307557,330234
1790932570,68170032,69958430720,1315055,0,,2,0,70,450,1705247,2537477355,62406075,62406162,42340917,330491
1790932571,68169272,69956321280,1315103,0,,15,0,70,450,1697301,2539399005,62450519,62450595,42372610,330738
1790932572,68169080,69956395008,1316897,0,,10,0,70,450,1692401,2540728121,62481861,62481940,42404173,330983
1790932573,68168256,69956325376,1316897,0,,12,0,70,450,1704559,2542709480,62528142,62528221,42424625,331157
1790932574,68168672,69955674112,1316897,0,,14,0,70,450,1716076,2544638346,62575384,62575462,42446995,331342
1790932575,68169884,69956943872,1317822,0,,15,0,70,450,1698955,2545651012,62598570,62598648,42475651,331566
1790932577,68168096,69955059712,1318600,0,,21,0,70,450,1705498,2547095172,62632907,62632983,42509825,331830
1790932578,68168400,69955166208,1318778,0,,12,0,70,450,1698021,2548978521,62677594,62677678,42542280,332081
1790932579,68169668,69955997696,1321271,0,,17,0,70,450,1692171,2550396844,62711078,62711162,42574440,332331
1790932580,68168428,69955256320,1321665,0,,15,0,70,450,1679253,2551683356,62741456,62741533,42605455,332569
1790932581,68168160,69955747840,1321665,0,,14,0,70,450,1691268,2553649925,62788766,62788849,42625752,332729
1790932582,68166468,69953986560,1321665,0,,13,0,70,450,1703092,2555632212,62834755,62834840,42648103,332904
1790932583,68167672,69955768320,1321665,0,,15,0,70,450,1716721,2557544864,62879929,62880010,42670532,333080
1790932584,68167208,69954265088,1321665,0,,16,0,70,450,1728447,2559464841,62925982,62926064,42693384,333267
1790932585,68166852,69954166784,1321665,0,,19,0,70,450,1738889,2561393190,62971549,62971632,42715442,333446
1790932586,68166768,69954019328,1321665,0,,14,0,70,450,1750950,2563320859,63017651,63017733,42737818,333628
1790932587,68167208,69954244608,1321665,0,,8,0,70,450,1758767,2565310068,63063895,63063976,42758065,333799
1790932588,68168528,69955854336,1321665,0,,13,0,70,450,1766176,2567340829,63110181,63110260,42778253,333968
1790932590,68167204,69954805760,1323277,0,,18,0,70,450,1775982,2569159406,63153239,63153319,42818606,334284
1790932591,68166992,69954015232,1323412,0,,15,0,70,450,1766307,2571026548,63198102,63198181,42849303,334523
1790932592,68165164,69952610304,1324614,0,,18,0,70,450,1759280,2572288700,63227967,63228045,42882092,334775
1790932593,68165332,69952077824,1324614,0,,21,0,70,450,1767371,2574235342,63274102,63274182,42904885,334954
1790932594,68165072,69953085440,1325862,0,,16,0,70,450,1754793,2575399790,63301340,63301416,42937173,335201
1790932595,68164428,69951721472,1325862,0,,16,0,70,450,1764255,2577358306,63348059,63348139,42959136,335372
1790932596,68166368,69953150976,1325862,0,,16,0,70,450,1775897,2579261599,63393355,63393431,42982529,335557
1790932597,68166656,69951967232,1327208,0,,20,0,70,450,1758393,2580388129,63420136,63420219,43013927,335799
1790932598,68166400,69954281472,1328960,0,,15,0,70,450,1763713,2581833175,63454787,63454874,43048615,336067
1790932599,68164572,69951021056,1329219,0,,0,0,70,450,1753168,2583733508,63499446,63499533,43079533,336306
1790932600,68165712,69952208896,1331316,0,,16,0,70,450,1745810,2584947030,63528760,63528835,43111074,336548
1790932602,68166956,69953552384,1332940,0,,16,0,70,450,1731177,2586155805,63557826,63557909,43142961,336793
1790932603,68168296,69955092480,1334668,0,,5,0,70,450,1735606,2587520978,63590265,63590352,43175677,337043
1790932604,68166140,69952626688,1335393,0,,15,0,71,451,1727427,2589498225,63636418,63636501,43199443,337240
1790932605,68165824,69952798720,1335393,0,,11,0,71,451,1741266,2591406117,63681689,63681767,43222900,337431
1790932606,68167108,69954686976,1335393,0,,19,0,71,451,1753073,2593318367,63727427,63727504,43245732,337616
1790932607,68166792,69953331200,1335393,0,,14,0,71,451,1764167,2595252741,63774207,63774287,43268969,337804
1790932608,68166648,69953691648,1335393,0,,14,0,71,451,1774776,2597180705,63820552,63820634,43291635,337988
1790932609,68167700,69955022848,1335393,0,,16,0,71,451,1784932,2599140049,63866165,63866244,43313403,338168
1790932610,68167900,69954695168,1335393,0,,13,0,71,451,1796741,2601035959,63912244,63912321,43336277,338354
1790932611,68166700,69953507328,1335393,0,,7,0,71,451,1804327,2602952582,63957134,63957201,43359535,338542
1790932612,68167196,69955469312,1335393,0,,16,0,71,451,1809891,2604937682,64003254,64003335,43379725,338712
1790932613,68167264,69954306048,1335393,0,,16,0,71,451,1819436,2606917218,64049053,64049132,43402303,338896
1790932614,68167244,69954830336,1335393,0,,14,0,72,452,1830971,2608830565,64094129,64094212,43425683,339087
1790932615,68166984,69953773568,1335393,0,,17,0,72,452,1839288,2610767624,64140284,64140361,43447694,339268
1790932616,68167272,69955354624,1335393,0,,14,0,72,452,1848910,2612690170,64185815,64185896,43470852,339455
1790932617,68167032,69954203648,1335393,0,,13,0,72,452,1860030,2614588712,64232579,64232657,43495218,339651
1790932618,68166856,69953847296,1335393,0,,18,0,72,452,1868026,2616532333,64277848,64277929,43518434,339838
1790932619,68165792,69953835008,1335393,0,,14,0,72,452,1873107,2618475625,64323182,64323265,43541344,340026
1790932620,68166516,69953290240,1335393,0,,10,0,72,452,1878661,2620447536,64369578,64369657,43561549,340196
1790932621,68167352,69954936832,1335393,0,,14,0,72,452,1888491,2622391535,64414412,64414496,43584582,340383
1790932623,68167488,69954260992,1337129,0,,1,0,72,452,1893828,2623964455,64451325,64451412,43615774,340629
1790932624,68167564,69955420160,1339830,0,,14,0,72,452,1883902,2625506360,64488501,64488579,43646479,340868
1790932625,68167208,69953777664,1341352,0,,15,0,72,452,1869721,2626653828,64515447,64515527,43679169,341117
1790932626,68167560,69954797568,1342330,0,,15,0,72,452,1851945,2627930669,64545524,64545604,43711057,341362
1790932627,68167884,69955219456,1343560,0,,8,0,72,452,1858918,2629560685,64583769,64583856,43749223,341655
1790932628,68166632,69953949696,1345420,0,,2,0,72,452,1847529,2631397907,64626813,64626900,43791619,341981
1790932630,68168040,69954838528,1345530,0,,12,0,72,452,1838380,2633292977,64670341,64670418,43823023,342225
1790932631,68169008,69955559424,1347256,0,,15,0,72,452,1831260,2634625379,64702188,64702268,43855388,342474
1790932632,68170652,69958053888,1347256,0,,17,0,72,452,1839128,2636580559,64747782,64747860,43876337,342641
1790932633,68170424,69957799936,1347256,0,,8,0,72,452,1846763,2638525285,64793664,64793746,43896607,342800
1790932634,68170112,69957218304,1347256,0,,20,0,72,452,1855068,2640502352,64839630,64839710,43918109,342968
1790932635,68170764,69957681152,1347256,0,,16,0,72,452,1866021,2642426552,64884951,64885028,43942266,343156
1790932636,68170628,69958025216,1347256,0,,12,0,72,452,1874117,2644408060,64930254,64930330,43964371,343328
1790932637,68170796,69957414912,1347256,0,,12,0,72,452,1884381,2646286216,64973991,64974070,43988331,343514
1790932638,68172024,69958397952,1347256,0,,14,0,72,452,1892274,2648200337,65019724,65019797,44011594,343702
1790932639,68171000,69958135808,1347256,0,,15,0,72,452,1902286,2650089043,65064600,65064680,44035732,343896
1790932640,68171132,69958201344,1347256,0,,10,0,73,455,1908732,2652036414,65110411,65110491,44058141,344074
1790932641,68172176,69959331840,1347256,0,,18,0,73,455,1914796,2653992388,65156627,65156710,44078383,344234
1790932642,68173244,69959905280,1350968,0,,15,0,73,455,1901860,2654729438,65174295,65174376,44109820,344474
1790932643,68172960,69959786496,1352588,0,,9,0,73,455,1903692,2656003253,65203608,65203691,44141717,344719
1790932644,68172676,69959319552,1352934,0,,0,0,73,455,1892582,2657818191,65246520,65246607,44178760,345005
1790932645,68171240,69959151616,1353313,0,,12,0,73,455,1881919,2659431135,65284650,65284727,44210740,345253
1790932646,68172396,69959077888,1355722,0,,8,0,73,455,1871117,2660672923,65314156,65314240,44242626,345498
1790932647,68172316,69959262208,1356585,0,,19,0,73,455,1853079,2661870134,65343277,65343359,44272736,345729
1790932649,68168828,69956698112,1359131,0,,0,0,73,455,1860467,2663491500,65382295,65382382,44310329,346016
1790932650,68166752,69954048000,1359427,0,,16,0,73,455,1850726,2665325739,65426126,65426204,44341552,346258
1790932651,68167716,69954785280,1361479,0,,21,0,73,455,1844948,2666600923,65456799,65456879,44373495,346503
1790932652,68169440,69957046272,1363719,0,,15,0,73,455,1827863,2667896430,65486906,65486988,44405126,346745
1790932653,68169940,69957836800,1364872,0,,17,0,73,455,1832614,2669228923,65518632,65518719,44437420,346993
1790932654,68170172,69957279744,1365164,0,,9,0,73,455,1822858,2671012133,65562695,65562774,44469200,347238
1790932655,68167996,69955092480,1365738,0,,10,0,73,455,1815949,2672272872,65593292,65593359,44501907,347490
1790932656,68169016,69956087808,1367168,0,,18,0,73,455,1802728,2673509239,65623187,65623269,44532822,347728
1790932657,68168964,69955493888,1368439,0,,22,0,73,455,1805284,2674771339,65654175,65654256,44564547,347971
1790932658,68168868,69955678208,1368591,0,,16,0,73,455,1795931,2676618402,65698270,65698351,44594530,348204
1790932659,68169640,69957001216,1370226,0,,14,0,73,455,1789090,2677820010,65726589,65726666,44625584,348443
1790932660,68170848,69958762496,1370226,0,,14,0,73,455,1798222,2679767128,65773011,65773091,44646257,348610
1790932662,68172520,69959929856,1370226,0,,17,0,74,462,1810449,2681720526,65817765,65817849,44669145,348794
1790932663,68173380,69960560640,1370226,0,,0,0,74,462,1816795,2683629004,65862231,65862318,44689706,348965
1790932664,68172692,69959884800,1370226,0,,7,0,74,462,1824130,2685510780,65907891,65907976,44709899,349136
1790932665,68173208,69960155136,1370226,0,,16,0,74,462,1834267,2687377242,65952299,65952376,44732863,349323
1790932666,68172008,69959417856,1370226,0,,15,0,74,462,1844660,2689230593,65997391,65997475,44757050,349518
1790932667,68173832,69961048064,1370226,0,,17,0,75,468,1854939,2691117193,66043031,66043112,44780199,349705
1790932668,68172620,69960577024,1370226,0,,12,0,75,468,1864736,2693009745,66088292,66088371,44803601,349894
1790932669,68173460,69960323072,1370226,0,,10,0,75,468,1873729,2694907892,66134025,66134103,44827141,350085
1790932670,68170952,69958352896,1370226,0,,13,0,75,468,1880023,2696816034,66180696,66180752,44850290,350273
1790932671,68170860,69958291456,1370226,0,,11,0,75,468,1884349,2698704750,66225502,66225585,44871528,350451
1790932672,68173036,69960474624,1370226,0,,15,0,75,468,1893706,2700595043,66269243,66269320,44894552,350639
1790932673,68172380,69959749632,1370226,0,,14,0,75,468,1902172,2702447082,66314038,66314120,44918205,350831
1790932674,68173312,69960736768,1370226,0,,13,0,75,468,1910608,2704332075,66358894,66358974,44942360,351026
1790932675,68170936,69957566464,1370226,0,,13,0,75,468,1917868,2706230878,66404530,66404609,44966074,351217
1790932676,68170176,69958066176,1370226,0,,15,0,75,468,1924765,2708125737,66449768,66449844,44990381,351410
1790932677,68168240,69955309568,1370226,0,,14,0,75,468,1928234,2710006555,66495602,66495680,45012785,351595
1790932678,68167424,69954187264,1370226,0,,13,0,75,468,1936735,2711891149,66540669,66540756,45036517,351786
1790932679,68167192,69954506752,1370226,0,,15,0,75,468,1942450,2713749439,66585331,66585391,45061278,351985
1790932680,68167848,69954560000,1370226,0,,13,0,75,468,1949574,2715658250,66630012,66630092,45086231,352185
1790932681,68167872,69955129344,1370226,0,,14,0,75,468,1956405,2717553850,66674341,66674424,45111057,352384
1790932682,68168604,69956194304,1370226,0,,13,0,75,468,1959471,2719444725,66718678,66718762,45133841,352571
1790932684,68168832,69956456448,1373185,0,,16,0,75,468,1942296,2720199070,66736594,66736678,45161613,352783
1790932685,68170004,69956632576,1374067,0,,0,0,75,468,1945332,2721463030,66765628,66765715,45190475,353005
1790932686,68171096,69958217728,1375402,0,,14,0,75,468,1933725,2722958874,66800166,66800244,45219828,353234
1790932687,68170544,69957644288,1376926,0,,11,0,75,468,1916919,2723982158,66824431,66824514,45250629,353468
1790932688,68170836,69958234112,1379697,0,,14,0,75,468,1919761,2725018553,66849426,66849503,45282081,353708
1790932689,68169124,69956382720,1380716,0,,15,0,75,468,1907208,2726769127,66891494,66891575,45323870,354029
1790932690,68169772,69958701056,1386294,0,,21,0,75,468,1894561,2728529385,66933384,66933465,45365770,354351
1790932692,68169336,69956460544,1387856,0,,17,0,75,468,1883122,2730274582,66975430,66975511,45408456,354679
1790932693,68169668,69956952064,1389327,0,,17,0,75,468,1871943,2732029733,67019041,67019122,45450687,355005
1790932694,68170472,69958934528,1390756,0,,21,0,75,468,1859783,2733766439,67060778,67060861,45493067,355330
1790932695,68169676,69956509696,1390854,0,,16,0,75,468,1850842,2735636440,67104139,67104219,45524249,355572
1790932696,68167896,69954912256,1393653,0,,12,0,75,468,1844038,2736910277,67135085,67135164,45556918,355823
1790932698,68168828,69955653632,1395564,0,,15,0,75,468,1829230,2738176194,67163947,67164024,45588993,356069
1790932699,68170404,69957246976,1396253,0,,20,0,75,468,1832238,2739486250,67195274,67195356,45621197,356316
1790932700,68170276,69956907008,1396253,0,,10,0,75,468,1823170,2741355571,67238122,67238200,45651883,356554
1790932701,68171032,69958979584,1397067,0,,9,0,75,468,1817966,2742636489,67267060,67267139,45684171,356803
1790932702,68170732,69958713344,1398535,0,,10,0,75,468,1801897,2743996446,67298636,67298721,45715983,357048
1790932703,68170080,69957726208,1399835,0,,7,0,75,468,1805780,2745274021,67328489,67328576,45747283,357289
1790932704,68170240,69956567040,1400389,0,,6,0,75,468,1795701,2747123938,67371817,67371896,45778051,357527
1790932705,68171084,69957709824,1401846,0,,12,0,76,469,1789093,2748324859,67399763,67399843,45810029,357773
1790932706,68168260,69956059136,1402721,0,,17,0,76,469,1773591,2749563206,67429851,67429931,45842767,358026
1790932707,68168660,69955756032,1403856,0,,17,0,76,469,1758002,2750940381,67463097,67463175,45876450,358285
1790932708,68168768,69956644864,1404756,0,,9,0,76,469,1768503,2752671876,67505065,67505132,45916800,358595
1790932709,68169556,69956386816,1404773,0,,12,0,76,469,1760153,2754525287,67548953,67549033,45943204,358800
1790932710,68170516,69957648384,1406339,0,,12,0,76,469,1749421,2755434645,67569904,67569989,45972951,359028
1790932711,68169540,69956640768,1410526,0,,16,0,76,469,1753573,2756617025,67597543,67597622,46003228,359260
1790932712,68170192,69957054464,1410526,0,,22,0,76,469,1746244,2758544933,67642891,67642968,46024968,359430
1790932713,68170204,69957828608,1410526,0,,14,0,76,469,1759132,2760429271,67688039,67688116,46048206,359612
1790932714,68168840,69955903488,1410526,0,,17,0,76,469,1770132,2762324852,67733385,67733472,46070576,359787
1790932716,68170516,69957652480,1410526,0,,23,0,76,469,1781477,2764183117,67778767,67778850,46094550,359977
1790932717,68171040,69958234112,1412060,0,,6,0,76,469,1784864,2765288322,67804794,67804881,46124899,360209
1790932718,68171952,69958561792,1412560,0,,0,0,76,469,1775216,2767057492,67848901,67848988,46154315,360438
1790932719,68167332,69954367488,1414321,0,,13,0,76,469,1766636,2768118507,67873605,67873686,46184897,360673
1790932720,68167580,69955284992,1419646,0,,16,0,76,469,1750838,2769338122,67902880,67902960,46216121,360911
1790932721,68168656,69954932736,1420778,0,,0,0,76,469,1756811,2770815319,67939112,67939199,46248044,361157
1790932722,68168884,69955694592,1421685,0,,11,0,76,469,1749232,2772481839,67978662,67978739,46274267,361363
1790932723,68167752,69954281472,1421685,0,,13,0,76,469,1758045,2774422357,68024461,68024538,46294429,361522
1790932724,68167696,69955268608,1421685,0,,10,0,76,469,1770218,2776324897,68070082,68070164,46316909,361697
1790932725,68168632,69956497408,1421685,0,,11,0,76,469,1780961,2778235015,68115878,68115956,46341157,361886
1790932726,68168672,69955932160,1421685,0,,16,0,76,469,1790909,2780128002,68161168,68161249,46364872,362071
1790932727,68169644,69957279744,1421685,0,,17,0,76,469,1801112,2782025290,68206094,68206174,46388777,362259
1790932728,68170308,69958225920,1421685,0,,13,0,76,469,1812097,2783922323,68251616,68251693,46412309,362449
1790932729,68169552,69957414912,1421685,0,,10,0,77,471,1820013,2785810864,68296016,68296093,46434959,362635
1790932730,68170552,69957931008,1421685,0,,13,0,78,473,1826527,2787727775,68341593,68341675,46455912,362810
1790932731,68170528,69957660672,1421685,0,,16,0,78,473,1833764,2789608843,68386118,68386199,46476967,362985
1790932732,68170912,69958287360,1421685,0,,15,0,78,473,1843763,2791476921,68431320,68431398,46499912,363171
1790932733,68171532,69958938624,1421685,0,,16,0,78,473,1851852,2793383899,68476503,68476587,46524444,363366
1790932735,68171812,69959237632,1421685,0,,17,0,78,473,1860349,2795273320,68521588,68521669,46548523,363559
1790932736,68171956,69959114752,1421685,0,,10,0,78,473,1868725,2797173987,68565810,68565894,46572788,363755
1790932737,68170600,69958762496,1421685,0,,18,0,78,473,1877540,2799037928,68610758,68610842,46595788,363942
1790932738,68168452,69955031040,1423041,0,,12,0,78,473,1858204,2799938207,68632105,68632184,46624279,364161
1790932739,68168340,69954453504,1423541,0,,11,0,78,473,1862583,2801236890,68664431,68664514,46659714,364434
1790932740,68167584,69954547712,1424286,0,,21,0,78,473,1850648,2803040397,68708071,68708155,46702152,364761
1790932742,68168736,69956059136,1425088,0,,21,0,78,473,1838538,2804852683,68751204,68751285,46744501,365087
1790932743,68169592,69956157440,1425152,0,,13,0,78,473,1828014,2806685319,68793920,68794001,46776691,365337
1790932744,68171416,69958049792,1425596,0,,13,0,78,473,1819846,2807994180,68825399,68825479,46809329,365590
1790932745,68171588,69959499776,1425973,0,,17,0,78,473,1805204,2809291394,68856557,68856642,46842514,365844
1790932746,68171396,69958860800,1426870,0,,7,0,78,473,1786899,2810547096,68886770,68886847,46874048,366086
1790932747,68171688,69957935104,1427179,0,,0,0,78,473,1795734,2812293116,68927946,68928033,46906475,366336
1790932748,68170624,69957214208,1429738,0,,14,0,78,473,1787364,2813705622,68962051,68962130,46938135,366580
1790932749,68168604,69955698688,1430830,0,,16,0,78,473,1774581,2814943642,68991197,68991280,46970094,366824
1790932750,68167488,69954301952,1430830,0,,8,0,78,473,1781999,2816902414,69036598,69036683,46989666,366976
1790932751,68169008,69955846144,1431044,0,,13,0,78,473,1792478,2818813735,69082216,69082293,47011118,367143
1790932752,68170280,69957660672,1431044,0,,12,0,78,473,1804762,2820726747,69127366,69127443,47034894,367330
1790932753,68169676,69957480448,1431044,0,,16,0,78,473,1814130,2822632029,69172132,69172216,47058180,367512
1790932754,68170512,69958127616,1431044,0,,14,0,78,473,1821825,2824551401,69216922,69217000,47079363,367681
1790932755,68170948,69957836800,1432220,0,,14,0,78,473,1806189,2825469781,69239340,69239422,47109583,367911
1790932756,68168864,69956210688,1433457,0,,8,0,78,473,1810150,2826744094,69269838,69269925,47141924,368159
1790932757,68168284,69955870720,1433726,0,,13,0,78,473,1800916,2828561468,69312635,69312714,47173717,368406
1790932758,68167852,69955948544,1436780,0,,15,0,78,473,1796346,2829925273,69344995,69345076,47205771,368653
1790932759,68163000,69950431232,1436780,0,,9,0,78,473,1806313,2831588100,69384784,69384862,47225124,368809
1790932760,68159308,69946097664,1437023,0,,4,0,78,473,1783577,2832753178,69411401,69411486,47251270,369011
1790932762,68157576,69944573952,1437269,0,,4,0,78,473,1786633,2833258466,69422606,69422690,47276660,369206
1790932763,68157304,69944037376,1437269,0,,0,0,78,473,1767106,2833501752,69428379,69428466,47279916,369232
1790932764,68158476,69944979456,1437269,0,,0,0,78,473,1767008,2833503058,69428379,69428466,47296429,369357
1790932765,68157428,69943578624,1437269,0,,0,0,78,473,1746260,2833503186,69428379,69428466,47317530,369517
1790932766,68158580,69944762368,1437269,0,,0,0,78,473,1726068,2833503314,69428379,69428466,47338190,369674
1790932767,68159736,69945806848,1437269,0,,0,0,78,473,1686115,2833503442,69428379,69428466,47360529,369843
1790932768,68159420,69945712640,1437269,0,,0,0,78,473,1665871,2833503698,69428379,69428466,47380682,369996
1790932769,68160588,69946650624,1437269,0,,0,0,78,473,1645649,2833503826,69428379,69428466,47400835,370149
1790932770,68161772,69947867136,1437269,0,,0,0,78,473,1625359,2833503954,69428379,69428466,47420988,370302
1790932771,68162988,69949366272,1437269,0,,0,0,78,473,1605298,2833504082,69428379,69428466,47441141,370455
1790932772,68164216,69950623744,1437269,0,,0,0,78,473,1585165,2833504210,69428379,69428466,47461295,370609
1790932773,68163456,69950369792,1437269,0,,0,0,78,473,1565113,2833504338,69428379,69428466,47481449,370763
1790932774,68164624,69951045632,1437269,0,,0,0,78,473,1545043,2833504466,69428379,69428466,47502268,370922
1790932775,68165812,69952258048,1437269,0,,0,0,78,473,1525004,2833504594,69428379,69428466,47523490,371085
1790932776,68166952,69953687552,1437269,0,,0,0,78,473,1504961,2833504722,69428379,69428466,47544673,371246
1790932777,68168124,69954564096,1437269,0,,0,0,78,473,1484610,2833504850,69428379,69428466,47565623,371406
1790932778,68168144,69954568192,1437269,0,,0,0,78,473,1464581,2833504978,69428379,69428466,47586584,371566
1790932779,68169316,69955772416,1437269,0,,0,0,78,473,1444545,2833505106,69428379,69428466,47607371,371725
1790932780,68169316,69955772416,1437269,0,,0,0,78,473,1424516,2833505234,69428379,69428466,47628448,371886
1790932781,68170504,69956984832,1437269,0,,0,0,78,473,1404473,2833505362,69428379,69428466,47651357,372061
1790932782,68171696,69958209536,1437269,0,,0,0,78,473,1384429,2833505490,69428379,69428466,47671906,372218
1790932783,68171696,69957943296,1437269,0,,0,0,78,473,1364090,2833505618,69428379,69428466,47693130,372380
1790932784,68171696,69958205440,1437269,0,,0,0,78,473,1344022,2833505746,69428379,69428466,47714127,372539
