ts,rss_kb,cg_mem_bytes,Innodb_buffer_pool_wait_free,Innodb_log_waits,Innodb_os_log_pending_fsyncs,Innodb_data_pending_reads,Innodb_data_pending_writes,Innodb_row_lock_waits,Innodb_row_lock_time,Innodb_buffer_pool_pages_dirty,Innodb_buffer_pool_read_requests,Innodb_buffer_pool_reads,Innodb_data_reads,Innodb_data_writes,Innodb_dblwr_writes
1790924839,1471380,1547911168,0,0,,0,0,0,0,0,278,147,158,0,0
1790924840,1474160,1551654912,0,0,,0,0,0,0,0,406,147,158,0,0
1790924841,1563832,1649504256,0,0,,1,0,0,0,1319,24924,4552,4637,0,0
1790924842,1833608,1927557120,0,0,,3,0,0,0,5181,130451,19949,20034,0,0
1790924843,2276336,2381910016,0,0,,3,0,0,0,9170,333032,45638,45720,4028,28
1790924844,2863840,2984628224,0,0,,5,0,0,0,16801,699546,80473,80554,8057,57
1790924845,3595876,3736719360,0,0,,9,0,0,0,29084,1204674,123948,124031,12086,86
1790924846,4467904,4631461888,0,0,,6,0,0,0,44585,1877003,175766,175843,16115,115
1790924847,5420676,5608685568,0,0,,10,0,0,0,63789,2732521,233429,233516,20430,146
1790924848,6452732,6666625024,0,0,,9,0,0,0,86730,3767187,295929,296014,26560,190
1790924849,7601072,7846625280,0,0,,12,0,0,0,108581,4953277,364393,364471,32231,231
1790924850,8824356,9100726272,0,0,,13,0,0,0,138039,6332482,438475,438549,36260,260
1790924851,10059540,10367033344,0,0,,12,0,0,0,169182,7842700,513547,513629,40289,289
1790924852,11300852,11642961920,0,0,,13,0,0,0,201510,9441231,588876,588948,44318,318
1790924853,12575988,12949942272,0,0,,13,0,0,0,231739,11060103,666186,666259,48347,347
1790924854,13875136,14282706944,0,0,,21,0,0,0,264112,12733279,744977,745055,52376,376
1790924855,15174936,15615868928,0,0,,14,0,0,0,297774,14472871,824097,824171,56406,406
1790924856,16456552,16930148352,0,0,,16,0,0,0,332143,16259985,901917,901988,60436,436
1790924857,17744356,18252132352,0,0,,13,0,0,0,365511,18054088,980301,980374,64465,465
1790924858,19020548,19558100992,0,0,,16,0,0,0,399779,19906013,1057763,1057837,68495,495
1790924859,20242296,20813398016,0,0,,22,0,0,0,422794,21736132,1132120,1132192,82032,592
1790924860,21440316,22042128384,0,0,,22,0,0,0,446000,23558127,1204503,1204579,96267,695
1790924861,22649808,23281954816,0,0,,21,0,1,2,468890,25375644,1277993,1278067,111211,805
1790924862,23821620,24483954688,0,0,,20,0,1,2,491488,27180483,1349560,1349642,126828,918
1790924864,25030776,25725693952,0,0,,26,0,1,2,513803,28997649,1422842,1422924,143117,1037
1790924865,26202052,26925486080,0,0,,19,0,1,2,535787,30839679,1493699,1493780,160066,1160
1790924866,27378388,28130553856,0,0,,31,0,1,2,557102,32641557,1565646,1565727,177658,1291
1790924867,28548524,29331644416,0,0,,19,0,1,2,576307,34464446,1636542,1636615,195871,1425
1790924868,29723368,30535868416,0,0,,32,0,1,2,595311,36267381,1707861,1707935,214655,1565
1790924869,30897784,31738335232,0,0,,36,0,1,2,613629,38073694,1779363,1779443,233984,1708
1790924870,32012724,32883118080,0,0,,27,0,1,2,631360,39873694,1847061,1847141,254668,1860
1790924871,33155492,34054955008,0,0,,30,0,1,2,649015,41656387,1916584,1916668,276040,2018
1790924872,34297588,35227537408,0,0,,27,0,1,2,665979,43416433,1985792,1985870,297846,2179
1790924873,35407236,36364902400,0,0,,40,0,1,2,683555,45207614,2053469,2053547,318545,2332
1790924874,36526884,37512593408,0,0,,20,0,1,2,700376,47009108,2121430,2121480,340513,2494
1790924875,37596384,38610214912,0,0,,26,0,1,2,717311,48809818,2186480,2186554,361330,2648
1790924876,38696520,39739486208,0,0,,44,0,1,2,735567,50539388,2252904,2252969,382995,2807
1790924877,39775216,40845623296,0,0,,36,0,2,3,752911,52295120,2318695,2318770,404767,2969
1790924878,40867404,41964703744,0,0,,37,0,2,3,770251,54059041,2385236,2385312,425918,3125
1790924879,41943676,43070742528,0,0,,47,0,3,5,787095,55809029,2450484,2450559,446357,3277
1790924880,42975604,44126420992,0,0,,26,0,4,10,804321,57514873,2513152,2513229,468078,3438
1790924881,44028156,45208252416,0,0,,49,0,5,11,820787,59284908,2576984,2577061,488430,3589
1790924882,45073212,46277992448,0,0,,38,0,5,11,836816,61032929,2640453,2640533,509950,3748
1790924884,46116208,47347630080,0,0,,32,0,5,11,854506,62751858,2703723,2703716,530739,3902
1790924885,47142852,48399892480,0,0,,27,0,5,11,871566,64470054,2766416,2766495,552731,4064
1790924886,48201072,49487532032,0,0,,26,0,5,11,889287,66226590,2830397,2830360,573831,4220
1790924887,49247808,50560512000,0,0,,42,0,6,12,906437,67948460,2894305,2894382,594248,4372
1790924888,50252504,51589050368,0,0,,53,0,7,25,922987,69670350,2955501,2955586,615695,4530
1790924889,51277004,52640841728,0,0,,34,0,7,25,940258,71400719,3017921,3018001,636420,4684
1790924890,52283720,53671837696,0,0,,15,0,8,26,937538,73099559,3079090,3079168,657626,4840
1790924891,53313728,54732087296,0,0,,45,0,8,26,954009,74788419,3141463,3141543,678693,4996
1790924892,54313828,55754559488,0,0,,55,0,8,26,971534,76473892,3202393,3202472,699598,5151
1790924893,55338132,56808988672,0,0,,41,0,9,31,988745,78216328,3264412,3264490,720373,5305
1790924894,56330904,57824620544,0,0,,20,0,9,31,1004802,79921789,3324556,3324635,741484,5461
1790924895,57321432,58838675456,0,0,,45,0,11,41,1021926,81601976,3384196,3384255,762043,5613
1790924896,58344320,59890151424,0,0,,49,0,13,48,1038224,83308762,3446775,3446816,782244,5763
1790924897,59369796,60942053376,0,0,,24,0,14,53,1054621,85037337,3509238,3509228,802296,5911
1790924898,60358588,61954265088,0,0,,24,0,15,55,1072021,86737843,3569354,3569433,823552,6068
1790924899,61355248,62976294912,0,0,,40,0,15,55,1089157,88468804,3629814,3629894,842473,6209
1790924900,62329864,63976079360,0,0,,36,0,15,55,1104969,90179776,3689691,3689774,862659,6358
1790924902,63297368,64968691712,0,0,,39,0,15,55,1121778,91864413,3747820,3747890,882407,6505
1790924903,64255428,65952325632,0,0,,48,0,15,55,1137770,93570048,3806125,3806202,902542,6654
1790924904,65181588,66900381696,0,0,,25,0,15,55,1154722,95213733,3862517,3862598,922994,6805
1790924905,66141856,67884617728,0,0,,35,0,17,82,1171895,96892360,3921277,3921357,941611,6943
1790924906,67060056,68826238976,0,0,,38,0,17,82,1187466,98598652,3977853,3977934,962027,7094
1790924907,67996876,69786566656,0,0,,46,0,17,82,1204001,100326015,4035005,4035091,981989,7242
1790924908,68478908,70277750784,449,0,,31,0,20,100,1218200,101845662,4083819,4083892,999598,7388
1790924909,68480316,70278385664,449,0,,26,0,22,110,1258254,103739855,4142850,4142923,999823,7441
1790924910,68479728,70279106560,449,0,,14,0,24,140,1296264,105613434,4200426,4200508,1000037,7493
1790924911,68480084,70278418432,449,0,,52,0,25,231,1334619,107478162,4257647,4257691,1000253,7546
1790924912,68479668,70277894144,449,0,,31,0,29,260,1372681,109360840,4314614,4314698,1000455,7598
1790924913,68479224,70277066752,449,0,,35,0,31,263,1410608,111244519,4372793,4372867,1000611,7652
1790924914,68479744,70277246976,449,0,,38,0,31,263,1446994,113185858,4429194,4429183,1000751,7703
1790924915,68480468,70279483392,449,0,,61,0,32,350,1483831,115137813,4483999,4484078,1000850,7751
1790924916,68480284,70278918144,5541,0,,2,0,32,350,1489600,116660500,4529056,4529126,1022997,7939
1790924917,68485236,70283730944,79006,0,,8,0,34,362,1494371,117981902,4565127,4565207,1043787,8100
1790924919,68485140,70283886592,174111,0,,6,0,36,481,1498914,119245703,4600054,4600141,1063559,8254
1790924920,68486452,70284464128,259395,0,,26,0,40,544,1503520,120502691,4634662,4634743,1083029,8406
1790924921,68485288,70283776000,364054,0,,5,0,40,544,1507555,121661279,4667102,4667178,1101003,8545
1790924922,68486280,70284038144,451123,0,,13,0,40,544,1512544,122978712,4702307,4702388,1120537,8698
1790924923,68486848,70284873728,528964,0,,32,0,40,544,1517642,124216289,4737137,4737224,1139897,8848
1790924924,68484216,70282964992,636270,0,,29,0,40,544,1520800,125449378,4772171,4772248,1159536,9001
1790924925,68485680,70284218368,717946,0,,37,0,41,549,1525375,126789332,4808047,4808123,1179953,9160
1790924926,68485252,70283763712,781648,0,,24,0,42,555,1530036,128182525,4845271,4845354,1200923,9324
1790924927,68486520,70284840960,852608,0,,45,0,42,555,1535619,129592812,4881997,4882078,1221044,9480
1790924928,68487412,70285746176,951923,0,,26,0,42,555,1540190,130892812,4916826,4916906,1239908,9627
1790924929,68488744,70288183296,1040881,0,,18,0,42,555,1545018,132191828,4950824,4950903,1258775,9774
1790924930,68489032,70288166912,1121926,0,,4,0,43,559,1549763,133559721,4986491,4986571,1278414,9927
1790924931,68490376,70288789504,1209063,0,,56,0,45,575,1554915,134865814,5020418,5020497,1297153,10073
1790924932,68489724,70288121856,1283527,0,,3,0,47,648,1559635,136237000,5055834,5055920,1316280,10222
1790924933,68491192,70289891328,1374526,0,,32,0,49,662,1564826,137493662,5087886,5087964,1333467,10356
1790924934,68492236,70290399232,1476316,0,,34,0,52,800,1569742,138722156,5119636,5119714,1350915,10492
1790924935,68491856,70291083264,1582591,0,,28,0,53,801,1574361,139980900,5153819,5153889,1369381,10636
1790924937,68489116,70287765504,1685070,0,,5,0,53,801,1579093,141277474,5187396,5187483,1387617,10778
1790924938,68490568,70289248256,1776219,0,,25,0,53,801,1584009,142530053,5221088,5221136,1406484,10925
1790924939,68491848,70290251776,1885813,0,,21,0,55,833,1588348,143737664,5253203,5253281,1424191,11064
1790924940,68490436,70288343040,1968402,0,,10,0,55,833,1593416,145015445,5285870,5285951,1441863,11200
1790924941,68490372,70289690624,2065541,0,,52,0,55,833,1597819,146326797,5318879,5318960,1459958,11342
1790924942,68490804,70289891328,2189878,0,,24,0,55,833,1600809,147442961,5348152,5348231,1476946,11474
1790924943,68488904,70287302656,2289876,0,,23,0,55,833,1604379,148732211,5380498,5380518,1495370,11617
1790924944,68487952,70286630912,2388941,0,,2,0,55,833,1608215,150011891,5413333,5413417,1513977,11762
1790924945,68488984,70287908864,2492894,0,,11,0,55,833,1611757,151207519,5444870,5444949,1532072,11903
1790924946,68488356,70286725120,2593086,0,,2,0,56,836,1615412,152514638,5477082,5477130,1549905,12042
1790924947,68489776,70288715776,2701555,0,,3,0,57,854,1618939,153717729,5506697,5506780,1566966,12175
1790924948,68490840,70289567744,2801195,0,,2,0,57,854,1623179,154973940,5538931,5539015,1585027,12315
1790924949,68490920,70289862656,2925309,0,,10,0,57,854,1626742,156170931,5569620,5569700,1602734,12453
1790924950,68490960,70289326080,3046504,0,,7,0,58,857,1630662,157403679,5600926,5600996,1620180,12589
1790924951,68490196,70288785408,3169160,0,,7,0,58,857,1633873,158604074,5632011,5632096,1637887,12727
1790924952,68491236,70289887232,3270957,0,,23,0,59,863,1638228,159813890,5663056,5663123,1655532,12865
1790924953,68489760,70288113664,3394276,0,,27,0,63,957,1642034,160990305,5692559,5692644,1672008,12993
1790924955,68491824,70289694720,3535090,0,,5,0,63,957,1644024,162113364,5721717,5721794,1689069,13126
1790924956,68487372,70285381632,3647646,0,,0,0,64,988,1648112,163347109,5753147,5753226,1707162,13267
1790924957,68488664,70286725120,3771201,0,,0,0,64,988,1651183,164548852,5782911,5782996,1724580,13402
1790924958,68489496,70288334848,3889691,0,,21,0,65,1001,1654696,165742563,5812132,5812219,1741124,13531
1790924959,68490352,70290018304,3986361,0,,19,0,66,1033,1658606,167031954,5843428,5843503,1758957,13670
1790924960,68489700,70288007168,4103950,0,,2,0,67,1035,1661539,168197578,5873264,5873351,1775760,13801
1790924961,68490292,70289338368,4211421,0,,14,0,67,1035,1664814,169448320,5903404,5903482,1792821,13934
1790924962,68491840,70289960960,4342301,0,,7,0,69,1038,1668281,170626699,5932722,5932791,1809577,14065
1790924963,68492100,70290493440,4473826,0,,41,0,69,1038,1671813,171759427,5960162,5960241,1825104,14185
1790924964,68488356,70287437824,4621073,0,,11,0,69,1038,1674966,172959870,5989954,5990029,1842365,14320
1790924965,68487604,70286139392,4762690,0,,13,0,69,1038,1678410,174083848,6017769,6017847,1858196,14443
1790924966,68489212,70288326656,4899575,0,,4,0,71,1101,1681550,175221680,6045989,6046060,1874277,14569
1790924967,68488284,70286581760,5066914,0,,8,0,72,1157,1684801,176334832,6073402,6073455,1890381,14694
1790924968,68487296,70286110720,5208852,0,,7,0,73,1173,1686841,177455683,6102221,6102288,1907151,14824
1790924969,68488012,70286569472,5321724,0,,23,0,73,1173,1692623,178701975,6133809,6133884,1922841,14947
1790924970,68489180,70288011264,5377484,0,,27,0,73,1173,1703159,180288645,6173901,6173986,1938823,15071
1790924971,68488012,70286827520,5407003,0,,14,0,76,1231,1713942,181887012,6213793,6213873,1954980,15197
1790924973,68486880,70285660160,5439493,0,,40,0,77,1235,1725672,183571125,6254952,6255033,1971138,15323
1790924974,68489040,70287896576,5466129,0,,50,0,77,1235,1736602,185228480,6295735,6295814,1987652,15451
1790924975,68486808,70286639104,5512141,0,,8,0,78,1242,1747380,186864697,6336127,6336206,2003939,15578
1790924976,68490280,70288994304,5550309,0,,59,0,78,1242,1757905,188459476,6375836,6375912,2020354,15706
1790924977,68490152,70288527360,5598647,0,,39,0,79,1258,1767633,189977755,6414464,6414546,2035995,15828
1790924978,68489504,70288478208,5644529,0,,49,0,80,1292,1777634,191435450,6451539,6451577,2051380,15948
1790924979,68490376,70288248832,5701665,0,,23,0,80,1292,1786275,192985140,6489313,6489389,2067719,16075
1790924980,68491028,70290137088,5754194,0,,0,0,81,1292,1795905,194470481,6524866,6524946,2082243,16188
1790924981,68491184,70290391040,5841821,0,,36,0,81,1292,1803714,195812652,6558455,6558537,2097756,16309
1790924982,68494052,70293209088,5881583,0,,39,0,82,1295,1812963,197393612,6596763,6596837,2113785,16434
1790924983,68493772,70292516864,5950254,0,,5,0,85,1304,1821137,198801967,6631191,6631268,2128233,16546
1790924984,68492508,70290960384,6013596,0,,53,0,87,1327,1829340,200182846,6665202,6665279,2143101,16662
1790924985,68492776,70291759104,6082635,0,,63,0,87,1327,1836885,201652632,6700223,6700303,2158614,16783
1790924986,68494456,70292721664,6160636,0,,1,0,87,1327,1845018,203002868,6733213,6733299,2173096,16896
1790924987,68493908,70292414464,6229978,0,,35,0,88,1392,1853337,204422146,6768480,6768564,2188576,17016
1790924988,68494768,70294339584,6332263,0,,8,0,89,1409,1860396,205716246,6800408,6800492,2202603,17126
1790924990,68496764,70296059904,6422568,0,,3,0,89,1409,1868162,207120959,6834565,6834604,2217795,17244
1790924991,68496984,70295830528,6486808,0,,1,0,90,1416,1875252,208472846,6867446,6867533,2232663,17360
1790924992,68496216,70295326720,6579369,0,,5,0,91,1503,1882090,209815660,6899778,6899845,2247369,17474
1790924993,68494264,70293594112,6666086,0,,59,0,95,1560,1889364,211207444,6933482,6933560,2262426,17592
1790924994,68494768,70294257664,6758040,0,,1,0,96,1560,1896493,212577384,6966391,6966458,2277621,17710
1790924995,68492724,70291472384,6846094,0,,50,0,96,1560,1903301,213999676,7000627,7000704,2293519,17834
1790924996,68491364,70290132992,6953743,0,,10,0,98,1593,1910502,215315145,7032666,7032711,2307711,17944
1790924997,68493236,70292033536,7048138,0,,4,0,98,1593,1917602,216696609,7065491,7065575,2322579,18060
1790924998,68493312,70292103168,7133374,0,,2,0,99,1593,1924722,218032628,7097381,7097467,2337189,18174
1790924999,68493284,70291800064,7221058,0,,5,0,101,1602,1931191,219399791,7129104,7129161,2351799,18288
1790925000,68492432,70290898944,7303305,0,,9,0,102,1602,1938030,220748408,7162055,7162137,2367150,18407
1790925001,68491032,70289715200,7424776,0,,32,0,102,1602,1942958,222023645,7191723,7191804,2381268,18517
1790925002,68490328,70289268736,7520116,0,,40,0,102,1602,1948815,223338751,7223238,7223293,2396035,18632
1790925003,68491596,70290325504,7635364,0,,32,0,103,1625,1954962,224596854,7254439,7254524,2410852,18746
1790925004,68494396,70292426752,7721967,0,,45,0,103,1625,1961364,225896777,7286478,7286552,2426061,18864
1790925005,68495388,70294233088,7851871,0,,8,0,105,1637,1966676,227085548,7315805,7315876,2439795,18971
1790925006,68494236,70292508672,7938437,0,,4,0,106,1638,1972455,228332441,7345491,7345558,2454004,19081
1790925008,68492720,70292037632,8050576,0,,1,0,107,1646,1978123,229614527,7376128,7376214,2468217,19191
1790925009,68494152,70294331392,8129015,0,,46,0,107,1646,1983694,230912277,7408040,7408122,2483588,19310
1790925010,68494516,70294372352,8220131,0,,3,0,107,1646,1990396,232271193,7440598,7440660,2498448,19425
1790925011,68493804,70292873216,8309203,0,,24,0,107,1646,1996304,233555402,7471090,7471126,2512663,19536
1790925012,68492028,70290784256,8408892,0,,21,0,107,1646,2002709,234923594,7504028,7504109,2527898,19654
1790925013,68493320,70292377600,8499846,0,,2,0,108,1650,2008940,236274401,7536880,7536967,2543149,19773
1790925014,68492548,70291861504,8594092,0,,69,0,108,1650,2015019,237632452,7569148,7569224,2558142,19890
1790925015,68494200,70293553152,8705907,0,,1,0,109,1659,2020924,238935528,7600396,7600481,2572344,20000
1790925016,68494156,70293045248,8802948,0,,34,0,110,1664,2027464,240233276,7633015,7633032,2587201,20116
1790925017,68495432,70294589440,8876917,0,,11,0,111,1665,2034203,241647988,7667213,7667295,2602842,20238
1790925018,68494344,70292959232,8985997,0,,10,0,112,1679,2039529,242902311,7696473,7696550,2616379,20344
1790925019,68492864,70291460096,9064965,0,,49,0,113,1683,2046434,244334502,7731227,7731306,2632031,20465
1790925020,68494564,70293405696,9151583,0,,16,0,113,1683,2052972,245678719,7762999,7763082,2646509,20578
1790925021,68492996,70292049920,9257313,0,,43,0,116,1720,2058790,247019979,7794979,7795049,2661802,20694
1790925022,68495608,70295285760,9389728,0,,34,0,116,1720,2062563,248155624,7823024,7823081,2676446,20804
1790925023,68496732,70295396352,9487936,0,,49,0,116,1720,2066628,249410342,7851720,7851788,2691311,20916
1790925025,68496148,70294822912,9638756,0,,6,0,118,1758,2070014,250626120,7879390,7879442,2705830,21025
1790925026,68497376,70295699456,9760601,0,,2,0,120,1762,2073449,251726895,7906268,7906355,2720091,21132
1790925027,68497300,70296248320,9909982,0,,36,0,120,1762,2076925,252831926,7933248,7933335,2734139,21237
1790925028,68496480,70296100864,10033442,0,,13,0,120,1762,2080829,253880144,7958916,7958993,2747650,21339
1790925029,68495312,70293954560,10121100,0,,47,0,120,1762,2083971,255092081,7987857,7987942,2763454,21459
1790925030,68495872,70294511616,10242912,0,,41,0,122,1775,2087470,256193262,8014354,8014427,2777624,21565
1790925031,68496272,70294663168,10388116,0,,34,0,123,1821,2090123,257305996,8041052,8041132,2792321,21676
1790925032,68495564,70294876160,10531218,0,,19,0,123,1821,2093246,258413870,8068148,8068220,2807039,21787
1790925033,68495496,70294396928,10666171,0,,7,0,123,1821,2096504,259549330,8094948,8095007,2821651,21897
1790925034,68497000,70296207360,10823034,0,,1,0,125,1855,2099086,260625966,8121556,8121639,2836324,22007
1790925035,68495116,70293225472,10965735,0,,6,0,125,1855,2101431,261713930,8148197,8148270,2851096,22118
1790925036,68494484,70293639168,11121656,0,,24,0,125,1855,2103612,262784359,8175334,8175415,2866328,22233
1790925037,68496372,70295068672,11275283,0,,1,0,126,1862,2105836,263943951,8202809,8202886,2881564,22348
1790925038,68493372,70292176896,11417763,0,,29,0,126,1862,2108285,265005247,8229683,8229763,2896637,22462
1790925039,68494452,70293340160,11561097,0,,1,0,126,1862,2110613,266109196,8256219,8256304,2911395,22573
1790925040,68495868,70294253568,11698804,0,,36,0,127,1872,2112652,267219749,8282364,8282444,2926343,22686
1790925041,68495788,70294446080,11842825,0,,6,0,128,1876,2114637,268317459,8307894,8307974,2940963,22796
1790925043,68496024,70294175744,11965789,0,,0,0,129,1901,2116585,269431199,8335009,8335096,2956448,22913
1790925044,68495364,70293495808,12131870,0,,11,0,129,1901,2118919,270532262,8361354,8361439,2971424,23025
1790925045,68493128,70291206144,12257504,0,,2,0,131,1915,2120861,271580879,8385864,8385947,2985512,23131
1790925046,68493440,70292275200,12395335,0,,1,0,131,1915,2122717,272658267,8410787,8410871,2999955,23240
1790925047,68493284,70291841024,12534828,0,,5,0,132,1915,2124244,273746945,8436649,8436719,3015100,23354
1790925048,68493948,70292017152,12672383,0,,27,0,132,1915,2126000,274805429,8462475,8462555,3030006,23467
1790925049,68493604,70292725760,12819987,0,,4,0,133,1923,2127512,275868872,8487783,8487859,3044618,23578
1790925050,68494076,70292684800,12987806,0,,26,0,134,1945,2129350,276929733,8513786,8513867,3059582,23691
1790925051,68495268,70294401024,13123475,0,,8,0,134,1945,2131864,278060308,8539864,8539872,3074124,23801
1790925052,68495556,70293913600,13262023,0,,10,0,136,2000,2133977,279162592,8565803,8565876,3088981,23915
1790925053,68496736,70296121344,13372447,0,,21,0,137,2027,2136190,280201714,8590251,8590335,3103060,24021
1790925054,68497692,70296879104,13509030,0,,23,0,138,2159,2138098,281305158,8616326,8616408,3118043,24135
1790925055,68494060,70292385792,13646521,0,,0,0,139,2166,2139746,282457263,8643785,8643865,3133717,24254
1790925056,68494004,70292635648,13806725,0,,2,0,140,2185,2141055,283551602,8669236,8669308,3148707,24369
1790925057,68494420,70292660224,13950763,0,,4,0,140,2185,2142575,284671109,8695730,8695811,3163738,24484
1790925058,68494108,70292439040,14082408,0,,5,0,140,2185,2144829,285783028,8722181,8722258,3178630,24598
1790925059,68493132,70291705856,14211366,0,,0,0,141,2185,2147196,286929903,8749640,8749725,3193898,24715
1790925061,68493004,70291849216,14338201,0,,1,0,141,2295,2149514,288084822,8775987,8776060,3208690,24829
1790925062,68491012,70288973824,14478660,0,,50,0,141,2295,2151819,289128809,8801728,8801814,3223266,24941
1790925063,68492020,70291542016,14632880,0,,0,0,143,2311,2154283,290223701,8828147,8828234,3238003,25054
1790925064,68492728,70290776064,14772680,0,,1,0,143,2311,2155936,291321534,8854984,8855066,3253299,25172
1790925065,68492580,70291664896,14941054,0,,6,0,145,2330,2158479,292476778,8882528,8882591,3268645,25290
1790925066,68491752,70291083264,15074293,0,,40,0,145,2330,2160710,293569312,8908242,8908326,3283051,25401
1790925067,68491684,70290231296,15206821,0,,0,0,145,2330,2162877,294706862,8935324,8935372,3298187,25517
1790925068,68491416,70290108416,15313555,0,,0,0,146,2370,2165071,295888957,8962734,8962817,3313515,25635
1790925069,68490312,70289088512,15467289,0,,5,0,146,2370,2166640,296977740,8988496,8988571,3328437,25750
1790925070,68490712,70288977920,15608202,0,,1,0,146,2370,2169326,298142904,9016354,9016427,3343893,25869
1790925071,68491696,70289977344,15765097,0,,0,0,146,2370,2171840,299248361,9043790,9043858,3359244,25987
1790925072,68492720,70291324928,15889907,0,,13,0,146,2370,2173552,300355281,9069842,9069924,3373977,26101
1790925073,68494056,70292664320,16053304,0,,31,0,146,2370,2174995,301432733,9096367,9096415,3389312,26218
1790925074,68495244,70293360640,16201808,0,,2,0,147,2437,2176546,302507928,9121004,9121082,3403465,26327
1790925075,68497212,70295379968,16348252,0,,7,0,149,2535,2178355,303579574,9147032,9147113,3418319,26441
1790925077,68496900,70295326720,16511278,0,,12,0,150,2537,2180129,304652130,9172996,9173062,3433115,26555
1790925078,68496492,70295420928,16660862,0,,39,0,152,2674,2182033,305789229,9198995,9199031,3448163,26671
1790925079,68492600,70290661376,16798950,0,,37,0,153,2698,2184123,306875079,9224593,9224674,3462762,26783
1790925080,68493036,70291877888,16945264,0,,0,0,154,2710,2185754,308062886,9251972,9252034,3478504,26904
1790925081,68493788,70292668416,17108743,0,,9,0,157,2743,2187667,309125504,9277915,9278000,3493251,27017
1790925082,68492324,70291152896,17259086,0,,2,0,157,2743,2189367,310282816,9304088,9304165,3508268,27133
1790925083,68494544,70293692416,17413460,0,,12,0,157,2743,2191508,311333852,9329380,9329458,3522698,27244
1790925084,68492480,70291062784,17589791,0,,2,0,158,2749,2192778,312408667,9354189,9354275,3536897,27353
1790925085,68492576,70291927040,17715006,0,,16,0,159,2847,2194946,313485271,9379418,9379500,3551315,27464
1790925086,68493780,70292647936,17888620,0,,4,0,160,2851,2196007,314616980,9405541,9405623,3566441,27580
1790925087,68494260,70292627456,18051886,0,,2,0,160,2851,2197953,315697622,9431508,9431577,3581334,27695
1790925088,68495436,70293831680,18212033,0,,2,0,161,2949,2199854,316822596,9458037,9458118,3596295,27810
1790925089,68495996,70294401024,18332177,0,,1,0,163,3055,2201766,317951614,9484336,9484398,3611133,27924
1790925090,68494436,70294089728,18494606,0,,39,0,163,3055,2203631,319038020,9509482,9509564,3625247,28033
1790925091,68493212,70292566016,18634284,0,,8,0,164,3055,2205824,320185300,9536593,9536675,3640500,28150
1790925092,68493836,70292447232,18762378,0,,52,0,164,3055,2207388,321334888,9563095,9563153,3655591,28266
1790925094,68492500,70291054592,18895325,0,,4,0,165,3057,2209271,322449953,9588708,9588790,3670149,28378
1790925095,68491564,70289862656,19037348,0,,29,0,166,3109,2210935,323508296,9613958,9613927,3684591,28489
1790925096,68491280,70289563648,19189338,0,,3,0,166,3109,2213213,324649629,9640055,9640138,3699576,28604
1790925097,68491572,70289883136,19342532,0,,5,0,166,3109,2215201,325722077,9665616,9665701,3714099,28716
1790925098,68491868,70290444288,19514388,0,,17,0,169,3157,2217008,326773164,9691100,9691186,3728805,28830
1790925099,68491564,70290898944,19653464,0,,10,0,169,3157,2218585,327887497,9717138,9717217,3743618,28944
1790925100,68492792,70291644416,19802561,0,,46,0,170,3198,2220475,328931471,9742798,9742878,3758254,29056
1790925101,68493752,70292639744,19933244,0,,8,0,171,3257,2222123,330069336,9768922,9769004,3773013,29170
1790925102,68491504,70290067456,20073405,0,,0,0,172,3280,2224217,331176192,9795662,9795726,3787856,29285
1790925103,68491420,70290763776,20211709,0,,35,0,174,3339,2226052,332275914,9821473,9821560,3802525,29398
1790925104,68491136,70290452480,20336452,0,,38,0,174,3339,2227534,333339098,9846768,9846851,3816946,29509
1790925105,68492508,70291107840,20508068,0,,9,0,175,3342,2229104,334413402,9872268,9872311,3831647,29623
1790925106,68494048,70292680704,20631637,0,,6,0,175,3342,2230749,335541083,9898254,9898338,3846616,29739
1790925107,68491936,70290759680,20803944,0,,1,0,175,3342,2231949,336601971,9923208,9923292,3860911,29849
1790925108,68491296,70289637376,20930755,0,,0,0,176,3342,2233759,337684463,9948859,9948946,3875592,29963
1790925109,68491864,70290436096,21067326,0,,2,0,176,3396,2235509,338781533,9975352,9975437,3890818,30081
1790925110,68492712,70291865600,21204147,0,,9,0,176,3396,2237420,339915478,10002034,10002050,3905907,30198
1790925112,68493484,70291845120,21347946,0,,28,0,177,3406,2239468,341039644,10029414,10029500,3920856,30313
1790925113,68494176,70293061632,21496407,0,,30,0,178,3411,2240866,342136645,10055479,10055518,3935819,30429
1790925114,68494504,70292631552,21661202,0,,0,0,178,3411,2242739,343205225,10081634,10081720,3950886,30545
1790925115,68493808,70291906560,21817990,0,,17,0,178,3411,2244237,344275440,10107841,10107923,3965864,30662
1790925116,68495312,70293725184,21948782,0,,0,0,178,3411,2245957,345392067,10134320,10134406,3981182,30779
1790925117,68495024,70294765568,22128122,0,,43,0,180,3449,2246851,346480699,10159366,10159446,3995760,30892
1790925118,68496648,70294089728,22272472,0,,5,0,181,3452,2249095,347635295,10186391,10186472,4011040,31011
1790925119,68493884,70293037056,22427112,0,,13,0,182,3452,2251153,348797109,10213898,10213971,4026452,31130
1790925120,68494808,70293770240,22556087,0,,2,0,183,3452,2252651,349931988,10241244,10241330,4042170,31251
1790925121,68493748,70292905984,22691582,0,,8,0,183,3452,2254527,351055855,10267682,10267749,4057138,31367
1790925122,68493080,70291943424,22848616,0,,7,0,183,3452,2255957,352124512,10294104,10294177,4072236,31483
1790925123,68492792,70291902464,23020945,0,,2,0,184,3499,2257351,353185741,10319492,10319579,4086652,31594
1790925124,68493544,70291914752,23170742,0,,6,0,185,3514,2258754,354244363,10345236,10345291,4101613,31710
1790925125,68491756,70290083840,23293574,0,,6,0,187,3564,2260339,355325724,10370180,10370260,4116195,31823
1790925127,68492832,70291251200,23460586,0,,15,0,189,3604,2261709,356437886,10397143,10397213,4131653,31941
1790925128,68493696,70292578304,23582738,0,,1,0,190,3604,2263453,357542803,10423605,10423689,4146736,32058
1790925129,68494236,70293377024,23733293,0,,0,0,190,3612,2265423,358649120,10448581,10448648,4161024,32168
1790925130,68494704,70293598208,23860497,0,,12,0,191,3618,2266993,359817211,10475622,10475595,4176452,32288
1790925131,68493096,70292217856,24007615,0,,1,0,191,3618,2268452,360951923,10501522,10501609,4191337,32403
1790925132,68493056,70291914752,24166449,0,,8,0,191,3618,2270668,362039058,10527473,10527544,4206158,32517
1790925133,68494632,70293266432,24312523,0,,7,0,191,3618,2271520,363102663,10551606,10551659,4220203,32625
1790925134,68494096,70292983808,24474753,0,,4,0,191,3618,2272702,364142098,10576799,10576881,4234762,32738
1790925135,68494656,70293291008,24609079,0,,2,0,191,3618,2274602,365252274,10603592,10603672,4249848,32855
1790925136,68495608,70295298048,24761088,0,,1,0,192,3627,2276117,366275490,10628055,10628142,4263890,32963
1790925137,68495652,70294564864,24909136,0,,10,0,193,3627,2277523,367419612,10654777,10654852,4279373,33083
1790925138,68494860,70293237760,25058700,0,,44,0,194,3627,2279336,368445137,10679411,10679494,4293545,33193
1790925139,68494932,70292819968,25204062,0,,1,0,194,3627,2280701,369586426,10705267,10705354,4308495,33308
1790925140,68494084,70292709376,25347857,0,,4,0,194,3627,2282232,370617043,10730909,10730910,4323185,33421
1790925141,68493168,70291533824,25497024,0,,8,0,195,3651,2283678,371731306,10757986,10758070,4338781,33542
1790925142,68491668,70290513920,25643298,0,,4,0,195,3651,2285166,372801486,10783080,10783167,4353102,33653
1790925143,68491752,70290837504,25781537,0,,4,0,195,3651,2287507,373889554,10808792,10808848,4367664,33766
1790925144,68492864,70291468288,25916061,0,,1,0,195,3651,2289137,375063924,10836224,10836311,4383674,33889
1790925146,68493948,70293086208,26051059,0,,3,0,195,3651,2290509,376095627,10861287,10861363,4398222,34001
1790925147,68495024,70294118400,26201793,0,,4,0,195,3651,2292321,377252235,10888347,10888404,4413706,34120
1790925148,68494320,70293213184,26347776,0,,4,0,195,3651,2293530,378344074,10913101,10913184,4428131,34232
1790925149,68494520,70293413888,26481655,0,,2,0,195,3651,2295485,379455756,10939180,10939266,4442819,34345
1790925150,68494192,70293622784,26625786,0,,4,0,195,3651,2296705,380516624,10964795,10964876,4457777,34460
1790925151,68493644,70292316160,26750333,0,,6,0,196,3663,2297802,381633678,10991136,10991223,4473508,34582
1790925152,68492844,70291447808,26928094,0,,1,0,196,3663,2299173,382708346,11016674,11016758,4488211,34696
1790925153,68492576,70291431424,27090747,0,,3,0,197,3673,2299953,383779700,11042095,11042181,4502908,34809
1790925154,68494432,70293315584,27268723,0,,6,0,198,3676,2300972,384959404,11069631,11069710,4519018,34934
1790925155,68494892,70293032960,27420296,0,,3,0,200,3689,2302248,386053757,11095679,11095765,4533712,35048
1790925156,68496592,70295277568,27554340,0,,2,0,203,3751,2303674,387201175,11121838,11121924,4548680,35164
1790925157,68497492,70295687168,27702860,0,,9,0,204,3770,2304790,388314475,11147815,11147898,4563875,35281
1790925158,68496832,70296051712,27854644,0,,0,0,204,3770,2306632,389425423,11173785,11173870,4578715,35396
1790925159,68491192,70289494016,27976513,0,,41,0,204,3770,2308246,390533153,11199621,11199702,4593387,35509
1790925160,68491816,70290825216,28139790,0,,11,0,208,3860,2309473,391663896,11226060,11226124,4608615,35626
1790925162,68492968,70292131840,28273341,0,,11,0,208,3860,2310788,392806762,11252210,11252282,4623673,35743
1790925163,68493004,70291345408,28415171,0,,9,0,209,3870,2312451,393904162,11277495,11277581,4638151,35855
1790925164,68492388,70291505152,28540072,0,,5,0,211,3976,2313752,394974076,11302316,11302403,4652449,35965
1790925165,68493872,70292754432,28682631,0,,5,0,211,3976,2315281,396036959,11327102,11327180,4666742,36075
1790925166,68491352,70290149376,28846471,0,,6,0,211,3976,2316517,397091006,11352709,11352781,4681439,36189
1790925167,68492484,70290829312,28983538,0,,5,0,211,3976,2318271,398202776,11377973,11378055,4695870,36301
1790925168,68493872,70293278720,29099317,0,,26,0,212,3977,2319497,399312747,11404181,11404237,4710556,36415
1790925169,68495280,70293954560,29250858,0,,13,0,212,3977,2320328,400376742,11428926,11429009,4725064,36527
1790925170,68494856,70293770240,29411408,0,,3,0,212,3977,2321233,401432809,11453823,11453909,4739426,36638
1790925171,68493432,70291550208,29575697,0,,13,0,212,3977,2322300,402514959,11480488,11480557,4754644,36756
1790925172,68493428,70292287488,29718579,0,,1,0,215,4057,2323931,403625877,11506066,11506153,4769044,36867
1790925173,68493796,70292189184,29861428,0,,12,0,215,4057,2324633,404682850,11530735,11530783,4783513,36979
1790925174,68494628,70293270528,30013689,0,,8,0,215,4057,2325730,405734230,11556104,11556187,4798223,37093
1790925175,68495484,70293905408,30168166,0,,3,0,215,4057,2327165,406796701,11580903,11580967,4812524,37204
1790925176,68496928,70295638016,30324014,0,,2,0,217,4082,2328366,407865619,11606955,11607038,4827587,37320
1790925177,68497400,70296641536,30483514,0,,10,0,217,4082,2329243,408949816,11632864,11632830,4842451,37436
1790925179,68499084,70297677824,30628692,0,,45,0,217,4082,2330684,409970422,11657627,11657662,4856438,37544
1790925180,68500096,70299115520,30777845,0,,6,0,217,4082,2331915,411068564,11683181,11683248,4871300,37659
1790925181,68497732,70295986176,30941162,0,,6,0,217,4082,2333100,412152424,11708818,11708896,4886227,37774
1790925182,68497120,70295363584,31089344,0,,1,0,217,4082,2334671,413277406,11734266,11734329,4900687,37886
1790925183,68498524,70297300992,31237530,0,,2,0,217,4082,2335682,414341443,11758964,11759049,4915001,37997
1790925184,68496972,70295203840,31409076,0,,6,0,218,4082,2336627,415368945,11782920,11783006,4929287,38107
1790925185,68495500,70294220800,31537792,0,,6,0,219,4082,2337764,416389082,11808255,11808331,4943795,38220
1790925186,68495968,70295146496,31696232,0,,29,0,220,4082,2339368,417487527,11834162,11834171,4958591,38335
1790925187,68497112,70295887872,31863652,0,,0,0,221,4089,2340079,418572101,11859090,11859157,4973640,38451
1790925188,68497540,70296588288,31989454,0,,8,0,224,4131,2341501,419701416,11885444,11885514,4988592,38566
1790925189,68497048,70296363008,32148830,0,,22,0,224,4131,2343008,420824043,11912629,11912709,5003937,38685
1790925190,68496040,70294560768,32277509,0,,4,0,226,4135,2343843,421934470,11938422,11938489,5019156,38803
1790925191,68494400,70293098496,32444589,0,,12,0,226,4135,2344975,423028047,11963756,11963839,5033979,38918
1790925192,68496476,70294614016,32573688,0,,4,0,227,4163,2346445,424105925,11989083,11989153,5048625,39031
1790925193,68497264,70296317952,32733319,0,,3,0,228,4170,2347120,425111658,12013091,12013177,5062704,39140
1790925194,68498528,70297325568,32836277,0,,27,0,228,4170,2348557,426198320,12038358,12038440,5077484,39255
1790925195,68497568,70296350720,32991840,0,,9,0,229,4175,2349796,427293647,12064427,12064509,5092675,39373
1790925196,68497728,70297042944,33128969,0,,13,0,229,4175,2351132,428388159,12090168,12090254,5107801,39489
1790925197,68497420,70297239552,33280069,0,,1,0,229,4175,2352824,429517093,12116509,12116584,5122898,39606
1790925199,68497948,70296997888,33441546,0,,56,0,229,4175,2353625,430654971,12143180,12143256,5138825,39730
1790925200,68497608,70296395776,33599522,0,,6,0,231,4190,2354401,431724831,12168678,12168750,5153484,39843
1790925201,68497688,70296207360,33749727,0,,13,0,231,4190,2355682,432762182,12192812,12192881,5167491,39951
1790925202,68494596,70293569536,33909814,0,,3,0,231,4190,2356958,433828720,12217994,12218074,5182195,40065
1790925203,68496464,70295228416,34036617,0,,3,0,231,4190,2357652,434908215,12242992,12243077,5197034,40180
1790925204,68495196,70293917696,34184508,0,,9,0,231,4190,2358765,435953679,12268237,12268280,5211692,40293
1790925205,68496924,70295949312,34337061,0,,2,0,232,4202,2359409,437071499,12293801,12293887,5226532,40408
1790925206,68495632,70294872064,34446573,0,,30,0,234,4230,2360572,438179392,12318187,12318267,5240730,40518
1790925207,68495088,70293807104,34612180,0,,32,0,234,4230,2361628,439276479,12344366,12344448,5256029,40637
1790925208,68494908,70293102592,34757939,0,,5,0,234,4230,2362683,440455086,12370875,12370962,5271244,40754
1790925209,68495516,70294769664,34927419,0,,1,0,236,4236,2363743,441479883,12395431,12395517,5285437,40864
1790925210,68495876,70295105536,35087931,0,,0,0,237,4243,2364941,442572855,12421679,12421766,5300279,40979
1790925211,68495948,70294687744,35208657,0,,6,0,237,4243,2366247,443669069,12446423,12446389,5314731,41091
1790925212,68493700,70292897792,35364135,0,,25,0,237,4243,2367306,444658979,12470952,12471034,5328982,41201
1790925213,68494376,70293319680,35506459,0,,15,0,237,4243,2368593,445695456,12495418,12495484,5343438,41313
1790925214,68493544,70292013056,35679969,0,,11,0,237,4243,2369354,446738736,12520452,12520520,5358282,41428
1790925216,68494112,70292287488,35842000,0,,13,0,238,4358,2370607,447862832,12546290,12546377,5373316,41544
1790925217,68494088,70292709376,35979023,0,,15,0,238,4358,2371811,448993874,12572597,12572664,5388299,41660
1790925218,68495836,70294822912,36120985,0,,29,0,239,4361,2372572,450063091,12597614,12597692,5403038,41775
1790925219,68493804,70292471808,36268420,0,,0,0,239,4361,2373367,451191318,12623565,12623640,5418489,41894
1790925220,68492712,70291607552,36422826,0,,43,0,240,4392,2374402,452209295,12647924,12648008,5432607,42003
1790925221,68494708,70294192128,36578680,0,,18,0,242,4419,2375495,453415582,12675525,12675580,5448746,42128
1790925222,68496112,70294335488,36708555,0,,13,0,242,4419,2376326,454510725,12701537,12701619,5464114,42247
1790925223,68494464,70292635648,36838386,0,,10,0,243,4434,2377356,455718754,12728567,12728628,5479738,42368
1790925224,68494340,70292516864,36966118,0,,1,0,243,4434,2378905,456752545,12754228,12754292,5494373,42481
1790925225,68495064,70293549056,37099461,0,,0,0,244,4438,2379988,457905436,12780395,12780479,5509482,42598
1790925226,68495004,70294523904,37249905,0,,25,0,246,4447,2380746,459027228,12805994,12806068,5524321,42713
1790925227,68496780,70295523328,37403334,0,,0,0,247,4447,2382000,460168499,12832192,12832270,5539299,42829
1790925228,68496732,70295732224,37544744,0,,8,0,247,4447,2383037,461241459,12857297,12857375,5553539,42939
1790925229,68495852,70294306816,37702915,0,,10,0,247,4447,2384204,462280452,12882611,12882698,5568135,43052
1790925230,68495608,70294065152,37876106,0,,3,0,248,4451,2385215,463376540,12907946,12908009,5582842,43166
1790925231,68495776,70294757376,37998979,0,,2,0,249,4588,2385975,464392330,12931631,12931701,5596914,43275
1790925233,68496108,70294835200,38154330,0,,1,0,249,4588,2387342,465415164,12956000,12956083,5610898,43383
1790925234,68496712,70295732224,38303503,0,,0,0,249,4588,2388700,466569488,12983771,12983854,5626918,43507
1790925235,68495652,70294384640,38470945,0,,11,0,249,4588,2389924,467616689,13008778,13008834,5641628,43621
1790925236,68495640,70294130688,38626248,0,,11,0,250,4596,2390570,468711007,13034256,13034329,5656526,43736
1790925237,68495960,70294470656,38795121,0,,11,0,250,4596,2391672,469766387,13059581,13059665,5671552,43853
1790925238,68496224,70294962176,38933083,0,,2,0,250,4596,2392221,470845444,13085491,13085578,5686472,43968
1790925239,68495472,70294470656,39078204,0,,39,0,250,4596,2393219,471951492,13110942,13111025,5701451,44084
1790925240,68496200,70295187456,39227192,0,,30,0,252,4604,2393933,473035069,13136198,13136283,5716468,44200
1790925241,68494696,70293938176,39378262,0,,7,0,252,4604,2395106,474091029,13161201,13161281,5731068,44313
1790925242,68496548,70296408064,39540919,0,,2,0,252,4604,2395626,475173306,13187269,13187356,5746311,44432
1790925243,68493780,70292983808,39673073,0,,7,0,253,4608,2396636,476339519,13214802,13214866,5762321,44555
1790925244,68492480,70291922944,39802089,0,,52,0,253,4608,2397177,477485345,13241048,13241128,5777802,44675
1790925245,68493356,70291767296,39941137,0,,6,0,253,4608,2398125,478549940,13265846,13265933,5792059,44785
1790925246,68490784,70289911808,40110384,0,,5,0,253,4608,2398758,479654870,13291886,13291967,5807411,44904
1790925247,68492924,70291836928,40234477,0,,20,0,253,4608,2399828,480687485,13316730,13316795,5821995,45017
1790925249,68491576,70290984960,40399194,0,,4,0,253,4608,2400849,481741461,13341843,13341924,5836635,45130
1790925250,68491784,70290411520,40571682,0,,0,0,253,4608,2401366,482806631,13367139,13367214,5851608,45246
1790925251,68492904,70291378176,40725925,0,,21,0,253,4608,2401977,483934429,13393160,13393240,5867095,45366
1790925252,68494932,70292865024,40865683,0,,0,0,253,4608,2402335,485071913,13419730,13419816,5882856,45488
1790925253,68495320,70294560768,41025039,0,,7,0,253,4608,2402875,486161312,13445272,13445358,5898015,45605
1790925254,68496276,70295678976,41177986,0,,15,0,253,4608,2403167,487208894,13470119,13470203,5912853,45720
1790925255,68492952,70291353600,41311872,0,,0,0,254,4669,2404005,488323078,13496102,13496161,5927837,45836
1790925256,68494296,70292963328,41471293,0,,3,0,256,4731,2404629,489358115,13520304,13520359,5941900,45945
1790925257,68493544,70292488192,41628288,0,,1,0,258,4767,2405138,490427015,13545458,13545527,5956934,46061
1790925258,68494724,70293422080,41761801,0,,4,0,258,4767,2405700,491590120,13571997,13572083,5972801,46184
1790925259,68493980,70292680704,41908435,0,,13,0,258,4767,2406504,492678733,13597067,13597142,5987275,46296
1790925260,68493532,70291955712,42061445,0,,6,0,258,4767,2407003,493813070,13623898,13623944,6002757,46416
1790925261,68493372,70292840448,42219570,0,,3,0,259,4774,2407607,494922295,13648677,13648714,6017254,46528
1790925262,68492552,70291460096,42370428,0,,3,0,259,4774,2408405,495952444,13673626,13673710,6031853,46641
1790925263,68493604,70292537344,42533537,0,,0,0,259,4774,2409502,497013898,13699227,13699299,6047079,46759
1790925264,68493572,70292803584,42679378,0,,18,0,260,4777,2410418,498063006,13724081,13724164,6061540,46871
1790925266,68494496,70293471232,42865058,0,,6,0,260,4777,2411717,499185456,13750168,13750247,6076693,46988
1790925267,68494392,70293110784,43031071,0,,3,0,261,4777,2411809,500154421,13774030,13774115,6090901,47098
1790925268,68493592,70292787200,43193546,0,,6,0,262,4784,2413255,501269552,13799795,13799882,6105745,47213
1790925269,68494624,70293868544,43334752,0,,5,0,263,4789,2413682,502337781,13825000,13825077,6121103,47332
1790925270,68495128,70293327872,43522841,0,,1,0,263,4789,2414797,503397606,13849465,13849551,6135356,47442
1790925271,68494212,70292905984,43669450,0,,23,0,263,4789,2415254,504420573,13874373,13874454,6150337,47559
1790925272,68493148,70291501056,43829165,0,,3,0,263,4789,2415848,505556919,13900153,13900240,6165559,47676
1790925273,68493720,70292127744,43990223,0,,2,0,263,4789,2416640,506640607,13925634,13925718,6180449,47791
1790925274,68492768,70291468288,44141603,0,,2,0,265,4795,2417915,507709848,13950440,13950510,6194782,47902
1790925275,68494392,70293192704,44273874,0,,13,0,266,4815,2418727,508815861,13975887,13975973,6209498,48016
1790925276,68494644,70293393408,44436594,0,,37,0,266,4815,2419004,509845235,14000502,14000451,6224214,48131
1790925277,68494508,70292975616,44595409,0,,0,0,267,4844,2419637,510974938,14026476,14026563,6239749,48250
1790925278,68495484,70294499328,44749657,0,,39,0,267,4844,2420987,512014575,14051680,14051762,6254472,48364
1790925279,68495548,70294560768,44904907,0,,2,0,270,4889,2421264,513016627,14075422,14075509,6268543,48473
1790925280,68494752,70294007808,45061059,0,,24,0,270,4889,2421632,514032761,14099908,14099984,6283130,48586
1790925281,68495444,70293417984,45209929,0,,1,0,270,4889,2422428,515092657,14124487,14124574,6297502,48697
1790925282,68496012,70295597056,45380578,0,,31,0,270,4889,2423237,516102161,14148985,14149066,6311759,48808
1790925284,68495216,70293962752,45511230,0,,28,0,271,4891,2424159,517202214,14173810,14173896,6326161,48919
1790925285,68495816,70295109632,45665610,0,,4,0,272,4891,2424673,518252390,14198292,14198366,6340419,49029
1790925286,68495188,70293307392,45835562,0,,1,0,274,4979,2425524,519298690,14223055,14223142,6355126,49143
1790925287,68494048,70293557248,46004771,0,,9,0,276,4990,2426488,520348935,14248154,14248185,6369981,49258
1790925288,68495912,70294949888,46146282,0,,2,0,276,4990,2426825,521385854,14272740,14272814,6384686,49372
1790925289,68493316,70291939328,46309831,0,,6,0,277,4990,2427319,522537212,14298487,14298573,6399980,49490
1790925290,68494736,70293729280,46437661,0,,7,0,278,5023,2427495,523588172,14322571,14322654,6414422,49602
1790925291,68495812,70294581248,46600354,0,,16,0,278,5023,2427501,524630793,14346797,14346881,6429139,49716
1790925292,68495852,70295134208,46750865,0,,2,0,280,5047,2428189,525696514,14372716,14372803,6444243,49833
1790925293,68495496,70294261760,46925838,0,,7,0,280,5047,2428764,526763531,14397503,14397585,6459017,49947
1790925294,68495208,70294228992,47066628,0,,2,0,281,5077,2429433,527820040,14422240,14422325,6473466,50059
1790925295,68495188,70294413312,47224997,0,,2,0,282,5080,2430158,528879691,14447874,14447961,6488580,50176
1790925296,68496600,70295646208,47374703,0,,23,0,282,5080,2430958,529920233,14472766,14472853,6503230,50290
1790925297,68494500,70293164032,47528929,0,,2,0,282,5080,2431423,530994453,14497721,14497808,6518314,50406
1790925298,68492528,70291324928,47676907,0,,5,0,282,5080,2431935,532045779,14522381,14522466,6533024,50520
1790925300,68493484,70292455424,47829626,0,,3,0,283,5081,2432936,533194323,14548837,14548904,6548649,50641
1790925301,68493504,70292250624,47979750,0,,21,0,286,5227,2433652,534256328,14573735,14573822,6563422,50755
1790925302,68494556,70293557248,48143126,0,,0,0,286,5227,2434141,535357092,14599193,14599280,6578527,50872
1790925303,68494768,70292742144,48289735,0,,4,0,286,5227,2434791,536376342,14623692,14623777,6593197,50986
1790925304,68494184,70292910080,48481526,0,,12,0,287,5232,2435791,537433614,14648312,14648368,6607828,51099
1790925305,68494636,70293364736,48656515,0,,19,0,288,5259,2436112,538480517,14672780,14672845,6622337,51211
1790925306,68493840,70293131264,48832916,0,,2,0,289,5268,2436681,539506762,14697826,14697846,6637334,51327
1790925307,68494436,70293696512,48980203,0,,3,0,289,5268,2437336,540558247,14722061,14722115,6651510,51437
1790925308,68495220,70293975040,49164019,0,,6,0,289,5268,2437943,541615264,14747662,14747748,6666616,51555
1790925309,68493208,70291681280,49315465,0,,5,0,290,5269,2438329,542679796,14772458,14772538,6681131,51666
1790925310,68492948,70291935232,49479241,0,,6,0,290,5269,2438880,543746690,14797525,14797602,6696091,51782
1790925311,68493152,70291873792,49609493,0,,14,0,291,5295,2439818,544787613,14821612,14821660,6710162,51891
1790925312,68494972,70294286336,49763740,0,,0,0,291,5295,2440738,545867715,14846290,14846365,6724555,52002
1790925313,68495488,70293733376,49893839,0,,1,0,293,5438,2441236,546966203,14871683,14871758,6739532,52118
1790925314,68495640,70294933504,50056927,0,,14,0,293,5438,2441547,548024931,14896552,14896629,6754627,52235
1790925316,68495172,70293954560,50204276,0,,1,0,294,5444,2442366,549099303,14921787,14921856,6769073,52347
1790925317,68494456,70293630976,50355599,0,,0,0,296,5470,2443553,550108874,14945652,14945729,6782821,52453
1790925318,68493124,70292099072,50518499,0,,0,0,296,5528,2444076,551254453,14971666,14971753,6798051,52571
1790925319,68493196,70292439040,50659748,0,,0,0,296,5528,2444824,552306422,14996750,14996829,6812899,52686
1790925320,68493432,70292197376,50830092,0,,5,0,297,5563,2445219,553383512,15022336,15022422,6828246,52805
1790925321,68494796,70293749760,50958742,0,,0,0,297,5563,2445418,554408404,15047001,15047088,6843260,52921
1790925322,68496040,70294564864,51122251,0,,2,0,298,5610,2445639,555442479,15071925,15071994,6858249,53037
1790925323,68494428,70293184512,51258104,0,,6,0,299,5610,2446245,556537757,15097093,15097157,6873226,53153
1790925324,68494280,70293241856,51409619,0,,2,0,299,5610,2447138,557759844,15124483,15124566,6889234,53277
1790925325,68494772,70293000192,51545114,0,,1,0,300,5623,2447015,558773022,15148216,15148292,6903752,53389
1790925326,68495168,70293413888,51698686,0,,3,0,300,5623,2447513,559846039,15173299,15173346,6918718,53505
1790925327,68494860,70292832256,51820340,0,,1,0,302,5633,2447586,560813523,15196625,15196712,6932865,53615
1790925328,68496016,70294806528,51971247,0,,0,0,303,5653,2447629,561910081,15221786,15221870,6947887,53731
1790925329,68497048,70295838720,52131596,0,,1,0,305,5741,2448370,562999554,15248049,15248136,6963299,53850
1790925330,68496748,70295810048,52282728,0,,7,0,305,5741,2448417,564032429,15271642,15271716,6977638,53961
1790925332,68498148,70296977408,52444145,0,,6,0,306,5746,2448770,565116012,15297712,15297789,6992994,54080
1790925333,68495652,70294671360,52591121,0,,11,0,307,5803,2449475,566207108,15322777,15322830,7007967,54196
1790925334,68495732,70295044096,52749575,0,,31,0,307,5803,2450687,567208145,15346996,15347076,7022361,54307
1790925335,68494932,70293950464,52908306,0,,1,0,311,5901,2451318,568334044,15372252,15372336,7037323,54423
1790925336,68495328,70294102016,53063700,0,,20,0,315,5964,2451517,569402796,15397629,15397692,7052804,54543
1790925337,68495516,70295056384,53225179,0,,10,0,317,5971,2451861,570510838,15423582,15423649,7068304,54663
1790925338,68494588,70293598208,53383246,0,,2,0,317,5971,2452438,571652793,15450014,15450096,7083862,54783
1790925339,68494252,70292750336,53537029,0,,6,0,319,6022,2452899,572713448,15475216,15475294,7098701,54898
1790925340,68493516,70291726336,53692342,0,,24,0,321,6061,2453401,573764676,15499420,15499497,7113152,55010
1790925341,68494192,70293733376,53849808,0,,10,0,321,6061,2454271,574884446,15524298,15524372,7127804,55123
1790925342,68496112,70294642688,54002520,0,,2,0,322,6103,2454736,576028869,15550666,15550752,7143558,55245
1790925343,68494740,70293504000,54189232,0,,0,0,322,6103,2455068,577069711,15575563,15575642,7158658,55362
1790925344,68495464,70294503424,54318144,0,,5,0,322,6103,2455758,578131984,15600455,15600542,7173498,55477
1790925345,68494908,70293417984,54487940,0,,3,0,323,6117,2457072,579225171,15625459,15625527,7188269,55591
1790925346,68495604,70295162880,54636532,0,,1,0,324,6117,2457474,580235297,15649250,15649328,7202854,55704
1790925347,68496276,70295085056,54809948,0,,4,0,324,6117,2458114,581273594,15674709,15674776,7217826,55820
1790925349,68495188,70294208512,54965291,0,,6,0,325,6117,2458737,582402008,15701617,15701704,7233568,55942
1790925350,68492032,70291292160,55128153,0,,4,0,327,6157,2459058,583399937,15725162,15725248,7247843,56052
1790925351,68492620,70291853312,55272188,0,,36,0,327,6157,2459907,584436929,15749901,15749977,7262459,56166
1790925352,68493040,70292041728,55433052,0,,2,0,329,6202,2460161,585514837,15774859,15774929,7277314,56281
1790925353,68493896,70292873216,55578803,0,,4,0,331,6230,2460290,586523912,15799041,15799111,7291965,56394
1790925354,68492612,70291320832,55737175,0,,13,0,332,6234,2460694,587542244,15824091,15824169,7306888,56509
1790925355,68492940,70292185088,55880550,0,,0,0,333,6241,2460969,588628763,15849081,15849157,7321842,56625
1790925356,68492872,70291611648,56041030,0,,2,0,334,6271,2460727,589663851,15873127,15873205,7336470,56739
1790925357,68492276,70290702336,56175517,0,,2,0,336,6285,2461146,590708644,15897005,15897076,7350749,56849
1790925358,68492504,70291468288,56348150,0,,7,0,336,6285,2461529,591774775,15921938,15922017,7365668,56964
1790925359,68493396,70292115456,56515532,0,,33,0,338,6291,2461903,592882270,15948136,15948166,7381208,57085
1790925360,68494236,70292987904,56665541,0,,24,0,338,6291,2462136,593968195,15973892,15973963,7396894,57206
1790925361,68495276,70294077440,56820303,0,,7,0,338,6291,2462495,595026927,15998169,15998219,7411737,57321
1790925362,68495140,70294171648,56986709,0,,6,0,338,6291,2463135,596099532,16023848,16023911,7426790,57437
1790925363,68493452,70291660800,57147722,0,,1,0,338,6291,2463378,597122665,16048166,16048253,7441354,57550
1790925364,68495904,70294462464,57314090,0,,0,0,338,6291,2463642,598144039,16073049,16073123,7456205,57665
1790925365,68493020,70292250624,57468862,0,,5,0,340,6334,2464527,599266058,16099246,16099296,7471555,57784
1790925367,68492580,70291656704,57640264,0,,2,0,341,6362,2465516,600260355,16123365,16123443,7485833,57894
1790925368,68493920,70291886080,57797967,0,,1,0,341,6362,2466378,601384040,16149716,16149803,7501562,58016
1790925369,68494736,70294814720,57964256,0,,2,0,342,6362,2466815,602398559,16173282,16173366,7515887,58127
1790925370,68495240,70293749760,58114871,0,,5,0,343,6366,2467275,603480253,16199417,16199492,7531635,58249
1790925371,68496432,70296002560,58294359,0,,8,0,343,6366,2467685,604518169,16224515,16224487,7546427,58363
1790925372,68497104,70295924736,58463366,0,,2,0,343,6366,2467531,605546133,16249443,16249507,7561531,58480
1790925373,68495220,70293479424,58618546,0,,6,0,343,6366,2468288,606557936,16274136,16274223,7576353,58595
1790925374,68494308,70293594112,58766961,0,,8,0,346,6412,2468747,607664285,16299587,16299649,7591655,58713
1790925375,68492924,70291255296,58949902,0,,24,0,347,6423,2469661,608763223,16325394,16325467,7606900,58831
1790925376,68493632,70292652032,59100401,0,,0,0,348,6432,2469684,609868008,16351294,16351324,7622506,58952
1790925377,68493732,70292512768,59245732,0,,7,0,349,6432,2470190,610942508,16375905,16375990,7637224,59066
1790925378,68493572,70292041728,59422321,0,,3,0,350,6460,2470678,611977309,16399686,16399763,7651624,59177
1790925379,68492356,70290522112,59587595,0,,0,0,350,6460,2471167,612986564,16424584,16424671,7666473,59292
1790925380,68493372,70292115456,59751368,0,,3,0,352,6477,2471717,614059747,16449124,16449210,7681278,59407
1790925381,68495052,70293041152,59914883,0,,1,0,355,6546,2472052,615153454,16474266,16474342,7696124,59522
1790925382,68495920,70294454272,60082823,0,,8,0,356,6546,2472509,616223970,16498601,16498662,7710529,59633
1790925384,68495808,70294618112,60224675,0,,18,0,357,6565,2473108,617254860,16523547,16523591,7725388,59749
1790925385,68493076,70292328448,60386326,0,,2,0,357,6565,2473495,618274361,16547850,16547926,7739933,59861
1790925386,68491912,70291120128,60542204,0,,0,0,358,6572,2473989,619350953,16573104,16573179,7754908,59977
1790925387,68493048,70291771392,60705314,0,,8,0,358,6572,2474406,620410469,16597226,16597305,7769556,60090
1790925388,68495456,70294237184,60838572,0,,16,0,358,6572,2475409,621491092,16621990,16622071,7784134,60203
1790925389,68494332,70293082112,61018788,0,,3,0,360,6577,2475482,622580068,16646957,16647033,7799117,60319
1790925390,68495916,70294970368,61186779,0,,14,0,361,6630,2475180,623587726,16670901,16670980,7813816,60433
1790925391,68495612,70294392832,61352722,0,,1,0,361,6630,2475331,624644867,16695819,16695902,7828988,60550
1790925392,68497300,70295871488,61510741,0,,2,0,361,6630,2475441,625652643,16720357,16720444,7843696,60664
1790925393,68498204,70296662016,61662159,0,,5,0,361,6630,2475652,626754203,16745878,16745964,7858932,60782
1790925394,68494892,70293954560,61816196,0,,25,0,361,6630,2476225,627815692,16772080,16772160,7874284,60901
1790925395,68496496,70295302144,62005595,0,,11,0,361,6630,2476257,628898773,16796938,16797025,7889338,61017
1790925396,68496952,70296555520,62170978,0,,3,0,365,6702,2476555,629937107,16821619,16821671,7904294,61133
1790925397,68497316,70295879680,62312254,0,,20,0,365,6702,2476559,631069523,16847516,16847570,7919928,61255
1790925398,68495620,70294417408,62484936,0,,22,0,366,6735,2477208,632089744,16871270,16871350,7934306,61365
1790925399,68495012,70294298624,62634141,0,,0,0,368,6744,2477251,633100189,16894595,16894662,7948683,61477
1790925401,68493316,70292471808,62814419,0,,10,0,370,6770,2477556,634171275,16919819,16919894,7963850,61594
1790925402,68493392,70292369408,62972411,0,,4,0,370,6770,2477791,635275998,16944865,16944952,7978945,61711
1790925403,68494416,70293176320,63154592,0,,6,0,371,6783,2477576,636375953,16969479,16969516,7994257,61829
1790925404,68494344,70293876736,63292051,0,,1,0,374,6841,2477561,637419955,16993151,16993228,8008832,61942
1790925405,68495360,70294446080,63458747,0,,0,0,374,6841,2477519,638479667,17017971,17018057,8023803,62058
1790925406,68495808,70294335488,63625394,0,,2,0,376,6850,2477879,639528024,17042482,17042568,8038650,62173
1790925407,68496696,70295252992,63792478,0,,3,0,376,6850,2477838,640585370,17067942,17068015,8054213,62293
1790925408,68496236,70294814720,63945238,0,,41,0,377,6855,2477356,641578130,17091896,17091977,8068981,62408
1790925409,68496964,70295789568,64103643,0,,1,0,377,6855,2477354,642721003,17117608,17117692,8084160,62525
1790925410,68498168,70296756224,64267193,0,,13,0,381,6886,2477629,643762275,17141371,17141456,8098590,62637
1790925411,68495968,70295306240,64422258,0,,0,0,381,6886,2477741,644879733,17167788,17167873,8114428,62759
1790925412,68497024,70296375296,64552418,0,,4,0,384,7005,2477895,645970958,17192532,17192601,8129400,62875
1790925413,68498280,70297116672,64686818,0,,4,0,386,7048,2478625,647032681,17217018,17217100,8143841,62987
1790925414,68496508,70295060480,64849459,0,,11,0,386,7048,2478665,648018782,17240629,17240713,8158285,63099
1790925415,68496636,70295695360,64991788,0,,1,0,387,7059,2479058,649144742,17266133,17266220,8173347,63215
1790925416,68496280,70295121920,65126567,0,,1,0,388,7066,2479498,650162882,17289901,17289976,8187520,63325
1790925418,68493328,70292054016,65305875,0,,2,0,388,7066,2479978,651264754,17314948,17315032,8202614,63442
1790925419,68493716,70292480000,65446592,0,,10,0,388,7066,2480097,652299446,17339494,17339559,8217458,63557
1790925420,68492028,70290464768,65622618,0,,7,0,388,7066,2480720,653352405,17364183,17364258,8232288,63672
1790925421,68492680,70291177472,65765849,0,,3,0,389,7066,2481488,654441811,17389963,17389990,8247587,63790
1790925422,68494528,70293065728,65913412,0,,5,0,389,7066,2481569,655482237,17414779,17414845,8262569,63906
1790925423,68494128,70293426176,66060719,0,,12,0,391,7118,2482071,656529750,17439039,17439079,8277407,64021
1790925424,68492300,70290763776,66226857,0,,5,0,391,7118,2482456,657559636,17462878,17462930,8291942,64133
1790925425,68492376,70291353600,66387661,0,,3,0,392,7124,2482186,658605997,17487270,17487342,8306949,64250
1790925426,68493736,70292746240,66565110,0,,3,0,392,7124,2482606,659598950,17511356,17511413,8321479,64362
1790925427,68493236,70291992576,66706463,0,,5,0,394,7189,2482870,660628145,17535269,17535352,8336003,64474
1790925428,68493848,70292594688,66894254,0,,16,0,396,7231,2483281,661663349,17559988,17560051,8350869,64589
1790925429,68494856,70293364736,67043703,0,,3,0,396,7231,2483758,662682872,17584005,17584087,8365058,64699
1790925430,68495500,70293536768,67228192,0,,14,0,396,7231,2483800,663710429,17607735,17607791,8379742,64813
1790925431,68496044,70295105536,67366768,0,,0,0,396,7231,2483806,664693058,17631404,17631489,8394032,64923
1790925432,68496568,70295654400,67528665,0,,0,0,397,7261,2483830,665742139,17655393,17655478,8408995,65039
1790925433,68496732,70295289856,67689920,0,,37,0,399,7392,2484085,666782368,17679646,17679720,8423570,65152
1790925434,68498472,70297587712,67866196,0,,4,0,399,7392,2484442,667808911,17703709,17703776,8438114,65264
1790925436,68498224,70297341952,68033733,0,,3,0,399,7392,2484638,668816033,17727718,17727798,8452819,65378
1790925437,68496976,70295793664,68179550,0,,9,0,399,7392,2484895,669824967,17751743,17751822,8467239,65490
1790925438,68493788,70292008960,68360964,0,,2,0,400,7408,2485036,670818328,17776336,17776418,8482211,65606
1790925439,68494060,70292721664,68546891,0,,13,0,400,7408,2485365,671825890,17800484,17800563,8496882,65719
1790925440,68495816,70294622208,68691923,0,,0,0,400,7408,2485796,672887561,17824721,17824808,8511449,65832
1790925441,68495496,70294278144,68863182,0,,20,0,401,7472,2485722,673940709,17849202,17849283,8526546,65949
1790925442,68495420,70293688320,69022499,0,,1,0,401,7472,2486007,674952515,17873534,17873620,8541114,66062
1790925443,68496172,70294712320,69212140,0,,5,0,402,7538,2486295,675985816,17897584,17897670,8555770,66175
1790925444,68493972,70293102592,69360973,0,,17,0,402,7538,2486117,677083311,17922480,17922553,8570884,66292
1790925445,68492876,70291853312,69499534,0,,2,0,402,7538,2485939,678175757,17947957,17948044,8586233,66411
1790925446,68492944,70291681280,69666478,0,,0,0,403,7560,2486029,679244778,17973181,17973267,8601333,66528
1790925447,68494208,70293487616,69820738,0,,10,0,404,7566,2486553,680293651,17997459,17997533,8616022,66641
1790925448,68492524,70291251200,69955121,0,,7,0,405,7569,2486667,681464643,18023701,18023783,8631744,66763
1790925449,68494940,70294224896,70091366,0,,1,0,405,7569,2487000,682519311,18048284,18048371,8646613,66879
1790925450,68496456,70295248896,70240718,0,,2,0,406,7570,2487842,683582649,18073163,18073245,8661279,66992
1790925451,68496164,70295486464,70413678,0,,9,0,407,7578,2488559,684625992,18097517,18097591,8675927,67105
1790925453,68497964,70297346048,70588978,0,,0,0,408,7589,2488832,685590716,18120837,18120907,8689868,67213
1790925454,68496788,70295863296,70759120,0,,12,0,408,7589,2488515,686618863,18144951,18145028,8704703,67328
1790925455,68496468,70295019520,70924381,0,,9,0,409,7601,2488643,687652257,18170155,18170234,8719634,67443
1790925456,68496548,70294593536,71090792,0,,17,0,409,7601,2489036,688711896,18194349,18194399,8734224,67556
1790925457,68494152,70292393984,71266811,0,,1,0,409,7601,2488882,689717992,18217967,18218040,8749025,67671
1790925458,68493720,70292463616,71440816,0,,7,0,409,7601,2489084,690779820,18242843,18242919,8763870,67786
1790925459,68493704,70292705280,71589062,0,,1,0,409,7601,2489470,691806509,18266860,18266945,8778341,67898
1790925460,68494876,70292873216,71752550,0,,3,0,409,7601,2489530,692912482,18292301,18292381,8793624,68016
1790925461,68495044,70294089728,71923553,0,,6,0,409,7601,2490141,693945394,18316328,18316414,8807822,68126
1790925462,68492648,70291619840,72064280,0,,11,0,409,7601,2490239,694992722,18340499,18340575,8822137,68237
1790925463,68493464,70292201472,72227677,0,,3,0,409,7601,2490274,696062113,18365065,18365146,8837192,68353
1790925464,68492992,70291476480,72410567,0,,1,0,410,7603,2490687,697130988,18390332,18390414,8852148,68469
1790925465,68492304,70290755584,72540619,0,,3,0,411,7612,2491405,698196935,18415672,18415751,8867382,68587
1790925466,68492892,70291869696,72731273,0,,32,0,412,7619,2491647,699270056,18442320,18442407,8883122,68709
1790925467,68494484,70292996096,72873920,0,,1,0,414,7658,2491524,700353941,18467441,18467523,8898558,68828
1790925468,68493848,70291865600,73022412,0,,3,0,416,7668,2491944,701415232,18492387,18492465,8913415,68943
1790925469,68494060,70292312064,73132333,0,,0,0,417,7672,2492207,702485521,18516755,18516842,8927972,69056
1790925471,68494588,70293348352,73301359,0,,2,0,420,7804,2492074,703524022,18541037,18541109,8942942,69172
1790925472,68495552,70294335488,73480487,0,,37,0,420,7804,2492155,704552195,18565527,18565545,8957618,69285
1790925473,68495976,70294781952,73652005,0,,27,0,420,7804,2492359,705610071,18589897,18589934,8972311,69399
1790925474,68494600,70293368832,73808950,0,,17,0,424,7885,2493069,706681718,18614868,18614947,8987017,69513
1790925475,68494276,70293037056,73976456,0,,27,0,424,7922,2493288,707729915,18639531,18639610,9001812,69627
1790925476,68493808,70292725760,74137835,0,,7,0,424,7922,2493790,708826859,18664574,18664650,9016919,69744
1790925477,68494008,70292496384,74285809,0,,11,0,424,7922,2493479,709856839,18689301,18689329,9031992,69861
1790925478,68494428,70293192704,74442278,0,,43,0,425,7930,2492856,710888477,18713063,18713121,9046833,69976
1790925479,68494604,70292860928,74586934,0,,0,0,426,7957,2493378,711925907,18737858,18737938,9061639,70090
1790925480,68491924,70291406848,74760855,0,,2,0,426,7957,2493162,713025810,18763418,18763474,9077388,70212
1790925481,68491720,70290694144,74942899,0,,33,0,426,7957,2492786,714013351,18787912,18787998,9092726,70331
1790925482,68492176,70290366464,75105075,0,,9,0,426,7957,2492727,715128555,18813608,18813680,9108229,70451
1790925483,68493720,70292451328,75252091,0,,1,0,430,8040,2493192,716167674,18837654,18837740,9122513,70561
1790925484,68493324,70291554304,75431157,0,,12,0,431,8047,2493127,717141474,18861146,18861143,9136959,70673
1790925485,68493432,70291902464,75590418,0,,5,0,431,8047,2493443,718176236,18885221,18885302,9151515,70786
1790925487,68494628,70293385216,75757699,0,,4,0,431,8047,2493361,719250343,18910956,18911001,9167126,70907
1790925488,68495464,70294491136,75923700,0,,0,0,432,8051,2493383,720267790,18935549,18935623,9182177,71023
1790925489,68495192,70293745664,76100897,0,,14,0,432,8051,2493395,721274717,18960060,18960146,9196896,71137
1790925490,68494716,70293225472,76275034,0,,1,0,432,8051,2493558,722325513,18984967,18985051,9212106,71255
1790925491,68496328,70295126016,76412470,0,,4,0,432,8051,2493119,723364227,19009233,19009318,9227203,71372
1790925492,68495048,70294159360,76583585,0,,1,0,432,8051,2493325,724459009,19033641,19033706,9241747,71484
1790925493,68495856,70294650880,76738526,0,,12,0,434,8062,2493786,725519688,19058596,19058670,9256843,71601
1790925494,68496052,70294585344,76889083,0,,8,0,434,8062,2493789,726557040,19082469,19082545,9271405,71714
1790925495,68496308,70294867968,77053063,0,,2,0,434,8062,2494047,727617369,19107014,19107101,9285857,71826
1790925496,68494960,70293213184,77225855,0,,3,0,434,8062,2494665,728675932,19131816,19131902,9300899,71942
1790925497,68493496,70292496384,77387359,0,,5,0,434,8062,2494773,729683553,19155738,19155806,9315380,72054
1790925498,68494476,70292721664,77569186,0,,8,0,434,8062,2494726,730719083,19180601,19180672,9330583,72172
1790925499,68495604,70295179264,77694981,0,,2,0,434,8062,2494883,731807116,19205798,19205881,9345959,72292
1790925500,68495580,70294376448,77875743,0,,7,0,434,8062,2495391,732818180,19229904,19229973,9360370,72402
1790925501,68496620,70295175168,78041319,0,,2,0,435,8062,2495679,733861134,19254216,19254294,9374922,72515
1790925502,68497024,70296383488,78211951,0,,4,0,436,8072,2496105,734962404,19279645,19279730,9390148,72633
1790925504,68496132,70294945792,78344490,0,,11,0,437,8073,2496792,736011406,19304064,19304139,9404702,72745
1790925505,68495888,70294159360,78534273,0,,0,0,438,8134,2496771,737038421,19328672,19328748,9419776,72862
1790925506,68495208,70294265856,78691069,0,,10,0,439,8199,2496747,738132764,19354057,19354130,9435258,72982
1790925507,68496844,70295916544,78841662,0,,34,0,439,8199,2497335,739219620,19380591,19380607,9451184,73105
1790925508,68495780,70294310912,79018013,0,,5,0,439,8199,2497039,740290466,19405067,19405154,9466303,73221
1790925509,68496836,70295658496,79172709,0,,47,0,440,8201,2497033,741303490,19429553,19429632,9481272,73337
1790925510,68495816,70294605824,79340304,0,,2,0,440,8201,2497313,742274650,19452778,19452863,9495467,73447
1790925511,68497196,70295642112,79496793,0,,0,0,442,8291,2497136,743375148,19477685,19477768,9510300,73562
1790925512,68499032,70297653248,79634033,0,,7,0,443,8306,2497519,744503953,19503863,19503944,9526142,73684
1790925513,68497296,70296334336,79798064,0,,3,0,443,8306,2497610,745511367,19527878,19527962,9540975,73799
1790925514,68496668,70295207936,79942464,0,,2,0,444,8307,2497167,746567915,19553929,19554007,9557101,73924
1790925515,68497812,70297169920,80092914,0,,1,0,445,8308,2497582,747748511,19580707,19580793,9573115,74048
1790925516,68497484,70297100288,80235913,0,,61,0,445,8308,2497401,748849320,19606621,19606701,9588913,74171
1790925517,68497240,70295810048,80385362,0,,2,0,446,8328,2497589,749948786,19632760,19632828,9604821,74293
1790925518,68495848,70294917120,80535375,0,,1,0,447,8337,2497689,750967765,19656931,19657018,9619387,74406
1790925520,68496744,70295277568,80712659,0,,14,0,447,8337,2497928,752100311,19683524,19683557,9635252,74529
1790925521,68496352,70294618112,80867345,0,,24,0,447,8337,2498347,753196753,19708895,19708971,9650730,74649
1790925522,68496520,70295326720,81014201,0,,0,0,448,8373,2498261,754280591,19732868,19732953,9665015,74759
1790925523,68497556,70296633344,81174344,0,,46,0,448,8373,2498406,755409304,19758305,19758386,9680884,74882
1790925524,68498624,70298255360,81322388,0,,36,0,448,8373,2498505,756411486,19782220,19782302,9695342,74994
1790925525,68495992,70295568384,81479446,0,,6,0,448,8373,2498884,757481201,19807203,19807281,9710430,75111
1790925526,68494676,70294233088,81630663,0,,7,0,448,8373,2499239,758530610,19832064,19832137,9725228,75225
1790925527,68495240,70294298624,81786257,0,,0,0,448,8373,2499380,759590489,19857065,19857150,9740460,75343
1790925528,68495780,70294290432,81934595,0,,1,0,448,8373,2499458,760664000,19881997,19882071,9755705,75462
1790925529,68496252,70295240704,82093346,0,,21,0,449,8375,2499927,761672422,19906790,19906860,9770504,75576
1790925530,68497232,70296305664,82249966,0,,5,0,451,8375,2499523,762752721,19931099,19931154,9785307,75690
1790925531,68498032,70297649152,82437293,0,,3,0,451,8449,2499762,763864249,19956723,19956783,9800543,75808
1790925532,68496032,70294818816,82591133,0,,3,0,451,8449,2499961,764885440,19980839,19980925,9815227,75922
1790925533,68495336,70294372352,82765256,0,,1,0,451,8449,2499983,765973072,20005784,20005857,9830581,76041
1790925534,68495648,70294712320,82915812,0,,1,0,451,8449,2500471,767009648,20029959,20030043,9845113,76153
1790925536,68495544,70294011904,83089134,0,,2,0,451,8449,2500812,768081838,20054382,20054469,9859713,76266
1790925537,68494684,70293962752,83240841,0,,3,0,451,8449,2501101,769211534,20080752,20080833,9875566,76389
1790925538,68493688,70292434944,83423427,0,,1,0,452,8468,2501442,770311282,20106032,20106118,9890671,76506
1790925539,68495460,70293000192,83570857,0,,3,0,452,8468,2501800,771369977,20130694,20130745,9905732,76622
1790925540,68494260,70292742144,83728036,0,,44,0,452,8468,2502134,772471359,20156271,20156202,9921217,76742
1790925541,68492712,70291419136,83890305,0,,6,0,453,8474,2502546,773504190,20180770,20180839,9936175,76858
1790925542,68492924,70291398656,84060013,0,,8,0,453,8474,2502640,774516213,20205175,20205262,9950871,76972
1790925543,68492096,70290800640,84242349,0,,3,0,453,8474,2503025,775551345,20230130,20230210,9965673,77086
1790925544,68491796,70290481152,84387177,0,,9,0,455,8508,2503383,776663882,20255506,20255579,9981014,77205
1790925545,68491668,70290354176,84565927,0,,0,0,455,8508,2503234,777682057,20278999,20279081,9995078,77314
1790925546,68492880,70292373504,84725165,0,,12,0,455,8508,2503687,778702808,20303200,20303279,10009889,77428
1790925547,68493660,70292639744,84909652,0,,24,0,456,8524,2504132,779845596,20330300,20330367,10025996,77553
1790925548,68495068,70293979136,85075424,0,,0,0,456,8524,2504490,780913836,20355918,20355986,10041491,77673
1790925549,68495948,70295502848,85232749,0,,19,0,457,8525,2504571,781960915,20380046,20380090,10056061,77786
1790925550,68496380,70294851584,85388529,0,,33,0,458,8538,2504780,783052250,20405032,20405113,10071418,77905
1790925552,68496812,70295629824,85516216,0,,25,0,459,8550,2504797,784169319,20430669,20430743,10086727,78023
1790925553,68498012,70296068096,85684396,0,,5,0,459,8550,2504702,785258754,20455751,20455806,10102088,78142
1790925554,68498564,70297411584,85871199,0,,9,0,460,8578,2504382,786239780,20479418,20479482,10116800,78256
1790925555,68498316,70297174016,86020922,0,,6,0,461,8703,2504120,787270205,20504089,20504174,10131497,78370
1790925556,68498472,70296805376,86164256,0,,2,0,462,8708,2503844,788348325,20529552,20529630,10147066,78490
1790925557,68496076,70294093824,86296847,0,,3,0,463,8720,2504358,789408068,20553236,20553323,10161130,78599
1790925558,68496080,70295138304,86487164,0,,4,0,463,8720,2504016,790412434,20577483,20577568,10176225,78716
1790925559,68495188,70294233088,86648622,0,,3,0,464,8721,2504169,791413746,20601143,20601225,10190616,78827
1790925560,68494616,70292594688,86815913,0,,12,0,466,8751,2504314,792440348,20625151,20625230,10205212,78940
1790925561,68496176,70294450176,86980715,0,,3,0,467,8762,2504074,793500303,20649305,20649380,10220157,79056
1790925562,68497196,70295498752,87156571,0,,10,0,467,8762,2504399,794525711,20673935,20674002,10234738,79169
1790925563,68497684,70296244224,87296802,0,,7,0,467,8762,2504165,795598439,20698296,20698373,10249679,79284
1790925564,68498212,70297309184,87458981,0,,4,0,467,8762,2504760,796562357,20722025,20722112,10264013,79396
1790925565,68497944,70297059328,87602135,0,,27,0,468,8768,2504856,797713406,20748156,20748167,10279751,79517
1790925566,68496356,70295429120,87773523,0,,15,0,468,8768,2505049,798720226,20772357,20772437,10294560,79632
1790925567,68494444,70293196800,87929126,0,,3,0,469,8783,2505724,799755352,20796356,20796436,10308947,79743
1790925568,68494996,70294302720,88074586,0,,3,0,469,8783,2505531,800776310,20821436,20821506,10324064,79860
1790925570,68493896,70292668416,88235948,0,,8,0,469,8783,2505758,801885561,20846092,20846169,10339024,79976
1790925571,68492544,70290989056,88375247,0,,1,0,471,8792,2506391,803023812,20872301,20872386,10354853,80099
1790925572,68493752,70292520960,88532130,0,,0,0,473,8814,2506540,804049427,20896950,20897021,10369691,80213
1790925573,68492996,70291996672,88691120,0,,2,0,473,8814,2506605,805085642,20922227,20922313,10385185,80333
1790925574,68492652,70291390464,88845817,0,,32,0,473,8814,2506732,806188933,20947018,20946980,10399750,80446
1790925575,68494064,70293037056,89020367,0,,2,0,473,8814,2506590,807226799,20970878,20970948,10414329,80559
1790925576,68494476,70293217280,89190610,0,,8,0,473,8814,2507332,808264905,20995160,20995225,10428737,80670
1790925577,68494948,70294454272,89341487,0,,8,0,474,8874,2507567,809378102,21020336,21020414,10443965,80788
1790925578,68496260,70295273472,89497850,0,,21,0,474,8874,2507793,810435947,21045228,21045311,10459323,80908
1790925579,68495296,70294319104,89671746,0,,4,0,475,8883,2508131,811500361,21071057,21071140,10474799,81027
1790925580,68494484,70292725760,89839932,0,,2,0,476,8893,2507419,812557173,21095776,21095863,10489869,81143
1790925581,68493396,70292684800,90016665,0,,27,0,476,8893,2507767,813582862,21120379,21120391,10505035,81261
1790925582,68495316,70294958080,90142942,0,,29,0,477,8927,2508283,814672658,21145103,21145182,10519915,81376
1790925583,68495744,70294794240,90331027,0,,6,0,477,8927,2508478,815701252,21169738,21169822,10534875,81492
1790925584,68496208,70294765568,90479524,0,,1,0,477,8927,2508564,816779917,21193966,21194050,10549678,81606
1790925585,68497104,70295666688,90650830,0,,0,0,477,8927,2509044,817817291,21218743,21218815,10564745,81723
1790925587,68495552,70293725184,90817380,0,,2,0,478,8931,2509124,818836113,21242794,21242879,10579214,81835
1790925588,68497376,70296498176,90966021,0,,3,0,478,8931,2509787,819936748,21267583,21267670,10593903,81949
1790925589,68493876,70292623360,91123338,0,,1,0,479,8931,2510283,821015466,21292442,21292507,10608854,82064
1790925590,68495824,70294937600,91274642,0,,2,0,482,9008,2510139,822079309,21317563,21317648,10624189,82183
1790925591,68495624,70294945792,91433062,0,,5,0,482,9008,2510134,823146390,21343036,21343114,10639682,82303
1790925592,68496952,70295248896,91599764,0,,1,0,482,9008,2510420,824135124,21366554,21366628,10654219,82415
1790925593,68497660,70296756224,91761050,0,,3,0,482,9008,2510515,825214356,21391476,21391561,10669192,82531
1790925594,68497284,70296371200,91924125,0,,14,0,482,9008,2510959,826206402,21415293,21415330,10683624,82643
1790925595,68497948,70297292800,92083590,0,,23,0,485,9062,2511024,827266357,21439808,21439887,10698464,82758
1790925596,68498284,70297649152,92247608,0,,21,0,487,9133,2511219,828295988,21464729,21464810,10713391,82873
1790925597,68499124,70297989120,92390850,0,,1,0,487,9133,2511123,829433259,21490082,21490166,10728983,82994
1790925598,68495764,70294298624,92560438,0,,21,0,487,9133,2510739,830526151,21515454,21515541,10744625,83115
1790925599,68497700,70296539136,92715487,0,,2,0,489,9281,2510897,831559846,21539491,21539577,10759196,83228
1790925600,68496828,70295658496,92914337,0,,6,0,491,9317,2510656,832614865,21564261,21564341,10774118,83343
1790925601,68497492,70296842240,93061564,0,,0,0,492,9317,2510231,833688836,21589074,21589160,10789202,83460
1790925602,68497376,70295945216,93229644,0,,3,0,494,9328,2510677,834777219,21615047,21615134,10804307,83577
1790925603,68497532,70296514560,93405398,0,,20,0,494,9328,2510473,835771599,21639288,21639350,10819263,83693
1790925605,68497708,70296829952,93545788,0,,1,0,495,9348,2510577,836765558,21662848,21662928,10833672,83804
1790925606,68496888,70295470080,93702668,0,,19,0,496,9359,2510791,837765131,21687155,21687221,10848255,83917
1790925607,68497324,70296666112,93856531,0,,3,0,496,9359,2511284,838816100,21711700,21711783,10863089,84032
1790925608,68495420,70293954560,94026863,0,,51,0,496,9359,2510963,839818661,21735194,21735270,10877269,84142
1790925609,68494660,70293430272,94180106,0,,23,0,496,9359,2511302,840891063,21760274,21760353,10892226,84257
1790925610,68493364,70292869120,94339278,0,,0,0,497,9361,2511338,842000799,21785569,21785654,10907549,84376
1790925611,68493812,70292570112,94501794,0,,7,0,498,9401,2511164,843010174,21809674,21809740,10922128,84489
1790925612,68494092,70293356544,94673654,0,,2,0,499,9401,2512107,844090141,21834826,21834911,10936930,84603
1790925613,68495564,70294118400,94853050,0,,0,0,499,9401,2512212,845157123,21859602,21859669,10951625,84717
1790925614,68496552,70295015424,95027234,0,,2,0,502,9453,2512342,846196388,21884378,21884452,10966592,84833
1790925615,68498804,70297370624,95164633,0,,7,0,502,9453,2512883,847264538,21908092,21908153,10980777,84943
1790925616,68498452,70297038848,95326735,0,,6,0,502,9453,2513308,848323299,21932857,21932934,10995980,85060
1790925617,68496120,70295085056,95523494,0,,38,0,503,9470,2513274,849348008,21957416,21957488,11010937,85176
1790925618,68497896,70296449024,95672517,0,,14,0,504,9602,2513031,850404733,21983179,21983257,11026547,85297
1790925619,68496480,70295003136,95837133,0,,0,0,506,9642,2513502,851430024,22007835,22007919,11041237,85411
1790925620,68497148,70295961600,95985470,0,,6,0,506,9642,2514059,852476285,22032313,22032352,11055908,85524
1790925621,68496480,70295523328,96137256,0,,0,0,506,9642,2513741,853566845,22057329,22057393,11071391,85644
1790925623,68495228,70293979136,96295364,0,,32,0,506,9642,2513741,854712007,22084609,22084686,11087827,85772
1790925624,68495100,70294126592,96460521,0,,24,0,507,9672,2513426,855692167,22107933,22108019,11102362,85884
1790925625,68495176,70293917696,96606835,0,,3,0,507,9672,2513431,856754429,22132607,22132681,11117164,85998
1790925626,68491964,70290890752,96768373,0,,2,0,507,9672,2513583,857821667,22158121,22158200,11132259,86115
1790925627,68494272,70292987904,96903226,0,,44,0,507,9672,2513466,858898173,22182568,22182645,11147215,86231
1790925628,68492192,70290874368,97064680,0,,2,0,508,9704,2513117,859973349,22207397,22207466,11162563,86350
1790925629,68492272,70291480576,97242586,0,,3,0,509,9712,2513471,861010667,22232024,22232101,11177361,86464
1790925630,68493456,70291914752,97395901,0,,1,0,509,9712,2513598,862101320,22256623,22256692,11192342,86580
1790925631,68494568,70293041152,97555806,0,,16,0,511,9735,2513847,863093453,22281009,22281092,11207037,86694
1790925632,68495452,70294478848,97729198,0,,2,0,511,9735,2514269,864135834,22305363,22305450,11221654,86808
1790925633,68497096,70296158208,97893374,0,,0,0,511,9735,2513652,865277158,22331980,22332050,11237961,86933
1790925634,68496328,70295621632,98072017,0,,31,0,512,9749,2514242,866397967,22357922,22358003,11253748,87056
1790925635,68496472,70295027712,98227452,0,,13,0,514,9826,2514179,867503096,22383527,22383594,11269453,87177
1790925636,68494864,70293897216,98376014,0,,10,0,514,9826,2513671,868528491,22406940,22407023,11283890,87289
1790925637,68496248,70294765568,98517897,0,,12,0,516,9867,2513947,869592563,22431525,22431607,11298289,87400
1790925639,68495372,70294372352,98685576,0,,41,0,516,9867,2513991,870644832,22455633,22455611,11312899,87514
1790925640,68493152,70292668416,98845639,0,,3,0,516,9867,2513382,871675934,22479974,22480045,11328092,87631
1790925641,68492864,70291034112,99017093,0,,12,0,517,9885,2513904,872733855,22505597,22505651,11343583,87751
1790925642,68493040,70293315584,99182663,0,,4,0,517,9885,2514067,873759481,22529190,22529272,11358129,87863
1790925643,68493208,70291922944,99339019,0,,13,0,518,9889,2513894,874750400,22552854,22552934,11372818,87977
1790925644,68493820,70292271104,99495597,0,,1,0,518,9889,2513935,875788317,22577405,22577492,11387649,88092
1790925645,68494620,70293889024,99669702,0,,10,0,519,9938,2513510,876871997,22602532,22602613,11403009,88211
1790925646,68494504,70294020096,99855366,0,,29,0,519,9938,2513715,877854825,22626427,22626506,11417544,88323
1790925647,68494556,70293540864,100015281,0,,12,0,519,9938,2513953,878938793,22651056,22651137,11432386,88438
1790925648,68495148,70293159936,100176125,0,,7,0,523,10128,2514326,880061542,22676525,22676610,11447736,88557
1790925649,68495400,70293909504,100349653,0,,1,0,523,10128,2514271,881078929,22700727,22700814,11462446,88671
1790925650,68494132,70292877312,100490295,0,,6,0,524,10128,2514373,882184042,22726277,22726331,11478154,88792
1790925651,68494052,70292512768,100667586,0,,15,0,525,10132,2514548,883202121,22750073,22750149,11492469,88903
1790925652,68493084,70292111360,100811337,0,,26,0,525,10132,2514625,884252866,22774951,22775032,11507541,89020
1790925653,68493848,70292819968,100986880,0,,37,0,525,10132,2514353,885324375,22799364,22799418,11522276,89135
1790925654,68494084,70292815872,101162280,0,,1,0,525,10132,2514984,886436051,22824962,22825044,11537711,89253
1790925655,68493384,70292615168,101327246,0,,2,0,526,10142,2514938,887456378,22848677,22848763,11552171,89365
1790925657,68494396,70293131264,101507817,0,,6,0,526,10142,2514800,888445504,22873173,22873247,11567246,89482
1790925658,68495008,70293508096,101645831,0,,23,0,526,10142,2515688,889566942,22898352,22898430,11582126,89597
1790925659,68495744,70294532096,101801996,0,,3,0,526,10142,2516686,890650742,22923588,22923671,11596891,89711
1790925660,68497264,70296604672,101966230,0,,10,0,527,10144,2517099,891722855,22948730,22948792,11612076,89829
1790925661,68498608,70298243072,102102252,0,,36,0,527,10144,2517873,892796060,22973928,22973953,11626804,89944
1790925662,68499012,70297612288,102263515,0,,4,0,530,10201,2518163,893868842,22999006,22999093,11641856,90059
1790925663,68496604,70294872064,102411884,0,,5,0,530,10201,2518005,894935560,23024066,23024153,11657211,90178
1790925664,68497116,70296248320,102587104,0,,24,0,530,10201,2518029,895976276,23048732,23048771,11672189,90294
1790925665,68498388,70297272320,102757847,0,,18,0,532,10225,2518698,897081418,23073674,23073751,11687055,90410
1790925666,68497632,70296412160,102913262,0,,3,0,532,10225,2519254,898175940,23099256,23099304,11702329,90527
1790925667,68495248,70293737472,103074796,0,,18,0,532,10225,2519328,899212585,23123529,23123612,11717036,90641
1790925668,68495864,70294384640,103231911,0,,3,0,533,10230,2519877,900274458,23148402,23148488,11731871,90756
1790925669,68493336,70292033536,103403333,0,,6,0,533,10230,2519949,901292571,23172564,23172649,11746708,90871
1790925670,68493688,70292656128,103573375,0,,2,0,533,10230,2520669,902345038,23197576,23197659,11761774,90987
1790925671,68494336,70292287488,103740174,0,,6,0,534,10286,2520997,903392976,23222365,23222389,11776615,91103
1790925672,68495248,70294515712,103912151,0,,13,0,535,10296,2520679,904395819,23246686,23246768,11791691,91219
1790925674,68495908,70294675456,104074900,0,,0,0,535,10296,2520010,905411288,23271742,23271828,11807188,91340
1790925675,68496328,70294593536,104254061,0,,7,0,535,10296,2520119,906446602,23296754,23296827,11822346,91456
1790925676,68496428,70295212032,104430950,0,,4,0,535,10296,2520768,907514056,23322228,23322298,11837326,91572
1790925677,68497140,70296477696,104593714,0,,0,0,535,10296,2520918,908489587,23346182,23346262,11851889,91685
1790925678,68494540,70293549056,104766001,0,,14,0,535,10296,2521078,909488462,23369764,23369851,11866213,91796
1790925679,68494688,70293426176,104929480,0,,30,0,536,10299,2521320,910552560,23394545,23394587,11881109,91911
1790925680,68494124,70293397504,105082671,0,,1,0,536,10299,2521502,911615004,23420107,23420184,11896399,92030
1790925681,68493468,70291947520,105218305,0,,2,0,536,10299,2521760,912691192,23445481,23445568,11911722,92148
1790925682,68494208,70292971520,105377994,0,,1,0,536,10299,2521788,913776809,23470317,23470393,11926683,92264
1790925683,68493896,70293438464,105506307,0,,7,0,538,10310,2522145,914938951,23496832,23496916,11942389,92385
1790925684,68495504,70294388736,105660755,0,,7,0,538,10310,2522239,916014480,23521709,23521780,11957348,92501
1790925685,68496260,70295326720,105843279,0,,31,0,538,10310,2522374,917150883,23548055,23548113,11973215,92624
1790925686,68496204,70295257088,105991298,0,,2,0,539,10323,2522728,918157774,23571673,23571750,11987541,92735
1790925687,68496424,70295511040,106157733,0,,7,0,539,10323,2522846,919243388,23596721,23596806,12002731,92852
1790925688,68495504,70294290432,106338226,0,,2,0,540,10333,2522513,920254800,23621134,23621217,12017551,92967
1790925689,68494112,70293684224,106523540,0,,22,0,542,10359,2522508,921288068,23645663,23645722,12032650,93084
1790925691,68495576,70294888448,106702402,0,,1,0,542,10359,2522619,922307885,23670510,23670584,12047485,93199
1790925692,68495192,70293704704,106879196,0,,1,0,542,10359,2522738,923391876,23695802,23695882,12063153,93320
1790925693,68496036,70295097344,107032710,0,,2,0,543,10375,2522766,924416107,23719229,23719311,12077231,93429
1790925694,68497424,70295998464,107195052,0,,8,0,544,10375,2523168,925471183,23744184,23744266,12092086,93544
1790925695,68497536,70296915968,107345416,0,,13,0,544,10375,2523747,926514437,23767901,23767957,12106379,93654
1790925696,68497864,70296707072,107515127,0,,2,0,544,10375,2523634,927569955,23792783,23792866,12121345,93770
1790925697,68497056,70295113728,107681608,0,,2,0,546,10385,2524337,928577797,23816814,23816900,12135523,93880
1790925698,68497516,70296084480,107814545,0,,3,0,546,10385,2524310,929616449,23840729,23840798,12150342,93995
1790925699,68495124,70294155264,107999307,0,,18,0,547,10395,2524295,930641798,23865201,23865282,12165422,94112
1790925700,68494868,70293921792,108158433,0,,7,0,547,10395,2524634,931718899,23889945,23890023,12180397,94227
1790925701,68496092,70295334912,108330447,0,,39,0,547,10395,2525336,932802463,23915444,23915525,12195457,94345
1790925702,68496940,70295773184,108472622,0,,34,0,547,10395,2525807,933908068,23940943,23941023,12210549,94461
1790925703,68497760,70296592384,108614968,0,,12,0,548,10395,2525876,935050180,23965824,23965904,12225630,94577
1790925704,68499332,70298742784,108775157,0,,8,0,548,10395,2526038,936045823,23989026,23989111,12239794,94687
1790925705,68499108,70297980928,108925386,0,,6,0,548,10395,2526125,937117350,24014060,24014145,12255031,94805
1790925707,68497376,70296473600,109090426,0,,25,0,548,10395,2526298,938132398,24038449,24038520,12269850,94920
1790925708,68496968,70296289280,109235088,0,,25,0,549,10395,2526321,939259346,24063977,24064059,12285432,95040
1790925709,68497032,70295855104,109393689,0,,16,0,549,10395,2526729,940312381,24089174,24089255,12300521,95157
1790925710,68494904,70294237184,109545077,0,,38,0,549,10395,2527032,941331548,24113022,24112990,12314844,95268
1790925711,68494880,70293938176,109716497,0,,22,0,550,10436,2527359,942434530,24138434,24138491,12329932,95385
1790925712,68495876,70295216128,109873661,0,,23,0,550,10436,2527402,943425386,24162037,24162121,12344601,95498
1790925713,68495420,70293975040,110036956,0,,10,0,550,10436,2527576,944470463,24186453,24186511,12359322,95612
1790925714,68496456,70295797760,110190032,0,,11,0,550,10436,2527657,945514656,24211286,24211365,12374260,95728
1790925715,68496044,70295117824,110376345,0,,0,0,552,10510,2527609,946547747,24236083,24236165,12389619,95847
1790925716,68494900,70293942272,110519076,0,,7,0,553,10578,2527330,947591434,24260596,24260683,12404806,95964
1790925717,68496168,70295515136,110679800,0,,19,0,554,10584,2527092,948644310,24285307,24285368,12420022,96082
1790925718,68495176,70294454272,110847328,0,,20,0,554,10584,2527409,949667249,24309417,24309494,12434727,96196
1790925719,68495672,70294478848,110981684,0,,9,0,555,10606,2527697,950725550,24333972,24334052,12449566,96311
1790925720,68495348,70294413312,111143192,0,,18,0,556,10618,2528015,951763738,24357573,24357635,12463720,96420
1790925721,68497488,70296346624,111272053,0,,1,0,556,10618,2528349,952844427,24382505,24382557,12478691,96536
1790925722,68496936,70295785472,111449320,0,,53,0,557,10637,2528592,953841208,24406571,24406651,12493382,96650
1790925723,68495640,70295224320,111611931,0,,31,0,557,10637,2528860,954845848,24430597,24430649,12508004,96763
1790925725,68495696,70294515712,111791748,0,,6,0,557,10637,2529138,955934109,24456089,24456175,12523273,96881
1790925726,68496712,70296338432,111948488,0,,2,0,557,10637,2529325,957013211,24480697,24480784,12538106,96996
1790925727,68496044,70294597632,112104349,0,,5,0,557,10637,2529442,958102089,24505814,24505892,12553458,97115
1790925728,68496096,70294650880,112257514,0,,11,0,557,10637,2529431,959106178,24529407,24529480,12567961,97227
1790925729,68497672,70297567232,112442080,0,,2,0,558,10640,2529378,960132951,24553773,24553839,12582827,97342
1790925730,68497784,70297174016,112609482,0,,2,0,560,10646,2529359,961167685,24578508,24578594,12597674,97457
1790925731,68498792,70297423872,112777429,0,,11,0,561,10797,2529764,962191916,24603385,24603449,12612379,97571
1790925732,68499228,70298386432,112946856,0,,33,0,561,10797,2529968,963237251,24627621,24627699,12627055,97684
1790925733,68497456,70296055808,113098545,0,,11,0,561,10797,2529940,964286439,24652163,24652243,12642008,97800
1790925734,68496560,70295662592,113276872,0,,2,0,562,10916,2530272,965311826,24676033,24676098,12656457,97912
1790925735,68496328,70294896640,113442595,0,,6,0,563,10934,2530213,966409354,24701266,24701341,12671802,98031
1790925736,68496412,70295003136,113613794,0,,3,0,563,10934,2530270,967491484,24726476,24726563,12687017,98148
1790925737,68497292,70296399872,113766155,0,,6,0,563,10934,2530481,968631509,24752831,24752915,12702742,98270
1790925738,68497888,70295977984,113951305,0,,2,0,565,10956,2530227,969682162,24777409,24777495,12717818,98387
1790925739,68499084,70297718784,114116240,0,,22,0,566,10999,2530247,970743022,24802228,24802286,12732793,98503
1790925740,68499468,70298349568,114283226,0,,0,0,566,10999,2530161,971783619,24827367,24827449,12747936,98620
1790925742,68498356,70297210880,114445015,0,,3,0,567,11001,2530443,972812034,24851635,24851716,12762675,98734
1790925743,68497840,70296682496,114596698,0,,4,0,567,11001,2530522,973855780,24876321,24876406,12777516,98849
1790925744,68495220,70294253568,114757924,0,,10,0,569,11035,2530707,974889972,24900466,24900553,12792277,98964
1790925745,68496796,70295601152,114933599,0,,11,0,569,11035,2530707,975939910,24924222,24924273,12806764,99075
1790925746,68494832,70294122496,115100102,0,,6,0,570,11038,2531427,977076165,24950564,24950624,12822237,99195
1790925747,68493712,70292320256,115263324,0,,31,0,571,11083,2531351,978100100,24975818,24975899,12837729,99316
1790925748,68492600,70291058688,115419818,0,,3,0,571,11083,2531523,979123102,24999902,24999989,12852004,99425
1790925749,68493680,70293209088,115592424,0,,29,0,571,11083,2531803,980145640,25023907,25023988,12866856,99540
1790925750,68494832,70294134784,115735401,0,,0,0,574,11215,2531831,981205300,25047819,25047906,12881286,99652
1790925751,68496412,70295490560,115891204,0,,9,0,574,11215,2532256,982260782,25072720,25072762,12896380,99769
1790925752,68494120,70292865024,116068312,0,,6,0,574,11215,2532173,983337656,25097259,25097341,12911449,99885
1790925753,68494988,70293762048,116230957,0,,11,0,574,11215,2532479,984385280,25122924,25122978,12926783,100004
1790925754,68494532,70294077440,116407735,0,,1,0,575,11217,2532465,985427178,25147230,25147316,12941482,100118
1790925755,68494800,70293049344,116586144,0,,28,0,575,11217,2532773,986457731,25171890,25171968,12956428,100234
1790925756,68494500,70292865024,116752589,0,,1,0,575,11217,2532677,987540662,25196935,25197020,12971759,100352
1790925757,68493556,70292041728,116916867,0,,7,0,576,11250,2532500,988581219,25220997,25221084,12986473,100466
1790925759,68492028,70290223104,117103916,0,,12,0,580,11350,2532366,989594155,25245511,25245555,13001576,100583
1790925760,68494440,70293479424,117262813,0,,11,0,580,11350,2532533,990592716,25269095,25269176,13015882,100694
1790925761,68495752,70294802432,117440063,0,,4,0,581,11385,2532455,991698328,25294545,25294632,13031092,100812
1790925762,68494464,70294007808,117588159,0,,4,0,581,11385,2532333,992764995,25318792,25318861,13045917,100926
1790925763,68495652,70294179840,117752349,0,,20,0,582,11397,2532304,993843942,25344865,25344943,13061517,101047
1790925764,68496372,70295207936,117885957,0,,0,0,585,11567,2532390,994881304,25368809,25368896,13075959,101159
1790925765,68497080,70296178688,118059936,0,,1,0,585,11567,2532335,995912757,25393886,25393962,13091302,101277
1790925766,68496292,70294589440,118199011,0,,1,0,585,11567,2532229,996950465,25418250,25418337,13106276,101394
1790925767,68496352,70295195648,118360368,0,,3,0,585,11567,2532651,998069989,25443762,25443842,13121590,101512
1790925768,68496676,70294982656,118521356,0,,4,0,589,11638,2532719,999124451,25467771,25467834,13136142,101625
1790925769,68495796,70295105536,118691537,0,,6,0,590,11644,2532747,1000172741,25492596,25492679,13151219,101741
1790925770,68496988,70295556096,118836722,0,,8,0,592,11661,2532752,1001261913,25517719,25517800,13166600,101860
1790925771,68495648,70294188032,119028211,0,,25,0,593,11661,2532641,1002258718,25542401,25542484,13181285,101974
1790925772,68493508,70292238336,119176333,0,,11,0,593,11661,2532798,1003291483,25566282,25566364,13195985,102088
1790925773,68494424,70292676608,119367779,0,,19,0,593,11661,2532162,1004303580,25590844,25590871,13210896,102203
1790925774,68495188,70294003712,119519177,0,,31,0,593,11661,2532644,1005417309,25617257,25617342,13226802,102326
1790925775,68496452,70295519232,119687268,0,,7,0,594,11674,2532275,1006450699,25641029,25641094,13244877,102461
1790925777,68497580,70296686592,119850515,0,,6,0,594,11674,2529033,1007491758,25664461,25664547,13261868,102590
1790925778,68498464,70297829376,120044047,0,,2,0,594,11674,2526140,1008477485,25688749,25688826,13279889,102725
1790925779,68497136,70296215552,120173778,0,,4,0,595,11694,2526420,1009640616,25714568,25714655,13295603,102846
1790925780,68495076,70293061632,120322850,0,,3,0,597,11777,2523647,1010684730,25738040,25738114,13313905,102983
1790925781,68495688,70293938176,120492544,0,,2,0,597,11777,2520209,1011662985,25760929,25760987,13331004,103112
1790925782,68497844,70296920064,120644948,0,,21,0,597,11777,2517183,1012612154,25784322,25784399,13348301,103243
1790925783,68498948,70298001408,120822937,0,,1,0,598,11798,2514905,1013662338,25808766,25808851,13366176,103376
1790925784,68498228,70297063424,120976296,0,,5,0,598,11798,2512532,1014618467,25831524,25831591,13383349,103505
1790925785,68497636,70295805952,121134660,0,,4,0,598,11798,2510257,1015603804,25853921,25853989,13400419,103633
1790925786,68495244,70293999616,121281692,0,,6,0,599,11865,2511401,1016687334,25878716,25878803,13415626,103750
1790925787,68496632,70294917120,121448925,0,,44,0,600,11879,2509178,1017654104,25902644,25902723,13433070,103881
1790925788,68495328,70294089728,121607510,0,,2,0,600,11879,2507114,1018660049,25926371,25926445,13450288,104011
1790925789,68495444,70294204416,121778002,0,,35,0,600,11879,2504825,1019562471,25947913,25947982,13466317,104131
1790925790,68496540,70295584768,121916257,0,,24,0,601,11879,2502657,1020577891,25971181,25971261,13483725,104262
1790925791,68495524,70294290432,122069201,0,,3,0,602,11885,2500254,1021589840,25994791,25994874,13500894,104391
1790925793,68493864,70292332544,122219475,0,,1,0,602,11885,2501169,1022570486,26019300,26019376,13515822,104506
1790925794,68495072,70293307392,122389529,0,,9,0,603,11893,2499811,1023562921,26042319,26042372,13532805,104634
1790925795,68493996,70292471808,122541736,0,,8,0,606,11923,2498094,1024537494,26065707,26065761,13550410,104766
1790925796,68493756,70292742144,122685786,0,,14,0,608,11949,2495768,1025518210,26088880,26088952,13567373,104894
1790925797,68494592,70292557824,122817313,0,,12,0,609,11971,2494446,1026522910,26111909,26111996,13584950,105025
1790925798,68494204,70293721088,122964804,0,,2,0,610,11972,2491686,1027517492,26134640,26134727,13602417,105155
1790925799,68491964,70290407424,123105586,0,,3,0,610,11972,2493271,1028517913,26157259,26157342,13616051,105260
1790925800,68492668,70290841600,123277538,0,,42,0,611,11989,2490352,1029444232,26179762,26179835,13633072,105389
1790925801,68493988,70292750336,123436488,0,,1,0,613,12023,2488352,1030441086,26202748,26202835,13649893,105516
1790925802,68492744,70291185664,123603207,0,,0,0,614,12236,2486673,1031470971,26227168,26227255,13668710,105656
1790925803,68492068,70291001344,123759080,0,,35,0,616,12249,2483823,1032460936,26250272,26250295,13686028,105787
1790925804,68491592,70290751488,123907991,0,,3,0,616,12249,2481704,1033460418,26273200,26273261,13703649,105919
1790925805,68491160,70289817600,124051273,0,,0,0,616,12249,2479826,1034553266,26298752,26298839,13721140,106052
1790925806,68492848,70291582976,124205728,0,,15,0,617,12249,2481299,1035625107,26324072,26324070,13737625,106177
1790925807,68493580,70292303872,124348016,0,,21,0,617,12302,2479228,1036540674,26345564,26345650,13754495,106304
1790925809,68495096,70294315008,124507974,0,,29,0,617,12302,2477101,1037505850,26368966,26369046,13772153,106437
1790925810,68492968,70291664896,124653676,0,,12,0,619,12305,2475066,1038446415,26391467,26391552,13789246,106565
1790925811,68493168,70292389888,124793975,0,,5,0,620,12333,2473408,1039518821,26414976,26415055,13807297,106700
1790925812,68493636,70292373504,124955776,0,,7,0,621,12343,2471030,1040447580,26437564,26437649,13824203,106828
1790925813,68495156,70294159360,125128514,0,,6,0,622,12344,2472893,1041525903,26462290,26462365,13839006,106942
1790925814,68496720,70295248896,125285044,0,,1,0,622,12344,2471268,1042486531,26485551,26485633,13856999,107077
1790925815,68497636,70296723456,125449414,0,,22,0,623,12344,2469459,1043487879,26509828,26509886,13874670,107209
1790925816,68497988,70296535040,125602544,0,,5,0,624,12344,2467562,1044514904,26532710,26532763,13892126,107340
1790925817,68497348,70296674304,125765048,0,,19,0,624,12344,2465971,1045499485,26555996,26556076,13909623,107471
1790925818,68496964,70296023040,125924677,0,,2,0,626,12374,2463950,1046471946,26579026,26579093,13926791,107600
1790925819,68497872,70297210880,126102840,0,,9,0,626,12374,2462118,1047440413,26602677,26602737,13944575,107734
1790925820,68497532,70296920064,126254874,0,,1,0,627,12417,2464075,1048587316,26628574,26628650,13960028,107853
1790925821,68499068,70297403392,126401046,0,,17,0,627,12417,2462827,1049587663,26651704,26651789,13977479,107984
1790925822,68499596,70298464256,126553697,0,,42,0,628,12445,2461599,1050600832,26675429,26675514,13995397,108119
1790925823,68499116,70297976832,126700576,0,,2,0,630,12585,2459938,1051568835,26698694,26698780,14012493,108248
1790925824,68498884,70298513408,126851704,0,,14,0,631,12589,2458764,1052495165,26720053,26720127,14028477,108368
1790925826,68498800,70297137152,127008962,0,,1,0,632,12589,2456971,1053516172,26743597,26743684,14046535,108503
1790925827,68497632,70296715264,127193849,0,,20,0,633,12596,2454853,1054582786,26768961,26769047,14065003,108643
1790925828,68497024,70295842816,127357356,0,,31,0,635,12714,2456504,1055635176,26793937,26794017,14080418,108762
1790925829,68496144,70294360064,127522541,0,,8,0,635,12714,2455699,1056634798,26817635,26817717,14097856,108894
1790925830,68497440,70295752704,127660827,0,,2,0,636,12775,2454196,1057512994,26838839,26838922,14113580,109012
1790925831,68497432,70295982080,127826405,0,,1,0,637,12792,2452965,1058446939,26860950,26861017,14130302,109137
1790925832,68498404,70297755648,127986478,0,,1,0,638,12802,2451617,1059429966,26884173,26884259,14147413,109266
1790925833,68499640,70299029504,128176783,0,,1,0,638,12802,2450421,1060510321,26909680,26909752,14165997,109406
1790925834,68498360,70296408064,128323429,0,,4,0,639,12822,2453099,1061560695,26934551,26934609,14180533,109518
1790925835,68497120,70295658496,128485997,0,,2,0,639,12822,2451834,1062512975,26957359,26957434,14197629,109647
1790925836,68495996,70294765568,128636478,0,,7,0,639,12822,2450735,1063554498,26980727,26980813,14214251,109774
1790925837,68494456,70292930560,128776004,0,,6,0,639,12822,2450279,1064567556,27003744,27003811,14231516,109904
1790925838,68494292,70292766720,128950934,0,,25,0,639,12822,2448985,1065561480,27027288,27027366,14248127,110031
1790925839,68492416,70291333120,129112782,0,,2,0,639,12822,2450605,1066602733,27050950,27051033,14262726,110143
1790925841,68492216,70290825216,129258688,0,,9,0,639,12822,2449678,1067622826,27074229,27074301,14279945,110273
1790925842,68494080,70292295680,129424919,0,,1,0,639,12822,2448301,1068581383,27096755,27096826,14296372,110398
1790925843,68495128,70293848064,129579358,0,,1,0,640,12824,2447861,1069569287,27119592,27119679,14312719,110522
1790925844,68494712,70294245376,129750944,0,,8,0,640,12824,2446715,1070595267,27143676,27143754,14330099,110653
1790925845,68495332,70294089728,129905811,0,,10,0,640,12824,2445291,1071649649,27167247,27167309,14347464,110786
1790925846,68496144,70295371776,130065305,0,,4,0,641,12829,2446717,1072742589,27191826,27191898,14362500,110902
1790925847,68497588,70296653824,130219623,0,,16,0,641,12829,2445480,1073746831,27215303,27215388,14379382,111030
1790925848,68496544,70295277568,130377333,0,,7,0,642,12885,2444528,1074791919,27238688,27238771,14396022,111157
1790925849,68496496,70295543808,130519541,0,,24,0,642,12885,2443980,1075772378,27261906,27261992,14412744,111285
1790925850,68497224,70296539136,130693165,0,,45,0,642,12885,2443052,1076857161,27286711,27286789,14430020,111417
1790925851,68496732,70295785472,130823601,0,,10,0,644,12889,2442924,1077959135,27311830,27311908,14446753,111545
1790925852,68499004,70297587712,131000598,0,,1,0,644,12889,2444455,1078973708,27336224,27336304,14461769,111660
1790925853,68499432,70297972736,131149981,0,,2,0,647,12972,2444151,1080004009,27359495,27359574,14478287,111786
1790925854,68499304,70298218496,131326198,0,,5,0,649,12978,2442996,1081097537,27384005,27384088,14495549,111918
1790925855,68499392,70299021312,131486160,0,,34,0,649,12978,2442291,1082099440,27408834,27408919,14512916,112051
1790925856,68497152,70297001984,131638909,0,,23,0,649,12978,2442421,1083166068,27433588,27433671,14529662,112179
1790925858,68497732,70296809472,131798530,0,,5,0,650,12979,2443971,1084227026,27458207,27458292,14544592,112295
1790925859,68498420,70296760320,131948651,0,,1,0,651,12979,2443142,1085305553,27482431,27482502,14561414,112423
1790925860,68498996,70298099712,132115358,0,,7,0,652,12981,2442405,1086284664,27505085,27505141,14577614,112547
1790925861,68497584,70296817664,132259646,0,,17,0,653,13034,2441322,1087233151,27527163,27527202,14593190,112666
1790925862,68497208,70296776704,132379957,0,,0,0,654,13056,2440452,1088232224,27550112,27550197,14608598,112784
1790925863,68498256,70296567808,132523303,0,,1,0,656,13064,2442124,1089355219,27576265,27576352,14624313,112905
1790925864,68496380,70295183360,132667737,0,,2,0,656,13064,2441562,1090448086,27600321,27600405,14640987,113033
1790925865,68495812,70294573056,132833349,0,,9,0,656,13064,2440951,1091465563,27624216,27624234,14657370,113158
1790925866,68497156,70296481792,132997362,0,,0,0,656,13064,2440214,1092557188,27648926,27648991,14674296,113288
1790925867,68498304,70297391104,133144333,0,,19,0,656,13064,2439923,1093517215,27672686,27672730,14690366,113412
1790925868,68495688,70295306240,133300984,0,,8,0,656,13064,2441228,1094626783,27698600,27698673,14706076,113533
1790925869,68497040,70295908352,133441983,0,,1,0,656,13064,2440835,1095680744,27722651,27722737,14722402,113658
1790925870,68496024,70295101440,133609800,0,,1,0,657,13068,2440641,1096654773,27746459,27746546,14738463,113781
1790925871,68495760,70294847488,133790405,0,,10,0,657,13068,2439923,1097635391,27769709,27769754,14754306,113903
1790925872,68497656,70296453120,133956375,0,,5,0,657,13068,2439823,1098668928,27794174,27794255,14770859,114030
1790925873,68496736,70295433216,134113111,0,,4,0,657,13068,2441355,1099768789,27819690,27819776,14786174,114148
1790925875,68496696,70296047616,134274679,0,,1,0,657,13068,2440912,1100768314,27842864,27842944,14801864,114268
1790925876,68498024,70296637440,134425249,0,,7,0,658,13081,2440798,1101837959,27868324,27868392,14818841,114399
1790925877,68496164,70294994944,134588760,0,,0,0,658,13081,2440192,1102835013,27891706,27891793,14834395,114519
1790925878,68496680,70295728128,134711912,0,,16,0,658,13081,2439614,1103785119,27914050,27914132,14849496,114635
1790925879,68496256,70295093248,134869239,0,,11,0,660,13083,2441164,1104903917,27940319,27940362,14865074,114755
1790925880,68496560,70295146496,135028637,0,,34,0,660,13083,2441309,1105955111,27965015,27965088,14881701,114883
1790925881,68496612,70296256512,135186730,0,,12,0,661,13092,2440851,1107004186,27988951,27989023,14897917,115007
1790925882,68494604,70293655552,135355482,0,,0,0,662,13125,2440258,1107982120,28012601,28012685,14913844,115130
1790925883,68494836,70293454848,135499469,0,,9,0,663,13125,2440126,1109014949,28036977,28037049,14930293,115256
1790925884,68495604,70294958080,135672273,0,,1,0,665,13150,2440854,1110049377,28060830,28060914,14944967,115369
1790925885,68494704,70293258240,135812873,0,,5,0,666,13155,2441501,1111168433,28087380,28087457,14961938,115500
1790925886,68492440,70291701760,135981579,0,,22,0,666,13155,2441320,1112204051,28110857,28110940,14977579,115620
1790925887,68493992,70293041152,136145157,0,,8,0,666,13155,2440592,1113216948,28135691,28135740,14994201,115748
1790925888,68493944,70292725760,136309503,0,,4,0,666,13155,2440194,1114293093,28161075,28161162,15010597,115874
1790925889,68493984,70293028864,136469284,0,,26,0,667,13172,2441014,1115400656,28187216,28187295,15026554,115997
1790925891,68494040,70292541440,136619753,0,,3,0,668,13291,2441079,1116382006,28210202,28210275,15041784,116114
1790925892,68495004,70294061056,136777648,0,,0,0,669,13365,2440597,1117364688,28233545,28233626,15057132,116232
1790925893,68496800,70295920640,136922510,0,,5,0,669,13365,2440811,1118464484,28258621,28258697,15073398,116357
1790925894,68498440,70296813568,137069144,0,,5,0,669,13365,2441818,1119537843,28283732,28283813,15088714,116475
1790925895,68500080,70298755072,137223847,0,,1,0,669,13365,2441151,1120566005,28306623,28306710,15103978,116592
1790925896,68499896,70299369472,137388522,0,,12,0,670,13392,2440690,1121621252,28330593,28330648,15120195,116717
1790925897,68500720,70300184576,137567452,0,,10,0,673,13418,2440318,1122715736,28356057,28356133,15137276,116848
1790925898,68499156,70297796608,137722096,0,,11,0,673,13418,2440000,1123710085,28379172,28379227,15152427,116965
1790925899,68499372,70298095616,137871004,0,,5,0,675,13427,2441323,1124775339,28403782,28403854,15167349,117080
1790925900,68498448,70297874432,138036590,0,,2,0,677,13489,2441099,1125853843,28428729,28428814,15183621,117206
1790925901,68498312,70297722880,138181961,0,,3,0,679,13532,2440611,1126834200,28451926,28452003,15199249,117327
1790925902,68496992,70295867392,138350282,0,,8,0,681,13578,2440455,1127948143,28477377,28477451,15215881,117455
1790925903,68494656,70293196800,138507668,0,,1,0,681,13578,2440336,1128970952,28501957,28502040,15230697,117570
1790925904,68495268,70294085632,138666685,0,,10,0,681,13578,2441621,1130062540,28528104,28528158,15247592,117700
1790925905,68495504,70294839296,138828327,0,,2,0,682,13581,2441492,1131053151,28551638,28551716,15263077,117820
1790925906,68496608,70295232512,139015582,0,,9,0,683,13583,2441086,1132084125,28576580,28576665,15279218,117945
1790925908,68494732,70293266432,139170474,0,,30,0,686,13638,2440232,1133080471,28599835,28599922,15294826,118066
1790925909,68494744,70293573632,139321517,0,,1,0,687,13638,2441613,1134156262,28625077,28625164,15310142,118184
1790925910,68495040,70293344256,139492788,0,,2,0,688,13642,2441360,1135184901,28649684,28649744,15326082,118307
1790925911,68496492,70295072768,139650871,0,,0,0,688,13642,2441293,1136212738,28673331,28673417,15341382,118425
1790925912,68495948,70294790144,139820658,0,,4,0,689,13643,2440656,1137194214,28697072,28697154,15357153,118547
1790925913,68495800,70294634496,139994095,0,,5,0,690,13674,2441349,1138161380,28720452,28720516,15371168,118655
1790925914,68495324,70294654976,140131723,0,,9,0,690,13674,2440894,1139250031,28744789,28744872,15387018,118777
1790925915,68495952,70295031808,140308167,0,,0,0,691,13682,2440592,1140237556,28769382,28769440,15403374,118902
1790925916,68495336,70294175744,140483164,0,,3,0,694,13729,2440064,1141283750,28793370,28793453,15419000,119023
1790925917,68496628,70295957504,140649319,0,,5,0,694,13729,2440149,1142370411,28818217,28818266,15434998,119146
1790925918,68496860,70296199168,140813711,0,,0,0,695,13735,2441096,1143454996,28843628,28843692,15450458,119265
1790925919,68497780,70296875008,140971467,0,,0,0,696,13759,2441265,1144481438,28868066,28868153,15466183,119387
1790925920,68496588,70295408640,141123443,0,,7,0,696,13759,2441139,1145527162,28891328,28891390,15481284,119504
1790925921,68496272,70294831104,141275485,0,,7,0,696,13759,2441532,1146604361,28915875,28915944,15497023,119626
1790925922,68497208,70296584192,141442092,0,,7,0,697,13782,2442276,1147645951,28940504,28940591,15511957,119741
1790925923,68499176,70297325568,141606916,0,,2,0,698,13793,2441982,1148663980,28964327,28964407,15527468,119861
1790925924,68496452,70294691840,141749206,0,,4,0,699,13800,2441993,1149686408,28987663,28987744,15542429,119977
1790925925,68498300,70296682496,141908031,0,,0,0,700,13801,2441921,1150688890,29011145,29011232,15557755,120094
1790925927,68498272,70296608768,142086761,0,,6,0,700,13801,2442843,1151738983,29035861,29035896,15572563,120208
1790925928,68499508,70299107328,142248829,0,,2,0,700,13801,2442054,1152775710,29060079,29060166,15588411,120330
1790925929,68499872,70298447872,142408431,0,,1,0,702,13811,2441413,1153824152,29084560,29084630,15604306,120453
1790925930,68500244,70298316800,142596087,0,,0,0,702,13811,2441210,1154847501,29109599,29109676,15620422,120578
1790925931,68500520,70299373568,142737303,0,,4,0,704,13814,2440979,1155836860,29132875,29132959,15635660,120696
1790925932,68501348,70300536832,142909973,0,,0,0,704,13814,2441511,1156911593,29158319,29158405,15651093,120815
1790925933,68500220,70299058176,143050968,0,,0,0,704,13814,2441299,1157864208,29181306,29181393,15665933,120930
1790925934,68498540,70298648576,143208163,0,,4,0,704,13814,2441266,1158915959,29205688,29205760,15681665,121052
1790925935,68495848,70294876160,143357441,0,,5,0,705,13825,2441526,1159890353,29228939,29229026,15696624,121168
1790925936,68496240,70295527424,143522699,0,,5,0,705,13825,2442721,1160911773,29253090,29253157,15711038,121279
1790925937,68496564,70295576576,143696294,0,,28,0,705,13825,2442401,1161924876,29277577,29277624,15726671,121400
1790925938,68497804,70295797760,143876559,0,,13,0,706,13843,2442354,1162936320,29301671,29301743,15742305,121520
1790925939,68495324,70294048768,144019659,0,,4,0,708,13853,2442337,1164003048,29325880,29325967,15757786,121639
1790925940,68494448,70293909504,144166152,0,,27,0,712,13873,2442571,1165062730,29350852,29350929,15773352,121759
1790925941,68494520,70293204992,144330513,0,,6,0,714,13874,2442249,1166143392,29374550,29374630,15788682,121877
1790925942,68496248,70294970368,144495669,0,,4,0,714,13905,2441977,1167207358,29399268,29399345,15804723,122001
1790925943,68497460,70296469504,144658053,0,,8,0,715,13954,2441296,1168255098,29423639,29423682,15820518,122123
1790925945,68497176,70295138304,144796006,0,,30,0,715,13954,2441086,1169343152,29449093,29449173,15836964,122249
1790925946,68495252,70293852160,144968620,0,,4,0,716,13971,2442543,1170427494,29474346,29474404,15851894,122364
1790925947,68495176,70294142976,145127045,0,,7,0,716,13971,2442427,1171427453,29497263,29497348,15866567,122477
1790925948,68494520,70292938752,145324637,0,,16,0,716,13971,2442160,1172411018,29521734,29521785,15882558,122601
1790925949,68493884,70292553728,145483123,0,,28,0,716,13971,2442011,1173499851,29548321,29548403,15899429,122732
1790925950,68492608,70291808256,145666919,0,,2,0,717,14050,2442612,1174541598,29572546,29572582,15914039,122844
1790925951,68494324,70293045248,145844796,0,,4,0,717,14050,2442312,1175605975,29597453,29597499,15929917,122966
1790925952,68494848,70293807104,146027506,0,,3,0,719,14061,2442186,1176599201,29621260,29621268,15945371,123085
1790925953,68495008,70293688320,146200091,0,,44,0,719,14061,2441732,1177615653,29645130,29645211,15960587,123202
1790925954,68494452,70292619264,146355455,0,,28,0,719,14061,2442563,1178678978,29669460,29669510,15975258,123315
1790925955,68494784,70293479424,146500616,0,,1,0,720,14061,2442226,1179833232,29695189,29695276,15991916,123444
1790925956,68494380,70293565440,146654926,0,,5,0,720,14061,2441754,1180827331,29718310,29718380,16007027,123561
1790925957,68492168,70290264064,146814352,0,,9,0,721,14099,2440953,1181799888,29741279,29741298,16021851,123675
1790925959,68493700,70292660224,146981778,0,,0,0,722,14099,2440402,1182852502,29766799,29766883,16038098,123801
1790925960,68494844,70293512192,147159227,0,,3,0,722,14099,2441012,1183902017,29791585,29791669,16053144,123917
1790925961,68493656,70292303872,147334748,0,,39,0,722,14099,2441062,1184945003,29816931,29817011,16069293,124042
1790925962,68495724,70294159360,147497337,0,,0,0,723,14104,2441146,1185989296,29840969,29841050,16084775,124162
1790925963,68497044,70296018944,147668841,0,,0,0,724,14129,2440648,1187023577,29865299,29865369,16100665,124285
1790925964,68497076,70295289856,147804953,0,,8,0,724,14129,2440911,1188113191,29890806,29890888,16116240,124405
1790925965,68495608,70294228992,147984249,0,,21,0,726,14149,2441041,1189150356,29914887,29914952,16131591,124524
1790925966,68497468,70295949312,148111303,0,,5,0,727,14169,2441099,1190177185,29938347,29938408,16146528,124639
1790925967,68496060,70294478848,148290111,0,,0,0,728,14189,2440861,1191230909,29962720,29962807,16162281,124761
1790925968,68496220,70294941696,148460549,0,,29,0,728,14189,2442008,1192314503,29988023,29988097,16177339,124877
1790925969,68496812,70295281664,148619897,0,,10,0,729,14195,2441778,1193324252,30011430,30011493,16192320,124993
1790925970,68496536,70294990848,148798530,0,,8,0,729,14195,2441838,1194305416,30035522,30035594,16207791,125112
1790925971,68496556,70296084480,148956194,0,,0,0,729,14195,2441398,1195301060,30059096,30059148,16222959,125230
1790925972,68495228,70293659648,149119570,0,,0,0,729,14195,2442301,1196417866,30083930,30084014,16237698,125343
1790925973,68496760,70295744512,149294141,0,,12,0,729,14195,2441550,1197446227,30108274,30108348,16253698,125467
1790925974,68496812,70295040000,149433475,0,,8,0,729,14195,2441164,1198520586,30133454,30133470,16269688,125591
1790925975,68496448,70295420928,149587168,0,,21,0,730,14205,2441088,1199552037,30158465,30158548,16285581,125714
1790925977,68497724,70296489984,149764128,0,,3,0,730,14205,2440960,1200573144,30182422,30182507,16300929,125832
1790925978,68498584,70297874432,149921985,0,,5,0,733,14292,2441316,1201682553,30208896,30208974,16317030,125956
1790925979,68498872,70298185728,150093449,0,,18,0,734,14322,2440895,1202770869,30234113,30234170,16332941,126079
1790925980,68499136,70298431488,150232931,0,,0,0,735,14323,2440516,1203870450,30259626,30259703,16349529,126206
1790925981,68498408,70297182208,150392142,0,,8,0,738,14369,2440445,1204875473,30284102,30284187,16365412,126329
1790925982,68499448,70298234880,150529993,0,,0,0,740,14387,2440059,1205956470,30308842,30308929,16381160,126450
1790925983,68498316,70297870336,150694402,0,,2,0,741,14390,2440689,1207051050,30333925,30333978,16396228,126566
1790925984,68498012,70297010176,150851837,0,,18,0,741,14390,2440092,1208083756,30357493,30357555,16411440,126683
1790925985,68499176,70297956352,151016446,0,,1,0,743,14405,2439954,1209135033,30381820,30381876,16427163,126804
1790925986,68500028,70298578944,151181597,0,,4,0,743,14405,2440101,1210173843,30406175,30406261,16442132,126920
1790925987,68500824,70299123712,151344099,0,,10,0,744,14407,2441024,1211285582,30431531,30431596,16457344,127037
1790925988,68501512,70300106752,151474345,0,,0,0,744,14407,2440814,1212368147,30456776,30456850,16473478,127162
1790925989,68501444,70300028928,151645816,0,,0,0,744,14407,2440694,1213460388,30481378,30481450,16489194,127283
1790925990,68499188,70297743360,151773219,0,,3,0,744,14407,2440966,1214532786,30505933,30506019,16504563,127402
1790925991,68496504,70295511040,151941285,0,,2,0,745,14412,2441448,1215597662,30531011,30531088,16519718,127519
1790925993,68495864,70294818816,152094634,0,,29,0,746,14425,2440627,1216628351,30554146,30554183,16534983,127638
1790925994,68494532,70292996096,152233469,0,,15,0,747,14426,2440398,1217703700,30579373,30579448,16551218,127762
1790925995,68496144,70295359488,152380002,0,,4,0,748,14459,2440338,1218740707,30602530,30602596,16566061,127877
1790925996,68496984,70295191552,152546521,0,,1,0,750,14467,2440105,1219797550,30627180,30627267,16581950,128000
1790925997,68498052,70296805376,152713864,0,,5,0,750,14467,2440681,1220878510,30651831,30651915,16596883,128115
1790925998,68497252,70296489984,152854416,0,,2,0,751,14468,2440545,1221880756,30675219,30675294,16611931,128231
1790925999,68497656,70297325568,153050690,0,,5,0,751,14468,2440416,1222889334,30699502,30699587,16627303,128350
1790926000,68496944,70295400448,153205528,0,,2,0,751,14468,2440368,1223940094,30723835,30723919,16642785,128470
1790926001,68497364,70295580672,153364470,0,,0,0,751,14468,2441101,1225067020,30749796,30749878,16658374,128590
1790926002,68497308,70295506944,153527156,0,,0,0,753,14498,2440830,1226119371,30773743,30773821,16673744,128708
1790926003,68495448,70293876736,153659956,0,,11,0,753,14498,2440371,1227293126,30800457,30800542,16690759,128839
1790926004,68496328,70294749184,153827892,0,,1,0,753,14498,2439907,1228320124,30825484,30825569,16706489,128960
1790926005,68497316,70296801280,154023547,0,,21,0,755,14611,2439913,1229331416,30849462,30849546,16721280,129074
1790926006,68495604,70293770240,154181097,0,,2,0,756,14618,2439752,1230426161,30873745,30873810,16736671,129193
1790926007,68494296,70292168704,154334981,0,,4,0,756,14618,2439553,1231453656,30897430,30897507,16751620,129308
1790926008,68494588,70293516288,154510696,0,,2,0,757,14621,2439568,1232523593,30923221,30923303,16767923,129434
1790926010,68495212,70294142976,154668111,0,,1,0,757,14621,2440084,1233612052,30948628,30948704,16783994,129557
1790926011,68495792,70294089728,154821042,0,,10,0,757,14621,2440340,1234672671,30973444,30973496,16799041,129673
1790926012,68497076,70295584768,154976197,0,,2,0,757,14621,2440041,1235820244,30999406,30999493,16815457,129800
1790926013,68497444,70295392256,155140664,0,,18,0,758,14629,2439999,1236846784,31023820,31023906,16830834,129919
1790926014,68499016,70298046464,155322471,0,,0,0,759,14633,2439834,1237842526,31047632,31047718,16845751,130034
1790926015,68497620,70295826432,155498145,0,,22,0,759,14633,2440721,1238933479,31073615,31073617,16861343,130154
1790926016,68497136,70295851008,155649460,0,,20,0,759,14633,2441071,1239979341,31098565,31098649,16876945,130275
1790926017,68496716,70294900736,155807452,0,,16,0,760,14637,2440769,1241033201,31123536,31123610,16892692,130397
1790926018,68496240,70295486464,155936960,0,,14,0,760,14637,2441105,1242063570,31147406,31147446,16907783,130513
1790926019,68496652,70296104960,156112993,0,,3,0,760,14637,2441798,1243132466,31172026,31172112,16922719,130628
1790926020,68494960,70293762048,156271221,0,,7,0,760,14637,2441666,1244203649,31197831,31197911,16938977,130754
1790926021,68495224,70294683648,156440848,0,,0,0,760,14637,2441567,1245259797,31223093,31223178,16954461,130874
1790926022,68492936,70291820544,156598416,0,,0,0,762,14682,2441364,1246309363,31247505,31247579,16970310,130997
1790926023,68494044,70292176896,156761224,0,,19,0,763,14682,2441140,1247372160,31271829,31271908,16985545,131115
1790926024,68494764,70293680128,156894555,0,,1,0,763,14682,2441433,1248424949,31296568,31296653,17000482,131230
1790926025,68493208,70291570688,157075228,0,,1,0,763,14682,2440833,1249469812,31320754,31320787,17015997,131351
1790926027,68494520,70292680704,157216286,0,,9,0,763,14682,2440778,1250525897,31344895,31344943,17031317,131469
1790926028,68494644,70292791296,157387111,0,,9,0,764,14711,2440705,1251600476,31370465,31370484,17047447,131594
1790926029,68494460,70293135360,157545258,0,,24,0,764,14711,2441554,1252667249,31395844,31395925,17062647,131711
1790926030,68495688,70294913024,157715230,0,,7,0,766,14738,2441490,1253792155,31422327,31422397,17079415,131841
1790926031,68495700,70294650880,157855388,0,,18,0,766,14738,2441388,1254890039,31447061,31447042,17094885,131961
1790926032,68496464,70295416832,157993181,0,,1,0,767,14829,2441714,1255979084,31472319,31472394,17110516,132082
1790926033,68497484,70296223744,158152957,0,,20,0,767,14829,2441625,1257050561,31496429,31496509,17125992,132202
1790926034,68498520,70297030656,158301035,0,,17,0,767,14829,2442624,1258157759,31522648,31522710,17141774,132324
1790926035,68496932,70295670784,158422584,0,,9,0,768,14898,2443377,1259187922,31547870,31547908,17157203,132443
1790926036,68494732,70293143552,158605254,0,,5,0,771,14902,2443750,1260188110,31571692,31571775,17172147,132558
1790926037,68494864,70294036480,158767256,0,,9,0,771,14902,2443668,1261251866,31595934,31596009,17187497,132677
1790926038,68494860,70293540864,158917120,0,,16,0,771,14902,2444041,1262360510,31621757,31621829,17203329,132799
1790926039,68495792,70294503424,159064683,0,,14,0,771,14902,2444257,1263438874,31646866,31646932,17219094,132921
1790926040,68495748,70294687744,159195234,0,,2,0,773,14939,2444377,1264626902,31674141,31674211,17235914,133051
1790926041,68496996,70295707648,159340743,0,,12,0,774,15053,2444410,1265711483,31698674,31698748,17251464,133170
1790926043,68497524,70295736320,159513136,0,,3,0,774,15053,2444745,1266786620,31722655,31722726,17266012,133282
1790926044,68498900,70298439680,159631805,0,,11,0,776,15093,2444883,1267846370,31747218,31747281,17281377,133401
1790926045,68497872,70296092672,159799629,0,,5,0,776,15093,2444499,1268983854,31772628,31772689,17297644,133526
1790926046,68498424,70296662016,159977216,0,,6,0,777,15094,2444418,1269961090,31796917,31796966,17312838,133643
1790926047,68494780,70292942848,160136038,0,,0,0,777,15094,2444461,1270980037,31821300,31821369,17328063,133761
1790926048,68494856,70293278720,160303088,0,,4,0,779,15138,2444965,1272049002,31846336,31846410,17343312,133879
1790926049,68495140,70293811200,160453333,0,,8,0,779,15138,2445110,1273071473,31870765,31870847,17358489,133996
1790926050,68495580,70294888448,160618914,0,,26,0,781,15159,2444436,1274191951,31897255,31897303,17375009,134125
1790926051,68495408,70293872640,160784956,0,,22,0,783,15189,2444409,1275227949,31921854,31921934,17390324,134243
1790926052,68495996,70295228416,160940768,0,,10,0,784,15219,2444208,1276307215,31946897,31946958,17405681,134361
1790926053,68496688,70295150592,161120479,0,,1,0,786,15252,2444007,1277334574,31970685,31970763,17420761,134477
1790926054,68496812,70295011328,161291145,0,,3,0,786,15252,2443869,1278478242,31997691,31997762,17437677,134608
1790926055,68497644,70295863296,161453914,0,,1,0,786,15252,2443566,1279475244,32021564,32021651,17452498,134723
1790926056,68495220,70293364736,161610687,0,,5,0,786,15252,2443831,1280583516,32046665,32046707,17467820,134841
1790926057,68497056,70296035328,161750240,0,,1,0,786,15252,2444104,1281685952,32072287,32072361,17483582,134963
1790926058,68498188,70297464832,161913333,0,,30,0,786,15252,2443921,1282746185,32096907,32096984,17499307,135084
1790926060,68498140,70297468928,162061776,0,,3,0,787,15281,2444034,1283820422,32121815,32121900,17514787,135204
1790926061,68495732,70294958080,162228497,0,,7,0,787,15281,2443985,1284936881,32146854,32146935,17530538,135326
1790926062,68496516,70295494656,162370073,0,,4,0,788,15296,2444523,1286048441,32173230,32173310,17546260,135447
1790926063,68498092,70296883200,162528291,0,,8,0,788,15296,2444568,1287113279,32197665,32197718,17561654,135566
1790926064,68497180,70296694784,162678230,0,,22,0,788,15296,2444352,1288195311,32223010,32223091,17577468,135688
1790926065,68498368,70296879104,162850706,0,,45,0,788,15296,2444447,1289218306,32246510,32246590,17592166,135802
1790926066,68498576,70297604096,163010331,0,,8,0,792,15298,2444551,1290301598,32272410,32272468,17608141,135925
1790926067,68498728,70297751552,163185485,0,,2,0,793,15341,2444959,1291349333,32297364,32297448,17623781,136046
1790926068,68500220,70299332608,163359738,0,,14,0,793,15341,2445114,1292377438,32320967,32321048,17638444,136159
1790926069,68500068,70297890816,163513271,0,,2,0,793,15341,2445022,1293460834,32345926,32346013,17654081,136280
1790926070,68499496,70298001408,163646568,0,,0,0,794,15349,2444988,1294563803,32371650,32371736,17669572,136401
1790926071,68499620,70298681344,163816465,0,,11,0,794,15349,2445655,1295626880,32396988,32397039,17685398,136522
1790926072,68497168,70295646208,163982460,0,,40,0,794,15349,2445424,1296717321,32422225,32422309,17701036,136643
1790926073,68495576,70294831104,164141550,0,,6,0,794,15349,2445395,1297843993,32448137,32448214,17717388,136768
1790926074,68496600,70295060480,164326196,0,,2,0,794,15349,2445041,1298790013,32471665,32471750,17732220,136883
1790926076,68497240,70296215552,164483626,0,,6,0,795,15365,2445366,1299808631,32496188,32496252,17747157,136998
1790926077,68496832,70295572480,164625353,0,,3,0,795,15365,2444981,1300818197,32520999,32521084,17762652,137118
1790926078,68496848,70295425024,164798267,0,,5,0,795,15365,2445199,1301981124,32548097,32548164,17779671,137249
1790926079,68495480,70294175744,164951658,0,,3,0,795,15365,2445343,1303007662,32572077,32572130,17794636,137365
1790926080,68496548,70294990848,165107030,0,,29,0,796,15497,2446332,1304088505,32598674,32598757,17810326,137486
1790926081,68497608,70296350720,165255682,0,,5,0,798,15522,2446520,1305191841,32623346,32623433,17825543,137604
1790926082,68498032,70296772608,165415903,0,,28,0,798,15522,2446653,1306243918,32648415,32648474,17841060,137724
1790926083,68495256,70294962176,165581536,0,,12,0,802,15597,2447258,1307342057,32674144,32674230,17857057,137847
1790926084,68495876,70295097344,165737534,0,,5,0,803,15600,2446839,1308398466,32699076,32699145,17872663,137967
1790926085,68496112,70294577152,165893517,0,,2,0,803,15600,2447646,1309482270,32723576,32723650,17887478,138081
1790926086,68495868,70294835200,166067781,0,,27,0,803,15600,2448236,1310549557,32748150,32748225,17902806,138199
1790926087,68495708,70294929408,166229473,0,,3,0,803,15600,2448605,1311634666,32772541,32772628,17918168,138318
1790926088,68493396,70292303872,166411786,0,,5,0,803,15600,2448334,1312673015,32796634,32796719,17933519,138437
1790926089,68494916,70294044672,166560097,0,,0,0,805,15626,2449017,1313742774,32821991,32822076,17948571,138553
1790926090,68496552,70295019520,166733571,0,,12,0,806,15630,2448893,1314714895,32845794,32845872,17963538,138669
1790926092,68495568,70294528000,166896041,0,,18,0,807,15686,2448699,1315842956,32872162,32872243,17980191,138798
1790926093,68495760,70294732800,167043070,0,,1,0,807,15686,2447723,1316891120,32896552,32896610,17995802,138919
1790926094,68497044,70296834048,167209369,0,,11,0,808,15693,2448152,1317890364,32920401,32920487,18010340,139031
1790926095,68499012,70297812992,167355997,0,,3,0,808,15693,2447874,1318922007,32943832,32943900,18025182,139146
1790926096,68497812,70296829952,167510676,0,,0,0,808,15693,2447648,1319953842,32968079,32968153,18040404,139264
1790926097,68496580,70295056384,167684237,0,,0,0,808,15693,2447159,1321012209,32992680,32992767,18055878,139384
1790926098,68498056,70296870912,167845767,0,,38,0,809,15713,2447762,1322115241,33018682,33018753,18071464,139504
1790926099,68498184,70297206784,168027218,0,,10,0,809,15713,2447535,1323191486,33044056,33044138,18087200,139626
1790926100,68497084,70295396352,168190836,0,,27,0,810,15728,2447210,1324221592,33068751,33068834,18102698,139746
1790926101,68496016,70294728704,168354848,0,,1,0,811,15911,2447108,1325278905,33092808,33092888,18117907,139863
1790926102,68497052,70295523328,168514139,0,,21,0,812,15911,2447965,1326298095,33117984,33117979,18132815,139978
1790926103,68497748,70295990272,168682066,0,,6,0,814,15941,2447663,1327355912,33142403,33142442,18148175,140097
1790926104,68497360,70296580096,168851496,0,,19,0,816,16078,2447516,1328424245,33168189,33168274,18164323,140222
1790926105,68496968,70295724032,168996920,0,,8,0,816,16078,2447421,1329490625,33194633,33194713,18180578,140348
1790926106,68497672,70295920640,169147919,0,,2,0,817,16084,2447377,1330607330,33219995,33220075,18196450,140471
1790926107,68495708,70295195648,169273494,0,,0,0,817,16084,2448064,1331767650,33247555,33247640,18212584,140595
1790926108,68496340,70295425024,169419625,0,,6,0,817,16084,2448741,1332962375,33274983,33275062,18229327,140724
1790926110,68496660,70295650304,169594710,0,,40,0,818,16131,2449189,1333980395,33299619,33299698,18244551,140842
1790926111,68496420,70294913024,169730877,0,,10,0,818,16131,2449130,1335106044,33326302,33326379,18261071,140970
1790926112,68496884,70295371776,169896024,0,,6,0,819,16141,2448572,1336265426,33352974,33353053,18277824,141099
1790926113,68498520,70297567232,170035033,0,,19,0,821,16156,2449457,1337319224,33377308,33377341,18292152,141209
1790926114,68499500,70299082752,170184301,0,,12,0,823,16166,2450173,1338328972,33401266,33401337,18307068,141324
1790926115,68497272,70295478272,170322180,0,,1,0,823,16166,2450159,1339494887,33428795,33428872,18324007,141455
1790926116,68494376,70292529152,170501573,0,,2,0,824,16258,2449731,1340516540,33453392,33453477,18339487,141575
1790926117,68497048,70296195072,170645990,0,,15,0,826,16304,2450177,1341623827,33479391,33479471,18355494,141699
1790926118,68495876,70294908928,170828567,0,,3,0,826,16304,2450755,1342713292,33505226,33505293,18370943,141818
1790926119,68494588,70294298624,170994224,0,,15,0,826,16304,2450856,1343800943,33531196,33531238,18387161,141944
1790926120,68494536,70293213184,171170732,0,,4,0,826,16304,2450921,1344849261,33556464,33556535,18402696,142064
1790926121,68495632,70295076864,171329320,0,,1,0,828,16306,2451238,1345918880,33581809,33581894,18418555,142187
1790926122,68497364,70296625152,171482044,0,,0,0,829,16315,2451872,1347061224,33608324,33608411,18434456,142310
1790926123,68497604,70296604672,171645123,0,,7,0,829,16315,2451488,1348129138,33633902,33633981,18450769,142436
1790926124,68496804,70295257088,171797393,0,,1,0,829,16315,2451449,1349253962,33660156,33660242,18467180,142563
1790926126,68495292,70293716992,171934785,0,,13,0,829,16315,2451828,1350349310,33685921,33685995,18483051,142685
1790926127,68496588,70295830528,172071115,0,,14,0,829,16315,2452251,1351390620,33710596,33710680,18498398,142805
1790926128,68496360,70294818816,172217521,0,,6,0,831,16326,2452309,1352530883,33737625,33737700,18514891,142931
1790926129,68496416,70296186880,172378652,0,,2,0,832,16329,2452676,1353636942,33763451,33763537,18530514,143052
1790926130,68495156,70294089728,172521483,0,,8,0,832,16329,2452729,1354753530,33789269,33789348,18546373,143174
1790926131,68494420,70293864448,172677849,0,,12,0,833,16349,2452971,1355835704,33814656,33814742,18562041,143296
1790926132,68495320,70294077440,172830389,0,,10,0,835,16361,2453262,1356923758,33841198,33841269,18578231,143421
1790926133,68495516,70294687744,172985811,0,,34,0,835,16361,2453984,1358025681,33866807,33866887,18593676,143540
1790926134,68496000,70294700032,173148211,0,,15,0,835,16361,2454363,1359188207,33893149,33893231,18610335,143669
1790926135,68494624,70293303296,173301885,0,,11,0,835,16361,2454685,1360183691,33917461,33917546,18625306,143785
1790926136,68493476,70292635648,173474560,0,,4,0,836,16361,2454505,1361207690,33941813,33941891,18640655,143904
1790926137,68494232,70293159936,173628490,0,,1,0,836,16361,2454840,1362285582,33966880,33966967,18655751,144021
1790926138,68494688,70293614592,173794635,0,,9,0,836,16361,2454966,1363343281,33991776,33991843,18671456,144142
1790926139,68493400,70291263488,173936786,0,,2,0,837,16374,2454946,1364493188,34017830,34017908,18687755,144269
1790926140,68493808,70292451328,174113398,0,,3,0,837,16374,2454876,1365533087,34043278,34043361,18703344,144389
1790926141,68493456,70291832832,174288459,0,,1,0,838,16374,2454577,1366592458,34067986,34068072,18719072,144510
1790926143,68494260,70293106688,174450611,0,,24,0,838,16374,2454701,1367642090,34092624,34092702,18734615,144630
1790926144,68496440,70295429120,174614943,0,,4,0,838,16374,2454526,1368650535,34116856,34116932,18749620,144747
1790926145,68497884,70296920064,174774603,0,,16,0,838,16374,2454611,1369670938,34141876,34141953,18765237,144867
1790926146,68497696,70296690688,174921821,0,,0,0,838,16374,2454497,1370764917,34167084,34167167,18780840,144987
1790926147,68496512,70295236608,175053106,0,,1,0,841,16381,2455284,1371869532,34192879,34192952,18796295,145106
1790926148,68494140,70292799488,175223022,0,,1,0,841,16381,2455294,1372937633,34217113,34217200,18811248,145222
1790926149,68494204,70293590016,175371354,0,,0,0,842,16406,2454972,1373969357,34242234,34242311,18826737,145341
1790926150,68494692,70293618688,175541516,0,,5,0,844,16434,2455038,1375050764,34267056,34267134,18842222,145461
1790926151,68493372,70291976192,175695805,0,,24,0,846,16443,2455547,1376128798,34292456,34292539,18857530,145579
1790926152,68493716,70292094976,175862557,0,,15,0,848,16457,2455370,1377192632,34317492,34317504,18873019,145699
1790926153,68494892,70293565440,176040006,0,,1,0,848,16457,2455564,1378286512,34343616,34343701,18889016,145823
1790926154,68493976,70292578304,176212279,0,,2,0,848,16457,2455173,1379375599,34369379,34369465,18905156,145948
1790926155,68494440,70293622784,176342281,0,,2,0,848,16457,2455453,1380553950,34397763,34397823,18922457,146082
1790926156,68494612,70293311488,176498689,0,,8,0,848,16457,2456249,1381636895,34423300,34423382,18937780,146200
1790926157,68495264,70293704704,176639724,0,,14,0,848,16457,2456077,1382672057,34447308,34447312,18952829,146317
1790926159,68496016,70294659072,176789687,0,,27,0,848,16457,2456071,1383702318,34472392,34472471,18968221,146436
1790926160,68496880,70296940544,176939971,0,,1,0,851,16479,2456605,1384824508,34497836,34497916,18984087,146559
1790926161,68496580,70295318528,177090807,0,,0,0,852,16480,2457028,1385909685,34523084,34523170,18999148,146675
1790926162,68497840,70297108480,177252175,0,,2,0,854,16500,2457045,1386949838,34547504,34547591,19013959,146790
1790926163,68496944,70296199168,177401679,0,,1,0,854,16500,2457660,1388047898,34573146,34573223,19029980,146914
1790926164,68495172,70293340160,177583353,0,,0,0,854,16500,2457727,1389051401,34597966,34598045,19045200,147031
1790926165,68496776,70295519232,177736146,0,,1,0,855,16500,2457324,1390073441,34622247,34622316,19060275,147148
1790926166,68496368,70295609344,177865443,0,,3,0,856,16500,2458094,1391199223,34648698,34648775,19076779,147275
1790926167,68494284,70293209088,178027026,0,,0,0,856,16547,2458494,1392322893,34674793,34674880,19092648,147398
1790926168,68493864,70292791296,178174490,0,,6,0,856,16547,2458519,1393431712,34701459,34701546,19109170,147526
1790926169,68494268,70292418560,178301136,0,,6,0,857,16549,2458843,1394617796,34729345,34729421,19126611,147661
1790926170,68494592,70293557248,178443034,0,,9,0,857,16549,2458812,1395646239,34753439,34753525,19141564,147777
1790926171,68494732,70293991424,178572140,0,,3,0,858,16567,2459578,1396806056,34780356,34780430,19157526,147900
1790926172,68495392,70294360064,178728184,0,,8,0,858,16567,2459633,1397937185,34807097,34807159,19174174,148029
1790926173,68496760,70295904256,178875738,0,,2,0,858,16567,2459690,1399032961,34831558,34831642,19189406,148147
1790926174,68497428,70296436736,179025897,0,,8,0,858,16567,2459724,1400108752,34856281,34856359,19204899,148267
1790926175,68498408,70297436160,179171745,0,,15,0,858,16567,2460296,1401184398,34881372,34881457,19219815,148382
1790926176,68497004,70295998464,179347506,0,,1,0,859,16568,2459995,1402275098,34907066,34907153,19236095,148508
1790926178,68496648,70295875584,179501056,0,,3,0,861,16610,2459519,1403340293,34932500,34932567,19251964,148631
1790926179,68494904,70293250048,179656498,0,,0,0,862,16633,2459548,1404435414,34958327,34958412,19267971,148755
1790926180,68494676,70294142976,179815475,0,,22,0,865,16706,2459656,1405522809,34984456,34984541,19284089,148879
1790926181,68496020,70295248896,179960998,0,,3,0,865,16706,2459705,1406727236,35012086,35012146,19300842,149008
1790926182,68495680,70293868544,180111521,0,,6,0,867,16709,2458983,1407810214,35037874,35037948,19317359,149136
1790926183,68494776,70293331968,180274250,0,,3,0,868,16711,2459297,1408864622,35063220,35063276,19332991,149257
1790926184,68494084,70292750336,180406825,0,,4,0,868,16711,2459627,1410018518,35089417,35089490,19349106,149382
1790926185,68495600,70294310912,180578519,0,,21,0,870,16756,2459728,1411111299,35114728,35114803,19364845,149504
1790926186,68494776,70293700608,180736691,0,,4,0,870,16756,2460071,1412206049,35139748,35139829,19379995,149621
1790926187,68494292,70293225472,180885975,0,,32,0,870,16756,2460006,1413364962,35167388,35167464,19396812,149750
1790926188,68494632,70293041152,181044461,0,,5,0,871,16766,2459772,1414494533,35194214,35194287,19413536,149880
1790926189,68493948,70292615168,181190234,0,,3,0,872,16767,2459456,1415591624,35220995,35221059,19430383,150010
1790926190,68496404,70295142400,181322450,0,,19,0,872,16767,2458907,1416645527,35245618,35245696,19446109,150131
1790926191,68498608,70297124864,181451809,0,,11,0,873,16771,2459647,1417908470,35273727,35273806,19462991,150261
1790926192,68497024,70295756800,181601246,0,,1,0,873,16771,2460194,1419005107,35300264,35300333,19479254,150387
1790926193,68496860,70295826432,181726347,0,,14,0,874,16785,2459888,1420140213,35326345,35326422,19495651,150514
1790926195,68497464,70296203264,181876258,0,,1,0,874,16785,2459759,1421290051,35352685,35352769,19512164,150641
1790926196,68498204,70297231360,182008242,0,,3,0,876,16794,2459984,1422299817,35377326,35377375,19527393,150759
1790926197,68499624,70298947584,182169899,0,,32,0,876,16794,2460177,1423493022,35405688,35405770,19545046,150896
1790926198,68499968,70299017216,182294402,0,,6,0,879,16870,2460567,1424607611,35431929,35431974,19561045,151019
1790926199,68497176,70295904256,182461661,0,,12,0,879,16870,2460232,1425688329,35457743,35457827,19576933,151142
1790926200,68493844,70292766720,182607615,0,,10,0,880,16896,2460415,1426767714,35483537,35483624,19592575,151262
1790926201,68495412,70294626304,182761324,0,,8,0,881,16982,2460658,1427816371,35508947,35509002,19608141,151382
1790926202,68494608,70293528576,182889411,0,,2,0,881,16982,2460872,1428928271,35534446,35534523,19623583,151501
1790926203,68493620,70291980288,183030712,0,,30,0,881,16982,2461033,1430061147,35560268,35560331,19639758,151627
1790926204,68493792,70291939328,183196947,0,,6,0,881,16982,2461252,1431120329,35585080,35585161,19655075,151745
1790926205,68494728,70293712896,183339030,0,,6,0,882,16982,2460840,1432171526,35609951,35610033,19670948,151868
1790926206,68494948,70294188032,183484308,0,,36,0,884,16995,2460731,1433241279,35635517,35635593,19686689,151989
1790926207,68495812,70294511616,183644303,0,,4,0,886,17017,2461460,1434347780,35661735,35661796,19702399,152110
1790926208,68495764,70294208512,183781016,0,,9,0,887,17017,2461449,1435363631,35686161,35686246,19717498,152227
1790926209,68495784,70294224896,183937713,0,,4,0,888,17038,2461106,1436474187,35712111,35712158,19733625,152351
1790926210,68495836,70295584768,184098784,0,,52,0,889,17053,2461454,1437494198,35736865,35736940,19748964,152469
1790926211,68495764,70294675456,184261592,0,,20,0,890,17069,2462117,1438599845,35763277,35763300,19764669,152590
1790926213,68497596,70295822336,184417207,0,,0,0,891,17093,2462284,1439685633,35788661,35788732,19780559,152713
1790926214,68497880,70296371200,184564874,0,,4,0,892,17095,2462833,1440726262,35812586,35812660,19795147,152825
1790926215,68498528,70297300992,184718487,0,,17,0,892,17095,2462575,1441800844,35837229,35837309,19810737,152945
1790926216,68498184,70296948736,184868377,0,,14,0,895,17159,2462941,1442918916,35862756,35862843,19826577,153068
1790926217,68497828,70296637440,185049871,0,,4,0,897,17177,2463745,1443978126,35888326,35888387,19841941,153186
1790926218,68493988,70292643840,185215319,0,,12,0,898,17189,2463901,1445070189,35914336,35914420,19858167,153311
1790926219,68495632,70294323200,185354837,0,,11,0,899,17190,2463998,1446174906,35939717,35939804,19873925,153433
1790926220,68495352,70294048768,185493347,0,,1,0,899,17190,2463838,1447266302,35965195,35965281,19889665,153555
1790926221,68496772,70295232512,185663703,0,,8,0,899,17190,2464058,1448319070,35990310,35990384,19905119,153674
1790926222,68495492,70293962752,185849301,0,,13,0,899,17190,2463949,1449323195,36014114,36014183,19919822,153788
1790926223,68496284,70295752704,185993247,0,,1,0,899,17190,2463581,1450441638,36040828,36040910,19936340,153916
1790926224,68494184,70292332544,186129926,0,,6,0,899,17190,2462964,1451611452,36068048,36068110,19953375,154047
1790926225,68494940,70293127168,186284627,0,,0,0,900,17196,2462888,1452624130,36092723,36092810,19968693,154166
1790926226,68497024,70296252416,186452991,0,,4,0,900,17196,2463609,1453707785,36117560,36117636,19983567,154281
1790926227,68496928,70296166400,186605645,0,,36,0,900,17196,2463582,1454829146,36144079,36144161,20000067,154407
1790926228,68496652,70295384064,186754643,0,,22,0,902,17197,2463157,1455997038,36170239,36170321,20016438,154534
1790926230,68494200,70293938176,186897536,0,,14,0,903,17198,2463524,1457114930,36197981,36198056,20033479,154666
1790926231,68495468,70294929408,187037930,0,,22,0,903,17198,2464190,1458270989,36223784,36223840,20049196,154788
1790926232,68495512,70294986752,187193997,0,,1,0,903,17198,2465091,1459258762,36248620,36248701,20064036,154902
1790926233,68495416,70294380544,187350519,0,,3,0,904,17200,2465301,1460392113,36274732,36274802,20079905,155024
1790926234,68494216,70293938176,187503318,0,,1,0,904,17200,2465261,1461537196,36301518,36301605,20096298,155151
1790926235,68495036,70293979136,187646799,0,,1,0,906,17212,2465580,1462724490,36328296,36328316,20112812,155278
1790926236,68494644,70293864448,187783029,0,,17,0,906,17212,2466302,1463868552,36354343,36354382,20128279,155397
1790926237,68494636,70293827584,187952884,0,,12,0,907,17221,2466380,1464932895,36379126,36379190,20143615,155515
1790926238,68495632,70294872064,188089812,0,,13,0,907,17221,2466832,1465986774,36403868,36403949,20158968,155634
1790926239,68497472,70296215552,188230715,0,,61,0,909,17246,2466467,1467095545,36428733,36428811,20174687,155755
1790926240,68497600,70297407488,188391543,0,,2,0,910,17281,2465868,1468215106,36455274,36455346,20191473,155885
1790926241,68498808,70298648576,188555408,0,,0,0,910,17281,2466092,1469240511,36479383,36479469,20206035,155997
1790926242,68500168,70298722304,188705108,0,,1,0,910,17281,2466638,1470329875,36504326,36504413,20221255,156114
1790926243,68496592,70295064576,188860571,0,,6,0,910,17281,2466896,1471422588,36530453,36530491,20237365,156238
1790926244,68495748,70294978560,188992064,0,,8,0,911,17352,2466793,1472650417,36557589,36557670,20254281,156369
1790926246,68496840,70295576576,189141870,0,,6,0,911,17352,2466961,1473746181,36583826,36583905,20270594,156496
1790926247,68497148,70295375872,189275495,0,,4,0,911,17352,2466690,1474893464,36609500,36609570,20286139,156615
1790926248,68493948,70292623360,189400268,0,,8,0,911,17352,2466307,1475998448,36635955,36635998,20303035,156745
1790926249,68495532,70294224896,189542656,0,,8,0,911,17352,2466440,1477195721,36663328,36663415,20319817,156875
1790926250,68496532,70294740992,189692621,0,,2,0,913,17373,2466066,1478308244,36688964,36689040,20335651,156998
1790926251,68496192,70295171072,189820636,0,,27,0,913,17373,2466167,1479438430,36715829,36715909,20352467,157128
1790926252,68497448,70295953408,189972840,0,,5,0,914,17452,2466333,1480562537,36741334,36741421,20367804,157246
1790926253,68497564,70296317952,190130646,0,,18,0,914,17452,2466486,1481612737,36765812,36765883,20382891,157362
1790926254,68494272,70292668416,190273594,0,,3,0,914,17452,2466979,1482656453,36790021,36790106,20397577,157475
1790926255,68494812,70292975616,190393021,0,,0,0,914,17452,2466918,1483727655,36815226,36815294,20413319,157597
1790926256,68495096,70293774336,190567443,0,,0,0,914,17452,2466828,1484799915,36840191,36840262,20428384,157713
1790926257,68496688,70295650304,190706968,0,,6,0,914,17452,2466375,1485927082,36866071,36866129,20444259,157836
1790926258,68498160,70297210880,190853007,0,,28,0,915,17461,2466495,1487027786,36891828,36891908,20460571,157962
1790926259,68498860,70297415680,191000950,0,,2,0,916,17462,2466264,1488199249,36918459,36918546,20476898,158087
1790926260,68497860,70297124864,191140102,0,,2,0,918,17476,2466521,1489385980,36946656,36946743,20494195,158221
1790926261,68497992,70296752128,191294771,0,,15,0,918,17476,2467299,1490512305,36972485,36972571,20509661,158340
1790926263,68496652,70295371776,191453879,0,,9,0,919,17482,2467395,1491536062,36996919,36996984,20524904,158458
1790926264,68497192,70296444928,191602253,0,,9,0,919,17482,2467185,1492659376,37023136,37023209,20540878,158581
1790926265,68497764,70296788992,191737091,0,,3,0,920,17510,2467737,1493894296,37051166,37051244,20558172,158715
1790926266,68497832,70296330240,191885291,0,,7,0,920,17510,2467339,1495001527,37077164,37077242,20574307,158839
1790926267,68499152,70297419776,192029079,0,,22,0,920,17510,2467647,1496130984,37103983,37104030,20590683,158965
1790926268,68497436,70296682496,192187130,0,,9,0,920,17510,2467918,1497212049,37129532,37129616,20606524,159087
1790926269,68498484,70297280512,192329867,0,,0,0,921,17613,2467356,1498259972,37155218,37155269,20622811,159213
1790926270,68499416,70298476544,192488083,0,,15,0,921,17613,2466827,1499382481,37181840,37181922,20639574,159342
1790926271,68500252,70299308032,192640737,0,,2,0,921,17613,2466808,1500607635,37209688,37209749,20657006,159476
1790926272,68498756,70297817088,192792121,0,,8,0,922,17629,2466214,1501742272,37236306,37236374,20673909,159607
1790926273,68498656,70297346048,192957077,0,,1,0,922,17629,2466085,1502859025,37262568,37262630,20690032,159731
1790926274,68497660,70296670208,193109471,0,,28,0,922,17629,2466512,1503982197,37288414,37288493,20706143,159855
1790926275,68495604,70295019520,193239619,0,,0,0,924,17640,2466557,1505166001,37314338,37314378,20722149,159979
1790926276,68494996,70294503424,193363487,0,,0,0,924,17640,2466149,1506323062,37340372,37340444,20738520,160105
1790926277,68496820,70295535616,193495715,0,,7,0,925,17715,2466511,1507487845,37367130,37367188,20754791,160231
1790926279,68498512,70297780224,193629095,0,,7,0,926,17762,2467182,1508671211,37395057,37395082,20771259,160358
1790926280,68498056,70297079808,193787397,0,,10,0,927,17767,2467490,1509768819,37420093,37420179,20786898,160479
1790926281,68499424,70298460160,193966557,0,,7,0,927,17767,2467740,1510831012,37444941,37445007,20802380,160598
1790926282,68497844,70296047616,194116397,0,,11,0,928,17772,2467518,1511927088,37471733,37471748,20819037,160727
1790926283,68497652,70296387584,194250059,0,,27,0,928,17772,2467520,1513072831,37498780,37498862,20835416,160853
1790926284,68496560,70295252992,194404020,0,,12,0,930,17802,2467948,1514227026,37525726,37525812,20851528,160977
1790926285,68497036,70295506944,194539291,0,,17,0,931,17802,2467543,1515289859,37551237,37551307,20867636,161101
1790926286,68496304,70294999040,194707723,0,,27,0,931,17802,2467672,1516353967,37576099,37576175,20883631,161225
1790926287,68494748,70293667840,194849804,0,,2,0,933,17858,2467069,1517450172,37602245,37602332,20899658,161349
1790926288,68495492,70293651456,194994877,0,,1,0,933,17858,2467375,1518594374,37628979,37629001,20915908,161474
1790926289,68497260,70296236032,195115143,0,,0,0,934,17992,2468096,1519802826,37657194,37657254,20932803,161604
1790926290,68496396,70295638016,195259765,0,,19,0,937,18039,2467961,1520949404,37684141,37684178,20949666,161734
1790926291,68495980,70294663168,195438790,0,,3,0,938,18046,2467658,1521981795,37709315,37709325,20965328,161855
1790926292,68495832,70295318528,195562167,0,,17,0,939,18057,2467393,1523191048,37736589,37736668,20982220,161985
1790926293,68494496,70293938176,195716146,0,,1,0,939,18057,2467094,1524355031,37762721,37762807,20998618,162112
1790926294,68496392,70294577152,195861895,0,,0,0,940,18084,2468033,1525467089,37788618,37788683,21014089,162231
1790926296,68498248,70297518080,195988726,0,,23,0,940,18084,2468076,1526633475,37817358,37817420,21031881,162368
1790926297,68497748,70295416832,196146430,0,,34,0,941,18189,2468134,1527714803,37842815,37842898,21047767,162492
1790926298,68498340,70297378816,196288105,0,,5,0,941,18189,2467882,1528849706,37869814,37869792,21064452,162621
1790926299,68498968,70299303936,196430940,0,,18,0,942,18189,2468268,1529975124,37896958,37897038,21081374,162751
1790926300,68498460,70298365952,196585015,0,,5,0,945,18229,2467952,1531122864,37923477,37923514,21097831,162878
1790926301,68497832,70296309760,196732528,0,,2,0,945,18229,2468474,1532226243,37948984,37949055,21113043,162995
1790926302,68496660,70295126016,196876552,0,,0,0,946,18241,2468118,1533429252,37977447,37977512,21130836,163132
1790926303,68495908,70294851584,197037189,0,,31,0,948,18284,2468357,1534503995,38003866,38003948,21147106,163258
1790926304,68496208,70294958080,197206257,0,,32,0,948,18284,2468614,1535606452,38029535,38029613,21162579,163377
1790926305,68496760,70295740416,197362608,0,,2,0,948,18284,2468220,1536639847,38054542,38054613,21178309,163499
1790926306,68495624,70294581248,197514673,0,,11,0,948,18284,2468988,1537753976,38080130,38080213,21193547,163616
1790926307,68497100,70295810048,197668814,0,,1,0,948,18284,2468892,1538799788,38105398,38105481,21209139,163737
1790926308,68497608,70297346048,197842658,0,,8,0,949,18317,2468759,1539891623,38131010,38131073,21224981,163859
1790926309,68499268,70298034176,197990756,0,,0,0,951,18336,2468778,1541085079,38157576,38157659,21241249,163985
1790926310,68501284,70299443200,198115929,0,,8,0,951,18336,2469171,1542296489,38185829,38185916,21258433,164118
1790926311,68497168,70295375872,198259499,0,,2,0,952,18434,2469737,1543419722,38212395,38212449,21274272,164240
1790926312,68498352,70296576000,198401525,0,,4,0,953,18435,2469553,1544470117,38238467,38238538,21290553,164366
1790926314,68498080,70297534464,198567280,0,,46,0,954,18436,2470098,1545552684,38264581,38264663,21306634,164490
1790926315,68499308,70298353664,198694553,0,,8,0,954,18436,2469852,1546801447,38292619,38292702,21323715,164621
1790926316,68497936,70296674304,198868496,0,,15,0,955,18460,2470191,1547848682,38318057,38318143,21339696,164744
1790926317,68497824,70296305664,199006958,0,,13,0,958,18529,2471219,1549026241,38345161,38345235,21355672,164867
1790926318,68499556,70298836992,199141089,0,,10,0,959,18536,2470731,1550171944,38372125,38372164,21372328,164995
1790926319,68499040,70298353664,199285270,0,,0,0,959,18536,2470711,1551380207,38400536,38400616,21389757,165129
1790926320,68498196,70297214976,199437127,0,,2,0,960,18542,2470460,1552569983,38427659,38427738,21406683,165260
1790926321,68500368,70299172864,199595516,0,,1,0,961,18555,2470088,1553597866,38451990,38452071,21421873,165377
1790926322,68500020,70299361280,199748420,0,,20,0,963,18605,2470351,1554686340,38478477,38478561,21438112,165502
1790926323,68502132,70301474816,199883025,0,,14,0,965,18634,2470319,1555883939,38505927,38506014,21455022,165633
1790926324,68502928,70302060544,200035103,0,,2,0,966,18634,2470099,1556941492,38530347,38530402,21470517,165753
1790926325,68502160,70301003776,200180688,0,,8,0,966,18758,2470507,1558009005,38555384,38555470,21485737,165870
1790926326,68501288,70300114944,200306980,0,,21,0,967,18834,2470551,1559155432,38581887,38581969,21502096,165996
1790926327,68499676,70298652672,200466345,0,,50,0,967,18834,2471057,1560307488,38607912,38607992,21517818,166117
1790926328,68500708,70299271168,200618174,0,,17,0,967,18834,2470666,1561484246,38635079,38635162,21534952,166249
1790926329,68500892,70299439104,200759089,0,,8,0,968,18867,2470658,1562603323,38661109,38661192,21550873,166372
1790926331,68497872,70296883200,200917325,0,,4,0,971,18915,2471024,1563753744,38687826,38687909,21567262,166498
1790926332,68498312,70297051136,201068649,0,,16,0,972,18954,2470544,1564899342,38715575,38715651,21584543,166631
1790926333,68496956,70296408064,201193303,0,,0,0,972,18954,2470683,1566067873,38743206,38743289,21601731,166764
1790926334,68495144,70293794816,201332085,0,,30,0,972,18954,2470576,1567199915,38770717,38770798,21618744,166895
1790926335,68496744,70296227840,201434556,0,,0,0,973,18968,2470811,1568456392,38799114,38799193,21636281,167030
1790926336,68498284,70297313280,201549143,0,,8,0,973,18968,2471254,1569724403,38828132,38828200,21653668,167165
1790926337,68497736,70296723456,201709237,0,,16,0,973,18968,2471433,1570821920,38854722,38854808,21670025,167291
1790926338,68496788,70295494656,201859564,0,,3,0,973,18968,2471659,1571923443,38881397,38881469,21686390,167416
1790926339,68495340,70293741568,201991193,0,,31,0,973,18968,2471670,1573118667,38909864,38909942,21704193,167553
1790926340,68495712,70293835776,202140768,0,,0,0,973,18968,2472152,1574283042,38936790,38936877,21720302,167677
1790926341,68495492,70294441984,202254158,0,,1,0,974,19002,2472554,1575478608,38964624,38964705,21737466,167809
1790926342,68494636,70293291008,202395263,0,,24,0,974,19002,2472450,1576629999,38991416,38991497,21754260,167938
1790926343,68495280,70293749760,202512398,0,,15,0,975,19003,2472696,1577799412,39018586,39018668,21771156,168068
1790926344,68495436,70294376448,202640006,0,,6,0,975,19003,2473198,1578979025,39045904,39045981,21787788,168196
1790926345,68495944,70294401024,202788611,0,,27,0,975,19003,2473153,1580115508,39073014,39073094,21804324,168323
1790926347,68496252,70295011328,202953321,0,,45,0,976,19010,2474225,1581153294,39097540,39097621,21818743,168434
1790926348,68497660,70296440832,203100892,0,,23,0,976,19010,2473704,1582313962,39124412,39124491,21835521,168563
1790926349,68498932,70298492928,203242289,0,,27,0,976,19010,2473366,1583408214,39150551,39150603,21851767,168688
1790926350,68498300,70297321472,203388278,0,,15,0,976,19010,2473623,1584535394,39176479,39176566,21867862,168812
1790926351,68497044,70295502848,203540682,0,,4,0,976,19010,2473334,1585540691,39201336,39201414,21883104,168930
1790926352,68496824,70295552000,203694251,0,,29,0,978,19031,2473814,1586721335,39229129,39229203,21899890,169059
1790926353,68497108,70297141248,203822594,0,,26,0,978,19031,2473370,1587845674,39255004,39255083,21915763,169181
1790926354,68496252,70295511040,203952813,0,,39,0,978,19031,2473419,1588946910,39281531,39281610,21932389,169309
1790926355,68497608,70296543232,204109240,0,,3,0,979,19053,2472944,1590067872,39308138,39308223,21948903,169436
1790926356,68498368,70297694208,204279326,0,,2,0,979,19053,2472901,1591093719,39332671,39332730,21963995,169552
1790926357,68498208,70296657920,204423013,0,,0,0,981,19056,2473388,1592247642,39360198,39360284,21980630,169680
1790926358,68495936,70294380544,204558415,0,,21,0,983,19062,2473906,1593434847,39387001,39387084,21997020,169806
1790926359,68497172,70295879680,204701589,0,,21,0,983,19062,2473642,1594441844,39411893,39411955,22012635,169926
1790926360,68496688,70295953408,204867393,0,,32,0,983,19062,2473823,1595462144,39436347,39436343,22027715,170042
1790926361,68497488,70295699456,205032965,0,,7,0,983,19062,2473879,1596540363,39461620,39461679,22042930,170159
1790926362,68499068,70297329664,205150018,0,,5,0,984,19136,2473485,1597725886,39490465,39490547,22060835,170297
1790926364,68501548,70300684288,205263382,0,,29,0,984,19136,2474502,1598922632,39518487,39518569,22079102,170438
1790926365,68502704,70301818880,205392491,0,,5,0,985,19156,2474122,1600160974,39546790,39546863,22095329,170562
1790926366,68503064,70302457856,205548375,0,,0,0,985,19156,2474268,1601231707,39573001,39573088,22111563,170687
1790926367,68502936,70302068736,205684028,0,,14,0,986,19174,2473808,1602354125,39600487,39600547,22128742,170820
1790926368,68501440,70301323264,205814930,0,,0,0,988,19237,2473794,1603460044,39627323,39627407,22145126,170946
1790926369,68497660,70295879680,205974930,0,,26,0,988,19237,2473174,1604592320,39654637,39654710,22162131,171077
1790926370,68498104,70296858624,206119539,0,,4,0,988,19237,2473234,1605704488,39679780,39679859,22177883,171200
1790926371,68499044,70298316800,206254792,0,,7,0,988,19237,2473368,1606918988,39707305,39707385,22194652,171329
1790926372,68500764,70299578368,206390798,0,,1,0,989,19252,2473456,1608110895,39734811,39734896,22211698,171461
1790926373,68498680,70297714688,206540137,0,,5,0,991,19259,2473564,1609224313,39761606,39761688,22228099,171588
1790926374,68496620,70295257088,206664172,0,,4,0,994,19287,2474082,1610350859,39788398,39788447,22244077,171711
1790926375,68497248,70295982080,206811949,0,,2,0,994,19287,2474010,1611455307,39813642,39813729,22259816,171832
1790926376,68498152,70297174016,206971965,0,,1,0,994,19287,2474275,1612542604,39839862,39839943,22275814,171955
1790926377,68497952,70297223168,207133970,0,,18,0,995,19299,2474229,1613700821,39866989,39867068,22292864,172087
1790926378,68499116,70297649152,207284834,0,,1,0,995,19299,2474067,1614806978,39893033,39893119,22308841,172209
1790926379,68499052,70297833472,207419101,0,,0,0,996,19322,2474568,1616010649,39920084,39920168,22324952,172333
1790926381,68499648,70298963968,207528819,0,,71,0,996,19322,2474628,1617200493,39947035,39947116,22344358,172482
1790926382,68496760,70294949888,207651551,0,,1,0,996,19322,2474616,1618537261,39978606,39978693,22360843,172609
1790926383,68495968,70294953984,207792832,0,,0,0,998,19322,2474611,1619608768,40004273,40004305,22376452,172729
1790926384,68497564,70296297472,207933735,0,,16,0,1000,19345,2474212,1620793854,40032318,40032394,22393759,172862
1790926385,68496660,70295203840,208073662,0,,1,0,1001,19361,2474032,1621926624,40059463,40059550,22410400,172991
1790926386,68496444,70294941696,208204729,0,,47,0,1003,19442,2473242,1623083079,40087706,40087783,22428070,173126
1790926387,68497896,70297681920,208350572,0,,2,0,1003,19442,2473572,1624216197,40112876,40112961,22443175,173242
1790926388,68499220,70298255360,208493028,0,,2,0,1004,19445,2473645,1625407096,40140624,40140705,22460321,173374
1790926389,68497180,70296375296,208636286,0,,9,0,1005,19449,2473818,1626498782,40166446,40166514,22476180,173496
1790926390,68497496,70296231936,208803194,0,,2,0,1006,19451,2473674,1627617844,40192748,40192830,22492452,173622
1790926391,68498184,70296719360,208912891,0,,5,0,1008,19475,2473522,1628808748,40221389,40221395,22510245,173759
1790926392,68497956,70296723456,209082765,0,,0,0,1008,19475,2473497,1629913836,40247122,40247209,22525833,173879
1790926393,68497968,70296956928,209219815,0,,1,0,1009,19485,2473776,1631126879,40275449,40275523,22543398,174015
1790926394,68497428,70296977408,209384696,0,,29,0,1010,19492,2473555,1632195267,40299946,40300033,22558740,174134
1790926395,68499656,70298988544,209541440,0,,12,0,1010,19492,2473409,1633297792,40326018,40326103,22574637,174257
1790926396,68500988,70299447296,209704573,0,,3,0,1013,19517,2473728,1634402253,40352099,40352178,22590613,174380
1790926397,68500680,70299488256,209876027,0,,34,0,1013,19517,2474030,1635521346,40378591,40378624,22606977,174506
1790926399,68501764,70301106176,210033317,0,,1,0,1013,19517,2474009,1636646490,40405621,40405536,22623255,174633
1790926400,68502160,70301523968,210198546,0,,6,0,1014,19517,2473713,1637708634,40431175,40431239,22639507,174758
1790926401,68500480,70299021312,210334552,0,,30,0,1017,19530,2474054,1638917011,40459778,40459864,22656739,174891
1790926402,68500928,70299226112,210496028,0,,9,0,1018,19530,2474791,1640007006,40485247,40485310,22672144,175009
1790926403,68498596,70297358336,210656460,0,,29,0,1019,19584,2474684,1641089906,40512191,40512229,22688797,175138
1790926404,68500672,70299226112,210800630,0,,0,0,1019,19584,2475803,1642325842,40539907,40539974,22705171,175264
1790926405,68501276,70300119040,210933462,0,,0,0,1021,19610,2475774,1643417494,40565903,40565986,22721170,175387
1790926406,68501448,70300565504,211069823,0,,3,0,1021,19610,2475946,1644569905,40592891,40592974,22737418,175512
1790926407,68501816,70300385280,211205386,0,,42,0,1025,19673,2475835,1645686863,40619591,40619676,22754135,175642
1790926408,68500284,70299115520,211330260,0,,3,0,1026,19684,2475846,1646949884,40648018,40648105,22771364,175775
1790926409,68500504,70299803648,211489535,0,,16,0,1026,19684,2476078,1648045099,40674246,40674291,22787262,175898
1790926410,68499304,70298902528,211639655,0,,0,0,1026,19684,2475785,1649161393,40699854,40699924,22803340,176021
1790926411,68500924,70299222016,211772214,0,,29,0,1026,19684,2475665,1650245374,40725578,40725661,22819349,176145
1790926412,68501780,70301540352,211909127,0,,22,0,1026,19684,2475871,1651379092,40751515,40751598,22835469,176269
1790926413,68501216,70299951104,212034355,0,,51,0,1026,19684,2475567,1652596171,40778791,40778871,22852589,176401
1790926414,68501972,70301609984,212180815,0,,1,0,1028,19708,2476124,1653710720,40804852,40804897,22867980,176519
1790926415,68502432,70300241920,212311002,0,,4,0,1029,19794,2476583,1654827212,40830648,40830734,22883705,176640
1790926417,68501216,70300188672,212450863,0,,0,0,1029,19794,2476280,1656015741,40858248,40858335,22900845,176771
1790926418,68501404,70299971584,212552603,0,,0,0,1030,19805,2476164,1657234633,40886932,40887001,22918432,176907
1790926419,68503344,70303014912,212705960,0,,5,0,1030,19805,2475906,1658289344,40912823,40912889,22934690,177033
1790926420,68501772,70301130752,212826832,0,,14,0,1030,19805,2476769,1659438620,40940747,40940830,22951737,177165
1790926421,68500960,70299516928,212953421,0,,0,0,1031,19829,2476743,1660611502,40967974,40968045,22967972,177290
1790926422,68500948,70300528640,213104522,0,,5,0,1032,19836,2477209,1661786055,40996055,40996121,22985023,177421
1790926423,68498216,70297260032,213248795,0,,0,0,1033,19848,2476453,1662888827,41023159,41023246,23002051,177552
1790926424,68498136,70297657344,213368046,0,,0,0,1034,19891,2476791,1664105559,41051891,41051975,23019593,177687
1790926425,68499076,70298365952,213519523,0,,2,0,1034,19891,2476366,1665262975,41078056,41078140,23036000,177814
1790926426,68496016,70295289856,213677915,0,,23,0,1034,19891,2476383,1666315862,41103117,41103194,23051589,177934
1790926427,68496808,70295310336,213816154,0,,4,0,1037,19892,2476914,1667487642,41130147,41130234,23067914,178060
1790926428,68496800,70295773184,213964471,0,,13,0,1039,19990,2476855,1668654777,41157186,41157270,23084740,178189
1790926429,68497304,70295764992,214106968,0,,9,0,1039,19990,2476993,1669816581,41184129,41184214,23101395,178318
1790926430,68496872,70294806528,214248509,0,,19,0,1039,19990,2477278,1670944451,41210890,41210925,23117784,178444
1790926431,68497244,70295994368,214364516,0,,0,0,1039,19990,2477537,1672202645,41239861,41239946,23135461,178580
1790926432,68499516,70298578944,214519547,0,,3,0,1041,20033,2478497,1673221742,41264238,41264307,23150022,178692
1790926434,68498788,70297612288,214653604,0,,2,0,1041,20033,2478299,1674367061,41291325,41291412,23166392,178817
1790926435,68498964,70297468928,214807228,0,,3,0,1041,20033,2478426,1675495150,41317343,41317430,23182786,178944
1790926436,68499100,70298136576,214925076,0,,24,0,1042,20047,2478308,1676671090,41345234,41345310,23199683,179075
1790926437,68500112,70299172864,215076590,0,,1,0,1043,20054,2478391,1677819164,41370806,41370891,23215303,179196
1790926438,68502532,70302105600,215201288,0,,2,0,1044,20054,2478525,1679030604,41399160,41399224,23232334,179327
1790926439,68500472,70299283456,215346041,0,,25,0,1044,20054,2479189,1680141938,41425278,41425353,23247888,179447
1790926440,68502016,70300164096,215461261,0,,1,0,1044,20054,2479295,1681332140,41452816,41452903,23264715,179576
1790926441,68500720,70299795456,215606684,0,,22,0,1044,20054,2479185,1682432887,41479126,41479208,23281133,179704
1790926442,68501696,70300782592,215736342,0,,0,0,1046,20111,2479579,1683559938,41505214,41505291,23297156,179827
1790926443,68498960,70297214976,215852173,0,,8,0,1047,20116,2479475,1684778992,41532289,41532373,23313801,179955
1790926444,68498876,70298202112,215991806,0,,46,0,1047,20116,2479977,1685936208,41558771,41558851,23329718,180077
1790926445,68500764,70299570176,216106744,0,,9,0,1047,20116,2480336,1687163736,41585875,41585937,23346125,180203
1790926446,68501092,70299807744,216275641,0,,27,0,1048,20118,2480494,1688215662,41610656,41610741,23361461,180321
1790926447,68500040,70298578944,216410003,0,,39,0,1050,20133,2480159,1689379499,41638654,41638736,23378684,180454
1790926448,68500344,70299144192,216538554,0,,3,0,1050,20133,2480247,1690474623,41664451,41664535,23394500,180576
1790926449,68498292,70297821184,216688662,0,,21,0,1051,20136,2480061,1691629807,41692487,41692508,23411639,180708
1790926451,68500644,70298927104,216792375,0,,2,0,1052,20154,2479678,1692954235,41722112,41722191,23429970,180850
1790926452,68501588,70300172288,216907179,0,,26,0,1052,20154,2479564,1694037975,41747468,41747546,23445725,180972
1790926453,68498644,70298456064,217042091,0,,32,0,1053,20191,2480047,1695166291,41774957,41775031,23462508,181101
1790926454,68500268,70298828800,217181136,0,,12,0,1054,20208,2480023,1696411218,41803990,41804074,23480089,181237
1790926455,68500084,70299410432,217316926,0,,27,0,1054,20208,2479432,1697599901,41831510,41831578,23497476,181370
1790926456,68501716,70301356032,217479435,0,,4,0,1055,20220,2479417,1698740259,41858412,41858477,23513834,181496
1790926457,68501696,70300274688,217637876,0,,0,0,1056,20223,2479055,1699871580,41885094,41885179,23530385,181624
1790926458,68502816,70301163520,217773157,0,,50,0,1058,20313,2478484,1701079587,41913390,41913445,23547951,181759
1790926459,68499676,70298955776,217915495,0,,0,0,1059,20315,2478972,1702150298,41938930,41939017,23563418,181878
1790926460,68500232,70299058176,218025933,0,,10,0,1061,20332,2478477,1703400309,41968011,41968094,23581630,182019
1790926461,68498220,70296715264,218183919,0,,37,0,1063,20354,2478496,1704490905,41992956,41993037,23597072,182138
1790926462,68499480,70297997312,218307163,0,,7,0,1064,20362,2478472,1705790901,42022937,42023016,23615148,182277
1790926463,68500500,70299291648,218473075,0,,2,0,1064,20362,2478454,1706899090,42048527,42048606,23631163,182400
1790926464,68497616,70297161728,218623739,0,,38,0,1064,20362,2478285,1707946670,42073766,42073839,23646901,182521
1790926465,68496548,70295773184,218751924,0,,8,0,1064,20362,2478326,1709149005,42100801,42100866,23663533,182649
1790926466,68495544,70294462464,218886915,0,,10,0,1064,20362,2478174,1710315541,42128833,42128915,23680965,182784
1790926468,68498272,70297272320,219040501,0,,3,0,1064,20362,2478087,1711488809,42156432,42156517,23697871,182913
1790926469,68497944,70296686592,219197923,0,,2,0,1064,20362,2478763,1712542659,42181705,42181792,23712819,183028
1790926470,68498116,70297399296,219341592,0,,1,0,1064,20362,2478467,1713726823,42209376,42209446,23730110,183161
1790926471,68497812,70296580096,219483064,0,,4,0,1065,20365,2478453,1714877502,42235779,42235847,23746499,183287
1790926472,68497356,70296354816,219647813,0,,12,0,1065,20365,2478255,1715898578,42260760,42260840,23762092,183407
1790926473,68497496,70296989696,219781739,0,,9,0,1067,20410,2477833,1717141325,42288272,42288325,23779139,183538
1790926474,68498580,70297640960,219913681,0,,36,0,1069,20413,2477855,1718419669,42317993,42318068,23797085,183676
1790926475,68499548,70298062848,220026059,0,,0,0,1069,20413,2478206,1719707836,42347654,42347709,23814884,183813
1790926476,68498952,70297710592,220163087,0,,17,0,1069,20413,2478711,1720899593,42374921,42375002,23831408,183940
1790926477,68498180,70296416256,220287259,0,,22,0,1069,20413,2478644,1722086011,42403285,42403369,23848703,184074
1790926478,68499020,70297812992,220434981,0,,1,0,1071,20416,2477957,1723148221,42429235,42429322,23864978,184199
1790926479,68498312,70297575424,220594060,0,,22,0,1072,20465,2478174,1724296742,42455431,42455513,23881243,184325
1790926480,68498320,70296809472,220746996,0,,6,0,1074,20477,2478005,1725434417,42481360,42481447,23897187,184447
1790926481,68497424,70295642112,220893783,0,,11,0,1074,20477,2478162,1726515439,42507528,42507612,23913203,184570
1790926482,68496952,70295937024,221060592,0,,24,0,1074,20477,2477778,1727630538,42534232,42534314,23929655,184697
1790926483,68497132,70295601152,221192184,0,,16,0,1074,20477,2477709,1728818923,42560537,42560582,23945842,184822
1790926485,68496836,70295539712,221355673,0,,12,0,1076,20489,2477125,1729908245,42586711,42586779,23962482,184951
1790926486,68497048,70295764992,221488362,0,,29,0,1076,20489,2477156,1731069734,42614558,42614639,23979520,185082
1790926487,68497604,70296670208,221637816,0,,0,0,1076,20489,2477327,1732212489,42641678,42641740,23995768,185207
1790926488,68497556,70296543232,221782786,0,,2,0,1076,20489,2477734,1733407142,42669106,42669176,24012672,185337
1790926489,68498084,70297071616,221914002,0,,10,0,1077,20592,2478085,1734556214,42697267,42697341,24029832,185469
1790926490,68496152,70295392256,222035311,0,,25,0,1077,20592,2477914,1735725364,42725292,42725368,24046740,185599
1790926491,68497696,70297202688,222181901,0,,32,0,1077,20592,2477715,1736805820,42750266,42750343,24062217,185718
1790926492,68496844,70295822336,222330585,0,,4,0,1079,20667,2478207,1737981566,42778101,42778186,24079521,185852
1790926493,68496208,70294384640,222446519,0,,0,0,1079,20667,2478549,1739189272,42806192,42806277,24096152,185980
1790926494,68497880,70297124864,222602732,0,,13,0,1079,20667,2478596,1740308460,42833145,42833221,24112782,186108
1790926495,68499688,70298710016,222760210,0,,4,0,1079,20667,2478997,1741405870,42858617,42858676,24128233,186227
1790926496,68500284,70298927104,222870678,0,,3,0,1079,20667,2479144,1742581291,42885989,42886074,24145132,186357
1790926497,68500360,70299164672,223026901,0,,0,0,1080,20669,2478895,1743719166,42912724,42912807,24161693,186484
1790926498,68500820,70299357184,223192649,0,,20,0,1082,20695,2478599,1744794769,42938478,42938564,24177535,186606
1790926499,68500404,70300000256,223304311,0,,16,0,1082,20695,2479406,1746065946,42967987,42968069,24195319,186744
1790926500,68500312,70300168192,223475559,0,,7,0,1082,20695,2479874,1747134285,42992830,42992898,24210582,186861
1790926502,68500096,70298619904,223612962,0,,6,0,1082,20695,2480164,1748254402,43018809,43018869,24226457,186983
1790926503,68500744,70299795456,223751346,0,,16,0,1083,20702,2480542,1749348646,43045189,43045273,24242407,187106
1790926504,68500464,70298738688,223905623,0,,5,0,1083,20702,2480779,1750509251,43071903,43071985,24258299,187228
1790926505,68501292,70300073984,224026846,0,,10,0,1084,20708,2480504,1751732995,43099508,43099588,24275457,187360
1790926506,68500004,70298533888,224163885,0,,3,0,1085,20710,2480255,1752921741,43126646,43126708,24292230,187489
1790926507,68499204,70298218496,224301321,0,,0,0,1086,20850,2480657,1754107007,43154637,43154724,24309146,187620
1790926508,68500520,70299316224,224450243,0,,7,0,1087,20850,2481083,1755225622,43181094,43181118,24325331,187745
1790926509,68498900,70297919488,224628932,0,,20,0,1088,20851,2481393,1756256900,43206446,43206530,24340736,187863
1790926510,68499180,70297923584,224771472,0,,4,0,1088,20851,2481501,1757448648,43234045,43234131,24357509,187992
1790926511,68500152,70298931200,224900682,0,,19,0,1088,20851,2481535,1758594881,43261042,43261111,24374147,188120
1790926512,68497256,70296244224,225032079,0,,14,0,1089,20963,2481233,1759790359,43289269,43289346,24391453,188254
1790926513,68498104,70297387008,225162193,0,,16,0,1092,21151,2481245,1760901873,43315140,43315225,24407207,188375
1790926514,68497020,70296051712,225317229,0,,2,0,1094,21260,2480993,1762043176,43342416,43342492,24423847,188503
1790926515,68497664,70296399872,225464397,0,,13,0,1095,21260,2481338,1763174431,43367529,43367595,24439054,188621
1790926516,68499500,70298492928,225595615,0,,0,0,1095,21260,2481335,1764330642,43394413,43394475,24455679,188749
1790926517,68498744,70297513984,225732651,0,,2,0,1097,21302,2481507,1765455144,43420341,43420418,24471686,188873
1790926519,68498248,70297296896,225878983,0,,25,0,1097,21302,2481465,1766566887,43446958,43447031,24488099,189001
1790926520,68496972,70296350720,226010422,0,,14,0,1098,21322,2481398,1767722597,43474252,43474333,24504985,189130
1790926521,68498152,70296399872,226151221,0,,30,0,1100,21389,2481992,1768929078,43501757,43501826,24521249,189255
1790926522,68497208,70295171072,226284550,0,,4,0,1103,21407,2481786,1770142331,43529034,43529062,24538260,189386
1790926523,68498312,70297468928,226450095,0,,32,0,1104,21407,2481515,1771242317,43555159,43555240,24554346,189511
1790926524,68498992,70297772032,226593786,0,,9,0,1104,21407,2481233,1772505808,43583619,43583663,24571827,189646
1790926525,68498392,70296899584,226734327,0,,2,0,1106,21412,2481483,1773695682,43611203,43611289,24588720,189776
1790926526,68497936,70296678400,226861491,0,,12,0,1106,21412,2481659,1774950929,43640631,43640662,24606533,189913
1790926527,68498672,70297448448,227018128,0,,34,0,1107,21416,2482064,1776092735,43667968,43667999,24622775,190038
1790926528,68497716,70296203264,227167355,0,,12,0,1107,21416,2481577,1777229231,43694829,43694915,24639547,190168
1790926529,68498576,70297890816,227320607,0,,11,0,1108,21452,2481711,1778344386,43721573,43721647,24656082,190296
1790926530,68498772,70297677824,227484823,0,,3,0,1110,21482,2482012,1779440066,43747549,43747622,24671792,190417
1790926531,68500084,70298628096,227623488,0,,18,0,1111,21501,2482377,1780528839,43774031,43774112,24688026,190543
1790926532,68499600,70298382336,227756580,0,,15,0,1111,21501,2482759,1781665107,43801425,43801495,24704853,190673
1790926533,68501200,70299758592,227886968,0,,16,0,1111,21501,2483472,1782930245,43830142,43830157,24721880,190804
1790926535,68500736,70299553792,228015935,0,,3,0,1112,21524,2483582,1783975448,43854959,43855040,24737311,190923
1790926536,68498936,70297440256,228154226,0,,0,0,1112,21524,2483923,1785132268,43882125,43882211,24753753,191049
1790926537,68500224,70299545600,228299585,0,,1,0,1115,21569,2483936,1786258099,43909519,43909581,24770636,191180
1790926538,68501052,70299844608,228427744,0,,31,0,1115,21740,2484401,1787427655,43936265,43936349,24787024,191307
1790926539,68498760,70297014272,228567555,0,,3,0,1116,21760,2485126,1788616392,43963599,43963685,24803140,191431
1790926540,68499444,70297960448,228699802,0,,3,0,1116,21760,2485625,1789760025,43990496,43990573,24819263,191556
1790926541,68500492,70299709440,228850395,0,,4,0,1116,21760,2485562,1790877853,44016799,44016874,24835787,191684
1790926542,68499232,70297989120,228997532,0,,35,0,1116,21760,2485074,1791924893,44041947,44042025,24851642,191807
1790926543,68499360,70298832896,229150430,0,,12,0,1117,21760,2485134,1793039798,44068095,44068171,24867397,191929
1790926544,68500472,70299766784,229306049,0,,2,0,1119,21786,2484787,1794241762,44097946,44098015,24885731,192070
1790926545,68499236,70297468928,229460508,0,,1,0,1119,21786,2484354,1795325998,44124142,44124229,24901856,192194
1790926546,68499916,70298701824,229614218,0,,30,0,1120,21921,2484805,1796486763,44151409,44151488,24918343,192321
1790926547,68500528,70300348416,229771221,0,,12,0,1120,21921,2484588,1797548538,44176457,44176529,24933997,192443
1790926548,68499324,70298583040,229925479,0,,4,0,1122,21940,2484107,1798713859,44203271,44203358,24950749,192572
1790926549,68499056,70297546752,230047587,0,,10,0,1123,21940,2484004,1799912058,44230955,44230988,24967650,192703
1790926551,68500348,70300184576,230181514,0,,0,0,1124,21949,2485001,1801089994,44258194,44258266,24984027,192829
1790926552,68498924,70297677824,230301859,0,,2,0,1124,21949,2485078,1802310401,44287136,44287183,25001705,192965
1790926553,68499100,70297858048,230464131,0,,6,0,1124,21949,2484681,1803318402,44312174,44312246,25017439,193087
1790926554,68499528,70298787840,230636229,0,,25,0,1125,21956,2484273,1804394553,44337704,44337732,25033327,193210
1790926555,68497988,70297395200,230758709,0,,41,0,1126,21956,2483930,1805592358,44365974,44366053,25050748,193344
1790926556,68498772,70297509888,230892014,0,,5,0,1127,21980,2484280,1806753339,44392625,44392696,25067134,193471
1790926557,68499760,70298677248,231044753,0,,25,0,1128,21987,2484551,1807851647,44418288,44418358,25082791,193592
1790926558,68500216,70298943488,231209047,0,,32,0,1128,21987,2484416,1808893205,44443358,44443437,25097972,193710
1790926559,68498644,70298136576,231369733,0,,23,0,1128,21987,2484683,1809978510,44469734,44469798,25114214,193835
1790926560,68500356,70298857472,231514326,0,,1,0,1129,21988,2484875,1811155345,44497452,44497538,25131227,193966
1790926561,68496048,70294740992,231645629,0,,0,0,1130,21991,2484515,1812347144,44524652,44524735,25148018,194096
1790926562,68496912,70295859200,231787622,0,,3,0,1130,21991,2484945,1813482245,44550962,44551031,25163878,194218
1790926563,68498336,70297571328,231923551,0,,27,0,1131,21993,2485075,1814530311,44575379,44575429,25178680,194332
1790926564,68498148,70296592384,232065216,0,,7,0,1132,22059,2485088,1815717328,44602207,44602294,25195119,194460
1790926565,68499540,70298071040,232236589,0,,0,0,1132,22059,2484710,1816807459,44627857,44627944,25210821,194580
1790926566,68501660,70300188672,232375202,0,,11,0,1134,22071,2484480,1818045519,44657485,44657565,25229034,194721
1790926568,68500716,70299516928,232503978,0,,3,0,1134,22071,2485085,1819187421,44684591,44684663,25245150,194845
1790926569,68502048,70300606464,232624546,0,,2,0,1135,22075,2485174,1820435107,44713234,44713302,25262956,194982
1790926570,68502492,70301048832,232761979,0,,52,0,1135,22075,2485487,1821562892,44738913,44738991,25278551,195102
1790926571,68500840,70299021312,232922463,0,,6,0,1137,22106,2485658,1822647361,44764356,44764443,25294166,195222
1790926572,68498928,70297661440,233058098,0,,25,0,1138,22115,2485549,1823830722,44792467,44792543,25311340,195354
1790926573,68498796,70298087424,233212166,0,,4,0,1138,22115,2485400,1824973220,44819382,44819446,25327774,195480
1790926574,68499316,70298345472,233321360,0,,39,0,1139,22115,2486002,1826170442,44847379,44847434,25344814,195612
1790926575,68499548,70297751552,233470487,0,,41,0,1139,22115,2486382,1827379240,44875056,44875115,25361642,195742
1790926576,68498848,70297292800,233611339,0,,5,0,1139,22115,2486632,1828526130,44901571,44901634,25377647,195865
1790926577,68500092,70298861568,233773152,0,,2,0,1140,22116,2487122,1829643002,44928199,44928286,25394034,195991
1790926578,68499836,70299078656,233932492,0,,3,0,1140,22116,2487639,1830722636,44953410,44953424,25409107,196107
1790926579,68498100,70296268800,234109841,0,,5,0,1140,22116,2487315,1831798664,44979108,44979183,25424891,196228
1790926580,68498556,70297526272,234270005,0,,4,0,1143,22187,2487299,1832915869,45005376,45005447,25440836,196351
1790926581,68497292,70295461888,234379114,0,,7,0,1143,22187,2487698,1834066806,45031860,45031945,25456975,196475
1790926582,68498296,70296977408,234531352,0,,7,0,1144,22202,2487445,1835208681,45058732,45058818,25473363,196601
1790926583,68497600,70296559616,234663413,0,,26,0,1145,22202,2487155,1836334230,45085886,45085967,25490022,196730
1790926585,68498464,70297157632,234786155,0,,24,0,1148,22240,2486992,1837563388,45114043,45114125,25507397,196863
1790926586,68498696,70297673728,234930447,0,,9,0,1152,22376,2486477,1838798442,45142309,45142394,25525112,197001
1790926587,68497468,70296395776,235091011,0,,35,0,1152,22376,2486435,1839987402,45169876,45169948,25542257,197133
1790926588,68498028,70297001984,235218261,0,,15,0,1152,22376,2486580,1841095821,45195611,45195688,25558263,197256
1790926589,68496876,70295031808,235365047,0,,9,0,1152,22376,2486619,1842331530,45224010,45224087,25575561,197390
1790926590,68497432,70295842816,235516520,0,,0,0,1154,22472,2486842,1843478344,45250531,45250607,25591824,197515
1790926591,68498960,70297673728,235671715,0,,4,0,1154,22472,2487242,1844598299,45277275,45277356,25608178,197641
1790926592,68498316,70297014272,235815030,0,,15,0,1155,22477,2487546,1845782532,45304551,45304630,25625047,197772
1790926593,68497832,70296260608,235974369,0,,5,0,1155,22477,2487021,1846863082,45331293,45331366,25641757,197901
1790926594,68497776,70296203264,236094972,0,,3,0,1155,22477,2486738,1848058777,45358577,45358663,25658514,198030
1790926595,68499636,70298365952,236226492,0,,26,0,1156,22509,2487061,1849234056,45386019,45386101,25675308,198159
1790926596,68501168,70299676672,236367566,0,,7,0,1157,22509,2486994,1850415814,45413654,45413740,25692208,198289
1790926597,68499768,70297976832,236539994,0,,0,0,1159,22537,2487475,1851553493,45440585,45440638,25708316,198413
1790926598,68500200,70298976256,236660086,0,,14,0,1159,22537,2487775,1852811558,45469315,45469397,25725958,198550
1790926599,68501040,70299611136,236820105,0,,13,0,1159,22537,2487573,1853854773,45494431,45494494,25741479,198669
1790926600,68498852,70297370624,236966239,0,,22,0,1160,22537,2487547,1854921655,45519235,45519304,25756572,198785
1790926602,68499972,70299795456,237110769,0,,5,0,1160,22537,2487218,1856138363,45547013,45547085,25773742,198917
1790926603,68499132,70298157056,237251250,0,,7,0,1162,22561,2486698,1857256191,45574570,45574635,25790495,199046
1790926604,68497436,70295912448,237372718,0,,12,0,1162,22561,2486367,1858445797,45603192,45603269,25808046,199182
1790926605,68497484,70295977984,237511606,0,,11,0,1162,22561,2486456,1859632857,45630370,45630433,25824456,199309
1790926606,68497352,70297137152,237651864,0,,39,0,1162,22561,2486464,1860785016,45655876,45655954,25840173,199430
1790926607,68498628,70297944064,237798441,0,,31,0,1163,22569,2486153,1862002640,45684537,45684617,25857732,199565
1790926608,68498824,70298112000,237943344,0,,19,0,1163,22569,2486248,1863114426,45710647,45710719,25873477,199687
1790926609,68495988,70295203840,238067703,0,,3,0,1164,22703,2486056,1864197514,45736861,45736946,25889331,199809
1790926610,68495448,70294417408,238231056,0,,27,0,1164,22703,2485748,1865234046,45762756,45762833,25905429,199933
1790926611,68495376,70293569536,238362871,0,,0,0,1164,22703,2485572,1866461332,45790506,45790593,25922497,200064
1790926612,68496064,70294765568,238492754,0,,28,0,1166,22704,2485829,1867556767,45816954,45817001,25938894,200190
1790926613,68497204,70296199168,238630444,0,,10,0,1166,22704,2485309,1868753759,45845139,45845210,25956309,200324
1790926614,68498264,70297542656,238770084,0,,0,0,1169,22789,2485438,1869917005,45872209,45872295,25972547,200449
1790926615,68499912,70299013120,238900371,0,,51,0,1170,22800,2485472,1871056295,45898005,45898085,25988541,200572
1790926616,68501580,70301491200,239011813,0,,0,0,1170,22800,2485449,1872268919,45926665,45926750,26006119,200708
1790926617,68501308,70300184576,239175411,0,,19,0,1171,22803,2485328,1873379307,45953091,45953170,26021960,200830
1790926618,68498596,70297837568,239285156,0,,5,0,1175,22839,2485371,1874687913,45983518,45983599,26040562,200973
1790926620,68498068,70296596480,239409505,0,,11,0,1175,22911,2485283,1875956536,46012909,46012993,26058522,201112
1790926621,68498992,70297866240,239571818,0,,5,0,1175,22911,2484957,1877072579,46039398,46039464,26074893,201239
1790926622,68499984,70299357184,239731031,0,,3,0,1175,22911,2484696,1878207885,46065967,46066049,26091010,201363
1790926623,68500324,70298402816,239879207,0,,7,0,1176,22998,2484258,1879257776,46091015,46091092,26106748,201485
1790926624,68498512,70297530368,240026901,0,,14,0,1176,22998,2484231,1880498842,46119070,46119121,26123792,201617
1790926625,68497412,70296182784,240165870,0,,2,0,1176,22998,2484666,1881645626,46145662,46145744,26139911,201741
1790926626,68498308,70297890816,240312055,0,,19,0,1177,23001,2484814,1882753478,46173418,46173435,26157071,201874
1790926627,68499200,70297755648,240442602,0,,1,0,1179,23008,2484724,1883971863,46200851,46200938,26173813,202003
1790926628,68499972,70299078656,240602414,0,,24,0,1181,23029,2484766,1885069855,46226011,46226029,26189305,202124
1790926629,68497852,70296612864,240742142,0,,11,0,1181,23029,2484568,1886247219,46253093,46253175,26206457,202256
1790926630,68498548,70297042944,240883091,0,,20,0,1181,23029,2484858,1887350183,46279088,46279172,26222477,202380
1790926631,68498192,70297001984,241014254,0,,2,0,1182,23062,2484986,1888575862,46306824,46306909,26239134,202508
1790926632,68499732,70298558464,241142373,0,,16,0,1182,23062,2485024,1889732230,46332917,46332991,26255113,202632
1790926633,68499052,70298173440,241259138,0,,19,0,1183,23062,2484871,1890977646,46362242,46362319,26273440,202772
1790926634,68498748,70298099712,241408461,0,,3,0,1185,23062,2484851,1892194498,46390045,46390111,26290504,202904
1790926635,68500688,70299545600,241532240,0,,4,0,1186,23070,2485427,1893345359,46417149,46417236,26306625,203029
1790926637,68500456,70298910720,241646121,0,,2,0,1186,23070,2485945,1894575205,46445391,46445462,26323523,203159
1790926638,68500200,70298521600,241782603,0,,1,0,1188,23082,2485703,1895737190,46472958,46473041,26340312,203288
1790926639,68501132,70300000256,241931498,0,,10,0,1189,23088,2486095,1896827253,46498835,46498906,26355927,203408
1790926640,68500700,70300086272,242089234,0,,9,0,1189,23088,2486270,1897931698,46524505,46524575,26371632,203529
1790926641,68491252,70289842176,242205875,0,,18,0,1191,23115,2486429,1898996980,46549443,46549519,26387247,203650
1790926642,68447196,70246002688,242303028,0,,32,0,1192,23116,2486504,1900260909,46579665,46579745,26405712,203791
1790926643,68427100,70224617472,242396629,0,,26,0,1192,23116,2486734,1901554687,46609930,46609906,26424480,203936
1790926644,68398152,70194417664,242414776,0,,13,0,1192,23116,2488570,1903163809,46647775,46647858,26450435,204136
1790926645,68367408,70163431424,242414776,0,,10,0,1192,23116,2490737,1904777034,46685309,46685392,26478006,204354
1790926646,68352244,70148648960,242414776,0,,2,0,1192,23116,2491236,1906211085,46718138,46718225,26498447,204526
1790926647,68352096,70147182592,242414776,0,,0,0,1192,23116,2489855,1906337252,46720732,46720819,26498482,204529
1790926648,68353312,70147653632,242414776,0,,0,0,1192,23116,2469323,1906337407,46720732,46720819,26518626,204673
1790926649,68354520,70148886528,242414776,0,,0,0,1192,23116,2448148,1906337663,46720732,46720819,26538764,204811
1790926650,68355452,70149840896,242414776,0,,0,0,1192,23116,2426858,1906337791,46720732,46720819,26559220,204952
1790926651,68356620,70151147520,242414776,0,,0,0,1192,23116,2405457,1906337919,46720732,46720819,26580787,205102
1790926652,68357824,70152527872,242414776,0,,0,0,1192,23116,2383950,1906338047,46720732,46720819,26602140,205252
1790926653,68359024,70153498624,242414776,0,,0,0,1192,23116,2362692,1906338175,46720732,46720819,26623541,205404
1790926654,68359060,70154059776,242414776,0,,0,0,1192,23116,2341354,1906338303,46720732,46720819,26644803,205559
1790926655,68360176,70154936320,242414776,0,,0,0,1192,23116,2319951,1906338431,46720732,46720819,26665935,205716
1790926656,68360176,70155198464,242414776,0,,0,0,1192,23116,2299146,1906338559,46720732,46720819,26687200,205876
1790926657,68361312,70156361728,242414776,0,,0,0,1192,23116,2278538,1906338687,46720732,46720819,26707494,206029
1790926658,68362484,70157299712,242414776,0,,0,0,1192,23116,2258110,1906338815,46720732,46720819,26730017,206199
1790926659,68362536,70157099008,242414776,0,,0,0,1192,23116,2237774,1906338943,46720732,46720819,26753930,206379
1790926660,68362716,70157537280,242414776,0,,0,0,1192,23116,2217495,1906339071,46720732,46720819,26774208,206532
1790926661,68363884,70158737408,242414776,0,,0,0,1192,23116,2197212,1906339199,46720732,46720819,26795374,206692
1790926663,68363884,70158471168,242414776,0,,0,0,1192,23116,2176911,1906339327,46720732,46720819,26816309,206849
1790926664,68365040,70159654912,242414776,0,,0,0,1192,23116,2156647,1906339455,46720732,46720819,26837261,207007
1790926665,68365112,70159732736,242414776,0,,0,0,1192,23116,2136377,1906339583,46720732,46720819,26858154,207164
1790926666,68365112,70159732736,242414776,0,,0,0,1192,23116,2116195,1906339711,46720732,46720819,26879699,207325
1790926667,68365116,70159990784,242414776,0,,0,0,1192,23116,2096115,1906339839,46720732,46720819,26899273,207471
1790926668,68366288,70161457152,242414776,0,,0,0,1192,23116,2056039,1906339967,46720732,46720819,26921592,207639
1790926669,68367500,70162173952,242414776,0,,0,0,1192,23116,2035834,1906340095,46720732,46720819,26941743,207790
1790926670,68367676,70162878464,242414776,0,,0,0,1192,23116,2015844,1906340223,46720732,46720819,26961893,207940
1790926671,68367676,70162358272,242414776,0,,0,0,1192,23116,1995694,1906340351,46720732,46720819,26982043,208090
1790926672,68367832,70162776064,242414776,0,,0,0,1192,23116,1975672,1906340479,46720732,46720819,27002193,208240
1790926673,68367844,70162788352,242414776,0,,0,0,1192,23116,1955505,1906340607,46720732,46720819,27022344,208391
1790926674,68368032,70163046400,242414776,0,,0,0,1192,23116,1935533,1906340735,46720732,46720819,27042494,208541
1790926675,68368036,70162726912,242414776,0,,0,0,1192,23116,1915458,1906340863,46720732,46720819,27062644,208691
1790926676,68368840,70163550208,242414776,0,,0,0,1192,23116,1895361,1906340991,46720732,46720819,27082794,208841
1790926677,68368860,70163828736,242414776,0,,0,0,1192,23116,1875228,1906341119,46720732,46720819,27102944,208991
1790926678,68368860,70164090880,242414776,0,,0,0,1192,23116,1855158,1906341247,46720732,46720819,27123094,209141
1790926679,68365872,70161022976,242414776,0,,0,0,1192,23116,1835090,1906341503,46720732,46720819,27143244,209291
